{"cursor":"21645","size":15,"audio":[],"currentlang":"en","article":"\n\n\n\n'Oct-4' (octamer-binding transcription factor 4) also known as 'POU5F1' (POU\ndomain, class 5, transcription factor 1) is a protein that in humans is encoded\nby the POU5F1 gene. Oct-4 is a homeodomain\ntranscription factor of the POU family. This protein is critically involved in\nthe self-renewal of undifferentiated embryonic stem\ncells. [http://jura.wi.mit.edu/young_public/hESregulation/index.html Young\nLab- Core Transcriptional Regulatory Circuitry in Human Embryonic Stem Cells] at\nMIT As such, it is frequently used as a marker for undifferentiated cells.\nOct-4 expression must be closely regulated; too much or too little will cause\ndifferentiation of the cells.\n","linknr":1223,"url":"Oct-4","recorded":1362508954,"links":20,"instances":["biology","cell","transcription_factor","genetics"],"pdf":[],"categories":["Transcription factors"],"headings":["Expression and function","Orthologs","Structural Information","Implications in disease","In embryonic stem cells","In adult stem cells","See also","References","Further reading","External links"],"image":["//upload.wikimedia.org/wikipedia/commons/thumb/5/5d/PBB_GE_POU5F1_210265_x_at_tn.png/250px-PBB_GE_POU5F1_210265_x_at_tn.png","//upload.wikimedia.org/wikipedia/commons/thumb/b/bd/PBB_GE_POU5F1_208286_x_at_tn.png/250px-PBB_GE_POU5F1_208286_x_at_tn.png","//upload.wikimedia.org/wikipedia/commons/thumb/6/68/PBB_GE_POU5F1_210905_x_at_tn.png/250px-PBB_GE_POU5F1_210905_x_at_tn.png","//bits.wikimedia.org/static-1.21wmf10/skins/vector/images/search-ltr.png?303-4","//bits.wikimedia.org/images/wikimedia-button.png","//bits.wikimedia.org/static-1.21wmf10/skins/common/images/poweredby_mediawiki_88x31.png"],"tags":[["biomarker","cell"],["homology","biology#orthology"],["enhancer","genetics"],["nanog","transcription_factor"],["promoter","biology"]],"members":["homology","promoter","biomarker","nanog","enhancer"],"related":["Protein","Gene","Homeobox","POU_family","Stem_cell","MIT","Biomarker_(cell)","Sox2","Mus_musculus","Homo_sapiens","Rattus_norvegicus","Danio_rerio","Protein_domain","POU_domain","Homeodomain_fold","Inner_cell_mass","Embryonic_stem_cell","Induced_pluripotent_stem_cell","Sox2","Kruppel-like_factors","Myc","Rex1","Rex1","Rex1","Rex1","Rex1","Rex1","Adult_stem_cell","Enhancer_(genetics)","Histone","Nanog_(transcription_factor)","Pribnow_box","Promoter_(biology)","RNA_polymerase","Transcription_factors","Gene_regulatory_network","Bioinformatics","Induced_Pluripotent_Stem_Cell"]}