{"cursor":"2053","size":15,"audio":[],"currentlang":"en","article":"'The Trap' may refer to:\n","linknr":111,"url":"The_Trap_(disambiguation)","recorded":1363548346,"links":["/w/index.php?title=The_Trap&action=edit","/w/index.php?title=The_Trap&action=edit","//en.wikipedia.org/apple-touch-icon.png","//bits.wikimedia.org/favicon/wikipedia.ico","/w/opensearch_desc.php","//en.wikipedia.org/w/api.php?action=rsd","//creativecommons.org/licenses/by-sa/3.0/","/w/index.php?title=Special:RecentChanges&feed=atom","/wiki/The_Trap","//bits.wikimedia.org/en.wikipedia.org/load.php?debug=false&lang=en&modules=ext.gadget.DRN-wizard%2CReferenceTooltips%2Ccharinsert%2Cteahouse%7Cext.wikihiero%7Cmediawiki.legacy.commonPrint%2Cshared%7Cmw.PopUpMediaTransform%7Cskins.vector&only=styles&skin=vector&*","//bits.wikimedia.org/en.wikipedia.org/load.php?debug=false&lang=en&modules=site&only=styles&skin=vector&*","//bits.wikimedia.org/en.wikipedia.org/load.php?debug=false&lang=en&modules=startup&only=scripts&skin=vector&*","//bits.wikimedia.org/geoiplookup","//meta.wikimedia.org","/w/index.php?title=The_Trap_(disambiguation)&redirect=no","#mw-head","#p-search","#Film","#Television","#Other_uses","#See_also","/w/index.php?title=The_Trap&action=edit&section=1","/wiki/The_Trap_(1913_film)","/w/index.php?title=The_Trap_(1914_film)&action=edit&redlink=1","/wiki/Harry_von_Meter","/wiki/The_Trap_(1922_film)","/wiki/The_Trap_(1946_film)","/wiki/The_Trap_(1950_film)","/wiki/The_Trap_(1959_film)","/wiki/The_Trap_(1966_film)","/wiki/The_Trap_(1985_film)","/wiki/The_Trap_(2007_film)","/wiki/Jeanne_Tripplehorn","/w/index.php?title=The_Trap&action=edit&section=2","/wiki/The_Trap_(television_documentary_series)","/wiki/The_Trap_(Captain_Scarlet)","/wiki/The_Trap_(Code_Lyoko)","/w/index.php?title=The_Trap&action=edit&section=3","/wiki/The_Trap_(song)","/w/index.php?title=The_Trap_(short_story)&action=edit&redlink=1","/wiki/H._P._Lovecraft_bibliography#Collaborations.2C_revisions.2C_and_ghost_writing","/wiki/Christine_Harris_(author)#Short_fiction","/wiki/Dan_Billany","/wiki/Old_Trap,_North_Carolina","/wiki/Neutral_zone_trap","/w/index.php?title=The_Trap&action=edit&section=4","/wiki/Trap_(disambiguation)","/wiki/Trapped_(disambiguation)","/wiki/Trapper_(disambiguation)","/wiki/Trapping_(disambiguation)","/wiki/File:Disambig_gray.svg","//upload.wikimedia.org/wikipedia/en/thumb/5/5f/Disambig_gray.svg/30px-Disambig_gray.svg.png","/wiki/Help:Disambiguation","//en.wikipedia.org/w/index.php?title=Special:WhatLinksHere/The_Trap&namespace=0","http://en.wikipedia.org/w/index.php?title=The_Trap&oldid=541585018","/wiki/Help:Categories","/wiki/Category:Disambiguation_pages","/wiki/Category:All_article_disambiguation_pages","/wiki/Category:All_disambiguation_pages","/w/index.php?title=Special:UserLogin&returnto=The+Trap&type=signup","/w/index.php?title=Special:UserLogin&returnto=The+Trap","/wiki/The_Trap","/wiki/Talk:The_Trap","#","/wiki/The_Trap","/w/index.php?title=The_Trap&action=edit","/w/index.php?title=The_Trap&action=history","#","/w/index.php","//bits.wikimedia.org/static-1.21wmf11/skins/vector/images/search-ltr.png?303-4","/wiki/Main_Page","/wiki/Main_Page","/wiki/Portal:Contents","/wiki/Portal:Featured_content","/wiki/Portal:Current_events","/wiki/Special:Random","//donate.wikimedia.org/wiki/Special:FundraiserRedirector?utm_source=donate&utm_medium=sidebar&utm_campaign=C13_en.wikipedia.org&uselang=en","/wiki/Help:Contents","/wiki/Wikipedia:About","/wiki/Wikipedia:Community_portal","/wiki/Special:RecentChanges","/wiki/Wikipedia:Contact_us","/wiki/Special:WhatLinksHere/The_Trap","/wiki/Special:RecentChangesLinked/The_Trap","/wiki/Wikipedia:File_Upload_Wizard","/wiki/Special:SpecialPages","/w/index.php?title=The_Trap&oldid=541585018","/w/index.php?title=The_Trap&action=info","/w/index.php?title=Special:Cite&page=The_Trap&id=541585018","/w/index.php?title=Special:Book&bookcmd=book_creator&referer=The+Trap","/w/index.php?title=Special:Book&bookcmd=render_article&arttitle=The+Trap&oldid=541585018&writer=rl","/w/index.php?title=The_Trap&printable=yes","//fr.wikipedia.org/wiki/The_Trap","//it.wikipedia.org/wiki/The_Trap","//nl.wikipedia.org/wiki/The_Trap","//www.wikidata.org/wiki/Special:ItemByTitle/enwiki/The Trap","//en.wikipedia.org/wiki/Wikipedia:Text_of_Creative_Commons_Attribution-ShareAlike_3.0_Unported_License","//creativecommons.org/licenses/by-sa/3.0/","//wikimediafoundation.org/wiki/Terms_of_Use","//www.wikimediafoundation.org/","//en.wikipedia.org/wiki/Wikipedia:Contact_us","//wikimediafoundation.org/wiki/Privacy_policy","/wiki/Wikipedia:About","/wiki/Wikipedia:General_disclaimer","http://en.m.wikipedia.org/wiki/The_Trap","//wikimediafoundation.org/","//bits.wikimedia.org/images/wikimedia-button.png","//www.mediawiki.org/","//bits.wikimedia.org/static-1.21wmf11/skins/common/images/poweredby_mediawiki_88x31.png","//bits.wikimedia.org/en.wikipedia.org/load.php?debug=false&lang=en&modules=skins.vector&only=scripts&skin=vector&*","/w/index.php?title=MediaWiki:Gadget-ReferenceTooltips.js&action=raw&ctype=text/javascript&508635914","//bits.wikimedia.org/en.wikipedia.org/load.php?debug=false&lang=en&modules=site&only=scripts&skin=vector&*"],"instances":["disambiguation","disambiguation","short_story","disambiguation","disambiguation"],"pdf":[],"categories":[],"headings":["Film","Television","Other uses","See also"],"image":["//upload.wikimedia.org/wikipedia/en/thumb/5/5f/Disambig_gray.svg/30px-Disambig_gray.svg.png","//bits.wikimedia.org/static-1.21wmf11/skins/vector/images/search-ltr.png?303-4","//bits.wikimedia.org/images/wikimedia-button.png","//bits.wikimedia.org/static-1.21wmf11/skins/common/images/poweredby_mediawiki_88x31.png"],"tags":[["the_trap","1913_film"],["the_trap","1914_film"],["the_trap","1922_film"],["the_trap","1946_film"],["the_trap","1950_film"],["the_trap","1959_film"],["the_trap","1966_film"],["the_trap","1985_film"],["the_trap","2007_film"],["the_trap","television_documentary_series"],["the_trap","captain_scarlet"],["the_trap","code_lyoko"],["the_trap","song"],["the_trap","short_story"],["christine_harris","author#short_fiction"],["trap","disambiguation"],["trapped","disambiguation"],["trapper","disambiguation"],["trapping","disambiguation"]],"members":["trapped","trapper","the_trap","trap","trapping","christine_harris"],"related":["The_Trap_(1913_film)","The_Trap_(1914_film)","Harry_von_Meter","The_Trap_(1922_film)","The_Trap_(1946_film)","The_Trap_(1950_film)","The_Trap_(1959_film)","The_Trap_(1966_film)","The_Trap_(1985_film)","The_Trap_(2007_film)","Jeanne_Tripplehorn","The_Trap_(television_documentary_series)","The_Trap_(Captain_Scarlet)","The_Trap_(Code_Lyoko)","The_Trap_(song)","The_Trap_(short_story)","Dan_Billany","Old_Trap,_North_Carolina","Neutral_zone_trap","Trap_(disambiguation)","Trapped_(disambiguation)","Trapper_(disambiguation)","Trapping_(disambiguation)"]}