{"cursor":"46720","size":15,"audio":[],"currentlang":"en","article":"{{Taxobox |name = sugarcane |image = Saccharum officinarum - KÃ¶hlerâs Medizinal-Pflanzen-\n125.jpg |image2 = Cut sugarcane.jpg |image2_caption = Cut sugar cane |regnum =\nPlantae |division = Magnoliophyta |unranked_classis = Monocotyledons\n|unranked_ordo = Commelinids |ordo = Poales |familia = Poaceae |subfamilia =\nPanicoideae |tribus = Andropogoneae |genus = 'Saccharum' |genus_authority = L.\n|subdivision_ranks = Selected species |subdivision = [[Saccharum arundinaceum]]\n [[Saccharum barberi]] [[Saccharum bengalense]]  [[Saccharum edule]] \n[[Saccharum munja]]  [[Saccharum\nofficinarum]]  [[Saccharum procerum]]  [[Saccharum ravennae]]  [[Saccharum robustum]] \n[[Saccharum sinense]]  [[Saccharum spontaneum]] \n|}}\n\n'Sugarcane', or 'Sugar cane', is any of six to 37 species (depending on which\ntaxonomic system is used) of tall perennial true grasses of the genus\nSaccharum, tribe Andropogoneae, native to the warm temperate to tropical\nregions of South Asia.\n\nThey have stout jointed fibrous stalks that are rich in sugar, and measure two\nto six metres (6 to 19 feet) tall. All sugar cane species interbreed, and the\nmajor commercial cultivars are complex hybrids.\n\nSugarcane belongs to the grass family (Poaceae), an economically important\nseed plant family that includes maize, wheat, rice, and sorghum and many\nforage crops. The main product of sugarcane is sucrose, which accumulates in\nthe stalk internodes. Sucrose, extracted and purified in specialized mill\nfactories, is used as raw material in human food industries or is fermented to\nproduce ethanol. Ethanol is produced on a large scale by the Brazilian\nsugarcane industry.\n\nSugarcane is the world's largest crop. In 2010, FAO estimates\nit was cultivated on about 23.8 million hectares, in more than 90 countries,\nwith a worldwide harvest of 1.69 billion tons. Brazil was the largest producer\nof sugar cane in the world. The next five major producers, in decreasing amounts\nof production, were India, China, Thailand, Pakistan and Mexico.\n\nThe world demand for sugar is the primary driver of sugarcane agriculture. Cane\naccounts for 80% of sugar produced; most of the rest is made from sugar beets.\nSugarcane predominantly grows in the tropical and subtropical regions, and sugar\nbeet predominantly grows in colder temperate regions of the world. Other than\nsugar, products derived from sugarcane include falernum, molasses, rum,\n[[cachaÃ§a]] (a traditional spirit from Brazil), bagasse and ethanol. In some\nregions, people use sugarcane reeds to make pens, mats, screens, and thatch. The\nyoung unexpanded inflorescence of tebu telor is eaten raw, steamed or toasted,\nand prepared in various ways in certain island communities of\nIndonesia.\n\nIn India., between the sixth and fourth centuries BC, the Persians, followed by\nthe Greeks, discovered the famous \"reeds that produce honey without bees\". They\nadopted and then spread sugar and sugarcane agriculture. A few merchants began to trade in sugarâa luxury and an\nexpensive spice until the 18th century. Before the 18th century, cultivation of\nsugar cane was largely confined to India. Sugarcane plantations, like cotton\nfarms, were a major driver of large human migrations in the 19th and early 20th\ncentury, influencing the ethnic mix, political conflicts and cultural evolution\nof various Caribbean, South American, Indian Ocean and Pacific island\nnations.\n","linknr":873,"url":"Sugar_cane","recorded":1362500053,"links":148,"instances":["state","island","biology"],"pdf":["http://www.eastagri.org/publications/pub_docs/4_Sugar_web.pdf","http://www.eastagri.org/publications/pub_docs/4_Sugar_web.pdf","http://www.epa.gov/ttn/chief/ap42/ch09/final/c9s10-1a.pdf","http://www.epa.gov/ttn/chief/ap42/ch09/final/c9s10-1a.pdf","https://www.vrg.org/journal/vj2007issue4/vj2007issue4.pdf","https://www.vrg.org/journal/vj2007issue4/vj2007issue4.pdf","http://www.iea.org/techno/essentials2.pdf","http://www.iea.org/techno/essentials2.pdf","http://www.un.org/esa/sustdev/sdissues/energy/op/parliamentarian_forum/deepchand_bagasse.pdf","http://www.un.org/esa/sustdev/sdissues/energy/op/parliamentarian_forum/deepchand_bagasse.pdf","http://www.princeton.edu/pei/energy/publications/texts/International-Sugar-Journal.pdf","http://www.princeton.edu/pei/energy/publications/texts/International-Sugar-Journal.pdf"],"categories":["Saccharum|","Poaceae genera","Energy crops","Sugar","Ethanol fuel","Sweeteners"],"headings":["Description","History","Cultivation","Processing","Production","Cane ethanol","Bagasse applications","Sugarcane as food","See also","References","External links"],"image":["//upload.wikimedia.org/wikipedia/commons/thumb/7/74/Saccharum_officinarum_-_K%C3%B6hler%E2%80%93s_Medizinal-Pflanzen-125.jpg/220px-Saccharum_officinarum_-_K%C3%B6hler%E2%80%93s_Medizinal-Pflanzen-125.jpg","//upload.wikimedia.org/wikipedia/commons/thumb/2/29/Cut_sugarcane.jpg/220px-Cut_sugarcane.jpg","//upload.wikimedia.org/wikipedia/commons/thumb/3/3d/Spread_sugarcane.JPG/350px-Spread_sugarcane.JPG","//bits.wikimedia.org/static-1.21wmf10/skins/common/images/magnify-clip.png","//upload.wikimedia.org/wikipedia/commons/thumb/9/95/Cannes-sucre-Georgi.jpg/220px-Cannes-sucre-Georgi.jpg","//bits.wikimedia.org/static-1.21wmf10/skins/common/images/magnify-clip.png","//upload.wikimedia.org/wikipedia/commons/thumb/f/f8/Tropenmuseum_Royal_Tropical_Institute_Objectnumber_3581-33h_Ingekleurde_litho_voorstellende_de_oo.jpg/220px-Tropenmuseum_Royal_Tropical_Institute_Objectnumber_3581-33h_Ingekleurde_litho_voorstellende_de_oo.jpg","//bits.wikimedia.org/static-1.21wmf10/skins/common/images/magnify-clip.png","//upload.wikimedia.org/wikipedia/commons/thumb/e/e2/Old-fashioned_Indian_Sugar%3Dcane_Press.jpg/220px-Old-fashioned_Indian_Sugar%3Dcane_Press.jpg","//bits.wikimedia.org/static-1.21wmf10/skins/common/images/magnify-clip.png","//upload.wikimedia.org/wikipedia/commons/thumb/d/dd/Sugarcane_plantation_in_Mauritius.jpg/250px-Sugarcane_plantation_in_Mauritius.jpg","//bits.wikimedia.org/static-1.21wmf10/skins/common/images/magnify-clip.png","//upload.wikimedia.org/wikipedia/commons/thumb/3/31/Sugar_cane_flower.jpg/170px-Sugar_cane_flower.jpg","//bits.wikimedia.org/static-1.21wmf10/skins/common/images/magnify-clip.png","//upload.wikimedia.org/wikipedia/commons/thumb/2/24/Caminh%C3%A3o_Carregado.jpg/220px-Caminh%C3%A3o_Carregado.jpg","//bits.wikimedia.org/static-1.21wmf10/skins/common/images/magnify-clip.png","//upload.wikimedia.org/wikipedia/commons/thumb/2/29/Panorama_canaviais_interior_Sao_Paulo_2006_06.jpg/600px-Panorama_canaviais_interior_Sao_Paulo_2006_06.jpg","//upload.wikimedia.org/wikipedia/commons/6/6b/Magnify-clip.png","//upload.wikimedia.org/wikipedia/commons/thumb/3/33/Sa_brownsugar.jpg/150px-Sa_brownsugar.jpg","//upload.wikimedia.org/wikipedia/commons/thumb/5/56/Sugar_2xmacro.jpg/150px-Sugar_2xmacro.jpg","//upload.wikimedia.org/wikipedia/commons/thumb/d/d4/Sugarcane_drink.JPG/195px-Sugarcane_drink.JPG","//bits.wikimedia.org/static-1.21wmf10/skins/common/images/magnify-clip.png","//upload.wikimedia.org/wikipedia/commons/thumb/4/42/Cane-truck-1.JPG/200px-Cane-truck-1.JPG","//bits.wikimedia.org/static-1.21wmf10/skins/common/images/magnify-clip.png","//upload.wikimedia.org/wikipedia/commons/thumb/7/7f/UsinaSantaElisa.jpg/200px-UsinaSantaElisa.jpg","//bits.wikimedia.org/static-1.21wmf10/skins/common/images/magnify-clip.png","//upload.wikimedia.org/wikipedia/commons/thumb/8/8b/Cane_syrup_evaporator_1330.jpg/200px-Cane_syrup_evaporator_1330.jpg","//bits.wikimedia.org/static-1.21wmf10/skins/common/images/magnify-clip.png","//bits.wikimedia.org/static-1.21wmf10/skins/common/images/magnify-clip.png","//upload.wikimedia.org/wikipedia/commons/thumb/0/0e/SugarcaneYield.png/600px-SugarcaneYield.png","//bits.wikimedia.org/static-1.21wmf10/skins/common/images/magnify-clip.png","//upload.wikimedia.org/wikipedia/en/thumb/0/05/Flag_of_Brazil.svg/22px-Flag_of_Brazil.svg.png","//upload.wikimedia.org/wikipedia/en/thumb/4/41/Flag_of_India.svg/22px-Flag_of_India.svg.png","//upload.wikimedia.org/wikipedia/commons/thumb/f/fa/Flag_of_the_People%27s_Republic_of_China.svg/22px-Flag_of_the_People%27s_Republic_of_China.svg.png","//upload.wikimedia.org/wikipedia/commons/thumb/a/a9/Flag_of_Thailand.svg/22px-Flag_of_Thailand.svg.png","//upload.wikimedia.org/wikipedia/commons/thumb/3/32/Flag_of_Pakistan.svg/22px-Flag_of_Pakistan.svg.png","//upload.wikimedia.org/wikipedia/commons/thumb/f/fc/Flag_of_Mexico.svg/22px-Flag_of_Mexico.svg.png","//upload.wikimedia.org/wikipedia/commons/thumb/2/21/Flag_of_Colombia.svg/22px-Flag_of_Colombia.svg.png","//upload.wikimedia.org/wikipedia/commons/thumb/9/99/Flag_of_the_Philippines.svg/22px-Flag_of_the_Philippines.svg.png","//upload.wikimedia.org/wikipedia/en/thumb/b/b9/Flag_of_Australia.svg/22px-Flag_of_Australia.svg.png","//upload.wikimedia.org/wikipedia/commons/thumb/1/1a/Flag_of_Argentina.svg/22px-Flag_of_Argentina.svg.png","//upload.wikimedia.org/wikipedia/commons/thumb/c/cb/Sao_Paulo_ethanol_pump_04_2008_74_zoom.jpg/220px-Sao_Paulo_ethanol_pump_04_2008_74_zoom.jpg","//bits.wikimedia.org/static-1.21wmf10/skins/common/images/magnify-clip.png","//upload.wikimedia.org/wikipedia/commons/thumb/9/92/Cocktail_Caipirinha_raw.jpg/220px-Cocktail_Caipirinha_raw.jpg","//bits.wikimedia.org/static-1.21wmf10/skins/common/images/magnify-clip.png","//upload.wikimedia.org/wikipedia/commons/thumb/6/63/Sugarcanejuice.jpg/200px-Sugarcanejuice.jpg","//upload.wikimedia.org/wikipedia/commons/thumb/4/49/Sugarcane_juice_vendors%2C_Dhaka.jpg/220px-Sugarcane_juice_vendors%2C_Dhaka.jpg","//bits.wikimedia.org/static-1.21wmf10/skins/common/images/magnify-clip.png","//upload.wikimedia.org/wikipedia/en/thumb/4/4a/Commons-logo.svg/30px-Commons-logo.svg.png","//upload.wikimedia.org/wikipedia/commons/thumb/f/f8/Wiktionary-logo-en.svg/37px-Wiktionary-logo-en.svg.png","//upload.wikimedia.org/wikipedia/commons/thumb/e/ed/Sugarcane_field.jpg/120px-Sugarcane_field.jpg","//bits.wikimedia.org/static-1.21wmf10/skins/vector/images/search-ltr.png?303-4","//bits.wikimedia.org/images/wikimedia-button.png","//bits.wikimedia.org/static-1.21wmf10/skins/common/images/poweredby_mediawiki_88x31.png"],"tags":[["hybrid","biology"],["saint_vincent","island"],["são_paulo","state"]],"members":["são_paulo","saint_vincent","hybrid"],"related":["Plantae","Magnoliophyta","Monocotyledon","Commelinids","Poales","Poaceae","Panicoideae","Andropogoneae","Carolus_Linnaeus","Taxonomic","Perennial_plant","Poaceae","Andropogoneae","South_Asia","Sugar","Cane","Cultivar","Hybrid_(biology)","Sorghum","Forage","Sucrose","Ethanol","FAO","Sugar_beet","Falernum","Molasses","Rum","Bagasse","Ethanol","Cotton","Cash_crop","South_Asia","Southeast_Asia","India","New_Guinea","Indus_Valley_Civilization","Pakistan","India","Arab","South_Asia","Abbasid_Caliphate","Mediterranean","Mesopotamia","Egypt","North_Africa","Andalusia","Mesopotamia","Cambridge_University_Press","Canary_Islands","Portugal","Madeira_Island","Boiling_house","Sugar","Hogshead","Caribbean","Christopher_Columbus","Americas","Hispaniola","Haiti","Dominican_Republic","Triangle_trade","Slavery","France","A_few_acres_of_snow","Guadeloupe","Martinique","Saint_Lucia","Seven_Years'_War","Netherlands","Suriname","South_America","New_Netherlands","Cuba","Soviet_Union","Guyana","Belize","Barbados","Haiti","Dominican_Republic","Guadeloupe","Jamaica","Cotton","South_Asia","Fiji","Colony_of_Natal","Burma","Ceylon","Malaysia","British_Guiana","Jamaica","Trinidad","Martinique","French_Guiana","Guadeloupe","Grenada","St._Lucia","Saint_Vincent_(island)","St._Kitts","St._Croix","Suriname","Nevis","Mauritius","India","Pacific_Islands","Okinawa","Hawaii","Fiji","Tropical","Temperate","Photosynthetic_efficiency","Photosynthesis","Plant_kingdom","C4_carbon_fixation","Mauritius","Dominican_Republic","Puerto_Rico","India","Indonesia","Pakistan","Peru","Brazil","Bolivia","Colombia","Australia","Ecuador","Cuba","Philippines","El_Salvador","Hawaii","KwaZulu-Natal","Colombia","Ecuador","Peru","Mollisol","Vertisol","Oxisol","Histosol","Andisol","Egypt","Billet_planting","Ratoon","La_Réunion","São_Paulo_(state)","Brazil","Cane_knife","Machete","Combine_harvester","Sugarcane_harvester","Deere_&_Company","Cane_beetle","Imidacloprid","Chlorpyrifos","Larva","Lepidoptera","Turnip_moth","Sugarcane_borer","Termite","Spittlebug","Beetle","Virus","Sugarcane_smut","Xanthomonas_Axonopodis","Gumming_Disease","Red_rot","Virus","Sugarcane_mosaic_virus","Maize_streak_virus","Sugarcane_yellow_leaf_virus","Nitrogen_fixation","Legume","Root_nodule","Bagasse","Corn_syrup","Sugar_refinery","Phosphoric_acid","Calcium_hydroxide","Calcium_phosphate","Carbonatation","Carbon_dioxide","Calcium_carbonate","Activated_carbon","Bone_char","White_refined_sugar","Brown_sugar","Granulated_sugar","North_Carolina","Maple_syrup","Ton","Peru","Florida","Hawaii","Louisiana","Texas","Ethanol","Gasohol","Fuel","India","Jaggery","Biofuel","Joule","Mauritius","Africa","Biogas","Enzyme","Biofuel","Energy","Dhaka","Bangladesh","Indonesian_cuisine","Sugarcane_juice","Syrup","High_fructose_corn_syrup","Molasses","Sugar_substitute","Jaggery","Falernum","Distilled","Alcoholic_beverage","Rum","Fructose","Rock_candy","Sugar_plantations_in_the_Caribbean","Sugar_plantations_in_Hawaii","World_Wide_Fund_for_Nature","National_Informatics_Centre"]}