{"cursor":"16970","size":15,"audio":[],"currentlang":"en","article":"\n.]]\n\n'Mint-made errors' are errors in a coin made by the mint during the minting\nprocess. Mint error coins can be the result of deterioration of the minting\nequipment, accidents or malfunctions during the minting process, or intentional\ninterventions by mint personnel. Herbert, Alan. Official Price Guide to Mint\nErrors. New York: House of Collectibles, 2007. 7th ed. p. 2. Print.\nAccidental error coins are perhaps the most numerous and in modern minting are\nusually very rare, making them valuable to numismatists. Intentional\nintervention by mint personnel does not necessarily include a deliberate attempt\nto create an error, but usually involves an action intended to improve quality\nthat miscarries and creates error coins instead. Errors can occur during three\ndifferent stages of the coining process: the preparing of the planchets, the\npreparing of the dies, and the striking of the coin. Authentic error coins must\nnot be confused with coins that have incurred damage after being minted, known\nas 'post mint damage' (PMD) or 'post strike damage' (PSD).\n","linknr":234,"url":"Error_coin","recorded":1363414189,"links":["/w/index.php?title=Mint-made_errors&action=edit","/w/index.php?title=Mint-made_errors&action=edit","//en.wikipedia.org/apple-touch-icon.png","//bits.wikimedia.org/favicon/wikipedia.ico","/w/opensearch_desc.php","//en.wikipedia.org/w/api.php?action=rsd","//creativecommons.org/licenses/by-sa/3.0/","/w/index.php?title=Special:RecentChanges&feed=atom","/wiki/Mint-made_errors","//bits.wikimedia.org/en.wikipedia.org/load.php?debug=false&lang=en&modules=ext.gadget.DRN-wizard%2CReferenceTooltips%2Ccharinsert%2Cteahouse%7Cext.wikihiero%7Cmediawiki.legacy.commonPrint%2Cshared%7Cmw.PopUpMediaTransform%7Cskins.vector&only=styles&skin=vector&*","//bits.wikimedia.org/en.wikipedia.org/load.php?debug=false&lang=en&modules=site&only=styles&skin=vector&*","//bits.wikimedia.org/en.wikipedia.org/load.php?debug=false&lang=en&modules=startup&only=scripts&skin=vector&*","//bits.wikimedia.org/geoiplookup","//meta.wikimedia.org","/w/index.php?title=Error_coin&redirect=no","#mw-head","#p-search","//upload.wikimedia.org/wikipedia/commons/thumb/b/bd/Ambox_globe_content.svg/48px-Ambox_globe_content.svg.png","/wiki/Wikipedia:WikiProject_Countering_systemic_bias","//en.wikipedia.org/w/index.php?title=Mint-made_errors&action=edit","/wiki/Talk:Mint-made_errors","/wiki/File:Mint-made_error_-_1999_Lincoln_cent_depicting_wavy_steps.jpg","//upload.wikimedia.org/wikipedia/commons/thumb/7/78/Mint-made_error_-_1999_Lincoln_cent_depicting_wavy_steps.jpg/400px-Mint-made_error_-_1999_Lincoln_cent_depicting_wavy_steps.jpg","/wiki/File:Mint-made_error_-_1999_Lincoln_cent_depicting_wavy_steps.jpg","//bits.wikimedia.org/static-1.21wmf10/skins/common/images/magnify-clip.png","/wiki/Wavy_Steps_and_Trails","/wiki/Error","/wiki/Coin","/wiki/Mint_(coin)","/wiki/Mint_(coin)","#cite_note-1","/wiki/Numismatics","#Planchet_preparation_errors","#Clipped_planchet","#Lamination","#Hub_and_die_errors","#Missing_mintmark","#Die_crack","#Die_break","#Die_chip","#Die_clash","#MAD_die_clash","#Doubled_die","#Dual_mintmark_.28DMM.29","#Overdate_.28OVD.29","#Over_mintmark_.28OMM.29","#Wrong_sized_mintmark","#Repunched_date_.28RPD.29","#Repunched_mintmark_.28RPM.29","#Strike_errors","#Broadstrike","#Brockage","#Multiple_strike","#Struck_on_wrong_planchet","#Numismatic_value_of_error_coins","#Notable_U.S._coin_varieties_and_errors","#Terms","#See_also","#References","#External_links","/w/index.php?title=Mint-made_errors&action=edit&section=1","#cite_note-2","/w/index.php?title=Mint-made_errors&action=edit&section=2","/w/index.php?title=Mint-made_errors&action=edit&section=3","/w/index.php?title=Mint-made_errors&action=edit&section=4","/wiki/Coin_hub","/wiki/Coin_die","/wiki/1955_doubled_die_cent","/w/index.php?title=Mint-made_errors&action=edit&section=5","#cite_note-3","/wiki/Roosevelt_dime","#cite_note-4","/w/index.php?title=Mint-made_errors&action=edit&section=6","/wiki/Die_(manufacturing)","/wiki/Morgan_Dollar","/w/index.php?title=Mint-made_errors&action=edit&section=7","/wiki/Cud","/w/index.php?title=Mint-made_errors&action=edit&section=8","/w/index.php?title=Mint-made_errors&action=edit&section=9","/wiki/Franklin_Half_Dollar#Collecting","#cite_note-5","/w/index.php?title=Mint-made_errors&action=edit&section=10","/wiki/File:1993_MAD_clash.jpg","//upload.wikimedia.org/wikipedia/commons/thumb/a/ac/1993_MAD_clash.jpg/500px-1993_MAD_clash.jpg","/wiki/File:1993_MAD_clash.jpg","//bits.wikimedia.org/static-1.21wmf10/skins/common/images/magnify-clip.png","/w/index.php?title=Mint-made_errors&action=edit&section=11","/wiki/Doubled_die","/wiki/File:1995_DDO_LIB_-_Copy.jpg","//upload.wikimedia.org/wikipedia/commons/thumb/6/63/1995_DDO_LIB_-_Copy.jpg/500px-1995_DDO_LIB_-_Copy.jpg","/wiki/File:1995_DDO_LIB_-_Copy.jpg","//bits.wikimedia.org/static-1.21wmf10/skins/common/images/magnify-clip.png","/w/index.php?title=Mint-made_errors&action=edit&section=12","/w/index.php?title=Mint-made_errors&action=edit&section=13","/wiki/Mintmark","/w/index.php?title=Mint-made_errors&action=edit&section=14","/wiki/Morgan_silver_dollar","/wiki/Carson_City_mint","/wiki/New_Orleans_Mint","/w/index.php?title=Mint-made_errors&action=edit&section=15","/wiki/Mercury_dime","/wiki/Philippine","#cite_note-6","/wiki/Barber_half_dollar","#cite_note-7","/w/index.php?title=Mint-made_errors&action=edit&section=16","/w/index.php?title=Mint-made_errors&action=edit&section=17","#cite_note-8","/w/index.php?title=Mint-made_errors&action=edit&section=18","/wiki/Planchet","/w/index.php?title=Mint-made_errors&action=edit&section=19","/w/index.php?title=Mint-made_errors&action=edit&section=20","/wiki/Brockage","/w/index.php?title=Mint-made_errors&action=edit&section=21","/wiki/Doubled_die","/w/index.php?title=Mint-made_errors&action=edit&section=22","/wiki/Planchet","/wiki/Denomination_(currency)","/wiki/Cent_(U.S._coin)","/wiki/Dime_(U.S._coin)","/wiki/Nickel_(U.S._coin)","/wiki/Quarter_(U.S._coin)","/wiki/Sacagawea_dollar","/wiki/State_Quarters","/wiki/Obverse_and_reverse","/wiki/Mule_(coin)","/wiki/1943_steel_cent","/w/index.php?title=Mint-made_errors&action=edit&section=23","/wiki/Denomination_(currency)","/wiki/Numismatics","/w/index.php?title=Mint-made_errors&action=edit&section=24","/wiki/1943_copper_cent","/wiki/1943_copper_cent","/wiki/1955_doubled_die_cent","/wiki/50_State_Quarters_designs#Additional_notes_on_individual_designs","/wiki/Presidential_$1_Coin_Program#Minting_errors","/wiki/Presidential_$1_Coin_Program#Minting_errors","/w/index.php?title=Mint-made_errors&action=edit&section=25","/w/index.php?title=Mint-made_errors&action=edit&section=26","/wiki/Coin_die","/wiki/Die_deterioration_doubling","/wiki/Doubled_die","/wiki/Wavy_step","/w/index.php?title=Mint-made_errors&action=edit&section=27","//upload.wikimedia.org/wikipedia/en/thumb/4/4a/Commons-logo.svg/30px-Commons-logo.svg.png","//commons.wikimedia.org/wiki/Category:United_States_Mint_errors","#cite_ref-1","#cite_ref-2","http://www.webcitation.org/query?url=http%3A%2F%2Fwww.royalmint.com%2FCorporate%2Ffacts%2Fprocess%2FMakingCoins.aspx&date=2010-11-06","http://www.royalmint.com/Corporate/facts/process/MakingCoins.aspx","http://www.webcitation.org/query?url=http%3A%2F%2Fwww.royalmint.com%2FCorporate%2Ffacts%2Fprocess%2FMakingCoins.aspx&date=2010-11-06","#cite_ref-3","http://www.webcitation.org/query?url=http%3A%2F%2Fwww.pcgs.com%2Farticles%2Farticle_view.chtml%3Fartid%3D5867%26universeid%3D313%26type%3D1%7C&date=2010-11-06","http://www.pcgs.com/articles/article_view.chtml?artid=5867&universeid=313&type=1","http://www.webcitation.org/query?url=http%3A%2F%2Fwww.pcgs.com%2Farticles%2Farticle_view.chtml%3Fartid%3D5867%26universeid%3D313%26type%3D1%7C&date=2010-11-06","#cite_ref-4","http://reviews.ebay.com/1982-No-P-Roosevelt-Dimes-Potential-Major-Rarity_W0QQugidZ10000000002298056","http://reviews.ebay.com/1982-No-P-Roosevelt-Dimes-Potential-Major-Rarity_W0QQugidZ10000000002298056","#cite_ref-5","http://reviews.ebay.com/1955-quot-Bugs-Bunny-quot-Franklin-Half-Dollar_W0QQugidZ10000000003587151?ssPageName=BUYGD:CAT:-1:SEARCH:6","http://reviews.ebay.com/1955-quot-Bugs-Bunny-quot-Franklin-Half-Dollar_W0QQugidZ10000000003587151?ssPageName=BUYGD:CAT:-1:SEARCH:6","#cite_ref-6","http://blog.davidlawrence.com/index.php/mercury-dimes-ch-6-1945-s-micro-s/","http://blog.davidlawrence.com/index.php/mercury-dimes-ch-6-1945-s-micro-s/","#cite_ref-7","http://www.coinfacts.com/half_dollars/barber_half_dollars/1892o_half_dollar.htm","http://www.coinfacts.com/half_dollars/barber_half_dollars/1892o_half_dollar.htm","#cite_ref-8","http://www.webcitation.org/query?url=http%3A%2F%2Fwww.doubleddie.com%2F58243.html&date=2010-11-06","http://www.webcitation.org/query?url=http%3A%2F%2Fwww.doubleddie.com%2F58243.html&date=2010-11-06","/w/index.php?title=Mint-made_errors&action=edit&section=28","http://www.coinpeople.com/Error-and-Variety-Coin-Forums-f15.html","http://www.collectorscorner.org/uscoins3.html","http://www.studium.com/6/errorcoins.html","http://www.maddieclashes.com","http://en.wikipedia.org/w/index.php?title=Mint-made_errors&oldid=542489090","/wiki/Help:Categories","/wiki/Category:Coins","/wiki/Category:Articles_with_limited_geographic_scope_from_November_2008","/wiki/Category:USA-centric","/wiki/Category:Pages_in_non-existent_country_centric_categories","/wiki/Category:Use_dmy_dates_from_December_2010","/w/index.php?title=Special:UserLogin&returnto=Mint-made+errors&type=signup","/w/index.php?title=Special:UserLogin&returnto=Mint-made+errors","/wiki/Mint-made_errors","/wiki/Talk:Mint-made_errors","#","/wiki/Mint-made_errors","/w/index.php?title=Mint-made_errors&action=edit","/w/index.php?title=Mint-made_errors&action=history","#","/w/index.php","//bits.wikimedia.org/static-1.21wmf11/skins/vector/images/search-ltr.png?303-4","/wiki/Main_Page","/wiki/Main_Page","/wiki/Portal:Contents","/wiki/Portal:Featured_content","/wiki/Portal:Current_events","/wiki/Special:Random","//donate.wikimedia.org/wiki/Special:FundraiserRedirector?utm_source=donate&utm_medium=sidebar&utm_campaign=C13_en.wikipedia.org&uselang=en","/wiki/Help:Contents","/wiki/Wikipedia:About","/wiki/Wikipedia:Community_portal","/wiki/Special:RecentChanges","/wiki/Wikipedia:Contact_us","/wiki/Special:WhatLinksHere/Mint-made_errors","/wiki/Special:RecentChangesLinked/Mint-made_errors","/wiki/Wikipedia:File_Upload_Wizard","/wiki/Special:SpecialPages","/w/index.php?title=Mint-made_errors&oldid=542489090","/w/index.php?title=Mint-made_errors&action=info","/w/index.php?title=Special:Cite&page=Mint-made_errors&id=542489090","/w/index.php?title=Special:Book&bookcmd=book_creator&referer=Mint-made+errors","/w/index.php?title=Special:Book&bookcmd=render_article&arttitle=Mint-made+errors&oldid=542489090&writer=rl","/w/index.php?title=Mint-made_errors&printable=yes","//de.wikipedia.org/wiki/Fehlpr%C3%A4gung_(Numismatik)","//it.wikipedia.org/wiki/Errore_di_conio","//ru.wikipedia.org/wiki/%D0%91%D1%80%D0%B0%D0%BA_%D0%BC%D0%BE%D0%BD%D0%B5%D1%82%D1%8B","//www.wikidata.org/wiki/Special:ItemByTitle/enwiki/Mint-made errors","//en.wikipedia.org/wiki/Wikipedia:Text_of_Creative_Commons_Attribution-ShareAlike_3.0_Unported_License","//creativecommons.org/licenses/by-sa/3.0/","//wikimediafoundation.org/wiki/Terms_of_Use","//www.wikimediafoundation.org/","//en.wikipedia.org/wiki/Wikipedia:Contact_us","//wikimediafoundation.org/wiki/Privacy_policy","/wiki/Wikipedia:About","/wiki/Wikipedia:General_disclaimer","http://en.m.wikipedia.org/wiki/Mint-made_errors","//wikimediafoundation.org/","//bits.wikimedia.org/images/wikimedia-button.png","//www.mediawiki.org/","//bits.wikimedia.org/static-1.21wmf11/skins/common/images/poweredby_mediawiki_88x31.png","//bits.wikimedia.org/en.wikipedia.org/load.php?debug=false&lang=en&modules=skins.vector&only=scripts&skin=vector&*","/w/index.php?title=MediaWiki:Gadget-ReferenceTooltips.js&action=raw&ctype=text/javascript&508635914","//bits.wikimedia.org/en.wikipedia.org/load.php?debug=false&lang=en&modules=site&only=scripts&skin=vector&*"],"instances":["currency","manufacturing","coin","coin"],"pdf":[],"categories":["Coins"],"headings":["Planchet preparation errors","Hub and die errors","Strike errors","Numismatic value of error coins","Notable U.S. coin varieties and errors","Terms","See also","References","External links"],"image":["//upload.wikimedia.org/wikipedia/commons/thumb/b/bd/Ambox_globe_content.svg/48px-Ambox_globe_content.svg.png","//upload.wikimedia.org/wikipedia/commons/thumb/7/78/Mint-made_error_-_1999_Lincoln_cent_depicting_wavy_steps.jpg/400px-Mint-made_error_-_1999_Lincoln_cent_depicting_wavy_steps.jpg","//bits.wikimedia.org/static-1.21wmf10/skins/common/images/magnify-clip.png","//upload.wikimedia.org/wikipedia/commons/thumb/a/ac/1993_MAD_clash.jpg/500px-1993_MAD_clash.jpg","//bits.wikimedia.org/static-1.21wmf10/skins/common/images/magnify-clip.png","//upload.wikimedia.org/wikipedia/commons/thumb/6/63/1995_DDO_LIB_-_Copy.jpg/500px-1995_DDO_LIB_-_Copy.jpg","//bits.wikimedia.org/static-1.21wmf10/skins/common/images/magnify-clip.png","//upload.wikimedia.org/wikipedia/en/thumb/4/4a/Commons-logo.svg/30px-Commons-logo.svg.png","//bits.wikimedia.org/static-1.21wmf11/skins/vector/images/search-ltr.png?303-4","//bits.wikimedia.org/images/wikimedia-button.png","//bits.wikimedia.org/static-1.21wmf11/skins/common/images/poweredby_mediawiki_88x31.png"],"tags":[["mint","coin"],["mint","coin"],["die","manufacturing"],["denomination","currency"],["cent","u.s._coin"],["dime","u.s._coin"],["nickel","u.s._coin"],["quarter","u.s._coin"],["mule","coin"],["denomination","currency"]],"members":["quarter","denomination","die","dime","cent","nickel","mule","mint"],"related":["Error","Coin","Mint_(coin)","Mint_(coin)","Numismatics","Coin_hub","Coin_die","1955_doubled_die_cent","Roosevelt_dime","Die_(manufacturing)","Morgan_Dollar","Cud","Mintmark","Morgan_silver_dollar","Carson_City_mint","New_Orleans_Mint","Mercury_dime","Philippine","Barber_half_dollar","Planchet","Brockage","Doubled_die","Planchet","Denomination_(currency)","Cent_(U.S._coin)","Dime_(U.S._coin)","Nickel_(U.S._coin)","Quarter_(U.S._coin)","Sacagawea_dollar","State_Quarters","Obverse_and_reverse","Mule_(coin)","1943_steel_cent","Denomination_(currency)","Numismatics","1943_copper_cent","1943_copper_cent","1955_doubled_die_cent","Coin_die","Die_deterioration_doubling","Doubled_die","Wavy_step"]}