{"cursor":"4521","size":15,"audio":[],"currentlang":"en","article":"In chess, 'compensation' refers to various (typically positional) advantages a\nplayer has in exchange for a (typically material) disadvantage. The term\nnormally refers to medium to long-term advantages as opposed to short-term\nadvantages. The terms \"initiative\" and \"attack\" are generally used to describe a\nshort-term advantage.\n\nCompensation can take many forms:\n\n*Better pawn structure *The \"two bishops\", which refers to having bishops of\nboth colors while your opponent does not. Almost all modern players consider\nhaving both bishops as an advantage, though historically there has been great\ndebate as to how much of an advantage they constitute. The two bishops are most\nlikely to show their power in the endgame. *Better piece activity and/or better\ndevelopment (common in gambits) *Having the enemy king open to future attack,\neither due to a loss of pawn cover or being trapped in the center of the board\nis often excellent compensation. *Passed pawns are often decisive in the endgame\n*Connected and/or protected passed pawns are even more deadly. *Control over key\nsquares, diagonals, files, or ranks\n","linknr":537,"url":"Compensation_(chess)","recorded":1364184690,"links":["/w/index.php?title=Compensation_(chess)&action=edit","/w/index.php?title=Compensation_(chess)&action=edit","//en.wikipedia.org/apple-touch-icon.png","//bits.wikimedia.org/favicon/wikipedia.ico","/w/opensearch_desc.php","//en.wikipedia.org/w/api.php?action=rsd","//creativecommons.org/licenses/by-sa/3.0/","/w/index.php?title=Special:RecentChanges&feed=atom","//bits.wikimedia.org/en.wikipedia.org/load.php?debug=false&lang=en&modules=ext.gadget.DRN-wizard%2CReferenceTooltips%2Ccharinsert%2Cteahouse%7Cext.wikihiero%7Cmediawiki.legacy.commonPrint%2Cshared%7Cmw.PopUpMediaTransform%7Cskins.vector&only=styles&skin=vector&*","//bits.wikimedia.org/en.wikipedia.org/load.php?debug=false&lang=en&modules=site&only=styles&skin=vector&*","//bits.wikimedia.org/en.wikipedia.org/load.php?debug=false&lang=en&modules=startup&only=scripts&skin=vector&*","//bits.wikimedia.org/geoiplookup","//meta.wikimedia.org","#mw-head","#p-search","/wiki/Chess","/wiki/Material_(chess)","/wiki/Initiative_(chess)","/wiki/Glossary_of_chess#Attack","/wiki/Pawn_structure","/wiki/Bishop_(chess)","/wiki/Chess_endgame","/wiki/Chess_piece","/wiki/Glossary_of_chess#Active","/wiki/Glossary_of_chess#Develop","/wiki/Gambit","/wiki/King_(chess)","/wiki/Pawn_(chess)","/wiki/Chessboard","/wiki/Passed_pawn","/wiki/Connected_pawns","/wiki/Passed_pawn#Protected_passed_pawn","/wiki/Glossary_of_chess#Diagonal","/wiki/File_(chess)","/wiki/Rank_(chess)","#Examples","#Polugaevsky_versus_Evans","#Spassky_versus_Fischer","#Notes","#References","/w/index.php?title=Compensation_(chess)&action=edit&section=1","/w/index.php?title=Compensation_(chess)&action=edit&section=2","/wiki/File:Solid_white.svg","//upload.wikimedia.org/wikipedia/commons/thumb/7/70/Solid_white.svg/18px-Solid_white.svg.png","/wiki/File:Solid_white.svg","//upload.wikimedia.org/wikipedia/commons/thumb/7/70/Solid_white.svg/18px-Solid_white.svg.png","//upload.wikimedia.org/wikipedia/commons/thumb/c/cd/Chess_l45.svg/26px-Chess_l45.svg.png","//upload.wikimedia.org/wikipedia/commons/thumb/3/37/Chess_d45.svg/26px-Chess_d45.svg.png","//upload.wikimedia.org/wikipedia/commons/thumb/c/cd/Chess_l45.svg/26px-Chess_l45.svg.png","//upload.wikimedia.org/wikipedia/commons/thumb/3/37/Chess_d45.svg/26px-Chess_d45.svg.png","//upload.wikimedia.org/wikipedia/commons/thumb/c/cd/Chess_l45.svg/26px-Chess_l45.svg.png","//upload.wikimedia.org/wikipedia/commons/thumb/3/37/Chess_d45.svg/26px-Chess_d45.svg.png","/wiki/File:Chess_kdl45.svg","//upload.wikimedia.org/wikipedia/commons/thumb/0/04/Chess_kdl45.svg/26px-Chess_kdl45.svg.png","//upload.wikimedia.org/wikipedia/commons/thumb/3/37/Chess_d45.svg/26px-Chess_d45.svg.png","//upload.wikimedia.org/wikipedia/commons/thumb/3/37/Chess_d45.svg/26px-Chess_d45.svg.png","/wiki/File:Chess_pdl45.svg","//upload.wikimedia.org/wikipedia/commons/thumb/0/07/Chess_pdl45.svg/26px-Chess_pdl45.svg.png","//upload.wikimedia.org/wikipedia/commons/thumb/3/37/Chess_d45.svg/26px-Chess_d45.svg.png","/wiki/File:Chess_rll45.svg","//upload.wikimedia.org/wikipedia/commons/thumb/4/44/Chess_rll45.svg/26px-Chess_rll45.svg.png","//upload.wikimedia.org/wikipedia/commons/thumb/3/37/Chess_d45.svg/26px-Chess_d45.svg.png","//upload.wikimedia.org/wikipedia/commons/thumb/c/cd/Chess_l45.svg/26px-Chess_l45.svg.png","/wiki/File:Chess_pdd45.svg","//upload.wikimedia.org/wikipedia/commons/thumb/4/41/Chess_pdd45.svg/26px-Chess_pdd45.svg.png","//upload.wikimedia.org/wikipedia/commons/thumb/c/cd/Chess_l45.svg/26px-Chess_l45.svg.png","/wiki/File:Chess_pdl45.svg","//upload.wikimedia.org/wikipedia/commons/thumb/0/07/Chess_pdl45.svg/26px-Chess_pdl45.svg.png","//upload.wikimedia.org/wikipedia/commons/thumb/3/37/Chess_d45.svg/26px-Chess_d45.svg.png","/wiki/File:Chess_pdl45.svg","//upload.wikimedia.org/wikipedia/commons/thumb/0/07/Chess_pdl45.svg/26px-Chess_pdl45.svg.png","//upload.wikimedia.org/wikipedia/commons/thumb/3/37/Chess_d45.svg/26px-Chess_d45.svg.png","//upload.wikimedia.org/wikipedia/commons/thumb/c/cd/Chess_l45.svg/26px-Chess_l45.svg.png","//upload.wikimedia.org/wikipedia/commons/thumb/3/37/Chess_d45.svg/26px-Chess_d45.svg.png","//upload.wikimedia.org/wikipedia/commons/thumb/c/cd/Chess_l45.svg/26px-Chess_l45.svg.png","//upload.wikimedia.org/wikipedia/commons/thumb/3/37/Chess_d45.svg/26px-Chess_d45.svg.png","/wiki/File:Chess_pld45.svg","//upload.wikimedia.org/wikipedia/commons/thumb/9/98/Chess_pld45.svg/26px-Chess_pld45.svg.png","//upload.wikimedia.org/wikipedia/commons/thumb/c/cd/Chess_l45.svg/26px-Chess_l45.svg.png","//upload.wikimedia.org/wikipedia/commons/thumb/3/37/Chess_d45.svg/26px-Chess_d45.svg.png","//upload.wikimedia.org/wikipedia/commons/thumb/c/cd/Chess_l45.svg/26px-Chess_l45.svg.png","//upload.wikimedia.org/wikipedia/commons/thumb/3/37/Chess_d45.svg/26px-Chess_d45.svg.png","/wiki/File:Chess_pdl45.svg","//upload.wikimedia.org/wikipedia/commons/thumb/0/07/Chess_pdl45.svg/26px-Chess_pdl45.svg.png","//upload.wikimedia.org/wikipedia/commons/thumb/3/37/Chess_d45.svg/26px-Chess_d45.svg.png","//upload.wikimedia.org/wikipedia/commons/thumb/c/cd/Chess_l45.svg/26px-Chess_l45.svg.png","//upload.wikimedia.org/wikipedia/commons/thumb/c/cd/Chess_l45.svg/26px-Chess_l45.svg.png","/wiki/File:Chess_rdd45.svg","//upload.wikimedia.org/wikipedia/commons/thumb/4/4e/Chess_rdd45.svg/26px-Chess_rdd45.svg.png","//upload.wikimedia.org/wikipedia/commons/thumb/c/cd/Chess_l45.svg/26px-Chess_l45.svg.png","//upload.wikimedia.org/wikipedia/commons/thumb/3/37/Chess_d45.svg/26px-Chess_d45.svg.png","//upload.wikimedia.org/wikipedia/commons/thumb/c/cd/Chess_l45.svg/26px-Chess_l45.svg.png","//upload.wikimedia.org/wikipedia/commons/thumb/3/37/Chess_d45.svg/26px-Chess_d45.svg.png","//upload.wikimedia.org/wikipedia/commons/thumb/c/cd/Chess_l45.svg/26px-Chess_l45.svg.png","//upload.wikimedia.org/wikipedia/commons/thumb/3/37/Chess_d45.svg/26px-Chess_d45.svg.png","//upload.wikimedia.org/wikipedia/commons/thumb/3/37/Chess_d45.svg/26px-Chess_d45.svg.png","//upload.wikimedia.org/wikipedia/commons/thumb/c/cd/Chess_l45.svg/26px-Chess_l45.svg.png","//upload.wikimedia.org/wikipedia/commons/thumb/3/37/Chess_d45.svg/26px-Chess_d45.svg.png","//upload.wikimedia.org/wikipedia/commons/thumb/c/cd/Chess_l45.svg/26px-Chess_l45.svg.png","/wiki/File:Chess_pld45.svg","//upload.wikimedia.org/wikipedia/commons/thumb/9/98/Chess_pld45.svg/26px-Chess_pld45.svg.png","//upload.wikimedia.org/wikipedia/commons/thumb/c/cd/Chess_l45.svg/26px-Chess_l45.svg.png","//upload.wikimedia.org/wikipedia/commons/thumb/3/37/Chess_d45.svg/26px-Chess_d45.svg.png","//upload.wikimedia.org/wikipedia/commons/thumb/c/cd/Chess_l45.svg/26px-Chess_l45.svg.png","//upload.wikimedia.org/wikipedia/commons/thumb/c/cd/Chess_l45.svg/26px-Chess_l45.svg.png","//upload.wikimedia.org/wikipedia/commons/thumb/3/37/Chess_d45.svg/26px-Chess_d45.svg.png","//upload.wikimedia.org/wikipedia/commons/thumb/c/cd/Chess_l45.svg/26px-Chess_l45.svg.png","//upload.wikimedia.org/wikipedia/commons/thumb/3/37/Chess_d45.svg/26px-Chess_d45.svg.png","//upload.wikimedia.org/wikipedia/commons/thumb/c/cd/Chess_l45.svg/26px-Chess_l45.svg.png","/wiki/File:Chess_kld45.svg","//upload.wikimedia.org/wikipedia/commons/thumb/1/1c/Chess_kld45.svg/26px-Chess_kld45.svg.png","/wiki/File:Chess_pll45.svg","//upload.wikimedia.org/wikipedia/commons/thumb/8/86/Chess_pll45.svg/26px-Chess_pll45.svg.png","/wiki/File:Chess_pld45.svg","//upload.wikimedia.org/wikipedia/commons/thumb/9/98/Chess_pld45.svg/26px-Chess_pld45.svg.png","//upload.wikimedia.org/wikipedia/commons/thumb/3/37/Chess_d45.svg/26px-Chess_d45.svg.png","//upload.wikimedia.org/wikipedia/commons/thumb/c/cd/Chess_l45.svg/26px-Chess_l45.svg.png","//upload.wikimedia.org/wikipedia/commons/thumb/3/37/Chess_d45.svg/26px-Chess_d45.svg.png","//upload.wikimedia.org/wikipedia/commons/thumb/c/cd/Chess_l45.svg/26px-Chess_l45.svg.png","//upload.wikimedia.org/wikipedia/commons/thumb/3/37/Chess_d45.svg/26px-Chess_d45.svg.png","//upload.wikimedia.org/wikipedia/commons/thumb/c/cd/Chess_l45.svg/26px-Chess_l45.svg.png","//upload.wikimedia.org/wikipedia/commons/thumb/3/37/Chess_d45.svg/26px-Chess_d45.svg.png","//upload.wikimedia.org/wikipedia/commons/thumb/c/cd/Chess_l45.svg/26px-Chess_l45.svg.png","/wiki/File:Solid_white.svg","//upload.wikimedia.org/wikipedia/commons/thumb/7/70/Solid_white.svg/18px-Solid_white.svg.png","/wiki/File:Solid_white.svg","//upload.wikimedia.org/wikipedia/commons/thumb/7/70/Solid_white.svg/18px-Solid_white.svg.png","/wiki/Rook_(chess)","#CITEREFFineBenko2003","/wiki/Lev_Polugaevsky","/wiki/Larry_Evans","#cite_note-1","/wiki/Draw_(chess)","#CITEREFGriffiths1992","/w/index.php?title=Compensation_(chess)&action=edit&section=3","/wiki/File:Solid_white.svg","//upload.wikimedia.org/wikipedia/commons/thumb/7/70/Solid_white.svg/18px-Solid_white.svg.png","/wiki/File:Solid_white.svg","//upload.wikimedia.org/wikipedia/commons/thumb/7/70/Solid_white.svg/18px-Solid_white.svg.png","/wiki/File:Chess_rdl45.svg","//upload.wikimedia.org/wikipedia/commons/thumb/8/8e/Chess_rdl45.svg/26px-Chess_rdl45.svg.png","/wiki/File:Chess_ndd45.svg","//upload.wikimedia.org/wikipedia/commons/thumb/b/b4/Chess_ndd45.svg/26px-Chess_ndd45.svg.png","/wiki/File:Chess_bdl45.svg","//upload.wikimedia.org/wikipedia/commons/thumb/1/1f/Chess_bdl45.svg/26px-Chess_bdl45.svg.png","/wiki/File:Chess_qdd45.svg","//upload.wikimedia.org/wikipedia/commons/thumb/e/ed/Chess_qdd45.svg/26px-Chess_qdd45.svg.png","/wiki/File:Chess_kdl45.svg","//upload.wikimedia.org/wikipedia/commons/thumb/0/04/Chess_kdl45.svg/26px-Chess_kdl45.svg.png","/wiki/File:Chess_bdd45.svg","//upload.wikimedia.org/wikipedia/commons/thumb/9/9a/Chess_bdd45.svg/26px-Chess_bdd45.svg.png","/wiki/File:Chess_ndl45.svg","//upload.wikimedia.org/wikipedia/commons/thumb/c/c8/Chess_ndl45.svg/26px-Chess_ndl45.svg.png","/wiki/File:Chess_rdd45.svg","//upload.wikimedia.org/wikipedia/commons/thumb/4/4e/Chess_rdd45.svg/26px-Chess_rdd45.svg.png","/wiki/File:Chess_pdd45.svg","//upload.wikimedia.org/wikipedia/commons/thumb/4/41/Chess_pdd45.svg/26px-Chess_pdd45.svg.png","/wiki/File:Chess_pdl45.svg","//upload.wikimedia.org/wikipedia/commons/thumb/0/07/Chess_pdl45.svg/26px-Chess_pdl45.svg.png","/wiki/File:Chess_pdd45.svg","//upload.wikimedia.org/wikipedia/commons/thumb/4/41/Chess_pdd45.svg/26px-Chess_pdd45.svg.png","/wiki/File:Chess_pdl45.svg","//upload.wikimedia.org/wikipedia/commons/thumb/0/07/Chess_pdl45.svg/26px-Chess_pdl45.svg.png","//upload.wikimedia.org/wikipedia/commons/thumb/3/37/Chess_d45.svg/26px-Chess_d45.svg.png","/wiki/File:Chess_pdl45.svg","//upload.wikimedia.org/wikipedia/commons/thumb/0/07/Chess_pdl45.svg/26px-Chess_pdl45.svg.png","//upload.wikimedia.org/wikipedia/commons/thumb/3/37/Chess_d45.svg/26px-Chess_d45.svg.png","/wiki/File:Chess_pdl45.svg","//upload.wikimedia.org/wikipedia/commons/thumb/0/07/Chess_pdl45.svg/26px-Chess_pdl45.svg.png","//upload.wikimedia.org/wikipedia/commons/thumb/c/cd/Chess_l45.svg/26px-Chess_l45.svg.png","//upload.wikimedia.org/wikipedia/commons/thumb/3/37/Chess_d45.svg/26px-Chess_d45.svg.png","//upload.wikimedia.org/wikipedia/commons/thumb/c/cd/Chess_l45.svg/26px-Chess_l45.svg.png","//upload.wikimedia.org/wikipedia/commons/thumb/3/37/Chess_d45.svg/26px-Chess_d45.svg.png","//upload.wikimedia.org/wikipedia/commons/thumb/c/cd/Chess_l45.svg/26px-Chess_l45.svg.png","//upload.wikimedia.org/wikipedia/commons/thumb/3/37/Chess_d45.svg/26px-Chess_d45.svg.png","//upload.wikimedia.org/wikipedia/commons/thumb/c/cd/Chess_l45.svg/26px-Chess_l45.svg.png","//upload.wikimedia.org/wikipedia/commons/thumb/3/37/Chess_d45.svg/26px-Chess_d45.svg.png","//upload.wikimedia.org/wikipedia/commons/thumb/3/37/Chess_d45.svg/26px-Chess_d45.svg.png","//upload.wikimedia.org/wikipedia/commons/thumb/c/cd/Chess_l45.svg/26px-Chess_l45.svg.png","//upload.wikimedia.org/wikipedia/commons/thumb/3/37/Chess_d45.svg/26px-Chess_d45.svg.png","//upload.wikimedia.org/wikipedia/commons/thumb/c/cd/Chess_l45.svg/26px-Chess_l45.svg.png","/wiki/File:Chess_nld45.svg","//upload.wikimedia.org/wikipedia/commons/thumb/d/d4/Chess_nld45.svg/26px-Chess_nld45.svg.png","//upload.wikimedia.org/wikipedia/commons/thumb/c/cd/Chess_l45.svg/26px-Chess_l45.svg.png","//upload.wikimedia.org/wikipedia/commons/thumb/3/37/Chess_d45.svg/26px-Chess_d45.svg.png","//upload.wikimedia.org/wikipedia/commons/thumb/c/cd/Chess_l45.svg/26px-Chess_l45.svg.png","//upload.wikimedia.org/wikipedia/commons/thumb/c/cd/Chess_l45.svg/26px-Chess_l45.svg.png","//upload.wikimedia.org/wikipedia/commons/thumb/3/37/Chess_d45.svg/26px-Chess_d45.svg.png","//upload.wikimedia.org/wikipedia/commons/thumb/c/cd/Chess_l45.svg/26px-Chess_l45.svg.png","//upload.wikimedia.org/wikipedia/commons/thumb/3/37/Chess_d45.svg/26px-Chess_d45.svg.png","/wiki/File:Chess_pll45.svg","//upload.wikimedia.org/wikipedia/commons/thumb/8/86/Chess_pll45.svg/26px-Chess_pll45.svg.png","/wiki/File:Chess_pdd45.svg","//upload.wikimedia.org/wikipedia/commons/thumb/4/41/Chess_pdd45.svg/26px-Chess_pdd45.svg.png","/wiki/File:Chess_pdl45.svg","//upload.wikimedia.org/wikipedia/commons/thumb/0/07/Chess_pdl45.svg/26px-Chess_pdl45.svg.png","/wiki/File:Chess_pld45.svg","//upload.wikimedia.org/wikipedia/commons/thumb/9/98/Chess_pld45.svg/26px-Chess_pld45.svg.png","//upload.wikimedia.org/wikipedia/commons/thumb/3/37/Chess_d45.svg/26px-Chess_d45.svg.png","//upload.wikimedia.org/wikipedia/commons/thumb/c/cd/Chess_l45.svg/26px-Chess_l45.svg.png","//upload.wikimedia.org/wikipedia/commons/thumb/3/37/Chess_d45.svg/26px-Chess_d45.svg.png","//upload.wikimedia.org/wikipedia/commons/thumb/c/cd/Chess_l45.svg/26px-Chess_l45.svg.png","//upload.wikimedia.org/wikipedia/commons/thumb/3/37/Chess_d45.svg/26px-Chess_d45.svg.png","//upload.wikimedia.org/wikipedia/commons/thumb/c/cd/Chess_l45.svg/26px-Chess_l45.svg.png","//upload.wikimedia.org/wikipedia/commons/thumb/3/37/Chess_d45.svg/26px-Chess_d45.svg.png","//upload.wikimedia.org/wikipedia/commons/thumb/c/cd/Chess_l45.svg/26px-Chess_l45.svg.png","/wiki/File:Chess_pll45.svg","//upload.wikimedia.org/wikipedia/commons/thumb/8/86/Chess_pll45.svg/26px-Chess_pll45.svg.png","/wiki/File:Chess_pld45.svg","//upload.wikimedia.org/wikipedia/commons/thumb/9/98/Chess_pld45.svg/26px-Chess_pld45.svg.png","/wiki/File:Chess_pll45.svg","//upload.wikimedia.org/wikipedia/commons/thumb/8/86/Chess_pll45.svg/26px-Chess_pll45.svg.png","/wiki/File:Chess_pld45.svg","//upload.wikimedia.org/wikipedia/commons/thumb/9/98/Chess_pld45.svg/26px-Chess_pld45.svg.png","//upload.wikimedia.org/wikipedia/commons/thumb/c/cd/Chess_l45.svg/26px-Chess_l45.svg.png","//upload.wikimedia.org/wikipedia/commons/thumb/3/37/Chess_d45.svg/26px-Chess_d45.svg.png","/wiki/File:Chess_pll45.svg","//upload.wikimedia.org/wikipedia/commons/thumb/8/86/Chess_pll45.svg/26px-Chess_pll45.svg.png","//upload.wikimedia.org/wikipedia/commons/thumb/3/37/Chess_d45.svg/26px-Chess_d45.svg.png","/wiki/File:Chess_rld45.svg","//upload.wikimedia.org/wikipedia/commons/thumb/c/c3/Chess_rld45.svg/26px-Chess_rld45.svg.png","/wiki/File:Chess_nll45.svg","//upload.wikimedia.org/wikipedia/commons/thumb/a/ad/Chess_nll45.svg/26px-Chess_nll45.svg.png","/wiki/File:Chess_bld45.svg","//upload.wikimedia.org/wikipedia/commons/thumb/f/fd/Chess_bld45.svg/26px-Chess_bld45.svg.png","/wiki/File:Chess_qll45.svg","//upload.wikimedia.org/wikipedia/commons/thumb/9/9a/Chess_qll45.svg/26px-Chess_qll45.svg.png","/wiki/File:Chess_kld45.svg","//upload.wikimedia.org/wikipedia/commons/thumb/1/1c/Chess_kld45.svg/26px-Chess_kld45.svg.png","/wiki/File:Chess_bll45.svg","//upload.wikimedia.org/wikipedia/commons/thumb/1/1e/Chess_bll45.svg/26px-Chess_bll45.svg.png","//upload.wikimedia.org/wikipedia/commons/thumb/3/37/Chess_d45.svg/26px-Chess_d45.svg.png","/wiki/File:Chess_rll45.svg","//upload.wikimedia.org/wikipedia/commons/thumb/4/44/Chess_rll45.svg/26px-Chess_rll45.svg.png","/wiki/File:Solid_white.svg","//upload.wikimedia.org/wikipedia/commons/thumb/7/70/Solid_white.svg/18px-Solid_white.svg.png","/wiki/File:Solid_white.svg","//upload.wikimedia.org/wikipedia/commons/thumb/7/70/Solid_white.svg/18px-Solid_white.svg.png","/wiki/File:Solid_white.svg","//upload.wikimedia.org/wikipedia/commons/thumb/7/70/Solid_white.svg/18px-Solid_white.svg.png","/wiki/File:Solid_white.svg","//upload.wikimedia.org/wikipedia/commons/thumb/7/70/Solid_white.svg/18px-Solid_white.svg.png","/wiki/File:Chess_rdl45.svg","//upload.wikimedia.org/wikipedia/commons/thumb/8/8e/Chess_rdl45.svg/26px-Chess_rdl45.svg.png","/wiki/File:Chess_ndd45.svg","//upload.wikimedia.org/wikipedia/commons/thumb/b/b4/Chess_ndd45.svg/26px-Chess_ndd45.svg.png","/wiki/File:Chess_bdl45.svg","//upload.wikimedia.org/wikipedia/commons/thumb/1/1f/Chess_bdl45.svg/26px-Chess_bdl45.svg.png","/wiki/File:Chess_qdd45.svg","//upload.wikimedia.org/wikipedia/commons/thumb/e/ed/Chess_qdd45.svg/26px-Chess_qdd45.svg.png","/wiki/File:Chess_kdl45.svg","//upload.wikimedia.org/wikipedia/commons/thumb/0/04/Chess_kdl45.svg/26px-Chess_kdl45.svg.png","//upload.wikimedia.org/wikipedia/commons/thumb/3/37/Chess_d45.svg/26px-Chess_d45.svg.png","/wiki/File:Chess_ndl45.svg","//upload.wikimedia.org/wikipedia/commons/thumb/c/c8/Chess_ndl45.svg/26px-Chess_ndl45.svg.png","//upload.wikimedia.org/wikipedia/commons/thumb/3/37/Chess_d45.svg/26px-Chess_d45.svg.png","/wiki/File:Chess_pdd45.svg","//upload.wikimedia.org/wikipedia/commons/thumb/4/41/Chess_pdd45.svg/26px-Chess_pdd45.svg.png","/wiki/File:Chess_pdl45.svg","//upload.wikimedia.org/wikipedia/commons/thumb/0/07/Chess_pdl45.svg/26px-Chess_pdl45.svg.png","/wiki/File:Chess_pdd45.svg","//upload.wikimedia.org/wikipedia/commons/thumb/4/41/Chess_pdd45.svg/26px-Chess_pdd45.svg.png","//upload.wikimedia.org/wikipedia/commons/thumb/c/cd/Chess_l45.svg/26px-Chess_l45.svg.png","//upload.wikimedia.org/wikipedia/commons/thumb/3/37/Chess_d45.svg/26px-Chess_d45.svg.png","/wiki/File:Chess_pdl45.svg","//upload.wikimedia.org/wikipedia/commons/thumb/0/07/Chess_pdl45.svg/26px-Chess_pdl45.svg.png","//upload.wikimedia.org/wikipedia/commons/thumb/3/37/Chess_d45.svg/26px-Chess_d45.svg.png","/wiki/File:Chess_rdl45.svg","//upload.wikimedia.org/wikipedia/commons/thumb/8/8e/Chess_rdl45.svg/26px-Chess_rdl45.svg.png","//upload.wikimedia.org/wikipedia/commons/thumb/c/cd/Chess_l45.svg/26px-Chess_l45.svg.png","//upload.wikimedia.org/wikipedia/commons/thumb/3/37/Chess_d45.svg/26px-Chess_d45.svg.png","//upload.wikimedia.org/wikipedia/commons/thumb/c/cd/Chess_l45.svg/26px-Chess_l45.svg.png","/wiki/File:Chess_pdd45.svg","//upload.wikimedia.org/wikipedia/commons/thumb/4/41/Chess_pdd45.svg/26px-Chess_pdd45.svg.png","//upload.wikimedia.org/wikipedia/commons/thumb/c/cd/Chess_l45.svg/26px-Chess_l45.svg.png","//upload.wikimedia.org/wikipedia/commons/thumb/3/37/Chess_d45.svg/26px-Chess_d45.svg.png","//upload.wikimedia.org/wikipedia/commons/thumb/c/cd/Chess_l45.svg/26px-Chess_l45.svg.png","/wiki/File:Chess_bdd45.svg","//upload.wikimedia.org/wikipedia/commons/thumb/9/9a/Chess_bdd45.svg/26px-Chess_bdd45.svg.png","//upload.wikimedia.org/wikipedia/commons/thumb/3/37/Chess_d45.svg/26px-Chess_d45.svg.png","//upload.wikimedia.org/wikipedia/commons/thumb/c/cd/Chess_l45.svg/26px-Chess_l45.svg.png","//upload.wikimedia.org/wikipedia/commons/thumb/3/37/Chess_d45.svg/26px-Chess_d45.svg.png","//upload.wikimedia.org/wikipedia/commons/thumb/c/cd/Chess_l45.svg/26px-Chess_l45.svg.png","//upload.wikimedia.org/wikipedia/commons/thumb/3/37/Chess_d45.svg/26px-Chess_d45.svg.png","//upload.wikimedia.org/wikipedia/commons/thumb/c/cd/Chess_l45.svg/26px-Chess_l45.svg.png","//upload.wikimedia.org/wikipedia/commons/thumb/3/37/Chess_d45.svg/26px-Chess_d45.svg.png","/wiki/File:Chess_pdl45.svg","//upload.wikimedia.org/wikipedia/commons/thumb/0/07/Chess_pdl45.svg/26px-Chess_pdl45.svg.png","//upload.wikimedia.org/wikipedia/commons/thumb/c/cd/Chess_l45.svg/26px-Chess_l45.svg.png","//upload.wikimedia.org/wikipedia/commons/thumb/3/37/Chess_d45.svg/26px-Chess_d45.svg.png","/wiki/File:Chess_bll45.svg","//upload.wikimedia.org/wikipedia/commons/thumb/1/1e/Chess_bll45.svg/26px-Chess_bll45.svg.png","/wiki/File:Chess_pld45.svg","//upload.wikimedia.org/wikipedia/commons/thumb/9/98/Chess_pld45.svg/26px-Chess_pld45.svg.png","/wiki/File:Chess_pll45.svg","//upload.wikimedia.org/wikipedia/commons/thumb/8/86/Chess_pll45.svg/26px-Chess_pll45.svg.png","/wiki/File:Chess_pld45.svg","//upload.wikimedia.org/wikipedia/commons/thumb/9/98/Chess_pld45.svg/26px-Chess_pld45.svg.png","/wiki/File:Chess_pdl45.svg","//upload.wikimedia.org/wikipedia/commons/thumb/0/07/Chess_pdl45.svg/26px-Chess_pdl45.svg.png","//upload.wikimedia.org/wikipedia/commons/thumb/3/37/Chess_d45.svg/26px-Chess_d45.svg.png","//upload.wikimedia.org/wikipedia/commons/thumb/3/37/Chess_d45.svg/26px-Chess_d45.svg.png","//upload.wikimedia.org/wikipedia/commons/thumb/c/cd/Chess_l45.svg/26px-Chess_l45.svg.png","/wiki/File:Chess_nld45.svg","//upload.wikimedia.org/wikipedia/commons/thumb/d/d4/Chess_nld45.svg/26px-Chess_nld45.svg.png","/wiki/File:Chess_nll45.svg","//upload.wikimedia.org/wikipedia/commons/thumb/a/ad/Chess_nll45.svg/26px-Chess_nll45.svg.png","/wiki/File:Chess_bld45.svg","//upload.wikimedia.org/wikipedia/commons/thumb/f/fd/Chess_bld45.svg/26px-Chess_bld45.svg.png","//upload.wikimedia.org/wikipedia/commons/thumb/c/cd/Chess_l45.svg/26px-Chess_l45.svg.png","//upload.wikimedia.org/wikipedia/commons/thumb/3/37/Chess_d45.svg/26px-Chess_d45.svg.png","//upload.wikimedia.org/wikipedia/commons/thumb/c/cd/Chess_l45.svg/26px-Chess_l45.svg.png","/wiki/File:Chess_pll45.svg","//upload.wikimedia.org/wikipedia/commons/thumb/8/86/Chess_pll45.svg/26px-Chess_pll45.svg.png","/wiki/File:Chess_pld45.svg","//upload.wikimedia.org/wikipedia/commons/thumb/9/98/Chess_pld45.svg/26px-Chess_pld45.svg.png","/wiki/File:Chess_pll45.svg","//upload.wikimedia.org/wikipedia/commons/thumb/8/86/Chess_pll45.svg/26px-Chess_pll45.svg.png","//upload.wikimedia.org/wikipedia/commons/thumb/3/37/Chess_d45.svg/26px-Chess_d45.svg.png","/wiki/File:Chess_kll45.svg","//upload.wikimedia.org/wikipedia/commons/thumb/8/85/Chess_kll45.svg/26px-Chess_kll45.svg.png","//upload.wikimedia.org/wikipedia/commons/thumb/3/37/Chess_d45.svg/26px-Chess_d45.svg.png","//upload.wikimedia.org/wikipedia/commons/thumb/c/cd/Chess_l45.svg/26px-Chess_l45.svg.png","//upload.wikimedia.org/wikipedia/commons/thumb/3/37/Chess_d45.svg/26px-Chess_d45.svg.png","/wiki/File:Chess_rld45.svg","//upload.wikimedia.org/wikipedia/commons/thumb/c/c3/Chess_rld45.svg/26px-Chess_rld45.svg.png","//upload.wikimedia.org/wikipedia/commons/thumb/c/cd/Chess_l45.svg/26px-Chess_l45.svg.png","//upload.wikimedia.org/wikipedia/commons/thumb/3/37/Chess_d45.svg/26px-Chess_d45.svg.png","/wiki/File:Chess_qll45.svg","//upload.wikimedia.org/wikipedia/commons/thumb/9/9a/Chess_qll45.svg/26px-Chess_qll45.svg.png","//upload.wikimedia.org/wikipedia/commons/thumb/3/37/Chess_d45.svg/26px-Chess_d45.svg.png","//upload.wikimedia.org/wikipedia/commons/thumb/c/cd/Chess_l45.svg/26px-Chess_l45.svg.png","//upload.wikimedia.org/wikipedia/commons/thumb/3/37/Chess_d45.svg/26px-Chess_d45.svg.png","/wiki/File:Chess_rll45.svg","//upload.wikimedia.org/wikipedia/commons/thumb/4/44/Chess_rll45.svg/26px-Chess_rll45.svg.png","/wiki/File:Solid_white.svg","//upload.wikimedia.org/wikipedia/commons/thumb/7/70/Solid_white.svg/18px-Solid_white.svg.png","/wiki/File:Solid_white.svg","//upload.wikimedia.org/wikipedia/commons/thumb/7/70/Solid_white.svg/18px-Solid_white.svg.png","/wiki/World_chess_championship","/wiki/Boris_Spassky","/wiki/Bobby_Fischer","/wiki/King%27s_Gambit","/wiki/Chess_opening","#cite_note-2","/wiki/Sacrifice_(chess)","#CITEREFFischer2008","/w/index.php?title=Compensation_(chess)&action=edit&section=4","#cite_ref-1","http://www.chessgames.com/perl/chessgame?gid=1111927","#cite_ref-2","http://www.chessgames.com/perl/chessgame?gid=1080046","/w/index.php?title=Compensation_(chess)&action=edit&section=5","/wiki/Reuben_Fine","/wiki/Pal_Benko","/wiki/Basic_Chess_Endings","/wiki/International_Standard_Book_Number","/wiki/Special:BookSources/0-8129-3493-8","/wiki/Bobby_Fischer","/wiki/My_60_Memorable_Games","/wiki/International_Standard_Book_Number","/wiki/Special:BookSources/978-1-906388-30-0","/wiki/International_Standard_Book_Number","/wiki/Special:BookSources/0-939298-83-X","/wiki/Template:Chess","/wiki/Template_talk:Chess","//en.wikipedia.org/w/index.php?title=Template:Chess&action=edit","/wiki/Chess","/wiki/Outline_of_chess","/wiki/History_of_chess","/wiki/World_Chess_Championship","/wiki/Chess_tournament","/wiki/Computer_chess","/wiki/Chess_variant","/wiki/Chess_rating_system","/wiki/Chess_title","/wiki/First-move_advantage_in_chess","/wiki/Chess_piece","/wiki/Pawn_(chess)","/wiki/Knight_(chess)","/wiki/Bishop_(chess)","/wiki/Rook_(chess)","/wiki/Queen_(chess)","/wiki/King_(chess)","/wiki/Rules_of_chess","/wiki/Promotion_(chess)","/wiki/Castling","/wiki/En_passant","/wiki/Check_(chess)","/wiki/Checkmate","/wiki/Double_check","/wiki/Draw_(chess)","/wiki/Draw_by_agreement","/wiki/Fifty-move_rule","/wiki/Threefold_repetition","/wiki/Perpetual_check","/wiki/Stalemate","/wiki/Touch-move_rule","/wiki/Time_control","/wiki/Game_clock","/wiki/Glossary_of_chess","/wiki/Battery_(chess)","/wiki/Alekhine%27s_gun","/wiki/Blunder_(chess)","/wiki/Chess_engine","/wiki/Chess_notation","/wiki/Algebraic_notation_(chess)","/wiki/Descriptive_notation","/wiki/Portable_Game_Notation","/wiki/Chess_annotation_symbols","/wiki/Fianchetto","/wiki/Gambit","/wiki/Key_square","/wiki/King_walk","/wiki/Connected_pawns","/wiki/Isolated_pawn","/wiki/Doubled_pawns","/wiki/Backward_pawn","/wiki/Passed_pawn","/wiki/Open_file","/wiki/Half-open_file","/wiki/Opposition_(chess)","/wiki/Tempo_(chess)","/wiki/The_exchange_(chess)","/wiki/Transposition_(chess)","/wiki/X-ray_(chess)","/wiki/Zugzwang","/wiki/Zwischenzug","/wiki/Chess_tactic","/wiki/Cross-check","/wiki/Decoy_(chess)","/wiki/Deflection_(chess)","/wiki/Desperado_(chess)","/wiki/Discovered_attack","/wiki/Fork_(chess)","/wiki/Interference_(chess)","/wiki/Overloading_(chess)","/wiki/Pawn_storm","/wiki/Pin_(chess)","/wiki/Sacrifice_(chess)","/wiki/Skewer_(chess)","/wiki/Triangulation_(chess)","/wiki/Undermining_(chess)","/wiki/Windmill_(chess)","/wiki/Anti-computer_tactics_(gaming)","/wiki/Chess_strategy","/wiki/Artificial_castling","/wiki/Exchange_(chess)","/wiki/Fortress_(chess)","/wiki/Pawn_structure","/wiki/Swindle_(chess)","/wiki/Tarrasch_rule","/wiki/Chess_opening","/wiki/English_Opening","/wiki/Queen%27s_Gambit","/wiki/Indian_Defence","/wiki/Ruy_Lopez","/wiki/Caro%E2%80%93Kann_Defence","/wiki/Sicilian_Defence","/wiki/French_Defence","/wiki/Slav_Defense","/wiki/Chess_endgame","/wiki/Endgame_tablebase","/wiki/King_and_pawn_versus_king_endgame","/wiki/Opposite-colored_bishops_endgame","/wiki/Pawnless_chess_endgame","/wiki/Queen_and_pawn_versus_queen_endgame","/wiki/Queen_versus_pawn_endgame","/wiki/Rook_and_pawn_versus_rook_endgame","/wiki/Lucena_position","/wiki/Philidor_position","/wiki/Two_knights_endgame","/wiki/Wrong_bishop","/wiki/Wrong_rook_pawn","/wiki/Checkmate","/wiki/Checkmate_pattern","/wiki/Bishop_and_knight_checkmate","/wiki/Back-rank_checkmate","/wiki/Fool%27s_mate","/wiki/Scholar%27s_mate","/wiki/Smothered_mate","/wiki/Boden%27s_Mate","http://en.wikipedia.org/w/index.php?title=Compensation_(chess)&oldid=542538181","/wiki/Help:Categories","/wiki/Category:Chess_terminology","/w/index.php?title=Special:UserLogin&returnto=Compensation+%28chess%29&type=signup","/w/index.php?title=Special:UserLogin&returnto=Compensation+%28chess%29","/wiki/Compensation_(chess)","/wiki/Talk:Compensation_(chess)","#","/wiki/Compensation_(chess)","/w/index.php?title=Compensation_(chess)&action=edit","/w/index.php?title=Compensation_(chess)&action=history","#","/w/index.php","//bits.wikimedia.org/static-1.21wmf11/skins/vector/images/search-ltr.png?303-4","/wiki/Main_Page","/wiki/Main_Page","/wiki/Portal:Contents","/wiki/Portal:Featured_content","/wiki/Portal:Current_events","/wiki/Special:Random","//donate.wikimedia.org/wiki/Special:FundraiserRedirector?utm_source=donate&utm_medium=sidebar&utm_campaign=C13_en.wikipedia.org&uselang=en","/wiki/Help:Contents","/wiki/Wikipedia:About","/wiki/Wikipedia:Community_portal","/wiki/Special:RecentChanges","/wiki/Wikipedia:Contact_us","/wiki/Special:WhatLinksHere/Compensation_(chess)","/wiki/Special:RecentChangesLinked/Compensation_(chess)","/wiki/Wikipedia:File_Upload_Wizard","/wiki/Special:SpecialPages","/w/index.php?title=Compensation_(chess)&oldid=542538181","/w/index.php?title=Compensation_(chess)&action=info","/w/index.php?title=Special:Cite&page=Compensation_%28chess%29&id=542538181","/w/index.php?title=Special:Book&bookcmd=book_creator&referer=Compensation+%28chess%29","/w/index.php?title=Special:Book&bookcmd=render_article&arttitle=Compensation+%28chess%29&oldid=542538181&writer=rl","/w/index.php?title=Compensation_(chess)&printable=yes","//de.wikipedia.org/wiki/Kompensation_(Schach)","//nl.wikipedia.org/wiki/Compensatie_(schaken)","//ru.wikipedia.org/wiki/%D0%9A%D0%BE%D0%BC%D0%BF%D0%B5%D0%BD%D1%81%D0%B0%D1%86%D0%B8%D1%8F_(%D1%88%D0%B0%D1%85%D0%BC%D0%B0%D1%82%D1%8B)","//www.wikidata.org/wiki/Special:ItemByTitle/enwiki/Compensation (chess)","//en.wikipedia.org/wiki/Wikipedia:Text_of_Creative_Commons_Attribution-ShareAlike_3.0_Unported_License","//creativecommons.org/licenses/by-sa/3.0/","//wikimediafoundation.org/wiki/Terms_of_Use","//www.wikimediafoundation.org/","//en.wikipedia.org/wiki/Wikipedia:Contact_us","//wikimediafoundation.org/wiki/Privacy_policy","/wiki/Wikipedia:About","/wiki/Wikipedia:General_disclaimer","http://en.m.wikipedia.org/wiki/Compensation_(chess)","//wikimediafoundation.org/","//bits.wikimedia.org/images/wikimedia-button.png","//www.mediawiki.org/","//bits.wikimedia.org/static-1.21wmf11/skins/common/images/poweredby_mediawiki_88x31.png","//bits.wikimedia.org/en.wikipedia.org/load.php?debug=false&lang=en&modules=skins.vector&only=scripts&skin=vector&*","/w/index.php?title=MediaWiki:Gadget-ReferenceTooltips.js&action=raw&ctype=text/javascript&508635914","//bits.wikimedia.org/en.wikipedia.org/load.php?debug=false&lang=en&modules=site&only=scripts&skin=vector&*"],"instances":["chess","chess","chess","chess","chess","chess","chess","chess","chess","chess"],"pdf":[],"categories":["Chess terminology"],"headings":["Examples","Notes","References"],"image":["//upload.wikimedia.org/wikipedia/commons/thumb/7/70/Solid_white.svg/18px-Solid_white.svg.png","//upload.wikimedia.org/wikipedia/commons/thumb/7/70/Solid_white.svg/18px-Solid_white.svg.png","//upload.wikimedia.org/wikipedia/commons/thumb/c/cd/Chess_l45.svg/26px-Chess_l45.svg.png","//upload.wikimedia.org/wikipedia/commons/thumb/3/37/Chess_d45.svg/26px-Chess_d45.svg.png","//upload.wikimedia.org/wikipedia/commons/thumb/c/cd/Chess_l45.svg/26px-Chess_l45.svg.png","//upload.wikimedia.org/wikipedia/commons/thumb/3/37/Chess_d45.svg/26px-Chess_d45.svg.png","//upload.wikimedia.org/wikipedia/commons/thumb/c/cd/Chess_l45.svg/26px-Chess_l45.svg.png","//upload.wikimedia.org/wikipedia/commons/thumb/3/37/Chess_d45.svg/26px-Chess_d45.svg.png","//upload.wikimedia.org/wikipedia/commons/thumb/0/04/Chess_kdl45.svg/26px-Chess_kdl45.svg.png","//upload.wikimedia.org/wikipedia/commons/thumb/3/37/Chess_d45.svg/26px-Chess_d45.svg.png","//upload.wikimedia.org/wikipedia/commons/thumb/3/37/Chess_d45.svg/26px-Chess_d45.svg.png","//upload.wikimedia.org/wikipedia/commons/thumb/0/07/Chess_pdl45.svg/26px-Chess_pdl45.svg.png","//upload.wikimedia.org/wikipedia/commons/thumb/3/37/Chess_d45.svg/26px-Chess_d45.svg.png","//upload.wikimedia.org/wikipedia/commons/thumb/4/44/Chess_rll45.svg/26px-Chess_rll45.svg.png","//upload.wikimedia.org/wikipedia/commons/thumb/3/37/Chess_d45.svg/26px-Chess_d45.svg.png","//upload.wikimedia.org/wikipedia/commons/thumb/c/cd/Chess_l45.svg/26px-Chess_l45.svg.png","//upload.wikimedia.org/wikipedia/commons/thumb/4/41/Chess_pdd45.svg/26px-Chess_pdd45.svg.png","//upload.wikimedia.org/wikipedia/commons/thumb/c/cd/Chess_l45.svg/26px-Chess_l45.svg.png","//upload.wikimedia.org/wikipedia/commons/thumb/0/07/Chess_pdl45.svg/26px-Chess_pdl45.svg.png","//upload.wikimedia.org/wikipedia/commons/thumb/3/37/Chess_d45.svg/26px-Chess_d45.svg.png","//upload.wikimedia.org/wikipedia/commons/thumb/0/07/Chess_pdl45.svg/26px-Chess_pdl45.svg.png","//upload.wikimedia.org/wikipedia/commons/thumb/3/37/Chess_d45.svg/26px-Chess_d45.svg.png","//upload.wikimedia.org/wikipedia/commons/thumb/c/cd/Chess_l45.svg/26px-Chess_l45.svg.png","//upload.wikimedia.org/wikipedia/commons/thumb/3/37/Chess_d45.svg/26px-Chess_d45.svg.png","//upload.wikimedia.org/wikipedia/commons/thumb/c/cd/Chess_l45.svg/26px-Chess_l45.svg.png","//upload.wikimedia.org/wikipedia/commons/thumb/3/37/Chess_d45.svg/26px-Chess_d45.svg.png","//upload.wikimedia.org/wikipedia/commons/thumb/9/98/Chess_pld45.svg/26px-Chess_pld45.svg.png","//upload.wikimedia.org/wikipedia/commons/thumb/c/cd/Chess_l45.svg/26px-Chess_l45.svg.png","//upload.wikimedia.org/wikipedia/commons/thumb/3/37/Chess_d45.svg/26px-Chess_d45.svg.png","//upload.wikimedia.org/wikipedia/commons/thumb/c/cd/Chess_l45.svg/26px-Chess_l45.svg.png","//upload.wikimedia.org/wikipedia/commons/thumb/3/37/Chess_d45.svg/26px-Chess_d45.svg.png","//upload.wikimedia.org/wikipedia/commons/thumb/0/07/Chess_pdl45.svg/26px-Chess_pdl45.svg.png","//upload.wikimedia.org/wikipedia/commons/thumb/3/37/Chess_d45.svg/26px-Chess_d45.svg.png","//upload.wikimedia.org/wikipedia/commons/thumb/c/cd/Chess_l45.svg/26px-Chess_l45.svg.png","//upload.wikimedia.org/wikipedia/commons/thumb/c/cd/Chess_l45.svg/26px-Chess_l45.svg.png","//upload.wikimedia.org/wikipedia/commons/thumb/4/4e/Chess_rdd45.svg/26px-Chess_rdd45.svg.png","//upload.wikimedia.org/wikipedia/commons/thumb/c/cd/Chess_l45.svg/26px-Chess_l45.svg.png","//upload.wikimedia.org/wikipedia/commons/thumb/3/37/Chess_d45.svg/26px-Chess_d45.svg.png","//upload.wikimedia.org/wikipedia/commons/thumb/c/cd/Chess_l45.svg/26px-Chess_l45.svg.png","//upload.wikimedia.org/wikipedia/commons/thumb/3/37/Chess_d45.svg/26px-Chess_d45.svg.png","//upload.wikimedia.org/wikipedia/commons/thumb/c/cd/Chess_l45.svg/26px-Chess_l45.svg.png","//upload.wikimedia.org/wikipedia/commons/thumb/3/37/Chess_d45.svg/26px-Chess_d45.svg.png","//upload.wikimedia.org/wikipedia/commons/thumb/3/37/Chess_d45.svg/26px-Chess_d45.svg.png","//upload.wikimedia.org/wikipedia/commons/thumb/c/cd/Chess_l45.svg/26px-Chess_l45.svg.png","//upload.wikimedia.org/wikipedia/commons/thumb/3/37/Chess_d45.svg/26px-Chess_d45.svg.png","//upload.wikimedia.org/wikipedia/commons/thumb/c/cd/Chess_l45.svg/26px-Chess_l45.svg.png","//upload.wikimedia.org/wikipedia/commons/thumb/9/98/Chess_pld45.svg/26px-Chess_pld45.svg.png","//upload.wikimedia.org/wikipedia/commons/thumb/c/cd/Chess_l45.svg/26px-Chess_l45.svg.png","//upload.wikimedia.org/wikipedia/commons/thumb/3/37/Chess_d45.svg/26px-Chess_d45.svg.png","//upload.wikimedia.org/wikipedia/commons/thumb/c/cd/Chess_l45.svg/26px-Chess_l45.svg.png","//upload.wikimedia.org/wikipedia/commons/thumb/c/cd/Chess_l45.svg/26px-Chess_l45.svg.png","//upload.wikimedia.org/wikipedia/commons/thumb/3/37/Chess_d45.svg/26px-Chess_d45.svg.png","//upload.wikimedia.org/wikipedia/commons/thumb/c/cd/Chess_l45.svg/26px-Chess_l45.svg.png","//upload.wikimedia.org/wikipedia/commons/thumb/3/37/Chess_d45.svg/26px-Chess_d45.svg.png","//upload.wikimedia.org/wikipedia/commons/thumb/c/cd/Chess_l45.svg/26px-Chess_l45.svg.png","//upload.wikimedia.org/wikipedia/commons/thumb/1/1c/Chess_kld45.svg/26px-Chess_kld45.svg.png","//upload.wikimedia.org/wikipedia/commons/thumb/8/86/Chess_pll45.svg/26px-Chess_pll45.svg.png","//upload.wikimedia.org/wikipedia/commons/thumb/9/98/Chess_pld45.svg/26px-Chess_pld45.svg.png","//upload.wikimedia.org/wikipedia/commons/thumb/3/37/Chess_d45.svg/26px-Chess_d45.svg.png","//upload.wikimedia.org/wikipedia/commons/thumb/c/cd/Chess_l45.svg/26px-Chess_l45.svg.png","//upload.wikimedia.org/wikipedia/commons/thumb/3/37/Chess_d45.svg/26px-Chess_d45.svg.png","//upload.wikimedia.org/wikipedia/commons/thumb/c/cd/Chess_l45.svg/26px-Chess_l45.svg.png","//upload.wikimedia.org/wikipedia/commons/thumb/3/37/Chess_d45.svg/26px-Chess_d45.svg.png","//upload.wikimedia.org/wikipedia/commons/thumb/c/cd/Chess_l45.svg/26px-Chess_l45.svg.png","//upload.wikimedia.org/wikipedia/commons/thumb/3/37/Chess_d45.svg/26px-Chess_d45.svg.png","//upload.wikimedia.org/wikipedia/commons/thumb/c/cd/Chess_l45.svg/26px-Chess_l45.svg.png","//upload.wikimedia.org/wikipedia/commons/thumb/7/70/Solid_white.svg/18px-Solid_white.svg.png","//upload.wikimedia.org/wikipedia/commons/thumb/7/70/Solid_white.svg/18px-Solid_white.svg.png","//upload.wikimedia.org/wikipedia/commons/thumb/7/70/Solid_white.svg/18px-Solid_white.svg.png","//upload.wikimedia.org/wikipedia/commons/thumb/7/70/Solid_white.svg/18px-Solid_white.svg.png","//upload.wikimedia.org/wikipedia/commons/thumb/8/8e/Chess_rdl45.svg/26px-Chess_rdl45.svg.png","//upload.wikimedia.org/wikipedia/commons/thumb/b/b4/Chess_ndd45.svg/26px-Chess_ndd45.svg.png","//upload.wikimedia.org/wikipedia/commons/thumb/1/1f/Chess_bdl45.svg/26px-Chess_bdl45.svg.png","//upload.wikimedia.org/wikipedia/commons/thumb/e/ed/Chess_qdd45.svg/26px-Chess_qdd45.svg.png","//upload.wikimedia.org/wikipedia/commons/thumb/0/04/Chess_kdl45.svg/26px-Chess_kdl45.svg.png","//upload.wikimedia.org/wikipedia/commons/thumb/9/9a/Chess_bdd45.svg/26px-Chess_bdd45.svg.png","//upload.wikimedia.org/wikipedia/commons/thumb/c/c8/Chess_ndl45.svg/26px-Chess_ndl45.svg.png","//upload.wikimedia.org/wikipedia/commons/thumb/4/4e/Chess_rdd45.svg/26px-Chess_rdd45.svg.png","//upload.wikimedia.org/wikipedia/commons/thumb/4/41/Chess_pdd45.svg/26px-Chess_pdd45.svg.png","//upload.wikimedia.org/wikipedia/commons/thumb/0/07/Chess_pdl45.svg/26px-Chess_pdl45.svg.png","//upload.wikimedia.org/wikipedia/commons/thumb/4/41/Chess_pdd45.svg/26px-Chess_pdd45.svg.png","//upload.wikimedia.org/wikipedia/commons/thumb/0/07/Chess_pdl45.svg/26px-Chess_pdl45.svg.png","//upload.wikimedia.org/wikipedia/commons/thumb/3/37/Chess_d45.svg/26px-Chess_d45.svg.png","//upload.wikimedia.org/wikipedia/commons/thumb/0/07/Chess_pdl45.svg/26px-Chess_pdl45.svg.png","//upload.wikimedia.org/wikipedia/commons/thumb/3/37/Chess_d45.svg/26px-Chess_d45.svg.png","//upload.wikimedia.org/wikipedia/commons/thumb/0/07/Chess_pdl45.svg/26px-Chess_pdl45.svg.png","//upload.wikimedia.org/wikipedia/commons/thumb/c/cd/Chess_l45.svg/26px-Chess_l45.svg.png","//upload.wikimedia.org/wikipedia/commons/thumb/3/37/Chess_d45.svg/26px-Chess_d45.svg.png","//upload.wikimedia.org/wikipedia/commons/thumb/c/cd/Chess_l45.svg/26px-Chess_l45.svg.png","//upload.wikimedia.org/wikipedia/commons/thumb/3/37/Chess_d45.svg/26px-Chess_d45.svg.png","//upload.wikimedia.org/wikipedia/commons/thumb/c/cd/Chess_l45.svg/26px-Chess_l45.svg.png","//upload.wikimedia.org/wikipedia/commons/thumb/3/37/Chess_d45.svg/26px-Chess_d45.svg.png","//upload.wikimedia.org/wikipedia/commons/thumb/c/cd/Chess_l45.svg/26px-Chess_l45.svg.png","//upload.wikimedia.org/wikipedia/commons/thumb/3/37/Chess_d45.svg/26px-Chess_d45.svg.png","//upload.wikimedia.org/wikipedia/commons/thumb/3/37/Chess_d45.svg/26px-Chess_d45.svg.png","//upload.wikimedia.org/wikipedia/commons/thumb/c/cd/Chess_l45.svg/26px-Chess_l45.svg.png","//upload.wikimedia.org/wikipedia/commons/thumb/3/37/Chess_d45.svg/26px-Chess_d45.svg.png","//upload.wikimedia.org/wikipedia/commons/thumb/c/cd/Chess_l45.svg/26px-Chess_l45.svg.png","//upload.wikimedia.org/wikipedia/commons/thumb/d/d4/Chess_nld45.svg/26px-Chess_nld45.svg.png","//upload.wikimedia.org/wikipedia/commons/thumb/c/cd/Chess_l45.svg/26px-Chess_l45.svg.png","//upload.wikimedia.org/wikipedia/commons/thumb/3/37/Chess_d45.svg/26px-Chess_d45.svg.png","//upload.wikimedia.org/wikipedia/commons/thumb/c/cd/Chess_l45.svg/26px-Chess_l45.svg.png","//upload.wikimedia.org/wikipedia/commons/thumb/c/cd/Chess_l45.svg/26px-Chess_l45.svg.png","//upload.wikimedia.org/wikipedia/commons/thumb/3/37/Chess_d45.svg/26px-Chess_d45.svg.png","//upload.wikimedia.org/wikipedia/commons/thumb/c/cd/Chess_l45.svg/26px-Chess_l45.svg.png","//upload.wikimedia.org/wikipedia/commons/thumb/3/37/Chess_d45.svg/26px-Chess_d45.svg.png","//upload.wikimedia.org/wikipedia/commons/thumb/8/86/Chess_pll45.svg/26px-Chess_pll45.svg.png","//upload.wikimedia.org/wikipedia/commons/thumb/4/41/Chess_pdd45.svg/26px-Chess_pdd45.svg.png","//upload.wikimedia.org/wikipedia/commons/thumb/0/07/Chess_pdl45.svg/26px-Chess_pdl45.svg.png","//upload.wikimedia.org/wikipedia/commons/thumb/9/98/Chess_pld45.svg/26px-Chess_pld45.svg.png","//upload.wikimedia.org/wikipedia/commons/thumb/3/37/Chess_d45.svg/26px-Chess_d45.svg.png","//upload.wikimedia.org/wikipedia/commons/thumb/c/cd/Chess_l45.svg/26px-Chess_l45.svg.png","//upload.wikimedia.org/wikipedia/commons/thumb/3/37/Chess_d45.svg/26px-Chess_d45.svg.png","//upload.wikimedia.org/wikipedia/commons/thumb/c/cd/Chess_l45.svg/26px-Chess_l45.svg.png","//upload.wikimedia.org/wikipedia/commons/thumb/3/37/Chess_d45.svg/26px-Chess_d45.svg.png","//upload.wikimedia.org/wikipedia/commons/thumb/c/cd/Chess_l45.svg/26px-Chess_l45.svg.png","//upload.wikimedia.org/wikipedia/commons/thumb/3/37/Chess_d45.svg/26px-Chess_d45.svg.png","//upload.wikimedia.org/wikipedia/commons/thumb/c/cd/Chess_l45.svg/26px-Chess_l45.svg.png","//upload.wikimedia.org/wikipedia/commons/thumb/8/86/Chess_pll45.svg/26px-Chess_pll45.svg.png","//upload.wikimedia.org/wikipedia/commons/thumb/9/98/Chess_pld45.svg/26px-Chess_pld45.svg.png","//upload.wikimedia.org/wikipedia/commons/thumb/8/86/Chess_pll45.svg/26px-Chess_pll45.svg.png","//upload.wikimedia.org/wikipedia/commons/thumb/9/98/Chess_pld45.svg/26px-Chess_pld45.svg.png","//upload.wikimedia.org/wikipedia/commons/thumb/c/cd/Chess_l45.svg/26px-Chess_l45.svg.png","//upload.wikimedia.org/wikipedia/commons/thumb/3/37/Chess_d45.svg/26px-Chess_d45.svg.png","//upload.wikimedia.org/wikipedia/commons/thumb/8/86/Chess_pll45.svg/26px-Chess_pll45.svg.png","//upload.wikimedia.org/wikipedia/commons/thumb/3/37/Chess_d45.svg/26px-Chess_d45.svg.png","//upload.wikimedia.org/wikipedia/commons/thumb/c/c3/Chess_rld45.svg/26px-Chess_rld45.svg.png","//upload.wikimedia.org/wikipedia/commons/thumb/a/ad/Chess_nll45.svg/26px-Chess_nll45.svg.png","//upload.wikimedia.org/wikipedia/commons/thumb/f/fd/Chess_bld45.svg/26px-Chess_bld45.svg.png","//upload.wikimedia.org/wikipedia/commons/thumb/9/9a/Chess_qll45.svg/26px-Chess_qll45.svg.png","//upload.wikimedia.org/wikipedia/commons/thumb/1/1c/Chess_kld45.svg/26px-Chess_kld45.svg.png","//upload.wikimedia.org/wikipedia/commons/thumb/1/1e/Chess_bll45.svg/26px-Chess_bll45.svg.png","//upload.wikimedia.org/wikipedia/commons/thumb/3/37/Chess_d45.svg/26px-Chess_d45.svg.png","//upload.wikimedia.org/wikipedia/commons/thumb/4/44/Chess_rll45.svg/26px-Chess_rll45.svg.png","//upload.wikimedia.org/wikipedia/commons/thumb/7/70/Solid_white.svg/18px-Solid_white.svg.png","//upload.wikimedia.org/wikipedia/commons/thumb/7/70/Solid_white.svg/18px-Solid_white.svg.png","//upload.wikimedia.org/wikipedia/commons/thumb/7/70/Solid_white.svg/18px-Solid_white.svg.png","//upload.wikimedia.org/wikipedia/commons/thumb/7/70/Solid_white.svg/18px-Solid_white.svg.png","//upload.wikimedia.org/wikipedia/commons/thumb/8/8e/Chess_rdl45.svg/26px-Chess_rdl45.svg.png","//upload.wikimedia.org/wikipedia/commons/thumb/b/b4/Chess_ndd45.svg/26px-Chess_ndd45.svg.png","//upload.wikimedia.org/wikipedia/commons/thumb/1/1f/Chess_bdl45.svg/26px-Chess_bdl45.svg.png","//upload.wikimedia.org/wikipedia/commons/thumb/e/ed/Chess_qdd45.svg/26px-Chess_qdd45.svg.png","//upload.wikimedia.org/wikipedia/commons/thumb/0/04/Chess_kdl45.svg/26px-Chess_kdl45.svg.png","//upload.wikimedia.org/wikipedia/commons/thumb/3/37/Chess_d45.svg/26px-Chess_d45.svg.png","//upload.wikimedia.org/wikipedia/commons/thumb/c/c8/Chess_ndl45.svg/26px-Chess_ndl45.svg.png","//upload.wikimedia.org/wikipedia/commons/thumb/3/37/Chess_d45.svg/26px-Chess_d45.svg.png","//upload.wikimedia.org/wikipedia/commons/thumb/4/41/Chess_pdd45.svg/26px-Chess_pdd45.svg.png","//upload.wikimedia.org/wikipedia/commons/thumb/0/07/Chess_pdl45.svg/26px-Chess_pdl45.svg.png","//upload.wikimedia.org/wikipedia/commons/thumb/4/41/Chess_pdd45.svg/26px-Chess_pdd45.svg.png","//upload.wikimedia.org/wikipedia/commons/thumb/c/cd/Chess_l45.svg/26px-Chess_l45.svg.png","//upload.wikimedia.org/wikipedia/commons/thumb/3/37/Chess_d45.svg/26px-Chess_d45.svg.png","//upload.wikimedia.org/wikipedia/commons/thumb/0/07/Chess_pdl45.svg/26px-Chess_pdl45.svg.png","//upload.wikimedia.org/wikipedia/commons/thumb/3/37/Chess_d45.svg/26px-Chess_d45.svg.png","//upload.wikimedia.org/wikipedia/commons/thumb/8/8e/Chess_rdl45.svg/26px-Chess_rdl45.svg.png","//upload.wikimedia.org/wikipedia/commons/thumb/c/cd/Chess_l45.svg/26px-Chess_l45.svg.png","//upload.wikimedia.org/wikipedia/commons/thumb/3/37/Chess_d45.svg/26px-Chess_d45.svg.png","//upload.wikimedia.org/wikipedia/commons/thumb/c/cd/Chess_l45.svg/26px-Chess_l45.svg.png","//upload.wikimedia.org/wikipedia/commons/thumb/4/41/Chess_pdd45.svg/26px-Chess_pdd45.svg.png","//upload.wikimedia.org/wikipedia/commons/thumb/c/cd/Chess_l45.svg/26px-Chess_l45.svg.png","//upload.wikimedia.org/wikipedia/commons/thumb/3/37/Chess_d45.svg/26px-Chess_d45.svg.png","//upload.wikimedia.org/wikipedia/commons/thumb/c/cd/Chess_l45.svg/26px-Chess_l45.svg.png","//upload.wikimedia.org/wikipedia/commons/thumb/9/9a/Chess_bdd45.svg/26px-Chess_bdd45.svg.png","//upload.wikimedia.org/wikipedia/commons/thumb/3/37/Chess_d45.svg/26px-Chess_d45.svg.png","//upload.wikimedia.org/wikipedia/commons/thumb/c/cd/Chess_l45.svg/26px-Chess_l45.svg.png","//upload.wikimedia.org/wikipedia/commons/thumb/3/37/Chess_d45.svg/26px-Chess_d45.svg.png","//upload.wikimedia.org/wikipedia/commons/thumb/c/cd/Chess_l45.svg/26px-Chess_l45.svg.png","//upload.wikimedia.org/wikipedia/commons/thumb/3/37/Chess_d45.svg/26px-Chess_d45.svg.png","//upload.wikimedia.org/wikipedia/commons/thumb/c/cd/Chess_l45.svg/26px-Chess_l45.svg.png","//upload.wikimedia.org/wikipedia/commons/thumb/3/37/Chess_d45.svg/26px-Chess_d45.svg.png","//upload.wikimedia.org/wikipedia/commons/thumb/0/07/Chess_pdl45.svg/26px-Chess_pdl45.svg.png","//upload.wikimedia.org/wikipedia/commons/thumb/c/cd/Chess_l45.svg/26px-Chess_l45.svg.png","//upload.wikimedia.org/wikipedia/commons/thumb/3/37/Chess_d45.svg/26px-Chess_d45.svg.png","//upload.wikimedia.org/wikipedia/commons/thumb/1/1e/Chess_bll45.svg/26px-Chess_bll45.svg.png","//upload.wikimedia.org/wikipedia/commons/thumb/9/98/Chess_pld45.svg/26px-Chess_pld45.svg.png","//upload.wikimedia.org/wikipedia/commons/thumb/8/86/Chess_pll45.svg/26px-Chess_pll45.svg.png","//upload.wikimedia.org/wikipedia/commons/thumb/9/98/Chess_pld45.svg/26px-Chess_pld45.svg.png","//upload.wikimedia.org/wikipedia/commons/thumb/0/07/Chess_pdl45.svg/26px-Chess_pdl45.svg.png","//upload.wikimedia.org/wikipedia/commons/thumb/3/37/Chess_d45.svg/26px-Chess_d45.svg.png","//upload.wikimedia.org/wikipedia/commons/thumb/3/37/Chess_d45.svg/26px-Chess_d45.svg.png","//upload.wikimedia.org/wikipedia/commons/thumb/c/cd/Chess_l45.svg/26px-Chess_l45.svg.png","//upload.wikimedia.org/wikipedia/commons/thumb/d/d4/Chess_nld45.svg/26px-Chess_nld45.svg.png","//upload.wikimedia.org/wikipedia/commons/thumb/a/ad/Chess_nll45.svg/26px-Chess_nll45.svg.png","//upload.wikimedia.org/wikipedia/commons/thumb/f/fd/Chess_bld45.svg/26px-Chess_bld45.svg.png","//upload.wikimedia.org/wikipedia/commons/thumb/c/cd/Chess_l45.svg/26px-Chess_l45.svg.png","//upload.wikimedia.org/wikipedia/commons/thumb/3/37/Chess_d45.svg/26px-Chess_d45.svg.png","//upload.wikimedia.org/wikipedia/commons/thumb/c/cd/Chess_l45.svg/26px-Chess_l45.svg.png","//upload.wikimedia.org/wikipedia/commons/thumb/8/86/Chess_pll45.svg/26px-Chess_pll45.svg.png","//upload.wikimedia.org/wikipedia/commons/thumb/9/98/Chess_pld45.svg/26px-Chess_pld45.svg.png","//upload.wikimedia.org/wikipedia/commons/thumb/8/86/Chess_pll45.svg/26px-Chess_pll45.svg.png","//upload.wikimedia.org/wikipedia/commons/thumb/3/37/Chess_d45.svg/26px-Chess_d45.svg.png","//upload.wikimedia.org/wikipedia/commons/thumb/8/85/Chess_kll45.svg/26px-Chess_kll45.svg.png","//upload.wikimedia.org/wikipedia/commons/thumb/3/37/Chess_d45.svg/26px-Chess_d45.svg.png","//upload.wikimedia.org/wikipedia/commons/thumb/c/cd/Chess_l45.svg/26px-Chess_l45.svg.png","//upload.wikimedia.org/wikipedia/commons/thumb/3/37/Chess_d45.svg/26px-Chess_d45.svg.png","//upload.wikimedia.org/wikipedia/commons/thumb/c/c3/Chess_rld45.svg/26px-Chess_rld45.svg.png","//upload.wikimedia.org/wikipedia/commons/thumb/c/cd/Chess_l45.svg/26px-Chess_l45.svg.png","//upload.wikimedia.org/wikipedia/commons/thumb/3/37/Chess_d45.svg/26px-Chess_d45.svg.png","//upload.wikimedia.org/wikipedia/commons/thumb/9/9a/Chess_qll45.svg/26px-Chess_qll45.svg.png","//upload.wikimedia.org/wikipedia/commons/thumb/3/37/Chess_d45.svg/26px-Chess_d45.svg.png","//upload.wikimedia.org/wikipedia/commons/thumb/c/cd/Chess_l45.svg/26px-Chess_l45.svg.png","//upload.wikimedia.org/wikipedia/commons/thumb/3/37/Chess_d45.svg/26px-Chess_d45.svg.png","//upload.wikimedia.org/wikipedia/commons/thumb/4/44/Chess_rll45.svg/26px-Chess_rll45.svg.png","//upload.wikimedia.org/wikipedia/commons/thumb/7/70/Solid_white.svg/18px-Solid_white.svg.png","//upload.wikimedia.org/wikipedia/commons/thumb/7/70/Solid_white.svg/18px-Solid_white.svg.png","//bits.wikimedia.org/static-1.21wmf11/skins/vector/images/search-ltr.png?303-4","//bits.wikimedia.org/images/wikimedia-button.png","//bits.wikimedia.org/static-1.21wmf11/skins/common/images/poweredby_mediawiki_88x31.png"],"tags":[["material","chess"],["initiative","chess"],["bishop","chess"],["king","chess"],["pawn","chess"],["file","chess"],["rank","chess"],["rook","chess"],["draw","chess"],["sacrifice","chess"]],"members":["pawn","draw","file","sacrifice","bishop","initiative","rook","king","rank","material"],"related":["Chess","Material_(chess)","Initiative_(chess)","Pawn_structure","Bishop_(chess)","Chess_endgame","Chess_piece","Gambit","King_(chess)","Pawn_(chess)","Chessboard","Passed_pawn","Connected_pawns","File_(chess)","Rank_(chess)","Rook_(chess)","Lev_Polugaevsky","Larry_Evans","Draw_(chess)","World_chess_championship","Boris_Spassky","Bobby_Fischer","King's_Gambit","Chess_opening","Sacrifice_(chess)","Basic_Chess_Endings","My_60_Memorable_Games"]}