{"cursor":"31417","size":15,"audio":[],"currentlang":"en","article":"\n\n'Omniscience' ( \"), mainly in religion, is the capacity to know\neverything that there is to know. In particular, Hinduism and the Abrahamic\nreligions (Judaism, Christianity, and Islam) believe that there is a divine\nbeing who is omniscient. An '[[omniscient point-of-view]]', in writing, is to\nknow everything that can be known about a character, including past history,\nthoughts, feelings, etc. In Latin, omnis means \"all\" and sciens means \"knowing\".\n","linknr":330,"url":"Omniscience","recorded":1363572554,"links":["/w/index.php?title=Omniscience&action=edit","/w/index.php?title=Omniscience&action=edit","//en.wikipedia.org/apple-touch-icon.png","//bits.wikimedia.org/favicon/wikipedia.ico","/w/opensearch_desc.php","//en.wikipedia.org/w/api.php?action=rsd","//creativecommons.org/licenses/by-sa/3.0/","/w/index.php?title=Special:RecentChanges&feed=atom","//bits.wikimedia.org/en.wikipedia.org/load.php?debug=false&lang=en&modules=ext.gadget.DRN-wizard%2CReferenceTooltips%2Ccharinsert%2Cteahouse%7Cext.wikihiero%7Cmediawiki.legacy.commonPrint%2Cshared%7Cmw.PopUpMediaTransform%7Cskins.vector&only=styles&skin=vector&*","//bits.wikimedia.org/en.wikipedia.org/load.php?debug=false&lang=en&modules=site&only=styles&skin=vector&*","//bits.wikimedia.org/en.wikipedia.org/load.php?debug=false&lang=en&modules=startup&only=scripts&skin=vector&*","//bits.wikimedia.org/geoiplookup","//meta.wikimedia.org","#mw-head","#p-search","/wiki/Omniscience_(album)","//upload.wikimedia.org/wikipedia/en/thumb/9/99/Question_book-new.svg/50px-Question_book-new.svg.png","//en.wikipedia.org/w/index.php?title=Omniscience&action=edit","/wiki/Help:Introduction_to_referencing/1","/wiki/Template:Citation_needed","/wiki/Wikipedia:Verifiability#Burden_of_evidence","/wiki/Help:IPA_for_English","/wiki/Help:IPA_for_English#Key","/wiki/Help:IPA_for_English#Key","/wiki/Help:IPA_for_English#Key","/wiki/Help:IPA_for_English#Key","/wiki/Help:IPA_for_English#Key","/wiki/Help:IPA_for_English#Key","/wiki/Help:IPA_for_English#Key","/wiki/Help:IPA_for_English#Key","/wiki/Help:IPA_for_English#Key","/wiki/Help:IPA_for_English","#cite_note-1","/wiki/Religion","/wiki/Abrahamic_religion","/wiki/Judaism","/wiki/Christianity","/wiki/Islam","/wiki/Divine_being","/wiki/Omniscient_point-of-view","#Definitions","#Controversies","#God_created_knowledge","#The_omniscience_paradox_of_creating_information_and_knowledge","#Omniscience_vs_free_will","#Anterograde_omniscience","#Non-theological_uses","#Theological_representations","#Omniscience_in_Buddhist_India","#See_also","#References","#External_links","/w/index.php?title=Omniscience&action=edit&section=1","/wiki/Attributes_of_God_in_Christianity","/wiki/God_in_Christianity","/wiki/File:Stained_glass,_Holy_Family_Church,_Teconnaught,_September_2010_crop.jpg","//upload.wikimedia.org/wikipedia/commons/thumb/f/f3/Stained_glass%2C_Holy_Family_Church%2C_Teconnaught%2C_September_2010_crop.jpg/220px-Stained_glass%2C_Holy_Family_Church%2C_Teconnaught%2C_September_2010_crop.jpg","/wiki/Aseity","/wiki/God_and_eternity","/wiki/Grace_(Christianity)","/wiki/Sacred","/wiki/Immanence","/wiki/Immutability_(theology)","/wiki/Impassibility","/wiki/Impeccability","/wiki/Incorporeality","/wiki/Love_of_God_(Christianity)","/wiki/Missio_Dei","/wiki/Omnibenevolence","/wiki/Omnipotence","/wiki/Omnipresence","/wiki/Monotheism","/wiki/Divine_providence","/wiki/Righteousness","/wiki/Divine_simplicity","/wiki/Transcendence_(religion)","/wiki/Trinity","/wiki/Religious_views_on_truth#Christianity","/wiki/Divine_retribution","/wiki/Template:Attributes_of_God","/wiki/Template_talk:Attributes_of_God","//en.wikipedia.org/w/index.php?title=Template:Attributes_of_God&action=edit","/wiki/Christian","/wiki/Theologian","#cite_note-2","/wiki/Predestination","/w/index.php?title=Omniscience&action=edit&section=2","/wiki/Omnipotence","/wiki/Nontheism","/wiki/Free_will","/wiki/Theists","/wiki/Philosophers","/wiki/Theological_fatalism","#cite_note-3","/w/index.php?title=Omniscience&action=edit&section=3","/wiki/Existence_of_God","/wiki/Nothing","/wiki/Negation","#cite_note-4","/wiki/Propositional_knowledge","/wiki/Experiential_knowledge","/wiki/Procedural_knowledge","/w/index.php?title=Omniscience&action=edit&section=4","//upload.wikimedia.org/wikipedia/en/f/f4/Ambox_content.png","/wiki/Wikipedia:No_original_research","//en.wikipedia.org/w/index.php?title=Omniscience&action=edit","/wiki/Wikipedia:Verifiability","/wiki/Wikipedia:References","/wiki/File:Question_book-new.svg","//upload.wikimedia.org/wikipedia/en/thumb/9/99/Question_book-new.svg/50px-Question_book-new.svg.png","/wiki/Wikipedia:Citing_sources","/wiki/Wikipedia:Verifiability","/wiki/Help:Introduction_to_referencing/1","/wiki/Wikipedia:Verifiability#Burden_of_evidence","#cite_note-5","#cite_note-6","#cite_note-7","#cite_note-8","#cite_note-9","#cite_note-10","#cite_note-11","#cite_note-12","#cite_note-13","#cite_note-14","#cite_note-15","#cite_note-16","#cite_note-17","#cite_note-18","http://www.archive.org/stream/AnExactExpositionOfTheOrthodoxFaith/An_Exact_Exposition_Of_The_Orthodox_Faith_djvu.txt","#cite_note-19","#cite_note-20","#cite_note-21","#cite_note-22","#cite_note-23","#cite_note-24","/w/index.php?title=Omniscience&action=edit&section=5","/wiki/Determinism","/wiki/Freewill","/wiki/Argument_from_free_will","/w/index.php?title=Omniscience&action=edit&section=6","//upload.wikimedia.org/wikipedia/en/f/f4/Ambox_content.png","/wiki/Wikipedia:No_original_research","//en.wikipedia.org/w/index.php?title=Omniscience&action=edit","/wiki/Wikipedia:Verifiability","/wiki/Wikipedia:References","/wiki/File:Question_book-new.svg","//upload.wikimedia.org/wikipedia/en/thumb/9/99/Question_book-new.svg/50px-Question_book-new.svg.png","/wiki/Wikipedia:Citing_sources","/wiki/Wikipedia:Verifiability","/wiki/Help:Introduction_to_referencing/1","/wiki/Wikipedia:Verifiability#Burden_of_evidence","/wiki/Predestination","/w/index.php?title=Omniscience&action=edit&section=7","/wiki/Game_theory","/wiki/Point_of_view_(literature)","/wiki/Omniscient_narrator","/wiki/Surveillance","/w/index.php?title=Omniscient_technology&action=edit&redlink=1","/wiki/Wikipedia:Citation_needed","/wiki/Devin_Townsend","/wiki/Ziltoid_the_Omniscient","/w/index.php?title=Omniscience&action=edit&section=8","//upload.wikimedia.org/wikipedia/en/f/f4/Ambox_content.png","/wiki/Wikipedia:No_original_research","//en.wikipedia.org/w/index.php?title=Omniscience&action=edit","/wiki/Wikipedia:Verifiability","/wiki/Wikipedia:References","/wiki/File:Question_book-new.svg","//upload.wikimedia.org/wikipedia/en/thumb/9/99/Question_book-new.svg/50px-Question_book-new.svg.png","/wiki/Wikipedia:Citing_sources","/wiki/Wikipedia:Verifiability","/wiki/Help:Introduction_to_referencing/1","/wiki/Wikipedia:Verifiability#Burden_of_evidence","/wiki/Modal_logic","//upload.wikimedia.org/math/6/a/2/6a29b91bd08162519ab91a2c09b2b4e0.png","//upload.wikimedia.org/math/e/8/5/e858c7ae5545dc65d5c23bd4bb580735.png","/wiki/Logical_truth","//upload.wikimedia.org/math/0/c/6/0c65eefe6653cc3afcbbb698c83e83ab.png","/w/index.php?title=Omniscience&action=edit&section=9","/wiki/Dharmakirti","/wiki/Pramana","/wiki/%C5%9A%C4%81ntarak%E1%B9%A3ita","/wiki/Kamala%C5%9B%C4%ABla","/wiki/Tattvasamgraha","/wiki/Shakyamuni_Buddha","#cite_note-25","/w/index.php?title=Omniscience&action=edit&section=10","/wiki/Epistemology","/wiki/Impassibility","/wiki/Omnibenevolence","/wiki/Omnipotence","/wiki/Omnipresence","/wiki/Pantomath","/wiki/Predestination","/wiki/Problem_of_evil","/wiki/String_Theory","/wiki/Theory","/wiki/Truth","/w/index.php?title=Omniscience&action=edit&section=11","#cite_ref-1","http://oed.com/search?searchType=dictionary&q=omniscience","/wiki/Oxford_English_Dictionary","http://oed.com/search?searchType=dictionary&q=omniscience","#cite_ref-2","/wiki/John_Polkinghorne","/wiki/Special:BookSources/0800631536","#cite_ref-3","http://www.valdosta.edu/~rbarnett/phi/free.html","#cite_ref-4","http://biblesuite.com/hebrew/1823","#cite_ref-5","http://en.wikipedia.org/wiki/Self-refuting_idea","#cite_ref-6","http://en.wikipedia.org/wiki/Digital_physics","#cite_ref-7","http://en.wikipedia.org/wiki/Information","#cite_ref-8","http://en.wikipedia.org/wiki/Pantheism","#cite_ref-9","http://en.wikipedia.org/wiki/Metaphysical_naturalism","#cite_ref-10","http://en.wikipedia.org/wiki/Existence","#cite_ref-11","http://matt-mattjwest.newsvine.com/_news/2011/01/17/5864016-information-the-material-physical-cause-of-causation","#cite_ref-12","http://www.personal.psu.edu/wxh139/Quality.htm","#cite_ref-13","http://en.wikipedia.org/wiki/Inquiry","#cite_ref-14","http://en.wikipedia.org/wiki/Sensory_system","#cite_ref-15","http://en.wikipedia.org/wiki/Cognitive_architecture","#cite_ref-16","http://en.wikipedia.org/wiki/Information_science","#cite_ref-17","http://en.wikipedia.org/wiki/Systems_theory","#cite_ref-18","http://matt-mattjwest.newsvine.com/_news/2011/01/17/5864016-information-the-material-physical-cause-of-causation","#cite_ref-19","#cite_ref-20","#cite_ref-21","http://www.tyler.net/triddorus/omniscience.html","#cite_ref-22","http://matt-mattjwest.newsvine.com/_news/2011/03/19/6300872-cosmological-reasons-for-gods-nonexistence","#cite_ref-23","http://en.wikipedia.org/wiki/Panentheism","#cite_ref-24","http://www.thefreedictionary.com/nonentities","#cite_ref-25","/w/index.php?title=Omniscience&action=edit&section=12","http://plato.stanford.edu/entries/omniscience","/wiki/Stanford_Encyclopedia_of_Philosophy","http://en.wikipedia.org/w/index.php?title=Omniscience&oldid=543425588","/wiki/Help:Categories","/wiki/Category:Social_psychology","/wiki/Category:Self","/wiki/Category:Attributes_of_God_in_Christian_theology","/wiki/Category:Superlatives_in_religion","/wiki/Category:Omniscience","/wiki/Category:Articles_needing_additional_references_from_March_2011","/wiki/Category:All_articles_needing_additional_references","/wiki/Category:Articles_that_may_contain_original_research_from_November_2011","/wiki/Category:All_articles_that_may_contain_original_research","/wiki/Category:Articles_needing_additional_references_from_November_2011","/wiki/Category:All_articles_with_unsourced_statements","/wiki/Category:Articles_with_unsourced_statements_from_June_2012","/wiki/Category:Articles_that_may_contain_original_research_from_June_2010","/wiki/Category:Articles_needing_additional_references_from_June_2010","/w/index.php?title=Special:UserLogin&returnto=Omniscience&type=signup","/w/index.php?title=Special:UserLogin&returnto=Omniscience","/wiki/Omniscience","/wiki/Talk:Omniscience","#","/wiki/Omniscience","/w/index.php?title=Omniscience&action=edit","/w/index.php?title=Omniscience&action=history","#","/w/index.php","//bits.wikimedia.org/static-1.21wmf11/skins/vector/images/search-ltr.png?303-4","/wiki/Main_Page","/wiki/Main_Page","/wiki/Portal:Contents","/wiki/Portal:Featured_content","/wiki/Portal:Current_events","/wiki/Special:Random","//donate.wikimedia.org/wiki/Special:FundraiserRedirector?utm_source=donate&utm_medium=sidebar&utm_campaign=C13_en.wikipedia.org&uselang=en","/wiki/Help:Contents","/wiki/Wikipedia:About","/wiki/Wikipedia:Community_portal","/wiki/Special:RecentChanges","/wiki/Wikipedia:Contact_us","/wiki/Special:WhatLinksHere/Omniscience","/wiki/Special:RecentChangesLinked/Omniscience","/wiki/Wikipedia:File_Upload_Wizard","/wiki/Special:SpecialPages","/w/index.php?title=Omniscience&oldid=543425588","/w/index.php?title=Omniscience&action=info","/w/index.php?title=Special:Cite&page=Omniscience&id=543425588","/w/index.php?title=Special:Book&bookcmd=book_creator&referer=Omniscience","/w/index.php?title=Special:Book&bookcmd=render_article&arttitle=Omniscience&oldid=543425588&writer=rl","/w/index.php?title=Omniscience&printable=yes","//ar.wikipedia.org/wiki/%D8%B9%D9%84%D9%85_%D9%84%D8%A7%D9%86%D9%87%D8%A7%D8%A6%D9%8A","//ca.wikipedia.org/wiki/Omnisci%C3%A8ncia","//de.wikipedia.org/wiki/Omniszienz","//es.wikipedia.org/wiki/Omnisciencia","//fr.wikipedia.org/wiki/Omniscience","//gl.wikipedia.org/wiki/Omnisciencia","//ia.wikipedia.org/wiki/Omniscientia","//nl.wikipedia.org/wiki/Alwetendheid","//pl.wikipedia.org/wiki/Omniscjencja","//pt.wikipedia.org/wiki/Onisci%C3%AAncia","//ru.wikipedia.org/wiki/%D0%92%D1%81%D0%B5%D0%B2%D0%B5%D0%B4%D0%B5%D0%BD%D0%B8%D0%B5","//sv.wikipedia.org/wiki/Allvetande","//zh.wikipedia.org/wiki/%E5%85%A8%E7%9F%A5","//www.wikidata.org/wiki/Special:ItemByTitle/enwiki/Omniscience","//en.wikipedia.org/wiki/Wikipedia:Text_of_Creative_Commons_Attribution-ShareAlike_3.0_Unported_License","//creativecommons.org/licenses/by-sa/3.0/","//wikimediafoundation.org/wiki/Terms_of_Use","//www.wikimediafoundation.org/","//en.wikipedia.org/wiki/Wikipedia:Contact_us","//wikimediafoundation.org/wiki/Privacy_policy","/wiki/Wikipedia:About","/wiki/Wikipedia:General_disclaimer","http://en.m.wikipedia.org/wiki/Omniscience","//wikimediafoundation.org/","//bits.wikimedia.org/images/wikimedia-button.png","//www.mediawiki.org/","//bits.wikimedia.org/static-1.21wmf11/skins/common/images/poweredby_mediawiki_88x31.png","//bits.wikimedia.org/en.wikipedia.org/load.php?debug=false&lang=en&modules=skins.vector&only=scripts&skin=vector&*","/w/index.php?title=MediaWiki:Gadget-ReferenceTooltips.js&action=raw&ctype=text/javascript&508635914","//bits.wikimedia.org/en.wikipedia.org/load.php?debug=false&lang=en&modules=site&only=scripts&skin=vector&*"],"instances":["literature"],"pdf":[],"categories":["Social psychology","Self","Attributes of God in Christian theology","Superlatives in religion","Omniscience"],"headings":["Definitions","Controversies","Non-theological uses","Theological representations","Omniscience in Buddhist India","See also","References","External links"],"image":["//upload.wikimedia.org/wikipedia/en/thumb/9/99/Question_book-new.svg/50px-Question_book-new.svg.png","//upload.wikimedia.org/wikipedia/commons/thumb/f/f3/Stained_glass%2C_Holy_Family_Church%2C_Teconnaught%2C_September_2010_crop.jpg/220px-Stained_glass%2C_Holy_Family_Church%2C_Teconnaught%2C_September_2010_crop.jpg","//upload.wikimedia.org/wikipedia/en/f/f4/Ambox_content.png","//upload.wikimedia.org/wikipedia/en/thumb/9/99/Question_book-new.svg/50px-Question_book-new.svg.png","//upload.wikimedia.org/wikipedia/en/f/f4/Ambox_content.png","//upload.wikimedia.org/wikipedia/en/thumb/9/99/Question_book-new.svg/50px-Question_book-new.svg.png","//upload.wikimedia.org/wikipedia/en/f/f4/Ambox_content.png","//upload.wikimedia.org/wikipedia/en/thumb/9/99/Question_book-new.svg/50px-Question_book-new.svg.png","//upload.wikimedia.org/math/6/a/2/6a29b91bd08162519ab91a2c09b2b4e0.png","//upload.wikimedia.org/math/e/8/5/e858c7ae5545dc65d5c23bd4bb580735.png","//upload.wikimedia.org/math/0/c/6/0c65eefe6653cc3afcbbb698c83e83ab.png","//bits.wikimedia.org/static-1.21wmf11/skins/vector/images/search-ltr.png?303-4","//bits.wikimedia.org/images/wikimedia-button.png","//bits.wikimedia.org/static-1.21wmf11/skins/common/images/poweredby_mediawiki_88x31.png"],"tags":[["point_of_view","literature"]],"members":["point_of_view"],"related":["Religion","Abrahamic_religion","Judaism","Christianity","Islam","Divine_being","Christian","Theologian","John_Polkinghorne","Predestination","Omnipotence","Nontheism","Free_will","Theists","Philosophers","Theological_fatalism","Existence_of_God","Nothing","Negation","Predestination","Game_theory","Point_of_view_(literature)","Omniscient_narrator","Surveillance","Omniscient_technology","Devin_Townsend","Ziltoid_the_Omniscient","Modal_logic","Logical_truth","Dharmakirti","Pramana","Śāntarakṣita","Kamalaśīla","Tattvasamgraha","Shakyamuni_Buddha","Epistemology","Impassibility","Omnibenevolence","Omnipotence","Omnipresence","Pantomath","Predestination","Problem_of_evil","String_Theory","Theory","Truth"]}