{"cursor":"1438","size":15,"audio":[],"currentlang":"en","article":"\n'Pause' may refer to a rest, hesitation, or temporary stop.\n\nExamples:\n* Fermata, a musical pause of indefinite duration\n* Pause key, the Pause/Break key on computer keyboards\n* Stop playing audio or video, with the possibility to continue (in the case of\n  video: with a still image)\n* pause (DOS command) Pause may also refer to:\n* ''Pause'' (album), a 2001 album by Four Tet\n* \"Pause\" (Run-D.M.C. song), a 1990 song by Run-D.M.C. on their album Back from\n  Hell Pricks\n* \"Pause\" (song), a song by Jay Dee (a.k.a. J Dilla)\n* ''Pause'' (film), a 1964 film by Andy Warhol\n* Pause (slang), as a slang term in hiphop music as a synonym for no homo\n* \"Pause\", an episode from the third season of [[The Boondocks (TV series)|The\n  Boondocks]]\n* Pausa, the end of an utterance in linguistics\n* The Perl Authors Upload Server (PAUSE), an interface for uploading Perl\n  modules to the Comprehensive Perl Archive Network\n* PAUSE, a x86 instruction introduced to the Pentium 4 family and intended to\n  optimize execution of spinlocks. Its operation code is chosen to be backward\n  compatible with the earliest members of the x86 family.\n","linknr":100,"url":"pause","recorded":1364046093,"links":["/w/index.php?title=Pause&action=edit","/w/index.php?title=Pause&action=edit","//en.wikipedia.org/apple-touch-icon.png","//bits.wikimedia.org/favicon/wikipedia.ico","/w/opensearch_desc.php","//en.wikipedia.org/w/api.php?action=rsd","//creativecommons.org/licenses/by-sa/3.0/","/w/index.php?title=Special:RecentChanges&feed=atom","//bits.wikimedia.org/en.wikipedia.org/load.php?debug=false&lang=en&modules=ext.gadget.DRN-wizard%2CReferenceTooltips%2Ccharinsert%2Cteahouse%7Cext.wikihiero%7Cmediawiki.legacy.commonPrint%2Cshared%7Cmw.PopUpMediaTransform%7Cskins.vector&only=styles&skin=vector&*","//bits.wikimedia.org/en.wikipedia.org/load.php?debug=false&lang=en&modules=site&only=styles&skin=vector&*","//bits.wikimedia.org/en.wikipedia.org/load.php?debug=false&lang=en&modules=startup&only=scripts&skin=vector&*","//bits.wikimedia.org/geoiplookup","//meta.wikimedia.org","#mw-head","#p-search","//upload.wikimedia.org/wikipedia/commons/thumb/f/f8/Wiktionary-logo-en.svg/37px-Wiktionary-logo-en.svg.png","//en.wiktionary.org/wiki/pause","/wiki/Leisure","/wiki/Fermata","/wiki/Pause_key","/wiki/Media_player_(application_software)#Media_players","/wiki/List_of_DOS_commands#pause","/wiki/Pause_(album)","/wiki/Pause_(Run-D.M.C._song)","/wiki/Pause_(song)","/w/index.php?title=Pause_(film)&action=edit&redlink=1","/wiki/Andy_Warhol","/wiki/Pause_(slang)","/wiki/No_homo","/wiki/Pause_(The_Boondocks)","/wiki/The_Boondocks_(TV_series)","/wiki/Pausa","/wiki/Perl","/wiki/CPAN","/w/index.php?title=PAUSE&action=edit&redlink=1","/wiki/X86","/wiki/Spinlock","/wiki/File:Disambig_gray.svg","//upload.wikimedia.org/wikipedia/en/thumb/5/5f/Disambig_gray.svg/30px-Disambig_gray.svg.png","/wiki/Help:Disambiguation","//en.wikipedia.org/w/index.php?title=Special:WhatLinksHere/Pause&namespace=0","http://en.wikipedia.org/w/index.php?title=Pause&oldid=541112739","/wiki/Help:Categories","/wiki/Category:Disambiguation_pages","/wiki/Category:All_article_disambiguation_pages","/wiki/Category:All_disambiguation_pages","/w/index.php?title=Special:UserLogin&returnto=Pause&type=signup","/w/index.php?title=Special:UserLogin&returnto=Pause","/wiki/Pause","/wiki/Talk:Pause","#","/wiki/Pause","/w/index.php?title=Pause&action=edit","/w/index.php?title=Pause&action=history","#","/w/index.php","//bits.wikimedia.org/static-1.21wmf11/skins/vector/images/search-ltr.png?303-4","/wiki/Main_Page","/wiki/Main_Page","/wiki/Portal:Contents","/wiki/Portal:Featured_content","/wiki/Portal:Current_events","/wiki/Special:Random","//donate.wikimedia.org/wiki/Special:FundraiserRedirector?utm_source=donate&utm_medium=sidebar&utm_campaign=C13_en.wikipedia.org&uselang=en","/wiki/Help:Contents","/wiki/Wikipedia:About","/wiki/Wikipedia:Community_portal","/wiki/Special:RecentChanges","/wiki/Wikipedia:Contact_us","/wiki/Special:WhatLinksHere/Pause","/wiki/Special:RecentChangesLinked/Pause","/wiki/Wikipedia:File_Upload_Wizard","/wiki/Special:SpecialPages","/w/index.php?title=Pause&oldid=541112739","/w/index.php?title=Pause&action=info","/w/index.php?title=Special:Cite&page=Pause&id=541112739","/w/index.php?title=Special:Book&bookcmd=book_creator&referer=Pause","/w/index.php?title=Special:Book&bookcmd=render_article&arttitle=Pause&oldid=541112739&writer=rl","/w/index.php?title=Pause&printable=yes","//de.wikipedia.org/wiki/Pause_(Begriffskl%C3%A4rung)","//fr.wikipedia.org/wiki/Pause","//ru.wikipedia.org/wiki/%D0%9F%D0%B0%D1%83%D0%B7%D0%B0","//sh.wikipedia.org/wiki/Pauza","//uk.wikipedia.org/wiki/%D0%9F%D0%B0%D1%83%D0%B7%D0%B0_(%D0%B7%D0%BD%D0%B0%D1%87%D0%B5%D0%BD%D0%BD%D1%8F)","//www.wikidata.org/wiki/Special:ItemByTitle/enwiki/Pause","//en.wikipedia.org/wiki/Wikipedia:Text_of_Creative_Commons_Attribution-ShareAlike_3.0_Unported_License","//creativecommons.org/licenses/by-sa/3.0/","//wikimediafoundation.org/wiki/Terms_of_Use","//www.wikimediafoundation.org/","//en.wikipedia.org/wiki/Wikipedia:Contact_us","//wikimediafoundation.org/wiki/Privacy_policy","/wiki/Wikipedia:About","/wiki/Wikipedia:General_disclaimer","http://en.m.wikipedia.org/wiki/Pause","//wikimediafoundation.org/","//bits.wikimedia.org/images/wikimedia-button.png","//www.mediawiki.org/","//bits.wikimedia.org/static-1.21wmf11/skins/common/images/poweredby_mediawiki_88x31.png","//bits.wikimedia.org/en.wikipedia.org/load.php?debug=false&lang=en&modules=skins.vector&only=scripts&skin=vector&*","/w/index.php?title=MediaWiki:Gadget-ReferenceTooltips.js&action=raw&ctype=text/javascript&508635914","//bits.wikimedia.org/en.wikipedia.org/load.php?debug=false&lang=en&modules=site&only=scripts&skin=vector&*"],"instances":["the_boondocks"],"pdf":[],"categories":[],"headings":[],"image":["//upload.wikimedia.org/wikipedia/commons/thumb/f/f8/Wiktionary-logo-en.svg/37px-Wiktionary-logo-en.svg.png","//upload.wikimedia.org/wikipedia/en/thumb/5/5f/Disambig_gray.svg/30px-Disambig_gray.svg.png","//bits.wikimedia.org/static-1.21wmf11/skins/vector/images/search-ltr.png?303-4","//bits.wikimedia.org/images/wikimedia-button.png","//bits.wikimedia.org/static-1.21wmf11/skins/common/images/poweredby_mediawiki_88x31.png"],"tags":[["media_player","application_software#media_players"],["pause","album"],["pause","run-d.m.c._song"],["pause","song"],["pause","film"],["pause","slang"],["pause","the_boondocks"]],"members":["pause","media_player"],"related":["Leisure","Fermata","Pause_key","Pause_(album)","Pause_(Run-D.M.C._song)","Pause_(song)","Pause_(film)","Andy_Warhol","Pause_(slang)","No_homo","Pause_(The_Boondocks)","Pausa","Perl","CPAN","PAUSE","X86","Spinlock"]}