{"cursor":"11528","size":15,"audio":[],"currentlang":"en","article":"{{multiple issues|\n\n\n\n}}\n\n'Irving Kirsch' (born March 7, 1943) is Associate Director of the Program in\nPlacebo Studies and a lecturer in medicine at the Harvard Medical School and\nBeth Israel Deaconess Medical Center. He is also a professor of psychology at\nPlymouth University in the United Kingdom, and professor emeritus of psychology\nat the University of Hull, United Kingdom, and the University of Connecticut in\nthe United States. Kirsch is noted for his research on placebo effects,\nantidepressants, expectancy, and hypnosis. He is the originator of response\nexpectancy theory, and his analyses of clinical trials of antidepressants have\ninfluenced official treatment guidelines in the United Kingdom.\n","linknr":238,"url":"Irving_Kirsch","recorded":1363372139,"links":["/w/index.php?title=Irving_Kirsch&action=edit","/w/index.php?title=Irving_Kirsch&action=edit","//en.wikipedia.org/apple-touch-icon.png","//bits.wikimedia.org/favicon/wikipedia.ico","/w/opensearch_desc.php","//en.wikipedia.org/w/api.php?action=rsd","//creativecommons.org/licenses/by-sa/3.0/","/w/index.php?title=Special:RecentChanges&feed=atom","//bits.wikimedia.org/en.wikipedia.org/load.php?debug=false&lang=en&modules=ext.gadget.DRN-wizard%2CReferenceTooltips%2Ccharinsert%2Cteahouse%7Cext.wikihiero%7Cmediawiki.legacy.commonPrint%2Cshared%7Cmw.PopUpMediaTransform%7Cskins.vector&only=styles&skin=vector&*","//bits.wikimedia.org/en.wikipedia.org/load.php?debug=false&lang=en&modules=site&only=styles&skin=vector&*","//bits.wikimedia.org/en.wikipedia.org/load.php?debug=false&lang=en&modules=startup&only=scripts&skin=vector&*","//bits.wikimedia.org/geoiplookup","//meta.wikimedia.org","#mw-head","#p-search","//upload.wikimedia.org/wikipedia/en/f/f4/Ambox_content.png","//en.wikipedia.org/w/index.php?title=Irving_Kirsch&action=edit","/wiki/Talk:Irving_Kirsch","//upload.wikimedia.org/wikipedia/en/thumb/f/f2/Edit-clear.svg/40px-Edit-clear.svg.png","/wiki/Wikipedia:Conflict_of_interest","//en.wikipedia.org/w/index.php?title=Irving_Kirsch&action=edit","/wiki/Wikipedia:NPOV","/wiki/Wikipedia:MOSBIO","//upload.wikimedia.org/wikipedia/en/f/f4/Ambox_content.png","/wiki/Wikipedia:Notability_(people)","/wiki/Wikipedia:Identifying_reliable_sources","/wiki/Wikipedia:Merge","/wiki/Wikipedia:Redirect","/wiki/Wikipedia:Deletion_policy","http://www.google.com/search?as_eq=wikipedia&q=%22Irving+Kirsch%22&num=50","http://www.google.com/search?q=%22Irving+Kirsch%22&tbm=nws&tbs=ar:1","http://www.google.com/search?tbs=bks:1&q=%22Irving+Kirsch%22","http://scholar.google.com/scholar?q=%22Irving+Kirsch%22","http://www.jstor.org/action/doBasicSearch?Query=%22Irving+Kirsch%22&acc=on&wc=on","http://images.google.com/images?safe=off&as_rights=(cc_publicdomain%7ccc_attribute%7ccc_sharealike%7ccc_noncommercial%7ccc_nonderived)&q=%22Irving+Kirsch%22","//upload.wikimedia.org/wikipedia/en/f/f4/Ambox_content.png","/wiki/Wikipedia:Autobiography","/wiki/Wikipedia:NPOV","/wiki/Talk:Irving_Kirsch","/wiki/Program_in_Placebo_Studies","/wiki/Harvard_Medical_School","/wiki/Beth_Israel_Deaconess_Medical_Center","/wiki/Plymouth_University","/wiki/United_Kingdom","/wiki/University_of_Hull","/wiki/United_Kingdom","/wiki/University_of_Connecticut","/wiki/United_States","/wiki/Placebo_effect","/wiki/Antidepressants","/wiki/Hypnosis","#Biography","#Theories_and_research","#Response_expectancy_theory","#Research_on_antidepressants","#Research_on_hypnosis","#References","#Selected_bibliography","#External_links","/w/index.php?title=Irving_Kirsch&action=edit&section=1","/wiki/Poland","/wiki/Russia","/wiki/New_York_City","/wiki/Civil_rights","/wiki/Bertrand_Russell","/wiki/Vietnam","/wiki/New_York_Times","/wiki/Psychologist","/wiki/Toledo_Symphony","/wiki/Aretha_Franklin","/wiki/University_of_Southern_California","/wiki/National_Lampoon_(magazine)","/wiki/The_Missing_White_House_Tapes","/wiki/Richard_Nixon","/wiki/Watergate","/wiki/Grammy","/wiki/University_of_Connecticut","/wiki/University_of_Plymouth","/wiki/University_of_Hull","/wiki/Harvard_Medical_School","#cite_note-1","/w/index.php?title=Irving_Kirsch&action=edit&section=2","/w/index.php?title=Irving_Kirsch&action=edit&section=3","#cite_note-FOOTNOTEKirsch.2C_I1985-2","#cite_note-3","/w/index.php?title=Irving_Kirsch&action=edit&section=4","#cite_note-4","/wiki/Food_and_Drug_Administration_(United_States)","/wiki/National_Institute_for_Health_and_Clinical_Excellence","/wiki/National_Health_Service","#cite_note-5","#cite_note-FOOTNOTEKirsch.2C_I2009-6","/w/index.php?title=Irving_Kirsch&action=edit&section=5","#cite_note-7","#cite_note-8","/w/index.php?title=Irving_Kirsch&action=edit&section=6","#cite_ref-1","http://imconsortium-congress2012.org/biography-irving-kirsch.html","#cite_ref-FOOTNOTEKirsch.2C_I1985_2-0","#CITEREFKirsch.2C_I1985","#cite_ref-3","/wiki/International_Standard_Book_Number","/wiki/Special:BookSources/1-55798-586-3","#cite_ref-4","http://web.archive.org/web/19980715085305/http://journals.apa.org/prevention/volume1/pre0010002a.html","/wiki/Digital_object_identifier","http://dx.doi.org/10.1037%2F1522-3736.1.1.12a","http://journals.apa.org/prevention/volume1/pre0010002a.html","http://web.archive.org/web/19980715085305/http://journals.apa.org/prevention/volume1/pre0010002a.html","#cite_ref-5","http://www.ncbi.nlm.nih.gov/pmc/articles/PMC2253608/","/wiki/Digital_object_identifier","http://dx.doi.org/10.1371%2Fjournal.pmed.0050045","/wiki/PubMed_Central","//www.ncbi.nlm.nih.gov/pmc/articles/PMC2253608","/wiki/PubMed_Identifier","//www.ncbi.nlm.nih.gov/pubmed/18303940","http://www.ncbi.nlm.nih.gov/pmc/articles/PMC2253608/","#cite_ref-FOOTNOTEKirsch.2C_I2009_6-0","#CITEREFKirsch.2C_I2009","#cite_ref-7","http://www.um.es/analesps/v15/v15_1pdf/10h08kirsch.pdf","http://www.um.es/analesps/v15/v15_1pdf/10h08kirsch.pdf","#cite_ref-8","/wiki/PubMed_Identifier","//www.ncbi.nlm.nih.gov/pubmed/7992808","/w/index.php?title=Irving_Kirsch&action=edit&section=7","/wiki/International_Standard_Book_Number","/wiki/Special:BookSources/1-84792-083-7","http://www.ncbi.nlm.nih.gov/pmc/articles/PMC2253608/","/wiki/Digital_object_identifier","http://dx.doi.org/10.1371%2Fjournal.pmed.0050045","/wiki/PubMed_Central","//www.ncbi.nlm.nih.gov/pmc/articles/PMC2253608","/wiki/PubMed_Identifier","//www.ncbi.nlm.nih.gov/pubmed/18303940","http://www.ncbi.nlm.nih.gov/pmc/articles/PMC2253608/","/wiki/Digital_object_identifier","http://dx.doi.org/10.1016%2Fj.cct.2006.10.012","/wiki/PubMed_Identifier","//www.ncbi.nlm.nih.gov/pubmed/17182286","/wiki/International_Standard_Book_Number","/wiki/Special:BookSources/1-59147-344-6","http://alphachoices.com/repository/assets/pdf/EmperorsNewDrugs.pdf","/wiki/Digital_object_identifier","http://dx.doi.org/10.1037%2F1522-3736.5.1.523a","http://alphachoices.com/repository/assets/pdf/EmperorsNewDrugs.pdf","/wiki/Digital_object_identifier","http://dx.doi.org/10.1111%2F1467-8721.00115","/wiki/PubMed_Identifier","//www.ncbi.nlm.nih.gov/pubmed/10424156","/wiki/International_Standard_Book_Number","/wiki/Special:BookSources/1-55798-586-3","http://web.archive.org/web/19980715085305/http://journals.apa.org/prevention/volume1/pre0010002a.html","/wiki/Digital_object_identifier","http://dx.doi.org/10.1037%2F1522-3736.1.1.12a","http://journals.apa.org/prevention/volume1/pre0010002a.html","http://web.archive.org/web/19980715085305/http://journals.apa.org/prevention/volume1/pre0010002a.html","/wiki/PubMed_Identifier","//www.ncbi.nlm.nih.gov/pubmed/9461855","/wiki/Digital_object_identifier","http://dx.doi.org/10.1037%2F1089-2680.2.1.66","/wiki/Digital_object_identifier","http://dx.doi.org/10.1111%2Fj.1467-9280.1996.tb00352.x","/wiki/Digital_object_identifier","http://dx.doi.org/10.1037%2F0003-066X.50.10.846","/wiki/International_Standard_Book_Number","/wiki/Special:BookSources/0-534-12648-0","/wiki/Digital_object_identifier","http://dx.doi.org/10.1037%2F0003-066X.40.11.1189","/w/index.php?title=Irving_Kirsch&action=edit&section=8","http://www.programinplacebostudies.org","http://www.cbsnews.com/video/watch/?id=7399362n","/wiki/Authority_control","/wiki/Virtual_International_Authority_File","http://viaf.org/viaf/56710748","/wiki/Wikipedia:Persondata","http://en.wikipedia.org/w/index.php?title=Irving_Kirsch&oldid=538366230","/wiki/Help:Categories","/wiki/Category:1943_births","/wiki/Category:Harvard_Medical_School_faculty","/wiki/Category:Living_people","/wiki/Category:Articles_with_a_promotional_tone_from_February_2013","/wiki/Category:All_articles_with_a_promotional_tone","/wiki/Category:Articles_with_topics_of_unclear_notability_from_February_2013","/wiki/Category:All_articles_with_topics_of_unclear_notability","/wiki/Category:Autobiographical_articles_from_February_2013","/wiki/Category:Wikipedia_articles_with_VIAF_identifiers","/w/index.php?title=Special:UserLogin&returnto=Irving+Kirsch&type=signup","/w/index.php?title=Special:UserLogin&returnto=Irving+Kirsch","/wiki/Irving_Kirsch","/wiki/Talk:Irving_Kirsch","#","/wiki/Irving_Kirsch","/w/index.php?title=Irving_Kirsch&action=edit","/w/index.php?title=Irving_Kirsch&action=history","#","/w/index.php","//bits.wikimedia.org/static-1.21wmf11/skins/vector/images/search-ltr.png?303-4","/wiki/Main_Page","/wiki/Main_Page","/wiki/Portal:Contents","/wiki/Portal:Featured_content","/wiki/Portal:Current_events","/wiki/Special:Random","//donate.wikimedia.org/wiki/Special:FundraiserRedirector?utm_source=donate&utm_medium=sidebar&utm_campaign=C13_en.wikipedia.org&uselang=en","/wiki/Help:Contents","/wiki/Wikipedia:About","/wiki/Wikipedia:Community_portal","/wiki/Special:RecentChanges","/wiki/Wikipedia:Contact_us","/wiki/Special:WhatLinksHere/Irving_Kirsch","/wiki/Special:RecentChangesLinked/Irving_Kirsch","/wiki/Wikipedia:File_Upload_Wizard","/wiki/Special:SpecialPages","/w/index.php?title=Irving_Kirsch&oldid=538366230","/w/index.php?title=Irving_Kirsch&action=info","/w/index.php?title=Special:Cite&page=Irving_Kirsch&id=538366230","/w/index.php?title=Special:Book&bookcmd=book_creator&referer=Irving+Kirsch","/w/index.php?title=Special:Book&bookcmd=render_article&arttitle=Irving+Kirsch&oldid=538366230&writer=rl","/w/index.php?title=Irving_Kirsch&printable=yes","//ja.wikipedia.org/wiki/%E3%82%A2%E3%83%BC%E3%83%93%E3%83%B3%E3%82%B0%E3%83%BB%E3%82%AB%E3%83%BC%E3%82%B7%E3%83%A5","//www.wikidata.org/wiki/Special:ItemByTitle/enwiki/Irving Kirsch","//en.wikipedia.org/wiki/Wikipedia:Text_of_Creative_Commons_Attribution-ShareAlike_3.0_Unported_License","//creativecommons.org/licenses/by-sa/3.0/","//wikimediafoundation.org/wiki/Terms_of_Use","//www.wikimediafoundation.org/","//en.wikipedia.org/wiki/Wikipedia:Contact_us","//wikimediafoundation.org/wiki/Privacy_policy","/wiki/Wikipedia:About","/wiki/Wikipedia:General_disclaimer","http://en.m.wikipedia.org/wiki/Irving_Kirsch","//wikimediafoundation.org/","//bits.wikimedia.org/images/wikimedia-button.png","//www.mediawiki.org/","//bits.wikimedia.org/static-1.21wmf11/skins/common/images/poweredby_mediawiki_88x31.png","//bits.wikimedia.org/en.wikipedia.org/load.php?debug=false&lang=en&modules=skins.vector&only=scripts&skin=vector&*","/w/index.php?title=MediaWiki:Gadget-ReferenceTooltips.js&action=raw&ctype=text/javascript&508635914","//bits.wikimedia.org/en.wikipedia.org/load.php?debug=false&lang=en&modules=site&only=scripts&skin=vector&*"],"instances":["united_states","magazine"],"pdf":["http://www.um.es/analesps/v15/v15_1pdf/10h08kirsch.pdf","http://www.um.es/analesps/v15/v15_1pdf/10h08kirsch.pdf","http://alphachoices.com/repository/assets/pdf/EmperorsNewDrugs.pdf","http://alphachoices.com/repository/assets/pdf/EmperorsNewDrugs.pdf"],"categories":["1943 births","Harvard Medical School faculty","Living people"],"headings":["Biography","Theories and research","References","Selected bibliography","External links"],"image":["//upload.wikimedia.org/wikipedia/en/f/f4/Ambox_content.png","//upload.wikimedia.org/wikipedia/en/thumb/f/f2/Edit-clear.svg/40px-Edit-clear.svg.png","//upload.wikimedia.org/wikipedia/en/f/f4/Ambox_content.png","//upload.wikimedia.org/wikipedia/en/f/f4/Ambox_content.png","//bits.wikimedia.org/static-1.21wmf11/skins/vector/images/search-ltr.png?303-4","//bits.wikimedia.org/images/wikimedia-button.png","//bits.wikimedia.org/static-1.21wmf11/skins/common/images/poweredby_mediawiki_88x31.png"],"tags":[["national_lampoon","magazine"],["food_and_drug_administration","united_states"]],"members":["food_and_drug_administration","national_lampoon"],"related":["Program_in_Placebo_Studies","Harvard_Medical_School","Beth_Israel_Deaconess_Medical_Center","Plymouth_University","United_Kingdom","University_of_Hull","United_Kingdom","University_of_Connecticut","United_States","Placebo_effect","Antidepressants","Hypnosis","Poland","Russia","New_York_City","Civil_rights","Bertrand_Russell","Vietnam","New_York_Times","Psychologist","Toledo_Symphony","Aretha_Franklin","University_of_Southern_California","National_Lampoon_(magazine)","Richard_Nixon","Watergate","Grammy","University_of_Connecticut","University_of_Plymouth","University_of_Hull","Harvard_Medical_School","Food_and_Drug_Administration_(United_States)","National_Institute_for_Health_and_Clinical_Excellence","National_Health_Service"]}