{"cursor":"29598","size":15,"audio":[],"currentlang":"en","article":"\n{{Infobox television\n| show_name = The Spectacular Spider-Man image = genre =\n| Superhero Action/Adventure Science fiction format = Animated series\n| runtime = 22 minutes creator = Stan Lee Steve Ditko developer = Greg\n| Weisman Victor Cook writer = Greg Weisman Kevin Hopps Matt\n| Wayne Andrew Robinson Randy Jandt Nicole Dubac director = Victor\n| Cook Jennifer Coyle Dave Bullock Troy Adomitis Dan\n| Fausett Kevin Altieri Michael Goguen starring = Josh Keaton Benjamin\n| Diskin James Arnold Taylor Lacey Chabert Alanna Ubach Kevin\n| Michael Richardson Daran Norris Vanessa Marshall Steven\n| Blum Joshua LeBar Andrew Kishino Clancy Brown Alan Rachins\n| theme_music_composer = The Tender Box opentheme = \"Spectacular Spider-Man\"\n| endtheme = \"Spectacular Spider-Man\" (instrumental) composer =\n| Kristopher Carter Michael McCuistion Lolita Ritmanis 'Theme\n| Song:' The Tender Box country = United States studio = Culver Entertainment\n|  Marvel Studios  Adelaide Productions  Sony Pictures Television\n| language = English network = The CW (Kids WB!/The CW4Kids) (March 8 -\n| June 14, 2008) Disney XD (June 22 - November 18,\n| 2009) first_aired = March 8, 2008 last_aired = November 18, 2009\n| num_seasons = 2 num_episodes = 26 list_episodes = List of The Spectacular Spider-\n| Man episodes executive_producer = Stan Lee Craig Kyle Eric S. Rollman\n| producer = Greg Weisman Victor Cook Diane A. Crea Joshua Fine\n| story_editor = Greg Weisman editor = Ralph A. Eusebio Bruce King\n| preceded_by = [[Spider-Man: The New Animated Series]] followed_by = [[Ultimate\n| Spider-Man (TV series)|Ultimate Spider-Man]]\n}} 'The Spectacular Spider-Man' is an\nAmerican [http://en.wiktionary.org/wiki/US_American] April 26, 2012\nanimated television series based on the superhero character published by Marvel\nComics and developed for television by Greg Weisman and Victor Cook. In terms of\ntone and style, the series is based primarily on the original stories by Stan\nLee and Steve Ditko, with a similar balance of action, drama, and comedy as well\nas a high school setting. However, it also tends to utilize material from all\neras of the comic's run and other sources such as the film series and the\n[[Ultimate Spider-Man]]\ncomics. [http://www.ifmagazine.com/feature.asp?article=2686 Interview with\nGreg Weisman (Part 1) by Sean Elliott:] March 7, 2008\n\nThe Spectacular Spider-Man premiered on March 8, 2008 during the Kids' WB!\nprogramming block of The CW, and received critical acclaim. The series aired its\nsecond season on Marvel's sister network, Disney XD in the United States and\nended its run on November 18, 2009, also receiving positive critical attention.\nAlthough a third season was planned, the series was cancelled before production\ncould begin.\n","linknr":876,"url":"The_Spectacular_Spider-Man_(TV_series)","recorded":1363513748,"links":["/w/index.php?title=The_Spectacular_Spider-Man_(TV_series)&action=edit","/w/index.php?title=The_Spectacular_Spider-Man_(TV_series)&action=edit","//en.wikipedia.org/apple-touch-icon.png","//bits.wikimedia.org/favicon/wikipedia.ico","/w/opensearch_desc.php","//en.wikipedia.org/w/api.php?action=rsd","//creativecommons.org/licenses/by-sa/3.0/","/w/index.php?title=Special:RecentChanges&feed=atom","//bits.wikimedia.org/en.wikipedia.org/load.php?debug=false&lang=en&modules=ext.gadget.DRN-wizard%2CReferenceTooltips%2Ccharinsert%2Cteahouse%7Cext.wikihiero%7Cmediawiki.legacy.commonPrint%2Cshared%7Cmw.PopUpMediaTransform%7Cskins.vector&only=styles&skin=vector&*","//bits.wikimedia.org/en.wikipedia.org/load.php?debug=false&lang=en&modules=site&only=styles&skin=vector&*","//bits.wikimedia.org/en.wikipedia.org/load.php?debug=false&lang=en&modules=startup&only=scripts&skin=vector&*","//bits.wikimedia.org/geoiplookup","//meta.wikimedia.org","#mw-head","#p-search","/wiki/File:The_Spectacular_Spider-Man_(TV_series)_logo.svg","//upload.wikimedia.org/wikipedia/en/thumb/d/d1/The_Spectacular_Spider-Man_%28TV_series%29_logo.svg/250px-The_Spectacular_Spider-Man_%28TV_series%29_logo.svg.png","/wiki/Superhero","/wiki/Action_(fiction)","/wiki/Adventure_fiction","/wiki/Science_fiction","/wiki/Cartoon_series","/wiki/Stan_Lee","/wiki/Steve_Ditko","/wiki/Greg_Weisman","/wiki/Victor_Cook","/wiki/Matt_Wayne","/wiki/Kevin_Altieri","/wiki/Josh_Keaton","/wiki/Benjamin_Diskin","/wiki/James_Arnold_Taylor","/wiki/Lacey_Chabert","/wiki/Alanna_Ubach","/wiki/Kevin_Michael_Richardson","/wiki/Daran_Norris","/wiki/Vanessa_Marshall","/wiki/Steven_Blum","/wiki/Joshua_LeBar","/wiki/Andrew_Kishino","/wiki/Clancy_Brown","/wiki/Alan_Rachins","/wiki/The_Tender_Box","/wiki/Kristopher_Carter","/wiki/Lolita_Ritmanis","/wiki/The_Tender_Box","/wiki/United_States","/wiki/English_language","/wiki/List_of_The_Spectacular_Spider-Man_episodes","/wiki/Stan_Lee","/wiki/Craig_Kyle","/wiki/The_CW_Television_Network","/wiki/Kids_WB!","/wiki/The_CW4Kids","/wiki/Disney_XD","/wiki/Spider-Man:_The_New_Animated_Series","/wiki/Ultimate_Spider-Man_(TV_series)","/wiki/United_States","#cite_note-1","/wiki/Cartoon_series","/wiki/Superhero","/wiki/Spider-Man","/wiki/Marvel_Comics","/wiki/Greg_Weisman","/wiki/Victor_Cook","/wiki/Stan_Lee","/wiki/Steve_Ditko","/wiki/Action_(genre)","/wiki/Drama","/wiki/Comedy","/wiki/Spider-Man_in_film","/wiki/Ultimate_Spider-Man","#cite_note-2","/wiki/Kids%27_WB!","/wiki/The_CW_Television_Network","/wiki/Disney_XD","#Synopsis","#Season_1","#Season_2","#Characters","#Cast","#Crew","#Production","#Cancellation","#Reception","#Home_video","#Toys_and_merchandise","#See_Also","#References","#External_links","/w/index.php?title=The_Spectacular_Spider-Man_(TV_series)&action=edit&section=1","/wiki/List_of_The_Spectacular_Spider-Man_episodes","#cite_note-ign_page3-3","/w/index.php?title=The_Spectacular_Spider-Man_(TV_series)&action=edit&section=2","/wiki/Flash_Thompson","/wiki/Gwen_Stacy","/wiki/Harry_Osborn","/wiki/Aunt_May","/wiki/Uncle_Ben","/wiki/J._Jonah_Jameson","/wiki/Eddie_Brock","/wiki/File:Venom_in_Spectacular_Spider-Man.jpg","//upload.wikimedia.org/wikipedia/en/thumb/4/4b/Venom_in_Spectacular_Spider-Man.jpg/180px-Venom_in_Spectacular_Spider-Man.jpg","/wiki/File:Venom_in_Spectacular_Spider-Man.jpg","//bits.wikimedia.org/static-1.21wmf11/skins/common/images/magnify-clip.png","/wiki/Green_Goblin","/wiki/Doctor_Octopus","/wiki/Green_Goblin","/wiki/Vulture_(comics)","/wiki/Hammerhead_(comics)","/wiki/Enforcers_(comics)","/wiki/Electro_(Marvel_Comics)","/wiki/Lizard_(comics)","/wiki/Sandman_(Marvel_Comics)","/wiki/Rhino_(comics)","/wiki/Tombstone_(comics)","/wiki/Doctor_Octopus","/wiki/Black_Cat_(comics)","/wiki/Shocker_(comics)","/wiki/Chameleon_(comics)","/wiki/Mysterio","/wiki/Tinkerer","/wiki/Symbiote_(comics)","/wiki/Eddie_Brock","/wiki/Eddie_Brock","/w/index.php?title=The_Spectacular_Spider-Man_(TV_series)&action=edit&section=3","/wiki/Liz_Allan","/wiki/Jackal_(Marvel_Comics)","/wiki/Silvermane","/wiki/Kraven_the_Hunter","/wiki/Calypso_(comics)","/wiki/List_of_Spectacular_Spider-Man_supporting_characters#Sha_Shan_Nguyen","/wiki/Silver_Sable","/wiki/Hobgoblin_(Roderick_Kingsley)","/wiki/Molten_Man","/wiki/Mysterio","/wiki/Tinkerer","/w/index.php?title=The_Spectacular_Spider-Man_(TV_series)&action=edit&section=4","/wiki/List_of_The_Spectacular_Spider-Man_characters","/wiki/Mary_Jane_Watson","/wiki/Gwen_Stacy","/wiki/Harry_Osborn","/wiki/Eddie_Brock","/wiki/File:Spectacular_spider-man_animated_cha-1-.jpg","//upload.wikimedia.org/wikipedia/en/thumb/9/90/Spectacular_spider-man_animated_cha-1-.jpg/220px-Spectacular_spider-man_animated_cha-1-.jpg","/wiki/File:Spectacular_spider-man_animated_cha-1-.jpg","//bits.wikimedia.org/static-1.21wmf11/skins/common/images/magnify-clip.png","/wiki/Spider-Man","/wiki/Walter_Hardy","/wiki/Uncle_Ben","/wiki/Gwen_Stacy","/wiki/Harry_Osborn","/wiki/Green_Goblin","/wiki/J._Jonah_Jameson","/wiki/Daily_Bugle","/wiki/John_Jameson_(comics)","/wiki/Mary_Jane_Watson","/wiki/Flash_Thompson","/wiki/Liz_Allan","/wiki/Flash_Thompson","/wiki/George_Stacy","/wiki/Green_Goblin","/w/index.php?title=The_Spectacular_Spider-Man_(TV_series)&action=edit&section=5","/wiki/Thom_Adcox","/wiki/Tinkerer","/wiki/Edward_Asner","/wiki/Uncle_Ben","/wiki/Dee_Bradley_Baker","/wiki/Lizard_(comics)","/wiki/Irene_Bedard","/wiki/Jean_DeWolff","/wiki/Jeff_Bennett","/wiki/Montana_(comics)","/wiki/Shocker_(comics)","/wiki/Xander_Berkeley","/wiki/Mysterio","/wiki/Steven_Blum","/wiki/Green_Goblin","/wiki/Chameleon_(comics)","/wiki/Clancy_Brown","/wiki/George_Stacy","/wiki/Ox_(comics)","/wiki/Rhino_(comics)","/wiki/Angela_Bryant","/wiki/Calypso_(comics)","/wiki/Max_Burkholder","/wiki/Lacey_Chabert","/wiki/Gwen_Stacy","/wiki/Robert_Costanzo","/wiki/Nikki_Cox","/wiki/Silver_Sable","/wiki/Jim_Cummings","/wiki/Keith_David","/wiki/Tombstone_(comics)","/wiki/Grey_DeLisle","/wiki/Betty_Brant","/wiki/Bluebird_(comics)","/wiki/John_DiMaggio","/wiki/Hammerhead_(comics)","/wiki/Sandman_(Marvel_Comics)","/wiki/Benjamin_Diskin","/wiki/Eddie_Brock","/wiki/Venom_(comics)","/wiki/Prowler_(comics)","/wiki/Robert_Englund","/wiki/Vulture_(comics)","/wiki/Bill_Fagerbakke","/wiki/Hydro-Man","/wiki/Miguel_Ferrer","/wiki/Silvermane","/wiki/Crispin_Freeman","/wiki/Electro_(Marvel_Comics)","/wiki/Elisa_Gabrielli","/wiki/Brian_George","/wiki/Jackal_(Marvel_Comics)","/wiki/Dorian_Harewood","/wiki/Tricia_Helfer","/wiki/Black_Cat_(comics)","/wiki/Kelly_Hu","/wiki/Josh_Keaton","/wiki/Spider-Man","/wiki/Andrew_Kishino","/wiki/Kenny_McFarlane","/wiki/Ned_Leeds","/wiki/Clyde_Kusatsu","/wiki/Phil_LaMarr","/wiki/Robbie_Robertson_(comics)","/wiki/Randy_Robertson","/wiki/Fancy_Dan","/wiki/Ricochet_(comics)","/wiki/Joshua_LeBar","/wiki/Flash_Thompson","/wiki/Stan_Lee","/wiki/Molten_Man","/wiki/Jane_Lynch","/wiki/Peter_MacNicol","/wiki/Doctor_Octopus","/wiki/Vanessa_Marshall","/wiki/Mary_Jane_Watson","/wiki/Daran_Norris","/wiki/J._Jonah_Jameson","/wiki/John_Jameson_(comics)","/wiki/Alan_Rachins","/wiki/Green_Goblin","/wiki/James_Remar","/wiki/Walter_Hardy","/wiki/Kevin_Michael_Richardson","/wiki/Kath_Soucie","/wiki/Anna_Watson","/wiki/Aunt_May","/wiki/Cree_Summer","/wiki/Glory_Grant","/wiki/James_Arnold_Taylor","/wiki/Harry_Osborn","/wiki/Frederick_Foswell","/wiki/Danny_Trejo","/wiki/Alanna_Ubach","/wiki/Liz_Allan","/wiki/Courtney_B._Vance","/wiki/Hobgoblin_(comics)","/wiki/Kraven_the_Hunter","/wiki/Betty_Jean_Ward","/wiki/Greg_Weisman","/wiki/Thomas_F._Wilson","/wiki/Sin-Eater_(comics)","/w/index.php?title=The_Spectacular_Spider-Man_(TV_series)&action=edit&section=6","/wiki/File:Spectacular_Spider-Man_series_crew.jpg","//upload.wikimedia.org/wikipedia/commons/thumb/c/c4/Spectacular_Spider-Man_series_crew.jpg/220px-Spectacular_Spider-Man_series_crew.jpg","/wiki/File:Spectacular_Spider-Man_series_crew.jpg","//bits.wikimedia.org/static-1.21wmf11/skins/common/images/magnify-clip.png","/wiki/ComicCon","/wiki/Greg_Weisman","http://www.flickr.com/people/9650079@N04","/wiki/Greg_Weisman","/wiki/Matt_Wayne","/w/index.php?title=The_Spectacular_Spider-Man_(TV_series)&action=edit&section=7","/wiki/Sony_Pictures_Television","/wiki/Culver_Entertainment","/wiki/Adelaide_Productions","/wiki/Spider-Man_in_film","#cite_note-4","/wiki/The_Tender_Box","#cite_note-5","/w/index.php?title=The_Spectacular_Spider-Man_(TV_series)&action=edit&section=8","#cite_note-6","#cite_note-7","#cite_note-8","/wiki/Mac_Gargan","/wiki/Hobgoblin_(comics)","#cite_note-9","#cite_note-10","#cite_note-11","/wiki/Newsarama","/wiki/The_Walt_Disney_Company","#cite_note-12","/wiki/Ultimate_Spider-Man_(TV_series)","/wiki/Ultimate_Spider-Man","#cite_note-13","#cite_note-14","/wiki/IGN","#cite_note-15","#cite_note-16","#cite_note-17","/w/index.php?title=The_Spectacular_Spider-Man_(TV_series)&action=edit&section=9","#cite_note-18","#cite_note-19","#cite_note-20","/wiki/Batman:_The_Animated_Series","#cite_note-21","#cite_note-22","/wiki/Spider-Man_(1994_TV_series)","/wiki/Spider-Man_and_His_Amazing_Friends","#cite_note-23","#cite_note-24","#cite_note-25","#cite_note-26","#cite_note-27","#cite_note-28","/w/index.php?title=The_Spectacular_Spider-Man_(TV_series)&action=edit&section=10","#cite_note-29","/wiki/DVD","#cite_note-30","#cite_note-31","#cite_note-32","#cite_note-33","/wiki/ITunes_Store","/wiki/PlayStation_Store","/w/index.php?title=The_Spectacular_Spider-Man_(TV_series)&action=edit&section=11","/wiki/Hasbro","/wiki/Toy","/wiki/Action_figure","#cite_note-34","/wiki/McDonald%27s","/wiki/Happy_Meals","#cite_note-35","#cite_note-36","#cite_note-37","/wiki/Burger_King","#cite_note-BKKids-38","/w/index.php?title=The_Spectacular_Spider-Man_(TV_series)&action=edit&section=12","/wiki/Spider-Man:_The_Animated_Series","/w/index.php?title=The_Spectacular_Spider-Man_(TV_series)&action=edit&section=13","#cite_ref-1","http://en.wiktionary.org/wiki/US_American","#cite_ref-2","http://www.ifmagazine.com/feature.asp?article=2686","#cite_ref-ign_page3_3-0","http://uk.tv.ign.com/articles/884/884897p3.html","#cite_ref-4","http://www.ifmagazine.com/feature.asp?article=2707","#cite_ref-5","http://www.s8.org/gargoyles/askgreg/search.php?rid=748","#cite_ref-6","http://s8.org/gargoyles/askgreg/search.php?qid=10446","#cite_ref-7","http://marvel.toonzone.net/news.php?action=fullnews&id=185","#cite_ref-8","http://www.s8.org/gargoyles/askgreg/search.php?rid=809","http://www.s8.org/gargoyles/askgreg/search.php?rid=809","#cite_ref-9","http://s8.org/gargoyles/askgreg/search.php?qid=11007","#cite_ref-10","http://www.s8.org/gargoyles/askgreg/search.php?rid=836","#cite_ref-11","http://tv.ign.com/articles/104/1040919p1.html","#cite_ref-12","http://www.newsarama.com/tv/Ultimate-Spider-Man-TV-Series-100413.html?utm_source=feedburner&utm_medium=feed&utm_campaign=Feed%3A+Newsaramasite+%28Newsarama.com%29&utm_content=Google+Reader","/wiki/Newsarama","#cite_ref-13","http://marvel.toonzone.net/news.php?action=fullnews&id=516","http://marvel.toonzone.net/news.php?action=fullnews&id=516","#cite_ref-14","http://www.superherohype.com/news/spider-mannews.php?id=9278","http://www.superherohype.com/news/spider-mannews.php?id=9278","#cite_ref-15","http://tv.ign.com/articles/108/1083412p1.html","/wiki/IGN","#cite_ref-16","http://marvel.toonzone.net/news.php?action=fullnews&id=518","http://marvel.toonzone.net/news.php?action=fullnews&id=518","#cite_ref-17","http://www.s8.org/gargoyles/askgreg/search.php?qid=14223","#cite_ref-18","http://old.comicsonline.com/modules.php?name=News&file=article&sid=659","/wiki/Wikipedia:Link_rot","#cite_ref-19","http://www.comicmix.com/news/2008/07/07/review-the-spectacular-spider-man-animated-series/","#cite_ref-20","http://spiderfan.org/rave/2008/0415.html","http://spiderfan.org/rave/2008/0415.html","#cite_ref-21","http://marvel.toonzone.net/specspidey/reviews/finalcurtain/","http://marvel.toonzone.net/specspidey/reviews/finalcurtain/","#cite_ref-22","http://tv.ign.com/articles/884/884897p1.html","http://tv.ign.com/articles/884/884897p1.html","#cite_ref-23","http://tv.ign.com/top-100-animated-tv-series/30.html","http://tv.ign.com/top-100-animated-tv-series/30.html","#cite_ref-24","http://bestof.ign.com/2008/tv/5.html","http://bestof.ign.com/2008/tv/5.html","#cite_ref-25","http://bestof.ign.com/2009/tv/best-animated-series.html","http://bestof.ign.com/2009/tv/best-animated-series.html","#cite_ref-26","http://bestof.ign.com/2008/tv/15.html","http://bestof.ign.com/2008/tv/15.html","#cite_ref-27","http://tv.ign.com/articles/121/1214608p5.html","http://tv.ign.com/articles/121/1214608p5.html","#cite_ref-28","http://www.variety.com/review/VE1117936418.html?categoryid=32&cs=1","http://www.variety.com/review/VE1117936418.html?categoryid=32&cs=1","#cite_ref-29","http://www.tvshowsondvd.com/news/Spectacular-Spider-Man-Attack-of-Lizard/9950","#cite_ref-30","http://www.tvshowsondvd.com/news/Spectacular-Spider-Man-Season-1/11906","#cite_ref-31","http://www.tvshowsondvd.com/news/Spectacular-Spider-Man-Volume-5/12638","#cite_ref-32","http://www.amazon.com/dp/B0037FFBPO","#cite_ref-33","http://www.play.com/Search.html?searchstring=The+Spectacular+Spider-Man&searchtype=R2&searchsource=0","http://www.play.com/Search.html?searchstring=The+Spectacular+Spider-Man&searchtype=R2&searchsource=0","#cite_ref-34","http://www.comicscontinuum.com/stories/0712/02/index.htm","#cite_ref-35","http://www.happymeal.com/en_US/index.html#BoyToys","http://www.happymeal.com/en_US/index.html#BoyToys","#cite_ref-36","http://www.indiainfoline.com/news/innernews.asp?storyId=93014&lmn=1","#cite_ref-37","http://www.dailymotion.com/relevance/search/spectacular%2Bspiderman/video/x844td_pub-mcdonalds-spectacular-spiderman_fun","/wiki/Wikipedia:Link_rot","#cite_ref-BKKids_38-0","http://www.clubbk.com/Toys/Default.aspx","http://www.clubbk.com/Toys/Default.aspx","/w/index.php?title=The_Spectacular_Spider-Man_(TV_series)&action=edit&section=14","/wiki/File:USA_flag_on_television.svg","//upload.wikimedia.org/wikipedia/commons/thumb/a/a3/USA_flag_on_television.svg/32px-USA_flag_on_television.svg.png","/wiki/Portal:Television_in_the_United_States","/wiki/File:Fleishersuperman.jpg","//upload.wikimedia.org/wikipedia/commons/thumb/0/0b/Fleishersuperman.jpg/32px-Fleishersuperman.jpg","/wiki/Portal:Superhero_fiction","/wiki/File:Blue_iPod_Nano.jpg","//upload.wikimedia.org/wikipedia/commons/thumb/c/c1/Blue_iPod_Nano.jpg/12px-Blue_iPod_Nano.jpg","/wiki/Portal:2000s","/wiki/File:Mad_scientist.svg","//upload.wikimedia.org/wikipedia/commons/thumb/a/ae/Mad_scientist.svg/30px-Mad_scientist.svg.png","/wiki/Portal:Cartoon","http://www.imdb.com/title/tt0976192/","/wiki/Internet_Movie_Database","http://www.tv.com/shows/the-spectacular-spider-man/","/wiki/TV.com","http://www.spideytv.com/","http://marvel.toonzone.net/specspidey/","http://www.animatedsuperheroes.com/2008/05/spectacular-spider-man_12.html","http://gotcheeks.blogspot.com/","http://www.comicmix.com/news/2008/08/19/interview-greg-weisman-on-the-spectacular-spider-man-animated-series/","/wiki/Template:Spectacular_Spider-Man_(TV_series)","/wiki/Template_talk:Spectacular_Spider-Man_(TV_series)","//en.wikipedia.org/w/index.php?title=Template:Spectacular_Spider-Man_(TV_series)&action=edit","/wiki/Greg_Weisman","/wiki/Victor_Cook","/wiki/List_of_The_Spectacular_Spider-Man_episodes","/wiki/Survival_of_the_Fittest_(The_Spectacular_Spider-Man)","/wiki/Interactions_(The_Spectacular_Spider-Man)","/wiki/Natural_Selection_(The_Spectacular_Spider-Man)","/wiki/Market_Forces_(The_Spectacular_Spider-Man)","/wiki/Competition_(The_Spectacular_Spider-Man)","/wiki/The_Invisible_Hand_(The_Spectacular_Spider-Man)","/wiki/Catalysts_(The_Spectacular_Spider-Man)","/wiki/Reaction_(The_Spectacular_Spider-Man)","/wiki/The_Uncertainty_Principle_(The_Spectacular_Spider-Man)","/wiki/List_of_The_Spectacular_Spider-Man_characters","/wiki/Spider-Man_television_series#The_Spectacular_Spider-Man_-_2008_animated_series","/wiki/Gwen_Stacy#The_Spectacular_Spider-Man","/wiki/Harry_Osborn#Television","/wiki/Liz_Allan#Television","/wiki/Flash_Thompson#The_Spectacular_Spider-Man","/wiki/Mary_Jane_Watson#The_Spectacular_Spider-Man","/wiki/J._Jonah_Jameson#The_Spectacular_Spider-Man","/wiki/Green_Goblin_in_other_media#The_Spectacular_Spider-Man","/wiki/George_Stacy#Television","/wiki/List_of_Spectacular_Spider-Man_supporting_characters","/wiki/Aunt_May#Television","/wiki/Uncle_Ben#Television","/wiki/Randy_Robertson#The_Spectacular_Spider-Man","/wiki/Kenny_McFarlane#In_other_media","/wiki/Prowler_(comics)#Television","/wiki/Glory_Grant#Televison","/wiki/Bluebird_(comics)#Television","/wiki/Betty_Brant#The_Spectacular_Spider-Man","/wiki/Robbie_Robertson_(comics)#Television","/wiki/Ned_Leeds#Animated_series","/wiki/Frederick_Foswell#Television","/wiki/John_Jameson_(comics)#The_Spectacular_Spider-Man","/wiki/Black_Cat_(comics)#The_Spectacular_Spider-Man","/wiki/List_of_The_Spectacular_Spider-Man_minor_characters","/wiki/List_of_Spectacular_Spider-Man_villains","/wiki/Tombstone_(comics)#Television","/wiki/Hammerhead_(comics)#Television","/wiki/Enforcers_(comics)#Television","/wiki/New_Enforcers#Television","/wiki/Montana_(comics)#Television","/wiki/Ox_(comics)#Television","/wiki/Fancy_Dan#Television","/wiki/Vulture_(comics)#The_Spectacular_Spider-Man","/wiki/Electro_(Marvel_Comics)#The_Spectacular_Spider-Man","/wiki/Lizard_(comics)#Television","/wiki/Shocker_(comics)#The_Spectacular_Spider-Man","/wiki/Sandman_(Marvel_Comics)#The_Spectacular_Spider-Man","/wiki/Rhino_(comics)#In_other_media","/wiki/Green_Goblin#The_Spectacular_Spider-Man","/wiki/Doctor_Octopus#The_Spectacular_Spider-Man","/wiki/Chameleon_(comics)#The_Spectacular_Spider-Man","/wiki/Venom_(comics)#Television","/wiki/Mysterio#Television","/wiki/Jackal_(Marvel_Comics)#Television","/wiki/Tinkerer#Television","/wiki/Kraven_the_Hunter#Television","/wiki/Calypso_(comics)","/wiki/Silver_Sable#The_Spectacular_Spider-Man","/wiki/Silvermane#Television","/wiki/Molten_Man#Television","/wiki/Template:Spider-Man_in_popular_media","/wiki/Template_talk:Spider-Man_in_popular_media","//en.wikipedia.org/w/index.php?title=Template:Spider-Man_in_popular_media&action=edit","/wiki/Spider-Man","/wiki/Spider-Man_in_other_media","/wiki/Spider-Man_television_series","/wiki/Spider-Man_(1967_TV_series)","/wiki/List_of_Spider-Man_(1967_TV_series)_episodes","/wiki/Spidey_Super_Stories","/wiki/The_Amazing_Spider-Man_(TV_series)","/wiki/Spider-Man_(Toei_TV_series)","/wiki/Spider-Woman_(TV_series)","/wiki/Spider-Man_(1981_TV_series)","/wiki/Spider-Man_and_His_Amazing_Friends","/wiki/List_of_Spider-Man_and_His_Amazing_Friends_episodes","/wiki/List_of_Spider-Man_and_His_Amazing_Friends_characters","/wiki/Spider-Man_(1994_TV_series)","/wiki/List_of_Spider-Man_(1994_TV_series)_episodes","/wiki/List_of_Spider-Man_(1994_TV_series)_characters","/wiki/Spider-Man_Unlimited","/wiki/List_of_Spider-Man_Unlimited_episodes","/wiki/Spider-Man:_The_New_Animated_Series","/wiki/List_of_The_Spectacular_Spider-Man_episodes","/wiki/List_of_The_Spectacular_Spider-Man_characters","/wiki/Ultimate_Spider-Man_(TV_series)","/wiki/List_of_Ultimate_Spider-Man_episodes","/wiki/Spider-Man_in_film","/wiki/The_Amazing_Spider-Man_(1977_film)","/wiki/Spider-Man_(film)","/wiki/Spider-Man_2","/wiki/Spider-Man_3","/wiki/The_Amazing_Spider-Man_(2012_film)","/wiki/The_Amazing_Spider-Man_2","/wiki/Spider-Man_Live!","/wiki/Spider-Man:_Turn_Off_the_Dark","/wiki/Spider-Man_in_other_media#Newspaper_strip","/wiki/Spider-Man_video_games","/wiki/Spider-Man_(Atari_2600_video_game)","/wiki/Questprobe","/wiki/Spider-Man_and_Captain_America_in_Doctor_Doom%27s_Revenge","/wiki/The_Amazing_Spider-Man_(1990_video_game)","/wiki/The_Amazing_Spider-Man_(handheld_video_game)","/wiki/The_Amazing_Spider-Man_vs._The_Kingpin","/wiki/Spider-Man:_The_Video_Game","/wiki/The_Amazing_Spider-Man_2_(video_game)","/wiki/Spider-Man:_Return_of_the_Sinister_Six","/wiki/Spider-Man_and_the_X-Men_in_Arcade%27s_Revenge","/wiki/The_Amazing_Spider-Man_3:_Invasion_of_the_Spider-Slayers","/wiki/Spider-Man_and_Venom:_Maximum_Carnage","/wiki/The_Amazing_Spider-Man:_Lethal_Foes","/wiki/Venom/Spider-Man:_Separation_Anxiety","/wiki/Spider-Man_Animated_Series_(video_game)","/wiki/Spider-Man:_Web_of_Fire","/wiki/Marvel_Super_Heroes:_War_of_the_Gems","/wiki/Spider-Man_(2000_video_game)","/wiki/Spider-Man_2:_The_Sinister_Six","/wiki/Spider-Man_2:_Enter_Electro","/wiki/Spider-Man:_Mysterio%27s_Menace","/wiki/X-Men:_Mutant_Academy_2","/wiki/Spider-Man_(2002_video_game)","/wiki/Spider-Man_2_(video_game)","/wiki/Ultimate_Spider-Man_(video_game)","/wiki/Spider-Man:_Battle_for_New_York","/wiki/Spider-Man_3_(video_game)","/wiki/Spider-Man:_Friend_or_Foe","/wiki/Spider-Man:_Web_of_Shadows","/wiki/Marvel_Ultimate_Alliance_2","/wiki/Spider-Man:_Shattered_Dimensions","/wiki/Spider-Man:_Edge_of_Time","/wiki/The_Amazing_Spider-Man_(2012_video_game)","/wiki/Spider-Plant_Man","/wiki/Superhero_Movie","/wiki/The_Amazing_Adventures_of_Spider-Man","/wiki/Islands_of_Adventure#Marvel_Super_Hero_Island","/wiki/Green_Goblin_in_other_media","/wiki/List_of_Spider-Man_enemies_in_other_media","/wiki/Template:Marvel_animation","/wiki/Template_talk:Marvel_animation","//en.wikipedia.org/w/index.php?title=Template:Marvel_animation&action=edit","/wiki/List_of_television_series_based_on_Marvel_Comics","/wiki/The_Marvel_Super_Heroes","/wiki/Fantastic_Four_(1967_TV_series)","/wiki/Spider-Man_(1967_TV_series)","/wiki/List_of_Spider-Man_(1967_TV_series)_episodes","/wiki/Fantastic_Four_(1978_TV_series)","/wiki/Fred_and_Barney_Meet_The_Thing","/wiki/Spider-Woman_(TV_series)","/wiki/Spider-Man_(1981_TV_series)","/wiki/Spider-Man_and_His_Amazing_Friends","/wiki/List_of_Spider-Man_and_His_Amazing_Friends_episodes","/wiki/The_Incredible_Hulk_(1982_TV_series)","/wiki/Tomb_of_Dracula#Television","/wiki/X-Men:_Pryde_of_the_X-Men","/wiki/Solarman","/wiki/X-Men_(TV_series)","/wiki/List_of_X-Men_(TV_series)_characters","/wiki/List_of_X-Men_(TV_series)_episodes","/wiki/List_of_X-Men_(TV_series)_video_releases","/wiki/Iron_Man_(TV_series)","/wiki/List_of_Iron_Man_(TV_series)_episodes","/wiki/Fantastic_Four_(1994_TV_series)","/wiki/List_of_Fantastic_Four_(1994_TV_series)_episodes","/wiki/Spider-Man_(1994_TV_series)","/wiki/List_of_Spider-Man_(1994_TV_series)_characters","/wiki/List_of_Spider-Man_(1994_TV_series)_episodes","/wiki/Ultraforce_(TV_series)","/wiki/The_Incredible_Hulk_(1996_TV_series)","/wiki/List_of_Incredible_Hulk_(1996_TV_series)_episodes","/wiki/Men_in_Black:_The_Series","/wiki/List_of_Men_in_Black:_The_Series_episodes","/wiki/Silver_Surfer_(TV_series)","/wiki/List_of_Silver_Surfer_(TV_series)_episodes","/wiki/Spider-Man_Unlimited","/wiki/List_of_Spider-Man_Unlimited_episodes","/wiki/Spider-Man_Unlimited_(comics)","/wiki/The_Avengers:_United_They_Stand","/wiki/List_of_The_Avengers:_United_They_Stand_episodes","/wiki/X-Men:_Evolution","/wiki/List_of_X-Men:_Evolution_episodes","/wiki/List_of_X-Men:_Evolution_characters","/wiki/Spider-Man:_The_New_Animated_Series","/wiki/Fantastic_Four:_World%27s_Greatest_Heroes","/wiki/List_of_Fantastic_Four:_World%27s_Greatest_Heroes_episodes","/wiki/List_of_The_Spectacular_Spider-Man_episodes","/wiki/List_of_The_Spectacular_Spider-Man_characters","/wiki/Wolverine_and_the_X-Men_(TV_series)","/wiki/List_of_Wolverine_and_the_X-Men_episodes","/wiki/Iron_Man:_Armored_Adventures","/wiki/List_of_Iron_Man:_Armored_Adventures_episodes","/wiki/The_Super_Hero_Squad_Show","/wiki/List_of_The_Super_Hero_Squad_Show_episodes","/wiki/Black_Panther_(TV_series)","/wiki/The_Avengers:_Earth%27s_Mightiest_Heroes","/wiki/List_of_The_Avengers:_Earth%27s_Mightiest_Heroes_episodes","/wiki/List_of_The_Avengers:_Earth%27s_Mightiest_Heroes_characters","/wiki/Ultimate_Spider-Man_(TV_series)","/wiki/List_of_Ultimate_Spider-Man_episodes","/wiki/Hulk_and_the_Agents_of_S.M.A.S.H.","/wiki/Avengers_Assemble_(TV_series)","/wiki/The_Marvel_Action_Hour","/wiki/Marvel_Action_Universe","/wiki/Marvel_Animated_Features","/wiki/Marvel_Anime","/wiki/List_of_Marvel_Anime_episodes","/wiki/Marvel_Animation#Marvel_Knights_Animation","/wiki/Marvel_Universe_(TV)","/wiki/Marvel_Entertainment","/wiki/Marvel_Productions","/wiki/Marvel_Studios","/wiki/Marvel_Animation","/wiki/Disney_XD","/wiki/Saban_Entertainment","/wiki/Spider-Man_Cartoon_Maker","/wiki/Spider-Man_Animated_Series_(video_game)","/wiki/Marvel_Toys","/wiki/X-Men_Cartoon_Maker","/wiki/Template:Kids%27_WB","/wiki/Template_talk:Kids%27_WB","//en.wikipedia.org/w/index.php?title=Template:Kids%27_WB&action=edit","/wiki/Kids%27_WB","/wiki/List_of_programs_broadcast_by_Kids%27_WB","/wiki/Saturday_morning_cartoon","/wiki/Saturday_morning_preview_specials","/wiki/Weekday_cartoon","/wiki/Modern_animation_in_the_United_States","/wiki/Pillow_Head_Hour","/wiki/Toonami","/wiki/Toonzai","/wiki/List_of_4Kids_licenses_and_productions","/wiki/Vortexx","/wiki/Kids%27_WB_Australia","/wiki/Johnny_Test","/wiki/Magi-Nation_(TV_series)","/wiki/Spider_Riders","/wiki/Will_and_Dewitt","/wiki/World_of_Quest","/wiki/Anime","/wiki/Dubbing_(filmmaking)","/wiki/English_language","/wiki/Astro_Boy_(2003_TV_series)","/wiki/Cardcaptor_Sakura","/wiki/Cubix","/wiki/Dragon_Ball","/wiki/MegaMan_NT_Warrior","/wiki/Pok%C3%A9mon_(anime)","/wiki/Sailor_Moon_(English_adaptations)","/wiki/Spider_Riders","/wiki/Transformers:_Cybertron","/wiki/Viewtiful_Joe_(anime)","/wiki/Yu-Gi-Oh!_(2000_TV_series)","/wiki/Marvel_Animation","/wiki/X-Men:_Evolution","/wiki/Adelaide_Productions","/wiki/Sony_Pictures_Television","/wiki/Channel_Umptee-3","/wiki/Generation_O!","/wiki/Jackie_Chan_Adventures","/wiki/Max_Steel_(TV_series)","/wiki/Men_in_Black:_The_Series","/wiki/Phantom_Investigators","/wiki/Universal_Animation_Studios","/wiki/Earthworm_Jim_(TV_series)","/wiki/The_Mummy:_The_Animated_Series","/wiki/Warner_Bros._Animation","/wiki/Warner_Bros._Television","/wiki/Animaniacs","/wiki/Coconut_Fred%27s_Fruit_Salad_Island","/wiki/Detention_(TV_series)","/wiki/Freakazoid!","/wiki/Histeria!","/wiki/Johnny_Test","/wiki/%C2%A1Mucha_Lucha!","/wiki/The_Nightmare_Room","/wiki/Ozzy_%26_Drix","/wiki/Pinky_and_the_Brain","/wiki/Pinky,_Elmyra,_%26_the_Brain","/wiki/Road_Rovers","/wiki/Tiny_Toon_Adventures","/wiki/Waynehead","/wiki/Xiaolin_Showdown","/wiki/Cartoon_Network","/wiki/Cartoon_Network_Studios","/wiki/Codename:_Kids_Next_Door","/wiki/Foster%27s_Home_for_Imaginary_Friends","/wiki/The_Powerpuff_Girls","/wiki/Samurai_Jack","/wiki/DC_animated_universe","/wiki/Batman:_The_Animated_Series","/wiki/Batman_Beyond","/wiki/The_New_Batman_Adventures","/wiki/The_New_Batman/Superman_Adventures","/wiki/Static_Shock","/wiki/Superman:_The_Animated_Series","/wiki/The_Zeta_Project","/wiki/Teen_Titans_(TV_series)","/wiki/The_Batman_(TV_series)","/wiki/Krypto_the_Superdog","/wiki/Legion_of_Super_Heroes_(TV_series)","/wiki/Hanna-Barbera","/wiki/The_New_Scooby_and_Scrappy-Doo_Show","/wiki/Captain_Planet_and_the_Planeteers","/wiki/The_New_Scooby-Doo_Movies","/wiki/The_Scooby-Doo_Show","/wiki/Shaggy_%26_Scooby-Doo_Get_a_Clue!","/wiki/Scooby-Doo,_Where_Are_You!","/wiki/Tom_and_Jerry_Tales","/wiki/What%27s_New,_Scooby_Doo%3F","/wiki/Looney_Tunes","/wiki/Looney_Tunes","/wiki/The_Cat%26Birdy_Warneroonie_PinkyBrainy_Big_Cartoonie_Show","/wiki/Looney_Tunes","/wiki/Loonatics_Unleashed","/wiki/The_Sylvester_%26_Tweety_Mysteries","/wiki/Looney_Tunes","/wiki/Brats_of_the_Lost_Nebula","/wiki/Cubix","/wiki/Da_Boom_Crew","/wiki/Eon_Kid","/wiki/Invasion_America","/wiki/The_Legend_of_Calamity_Jane","/wiki/Monster_Allergy_(TV_series)","/wiki/The_Nightmare_Room","/wiki/Rescue_Heroes","/wiki/Skunk_Fu!","/wiki/Kids%27_WB_Specials","/wiki/Grandma_Got_Run_Over_by_a_Reindeer_(TV_special)","/wiki/Pok%C3%A9mon:_The_Mastermind_of_Mirage_Pok%C3%A9mon","/wiki/Pok%C3%A9mon:_Destiny_Deoxys","/wiki/Wakko%27s_Wish","http://en.wikipedia.org/w/index.php?title=The_Spectacular_Spider-Man_(TV_series)&oldid=544485367","/wiki/Help:Categories","/wiki/Category:Spider-Man_television_series","/wiki/Category:The_Spectacular_Spider-Man_(TV_series)","/wiki/Category:Animated_television_series_based_on_Marvel_comics","/wiki/Category:Television_series_by_Sony_Pictures_Television","/wiki/Category:Kids_WB_original_programs","/wiki/Category:2000s_American_animated_television_series","/wiki/Category:2008_American_television_series_debuts","/wiki/Category:2009_American_television_series_endings","/wiki/Category:Superhero_television_programs","/wiki/Category:CW4Kids_original_programs","/wiki/Category:Disney_XD_shows","/wiki/Category:All_articles_with_dead_external_links","/wiki/Category:Articles_with_dead_external_links_from_May_2012","/w/index.php?title=Special:UserLogin&returnto=The+Spectacular+Spider-Man+%28TV+series%29&type=signup","/w/index.php?title=Special:UserLogin&returnto=The+Spectacular+Spider-Man+%28TV+series%29","/wiki/The_Spectacular_Spider-Man_(TV_series)","/wiki/Talk:The_Spectacular_Spider-Man_(TV_series)","#","/wiki/The_Spectacular_Spider-Man_(TV_series)","/w/index.php?title=The_Spectacular_Spider-Man_(TV_series)&action=edit","/w/index.php?title=The_Spectacular_Spider-Man_(TV_series)&action=history","#","/w/index.php","//bits.wikimedia.org/static-1.21wmf11/skins/vector/images/search-ltr.png?303-4","/wiki/Main_Page","/wiki/Main_Page","/wiki/Portal:Contents","/wiki/Portal:Featured_content","/wiki/Portal:Current_events","/wiki/Special:Random","//donate.wikimedia.org/wiki/Special:FundraiserRedirector?utm_source=donate&utm_medium=sidebar&utm_campaign=C13_en.wikipedia.org&uselang=en","/wiki/Help:Contents","/wiki/Wikipedia:About","/wiki/Wikipedia:Community_portal","/wiki/Special:RecentChanges","/wiki/Wikipedia:Contact_us","/wiki/Special:WhatLinksHere/The_Spectacular_Spider-Man_(TV_series)","/wiki/Special:RecentChangesLinked/The_Spectacular_Spider-Man_(TV_series)","/wiki/Wikipedia:File_Upload_Wizard","/wiki/Special:SpecialPages","/w/index.php?title=The_Spectacular_Spider-Man_(TV_series)&oldid=544485367","/w/index.php?title=The_Spectacular_Spider-Man_(TV_series)&action=info","/w/index.php?title=Special:Cite&page=The_Spectacular_Spider-Man_%28TV_series%29&id=544485367","/w/index.php?title=Special:Book&bookcmd=book_creator&referer=The+Spectacular+Spider-Man+%28TV+series%29","/w/index.php?title=Special:Book&bookcmd=render_article&arttitle=The+Spectacular+Spider-Man+%28TV+series%29&oldid=544485367&writer=rl","/w/index.php?title=The_Spectacular_Spider-Man_(TV_series)&printable=yes","//bg.wikipedia.org/wiki/%D0%9D%D0%B5%D0%B2%D0%B5%D1%80%D0%BE%D1%8F%D1%82%D0%BD%D0%B8%D1%8F%D1%82_%D0%A1%D0%BF%D0%B0%D0%B9%D0%B4%D1%8A%D1%80-%D0%9C%D0%B5%D0%BD","//de.wikipedia.org/wiki/Spectacular_Spider-Man","//es.wikipedia.org/wiki/El_espectacular_Hombre_Ara%C3%B1a","//fr.wikipedia.org/wiki/Spectacular_Spider-Man_(s%C3%A9rie_t%C3%A9l%C3%A9vis%C3%A9e)","//id.wikipedia.org/wiki/The_Spectacular_Spider-Man_(seri_televisi)","//is.wikipedia.org/wiki/The_Spectacular_Spider-Man","//it.wikipedia.org/wiki/The_Spectacular_Spider-Man_(serie_animata)","//he.wikipedia.org/wiki/%D7%A1%D7%A4%D7%99%D7%99%D7%93%D7%A8%D7%9E%D7%9F_%D7%94%D7%9E%D7%93%D7%94%D7%99%D7%9D","//hu.wikipedia.org/wiki/A_P%C3%B3kember_leg%C3%BAjabb_kalandjai","//nl.wikipedia.org/wiki/The_Spectacular_Spider-Man_(animatieserie)","//ja.wikipedia.org/wiki/%E3%82%B9%E3%83%9A%E3%82%AF%E3%82%BF%E3%82%AD%E3%83%A5%E3%83%A9%E3%83%BC%E3%83%BB%E3%82%B9%E3%83%91%E3%82%A4%E3%83%80%E3%83%BC%E3%83%9E%E3%83%B3","//pl.wikipedia.org/wiki/The_Spectacular_Spider-Man_(serial_animowany)","//pt.wikipedia.org/wiki/The_Spectacular_Spider-Man","//ro.wikipedia.org/wiki/Aventurile_lui_Spider_Man","//ru.wikipedia.org/wiki/%D0%9D%D0%BE%D0%B2%D1%8B%D0%B5_%D0%BF%D1%80%D0%B8%D0%BA%D0%BB%D1%8E%D1%87%D0%B5%D0%BD%D0%B8%D1%8F_%D0%A7%D0%B5%D0%BB%D0%BE%D0%B2%D0%B5%D0%BA%D0%B0-%D0%BF%D0%B0%D1%83%D0%BA%D0%B0","//fi.wikipedia.org/wiki/H%C3%A4mm%C3%A4stytt%C3%A4v%C3%A4_H%C3%A4m%C3%A4h%C3%A4kkimies","//tr.wikipedia.org/wiki/The_Spectacular_Spider-Man","//uk.wikipedia.org/wiki/%D0%9D%D0%BE%D0%B2%D1%96_%D0%BF%D1%80%D0%B8%D0%B3%D0%BE%D0%B4%D0%B8_%D0%9B%D1%8E%D0%B4%D0%B8%D0%BD%D0%B8-%D0%BF%D0%B0%D0%B2%D1%83%D0%BA%D0%B0","//www.wikidata.org/wiki/Special:ItemByTitle/enwiki/The Spectacular Spider-Man (TV series)","//en.wikipedia.org/wiki/Wikipedia:Text_of_Creative_Commons_Attribution-ShareAlike_3.0_Unported_License","//creativecommons.org/licenses/by-sa/3.0/","//wikimediafoundation.org/wiki/Terms_of_Use","//www.wikimediafoundation.org/","//en.wikipedia.org/wiki/Wikipedia:Contact_us","//wikimediafoundation.org/wiki/Privacy_policy","/wiki/Wikipedia:About","/wiki/Wikipedia:General_disclaimer","http://en.m.wikipedia.org/wiki/The_Spectacular_Spider-Man_(TV_series)","//wikimediafoundation.org/","//bits.wikimedia.org/images/wikimedia-button.png","//www.mediawiki.org/","//bits.wikimedia.org/static-1.21wmf11/skins/common/images/poweredby_mediawiki_88x31.png","//bits.wikimedia.org/en.wikipedia.org/load.php?debug=false&lang=en&modules=skins.vector&only=scripts&skin=vector&*","/w/index.php?title=MediaWiki:Gadget-ReferenceTooltips.js&action=raw&ctype=text/javascript&508635914","//bits.wikimedia.org/en.wikipedia.org/load.php?debug=false&lang=en&modules=site&only=scripts&skin=vector&*"],"instances":["comics","comics","comics","comics","comics","comics","comics","comics","comics","comics","comics","comics","marvel_comics","tv_series","comics","comics","marvel_comics","marvel_comics","comics","comics","comics","comics","comics","comics","comics","genre"],"pdf":[],"categories":["Spider-Man television series","The Spectacular Spider-Man (TV series)|","Animated television series based on Marvel comics","Television series by Sony Pictures Television","Kids WB original programs","2000s American animated television series","2008 American television series debuts","2009 American television series endings","Superhero television programs","CW4Kids original programs","Disney XD shows"],"headings":["Synopsis","Characters","Cast","Crew","Production","Reception","Home video","Toys and merchandise","See Also","References","External links"],"image":["//upload.wikimedia.org/wikipedia/en/thumb/d/d1/The_Spectacular_Spider-Man_%28TV_series%29_logo.svg/250px-The_Spectacular_Spider-Man_%28TV_series%29_logo.svg.png","//upload.wikimedia.org/wikipedia/en/thumb/4/4b/Venom_in_Spectacular_Spider-Man.jpg/180px-Venom_in_Spectacular_Spider-Man.jpg","//bits.wikimedia.org/static-1.21wmf11/skins/common/images/magnify-clip.png","//upload.wikimedia.org/wikipedia/en/thumb/9/90/Spectacular_spider-man_animated_cha-1-.jpg/220px-Spectacular_spider-man_animated_cha-1-.jpg","//bits.wikimedia.org/static-1.21wmf11/skins/common/images/magnify-clip.png","//upload.wikimedia.org/wikipedia/commons/thumb/c/c4/Spectacular_Spider-Man_series_crew.jpg/220px-Spectacular_Spider-Man_series_crew.jpg","//bits.wikimedia.org/static-1.21wmf11/skins/common/images/magnify-clip.png","//upload.wikimedia.org/wikipedia/commons/thumb/a/a3/USA_flag_on_television.svg/32px-USA_flag_on_television.svg.png","//upload.wikimedia.org/wikipedia/commons/thumb/0/0b/Fleishersuperman.jpg/32px-Fleishersuperman.jpg","//upload.wikimedia.org/wikipedia/commons/thumb/c/c1/Blue_iPod_Nano.jpg/12px-Blue_iPod_Nano.jpg","//upload.wikimedia.org/wikipedia/commons/thumb/a/ae/Mad_scientist.svg/30px-Mad_scientist.svg.png","//bits.wikimedia.org/static-1.21wmf11/skins/vector/images/search-ltr.png?303-4","//bits.wikimedia.org/images/wikimedia-button.png","//bits.wikimedia.org/static-1.21wmf11/skins/common/images/poweredby_mediawiki_88x31.png"],"tags":[["action","fiction"],["action","genre"],["vulture","comics"],["hammerhead","comics"],["enforcers","comics"],["electro","marvel_comics"],["lizard","comics"],["sandman","marvel_comics"],["rhino","comics"],["tombstone","comics"],["black_cat","comics"],["shocker","comics"],["chameleon","comics"],["symbiote","comics"],["jackal","marvel_comics"],["calypso","comics"],["hobgoblin","roderick_kingsley"],["john_jameson","comics"],["lizard","comics"],["montana","comics"],["shocker","comics"],["chameleon","comics"],["ox","comics"],["rhino","comics"],["calypso","comics"],["tombstone","comics"],["bluebird","comics"],["hammerhead","comics"],["sandman","marvel_comics"],["venom","comics"],["prowler","comics"],["vulture","comics"],["electro","marvel_comics"],["jackal","marvel_comics"],["black_cat","comics"],["robbie_robertson","comics"],["ricochet","comics"],["john_jameson","comics"],["hobgoblin","comics"],["sin-eater","comics"],["hobgoblin","comics"],["ultimate_spider-man","tv_series"]],"members":["montana","lizard","symbiote","chameleon","calypso","robbie_robertson","ox","ricochet","hobgoblin","tombstone","john_jameson","prowler","electro","rhino","bluebird","jackal","sandman","shocker","venom","vulture","hammerhead","black_cat","enforcers","action"],"related":["Superhero","Action_(fiction)","Adventure_fiction","Science_fiction","Cartoon_series","Stan_Lee","Steve_Ditko","Greg_Weisman","Victor_Cook","Matt_Wayne","Kevin_Altieri","Josh_Keaton","Benjamin_Diskin","James_Arnold_Taylor","Lacey_Chabert","Alanna_Ubach","Kevin_Michael_Richardson","Daran_Norris","Vanessa_Marshall","Steven_Blum","Joshua_LeBar","Andrew_Kishino","Clancy_Brown","Alan_Rachins","The_Tender_Box","Kristopher_Carter","Lolita_Ritmanis","The_Tender_Box","United_States","Culver_Entertainment","English_language","The_CW_Television_Network","Kids_WB!","The_CW4Kids","Disney_XD","Stan_Lee","Craig_Kyle","United_States","Cartoon_series","Superhero","Spider-Man","Marvel_Comics","Greg_Weisman","Victor_Cook","Stan_Lee","Steve_Ditko","Action_(genre)","Drama","Comedy","Spider-Man_in_film","Kids'_WB!","The_CW_Television_Network","Disney_XD","Flash_Thompson","Gwen_Stacy","Harry_Osborn","Aunt_May","Uncle_Ben","J._Jonah_Jameson","Eddie_Brock","Green_Goblin","Doctor_Octopus","Green_Goblin","Vulture_(comics)","Hammerhead_(comics)","Enforcers_(comics)","Electro_(Marvel_Comics)","Lizard_(comics)","Sandman_(Marvel_Comics)","Rhino_(comics)","Tombstone_(comics)","Doctor_Octopus","Black_Cat_(comics)","Shocker_(comics)","Chameleon_(comics)","Mysterio","Tinkerer","Symbiote_(comics)","Eddie_Brock","Eddie_Brock","Liz_Allan","Jackal_(Marvel_Comics)","Silvermane","Kraven_the_Hunter","Calypso_(comics)","Silver_Sable","Hobgoblin_(Roderick_Kingsley)","Molten_Man","Mysterio","Tinkerer","Mary_Jane_Watson","Gwen_Stacy","Harry_Osborn","Eddie_Brock","Walter_Hardy","Uncle_Ben","Green_Goblin","Daily_Bugle","John_Jameson_(comics)","Flash_Thompson","Thom_Adcox","Tinkerer","Edward_Asner","Uncle_Ben","Dee_Bradley_Baker","Lizard_(comics)","Irene_Bedard","Jean_DeWolff","Jeff_Bennett","Montana_(comics)","Shocker_(comics)","Xander_Berkeley","Mysterio","Steven_Blum","Green_Goblin","Chameleon_(comics)","Clancy_Brown","George_Stacy","Ox_(comics)","Rhino_(comics)","Angela_Bryant","Calypso_(comics)","Max_Burkholder","Lacey_Chabert","Gwen_Stacy","Robert_Costanzo","Nikki_Cox","Silver_Sable","Jim_Cummings","Keith_David","Tombstone_(comics)","Grey_DeLisle","Betty_Brant","Bluebird_(comics)","John_DiMaggio","Hammerhead_(comics)","Sandman_(Marvel_Comics)","Benjamin_Diskin","Eddie_Brock","Venom_(comics)","Prowler_(comics)","Robert_Englund","Vulture_(comics)","Bill_Fagerbakke","Hydro-Man","Miguel_Ferrer","Silvermane","Crispin_Freeman","Electro_(Marvel_Comics)","Elisa_Gabrielli","Brian_George","Jackal_(Marvel_Comics)","Dorian_Harewood","Tricia_Helfer","Black_Cat_(comics)","Kelly_Hu","Josh_Keaton","Spider-Man","Andrew_Kishino","Kenny_McFarlane","Ned_Leeds","Clyde_Kusatsu","Phil_LaMarr","Robbie_Robertson_(comics)","Randy_Robertson","Fancy_Dan","Ricochet_(comics)","Joshua_LeBar","Flash_Thompson","Stan_Lee","Molten_Man","Jane_Lynch","Peter_MacNicol","Doctor_Octopus","Vanessa_Marshall","Mary_Jane_Watson","Daran_Norris","J._Jonah_Jameson","John_Jameson_(comics)","Alan_Rachins","Green_Goblin","James_Remar","Walter_Hardy","Kevin_Michael_Richardson","Kath_Soucie","Anna_Watson","Aunt_May","Cree_Summer","Glory_Grant","James_Arnold_Taylor","Harry_Osborn","Frederick_Foswell","Danny_Trejo","Alanna_Ubach","Liz_Allan","Courtney_B._Vance","Hobgoblin_(comics)","Kraven_the_Hunter","Betty_Jean_Ward","Greg_Weisman","Thomas_F._Wilson","Sin-Eater_(comics)","Greg_Weisman","Greg_Weisman","Matt_Wayne","Sony_Pictures_Television","Culver_Entertainment","Adelaide_Productions","Spider-Man_in_film","The_Tender_Box","Mac_Gargan","Hobgoblin_(comics)","Newsarama","The_Walt_Disney_Company","Newsarama","Ultimate_Spider-Man_(TV_series)","IGN","IGN","DVD","ITunes_Store","PlayStation_Store","Hasbro","Toy","Action_figure","McDonald's","Happy_Meals","Burger_King"]}