{"cursor":"12968","size":15,"audio":[],"currentlang":"en","article":"{{Taxobox\n| name = Faboideae image = Crotalaria.jpg image_width = 240px image_caption =\n| [[Crotalaria]] retusa regnum = Plantae unranked_divisio = Angiosperms\n| unranked_classis = Eudicots unranked_ordo = Rosids ordo = Fabales familia =\n| Fabaceae subfamilia = 'Faboideae' subdivision_ranks = Tribes (2003):\n| Germplasm Resources Information Network – [http://www.ars-grin.gov/cgi-\n| bin/npgs/html/family.pl?1567 Faboideae]. Version of 2003-JAN-17. Retrieved 2010-AUG-07. subdivision =\nAbreae  Adesmieae  Aeschynomeneae  Amorpheae  Bossiaeeae \nBrongniartieae  Cicereae  Crotalarieae  Dalbergieae  Desmodieae\n Dipterygeae  Euchresteae  Fabeae  Galegeae  Genisteae \nHedysareae  Hypocalypteae  Indigofereae  Loteae  Millettieae\n Mirbelieae  Phaseoleae  Podalyrieae  Psoraleeae  Robinieae\n Sesbanieae Sophoreae  Swartzieae  Thermopsideae  Trifolieae\n}} The 'Faboideae' are a subfamily of the flowering plant family Fabaceae or\nLeguminosae. One acceptable alternative name for the subfamily is\nPapilionoideae. , Article 19.7\n\nThis subfamily is widely distributed and members are adapted to a wide variety\nof environments. Faboideae may be trees, shrubs or herbaceous plants. Members\ninclude the pea, the sweet pea and the laburnum. The flowers are classically pea-\nshaped, and root nodulation is very common.\n","linknr":638,"url":"Faboideae","recorded":1363419046,"links":["/w/index.php?title=Faboideae&action=edit","/w/index.php?title=Faboideae&action=edit","//en.wikipedia.org/apple-touch-icon.png","//bits.wikimedia.org/favicon/wikipedia.ico","/w/opensearch_desc.php","//en.wikipedia.org/w/api.php?action=rsd","//creativecommons.org/licenses/by-sa/3.0/","/w/index.php?title=Special:RecentChanges&feed=atom","//bits.wikimedia.org/en.wikipedia.org/load.php?debug=false&lang=en&modules=ext.gadget.DRN-wizard%2CReferenceTooltips%2Ccharinsert%2Cteahouse%7Cext.wikihiero%7Cmediawiki.legacy.commonPrint%2Cshared%7Cmw.PopUpMediaTransform%7Cskins.vector&only=styles&skin=vector&*","//bits.wikimedia.org/en.wikipedia.org/load.php?debug=false&lang=en&modules=site&only=styles&skin=vector&*","//bits.wikimedia.org/en.wikipedia.org/load.php?debug=false&lang=en&modules=startup&only=scripts&skin=vector&*","//bits.wikimedia.org/geoiplookup","//meta.wikimedia.org","#mw-head","#p-search","/wiki/File:Crotalaria.jpg","//upload.wikimedia.org/wikipedia/commons/thumb/c/c3/Crotalaria.jpg/240px-Crotalaria.jpg","/wiki/Crotalaria","/wiki/Biological_classification","/wiki/Plantae","/wiki/Angiosperms","/wiki/Eudicots","/wiki/Rosids","/wiki/Fabales","/wiki/Fabaceae","#cite_note-1","#cite_note-2","#cite_note-3","/wiki/Abreae","/wiki/Adesmieae","/wiki/Aeschynomeneae","/wiki/Amorpheae","/wiki/Bossiaeeae","/wiki/Brongniartieae","/wiki/Cicereae","/wiki/Crotalarieae","/wiki/Dalbergieae","/wiki/Desmodieae","/wiki/Dipterygeae","/wiki/Euchresteae","/wiki/Fabeae","/wiki/Galegeae","/wiki/Genisteae","/wiki/Hedysareae","/wiki/Hypocalypteae","/wiki/Indigofereae","/wiki/Loteae","/wiki/Millettieae","/wiki/Mirbelieae","/wiki/Phaseoleae","/wiki/Podalyrieae","/wiki/Psoraleeae","/wiki/Robinieae","/wiki/Sesbanieae","/wiki/Sophoreae","/wiki/Swartzieae","/wiki/Thermopsideae","/wiki/Trifolieae","/wiki/Subfamily","/wiki/Flowering_plant","/wiki/Fabaceae","#cite_note-4","/wiki/Tree","/wiki/Shrub","/wiki/Herbaceous_plants","/wiki/Pea","/wiki/Sweet_pea","/wiki/Laburnum","/wiki/Flower","/wiki/Root_nodules","#Genera","#Gallery","#See_also","#References","#External_links","/w/index.php?title=Faboideae&action=edit&section=1","/wiki/Synonymy","/wiki/Abrus","/wiki/Acosmium","/wiki/Adenocarpus","/wiki/Adenodolichos","/wiki/Adesmia","/wiki/Aenictophyton","/wiki/Aeschynomene","/wiki/Afgekia","/wiki/Aganope","/wiki/Airyantha","/wiki/Aldina","/wiki/Alexa_(genus)","/wiki/Alhagi","/wiki/Alistilus","/wiki/Almaleea","/wiki/Alysicarpus","/wiki/Amburana","/wiki/Amicia","/wiki/Ammodendron","/wiki/Ammopiptanthus","/wiki/Amorpha","/wiki/Amphicarpaea","/wiki/Amphimas","/wiki/Amphithalea","/wiki/Anagyris","/wiki/Anarthrophyllum","/wiki/Andira","/wiki/Angylocalyx","/wiki/Antheroporum","/wiki/Anthyllis","/wiki/Antopetitia","/wiki/Aotus_(pea)","/wiki/Aphyllodium","/wiki/Apios","/wiki/Apoplanesia","/wiki/Apurimacia","/wiki/Arachis","/wiki/Argyrocytisus","/wiki/Argyrolobium","/wiki/Arthroclianthus","/wiki/Aspalathus","/wiki/Astragalus","/wiki/Ateleia","/wiki/Austrodolichos","/wiki/Austrosteenisia","/wiki/Baphia","/wiki/Baphiopsis","/wiki/Baptisia","/wiki/Barbieria","/wiki/Behaimia","/wiki/Bergeronia","/wiki/Bituminaria","/wiki/Bobgunnia","/wiki/Bocoa","/wiki/Bolusafra","/wiki/Bolusanthus","/wiki/Bolusia","/wiki/Bossiaea","/wiki/Bowdichia","/wiki/Brongniartia","/wiki/Brya","/wiki/Bryaspis","/wiki/Burkilliodendron","/wiki/Butea","/wiki/Cadia_(plant)","/wiki/Cajanus","/wiki/Calia","/wiki/Calicotome","/wiki/Callerya","/wiki/Callistachys","/wiki/Calophaca","/wiki/Calopogonium","/wiki/Calpurnia_(genus)","/wiki/Camoensia_(plant)","/wiki/Camptosema","/wiki/Campylotropis","/wiki/Canavalia","/wiki/Candolleodendron","/wiki/Caragana","/wiki/Carmichaelia","/wiki/Carrissoa","/wiki/Cascaronia","/wiki/Castanospermum","/wiki/Centrolobium","/wiki/Centrosema","/wiki/Chadsia","/wiki/Chaetocalyx","/wiki/Chamaecytisus","/wiki/Chapmannia","/wiki/Chesneya","/wiki/Chorizema","/wiki/Christia","/wiki/Cicer","/wiki/Cladrastis","/wiki/Clathrotropis","/wiki/Cleobulia","/wiki/Clianthus","/wiki/Clitoria","/wiki/Clitoriopsis","/wiki/Cochlianthus","/wiki/Codariocalyx","/wiki/Collaea","/wiki/Cologania","/wiki/Colutea","/wiki/Cordyla","/wiki/Coronilla","/wiki/Coursetia","/wiki/Craibia","/wiki/Cranocarpus","/wiki/Craspedolobium","/wiki/Cratylia","/wiki/Crotalaria","/wiki/Cruddasia","/wiki/Cullen_(genus)","/wiki/Cyamopsis","/wiki/Cyathostegia","/wiki/Cyclocarpa","/wiki/Cyclolobium","/wiki/Cyclopia_(genus)","/wiki/Cymbosema","/wiki/Cytisophyllum","/wiki/Cytisopsis","/wiki/Cytisus","/wiki/Dahlstedtia","/wiki/Dalbergia","/wiki/Dalbergiella","/wiki/Dalea","/wiki/Dalhousiea","/wiki/Daviesia","/wiki/Decorsea","/wiki/Dendrolobium","/wiki/Derris","/wiki/Desmodiastrum","/wiki/Desmodium","/wiki/Dewevrea","/wiki/Dichilus","/wiki/Dicraeopetalum","/wiki/Dillwynia","/wiki/Dioclea","/wiki/Diphyllarium","/wiki/Diphysa","/wiki/Diplotropis","/wiki/Dipogon","/wiki/Dipteryx","/wiki/Discolobium","/wiki/Disynstemon","/wiki/Dolichopsis","/wiki/Dolichos_(legume)","/wiki/Dorycnium","/wiki/Droogmansia","/wiki/Dumasia","/wiki/Dunbaria","/wiki/Dussia","/wiki/Dysolobium","/wiki/Ebenus","/wiki/Echinospartum","/wiki/Eleiotis","/wiki/Eminia_(legume)","/wiki/Endosamara","/wiki/Eremosparton","/wiki/Erichsenia","/wiki/Erinacea","/wiki/Eriosema","/wiki/Errazurizia","/wiki/Erythrina","/wiki/Etaballia","/wiki/Euchilopsis","/wiki/Euchresta","/wiki/Eutaxia","/wiki/Eversmannia","/wiki/Exostyles","/wiki/Eysenhardtia","/wiki/Fiebrigiella","/wiki/Fissicalyx","/wiki/Flemingia","/wiki/Fordia","/wiki/Galactia","/wiki/Galega","/wiki/Gastrolobium","/wiki/Geissaspis","/wiki/Genista","/wiki/Genistidium","/wiki/Geoffroea","/wiki/Gliricidia","/wiki/Glycine_(genus)","/wiki/Glycyrrhiza","/wiki/Gompholobium","/wiki/Gonocytisus","/wiki/Goodia","/wiki/Grazielodendron","/wiki/Gueldenstaedtia","/wiki/Halimodendron","/wiki/Hammatolobium","/wiki/Haplormosia","/wiki/Hardenbergia","/wiki/Harleyodendron","/wiki/Harpalyce_(genus)","/wiki/Hebestigma","/wiki/Hedysarum","/wiki/Herpyza","/wiki/Hesperolaburnum","/wiki/Hippocrepis","/wiki/Hoita","/wiki/Holocalyx","/wiki/Hovea","/wiki/Humularia","/wiki/Hymenocarpos","/wiki/Hymenolobium","/wiki/Hypocalyptus","/wiki/Indigofera","/wiki/Inocarpus","/wiki/Isotropis","/wiki/Jacksonia","/wiki/Kennedia","/wiki/Kotschya","/wiki/Kummerowia","/wiki/Lablab","/wiki/Laburnum","/wiki/Lamprolobium","/wiki/Lathyrus","/wiki/Latrobea","/wiki/Lebeckia","/wiki/Lecointea","/wiki/Lennea","/wiki/Lens_(genus)","/wiki/Leptoderris","/wiki/Leptodesmia","/wiki/Leptosema","/wiki/Lespedeza","/wiki/Lessertia_(plant)","/wiki/Leucomphalos","/wiki/Liparia_(legume)","/wiki/Lonchocarpus","/wiki/Lotononis","/wiki/Lotus_(genus)","/wiki/Luetzelburgia","/wiki/Lupin","/wiki/Luzonia","/wiki/Maackia","/wiki/Machaerium","/wiki/Macropsychanthus","/wiki/Macroptilium","/wiki/Macrotyloma","/wiki/Margaritolobium","/wiki/Marina_(genus)","/wiki/Mastersia","/wiki/Mecopus","/wiki/Medicago","/wiki/Melilotus","/wiki/Melliniella","/wiki/Melolobium","/wiki/Mildbraediodendron","/wiki/Millettia","/wiki/Mirbelia","/wiki/Monopteryx","/wiki/Mucuna","/wiki/Muelleranthus","/wiki/Mundulea","/wiki/Myrocarpus","/wiki/Myrospermum","/wiki/Myroxylon","/wiki/Mysanthus","/wiki/Neocollettia","/wiki/Neoharmsia","/wiki/Neonotonia","/wiki/Neorautanenia","/wiki/Neorudolphia","/wiki/Nephrodesmus","/wiki/Nesphostylis","/wiki/Nissolia","/wiki/Nogra","/wiki/Olneya","/wiki/Onobrychis","/wiki/Ononis","/wiki/Ophrestia","/wiki/Orbexilum","/wiki/Oreophysa","/wiki/Ormocarpopsis","/wiki/Ormocarpum","/wiki/Ormosia","/wiki/Ornithopus","/wiki/Oryxis","/wiki/Ostryocarpus","/wiki/Otholobium","/wiki/Otoptera","/wiki/Oxylobium","/wiki/Oxyrhynchus_(genus)","/wiki/Oxytropis","/wiki/Pachyrhizus","/wiki/Panurea","/wiki/Paracalyx","/wiki/Paramachaerium","/wiki/Parochetus","/wiki/Parryella","/wiki/Pearsonia","/wiki/Pediomelum","/wiki/Peltiera","/wiki/Periandra","/wiki/Pericopsis","/wiki/Petaladenium","/wiki/Peteria","/wiki/Petteria","/wiki/Phaseolus","/wiki/Phylacium","/wiki/Phyllodium","/wiki/Phyllota","/wiki/Phylloxylon","/wiki/Physostigma","/wiki/Pickeringia","/wiki/Pictetia","/wiki/Piptanthus","/wiki/Piscidia","/wiki/Pisum","/wiki/Plagiocarpus","/wiki/Platycelyphium","/wiki/Platycyamus_(plant)","/wiki/Platylobium","/wiki/Platymiscium","/wiki/Platypodium","/wiki/Platysepalum","/wiki/Podalyria","/wiki/Podocytisus","/wiki/Poecilanthe","/wiki/Poiretia","/wiki/Poitea","/wiki/Polhillia","/wiki/Pongamiopsis","/wiki/Pseudarthria","/wiki/Pseudeminia","/wiki/Pseudoeriosema","/wiki/Pseudovigna","/wiki/Psophocarpus","/wiki/Psoralea","/wiki/Psoralidium","/wiki/Psorothamnus","/wiki/Pterocarpus","/wiki/Pterodon_(legume)","/wiki/Ptycholobium","/wiki/Ptychosema","/wiki/Pueraria","/wiki/Pultenaea","/wiki/Pycnospora","/wiki/Pyranthus","/wiki/Rafnia","/wiki/Ramorinoa","/wiki/Retama","/wiki/Rhodopis_(legume)","/wiki/Rhynchosia","/wiki/Rhynchotropis","/wiki/Riedeliella","/wiki/Robinia","/wiki/Robynsiophyton","/wiki/Rothia_(legume)","/wiki/Rupertia","/wiki/Sakoanala","/wiki/Salweenia","/wiki/Sarcodum","/wiki/Sartoria","/wiki/Schefflerodendron","/wiki/Scorpiurus_(plant)","/wiki/Sellocharis","/wiki/Sesbania","/wiki/Shuteria","/wiki/Sinodolichos","/wiki/Smirnowia","/wiki/Smithia","/wiki/Soemmeringia","/wiki/Sophora","/wiki/Spartidium","/wiki/Spartium","/wiki/Spathionema","/wiki/Spatholobus","/wiki/Sphaerolobium","/wiki/Sphaerophysa_(plant)","/wiki/Sphenostylis","/wiki/Sphinctospermum","/wiki/Spirotropis","/wiki/Spongiocarpella","/wiki/Stauracanthus","/wiki/Stirtonanthus","/wiki/Streblorrhiza","/wiki/Strongylodon","/wiki/Strophostyles","/wiki/Stylosanthes","/wiki/Styphnolobium","/wiki/Swainsona","/wiki/Swartzia","/wiki/Sweetia","/wiki/Sylvichadsia","/wiki/Tadehagi","/wiki/Taralea","/wiki/Taverniera","/wiki/Templetonia","/wiki/Tephrosia","/wiki/Teramnus","/wiki/Teyleria","/wiki/Thermopsis","/wiki/Tipuana","/wiki/Trifidacanthus","/wiki/Trifolium","/wiki/Trigonella","/wiki/Tripodion","/wiki/Uleanthus","/wiki/Ulex","/wiki/Uraria","/wiki/Uribea","/wiki/Urodon","/wiki/Vandasina","/wiki/Vatairea","/wiki/Vataireopsis","/wiki/Vatovaea","/wiki/Vavilovia","/wiki/Vermifrux","/wiki/Vicia","/wiki/Vigna","/wiki/Viminaria","/wiki/Virgilia_(genus)","/wiki/Weberbauerella","/wiki/Wiborgia","/wiki/Wisteria","/wiki/Xanthocercis","/wiki/Zollernia","/wiki/Zornia","/wiki/File:Desmodium_gangeticum_2_W2_IMG_2769.jpg","//upload.wikimedia.org/wikipedia/commons/thumb/d/dc/Desmodium_gangeticum_2_W2_IMG_2769.jpg/240px-Desmodium_gangeticum_2_W2_IMG_2769.jpg","/wiki/File:Desmodium_gangeticum_2_W2_IMG_2769.jpg","//bits.wikimedia.org/static-1.21wmf9/skins/common/images/magnify-clip.png","/wiki/Desmodium_gangeticum","/wiki/File:Uraria_rufescens_W_IMG_2674.jpg","//upload.wikimedia.org/wikipedia/commons/thumb/e/e7/Uraria_rufescens_W_IMG_2674.jpg/240px-Uraria_rufescens_W_IMG_2674.jpg","/wiki/File:Uraria_rufescens_W_IMG_2674.jpg","//bits.wikimedia.org/static-1.21wmf9/skins/common/images/magnify-clip.png","/w/index.php?title=Uraria_rufescens&action=edit&redlink=1","/w/index.php?title=Faboideae&action=edit&section=2","/wiki/File:Alysicarpus_bupleurifolius_W2_IMG_2200.jpg","//upload.wikimedia.org/wikipedia/commons/thumb/c/c8/Alysicarpus_bupleurifolius_W2_IMG_2200.jpg/115px-Alysicarpus_bupleurifolius_W2_IMG_2200.jpg","/w/index.php?title=Alysicarpus_bupleurifolius&action=edit&redlink=1","/wiki/File:Coronilla_emerus_L_ag1.jpg","//upload.wikimedia.org/wikipedia/commons/thumb/9/95/Coronilla_emerus_L_ag1.jpg/80px-Coronilla_emerus_L_ag1.jpg","/wiki/Coronilla","/wiki/File:Lotus_corniculatus-_is_it_W_IMG_6819.jpg","//upload.wikimedia.org/wikipedia/commons/thumb/7/72/Lotus_corniculatus-_is_it_W_IMG_6819.jpg/120px-Lotus_corniculatus-_is_it_W_IMG_6819.jpg","/wiki/Lotus_corniculatus","/wiki/File:Smithia_conferta_W_IMG_2191.jpg","//upload.wikimedia.org/wikipedia/commons/thumb/0/05/Smithia_conferta_W_IMG_2191.jpg/113px-Smithia_conferta_W_IMG_2191.jpg","/w/index.php?title=Smithia_conferta&action=edit&redlink=1","/wiki/File:Trifolium_repens_in_Kullu_distt_W_IMG_6655.jpg","//upload.wikimedia.org/wikipedia/commons/thumb/b/be/Trifolium_repens_in_Kullu_distt_W_IMG_6655.jpg/120px-Trifolium_repens_in_Kullu_distt_W_IMG_6655.jpg","/wiki/Trifolium_repens","/wiki/File:Zornia_gibbosa_W_IMG_1666.jpg","//upload.wikimedia.org/wikipedia/commons/thumb/9/97/Zornia_gibbosa_W_IMG_1666.jpg/120px-Zornia_gibbosa_W_IMG_1666.jpg","/w/index.php?title=Zornia_gibbosa&action=edit&redlink=1","/w/index.php?title=Faboideae&action=edit&section=3","//upload.wikimedia.org/wikipedia/commons/thumb/d/df/Wikispecies-logo.svg/34px-Wikispecies-logo.svg.png","/wiki/Wikispecies","//species.wikimedia.org/wiki/Special:Search/Faboideae","//upload.wikimedia.org/wikipedia/en/thumb/4/4a/Commons-logo.svg/30px-Commons-logo.svg.png","//commons.wikimedia.org/wiki/Category:Faboideae","/wiki/Winged_bean","/wiki/Fenugreek","/wiki/Angsana","/w/index.php?title=Faboideae&action=edit&section=4","#cite_ref-1","/wiki/United_States_Department_of_Agriculture","/wiki/Germplasm_Resources_Information_Network","http://www.ars-grin.gov/cgi-bin/npgs/html/family.pl?1567","#cite_ref-2","http://www.uniprot.org/taxonomy/3814","http://www.uniprot.org/taxonomy/3814","#cite_ref-3","http://www.taxonomy.nl/main/classification/7436.htm","http://www.taxonomy.nl/main/classification/7436.htm","#cite_ref-4","http://ibot.sav.sk/icbn/main.htm","http://ibot.sav.sk/icbn/main.htm","/w/index.php?title=Faboideae&action=edit&section=5","http://delta-intkey.com/angio/www/papilion.htm","http://delta-intkey.com/angio/","http://en.wikipedia.org/w/index.php?title=Faboideae&oldid=539454235","/wiki/Help:Categories","/wiki/Category:Faboideae","/wiki/Category:Plant_subfamilies","/wiki/Category:Articles_with_%27species%27_microformats","/w/index.php?title=Special:UserLogin&returnto=Faboideae&type=signup","/w/index.php?title=Special:UserLogin&returnto=Faboideae","/wiki/Faboideae","/wiki/Talk:Faboideae","#","/wiki/Faboideae","/w/index.php?title=Faboideae&action=edit","/w/index.php?title=Faboideae&action=history","#","/w/index.php","//bits.wikimedia.org/static-1.21wmf11/skins/vector/images/search-ltr.png?303-4","/wiki/Main_Page","/wiki/Main_Page","/wiki/Portal:Contents","/wiki/Portal:Featured_content","/wiki/Portal:Current_events","/wiki/Special:Random","//donate.wikimedia.org/wiki/Special:FundraiserRedirector?utm_source=donate&utm_medium=sidebar&utm_campaign=C13_en.wikipedia.org&uselang=en","/wiki/Help:Contents","/wiki/Wikipedia:About","/wiki/Wikipedia:Community_portal","/wiki/Special:RecentChanges","/wiki/Wikipedia:Contact_us","/wiki/Special:WhatLinksHere/Faboideae","/wiki/Special:RecentChangesLinked/Faboideae","/wiki/Wikipedia:File_Upload_Wizard","/wiki/Special:SpecialPages","/w/index.php?title=Faboideae&oldid=539454235","/w/index.php?title=Faboideae&action=info","/w/index.php?title=Special:Cite&page=Faboideae&id=539454235","/w/index.php?title=Special:Book&bookcmd=book_creator&referer=Faboideae","/w/index.php?title=Special:Book&bookcmd=render_article&arttitle=Faboideae&oldid=539454235&writer=rl","/w/index.php?title=Faboideae&printable=yes","//ar.wikipedia.org/wiki/%D9%81%D9%88%D9%84%D9%8A%D8%A7%D8%AA_(%D8%A3%D8%B3%D8%B1%D8%A9)","//ca.wikipedia.org/wiki/Fab%C3%B2idia","//de.wikipedia.org/wiki/Schmetterlingsbl%C3%BCtler","//es.wikipedia.org/wiki/Faboideae","//fr.wikipedia.org/wiki/Faboideae","//ko.wikipedia.org/wiki/%EC%BD%A9%EC%95%84%EA%B3%BC","//id.wikipedia.org/wiki/Daftar_marga_anggota_Faboideae","//it.wikipedia.org/wiki/Faboideae","//he.wikipedia.org/wiki/%D7%A4%D7%A8%D7%A4%D7%A8%D7%A0%D7%99%D7%99%D7%9D","//jv.wikipedia.org/wiki/Faboideae","//la.wikipedia.org/wiki/Faboideae","//lt.wikipedia.org/wiki/Faboideae","//hu.wikipedia.org/wiki/B%C3%BCkk%C3%B6nyform%C3%A1k","//mk.wikipedia.org/wiki/%D0%93%D0%BB%D1%83%D1%88%D0%B8%D0%BD%D0%B8","//nl.wikipedia.org/wiki/Faboideae","//ja.wikipedia.org/wiki/%E3%83%9E%E3%83%A1%E4%BA%9C%E7%A7%91","//pl.wikipedia.org/wiki/Bobowate_w%C5%82a%C5%9Bciwe","//pt.wikipedia.org/wiki/Faboideae","//qu.wikipedia.org/wiki/Pillpintu_tuktuyuq_urin_rikch%27aq_ayllu","//ru.wikipedia.org/wiki/%D0%9C%D0%BE%D1%82%D1%8B%D0%BB%D1%8C%D0%BA%D0%BE%D0%B2%D1%8B%D0%B5","//sq.wikipedia.org/wiki/Faboideae","//simple.wikipedia.org/wiki/Faboideae","//fi.wikipedia.org/wiki/Faboideae","//sv.wikipedia.org/wiki/Faboideae","//tr.wikipedia.org/wiki/Faboideae","//uk.wikipedia.org/wiki/%D0%9C%D0%B5%D1%82%D0%B5%D0%BB%D0%B8%D0%BA%D0%BE%D0%B2%D1%96","//vi.wikipedia.org/wiki/Ph%C3%A2n_h%E1%BB%8D_%C4%90%E1%BA%ADu","//wa.wikipedia.org/wiki/P%C3%A5wionac%C3%AAyes","//zh.wikipedia.org/wiki/%E8%9D%B6%E5%BD%A2%E8%8A%B1%E4%BA%9A%E7%A7%91","//www.wikidata.org/wiki/Special:ItemByTitle/enwiki/Faboideae","//en.wikipedia.org/wiki/Wikipedia:Text_of_Creative_Commons_Attribution-ShareAlike_3.0_Unported_License","//creativecommons.org/licenses/by-sa/3.0/","//wikimediafoundation.org/wiki/Terms_of_Use","//www.wikimediafoundation.org/","//en.wikipedia.org/wiki/Wikipedia:Contact_us","//wikimediafoundation.org/wiki/Privacy_policy","/wiki/Wikipedia:About","/wiki/Wikipedia:General_disclaimer","http://en.m.wikipedia.org/wiki/Faboideae","//wikimediafoundation.org/","//bits.wikimedia.org/images/wikimedia-button.png","//www.mediawiki.org/","//bits.wikimedia.org/static-1.21wmf11/skins/common/images/poweredby_mediawiki_88x31.png","//bits.wikimedia.org/en.wikipedia.org/load.php?debug=false&lang=en&modules=skins.vector&only=scripts&skin=vector&*","/w/index.php?title=MediaWiki:Gadget-ReferenceTooltips.js&action=raw&ctype=text/javascript&508635914","//bits.wikimedia.org/en.wikipedia.org/load.php?debug=false&lang=en&modules=site&only=scripts&skin=vector&*"],"instances":[],"pdf":[],"categories":["Faboideae|","Plant subfamilies"],"headings":["Genera","Gallery","See also","References","External links"],"image":["//upload.wikimedia.org/wikipedia/commons/thumb/c/c3/Crotalaria.jpg/240px-Crotalaria.jpg","//upload.wikimedia.org/wikipedia/commons/thumb/d/dc/Desmodium_gangeticum_2_W2_IMG_2769.jpg/240px-Desmodium_gangeticum_2_W2_IMG_2769.jpg","//bits.wikimedia.org/static-1.21wmf9/skins/common/images/magnify-clip.png","//upload.wikimedia.org/wikipedia/commons/thumb/e/e7/Uraria_rufescens_W_IMG_2674.jpg/240px-Uraria_rufescens_W_IMG_2674.jpg","//bits.wikimedia.org/static-1.21wmf9/skins/common/images/magnify-clip.png","//upload.wikimedia.org/wikipedia/commons/thumb/c/c8/Alysicarpus_bupleurifolius_W2_IMG_2200.jpg/115px-Alysicarpus_bupleurifolius_W2_IMG_2200.jpg","//upload.wikimedia.org/wikipedia/commons/thumb/9/95/Coronilla_emerus_L_ag1.jpg/80px-Coronilla_emerus_L_ag1.jpg","//upload.wikimedia.org/wikipedia/commons/thumb/7/72/Lotus_corniculatus-_is_it_W_IMG_6819.jpg/120px-Lotus_corniculatus-_is_it_W_IMG_6819.jpg","//upload.wikimedia.org/wikipedia/commons/thumb/0/05/Smithia_conferta_W_IMG_2191.jpg/113px-Smithia_conferta_W_IMG_2191.jpg","//upload.wikimedia.org/wikipedia/commons/thumb/b/be/Trifolium_repens_in_Kullu_distt_W_IMG_6655.jpg/120px-Trifolium_repens_in_Kullu_distt_W_IMG_6655.jpg","//upload.wikimedia.org/wikipedia/commons/thumb/9/97/Zornia_gibbosa_W_IMG_1666.jpg/120px-Zornia_gibbosa_W_IMG_1666.jpg","//upload.wikimedia.org/wikipedia/commons/thumb/d/df/Wikispecies-logo.svg/34px-Wikispecies-logo.svg.png","//upload.wikimedia.org/wikipedia/en/thumb/4/4a/Commons-logo.svg/30px-Commons-logo.svg.png","//bits.wikimedia.org/static-1.21wmf11/skins/vector/images/search-ltr.png?303-4","//bits.wikimedia.org/images/wikimedia-button.png","//bits.wikimedia.org/static-1.21wmf11/skins/common/images/poweredby_mediawiki_88x31.png"],"tags":[],"members":[],"related":["Plantae","Angiosperms","Eudicots","Rosids","Fabales","Fabaceae","Germplasm_Resources_Information_Network","Abreae","Adesmieae","Aeschynomeneae","Amorpheae","Bossiaeeae","Brongniartieae","Cicereae","Crotalarieae","Dalbergieae","Desmodieae","Dipterygeae","Euchresteae","Fabeae","Galegeae","Genisteae","Hedysareae","Hypocalypteae","Indigofereae","Loteae","Millettieae","Mirbelieae","Phaseoleae","Podalyrieae","Psoraleeae","Robinieae","Sesbanieae","Sophoreae","Swartzieae","Thermopsideae","Trifolieae","Subfamily","Flowering_plant","Fabaceae","Tree","Shrub","Herbaceous_plants","Pea","Sweet_pea","Laburnum","Flower","Root_nodules","Synonymy","Winged_bean","Fenugreek","Angsana"]}