{"cursor":"2903","size":15,"audio":[],"currentlang":"en","article":"\n\n'Impact' may refer to:\n\nIn ' science':\n* Impact (mechanics), a high force or shock (mechanics) over a short time period\n* Impact crater, a meteor crater caused by an impact event\n* Impact event, the collision of a meteoroid, asteroid or comet with Earth\n* Impact factor, a measure of the citations to a science or social science\n  journal\n\nIn 'computing':\n* IMPACT (computer graphics), a computer graphics architecture for Silicon\n  Graphics computer workstations\n\nIn 'film, television, and radio':\n* [[Impact (TV programme)|Impact]], a BBC World News weekday programme presented\n  by Mishal Husain or Lyse Doucet.\n* ''Impact'' (1949 film), a 1949 film noir starring Brian Donlevy and\n  Ella Raines\n* ''Impact'' (TV mini-series), a 2008 television mini-series starring Natasha\n  Henstridge and David James Elliott\n* [[Impact Wrestling]], the primary weekly television program of Total Nonstop\n  Action Wrestling\n\nIn 'literature':\n* [[Bath Impact]], the student newspaper for the University of Bath Students'\n  Union, England\n* ''Impact'' (action entertainment magazine), a monthly action entertainment\n  magazine that focus on Asian action cinema and anime\n* ''Impact'' (EC Comics), a 1955 EC Comics comic book\n* Impact (Image Comics), an Image Comics comic book character\n* ''Impact'' (novel), a 2010 novel by Douglas Preston\n* ''Impact'' (student magazine), a student magazine for the University of\n  Nottingham, England\n* Impact Comics, a DC Comics imprint *[[Impact Press]], an Orlando, Florida-\n  based magazine\n\nIn 'music':\n* Impact Records, an American record label\n* Impact, an album by thrash metal band Dew-Scented\n* [[Impact (Robbie Gold album)|Impact(Robbie Gold album)]], an album by\n  Robbie Gold\n\n'Organizations':\n* IMPACT (organisation), a charitable organization focusing on public and\n  preventative interventions to stop preventable disability\n* Impact! Miniatures, a company producing 28mm wargaming figures *International\n  Multilateral Partnership Against Cyber Threats\n* Irish Municipal, Public and Civil Trade Union\n\nIn 'sports':\n* Montreal Impact, a soccer (football) team in Major League Soccer, the top tier\n  of North American professional soccer\n* Montreal Impact (1992â2011), predecessor to the above team, that played in\n  several second-level North American leagues during its history\n\n'Other':\n* Impact (typeface), a sans-serif typeface\n* Impact, Texas, a town in Taylor County, Texas, USA\n","linknr":120,"url":"Impact_(disambiguation)","recorded":1364166586,"links":["/w/index.php?title=Impact&action=edit","/w/index.php?title=Impact&action=edit","//en.wikipedia.org/apple-touch-icon.png","//bits.wikimedia.org/favicon/wikipedia.ico","/w/opensearch_desc.php","//en.wikipedia.org/w/api.php?action=rsd","//creativecommons.org/licenses/by-sa/3.0/","/w/index.php?title=Special:RecentChanges&feed=atom","/wiki/Impact","//bits.wikimedia.org/en.wikipedia.org/load.php?debug=false&lang=en&modules=ext.gadget.DRN-wizard%2CReferenceTooltips%2Ccharinsert%2Cteahouse%7Cext.wikihiero%7Cmediawiki.legacy.commonPrint%2Cshared%7Cmw.PopUpMediaTransform%7Cskins.vector&only=styles&skin=vector&*","//bits.wikimedia.org/en.wikipedia.org/load.php?debug=false&lang=en&modules=site&only=styles&skin=vector&*","//bits.wikimedia.org/en.wikipedia.org/load.php?debug=false&lang=en&modules=startup&only=scripts&skin=vector&*","//bits.wikimedia.org/geoiplookup","//meta.wikimedia.org","/w/index.php?title=Impact_(disambiguation)&redirect=no","#mw-head","#p-search","//upload.wikimedia.org/wikipedia/commons/thumb/f/f8/Wiktionary-logo-en.svg/37px-Wiktionary-logo-en.svg.png","//en.wiktionary.org/wiki/impact","/wiki/Impact_(mechanics)","/wiki/Impact_crater","/wiki/Impact_event","/wiki/Impact_factor","/wiki/IMPACT_(computer_graphics)","/wiki/Impact_(TV_programme)","/wiki/Impact_(1949_film)","/wiki/Impact_(TV_miniseries)","/wiki/Impact_Wrestling","/wiki/Bath_Impact","/wiki/Impact_(action_entertainment_magazine)","/wiki/Impact_(EC_Comics)","/wiki/Impact_(Image_Comics)","/wiki/Impact_(novel)","/wiki/Impact_(student_magazine)","/wiki/Impact_Comics","/wiki/Impact_Press","/wiki/Impact_Records","/wiki/Dew-Scented","/wiki/Impact_(Robbie_Gold_album)","/wiki/IMPACT_(organisation)","/wiki/Impact!_Miniatures","/wiki/International_Multilateral_Partnership_Against_Cyber_Threats","/wiki/Irish_Municipal,_Public_and_Civil_Trade_Union","/wiki/Montreal_Impact","/wiki/Montreal_Impact_(1992%E2%80%932011)","/wiki/Impact_(typeface)","/wiki/Impact,_Texas","/w/index.php?title=Impact&action=edit&section=1","/wiki/Special:PrefixIndex/Impact","/wiki/Special:Search/intitle:Impact","/wiki/Impaction","/wiki/Influence_(disambiguation)","/wiki/Effect_(disambiguation)","/wiki/Collision_(disambiguation)","/wiki/File:Disambig_gray.svg","//upload.wikimedia.org/wikipedia/en/thumb/5/5f/Disambig_gray.svg/30px-Disambig_gray.svg.png","/wiki/Help:Disambiguation","//en.wikipedia.org/w/index.php?title=Special:WhatLinksHere/Impact&namespace=0","http://en.wikipedia.org/w/index.php?title=Impact&oldid=546493150","/wiki/Help:Categories","/wiki/Category:Disambiguation_pages","/wiki/Category:All_article_disambiguation_pages","/wiki/Category:All_disambiguation_pages","/w/index.php?title=Special:UserLogin&returnto=Impact&type=signup","/w/index.php?title=Special:UserLogin&returnto=Impact","/wiki/Impact","/wiki/Talk:Impact","#","/wiki/Impact","/w/index.php?title=Impact&action=edit","/w/index.php?title=Impact&action=history","#","/w/index.php","//bits.wikimedia.org/static-1.21wmf11/skins/vector/images/search-ltr.png?303-4","/wiki/Main_Page","/wiki/Main_Page","/wiki/Portal:Contents","/wiki/Portal:Featured_content","/wiki/Portal:Current_events","/wiki/Special:Random","//donate.wikimedia.org/wiki/Special:FundraiserRedirector?utm_source=donate&utm_medium=sidebar&utm_campaign=C13_en.wikipedia.org&uselang=en","/wiki/Help:Contents","/wiki/Wikipedia:About","/wiki/Wikipedia:Community_portal","/wiki/Special:RecentChanges","/wiki/Wikipedia:Contact_us","/wiki/Special:WhatLinksHere/Impact","/wiki/Special:RecentChangesLinked/Impact","/wiki/Wikipedia:File_Upload_Wizard","/wiki/Special:SpecialPages","/w/index.php?title=Impact&oldid=546493150","/w/index.php?title=Impact&action=info","/w/index.php?title=Special:Cite&page=Impact&id=546493150","/w/index.php?title=Special:Book&bookcmd=book_creator&referer=Impact","/w/index.php?title=Special:Book&bookcmd=render_article&arttitle=Impact&oldid=546493150&writer=rl","/w/index.php?title=Impact&printable=yes","//de.wikipedia.org/wiki/Impact","//fr.wikipedia.org/wiki/Impact_(homonymie)","//ko.wikipedia.org/wiki/%EC%9E%84%ED%8C%A9%ED%8A%B8","//it.wikipedia.org/wiki/Impact","//nl.wikipedia.org/wiki/Impact","//ja.wikipedia.org/wiki/%E3%82%A4%E3%83%B3%E3%83%91%E3%82%AF%E3%83%88","//pl.wikipedia.org/wiki/Impact","//ro.wikipedia.org/wiki/Impact","//www.wikidata.org/wiki/Special:ItemByTitle/enwiki/Impact","//en.wikipedia.org/wiki/Wikipedia:Text_of_Creative_Commons_Attribution-ShareAlike_3.0_Unported_License","//creativecommons.org/licenses/by-sa/3.0/","//wikimediafoundation.org/wiki/Terms_of_Use","//www.wikimediafoundation.org/","//en.wikipedia.org/wiki/Wikipedia:Contact_us","//wikimediafoundation.org/wiki/Privacy_policy","/wiki/Wikipedia:About","/wiki/Wikipedia:General_disclaimer","http://en.m.wikipedia.org/wiki/Impact","//wikimediafoundation.org/","//bits.wikimedia.org/images/wikimedia-button.png","//www.mediawiki.org/","//bits.wikimedia.org/static-1.21wmf11/skins/common/images/poweredby_mediawiki_88x31.png","//bits.wikimedia.org/en.wikipedia.org/load.php?debug=false&lang=en&modules=skins.vector&only=scripts&skin=vector&*","/w/index.php?title=MediaWiki:Gadget-ReferenceTooltips.js&action=raw&ctype=text/javascript&508635914","//bits.wikimedia.org/en.wikipedia.org/load.php?debug=false&lang=en&modules=site&only=scripts&skin=vector&*"],"instances":["disambiguation","disambiguation","disambiguation","typeface"],"pdf":[],"categories":[],"headings":["See also"],"image":["//upload.wikimedia.org/wikipedia/commons/thumb/f/f8/Wiktionary-logo-en.svg/37px-Wiktionary-logo-en.svg.png","//upload.wikimedia.org/wikipedia/en/thumb/5/5f/Disambig_gray.svg/30px-Disambig_gray.svg.png","//bits.wikimedia.org/static-1.21wmf11/skins/vector/images/search-ltr.png?303-4","//bits.wikimedia.org/images/wikimedia-button.png","//bits.wikimedia.org/static-1.21wmf11/skins/common/images/poweredby_mediawiki_88x31.png"],"tags":[["impact","mechanics"],["impact","computer_graphics"],["impact","1949_film"],["impact","tv_miniseries"],["impact","action_entertainment_magazine"],["impact","ec_comics"],["impact","image_comics"],["impact","novel"],["impact","student_magazine"],["impact","organisation"],["montreal_impact","1992–2011"],["impact","typeface"],["influence","disambiguation"],["effect","disambiguation"],["collision","disambiguation"]],"members":["montreal_impact","collision","effect","influence","impact"],"related":["Impact_(mechanics)","Impact_crater","Impact_event","Impact_factor","IMPACT_(computer_graphics)","Impact_(1949_film)","Impact_(TV_miniseries)","Impact_(action_entertainment_magazine)","Impact_(EC_Comics)","Impact_(Image_Comics)","Impact_(novel)","Impact_(student_magazine)","Impact_Comics","Impact_Records","Dew-Scented","IMPACT_(organisation)","Impact!_Miniatures","International_Multilateral_Partnership_Against_Cyber_Threats","Irish_Municipal,_Public_and_Civil_Trade_Union","Montreal_Impact","Montreal_Impact_(1992–2011)","Impact_(typeface)","Impact,_Texas","Impaction","Influence_(disambiguation)","Effect_(disambiguation)","Collision_(disambiguation)"]}