{"cursor":"4898","size":15,"audio":[],"currentlang":"en","article":"\nIn economics, 'market structure' is the number of firms producing identical\nproducts which are homogeneous. The types of market structures include the\nfollowing:\n* Monopolistic competition, also called competitive market, where there is a\n  large number of firms, each having a small proportion of the market share and\n  slightly differentiated products.\n* Oligopoly, in which a market is dominated by a small number of firms that\n  together control the majority of the market share. ** Duopoly, a special case\n  of an oligopoly with two firms.\n* Monopsony, when there is only one buyer in a market.\n* Oligopsony, a market where many sellers can be present but meet only a\n  few buyers.\n* Monopoly, where there is only one provider of a product or service. ** Natural\n  monopoly, a monopoly in which economies of scale cause efficiency to increase\n  continuously with the size of the firm. A firm is a natural monopoly if it is\n  able to serve the entire market demand at a lower cost than any combination of\n  two or more smaller, more specialized firms.\n* Perfect competition, a theoretical market structure that features no barriers\n  to entry, an unlimited number of producers and consumers, and a perfectly\n  elastic demand curve.\n\nThe imperfectly competitive structure is quite identical to the realistic market\nconditions where some monopolistic competitors, monopolists, oligopolists, and\nduopolists exist and dominate the market conditions. The elements of Market\nStructure include the number and size distribution of firms, entry conditions,\nand the extent of differentiation.\n\nThese somewhat abstract concerns tend to determine some but not all details of a\nspecific concrete market system where buyers and sellers actually meet and\ncommit to trade. Competition is useful because it reveals actual customer demand\nand induces the seller (operator) to provide service quality levels and price\nlevels that buyers (customers) want, typically subject to the sellerâs financial\nneed to cover its costs. In other words, competition can align the sellerâs\ninterests with the buyerâs interests and can cause the seller to reveal his true\ncosts and other private information. In the absence of perfect competition,\nthree basic approaches can be adopted to deal with problems related to the\ncontrol of market power and an asymmetry between the government and the operator\nwith respect to objectives and information: (a) subjecting the operator to\ncompetitive pressures, (b) gathering information on the operator and the market,\nand (c) applying incentive regulation. [http://www.regulationbodyofknowledge.org/02/narrative/1/ Body of\nKnowledge on Infrastructure Regulation] âMarket Structure: Introduction.â\n\n{| class=\"wikitable sortable\" width=\"75%\"\n|+ 'Quick Reference to Basic Market Structures' -\n! style=\"background:#efefef;\" | Market Structure style=\"background:#efefef;\" |\n! Seller Entry Barriers style=\"background:#efefef;\" | Seller Number\n! style=\"background:#efefef;\" | Buyer Entry Barriers style=\"background:#efefef;\"\n! | Buyer Number\n|- Perfect Competition || No || Many || No || Many - Monopolistic competition ||\n|No || Many || No || Many - Oligopoly || Yes || Few || No || Many - Oligopsony\n||| No || Many || Yes || Few - Monopoly || Yes || One || No || Many - Monopsony\n||| No || Many || Yes || One }\n\nThe correct sequence of the market structure from most to least competitive is\nperfect competition, imperfect competition, oligopoly, and pure monopoly.\n\nThe main criteria by which one can distinguish between different market\nstructures are: the number and size of producers and consumers in the market,\nthe type of goods and services being traded, and the degree to which information\ncan flow freely.\n","linknr":253,"url":"Market_structure","recorded":1363121233,"links":["/w/index.php?title=Market_structure&action=edit","/w/index.php?title=Market_structure&action=edit","//en.wikipedia.org/apple-touch-icon.png","//bits.wikimedia.org/favicon/wikipedia.ico","/w/opensearch_desc.php","//en.wikipedia.org/w/api.php?action=rsd","//creativecommons.org/licenses/by-sa/3.0/","/w/index.php?title=Special:RecentChanges&feed=atom","//bits.wikimedia.org/en.wikipedia.org/load.php?debug=false&lang=en&modules=ext.gadget.DRN-wizard%2CReferenceTooltips%2Ccharinsert%2Cteahouse%7Cext.wikihiero%7Cmediawiki.legacy.commonPrint%2Cshared%7Cmw.PopUpMediaTransform%7Cskins.vector&only=styles&skin=vector&*","//bits.wikimedia.org/en.wikipedia.org/load.php?debug=false&lang=en&modules=site&only=styles&skin=vector&*","//bits.wikimedia.org/en.wikipedia.org/load.php?debug=false&lang=en&modules=startup&only=scripts&skin=vector&*","//bits.wikimedia.org/geoiplookup","//meta.wikimedia.org","#mw-head","#p-search","/wiki/Economics","/wiki/Economy","/wiki/File:GDP_PPP_Per_Capita_IMF_2008.svg","//upload.wikimedia.org/wikipedia/commons/thumb/d/d4/GDP_PPP_Per_Capita_IMF_2008.svg/200px-GDP_PPP_Per_Capita_IMF_2008.svg.png","/wiki/Category:Economies_by_country","/wiki/JEL_classification_codes","/wiki/Microeconomics","/wiki/Macroeconomics","/wiki/History_of_economic_thought","/wiki/Economic_methodology","/wiki/Heterodox_economics","/wiki/JEL_classification_codes#Mathematical_and_quantitative_methods_JEL:_C_Subcategories","/wiki/Mathematical_economics","/wiki/Econometrics","/wiki/Experimental_economics","/wiki/National_accounts","/wiki/JEL_classification_codes","/wiki/Behavioral_economics","/wiki/Cultural_economics","/wiki/Evolutionary_economics","/wiki/Economic_growth","/wiki/Development_economics","/wiki/Economic_history","/wiki/International_economics","/wiki/Economic_system","/wiki/Monetary_economics","/wiki/Financial_economics","/wiki/Public_economics","/wiki/Welfare_economics","/wiki/Health_economics","/wiki/Education_economics","/wiki/Welfare","/wiki/Demographic_economics","/wiki/Labour_economics","/wiki/Personnel_economics","/wiki/Managerial_economics","/wiki/Computational_economics","/wiki/Business_economics","/wiki/Information_economics","/wiki/Game_theory","/wiki/Industrial_organization","/wiki/Law_and_economics","/wiki/Agricultural_economics","/wiki/Natural_resource_economics","/wiki/Environmental_economics","/wiki/Ecological_economics","/wiki/Urban_economics","/wiki/Rural_economics","/wiki/Regional_science","/wiki/Economic_geography","/wiki/Category:Economics_lists","/wiki/List_of_economists","/wiki/List_of_economics_journals","/wiki/List_of_important_publications_in_economics","/wiki/Category:Economics","/wiki/Index_of_economics_articles","/wiki/Outline_of_economics","/wiki/Portal:Business_and_economics","/wiki/Template:Economics_sidebar","/wiki/Template_talk:Economics_sidebar","//en.wikipedia.org/w/index.php?title=Template:Economics_sidebar&action=edit","/wiki/Economics","/wiki/Firm","/wiki/Product_(business)","/wiki/Monopolistic_competition","/wiki/Oligopoly","/wiki/Duopoly","/wiki/Monopsony","/wiki/Oligopsony","/wiki/Monopoly","/wiki/Natural_monopoly","/wiki/Economies_of_scale","/wiki/Perfect_competition","/wiki/Barriers_to_entry","/wiki/Demand_curve","/wiki/Monopolistic_competition","/wiki/Monopoly","/wiki/Oligopoly","/wiki/Duopoly","/wiki/Market_system","/wiki/Trade","#cite_note-bokir-1","/wiki/Perfect_Competition","/wiki/Monopolistic_competition","/wiki/Oligopoly","/wiki/Oligopsony","/wiki/Monopoly","/wiki/Monopsony","/wiki/Consumer","/wiki/Product_(business)","/wiki/Service_(economics)","/wiki/Information","/w/index.php?title=Market_structure&action=edit&section=1","#cite_ref-bokir_1-0","http://www.regulationbodyofknowledge.org/02/narrative/1/","/wiki/Economics","/wiki/Microeconomics","/wiki/Macroeconomics","/wiki/Industrial_organization","/wiki/Herfindahl_index","/wiki/List_of_marketing_topics","/wiki/List_of_management_topics","/wiki/List_of_economics_topics","/wiki/List_of_accounting_topics","/wiki/List_of_finance_topics","/w/index.php?title=Market_structure&action=edit&section=2","http://www.egwald.ca/economics/index.php","/wiki/Template:Microeconomics","/wiki/Template_talk:Microeconomics","//en.wikipedia.org/w/index.php?title=Template:Microeconomics&action=edit","/wiki/Microeconomics","/wiki/Aggregation_problem","/wiki/Budget_set","/wiki/Consumer_choice","/wiki/Convexity_in_economics","/wiki/Non-convexity_(economics)","/wiki/Opportunity_cost","/wiki/Cost%E2%80%93benefit_analysis","/wiki/Distribution_(economics)","/wiki/Deadweight_loss","/wiki/Income%E2%80%93consumption_curve","/wiki/Duopoly","/wiki/Economic_equilibrium","/wiki/Economies_of_scale","/wiki/Economies_of_scope","/wiki/Elasticity_(economics)","/wiki/Trade","/wiki/Expected_utility_hypothesis","/wiki/Externality","/wiki/Theory_of_the_firm","/wiki/General_equilibrium_theory","/wiki/Family_economics","/wiki/Information_economics","/wiki/Indifference_curve","/wiki/Intertemporal_choice","/wiki/Marginal_cost","/wiki/Market_failure","/wiki/Monopoly","/wiki/Monopsony","/wiki/Oligopoly","/wiki/Preference_(economics)","/wiki/Production_set","/wiki/Economic_profit","/wiki/Public_good","/wiki/Returns_to_scale","/wiki/Risk_aversion","/wiki/Scarcity","/wiki/Economic_shortage","/wiki/Social_choice_theory","/wiki/Sunk_costs","/wiki/Supply_and_demand","/wiki/Economic_surplus","/wiki/Uncertainty","/wiki/Utility","/wiki/Welfare_economics","/wiki/Behavioral_economics","/wiki/Business_economics","/wiki/Computational_economics","/wiki/Statistical_decision_theory","/wiki/Econometrics","/wiki/Experimental_economics","/wiki/Game_theory","/wiki/Industrial_organization","/wiki/Mathematical_economics","/wiki/Microfoundations","/wiki/Managerial_economics","/wiki/Operations_research","/wiki/Mathematical_optimization","http://en.wikipedia.org/w/index.php?title=Market_structure&oldid=539760398","/wiki/Help:Categories","/wiki/Category:Market_structure_and_pricing","/w/index.php?title=Special:UserLogin&returnto=Market+structure&type=signup","/w/index.php?title=Special:UserLogin&returnto=Market+structure","/wiki/Market_structure","/wiki/Talk:Market_structure","#","/wiki/Market_structure","/w/index.php?title=Market_structure&action=edit","/w/index.php?title=Market_structure&action=history","#","/w/index.php","//bits.wikimedia.org/static-1.21wmf9/skins/vector/images/search-ltr.png?303-4","/wiki/Main_Page","/wiki/Main_Page","/wiki/Portal:Contents","/wiki/Portal:Featured_content","/wiki/Portal:Current_events","/wiki/Special:Random","//donate.wikimedia.org/wiki/Special:FundraiserRedirector?utm_source=donate&utm_medium=sidebar&utm_campaign=C13_en.wikipedia.org&uselang=en","/wiki/Help:Contents","/wiki/Wikipedia:About","/wiki/Wikipedia:Community_portal","/wiki/Special:RecentChanges","/wiki/Wikipedia:Contact_us","/wiki/Special:WhatLinksHere/Market_structure","/wiki/Special:RecentChangesLinked/Market_structure","/wiki/Wikipedia:File_Upload_Wizard","/wiki/Special:SpecialPages","/w/index.php?title=Market_structure&oldid=539760398","/w/index.php?title=Market_structure&action=info","/w/index.php?title=Special:Cite&page=Market_structure&id=539760398","/w/index.php?title=Special:Book&bookcmd=book_creator&referer=Market+structure","/w/index.php?title=Special:Book&bookcmd=render_article&arttitle=Market+structure&oldid=539760398&writer=rl","/w/index.php?title=Market_structure&printable=yes","//cs.wikipedia.org/wiki/Struktura_trhu","//de.wikipedia.org/wiki/Markt_(Wirtschaftswissenschaft)","//fa.wikipedia.org/wiki/%D8%B3%D8%A7%D8%AE%D8%AA%D8%A7%D8%B1_%D8%A8%D8%A7%D8%B2%D8%A7%D8%B1","//ko.wikipedia.org/wiki/%EC%8B%9C%EC%9E%A5_%EA%B5%AC%EC%A1%B0","//id.wikipedia.org/wiki/Struktur_pasar","//he.wikipedia.org/wiki/%D7%9E%D7%91%D7%A0%D7%94_%D7%A9%D7%95%D7%95%D7%A7%D7%99%D7%9D","//lo.wikipedia.org/wiki/%E0%BB%82%E0%BA%84%E0%BA%87%E0%BA%AA%E0%BB%89%E0%BA%B2%E0%BA%87%E0%BA%95%E0%BA%B0%E0%BA%AB%E0%BA%BC%E0%BA%B2%E0%BA%94","//la.wikipedia.org/wiki/Forum_mundi_universi","//nl.wikipedia.org/wiki/Marktvorm","//no.wikipedia.org/wiki/Markedsform","//ps.wikipedia.org/wiki/%D8%AF_%D8%A8%D8%A7%D8%B2%D8%A7%D8%B1_%D8%AC%D9%88%DA%93%DA%9A%D8%AA","//pt.wikipedia.org/wiki/Forma_de_mercado","//ro.wikipedia.org/wiki/Formele_pie%C8%9Bei","//ru.wikipedia.org/wiki/%D0%A1%D1%82%D1%80%D1%83%D0%BA%D1%82%D1%83%D1%80%D0%B0_%D1%80%D1%8B%D0%BD%D0%BA%D0%B0","//simple.wikipedia.org/wiki/Market_forms","//sv.wikipedia.org/wiki/Marknadsform","//tr.wikipedia.org/wiki/Pazar_yap%C4%B1s%C4%B1","//zh.wikipedia.org/wiki/%E5%B8%82%E5%9C%BA%E5%BD%A2%E5%BC%8F","//www.wikidata.org/wiki/Special:ItemByTitle/enwiki/Market structure","//en.wikipedia.org/wiki/Wikipedia:Text_of_Creative_Commons_Attribution-ShareAlike_3.0_Unported_License","//creativecommons.org/licenses/by-sa/3.0/","//wikimediafoundation.org/wiki/Terms_of_Use","//www.wikimediafoundation.org/","//en.wikipedia.org/wiki/Wikipedia:Contact_us","//wikimediafoundation.org/wiki/Privacy_policy","/wiki/Wikipedia:About","/wiki/Wikipedia:General_disclaimer","http://en.m.wikipedia.org/wiki/Market_structure","//wikimediafoundation.org/","//bits.wikimedia.org/images/wikimedia-button.png","//www.mediawiki.org/","//bits.wikimedia.org/static-1.21wmf9/skins/common/images/poweredby_mediawiki_88x31.png","//bits.wikimedia.org/en.wikipedia.org/load.php?debug=false&lang=en&modules=skins.vector&only=scripts&skin=vector&*","/w/index.php?title=MediaWiki:Gadget-ReferenceTooltips.js&action=raw&ctype=text/javascript&508635914","//bits.wikimedia.org/en.wikipedia.org/load.php?debug=false&lang=en&modules=site&only=scripts&skin=vector&*"],"instances":["business","economics"],"pdf":[],"categories":["Market structure and pricing|"],"headings":["References","External links"],"image":["//upload.wikimedia.org/wikipedia/commons/thumb/d/d4/GDP_PPP_Per_Capita_IMF_2008.svg/200px-GDP_PPP_Per_Capita_IMF_2008.svg.png","//bits.wikimedia.org/static-1.21wmf9/skins/vector/images/search-ltr.png?303-4","//bits.wikimedia.org/images/wikimedia-button.png","//bits.wikimedia.org/static-1.21wmf9/skins/common/images/poweredby_mediawiki_88x31.png"],"tags":[["product","business"],["product","business"],["service","economics"]],"members":["product","service"],"related":["Economics","Firm","Product_(business)","Monopolistic_competition","Oligopoly","Duopoly","Monopsony","Oligopsony","Monopoly","Natural_monopoly","Economies_of_scale","Perfect_competition","Barriers_to_entry","Demand_curve","Monopolistic_competition","Monopoly","Oligopoly","Duopoly","Market_system","Trade","Perfect_Competition","Monopolistic_competition","Oligopoly","Oligopsony","Monopoly","Monopsony","Consumer","Product_(business)","Service_(economics)","Information","Economics","Microeconomics","Macroeconomics","Industrial_organization","Herfindahl_index","List_of_marketing_topics","List_of_management_topics","List_of_economics_topics","List_of_accounting_topics","List_of_finance_topics"]}