{"cursor":"50446","size":15,"audio":[],"currentlang":"en","article":"\n\n{{Australia state or territory\n| Name = Western Australia Fullname = State of Western Australia Flag = Flag of\n| Western Australia.svg CoatOfArms = Coa Western Australia.jpg Nickname =\n| Wildflower State or the Golden State Map = Western Australia in Australia.svg\n| Capital = Perth Demonym = Western Australian, West Australian, Sandgroper\n| (colloquial) ViceroyType = Governor Viceroy = Malcolm McCusker ChiefType =\n| Premier Chief = Colin Barnett ChiefParty = Liberal Monarch = Elizabeth II\n| Status = State established_event1 = Established (as the Swan River\n| Colony) established_date1 = 2 May 1829 established_event2 =\n| Responsible government established_date2 = 21 October 1890 established_event3\n| = Federation established_date3 = 1 January 1901 established_event4 =\n| ''Australia Act'' established_date4 = 3 March 1986 TotalArea = 2645615\n| AreaRank = first LandArea = 2529875 WaterArea = 115740 PercentWater = 4.37\n| PopulationYear = End of March 2012 Population = 2,410,600\n| PopulationRank = 4 th Density = 0.94 DensityRank = 7 th\n| HighestPoint = Mount Meharry HighestElev = 1,249 m HighestElev_ft = 4,098 AHD\n| LowestPoint = LowestElev = LowestElev_ft = EntityAdjective = State GSPYear =\n| 2010â11 GSP = $236,338 GSPRank = 4 th GSPPerCapita =\n| $99,065 GSPPerCapitaRank = second TimeZone = UTC+8 (AWST) (does not\n| observe DST) HouseSeats = 15 SenateSeats = 12 PostalAbbreviation = WA\n| ISOCode = AU-WA Emblem_title1 = Floral Emblem1 = Red and Green Kangaroo\n| Paw (Anigozanthos manglesii) Emblem_title2 = Animal Emblem2\n| = Numbat (Myrmecobius fasciatus) Emblem_title3 = Bird\n| Emblem3 = Black Swan (Cygnus atratus) Emblem_title4 = Fossil\n| Emblem4 = Gogo Fish (Mcnamaraspis kaprios) Emblem_title5 =\n| Colours Emblem5 = Black and gold Website = www.wa.gov.au\n}} 'Western Australia' (abbreviated as 'WA') is a state occupying the entire\nwestern third of Australia. It is bounded by the Indian Ocean to the north and\nwest, the Great Australian Bight and Southern Ocean to the south, the Northern\nTerritory to the north-east and South Australia to the south-east. Western\nAustralia is Australia's largest state with a total land area of 2,529,875\nsquare kilometres (976,790 sq mi), and the second-largest country subdivision in\nthe world - however, most of it is actually desert and is uninhabited. The state\nhas approximately 2.4 million inhabitants (around 10% of the national\ntotal), the majority of whom live in the south-west corner of the state.\n\nThe first European to visit Western Australia was the Dutch explorer Dirk\nHartog, who visited the Western Australian coast in 1616. The British\nestablished a military outpost at King George Sound, near present-day Albany, in\n1826, was followed by the establishment of the Swan River Colony in 1829,\nincluding the site of the present-day capital, Perth. York was the first inland\nsettlement in Western Australia. Situated 97 kilometres east of Perth settled on\n16 September 1831.\n\nWestern Australia achieved self-government in 1890, and later federated with the\nother British colonies in Australia in 1901. Today Western Australia's economy\nmainly relies on mining, agriculture, and tourism, with the state supplying 46%\nof Australia's exports. Western Australia is the second-\nlargest iron ore producer in the world.\n","linknr":1077,"url":"Western_Australia","recorded":1364225807,"links":["/w/index.php?title=Western_Australia&action=edit","/w/index.php?title=Western_Australia&action=edit","//en.wikipedia.org/apple-touch-icon.png","//bits.wikimedia.org/favicon/wikipedia.ico","/w/opensearch_desc.php","//en.wikipedia.org/w/api.php?action=rsd","//creativecommons.org/licenses/by-sa/3.0/","/w/index.php?title=Special:RecentChanges&feed=atom","//bits.wikimedia.org/en.wikipedia.org/load.php?debug=false&lang=en&modules=ext.gadget.DRN-wizard%2CReferenceTooltips%2Ccharinsert%2Cteahouse%7Cext.wikihiero%7Cmediawiki.legacy.commonPrint%2Cshared%7Cmw.PopUpMediaTransform%7Cskins.vector&only=styles&skin=vector&*","//bits.wikimedia.org/en.wikipedia.org/load.php?debug=false&lang=en&modules=site&only=styles&skin=vector&*","//bits.wikimedia.org/en.wikipedia.org/load.php?debug=false&lang=en&modules=startup&only=scripts&skin=vector&*","//bits.wikimedia.org/geoiplookup","//meta.wikimedia.org","#mw-head","#p-search","/wiki/Geographic_coordinate_system","http://toolserver.org/~geohack/geohack.php?pagename=Western_Australia&params=26_0_S_121_0_E_","/wiki/File:Flag_of_Western_Australia.svg","//upload.wikimedia.org/wikipedia/commons/thumb/a/a5/Flag_of_Western_Australia.svg/125px-Flag_of_Western_Australia.svg.png","/wiki/File:Coa_Western_Australia.jpg","//upload.wikimedia.org/wikipedia/commons/thumb/e/ee/Coa_Western_Australia.jpg/100px-Coa_Western_Australia.jpg","/wiki/Flag_of_Western_Australia","/wiki/Coat_of_arms_of_Western_Australia","/wiki/File:Western_Australia_in_Australia.svg","//upload.wikimedia.org/wikipedia/commons/thumb/e/ea/Western_Australia_in_Australia.svg/250px-Western_Australia_in_Australia.svg.png","/wiki/States_and_territories_of_Australia","/wiki/Perth","/wiki/Demonym","/wiki/Government_of_Western_Australia","/wiki/Constitutional_monarchy","/wiki/Governor_of_Western_Australia","/wiki/Malcolm_McCusker","/wiki/Premier_of_Western_Australia","/wiki/Colin_Barnett","/wiki/Liberal_Party_of_Australia","/wiki/Australian_states_and_territories","/wiki/Swan_River_Colony","/wiki/Federation_of_Australia","/wiki/Australia_Act_1986","/wiki/Ranked_list_of_Australian_states_and_territories#By_area","#cite_note-1","/wiki/Ranked_list_of_Australian_states_and_territories#By_population","/wiki/Mount_Meharry","/wiki/Australian_Height_Datum","#cite_note-2","/wiki/List_of_Australian_states_and_territories_by_gross_state_product","/wiki/UTC%2B8","/wiki/Australian_Western_Standard_Time","/wiki/Daylight_Saving_Time","/wiki/Parliament_of_Australia","/wiki/Australian_House_of_Representatives","/wiki/Australian_Senate","/wiki/ISO_3166-2","/wiki/List_of_Australian_floral_emblems","/wiki/Anigozanthos_manglesii","/wiki/List_of_Australian_mammal_emblems","/wiki/Numbat","/wiki/List_of_Australian_bird_emblems","/wiki/Black_Swan","/wiki/Mcnamaraspis_kaprios","/wiki/Australian_state_colours","http://www.wa.gov.au/","#endnote_Note1a","/wiki/States_and_territories_of_Australia","/wiki/Australia","/wiki/Indian_Ocean","/wiki/Great_Australian_Bight","/wiki/Southern_Ocean","#endnote_Note1b","/wiki/Northern_Territory","/wiki/South_Australia","/wiki/List_of_the_largest_country_subdivisions_by_area","/wiki/South-West_Land_Division","/wiki/Dutch_people","/wiki/Exploration","/wiki/Dirk_Hartog","/wiki/King_George_Sound","/wiki/Albany,_Western_Australia","/wiki/Swan_River_Colony","/wiki/Perth","/wiki/Federation_of_Australia","/wiki/Economy_of_Western_Australia","#cite_note-wsj-3","/wiki/Iron_ore","#Geography","#Natural_history","#Geology","#Climate","#Flora_and_fauna","#History","#Demographics","#Economy","#Government","#Secession","#Local_government","#Education","#Media","#Print","#Television","#Radio","#Culture","#Wine","#Sport","#The_arts","#See_also","#Notes","#References","#External_links","/w/index.php?title=Western_Australia&action=edit&section=1","/wiki/Geography_of_Western_Australia","/wiki/Northern_Territory","/wiki/International_Hydrographic_Organization","/wiki/Australia_and_the_Southern_Ocean","/wiki/Southern_Ocean","#endnote_Note1b","#cite_note-SouthernOcean-4","/wiki/Border_of_Western_Australia","#cite_note-5","#cite_note-6","#cite_note-7","/w/index.php?title=Western_Australia&action=edit&section=2","/w/index.php?title=Western_Australia&action=edit&section=3","/wiki/Yilgarn_craton","/wiki/Pilbara_craton","/wiki/Deccan_Plateau","/wiki/Madagascar","/wiki/Karoo","/wiki/Zimbabwe","/wiki/Archean","/wiki/Ur_(continent)","/wiki/Supercontinent","/wiki/Orogeny","/wiki/Stirling_Range","/wiki/Antarctica","/wiki/Australian_Height_Datum","/wiki/Mount_Meharry","/wiki/Hamersley_Range","/wiki/Pilbara","/wiki/Surface_runoff","/wiki/Darling_Scarp","/wiki/File:WAHighways.png","//upload.wikimedia.org/wikipedia/commons/thumb/0/06/WAHighways.png/250px-WAHighways.png","/wiki/File:WAHighways.png","//bits.wikimedia.org/static-1.21wmf11/skins/common/images/magnify-clip.png","/wiki/List_of_highways_in_Western_Australia","/wiki/Laterite","/wiki/Granite","/wiki/Bedrock","/wiki/Phosphorus","/wiki/Nitrogen","/wiki/Ironstone","/wiki/Zinc","/wiki/Molybdenum","/wiki/Potassium","/wiki/Calcium","/wiki/Invertebrate","/wiki/Soil_compaction","/wiki/Southwest_Australia","/wiki/Soil_salinity_control","/w/index.php?title=Western_Australia&action=edit&section=4","/wiki/Southwest_corner_of_Western_Australia","/wiki/Mediterranean_climate","/wiki/Karri","#cite_note-8","/wiki/Endemic_species","/wiki/Leeuwin_Current","/wiki/Coral_reef","/wiki/Wheatbelt_(Western_Australia)","/wiki/Northcliffe,_Western_Australia","#cite_note-9","/wiki/Semiarid","/wiki/Kimberley_(Western_Australia)","/wiki/Runoff_(water)","/wiki/Ord_River","/wiki/File:Black_Swans.jpg","//upload.wikimedia.org/wikipedia/commons/thumb/6/60/Black_Swans.jpg/150px-Black_Swans.jpg","/wiki/File:Black_Swans.jpg","//bits.wikimedia.org/static-1.21wmf11/skins/common/images/magnify-clip.png","/wiki/Black_Swan","/wiki/File:Kangaroo_Paw.JPG","//upload.wikimedia.org/wikipedia/commons/thumb/a/a8/Kangaroo_Paw.JPG/150px-Kangaroo_Paw.JPG","/wiki/File:Kangaroo_Paw.JPG","//bits.wikimedia.org/static-1.21wmf11/skins/common/images/magnify-clip.png","/wiki/Anigozanthos_manglesii","/wiki/Stirling_Range","/wiki/Albany,_Western_Australia","/wiki/Porongurup_National_Park","/wiki/Perth_Hills","/wiki/Wongan_Hills,_Western_Australia","/wiki/Salmon_Gums,_Western_Australia","#cite_note-10","/wiki/Mardie_Station","/wiki/Eyre_Bird_Observatory","#cite_note-11","/w/index.php?title=Western_Australia&action=edit&section=5","/wiki/List_of_Western_Australian_birds","/wiki/Endemic_species","/wiki/Flora_of_Western_Australia","/wiki/Vascular_plant","/wiki/Genus","/wiki/Family_(biology)","#cite_note-12","/wiki/Ecoregion","/wiki/Ord_Victoria_Plain","/wiki/Western_Australian_Mulga_shrublands","/wiki/Tanami_Desert","/wiki/Southwest_Australia_savanna","/wiki/Swan_Coastal_Plain","/wiki/Warren_(biogeographic_region)","/wiki/Margaret_River","/wiki/Goldfields-Esperance","/wiki/Esperance_mallee","/wiki/Coolgardie_(biogeographic_region)","/wiki/Coolgardie","/w/index.php?title=Western_Australia&action=edit&section=6","/wiki/History_of_Western_Australia","/wiki/File:John_Forrest_1898.jpg","//upload.wikimedia.org/wikipedia/commons/thumb/c/c6/John_Forrest_1898.jpg/170px-John_Forrest_1898.jpg","/wiki/File:John_Forrest_1898.jpg","//bits.wikimedia.org/static-1.21wmf11/skins/common/images/magnify-clip.png","/wiki/John_Forrest","/wiki/Indigenous_Australians","/wiki/Dirk_Hartog","/wiki/Dirk_Hartog_Island","/wiki/Brouwer_Route","/wiki/Wikipedia:Citation_needed","/wiki/King_George_Sound","/wiki/Albany,_Western_Australia","/wiki/Swan_River_Colony","/wiki/James_Stirling_(Australian_governor)","/wiki/Fremantle","/wiki/Kalgoorlie","/wiki/Self-governing_colony","/wiki/Parliament_of_the_United_Kingdom","/wiki/John_Forrest","/wiki/Premier_of_Western_Australia","/wiki/Western_Australian_Parliament","/wiki/Goldfields_Water_Supply_Scheme","/wiki/C.Y._O%27Connor","/wiki/Kalgoorlie","#cite_note-13","/wiki/Federation_of_Australia","/w/index.php?title=Western_Australia&action=edit&section=7","/wiki/Demographics_of_Australia","/wiki/File:Perth_Skyline_from_Kings_Park.jpg","//upload.wikimedia.org/wikipedia/commons/thumb/b/b3/Perth_Skyline_from_Kings_Park.jpg/250px-Perth_Skyline_from_Kings_Park.jpg","/wiki/File:Perth_Skyline_from_Kings_Park.jpg","//bits.wikimedia.org/static-1.21wmf11/skins/common/images/magnify-clip.png","/wiki/Perth","/wiki/Kings_Park,_Western_Australia","/wiki/File:WApopulation1829-2008.png","//upload.wikimedia.org/wikipedia/commons/thumb/7/77/WApopulation1829-2008.png/250px-WApopulation1829-2008.png","/wiki/File:WApopDist2006.png","//upload.wikimedia.org/wikipedia/commons/thumb/6/6b/WApopDist2006.png/180px-WApopDist2006.png","/wiki/File:WApopDist2006.png","//bits.wikimedia.org/static-1.21wmf11/skins/common/images/magnify-clip.png","/wiki/Albany,_Western_Australia","/wiki/Swan_River_Colony","/wiki/Convictism_in_Australia","/wiki/Goldfields-Esperance","/wiki/Immigration_to_Australia","/wiki/British_Empire","/wiki/Group_Settlement_Scheme","/wiki/Italian_Australian","/wiki/Croatian_Australian","/wiki/Macedonian_Australians","/wiki/European_Australian","/wiki/English_Australian","/wiki/Irish_Australian","/wiki/Italian_Australian","/wiki/Scottish_Australian","/wiki/German_Australian","/wiki/Chinese_Australian","#cite_note-2006CensusQuickStats-14","/wiki/Mandurah","/wiki/Bunbury,_Western_Australia","/wiki/Geraldton","/wiki/Kalgoorlie","/wiki/Albany,_Western_Australia","/wiki/Broome,_Western_Australia","/wiki/Port_Hedland,_Western_Australia","#cite_note-15","/w/index.php?title=Western_Australia&action=edit&section=8","/wiki/Economy_of_Western_Australia","/wiki/Australian_economy","/wiki/File:Aerial_view_of_Fremantle.JPG","//upload.wikimedia.org/wikipedia/commons/thumb/6/6d/Aerial_view_of_Fremantle.JPG/250px-Aerial_view_of_Fremantle.JPG","/wiki/File:Aerial_view_of_Fremantle.JPG","//bits.wikimedia.org/static-1.21wmf11/skins/common/images/magnify-clip.png","/wiki/Fremantle_Harbour","/wiki/File:2007_Resource_production_WA.png","//upload.wikimedia.org/wikipedia/commons/thumb/0/04/2007_Resource_production_WA.png/250px-2007_Resource_production_WA.png","/wiki/File:2007_Resource_production_WA.png","//bits.wikimedia.org/static-1.21wmf11/skins/common/images/magnify-clip.png","/wiki/File:Major_West_Australian_Commodities_2008-2009_($_million).png","//upload.wikimedia.org/wikipedia/commons/thumb/a/ac/Major_West_Australian_Commodities_2008-2009_%28%24_million%29.png/250px-Major_West_Australian_Commodities_2008-2009_%28%24_million%29.png","/wiki/File:Major_West_Australian_Commodities_2008-2009_($_million).png","//bits.wikimedia.org/static-1.21wmf11/skins/common/images/magnify-clip.png","#cite_note-Department_of_Mines_and_Petroleum-16","#cite_note-Australian_Bureau_of_Statistics-17","/wiki/Gross_state_product","#cite_note-18","/wiki/Wikipedia:Citation_needed","#cite_note-Structure2005-19","/wiki/Wikipedia:RS","#cite_note-wsj-3","#cite_note-austEcIndicators-20","/wiki/Argyle_diamond_mine","/wiki/Collie,_Western_Australia","#cite_note-cropReport-21","#cite_note-WAatAglance-22","#cite_note-cropReport-21","#cite_note-LivestockReport-23","#cite_note-24","#cite_note-2006CensusQuickStats-14","/wiki/Town_of_Kwinana","#cite_note-25","/wiki/Austal_Ships","/wiki/Henderson,_Western_Australia","#cite_note-WAatAglance-22","/wiki/Western_Rock_Lobster","/wiki/Kimberley_(Western_Australia)","/w/index.php?title=Western_Australia&action=edit&section=9","/wiki/Government_of_Western_Australia","/wiki/File:WAGovernmentHouse1crop_gobeirne.JPG","//upload.wikimedia.org/wikipedia/commons/thumb/4/4d/WAGovernmentHouse1crop_gobeirne.JPG/300px-WAGovernmentHouse1crop_gobeirne.JPG","/wiki/File:WAGovernmentHouse1crop_gobeirne.JPG","//bits.wikimedia.org/static-1.21wmf11/skins/common/images/magnify-clip.png","/wiki/Government_House,_Perth","/wiki/Parliament_of_Western_Australia","/wiki/Western_Australian_Legislative_Assembly","/wiki/Western_Australian_Legislative_Council","/wiki/Federation","/wiki/Elizabeth_II","/wiki/Governor_of_Western_Australia","/wiki/Malcolm_McCusker","/wiki/Colin_Barnett","/w/index.php?title=Western_Australia&action=edit&section=10","/wiki/Secessionism_in_Western_Australia","/wiki/Federation_of_Australia","#cite_note-26","/wiki/Auralia","/wiki/Parliament_of_the_United_Kingdom","#cite_note-27","/w/index.php?title=Western_Australia&action=edit&section=11","/wiki/Local_Government_Areas_of_Western_Australia","/wiki/Shire_of_Christmas_Island","/wiki/Shire_of_Cocos","/wiki/Local_Government_Act_1995","#cite_note-28","/w/index.php?title=Western_Australia&action=edit&section=12","#cite_note-studywest-29","#cite_note-studywest-29","/wiki/Technical_and_further_education","/wiki/University_of_Western_Australia","/wiki/Curtin_University","/wiki/Murdoch_University","/wiki/Edith_Cowan_University","/wiki/University_of_Notre_Dame_Australia","/w/index.php?title=Western_Australia&action=edit&section=13","/w/index.php?title=Western_Australia&action=edit&section=14","/wiki/Western_Australian_Papers","/wiki/The_West_Australian","/wiki/The_Kalgoorlie_Miner","/wiki/News_Corporation","/wiki/The_Sunday_Times_(Western_Australia)","/wiki/Community_paper","/wiki/The_Australian","/wiki/WAtoday","/wiki/The_Sydney_Morning_Herald","/w/index.php?title=Western_Australia&action=edit&section=15","/wiki/File:ABC_Perth_gnangarra.JPG","//upload.wikimedia.org/wikipedia/commons/thumb/6/66/ABC_Perth_gnangarra.JPG/220px-ABC_Perth_gnangarra.JPG","/wiki/File:ABC_Perth_gnangarra.JPG","//bits.wikimedia.org/static-1.21wmf11/skins/common/images/magnify-clip.png","/wiki/East_Perth,_Western_Australia","/wiki/Australian_Broadcasting_Corporation","/wiki/ABW_(TV_station)","/wiki/Special_Broadcasting_Service","/wiki/SBS-28","/wiki/Seven_Network","/wiki/TVW","/wiki/Nine_Network","/wiki/STW","/wiki/Network_Ten","/wiki/NEW_(TV_station)","/wiki/West_TV","/wiki/Access_31","/wiki/Access_31","#cite_note-30","#cite_note-31","/wiki/ABC2","/wiki/ABW_(TV_station)","/wiki/ABC3","/wiki/ABW_(TV_station)","/wiki/ABC_News_24","/wiki/ABW_(TV_station)","/wiki/SBS_Two","/wiki/SBS-28","/wiki/SBS_HD","/wiki/SBS-28","/wiki/7mate","/wiki/TVW","/wiki/7Two","/wiki/TVW","/wiki/GEM_(Australian_TV_channel)","/wiki/STW","/wiki/Go!_(Australian_TV_channel)","/wiki/STW","/wiki/Eleven_(TV_channel)","/wiki/NEW_(TV_station)","/wiki/One_HD","/wiki/NEW_(TV_station)","/wiki/Bunbury,_Western_Australia","/wiki/Golden_West_Network","/wiki/WIN_Television_WA","/wiki/Ten_West","/wiki/NEW-10","/wiki/Foxtel","/wiki/Galaxy_(Australian_TV)","/w/index.php?title=Western_Australia&action=edit&section=16","/wiki/ABC_NewsRadio","/wiki/6PB","/wiki/720_ABC_Perth","/wiki/6WF","/wiki/ABC_Radio_National","/wiki/6RN","/wiki/ABC_Classic_FM","/wiki/6ABC","/wiki/Triple_J","/wiki/6JJJ","/wiki/6PPM","/wiki/6PER","/wiki/6MIX","/wiki/6NOW","/wiki/6PR","/wiki/6IX","/wiki/Community_radio","/wiki/RTRFM","/w/index.php?title=Western_Australia&action=edit&section=17","/w/index.php?title=Western_Australia&action=edit&section=18","/wiki/West_Australian_wine","/wiki/West_Australian_wine#South_Western_Australia","#cite_note-32","#cite_note-Sotheby-33","#cite_note-western_australian_wine-34","#cite_note-ocw-wa-35","/wiki/Margaret_River_(wine_region)","/wiki/Great_Southern_Wine_Region","/wiki/Swan_Valley_(Western_Australia)","/wiki/Blackwood_Valley","/wiki/Manjimup,_Western_Australia","/wiki/Pemberton,_Western_Australia","/wiki/Peel_(Western_Australia)","/wiki/Perth_Hills","/wiki/Geographe_Bay","#cite_note-western_australian_wine-34","/w/index.php?title=Western_Australia&action=edit&section=19","/wiki/Sport_in_Western_Australia","/wiki/Australian_rules_football","/wiki/West_Coast_Eagles","/wiki/Fremantle_Dockers","/wiki/Australian_Football_League","/wiki/West_Australian_Football_League","/wiki/Australian_rules_football_in_Western_Australia","/wiki/Baseball","/wiki/Perth_Heat","/wiki/Australian_Baseball_League","/wiki/Basketball","/wiki/Perth_Wildcats","/wiki/West_Coast_Waves","/wiki/National_Basketball_League_(Australasia)","/wiki/Women%27s_National_Basketball_League","/wiki/Cricket","/wiki/Western_Australia_cricket_team","/wiki/First-class_cricket","/wiki/List_A_cricket","/wiki/Perth_Scorchers","/wiki/Twenty20","/wiki/Big_Bash_League","/wiki/Field_hockey","/wiki/WA_Thundersticks","/wiki/Australian_Hockey_League","/wiki/Netball","/wiki/West_Coast_Fever","/wiki/ANZ_Championship","/wiki/Rugby_league","/wiki/WA_Reds","/wiki/S._G._Ball_Cup","/wiki/Rugby_union","/wiki/Western_Force","/wiki/Super_Rugby","/wiki/Association_football","/wiki/Perth_Glory","/wiki/Perth_Glory_FC","/wiki/Perth_Glory_FC_W-League","/wiki/A-League","/wiki/W-League","/wiki/Hopman_Cup","/wiki/Tom_Hoad_Cup","/wiki/Perth_Cup","/wiki/Red_Bull_Air_Race","/wiki/Gravity_Games","/wiki/1962_British_Empire_and_Commonwealth_Games","/w/index.php?title=Western_Australia&action=edit&section=20","/wiki/Western_Australian_Academy_of_Performing_Arts","/wiki/Adam_Brand","/wiki/Karnivool","/wiki/Birds_of_Tokyo","/wiki/Bon_Scott","/wiki/Eskimo_Joe","/wiki/Johnny_Young","/wiki/Gyroscope_(band)","/wiki/John_Butler_Trio","/wiki/Tame_Impala","/wiki/Kevin_Mitchell_(musician)","/wiki/The_Kill_Devil_Hills","/wiki/Pendulum_(band)","/wiki/The_Pigram_Brothers","/wiki/Rolf_Harris","/wiki/The_Triffids","/wiki/West_Australian_Music_Industry_Awards","/wiki/Heath_Ledger","/wiki/Sam_Worthington","/wiki/Ernie_Dingo","/wiki/Jessica_Marais","/wiki/Megan_Gale","/wiki/Rove_McManus","/wiki/Isla_Fisher","/wiki/Melissa_George","/wiki/Cloudstreet","/wiki/Australia_(movie)","/wiki/Bran_Nue_Dae_(film)","/wiki/ABBA:_the_Movie","/wiki/Last_Train_to_Freo","/wiki/Jack_Dale_Mengenen","/wiki/Paddy_Bedford","/wiki/Queenie_McKenzie","/wiki/Rover_Thomas","#cite_note-abc-36","/wiki/West_Australian_Symphony_Orchestra","/wiki/Perth_Concert_Hall,_Western_Australia","/wiki/His_Majesty%27s_Theatre,_Western_Australia","/wiki/Perth_Entertainment_Centre","/wiki/Crown_Perth","/wiki/Perth_Arena","/w/index.php?title=Western_Australia&action=edit&section=21","/wiki/File:Terrestrial_globe.svg","//upload.wikimedia.org/wikipedia/en/thumb/6/6b/Terrestrial_globe.svg/29px-Terrestrial_globe.svg.png","/wiki/Portal:Geography","/wiki/File:%E5%A4%A7%E6%B4%8B.png","//upload.wikimedia.org/wikipedia/commons/thumb/7/7b/%E5%A4%A7%E6%B4%8B.png/32px-%E5%A4%A7%E6%B4%8B.png","/wiki/Portal:Oceania","/wiki/File:Commonwealth_Realms_map2.png","//upload.wikimedia.org/wikipedia/commons/thumb/7/7e/Commonwealth_Realms_map2.png/32px-Commonwealth_Realms_map2.png","/wiki/Portal:Commonwealth_realms","/wiki/File:Flag_of_Australia.svg","//upload.wikimedia.org/wikipedia/en/thumb/b/b9/Flag_of_Australia.svg/32px-Flag_of_Australia.svg.png","/wiki/Portal:Australia","/wiki/File:Flag_of_Western_Australia.svg","//upload.wikimedia.org/wikipedia/commons/thumb/a/a5/Flag_of_Western_Australia.svg/32px-Flag_of_Western_Australia.svg.png","/wiki/Portal:Western_Australia","/wiki/Australia","/wiki/Outline_of_Australia","/wiki/Index_of_Australia-related_articles","//upload.wikimedia.org/wikipedia/commons/thumb/a/a8/Office-book.svg/16px-Office-book.svg.png","/wiki/Book:Australia","/wiki/Wikipedia:Books","/wiki/Government_of_Western_Australia","/wiki/Petroleum_in_Western_Australia","/wiki/Mining_in_Western_Australia","/wiki/List_of_Western_Australian_towns","/wiki/List_of_highways_in_Western_Australia","/wiki/List_of_statues_in_Western_Australia","/wiki/Local_Government_Areas_of_Western_Australia","/w/index.php?title=Western_Australia&action=edit&section=22","#ref_Note1a","/wiki/The_West_Australian","/wiki/West_Australian_Football_League","/wiki/Westralia_(disambiguation)","#cite_note-37","#cite_note-38","/wiki/Perth_Airport","#cite_note-39","#cite_note-40","#ref_Note1b","/wiki/Australia_and_the_Southern_Ocean","/wiki/Southern_Ocean","/wiki/International_Hydrographic_Organization","#cite_note-41","#cite_note-42","/w/index.php?title=Western_Australia&action=edit&section=23","#cite_ref-1","http://www.abs.gov.au/ausstats/abs@.nsf/mf/3101.0/","/wiki/Australian_Bureau_of_Statistics","http://www.abs.gov.au/ausstats/abs@.nsf/mf/3101.0/","#cite_ref-2","http://www.abs.gov.au/AUSSTATS/abs@.nsf/mf/5220.0","/wiki/Australian_Bureau_of_Statistics","http://www.abs.gov.au/AUSSTATS/abs@.nsf/mf/5220.0","#cite_ref-wsj_3-0","#cite_ref-wsj_3-1","http://online.wsj.com/article/SB10001424052970203358704577236780148058626.html","#cite_ref-SouthernOcean_4-0","http://www.iho.shom.fr/publicat/free/files/S23_1953.pdf","/wiki/Wikipedia:Link_rot","http://www.theage.com.au/articles/2003/12/21/1071941610556.html","#cite_ref-5","http://web.archive.org/web/20071128113204/http://www.ga.gov.au/education/facts/dimensions/borders.htm","http://www.ga.gov.au/education/facts/dimensions/borders.htm","http://web.archive.org/web/20071128113204/http://www.ga.gov.au/education/facts/dimensions/borders.htm","#cite_ref-6","http://www.ga.gov.au/education/geoscience-basics/dimensions/coastline-lengths.html","http://www.ga.gov.au/education/geoscience-basics/dimensions/coastline-lengths.html","#cite_ref-7","http://web.archive.org/web/20080730134442/http://www.ga.gov.au/education/facts/dimensions/areadime.htm","http://www.ga.gov.au/education/facts/dimensions/areadime.htm","http://web.archive.org/web/20080730134442/http://www.ga.gov.au/education/facts/dimensions/areadime.htm","#cite_ref-8","http://www.bom.gov.au/lam/climate/levelthree/ausclim/ausclimwa.htm","http://www.bom.gov.au/lam/climate/levelthree/ausclim/ausclimwa.htm","#cite_ref-9","http://www.water.wa.gov.au/Tools/Water+Education+Tools/Resources/Downloads_GetFile.aspx?id=931","http://www.water.wa.gov.au/Tools/Water+Education+Tools/Resources/Downloads_GetFile.aspx?id=931","#cite_ref-10","http://www.feargod.net/wa-snow1.php","#cite_ref-11","http://www.bom.gov.au/climate/extreme/records/national.pdf","/wiki/Bureau_of_Meteorology","http://www.bom.gov.au/climate/extreme/records/national.pdf","#cite_ref-12","http://florabase.calm.wa.gov.au/statistics/","http://florabase.calm.wa.gov.au/statistics/","#cite_ref-13","http://www.adb.online.anu.edu.au/biogs/A110059b.htm","/wiki/Melbourne_University_Press","http://www.adb.online.anu.edu.au/biogs/A110059b.htm","#cite_ref-2006CensusQuickStats_14-0","#cite_ref-2006CensusQuickStats_14-1","http://www.censusdata.abs.gov.au/ABSNavigation/prenav/ViewData?&action=401&tabname=Summary&areacode=5&issue=2006&producttype=QuickStats&textversion=true&navmapdisplayed=true&&breadcrumb=PLD&","http://www.censusdata.abs.gov.au/ABSNavigation/prenav/ViewData?&action=401&tabname=Summary&areacode=5&issue=2006&producttype=QuickStats&textversion=true&navmapdisplayed=true&&breadcrumb=PLD&","#cite_ref-15","http://www.abs.gov.au/AUSSTATS/abs@.nsf/DetailsPage/3218.02006-07?OpenDocument","http://www.abs.gov.au/AUSSTATS/abs@.nsf/DetailsPage/3218.02006-07?OpenDocument","#cite_ref-Department_of_Mines_and_Petroleum_16-0","http://www.dmp.wa.gov.au/7846.aspx","http://www.dmp.wa.gov.au/7846.aspx","#cite_ref-Australian_Bureau_of_Statistics_17-0","http://www.abs.gov.au/AUSSTATS/abs@.nsf/Lookup/1301.0Chapter18012009%E2%80%9310","http://www.abs.gov.au/AUSSTATS/abs@.nsf/Lookup/1301.0Chapter18012009%E2%80%9310","#cite_ref-18","http://www.abs.gov.au/AUSSTATS/abs@.nsf/mf/5220.0","http://www.abs.gov.au/AUSSTATS/abs@.nsf/mf/5220.0","#cite_ref-Structure2005_19-0","http://www.dtf.wa.gov.au/cms/uploadedFiles/structure_wa_economy_2005.pdf","http://www.dtf.wa.gov.au/cms/uploadedFiles/structure_wa_economy_2005.pdf","/wiki/Wikipedia:Link_rot","#cite_ref-austEcIndicators_20-0","http://www.ausstats.abs.gov.au/ausstats/subscriber.nsf/0/34CE7FFF9776F3F1CA2574B30017CFB2/$File/13500_sep%202008.pdf","http://www.ausstats.abs.gov.au/ausstats/subscriber.nsf/0/34CE7FFF9776F3F1CA2574B30017CFB2/$File/13500_sep%202008.pdf","#cite_ref-cropReport_21-0","#cite_ref-cropReport_21-1","http://abare.gov.au/publications_html/cr/cr_08/cr08_June.pdf","http://abare.gov.au/publications_html/cr/cr_08/cr08_June.pdf","/wiki/Wikipedia:Link_rot","#cite_ref-WAatAglance_22-0","#cite_ref-WAatAglance_22-1","http://www.ausstats.abs.gov.au/ausstats/subscriber.nsf/0/EFF65DC1D23D314FCA25741D000DC292/$File/13065_2008_reissue.pdf","http://www.ausstats.abs.gov.au/ausstats/subscriber.nsf/0/EFF65DC1D23D314FCA25741D000DC292/$File/13065_2008_reissue.pdf","#cite_ref-LivestockReport_23-0","http://abare.gov.au/publications_html/livestock/livestock_08/LiveExports.pdf","http://abare.gov.au/publications_html/livestock/livestock_08/LiveExports.pdf","/wiki/Wikipedia:Link_rot","#cite_ref-24","http://www.gowestnow.com","http://www.gowestnow.com","#cite_ref-25","http://www.aip.com.au/pdf/Downstream_Petroleum_2007_Report.pdf","http://www.aip.com.au/pdf/Downstream_Petroleum_2007_Report.pdf","#cite_ref-26","http://www.austlii.edu.au/au/journals/MULR/2000/40.html","#cite_ref-27","http://trove.nla.gov.au/ndp/del/article/30087998","#cite_ref-28","http://www.austlii.edu.au/au/legis/wa/consol_act/lga1995182/","http://www.austlii.edu.au/au/legis/wa/consol_act/lga1995182/","#cite_ref-studywest_29-0","#cite_ref-studywest_29-1","http://studywest.des.wa.gov.au/Studying/studying_schooling","http://studywest.des.wa.gov.au/Studying/studying_schooling","#cite_ref-30","http://www.australian-media.com.au/index.php?c=home&p=news&article=11245","#cite_ref-31","http://www.thewest.com.au/default.aspx?MenuID=2&ContentID=89589","/wiki/Wikipedia:Link_rot","#cite_ref-32","/wiki/International_Standard_Book_Number","/wiki/Special:BookSources/978-1-84533-414-7","#cite_ref-Sotheby_33-0","/wiki/Special:BookSources/0756613248","#cite_ref-western_australian_wine_34-0","#cite_ref-western_australian_wine_34-1","http://www.wineaustralia.com/Australia/Default.aspx?tabid=179","#cite_ref-ocw-wa_35-0","http://winepros.com.au/jsp/cda/reference/oxford_entry.jsp?entry_id=3564","#cite_ref-abc_36-0","http://www.abc.net.au/news/2013-02-12/27grand-old-man-of-the-kimberley27-dies/4514018/?site=indigenous&topic=latest","/wiki/ABC_News_(Australia)","#cite_ref-37","http://henrietta.liswa.wa.gov.au/search/?searchtype=X&SORT=D&searcharg=westralia&searchscope=2&submit.x=0&submit.y=0&submit=Submit","http://henrietta.liswa.wa.gov.au/search/?searchtype=X&SORT=D&searcharg=westralia&searchscope=2&submit.x=0&submit.y=0&submit=Submit","#cite_ref-38","http://trove.nla.gov.au/result?q=westralia","#cite_ref-39","http://henrietta.liswa.wa.gov.au/record=b2140613~S2","http://henrietta.liswa.wa.gov.au/record=b2140613~S2","#cite_ref-40","http://henrietta.liswa.wa.gov.au/record=b1791098~S2","http://henrietta.liswa.wa.gov.au/record=b1791098~S2","#cite_ref-41","http://www.iho.shom.fr/publicat/free/files/S23_1953.pdf","/wiki/Wikipedia:Link_rot","#cite_ref-42","http://www.theage.com.au/articles/2003/12/21/1071941610556.html","http://www.theage.com.au/articles/2003/12/21/1071941610556.html","/w/index.php?title=Western_Australia&action=edit&section=24","//upload.wikimedia.org/wikipedia/en/thumb/4/4a/Commons-logo.svg/30px-Commons-logo.svg.png","//commons.wikimedia.org/wiki/Category:Western_Australia","http://www.westernaustralia.com/au/Pages/Welcome_to_Western_Australia.aspx","/wiki/Tourism_Western_Australia","http://www.wa.gov.au/","http://nfsa.gov.au/blog/2012/05/15/west-australian-time-capsule/","/wiki/National_Film_and_Sound_Archive","http://aso.gov.au/titles/tags/Western%20Australia/","/wiki/National_Film_and_Sound_Archive","http://aso.gov.au/","/wiki/Template:Western_Australia","/wiki/Template_talk:Western_Australia","//en.wikipedia.org/w/index.php?title=Template:Western_Australia&action=edit","/wiki/Economy_of_Western_Australia","/w/index.php?title=Energy_in_Western_Australia&action=edit&redlink=1","/wiki/Flag_of_Western_Australia","/wiki/Geography_of_Western_Australia","/wiki/Geology_of_Western_Australia","/wiki/Government_of_Western_Australia","/wiki/History_of_Western_Australia","/wiki/Local_Government_Areas_of_Western_Australia","/wiki/Parliament_of_Western_Australia","/wiki/Category:People_from_Western_Australia","/wiki/Western_Australia_Police","/w/index.php?title=Politics_of_Western_Australia&action=edit&redlink=1","/wiki/Rail_transport_in_Western_Australia","/wiki/Regions_of_Western_Australia","/wiki/Sport_in_Western_Australia","/wiki/File:Flag_of_Western_Australia.svg","//upload.wikimedia.org/wikipedia/commons/thumb/a/a5/Flag_of_Western_Australia.svg/80px-Flag_of_Western_Australia.svg.png","/wiki/Regions_of_Western_Australia","/wiki/Gascoyne_(Western_Australia)","/wiki/Goldfields-Esperance","/wiki/Great_Southern_(Western_Australia)","/wiki/Kimberley_(Western_Australia)","/wiki/Mid_West_(Western_Australia)","/wiki/Peel_(Western_Australia)","/wiki/Pilbara","/wiki/South_West_(Western_Australia)","/wiki/Wheatbelt_(Western_Australia)","/wiki/List_of_cities_in_Australia#Western_Australia","/wiki/Perth","/wiki/Albany,_Western_Australia","/wiki/Broome,_Western_Australia","/wiki/Bunbury,_Western_Australia","/wiki/Busselton,_Western_Australia","/wiki/Esperance,_Western_Australia","/wiki/Geraldton","/wiki/Kalgoorlie","/wiki/Karratha,_Western_Australia","/wiki/Mandurah","/wiki/Northam,_Western_Australia","/wiki/Port_Hedland,_Western_Australia","/wiki/Portal:Western_Australia","/wiki/Template:States_and_territories_of_Australia","/wiki/Template_talk:States_and_territories_of_Australia","//en.wikipedia.org/w/index.php?title=Template:States_and_territories_of_Australia&action=edit","/wiki/States_and_territories_of_Australia","/wiki/New_South_Wales","/wiki/Victoria_(Australia)","/wiki/Queensland","/wiki/South_Australia","/wiki/Tasmania","/wiki/Australian_Capital_Territory","/wiki/Northern_Territory","/wiki/Jervis_Bay_Territory","/wiki/Australia","//upload.wikimedia.org/wikipedia/en/thumb/b/b9/Flag_of_Australia.svg/80px-Flag_of_Australia.svg.png","/wiki/Ashmore_and_Cartier_Islands","/wiki/Australian_Antarctic_Territory","/wiki/Christmas_Island","/wiki/Cocos_(Keeling)_Islands","/wiki/Coral_Sea_Islands","/wiki/Heard_Island_and_McDonald_Islands","/wiki/Norfolk_Island","/wiki/Central_Australia","/wiki/North_Australia","/wiki/History_of_Papua_New_Guinea#The_Territory_of_Papua_and_New_Guinea","/wiki/Template:Australia_topics","/wiki/Template_talk:Australia_topics","//en.wikipedia.org/w/index.php?title=Template:Australia_topics&action=edit","/wiki/Australia","/wiki/History_of_Australia","/wiki/Timeline_of_Australian_history","/wiki/Prehistory_of_Australia","/wiki/Australian_archaeology","/wiki/European_exploration_of_Australia","/wiki/History_of_Australia_(1606%E2%80%931787)","/wiki/History_of_Australia_(1788%E2%80%931850)","/wiki/History_of_Australia_(1851%E2%80%931900)","/wiki/History_of_Australia_(1901%E2%80%931945)","/wiki/History_of_Australia_since_1945","/wiki/Constitutional_history_of_Australia","/wiki/Diplomatic_history_of_Australia","/wiki/Economic_history_of_Australia","/wiki/Federation_of_Australia","/wiki/Immigration_history_of_Australia","/wiki/History_of_Indigenous_Australians","/wiki/Military_history_of_Australia","/wiki/History_of_monarchy_in_Australia","/wiki/History_of_rail_transport_in_Australia","/wiki/Geography_of_Australia","/wiki/Climate_of_Australia","/wiki/Australia_(continent)","/wiki/Deserts_of_Australia","/wiki/Environment_of_Australia","/wiki/Environmental_issues_in_Australia","/wiki/Flora_of_Australia","/wiki/Fauna_of_Australia","/wiki/Forests_of_Australia","/wiki/Geology_of_Australia","/wiki/List_of_islands_of_Australia","/wiki/List_of_mountains_in_Australia","/wiki/List_of_regions_of_Australia","/wiki/National_Reserve_System","/wiki/List_of_rivers_of_Australia","/wiki/Administrative_divisions_of_Australia","/wiki/States_and_territories_of_Australia","/wiki/List_of_Australian_capital_cities","/wiki/List_of_cities_in_Australia","/wiki/List_of_cities_in_Australia_by_population","/wiki/Constitution_of_Australia","/wiki/Australian_court_hierarchy","/wiki/Australian_electoral_system","/wiki/Australian_federal_budget","/wiki/Foreign_relations_of_Australia","/wiki/Government_of_Australia","/wiki/Australian_governments","/wiki/Australian_Intelligence_Community","/wiki/Law_of_Australia","/wiki/Law_enforcement_in_Australia","/wiki/Australian_Defence_Force","/wiki/Monarchy_of_Australia","/wiki/Australian_national_debt","/wiki/Parliament_of_Australia","/wiki/Australian_Public_Service","/wiki/Politics_of_Australia","/wiki/Elections_in_Australia","/wiki/Political_donations_in_Australia","/wiki/List_of_political_parties_in_Australia","/wiki/Economy_of_Australia","/wiki/Agriculture_in_Australia","/wiki/List_of_companies_of_Australia","/wiki/Australian_dollar","/wiki/Energy_in_Australia","/wiki/List_of_Australian_states_and_territories_by_gross_state_product","/wiki/Home_ownership_in_Australia","/wiki/Public_housing_in_Australia","/wiki/Homelessness_in_Australia","/wiki/Median_household_income_in_Australia_and_New_Zealand","/wiki/Manufacturing_in_Australia","/wiki/Media_of_Australia","/wiki/Mining_in_Australia","/wiki/Poverty_in_Australia","/wiki/Reserve_Bank_of_Australia","/wiki/Australian_Securities_Exchange","/wiki/Superannuation_in_Australia","/wiki/Taxation_in_Australia","/wiki/Telecommunications_in_Australia","/wiki/Tourism_in_Australia","/wiki/Transportation_in_Australia","/wiki/Social_Security_(Australia)","/wiki/Category:Australian_society","/wiki/Australians","/wiki/Indigenous_Australians","/wiki/Crime_in_Australia","/wiki/Demographics_of_Australia","/wiki/Education_in_Australia","/wiki/Health_care_in_Australia","/wiki/Human_rights_in_Australia","/wiki/LGBT_rights_in_Australia","/wiki/Immigration_to_Australia","/wiki/Languages_of_Australia","/wiki/Multiculturalism_in_Australia","/wiki/Poverty_in_Australia","/wiki/Culture_of_Australia","/wiki/Architecture_of_Australia","/wiki/Australian_art","/wiki/Arts_in_Australia","/wiki/Australian_English","/wiki/Cinema_of_Australia","/wiki/Australian_cuisine","/wiki/Australian_wine","/wiki/Dance_in_Australia","/wiki/Australian_literature","/wiki/Music_of_Australia","/wiki/Public_holidays_in_Australia","/wiki/Religion_in_Australia","/wiki/Sport_in_Australia","/wiki/Television_in_Australia","/wiki/Theatre_of_Australia","/wiki/National_symbols_of_Australia","/wiki/Coat_of_arms_of_Australia","/wiki/List_of_Australian_flags","/wiki/Orders,_decorations,_and_medals_of_Australia","/wiki/List_of_Australian_states_and_territories_symbols","/wiki/Outline_of_Australia","/wiki/Index_of_Australia-related_articles","/wiki/Book:Australia","/wiki/Category:Australia","/wiki/Portal:Australia","/wiki/Wikipedia:WikiProject_Australia","http://en.wikipedia.org/w/index.php?title=Western_Australia&oldid=545137791","/wiki/Help:Categories","/wiki/Category:Western_Australia","/wiki/Category:Former_British_colonies","/wiki/Category:States_and_territories_of_Australia","/wiki/Category:States_and_territories_established_in_1829","/wiki/Category:All_articles_with_dead_external_links","/wiki/Category:Articles_with_dead_external_links_from_July_2012","/wiki/Category:Articles_with_dead_external_links_from_June_2010","/wiki/Category:Use_Australian_English_from_March_2012","/wiki/Category:All_Wikipedia_articles_written_in_Australian_English","/wiki/Category:All_articles_with_unsourced_statements","/wiki/Category:Articles_with_unsourced_statements_from_October_2009","/wiki/Category:Articles_with_unsourced_statements_from_November_2011","/wiki/Category:Use_dmy_dates_from_August_2011","/wiki/Category:Use_Australian_English_from_December_2011","/w/index.php?title=Special:UserLogin&returnto=Western+Australia&type=signup","/w/index.php?title=Special:UserLogin&returnto=Western+Australia","/wiki/Western_Australia","/wiki/Talk:Western_Australia","#","/wiki/Western_Australia","/w/index.php?title=Western_Australia&action=edit","/w/index.php?title=Western_Australia&action=history","#","/w/index.php","//bits.wikimedia.org/static-1.21wmf11/skins/vector/images/search-ltr.png?303-4","/wiki/Main_Page","/wiki/Main_Page","/wiki/Portal:Contents","/wiki/Portal:Featured_content","/wiki/Portal:Current_events","/wiki/Special:Random","//donate.wikimedia.org/wiki/Special:FundraiserRedirector?utm_source=donate&utm_medium=sidebar&utm_campaign=C13_en.wikipedia.org&uselang=en","/wiki/Help:Contents","/wiki/Wikipedia:About","/wiki/Wikipedia:Community_portal","/wiki/Special:RecentChanges","/wiki/Wikipedia:Contact_us","/wiki/Special:WhatLinksHere/Western_Australia","/wiki/Special:RecentChangesLinked/Western_Australia","/wiki/Wikipedia:File_Upload_Wizard","/wiki/Special:SpecialPages","/w/index.php?title=Western_Australia&oldid=545137791","/w/index.php?title=Western_Australia&action=info","/w/index.php?title=Special:Cite&page=Western_Australia&id=545137791","/w/index.php?title=Special:Book&bookcmd=book_creator&referer=Western+Australia","/w/index.php?title=Special:Book&bookcmd=render_article&arttitle=Western+Australia&oldid=545137791&writer=rl","/w/index.php?title=Western_Australia&printable=yes","//af.wikipedia.org/wiki/Wes-Australi%C3%AB","//ang.wikipedia.org/wiki/Westerne_Australia","//ar.wikipedia.org/wiki/%D8%A3%D8%B3%D8%AA%D8%B1%D8%A7%D9%84%D9%8A%D8%A7_%D8%A7%D9%84%D8%BA%D8%B1%D8%A8%D9%8A%D8%A9","//az.wikipedia.org/wiki/Q%C9%99rbi_Avstraliya","//zh-min-nan.wikipedia.org/wiki/Se_Australia","//be.wikipedia.org/wiki/%D0%A8%D1%82%D0%B0%D1%82_%D0%97%D0%B0%D1%85%D0%BE%D0%B4%D0%BD%D1%8F%D1%8F_%D0%90%D1%9E%D1%81%D1%82%D1%80%D0%B0%D0%BB%D1%96%D1%8F","//be-x-old.wikipedia.org/wiki/%D0%97%D0%B0%D1%85%D0%BE%D0%B4%D0%BD%D1%8F%D1%8F_%D0%90%D1%9E%D1%81%D1%82%D1%80%D0%B0%D0%BB%D1%96%D1%8F","//bg.wikipedia.org/wiki/%D0%97%D0%B0%D0%BF%D0%B0%D0%B4%D0%BD%D0%B0_%D0%90%D0%B2%D1%81%D1%82%D1%80%D0%B0%D0%BB%D0%B8%D1%8F","//bs.wikipedia.org/wiki/Zapadna_Australija","//br.wikipedia.org/wiki/Western_Australia","//ca.wikipedia.org/wiki/Austr%C3%A0lia_Occidental","//cs.wikipedia.org/wiki/Z%C3%A1padn%C3%AD_Austr%C3%A1lie","//cy.wikipedia.org/wiki/Gorllewin_Awstralia","//da.wikipedia.org/wiki/Western_Australia","//de.wikipedia.org/wiki/Western_Australia","//et.wikipedia.org/wiki/L%C3%A4%C3%A4ne-Austraalia","//el.wikipedia.org/wiki/%CE%94%CF%85%CF%84%CE%B9%CE%BA%CE%AE_%CE%91%CF%85%CF%83%CF%84%CF%81%CE%B1%CE%BB%CE%AF%CE%B1","//es.wikipedia.org/wiki/Australia_Occidental","//eo.wikipedia.org/wiki/Okcidenta_A%C5%ADstralio","//eu.wikipedia.org/wiki/Mendebaldeko_Australia","//fa.wikipedia.org/wiki/%D8%A7%D8%B3%D8%AA%D8%B1%D8%A7%D9%84%DB%8C%D8%A7%DB%8C_%D8%BA%D8%B1%D8%A8%DB%8C","//hif.wikipedia.org/wiki/Western_Australia","//fr.wikipedia.org/wiki/Australie-Occidentale","//ga.wikipedia.org/wiki/An_Astr%C3%A1il_Thiar","//gv.wikipedia.org/wiki/Yn_Austrail_Heear","//gd.wikipedia.org/wiki/Astr%C3%A0ilia-an-Iar","//gl.wikipedia.org/wiki/Australia_Occidental","//ko.wikipedia.org/wiki/%EC%9B%A8%EC%8A%A4%ED%84%B4%EC%98%A4%EC%8A%A4%ED%8A%B8%EB%A0%88%EC%9D%BC%EB%A6%AC%EC%95%84_%EC%A3%BC","//hy.wikipedia.org/wiki/%D4%B1%D6%80%D6%87%D5%B4%D5%BF%D5%B5%D5%A1%D5%B6_%D4%B1%D5%BE%D5%BD%D5%BF%D6%80%D5%A1%D5%AC%D5%AB%D5%A1_(%D5%B6%D5%A1%D5%B0%D5%A1%D5%B6%D5%A3)","//hi.wikipedia.org/wiki/%E0%A4%AA%E0%A4%B6%E0%A5%8D%E0%A4%9A%E0%A4%BF%E0%A4%AE%E0%A5%80_%E0%A4%91%E0%A4%B8%E0%A5%8D%E0%A4%9F%E0%A5%8D%E0%A4%B0%E0%A5%87%E0%A4%B2%E0%A4%BF%E0%A4%AF%E0%A4%BE","//hr.wikipedia.org/wiki/Zapadna_Australija","//id.wikipedia.org/wiki/Australia_Barat","//os.wikipedia.org/wiki/%D0%9D%D1%8B%D0%B3%D1%83%D1%8B%D0%BB%C3%A6%D0%BD_%D0%90%D0%B2%D1%81%D1%82%D1%80%D0%B0%D0%BB%D0%B8","//is.wikipedia.org/wiki/Vestur-%C3%81stral%C3%ADa","//it.wikipedia.org/wiki/Australia_Occidentale","//he.wikipedia.org/wiki/%D7%90%D7%95%D7%A1%D7%98%D7%A8%D7%9C%D7%99%D7%94_%D7%94%D7%9E%D7%A2%D7%A8%D7%91%D7%99%D7%AA","//pam.wikipedia.org/wiki/Albugang_Australia","//ka.wikipedia.org/wiki/%E1%83%93%E1%83%90%E1%83%A1%E1%83%90%E1%83%95%E1%83%9A%E1%83%94%E1%83%97%E1%83%98_%E1%83%90%E1%83%95%E1%83%A1%E1%83%A2%E1%83%A0%E1%83%90%E1%83%9A%E1%83%98%E1%83%90","//sw.wikipedia.org/wiki/Australia_ya_Magharibi","//la.wikipedia.org/wiki/Australia_Occidentalis","//lv.wikipedia.org/wiki/Rietumaustr%C4%81lija","//lb.wikipedia.org/wiki/Westaustralien","//lt.wikipedia.org/wiki/Vakar%C5%B3_Australija","//lij.wikipedia.org/wiki/Australia_O%C3%A7ident%C3%A2","//li.wikipedia.org/wiki/Wes-Australi%C3%AB","//hu.wikipedia.org/wiki/Nyugat-Ausztr%C3%A1lia","//mk.wikipedia.org/wiki/%D0%97%D0%B0%D0%BF%D0%B0%D0%B4%D0%BD%D0%B0_%D0%90%D0%B2%D1%81%D1%82%D1%80%D0%B0%D0%BB%D0%B8%D1%98%D0%B0","//mr.wikipedia.org/wiki/%E0%A4%B5%E0%A5%87%E0%A4%B8%E0%A5%8D%E0%A4%9F%E0%A4%B0%E0%A5%8D%E0%A4%A8_%E0%A4%91%E0%A4%B8%E0%A5%8D%E0%A4%9F%E0%A5%8D%E0%A4%B0%E0%A5%87%E0%A4%B2%E0%A4%BF%E0%A4%AF%E0%A4%BE","//ms.wikipedia.org/wiki/Australia_Barat","//mn.wikipedia.org/wiki/%D0%91%D0%B0%D1%80%D1%83%D1%83%D0%BD_%D0%90%D0%B2%D1%81%D1%82%D1%80%D0%B0%D0%BB%D0%B8","//nl.wikipedia.org/wiki/West-Australi%C3%AB","//ja.wikipedia.org/wiki/%E8%A5%BF%E3%82%AA%E3%83%BC%E3%82%B9%E3%83%88%E3%83%A9%E3%83%AA%E3%82%A2%E5%B7%9E","//pih.wikipedia.org/wiki/West_Ostrielya","//no.wikipedia.org/wiki/Vest-Australia","//nn.wikipedia.org/wiki/Vest-Australia","//oc.wikipedia.org/wiki/Austr%C3%A0lia_Occidentala","//pa.wikipedia.org/wiki/%E0%A8%AA%E0%A9%B1%E0%A8%9B%E0%A8%AE%E0%A9%80_%E0%A8%86%E0%A8%B8%E0%A8%9F%E0%A8%B0%E0%A9%87%E0%A8%B2%E0%A9%80%E0%A8%86","//pnb.wikipedia.org/wiki/%D9%84%DB%8C%D9%86%D8%AF%D8%A7_%D8%A2%D8%B3%D9%B9%D8%B1%DB%8C%D9%84%DB%8C%D8%A7","//pl.wikipedia.org/wiki/Australia_Zachodnia","//pt.wikipedia.org/wiki/Austr%C3%A1lia_Ocidental","//ro.wikipedia.org/wiki/Australia_de_Vest","//rm.wikipedia.org/wiki/Australia_Occidentala","//ru.wikipedia.org/wiki/%D0%97%D0%B0%D0%BF%D0%B0%D0%B4%D0%BD%D0%B0%D1%8F_%D0%90%D0%B2%D1%81%D1%82%D1%80%D0%B0%D0%BB%D0%B8%D1%8F","//sco.wikipedia.org/wiki/Wastren_Australie","//stq.wikipedia.org/wiki/Western_Australia","//simple.wikipedia.org/wiki/Western_Australia","//sk.wikipedia.org/wiki/Z%C3%A1padn%C3%A1_Austr%C3%A1lia","//sl.wikipedia.org/wiki/Zahodna_Avstralija","//so.wikipedia.org/wiki/Galbeed_Australia_(gobol)","//sr.wikipedia.org/wiki/%D0%97%D0%B0%D0%BF%D0%B0%D0%B4%D0%BD%D0%B0_%D0%90%D1%83%D1%81%D1%82%D1%80%D0%B0%D0%BB%D0%B8%D1%98%D0%B0","//sh.wikipedia.org/wiki/Zapadna_Australija","//fi.wikipedia.org/wiki/L%C3%A4nsi-Australia","//sv.wikipedia.org/wiki/Western_Australia","//tl.wikipedia.org/wiki/Kanlurang_Australya","//ta.wikipedia.org/wiki/%E0%AE%AE%E0%AF%87%E0%AE%B1%E0%AF%8D%E0%AE%95%E0%AF%81_%E0%AE%86%E0%AE%B8%E0%AF%8D%E0%AE%A4%E0%AE%BF%E0%AE%B0%E0%AF%87%E0%AE%B2%E0%AE%BF%E0%AE%AF%E0%AE%BE","//th.wikipedia.org/wiki/%E0%B8%A3%E0%B8%B1%E0%B8%90%E0%B9%80%E0%B8%A7%E0%B8%AA%E0%B9%80%E0%B8%97%E0%B8%B4%E0%B8%A3%E0%B9%8C%E0%B8%99%E0%B8%AD%E0%B8%AD%E0%B8%AA%E0%B9%80%E0%B8%95%E0%B8%A3%E0%B9%80%E0%B8%A5%E0%B8%B5%E0%B8%A2","//tr.wikipedia.org/wiki/Bat%C4%B1_Avustralya","//uk.wikipedia.org/wiki/%D0%97%D0%B0%D1%85%D1%96%D0%B4%D0%BD%D0%B0_%D0%90%D0%B2%D1%81%D1%82%D1%80%D0%B0%D0%BB%D1%96%D1%8F","//vec.wikipedia.org/wiki/Western_Australia","//vi.wikipedia.org/wiki/T%C3%A2y_%C3%9Ac_(ti%E1%BB%83u_bang)","//war.wikipedia.org/wiki/Western_Australia","//wuu.wikipedia.org/wiki/%E8%A5%BF%E6%BE%B3%E5%A4%A7%E5%88%A9%E4%BA%9A%E5%B7%9E","//diq.wikipedia.org/wiki/Aw%C4%B1stralya_Rocawani","//zh.wikipedia.org/wiki/%E8%A5%BF%E6%BE%B3%E5%A4%A7%E5%88%A9%E4%BA%9A%E5%B7%9E","//www.wikidata.org/wiki/Special:ItemByTitle/enwiki/Western Australia","//en.wikipedia.org/wiki/Wikipedia:Text_of_Creative_Commons_Attribution-ShareAlike_3.0_Unported_License","//creativecommons.org/licenses/by-sa/3.0/","//wikimediafoundation.org/wiki/Terms_of_Use","//www.wikimediafoundation.org/","//en.wikipedia.org/wiki/Wikipedia:Contact_us","//wikimediafoundation.org/wiki/Privacy_policy","/wiki/Wikipedia:About","/wiki/Wikipedia:General_disclaimer","http://en.m.wikipedia.org/wiki/Western_Australia","//wikimediafoundation.org/","//bits.wikimedia.org/images/wikimedia-button.png","//www.mediawiki.org/","//bits.wikimedia.org/static-1.21wmf11/skins/common/images/poweredby_mediawiki_88x31.png","//bits.wikimedia.org/en.wikipedia.org/load.php?debug=false&lang=en&modules=skins.vector&only=scripts&skin=vector&*","/w/index.php?title=MediaWiki:Gadget-ReferenceTooltips.js&action=raw&ctype=text/javascript&508635914","//bits.wikimedia.org/en.wikipedia.org/load.php?debug=false&lang=en&modules=site&only=scripts&skin=vector&*"],"instances":["continent","disambiguation","western_australia","band","biogeographic_region","tv_channel","australian_governor","western_australia","australian_tv_channel","band","australian_tv_channel","biogeographic_region","australasia","musician","wine_region","water","western_australia","australian_tv","biology","western_australia"],"pdf":["http://www.iho.shom.fr/publicat/free/files/S23_1953.pdf","http://www.bom.gov.au/climate/extreme/records/national.pdf","http://www.bom.gov.au/climate/extreme/records/national.pdf","http://www.dtf.wa.gov.au/cms/uploadedFiles/structure_wa_economy_2005.pdf","http://www.dtf.wa.gov.au/cms/uploadedFiles/structure_wa_economy_2005.pdf","http://www.ausstats.abs.gov.au/ausstats/subscriber.nsf/0/34CE7FFF9776F3F1CA2574B30017CFB2/$File/13500_sep%202008.pdf","http://www.ausstats.abs.gov.au/ausstats/subscriber.nsf/0/34CE7FFF9776F3F1CA2574B30017CFB2/$File/13500_sep%202008.pdf","http://abare.gov.au/publications_html/cr/cr_08/cr08_June.pdf","http://abare.gov.au/publications_html/cr/cr_08/cr08_June.pdf","http://www.ausstats.abs.gov.au/ausstats/subscriber.nsf/0/EFF65DC1D23D314FCA25741D000DC292/$File/13065_2008_reissue.pdf","http://www.ausstats.abs.gov.au/ausstats/subscriber.nsf/0/EFF65DC1D23D314FCA25741D000DC292/$File/13065_2008_reissue.pdf","http://abare.gov.au/publications_html/livestock/livestock_08/LiveExports.pdf","http://abare.gov.au/publications_html/livestock/livestock_08/LiveExports.pdf","http://www.aip.com.au/pdf/Downstream_Petroleum_2007_Report.pdf","http://www.aip.com.au/pdf/Downstream_Petroleum_2007_Report.pdf","http://www.iho.shom.fr/publicat/free/files/S23_1953.pdf"],"categories":["Western Australia|Western Australia","Former British colonies","States and territories of Australia","States and territories established in 1829"],"headings":["Geography","Natural history","History","Demographics","Economy","Government","Education","Media","Culture","See also","Notes","References","External links"],"image":["//upload.wikimedia.org/wikipedia/commons/thumb/a/a5/Flag_of_Western_Australia.svg/125px-Flag_of_Western_Australia.svg.png","//upload.wikimedia.org/wikipedia/commons/thumb/e/ee/Coa_Western_Australia.jpg/100px-Coa_Western_Australia.jpg","//upload.wikimedia.org/wikipedia/commons/thumb/e/ea/Western_Australia_in_Australia.svg/250px-Western_Australia_in_Australia.svg.png","//upload.wikimedia.org/wikipedia/commons/thumb/0/06/WAHighways.png/250px-WAHighways.png","//bits.wikimedia.org/static-1.21wmf11/skins/common/images/magnify-clip.png","//upload.wikimedia.org/wikipedia/commons/thumb/6/60/Black_Swans.jpg/150px-Black_Swans.jpg","//bits.wikimedia.org/static-1.21wmf11/skins/common/images/magnify-clip.png","//upload.wikimedia.org/wikipedia/commons/thumb/a/a8/Kangaroo_Paw.JPG/150px-Kangaroo_Paw.JPG","//bits.wikimedia.org/static-1.21wmf11/skins/common/images/magnify-clip.png","//upload.wikimedia.org/wikipedia/commons/thumb/c/c6/John_Forrest_1898.jpg/170px-John_Forrest_1898.jpg","//bits.wikimedia.org/static-1.21wmf11/skins/common/images/magnify-clip.png","//upload.wikimedia.org/wikipedia/commons/thumb/b/b3/Perth_Skyline_from_Kings_Park.jpg/250px-Perth_Skyline_from_Kings_Park.jpg","//bits.wikimedia.org/static-1.21wmf11/skins/common/images/magnify-clip.png","//upload.wikimedia.org/wikipedia/commons/thumb/7/77/WApopulation1829-2008.png/250px-WApopulation1829-2008.png","//upload.wikimedia.org/wikipedia/commons/thumb/6/6b/WApopDist2006.png/180px-WApopDist2006.png","//bits.wikimedia.org/static-1.21wmf11/skins/common/images/magnify-clip.png","//upload.wikimedia.org/wikipedia/commons/thumb/6/6d/Aerial_view_of_Fremantle.JPG/250px-Aerial_view_of_Fremantle.JPG","//bits.wikimedia.org/static-1.21wmf11/skins/common/images/magnify-clip.png","//upload.wikimedia.org/wikipedia/commons/thumb/0/04/2007_Resource_production_WA.png/250px-2007_Resource_production_WA.png","//bits.wikimedia.org/static-1.21wmf11/skins/common/images/magnify-clip.png","//upload.wikimedia.org/wikipedia/commons/thumb/a/ac/Major_West_Australian_Commodities_2008-2009_%28%24_million%29.png/250px-Major_West_Australian_Commodities_2008-2009_%28%24_million%29.png","//bits.wikimedia.org/static-1.21wmf11/skins/common/images/magnify-clip.png","//upload.wikimedia.org/wikipedia/commons/thumb/4/4d/WAGovernmentHouse1crop_gobeirne.JPG/300px-WAGovernmentHouse1crop_gobeirne.JPG","//bits.wikimedia.org/static-1.21wmf11/skins/common/images/magnify-clip.png","//upload.wikimedia.org/wikipedia/commons/thumb/6/66/ABC_Perth_gnangarra.JPG/220px-ABC_Perth_gnangarra.JPG","//bits.wikimedia.org/static-1.21wmf11/skins/common/images/magnify-clip.png","//upload.wikimedia.org/wikipedia/en/thumb/6/6b/Terrestrial_globe.svg/29px-Terrestrial_globe.svg.png","//upload.wikimedia.org/wikipedia/commons/thumb/7/7b/%E5%A4%A7%E6%B4%8B.png/32px-%E5%A4%A7%E6%B4%8B.png","//upload.wikimedia.org/wikipedia/commons/thumb/7/7e/Commonwealth_Realms_map2.png/32px-Commonwealth_Realms_map2.png","//upload.wikimedia.org/wikipedia/en/thumb/b/b9/Flag_of_Australia.svg/32px-Flag_of_Australia.svg.png","//upload.wikimedia.org/wikipedia/commons/thumb/a/a5/Flag_of_Western_Australia.svg/32px-Flag_of_Western_Australia.svg.png","//upload.wikimedia.org/wikipedia/commons/thumb/a/a8/Office-book.svg/16px-Office-book.svg.png","//upload.wikimedia.org/wikipedia/en/thumb/4/4a/Commons-logo.svg/30px-Commons-logo.svg.png","//upload.wikimedia.org/wikipedia/commons/thumb/a/a5/Flag_of_Western_Australia.svg/80px-Flag_of_Western_Australia.svg.png","//upload.wikimedia.org/wikipedia/en/thumb/b/b9/Flag_of_Australia.svg/80px-Flag_of_Australia.svg.png","//bits.wikimedia.org/static-1.21wmf11/skins/vector/images/search-ltr.png?303-4","//bits.wikimedia.org/images/wikimedia-button.png","//bits.wikimedia.org/static-1.21wmf11/skins/common/images/poweredby_mediawiki_88x31.png"],"tags":[["ur","continent"],["wheatbelt","western_australia"],["kimberley","western_australia"],["runoff","water"],["family","biology"],["warren","biogeographic_region"],["coolgardie","biogeographic_region"],["james_stirling","australian_governor"],["kimberley","western_australia"],["gem","australian_tv_channel"],["go!","australian_tv_channel"],["eleven","tv_channel"],["galaxy","australian_tv"],["margaret_river","wine_region"],["swan_valley","western_australia"],["peel","western_australia"],["national_basketball_league","australasia"],["gyroscope","band"],["kevin_mitchell","musician"],["pendulum","band"],["westralia","disambiguation"]],"members":["ur","westralia","wheatbelt","gyroscope","coolgardie","eleven","james_stirling","peel","gem","pendulum","warren","national_basketball_league","kevin_mitchell","margaret_river","runoff","kimberley","galaxy","family","swan_valley"],"related":["Perth","Malcolm_McCusker","Colin_Barnett","Liberal_Party_of_Australia","Elizabeth_II","Swan_River_Colony","Federation_of_Australia","Australia_Act_1986","Mount_Meharry","Australian_Height_Datum","UTC+8","Australian_Western_Standard_Time","Daylight_Saving_Time","List_of_Australian_floral_emblems","Anigozanthos_manglesii","List_of_Australian_mammal_emblems","Numbat","List_of_Australian_bird_emblems","Black_Swan","Mcnamaraspis_kaprios","Australian_state_colours","States_and_territories_of_Australia","Australia","Indian_Ocean","Great_Australian_Bight","Southern_Ocean","Northern_Territory","South_Australia","List_of_the_largest_country_subdivisions_by_area","South-West_Land_Division","Dutch_people","Exploration","Dirk_Hartog","King_George_Sound","Albany,_Western_Australia","Swan_River_Colony","Perth","Federation_of_Australia","Economy_of_Western_Australia","Iron_ore","Northern_Territory","International_Hydrographic_Organization","Australia_and_the_Southern_Ocean","Southern_Ocean","Border_of_Western_Australia","Yilgarn_craton","Pilbara_craton","Deccan_Plateau","Madagascar","Karoo","Zimbabwe","Archean","Ur_(continent)","Supercontinent","Orogeny","Stirling_Range","Antarctica","Australian_Height_Datum","Mount_Meharry","Hamersley_Range","Pilbara","Surface_runoff","Darling_Scarp","Laterite","Granite","Bedrock","Phosphorus","Nitrogen","Ironstone","Zinc","Molybdenum","Potassium","Calcium","Invertebrate","Soil_compaction","Southwest_Australia","Soil_salinity_control","Southwest_corner_of_Western_Australia","Mediterranean_climate","Karri","Endemic_species","Leeuwin_Current","Coral_reef","Wheatbelt_(Western_Australia)","Northcliffe,_Western_Australia","Semiarid","Kimberley_(Western_Australia)","Runoff_(water)","Ord_River","Stirling_Range","Albany,_Western_Australia","Porongurup_National_Park","Perth_Hills","Wongan_Hills,_Western_Australia","Salmon_Gums,_Western_Australia","Mardie_Station","Eyre_Bird_Observatory","List_of_Western_Australian_birds","Endemic_species","Flora_of_Western_Australia","Vascular_plant","Genus","Family_(biology)","Ecoregion","Ord_Victoria_Plain","Western_Australian_Mulga_shrublands","Tanami_Desert","Southwest_Australia_savanna","Swan_Coastal_Plain","Warren_(biogeographic_region)","Margaret_River","Goldfields-Esperance","Esperance_mallee","Coolgardie_(biogeographic_region)","Coolgardie","Indigenous_Australians","Dirk_Hartog","Dirk_Hartog_Island","Brouwer_Route","King_George_Sound","Albany,_Western_Australia","Swan_River_Colony","James_Stirling_(Australian_governor)","Fremantle","Kalgoorlie","Self-governing_colony","Parliament_of_the_United_Kingdom","John_Forrest","Premier_of_Western_Australia","Western_Australian_Parliament","Goldfields_Water_Supply_Scheme","C.Y._O'Connor","Kalgoorlie","Federation_of_Australia","Kings_Park,_Western_Australia","Albany,_Western_Australia","Swan_River_Colony","Convictism_in_Australia","Goldfields-Esperance","Immigration_to_Australia","British_Empire","Group_Settlement_Scheme","Italian_Australian","Croatian_Australian","Macedonian_Australians","European_Australian","English_Australian","Irish_Australian","Italian_Australian","Scottish_Australian","German_Australian","Chinese_Australian","Mandurah","Bunbury,_Western_Australia","Geraldton","Kalgoorlie","Albany,_Western_Australia","Broome,_Western_Australia","Port_Hedland,_Western_Australia","Gross_state_product","Argyle_diamond_mine","Collie,_Western_Australia","Town_of_Kwinana","Austal_Ships","Henderson,_Western_Australia","Western_Rock_Lobster","Kimberley_(Western_Australia)","Parliament_of_Western_Australia","Western_Australian_Legislative_Assembly","Western_Australian_Legislative_Council","Federation","Elizabeth_II","Governor_of_Western_Australia","Malcolm_McCusker","Colin_Barnett","Federation_of_Australia","Auralia","Parliament_of_the_United_Kingdom","Local_Government_Areas_of_Western_Australia","Shire_of_Christmas_Island","Shire_of_Cocos","Local_Government_Act_1995","Technical_and_further_education","University_of_Western_Australia","Curtin_University","Murdoch_University","Edith_Cowan_University","University_of_Notre_Dame_Australia","Western_Australian_Papers","News_Corporation","Australian_Broadcasting_Corporation","Special_Broadcasting_Service","Seven_Network","Nine_Network","Network_Ten","West_TV","Access_31","ABC2","ABC3","ABC_News_24","SBS_Two","SBS_HD","7mate","7Two","GEM_(Australian_TV_channel)","Go!_(Australian_TV_channel)","Eleven_(TV_channel)","One_HD","Bunbury,_Western_Australia","Golden_West_Network","WIN_Television_WA","Ten_West","NEW-10","Foxtel","Galaxy_(Australian_TV)","ABC_NewsRadio","6PB","720_ABC_Perth","6WF","ABC_Radio_National","6RN","ABC_Classic_FM","6ABC","Triple_J","6JJJ","6PPM","6PER","6MIX","6NOW","6PR","6IX","Community_radio","RTRFM","Margaret_River_(wine_region)","Great_Southern_Wine_Region","Swan_Valley_(Western_Australia)","Blackwood_Valley","Manjimup,_Western_Australia","Pemberton,_Western_Australia","Peel_(Western_Australia)","Perth_Hills","Geographe_Bay","West_Coast_Eagles","Fremantle_Dockers","Australian_Football_League","West_Australian_Football_League","Australian_rules_football_in_Western_Australia","Perth_Heat","Australian_Baseball_League","Perth_Wildcats","West_Coast_Waves","National_Basketball_League_(Australasia)","Women's_National_Basketball_League","Western_Australia_cricket_team","Perth_Scorchers","Twenty20","Big_Bash_League","WA_Thundersticks","Australian_Hockey_League","West_Coast_Fever","ANZ_Championship","WA_Reds","S._G._Ball_Cup","Western_Force","Super_Rugby","Perth_Glory","Perth_Glory_FC","Perth_Glory_FC_W-League","A-League","W-League","Hopman_Cup","Tom_Hoad_Cup","Perth_Cup","Red_Bull_Air_Race","Gravity_Games","1962_British_Empire_and_Commonwealth_Games","Western_Australian_Academy_of_Performing_Arts","Adam_Brand","Karnivool","Birds_of_Tokyo","Bon_Scott","Eskimo_Joe","Johnny_Young","Gyroscope_(band)","John_Butler_Trio","Tame_Impala","Kevin_Mitchell_(musician)","The_Kill_Devil_Hills","Pendulum_(band)","The_Pigram_Brothers","Rolf_Harris","The_Triffids","West_Australian_Music_Industry_Awards","Heath_Ledger","Sam_Worthington","Ernie_Dingo","Jessica_Marais","Megan_Gale","Rove_McManus","Isla_Fisher","Melissa_George","Jack_Dale_Mengenen","Paddy_Bedford","Queenie_McKenzie","Rover_Thomas","West_Australian_Symphony_Orchestra","Perth_Concert_Hall,_Western_Australia","His_Majesty's_Theatre,_Western_Australia","Perth_Entertainment_Centre","Crown_Perth","Perth_Arena","Australia","Outline_of_Australia","Index_of_Australia-related_articles","Bibliography_of_Australia","Government_of_Western_Australia","Petroleum_in_Western_Australia","Mining_in_Western_Australia","List_of_Western_Australian_towns","List_of_highways_in_Western_Australia","List_of_statues_in_Western_Australia","Local_Government_Areas_of_Western_Australia","The_West_Australian","West_Australian_Football_League","Westralia_(disambiguation)","Perth_Airport","Australia_and_the_Southern_Ocean","Southern_Ocean","International_Hydrographic_Organization","Tourism_Western_Australia","National_Film_and_Sound_Archive","National_Film_and_Sound_Archive"]}