{"cursor":"9662","size":15,"audio":[],"currentlang":"en","article":"\n\nA 'mechanical system' manages power to accomplish a task that involves forces\nand movement. Mechanical is derived from the Latin word machina, The American Heritage Dictionary, Second College Edition. Houghton\nMifflin Co., 1985. which in turn derives from the Doric Greek Î¼Î±ÏÎ±Î½Î¬\n(machana), Ionic Greek Î¼Î·ÏÎ±Î½Î® (mechane) \"contrivance, machine, engine\" [htt-\np://www.perseus.tufts.edu/hopper/text?doc=Perseus%3Atext%3A1999.04.0057%3Aentry-\n%3Dmhxanh%2F \"Î¼Î·ÏÎ±Î½Î®\"], Henry George Liddell, Robert Scott, A Greek-English\nLexicon, on Perseus project and that from Î¼á¿ÏÎ¿Ï (mechos), \"means,\nexpedient, remedy\". [http://www.perseus.tufts.edu/hopper/text?doc=Perseus%3-\nAtext%3A1999.04.0057%3Aentry%3Dmh%3Dxos \"Î¼á¿ÏÎ¿Ï\"], Henry George Liddell, Robert\nScott, A Greek-English Lexicon, on Perseus project\n\nThe Oxford English Dictionary Oxford English Dictionary defines the\nadjective mechanical as skilled in the practical application of an art or\nscience, of the nature of a machine or machines, and relating to or caused by\nmovement, physical forces, properties or agents such as is dealt with by\nMechanics. Similarly Merriam-Webster Dictionary Merriam-Webster Dictionary\n[http://www.merriam-webster.com/dictionary/mechanical Definition of\nmechanical] defines \"mechanical\" as relating to machinery or tools.\n\nA mechanical system consists of (i) a power source and actuators that generate\nforces and movement, (ii) a system of mechanisms that shape the actuator input\nto achieve a specific application of output forces and movement, and (iii) a\ncontroller with sensors that compares the output to a performance goal and then\ndirects the actuator input. This can be seen in Watt's steam engine (see the\nillustration) in which the power is provided by steam expanding to drive the\npiston. The walking beam, coupler and crank transform the linear movement of\nthe piston into rotation of the output pulley. Finally, the pulley rotation\ndrives the flyball governor which controls the valve for the steam input to the\npiston cylinder.\n\nPower flow through a mechanical system provides a way to understand the\nperformance of devices ranging from levers and gear trains to automobiles and\nrobotic systems.\n","linknr":245,"url":"Mechanical_system","recorded":1363354040,"links":["/w/index.php?title=Mechanical_system&action=edit","/w/index.php?title=Mechanical_system&action=edit","//en.wikipedia.org/apple-touch-icon.png","//bits.wikimedia.org/favicon/wikipedia.ico","/w/opensearch_desc.php","//en.wikipedia.org/w/api.php?action=rsd","//creativecommons.org/licenses/by-sa/3.0/","/w/index.php?title=Special:RecentChanges&feed=atom","//bits.wikimedia.org/en.wikipedia.org/load.php?debug=false&lang=en&modules=ext.gadget.DRN-wizard%2CReferenceTooltips%2Ccharinsert%2Cteahouse%7Cext.wikihiero%7Cmediawiki.legacy.commonPrint%2Cshared%7Cmw.PopUpMediaTransform%7Cskins.vector&only=styles&skin=vector&*","//bits.wikimedia.org/en.wikipedia.org/load.php?debug=false&lang=en&modules=site&only=styles&skin=vector&*","//bits.wikimedia.org/en.wikipedia.org/load.php?debug=false&lang=en&modules=startup&only=scripts&skin=vector&*","//bits.wikimedia.org/geoiplookup","//meta.wikimedia.org","#mw-head","#p-search","/wiki/Machine_(disambiguation)","/wiki/File:SteamEngine_Boulton%26Watt_1784.png","//upload.wikimedia.org/wikipedia/commons/thumb/f/f2/SteamEngine_Boulton%26Watt_1784.png/300px-SteamEngine_Boulton%26Watt_1784.png","/wiki/File:SteamEngine_Boulton%26Watt_1784.png","//bits.wikimedia.org/static-1.21wmf8/skins/common/images/magnify-clip.png","/wiki/Power_(physics)","/wiki/Latin","#cite_note-AHD-1","/wiki/Doric_Greek","/wiki/Ionic_Greek","#cite_note-2","#cite_note-3","#cite_note-4","/wiki/Mechanics","#cite_note-5","/wiki/Machine_(mechanical)","#Power_sources","#Mechanisms","#Controllers","#See_also","#References","#Further_reading","/w/index.php?title=Mechanical_system&action=edit&section=1","/wiki/Waterwheel","/wiki/Watermill","/wiki/Water_turbine","/wiki/Hoover_dam","/wiki/Electric_generator","/wiki/Wind_mill","/wiki/Wind_turbine","/wiki/Motor","http://www.merriam-webster.com/dictionary/engine","/wiki/Steam_engine","/wiki/Aeolipile","/wiki/External_combustion_engine","/wiki/Automobile","/wiki/Internal_combustion_engine","/wiki/Exothermic","/wiki/Piston","/wiki/Jet_engine","/wiki/Aircraft","#cite_note-6","/wiki/Boiler","/wiki/Steam_turbine","/wiki/Electric_generator","/wiki/Nuclear_power_plant","/wiki/Nuclear_reactor","/wiki/Electric_power","/wiki/Electrical_grid","/wiki/Electric_motor","/wiki/Alternating_current","/wiki/Direct_current","/wiki/Servomechanism","/wiki/Robotics","/wiki/Fly-by-wire","/wiki/Hydraulic_cylinder","/wiki/Pneumatic_cylinder","/wiki/Pump","/wiki/Linear_actuator","/w/index.php?title=Mechanical_system&action=edit&section=2","/wiki/Machine_element","/wiki/Fastener","/wiki/Industrial_design","/wiki/Mechanism_(engineering)","#cite_note-7","#cite_note-8","/wiki/Gear","/wiki/Gear_train","/wiki/Belt_drive","/wiki/Chain_drive","/wiki/Cam","/wiki/Cam_follower","/wiki/Linkage","/wiki/Geneva_drive","/wiki/Escapement","/wiki/Brake","/wiki/Clutch","/wiki/Chebychev-Gr%C3%BCbler-Kutzbach_criterion","/w/index.php?title=Mechanical_system&action=edit&section=3","/wiki/Sensor","/wiki/Logic","/wiki/Actuator","/wiki/Centrifugal_governor","/wiki/Thermostat","/wiki/Cruise_control","/wiki/Programmable_logic_controller","/wiki/Servomotor","/wiki/Robot","/w/index.php?title=Mechanical_system&action=edit&section=4","/wiki/History_of_technology","/wiki/Machine_(mechanical)","/wiki/Linkage_(mechanical)","/wiki/Mechanism_(engineering)","/w/index.php?title=Mechanical_system&action=edit&section=5","#cite_ref-AHD_1-0","#cite_ref-2","http://www.perseus.tufts.edu/hopper/text?doc=Perseus%3Atext%3A1999.04.0057%3Aentry%3Dmhxanh%2F","#cite_ref-3","http://www.perseus.tufts.edu/hopper/text?doc=Perseus%3Atext%3A1999.04.0057%3Aentry%3Dmh%3Dxos","#cite_ref-4","#cite_ref-5","http://www.merriam-webster.com/dictionary/mechanical","#cite_ref-6","#cite_ref-7","#cite_ref-8","/w/index.php?title=Mechanical_system&action=edit&section=6","/wiki/Machinery%27s_Handbook","/wiki/International_Standard_Book_Number","/wiki/Special:BookSources/0-8311-2635-3","http://en.wikipedia.org/w/index.php?title=Mechanical_system&oldid=536506321","/wiki/Help:Categories","/wiki/Category:Mechanical_engineering","/wiki/Category:Machines","/w/index.php?title=Special:UserLogin&returnto=Mechanical+system&type=signup","/w/index.php?title=Special:UserLogin&returnto=Mechanical+system","/wiki/Mechanical_system","/wiki/Talk:Mechanical_system","#","/wiki/Mechanical_system","/w/index.php?title=Mechanical_system&action=edit","/w/index.php?title=Mechanical_system&action=history","#","/w/index.php","//bits.wikimedia.org/static-1.21wmf10/skins/vector/images/search-ltr.png?303-4","/wiki/Main_Page","/wiki/Main_Page","/wiki/Portal:Contents","/wiki/Portal:Featured_content","/wiki/Portal:Current_events","/wiki/Special:Random","//donate.wikimedia.org/wiki/Special:FundraiserRedirector?utm_source=donate&utm_medium=sidebar&utm_campaign=C13_en.wikipedia.org&uselang=en","/wiki/Help:Contents","/wiki/Wikipedia:About","/wiki/Wikipedia:Community_portal","/wiki/Special:RecentChanges","/wiki/Wikipedia:Contact_us","/wiki/Special:WhatLinksHere/Mechanical_system","/wiki/Special:RecentChangesLinked/Mechanical_system","/wiki/Wikipedia:File_Upload_Wizard","/wiki/Special:SpecialPages","/w/index.php?title=Mechanical_system&oldid=536506321","/w/index.php?title=Mechanical_system&action=info","/w/index.php?title=Special:Cite&page=Mechanical_system&id=536506321","/w/index.php?title=Special:Book&bookcmd=book_creator&referer=Mechanical+system","/w/index.php?title=Special:Book&bookcmd=render_article&arttitle=Mechanical+system&oldid=536506321&writer=rl","/w/index.php?title=Mechanical_system&printable=yes","//af.wikipedia.org/wiki/Masjien","//ar.wikipedia.org/wiki/%D8%A2%D9%84%D8%A9","//an.wikipedia.org/wiki/Maquina","//ast.wikipedia.org/wiki/Maquinaria","//az.wikipedia.org/wiki/Ma%C5%9F%C4%B1n","//be.wikipedia.org/wiki/%D0%9C%D0%B0%D1%88%D1%8B%D0%BD%D0%B0","//be-x-old.wikipedia.org/wiki/%D0%9C%D0%B0%D1%88%D1%8B%D0%BD%D0%B0","//bg.wikipedia.org/wiki/%D0%9C%D0%B0%D1%88%D0%B8%D0%BD%D0%B0","//bo.wikipedia.org/wiki/%E0%BD%A0%E0%BD%95%E0%BE%B2%E0%BD%B4%E0%BD%A3%E0%BC%8B%E0%BD%A0%E0%BD%81%E0%BD%BC%E0%BD%A2%E0%BC%8D","//ca.wikipedia.org/wiki/M%C3%A0quina","//ceb.wikipedia.org/wiki/Makina","//cs.wikipedia.org/wiki/Stroj","//da.wikipedia.org/wiki/Maskine","//de.wikipedia.org/wiki/Maschine","//et.wikipedia.org/wiki/Masin","//el.wikipedia.org/wiki/%CE%9C%CE%B7%CF%87%CE%B1%CE%BD%CE%AE","//es.wikipedia.org/wiki/M%C3%A1quina","//eo.wikipedia.org/wiki/Ma%C5%9Dino","//fa.wikipedia.org/wiki/%D9%85%D8%A7%D8%B4%DB%8C%D9%86","//fr.wikipedia.org/wiki/Machine","//ga.wikipedia.org/wiki/Meais%C3%ADn","//gv.wikipedia.org/wiki/Jeshaght","//gl.wikipedia.org/wiki/M%C3%A1quina","//ko.wikipedia.org/wiki/%EA%B8%B0%EA%B3%84","//hy.wikipedia.org/wiki/%D5%84%D5%A5%D6%84%D5%A5%D5%B6%D5%A1","//hi.wikipedia.org/wiki/%E0%A4%AF%E0%A4%82%E0%A4%A4%E0%A5%8D%E0%A4%B0","//hr.wikipedia.org/wiki/Strojevi","//io.wikipedia.org/wiki/Mashino","//id.wikipedia.org/wiki/Mesin","//is.wikipedia.org/wiki/V%C3%A9l","//it.wikipedia.org/wiki/Macchina","//he.wikipedia.org/wiki/%D7%9E%D7%9B%D7%95%D7%A0%D7%94","//ka.wikipedia.org/wiki/%E1%83%9B%E1%83%90%E1%83%9C%E1%83%A5%E1%83%90%E1%83%9C%E1%83%90","//lo.wikipedia.org/wiki/%E0%BA%81%E0%BA%BB%E0%BA%99%E0%BA%88%E0%BA%B1%E0%BA%81","//la.wikipedia.org/wiki/Machina","//lv.wikipedia.org/wiki/Ma%C5%A1%C4%ABna","//hu.wikipedia.org/wiki/G%C3%A9p","//ml.wikipedia.org/wiki/%E0%B4%AF%E0%B4%A8%E0%B5%8D%E0%B4%A4%E0%B5%8D%E0%B4%B0%E0%B4%82","//mr.wikipedia.org/wiki/%E0%A4%AF%E0%A4%82%E0%A4%A4%E0%A5%8D%E0%A4%B0","//ms.wikipedia.org/wiki/Mesin","//nl.wikipedia.org/wiki/Machine","//ja.wikipedia.org/wiki/%E6%A9%9F%E6%A2%B0","//no.wikipedia.org/wiki/Maskin","//nn.wikipedia.org/wiki/Maskin","//pnb.wikipedia.org/wiki/%D9%85%D8%B4%DB%8C%D9%86","//pl.wikipedia.org/wiki/Maszyna","//pt.wikipedia.org/wiki/M%C3%A1quina","//ru.wikipedia.org/wiki/%D0%9C%D0%B0%D1%88%D0%B8%D0%BD%D0%B0","//simple.wikipedia.org/wiki/Machine","//sk.wikipedia.org/wiki/Stroj","//sl.wikipedia.org/wiki/Stroj","//so.wikipedia.org/wiki/Makiinad","//sr.wikipedia.org/wiki/%D0%9C%D0%B0%D1%88%D0%B8%D0%BD%D0%B0","//sh.wikipedia.org/wiki/Ma%C5%A1ina","//fi.wikipedia.org/wiki/Kone","//sv.wikipedia.org/wiki/Maskin","//tl.wikipedia.org/wiki/Makina","//ta.wikipedia.org/wiki/%E0%AE%87%E0%AE%AF%E0%AE%A8%E0%AF%8D%E0%AE%A4%E0%AE%BF%E0%AE%B0%E0%AE%AE%E0%AF%8D","//te.wikipedia.org/wiki/%E0%B0%AF%E0%B0%82%E0%B0%A4%E0%B1%8D%E0%B0%B0%E0%B0%AE%E0%B1%81","//tg.wikipedia.org/wiki/%D0%9C%D0%BE%D1%88%D0%B8%D0%BD%D0%B0","//tr.wikipedia.org/wiki/Makine","//uk.wikipedia.org/wiki/%D0%9C%D0%B0%D1%88%D0%B8%D0%BD%D0%B0","//ur.wikipedia.org/wiki/%D8%A2%D9%84%DB%81","//ug.wikipedia.org/wiki/%D9%85%D8%A7%D8%B4%D9%89%D9%86%D9%89%D8%B3%D8%A7%D8%B2%D9%84%D9%89%D9%82","//vi.wikipedia.org/wiki/M%C3%A1y_m%C3%B3c","//war.wikipedia.org/wiki/Makin%C3%A1","//wo.wikipedia.org/wiki/Wuutuloxo","//zh-yue.wikipedia.org/wiki/%E6%A9%9F","//zh.wikipedia.org/wiki/%E6%9C%BA%E6%A2%B0","//en.wikipedia.org/wiki/Wikipedia:Text_of_Creative_Commons_Attribution-ShareAlike_3.0_Unported_License","//creativecommons.org/licenses/by-sa/3.0/","//wikimediafoundation.org/wiki/Terms_of_Use","//www.wikimediafoundation.org/","//en.wikipedia.org/wiki/Wikipedia:Contact_us","//wikimediafoundation.org/wiki/Privacy_policy","/wiki/Wikipedia:About","/wiki/Wikipedia:General_disclaimer","http://en.m.wikipedia.org/wiki/Mechanical_system","//wikimediafoundation.org/","//bits.wikimedia.org/images/wikimedia-button.png","//www.mediawiki.org/","//bits.wikimedia.org/static-1.21wmf10/skins/common/images/poweredby_mediawiki_88x31.png","//bits.wikimedia.org/en.wikipedia.org/load.php?debug=false&lang=en&modules=skins.vector&only=scripts&skin=vector&*","/w/index.php?title=MediaWiki:Gadget-ReferenceTooltips.js&action=raw&ctype=text/javascript&508635914","//bits.wikimedia.org/en.wikipedia.org/load.php?debug=false&lang=en&modules=site&only=scripts&skin=vector&*"],"instances":["engineering","mechanical","physics","mechanical"],"pdf":[],"categories":["Mechanical engineering","Machines|"],"headings":["Power sources","Mechanisms","Controllers","See also","References","Further reading"],"image":["//upload.wikimedia.org/wikipedia/commons/thumb/f/f2/SteamEngine_Boulton%26Watt_1784.png/300px-SteamEngine_Boulton%26Watt_1784.png","//bits.wikimedia.org/static-1.21wmf8/skins/common/images/magnify-clip.png","//bits.wikimedia.org/static-1.21wmf10/skins/vector/images/search-ltr.png?303-4","//bits.wikimedia.org/images/wikimedia-button.png","//bits.wikimedia.org/static-1.21wmf10/skins/common/images/poweredby_mediawiki_88x31.png"],"tags":[["power","physics"],["machine","mechanical"],["mechanism","engineering"],["machine","mechanical"],["linkage","mechanical"],["mechanism","engineering"]],"members":["mechanism","linkage","power","machine"],"related":["Power_(physics)","Latin","Doric_Greek","Ionic_Greek","Mechanics","Machine_(mechanical)","Waterwheel","Watermill","Water_turbine","Hoover_dam","Electric_generator","Wind_mill","Wind_turbine","Motor","Steam_engine","Aeolipile","External_combustion_engine","Automobile","Internal_combustion_engine","Exothermic","Piston","Jet_engine","Aircraft","Boiler","Steam_turbine","Electric_generator","Nuclear_power_plant","Nuclear_reactor","Electric_power","Electrical_grid","Electric_motor","Alternating_current","Direct_current","Servomechanism","Robotics","Fly-by-wire","Hydraulic_cylinder","Pneumatic_cylinder","Pump","Linear_actuator","Fastener","Industrial_design","Mechanism_(engineering)","Gear","Gear_train","Belt_drive","Chain_drive","Cam","Cam_follower","Linkage","Geneva_drive","Escapement","Brake","Clutch","Chebychev-Grübler-Kutzbach_criterion","Sensor","Logic","Actuator","Centrifugal_governor","Thermostat","Cruise_control","Programmable_logic_controller","Servomotor","Robot","History_of_technology","Machine_(mechanical)","Linkage_(mechanical)","Mechanism_(engineering)"]}