{"cursor":"63861","size":15,"audio":["//upload.wikimedia.org/wikipedia/commons/c/c9/En-Compact_Cassette.ogg"],"currentlang":"en","article":"{{Infobox storage medium\n| name = Compact Cassette logo = image = caption = A TDK D-C60 cassette, a\n| common speech-quality tape with a 60-minute playing time, in a housing similar\n| to that of the original Philips' Compact Cassette specification type =\n| Magnetic tape encoding = Analog signal capacity = Typically 30 or 45 minutes\n| of audio per side (C60 and C90 formats respectively); less common capacities\n| included C15, C20, C30, C120 and C180. read = Tape head write = Magnetic\n| recording head standard = owner = use = Audio and data storage\n}} The 'Compact Cassette' or 'Musicassette' ('MC'), also commonly called\n'cassette tape', 'audio cassette', or simply 'tape', is a magnetic tape\nrecording format for audio recording and playback. Compact cassettes come in two\nforms, either already containing content as a pre-recorded cassette, or as fully\nrecordable \"blank\" cassette. It was designed originally for dictation machines,\nbut improvements in fidelity led the Compact Cassette to supplant the Stereo 8-\ntrack cartridge and reel-to-reel tape recording in most non-professional\napplications. Its uses ranged from portable audio to home\nrecording to data storage for early microcomputers. Between the early 1970s and\nthe late 1990s, the cassette was one of the two most common formats for\nprerecorded music, first alongside the LP record and later the Compact Disc.\n\nCompact Cassettes consist of two miniature spools, between which a magnetically\ncoated plastic tape is passed and wound. These spools and their attendant parts\nare held inside a protective plastic shell. Two stereo pairs of tracks (four\ntotal) or two monaural analog audio tracks are available on the tape; one stereo\npair or one monophonic track is played or recorded when the tape is moving in\none direction and the second pair when moving in the other direction. This\nreversal is achieved either by manually flipping the cassette or by having the\nmachine itself change the direction of tape movement (\"auto-reverse\").\n","linknr":784,"url":"Compact_cassette_","recorded":1364123947,"links":["/w/index.php?title=Compact_Cassette&action=edit","/w/index.php?title=Compact_Cassette&action=edit","//en.wikipedia.org/apple-touch-icon.png","//bits.wikimedia.org/favicon/wikipedia.ico","/w/opensearch_desc.php","//en.wikipedia.org/w/api.php?action=rsd","//creativecommons.org/licenses/by-sa/3.0/","/w/index.php?title=Special:RecentChanges&feed=atom","/wiki/Compact_Cassette","//bits.wikimedia.org/en.wikipedia.org/load.php?debug=false&lang=en&modules=ext.gadget.DRN-wizard%2CReferenceTooltips%2Ccharinsert%2Cteahouse%7Cext.wikihiero%7Cmediawiki.legacy.commonPrint%2Cshared%7Cmw.PopUpMediaTransform%7Cskins.vector&only=styles&skin=vector&*","//bits.wikimedia.org/en.wikipedia.org/load.php?debug=false&lang=en&modules=site&only=styles&skin=vector&*","//bits.wikimedia.org/en.wikipedia.org/load.php?debug=false&lang=en&modules=startup&only=scripts&skin=vector&*","//bits.wikimedia.org/geoiplookup","//meta.wikimedia.org","/w/index.php?title=Compact_cassette&redirect=no","#mw-head","#p-search","/wiki/File:Compact_Cassette_Logo.svg","//upload.wikimedia.org/wikipedia/en/thumb/4/40/Compact_Cassette_Logo.svg/170px-Compact_Cassette_Logo.svg.png","/wiki/File:Tdkc60cassette.jpg","//upload.wikimedia.org/wikipedia/commons/thumb/f/f1/Tdkc60cassette.jpg/250px-Tdkc60cassette.jpg","/wiki/Magnetic_tape","/wiki/Content_format","/wiki/Analog_signal","/wiki/Tape_head","/wiki/Magnetic","/wiki/Recording_head","/wiki/Magnetic_tape","/wiki/Sound_recording_and_reproduction","/wiki/Dictation_machine","/wiki/High_fidelity","/wiki/8-track_tape","/wiki/Reel-to-reel_audio_tape_recording","#cite_note-Camras-1","/wiki/Microcomputer","/wiki/LP_record","/wiki/Compact_Disc","#cite_note-Daniel-2","/wiki/Stereophonic_sound","/wiki/Monaural","/wiki/Analog_audio","#cite_note-IEC-3","#History","#Introduction_of_music_cassettes","#Decline","#Features","#Cassette_types","#Tape_length","#Write-protection","#Tape_leaders","#Endless_loop_cassette","#Flaws","#Cassette_players_and_recorders","#Applications","#Audio","#Broadcasting","#Home_studio","#Home_dubbing","#Institutional_duplication","#Data_recording","#Successors","#See_also","#References","#External_links","/w/index.php?title=Compact_Cassette&action=edit&section=1","/wiki/File:CassetteTypes1.jpg","//upload.wikimedia.org/wikipedia/commons/thumb/7/72/CassetteTypes1.jpg/220px-CassetteTypes1.jpg","/wiki/File:CassetteTypes1.jpg","//bits.wikimedia.org/static-1.21wmf11/skins/common/images/magnify-clip.png","/wiki/File:Philips_EL3302.jpg","//upload.wikimedia.org/wikipedia/commons/thumb/a/a9/Philips_EL3302.jpg/220px-Philips_EL3302.jpg","/wiki/File:Philips_EL3302.jpg","//bits.wikimedia.org/static-1.21wmf11/skins/common/images/magnify-clip.png","/wiki/AEG","/wiki/Reel-to-reel_tape_recorder","/wiki/Magnetophon","/wiki/Magnetic_tape","/wiki/Fritz_Pfleumer","/wiki/BASF","/wiki/Radio_station","/wiki/Recording_studio","/wiki/Deutsche_Mark","/wiki/Euro","#cite_note-Vorlage-Inflation-4","/wiki/Vacuum_tube","/wiki/RCA_tape_cartridge","#cite_note-5","#cite_note-6","/wiki/Philips","/wiki/Sound_recording_and_reproduction","/wiki/Internationale_Funkausstellung_Berlin","#cite_note-Daniel-2","#cite_note-7","#cite_note-8","#cite_note-9","#cite_note-bb8467-10","#cite_note-11","/wiki/Norelco","/wiki/Trademark","/wiki/Sony","/wiki/License","/wiki/Norelco","#cite_note-12","/wiki/8-track_tape","#cite_note-Daniel-2","/wiki/Sound_recording_and_reproduction","/wiki/Gramophone_record","#cite_note-Daniel-2","/w/index.php?title=Compact_Cassette&action=edit&section=2","/wiki/Hanover","#cite_note-13","/wiki/Henry_Kloss","/wiki/Dolby_noise_reduction_system","/wiki/Chromium(IV)_oxide","/wiki/High_fidelity","#cite_note-Camras-1","/wiki/Walkman","#cite_note-14","/wiki/File:WalkmanTPS-L2.jpg","//upload.wikimedia.org/wikipedia/commons/thumb/9/98/WalkmanTPS-L2.jpg/120px-WalkmanTPS-L2.jpg","/wiki/File:WalkmanTPS-L2.jpg","//bits.wikimedia.org/static-1.21wmf11/skins/common/images/magnify-clip.png","/wiki/Sony_Walkman","/wiki/Transistor_radio","/wiki/Portable_CD_player","/wiki/Digital_audio_player","/wiki/Gramophone_record","#cite_note-Daniel-2","#cite_note-Walkman-15","/wiki/Gramophone_record","/wiki/Cassette_single","#cite_note-Walkman-15","/wiki/Iron_Curtain","#cite_note-16","/wiki/Ruhollah_Khomeini","/wiki/Iran","/wiki/Iranian_Revolution","/wiki/Shah","/wiki/Mohammad_Reza_Pahlavi","/wiki/Wikipedia:Citation_needed","/wiki/Indian_music","#cite_note-Manuel-17","/wiki/Developing_country","#cite_note-BBCthirdworld-18","/wiki/Oxford_English_Dictionary","#cite_note-19","/w/index.php?title=Compact_Cassette&action=edit&section=3","/wiki/Western_Europe","/wiki/Compact_Disc","#cite_note-20","#cite_note-BBCthirdworld-18","#cite_note-21","#cite_note-pitchfork.com-22","//en.wikipedia.org/w/index.php?title=Compact_Cassette&action=edit","#cite_note-Stoll-23","/wiki/Car_audio","/wiki/Electronic_skip_protection","/wiki/USB_flash_drive","/wiki/Microcassette","/wiki/Audiobook","#cite_note-Stoll-23","/wiki/Audio_recorder#Digital_recording","/wiki/Indie_rock","/wiki/Dirty_Projectors","/wiki/Deerhunter","#cite_note-pitchfork.com-22","/wiki/Thurston_Moore","/wiki/Sonic_Youth","#cite_note-pitchfork.com-22","/wiki/Developed_country","/wiki/Dansband","/wiki/Lasse_Stefanz","/w/index.php?title=Torgny_Melins&action=edit&redlink=1","#cite_note-24","#cite_note-25","#cite_note-26","#cite_note-27","#cite_note-28","#cite_note-29","/wiki/DIY_punk_ethic","/wiki/Experimental_music","/wiki/Hardcore_punk","/wiki/Death_metal","/wiki/Black_metal","/w/index.php?title=Compact_Cassette&action=edit&section=4","/wiki/File:Visualisierung_der_magnetisch_gespeicherten_Informationen_auf_einer_Stereo-Audiokassette_(Aufgenommen_mit_CMOS-MagView)..jpg","//upload.wikimedia.org/wikipedia/commons/thumb/9/9a/Visualisierung_der_magnetisch_gespeicherten_Informationen_auf_einer_Stereo-Audiokassette_%28Aufgenommen_mit_CMOS-MagView%29..jpg/220px-Visualisierung_der_magnetisch_gespeicherten_Informationen_auf_einer_Stereo-Audiokassette_%28Aufgenommen_mit_CMOS-MagView%29..jpg","/wiki/File:Visualisierung_der_magnetisch_gespeicherten_Informationen_auf_einer_Stereo-Audiokassette_(Aufgenommen_mit_CMOS-MagView)..jpg","//bits.wikimedia.org/static-1.21wmf11/skins/common/images/magnify-clip.png","/wiki/Reel-to-reel_audio_tape_recording","/wiki/Guard_band","#cite_note-30","/w/index.php?title=Compact_Cassette&action=edit&section=5","/wiki/File:Cassette_Write_Protect_IV.jpg","//upload.wikimedia.org/wikipedia/commons/thumb/0/05/Cassette_Write_Protect_IV.jpg/220px-Cassette_Write_Protect_IV.jpg","/wiki/File:Cassette_Write_Protect_IV.jpg","//bits.wikimedia.org/static-1.21wmf11/skins/common/images/magnify-clip.png","/wiki/Polyester","/wiki/Ferric_oxide","/wiki/3M_Company","#cite_note-VTH-31","/wiki/Frequency_response","/wiki/Chromium_dioxide","/wiki/BASF","#cite_note-Abelshauser-32","/wiki/Magnetite","/wiki/TDK_Corporation","/wiki/Vinyl_record","/wiki/Cobalt","#cite_note-Daniel-2","/wiki/Tape_bias","/wiki/Equalization","/wiki/International_Electrotechnical_Commission","/wiki/%CE%9Cs","/wiki/Sony","/wiki/Write_protection","/wiki/Cassette_deck","/w/index.php?title=Compact_Cassette&action=edit&section=6","/wiki/%CE%9Cm","/wiki/Print-through","#cite_note-33","/wiki/Home_computer","/wiki/Answering_machine","/wiki/Portastudio","#cite_note-34","/wiki/File:Memorex_Compact_Cassette_opened.jpg","//upload.wikimedia.org/wikipedia/commons/thumb/c/c8/Memorex_Compact_Cassette_opened.jpg/220px-Memorex_Compact_Cassette_opened.jpg","/wiki/File:Memorex_Compact_Cassette_opened.jpg","//bits.wikimedia.org/static-1.21wmf11/skins/common/images/magnify-clip.png","/w/index.php?title=Compact_Cassette&action=edit&section=7","/wiki/Write_protection","/wiki/Adhesive_tape","/wiki/Tape_bias","/w/index.php?title=Compact_Cassette&action=edit&section=8","#cite_note-35","#cite_note-36","/w/index.php?title=Compact_Cassette&action=edit&section=9","//en.wikipedia.org/wiki/Fidelipac","#cite_note-37","/w/index.php?title=Compact_Cassette&action=edit&section=10","/w/index.php?title=Compact_Cassette&action=edit&section=11","#cite_note-bb8467-10","#cite_note-38","/wiki/Dynamic_microphone","/wiki/Cassette_deck","/wiki/File:RadioShack-ctr-119.jpg","//upload.wikimedia.org/wikipedia/commons/thumb/2/29/RadioShack-ctr-119.jpg/220px-RadioShack-ctr-119.jpg","/wiki/File:RadioShack-ctr-119.jpg","//bits.wikimedia.org/static-1.21wmf11/skins/common/images/magnify-clip.png","/wiki/RadioShack","/wiki/VU_meter","/wiki/File:Nakamichi_RX_505_Front_edited.jpg","//upload.wikimedia.org/wikipedia/commons/thumb/4/44/Nakamichi_RX_505_Front_edited.jpg/220px-Nakamichi_RX_505_Front_edited.jpg","/wiki/File:Nakamichi_RX_505_Front_edited.jpg","//bits.wikimedia.org/static-1.21wmf11/skins/common/images/magnify-clip.png","/wiki/Nakamichi","/wiki/Pioneer_Corporation","/wiki/Wikipedia:Please_clarify","/wiki/LED","/wiki/Vacuum_fluorescent_display","/wiki/Nakamichi","/wiki/Wow_(recording)","#cite_note-39","#cite_note-40","/wiki/Capstan_(tape_recorder)#Capstan","/wiki/Tandberg","/wiki/Revox","/wiki/Studer","/wiki/Dynamic_range","/wiki/Wikipedia:Citation_needed","#cite_note-41","#cite_note-42","/wiki/Bang_%26_Olufsen","/wiki/Dolby_noise_reduction_system#Dolby_HX","/wiki/Technics_(brand)","/wiki/Wikipedia:Citation_needed","/wiki/Aiwa","/wiki/Personal_stereo","/wiki/Wikipedia:Citation_needed","/wiki/File:Ghettoblaster-family.jpg","//upload.wikimedia.org/wikipedia/commons/thumb/0/04/Ghettoblaster-family.jpg/220px-Ghettoblaster-family.jpg","/wiki/File:Ghettoblaster-family.jpg","//bits.wikimedia.org/static-1.21wmf11/skins/common/images/magnify-clip.png","/wiki/Boomboxes","/wiki/Boom_box","/wiki/ISO_7736","/wiki/8-track_cartridge","#cite_note-nyt20120718-43","/wiki/File:CassetteHeadCleaner.jpg","//upload.wikimedia.org/wikipedia/commons/thumb/f/f1/CassetteHeadCleaner.jpg/220px-CassetteHeadCleaner.jpg","/wiki/File:CassetteHeadCleaner.jpg","//bits.wikimedia.org/static-1.21wmf11/skins/common/images/magnify-clip.png","/wiki/Isopropyl_alcohol","/wiki/Recording_head","/wiki/Degauss","#cite_note-44","/w/index.php?title=Compact_Cassette&action=edit&section=12","/w/index.php?title=Compact_Cassette&action=edit&section=13","/wiki/File:Panasonic-Anrufbeantworter.jpg","//upload.wikimedia.org/wikipedia/commons/thumb/2/2a/Panasonic-Anrufbeantworter.jpg/150px-Panasonic-Anrufbeantworter.jpg","/wiki/File:Panasonic-Anrufbeantworter.jpg","//bits.wikimedia.org/static-1.21wmf11/skins/common/images/magnify-clip.png","/wiki/Panasonic","/wiki/Answering_machine","/wiki/Dictation_machine","/wiki/Journalism","/wiki/SDR_(audio)","#cite_note-45","/w/index.php?title=Compact_Cassette&action=edit&section=14","/wiki/Marantz","/wiki/XLR_connector","/wiki/Dolby","/wiki/Dbx","/wiki/VU_meter","/wiki/Headphone","/w/index.php?title=Compact_Cassette&action=edit&section=15","/wiki/Tascam","/wiki/Portastudio","/wiki/Overdub","/wiki/Dbx_(noise_reduction)","/wiki/Dolby_Noise_Reduction","/wiki/Compander","/wiki/Dynamic_range","/wiki/Mixing_console","#cite_note-46","/wiki/Bruce_Springsteen","/wiki/Nebraska_(album)","/w/index.php?title=Compact_Cassette&action=edit&section=16","/wiki/File:Dualdeck.jpg","//upload.wikimedia.org/wikipedia/commons/thumb/0/0e/Dualdeck.jpg/220px-Dualdeck.jpg","/wiki/File:Dualdeck.jpg","//bits.wikimedia.org/static-1.21wmf11/skins/common/images/magnify-clip.png","/wiki/Dubbing_(music)","/wiki/Mixtape","/wiki/Home_Taping_Is_Killing_Music","/wiki/Island_Records","/wiki/Bootleg_recording","/wiki/Grateful_Dead","/wiki/Tape_trading","/wiki/Amstrad","/wiki/House_of_Lords","/wiki/Amstrad","#cite_note-47","#cite_note-48","/w/index.php?title=Personics&action=edit&redlink=1","/w/index.php?title=Compact_Cassette&action=edit&section=17","/wiki/Telex_Communications","/wiki/Wollensak","/wiki/Sony","/w/index.php?title=Compact_Cassette&action=edit&section=18","/wiki/File:Commodore-Datassette.jpg","//upload.wikimedia.org/wikipedia/commons/thumb/5/52/Commodore-Datassette.jpg/220px-Commodore-Datassette.jpg","/wiki/File:Commodore-Datassette.jpg","//bits.wikimedia.org/static-1.21wmf11/skins/common/images/magnify-clip.png","/wiki/Datassette","/wiki/Commodore_International","/wiki/File:HomeComputerCassettes.jpg","//upload.wikimedia.org/wikipedia/commons/thumb/2/26/HomeComputerCassettes.jpg/220px-HomeComputerCassettes.jpg","/wiki/File:HomeComputerCassettes.jpg","//bits.wikimedia.org/static-1.21wmf11/skins/common/images/magnify-clip.png","/wiki/Hewlett_Packard","/wiki/HP_9830","/wiki/Kansas_City_standard","/wiki/Home_computer","/wiki/Floppy_disk","/wiki/IBM_PC","/wiki/Read-only_memory","/wiki/IBM_BASIC","/wiki/IBM_cassette_tape","/wiki/Frequency-shift_keying","/wiki/Bits_per_second","/wiki/Kilobyte","/wiki/Commodore_PET","/wiki/TRS-80","/wiki/Apple_II#Apple_II","/wiki/Floppy_disk","/wiki/Hard_drive","/wiki/TRS-80_Model_100_line","/wiki/Commodore_64","/wiki/ZX_Spectrum","/wiki/MSX","/wiki/Amstrad_CPC_464","/wiki/Gamer","#cite_note-independent_rage_against_the_machine-49","#cite_note-50","/wiki/BASICODE","/wiki/Modulation","/wiki/QPSK","/wiki/Modems","/wiki/Bandwidth_(signal_processing)","/wiki/Signal_to_noise_ratio","/wiki/Megabyte","/wiki/Data_logger","/w/index.php?title=Streamer_cassette&action=edit&redlink=1","/w/index.php?title=Compact_Cassette&action=edit&section=19","/wiki/File:Elcaset.jpg","//upload.wikimedia.org/wikipedia/commons/thumb/4/44/Elcaset.jpg/280px-Elcaset.jpg","/wiki/File:Elcaset.jpg","//bits.wikimedia.org/static-1.21wmf11/skins/common/images/magnify-clip.png","/wiki/Elcaset","/wiki/Sound_reproduction","/wiki/Sony","/wiki/Digital_audio_tape","/wiki/MiniDisc","#cite_note-51","/wiki/Digital_Compact_Cassette","#cite_note-52","/wiki/File:CassetteAndMicrocassette.jpg","//upload.wikimedia.org/wikipedia/commons/thumb/4/42/CassetteAndMicrocassette.jpg/220px-CassetteAndMicrocassette.jpg","/wiki/File:CassetteAndMicrocassette.jpg","//bits.wikimedia.org/static-1.21wmf11/skins/common/images/magnify-clip.png","/wiki/Microcassette","/wiki/Answering_machines","#cite_note-53","/wiki/CD-R","/wiki/Flash_memory","/wiki/Digital_audio_players","#cite_note-54","/wiki/Cassette_tape_adaptor","/wiki/Digital_audio_player","#cite_note-55","#cite_note-56","/w/index.php?title=Compact_Cassette&action=edit&section=20","/wiki/Cassette_culture","/wiki/Digital_cassettes","/wiki/Electronic_journalism","/wiki/List_of_audio_formats","/wiki/Magnetic_tape_sound_recording","/wiki/Mini-Cassette","/wiki/Mix_tape","/wiki/Pocket_Rockers","/wiki/PXL-2000","/wiki/VHS","/w/index.php?title=Compact_Cassette&action=edit&section=21","#cite_ref-Camras_1-0","#cite_ref-Camras_1-1","/wiki/International_Standard_Book_Number","/wiki/Special:BookSources/0-442-21774-9","#cite_ref-Daniel_2-0","#cite_ref-Daniel_2-1","#cite_ref-Daniel_2-2","#cite_ref-Daniel_2-3","#cite_ref-Daniel_2-4","#cite_ref-Daniel_2-5","/wiki/International_Standard_Book_Number","/wiki/Special:BookSources/0-7803-4709-9","#cite_ref-IEC_3-0","/wiki/International_standard","/wiki/International_Electrotechnical_Commission","#cite_ref-Vorlage-Inflation_4-0","/wiki/Template:Inflation","#cite_ref-5","http://www.videointerchange.com/audio_history.htm","http://www.videointerchange.com/audio_history.htm","#cite_ref-6","http://blog.dianaschnuth.com/details/audio/cartridge.html","http://blog.dianaschnuth.com/details/audio/cartridge.html","#cite_ref-7","#cite_ref-8","#cite_ref-9","/wiki/International_Standard_Serial_Number","//www.worldcat.org/issn/0006-2510","#cite_ref-bb8467_10-0","#cite_ref-bb8467_10-1","/wiki/International_Standard_Serial_Number","//www.worldcat.org/issn/0006-2510","#cite_ref-11","/wiki/International_Standard_Book_Number","/wiki/Special:BookSources/978-3821866147","#cite_ref-12","#cite_ref-13","/wiki/International_Standard_Serial_Number","//www.worldcat.org/issn/0006-2510","#cite_ref-14","http://www.walkmancentral.com/products/wm-10","#cite_ref-Walkman_15-0","#cite_ref-Walkman_15-1","/wiki/International_Standard_Book_Number","/wiki/Special:BookSources/0-7619-5402-3","#cite_ref-16","/wiki/International_Standard_Book_Number","/wiki/Special:BookSources/0-936756-69-1","#cite_ref-Manuel_17-0","/wiki/International_Standard_Book_Number","/wiki/Special:BookSources/0-226-50401-8","#cite_ref-BBCthirdworld_18-0","#cite_ref-BBCthirdworld_18-1","http://news.bbc.co.uk/1/hi/technology/4099904.stm","#cite_ref-19","http://www.huffingtonpost.com/2011/08/22/cassette-tapes-removal-from-dictionary_n_932107.html","#cite_ref-20","http://www.answers.com/topic/record-and-prerecorded-tape-stores","http://www.answers.com/topic/record-and-prerecorded-tape-stores","#cite_ref-21","http://www.lostsoundtapes.com/files/billboard_magazine.jpg","http://www.lostsoundtapes.com/files/billboard_magazine.jpg","#cite_ref-pitchfork.com_22-0","#cite_ref-pitchfork.com_22-1","#cite_ref-pitchfork.com_22-2","http://pitchfork.com/features/articles/7764-this-is-not-a-mixtape/","http://pitchfork.com/features/articles/7764-this-is-not-a-mixtape/","#cite_ref-Stoll_23-0","#cite_ref-Stoll_23-1","http://www.undeadlinks.com/s.php?link=http%3A%2F%2Fwww.indievoice.com%2Fcontent%2Ffeatures%2Fbandaid%2Fjune2000.htm&l=1","http://www.undeadlinks.com/s.php?link=http%3A%2F%2Fwww.indievoice.com%2Fcontent%2Ffeatures%2Fbandaid%2Fjune2000.htm&l=1","#cite_ref-24","http://www.dansbandsbloggen.se/2006/05/vad-hnder-med-dansbandsutgivningen-nr.html","http://www.dansbandsbloggen.se/2006/05/vad-hnder-med-dansbandsutgivningen-nr.html","#cite_ref-25","http://www.giri.in/category.asp?tname=gitaa_cassettes&catname=GITAA+Cassettes+&dept=2","#cite_ref-26","http://allafrica.com/stories/201004190264.html","#cite_ref-27","http://edition.cnn.com/2011/BUSINESS/06/07/cassette.culture.zimbabwe/index.html","#cite_ref-28","http://news.hankooki.com/lpage/economy/201105/h2011053102312221540.htm","#cite_ref-29","http://www.guardian.co.uk/music/2010/mar/29/audio-cassette-comeback","#cite_ref-30","http://legacyproducts.tdk.com/support/pdfs/d.pdf","#cite_ref-VTH_31-0","http://vintagecassettes.com/_history/history.htm","http://vintagecassettes.com/_history/history.htm","#cite_ref-Abelshauser_32-0","/wiki/International_Standard_Book_Number","/wiki/Special:BookSources/0-521-82726-4","#cite_ref-33","http://www.vintagecassettes.com","http://www.vintagecassettes.com","#cite_ref-34","http://www.thomann.de/gb/compact_cassettes.html","http://www.thomann.de/gb/compact_cassettes.html","#cite_ref-35","http://www.google.com/patents?vid=4993661","http://www.google.com/patents?vid=3694585","#cite_ref-36","http://www.diamondcut.com/vforum/archive/index.php?t-1216.html","/wiki/Wikipedia:Link_rot","#cite_ref-37","http://www.google.com/patents?vid=5517377","http://www.google.com/patents?vid=5257747","http://www.google.com/patents?vid=3938752","#cite_ref-38","http://www.philipsmuseumeindhoven.nl/phe/products/e_cc.htm","http://www.philipsmuseumeindhoven.nl/phe/products/e_cc.htm","#cite_ref-39","http://www.stereophile.com/features/709/","http://www.stereophile.com/features/709/","#cite_ref-40","http://www.hi-fiworld.co.uk/hfw/oldeworldehtml/nakamichicr7e.html","http://www.hi-fiworld.co.uk/hfw/oldeworldehtml/nakamichicr7e.html","#cite_ref-41","http://richardhess.com/notes/2006/05/17/cassette-equalization-the-4-db-ambiguity-at-16-khz/","http://richardhess.com/notes/2006/05/17/cassette-equalization-the-4-db-ambiguity-at-16-khz/","#cite_ref-42","http://richardhess.com/notes/2010/10/08/cassette-equalization-redo/","http://richardhess.com/notes/2010/10/08/cassette-equalization-redo/","#cite_ref-nyt20120718_43-0","https://www.nytimes.com/2011/02/06/automobiles/06AUDIO.html","#cite_ref-44","http://beradio.com/mag/radio_trends_technology_recording/","http://beradio.com/mag/radio_trends_technology_recording/","#cite_ref-45","http://www.lenrek.net/experiments/sdr-cassette/","http://www.lenrek.net/experiments/sdr-cassette/","#cite_ref-46","http://www.vintagecassette.com","http://www.vintagecassette.com","#cite_ref-47","#cite_ref-48","#cite_ref-independent_rage_against_the_machine_49-0","http://www.independent.co.uk/life-style/gadgets-and-tech/features/gadgets-rage-against-the-machine-2194217.html","/wiki/The_Independent","#cite_ref-50","http://www.xs4all.nl/~lennartb/basicode.html","http://www.xs4all.nl/~lennartb/basicode.html","#cite_ref-51","/wiki/Al_Fasoldt","http://aroundcny.com/technofile/texts/minidisc91.html","#cite_ref-52","#cite_ref-53","http://www.jr.com/Templates/Guides/answering+machines.tem?JRSource=nsa&nsa=1#01","/wiki/J%26R","http://www.jr.com/Templates/Guides/answering+machines.tem?JRSource=nsa&nsa=1#01","#cite_ref-54","http://www.answers.com/topic/phonograph-records-and-prerecorded-audio-tapes-and-disks","http://www.answers.com/topic/phonograph-records-and-prerecorded-audio-tapes-and-disks","#cite_ref-55","http://techreport.com/reviews/2000q3/romemp3/","http://techreport.com/reviews/2000q3/romemp3/","/wiki/Internet_Archive","#cite_ref-56","http://www.xbitlabs.com/articles/multimedia/display/camp.html","http://www.xbitlabs.com/articles/multimedia/display/camp.html","/w/index.php?title=Compact_Cassette&action=edit&section=22","//upload.wikimedia.org/wikipedia/en/thumb/4/4a/Commons-logo.svg/30px-Commons-logo.svg.png","//commons.wikimedia.org/wiki/Category:Compact_audio_cassette","//upload.wikimedia.org/wikipedia/commons/thumb/f/f8/Wiktionary-logo-en.svg/37px-Wiktionary-logo-en.svg.png","//en.wiktionary.org/wiki/Special:Search/compact_cassette","/wiki/File:En-Compact_Cassette.ogg","//upload.wikimedia.org/wikipedia/commons/c/c9/En-Compact_Cassette.ogg","//www.mediawiki.org/wiki/Extension:TimedMediaHandler/Client_download","//upload.wikimedia.org/wikipedia/commons/thumb/4/47/Sound-icon.svg/45px-Sound-icon.svg.png","/wiki/Wikipedia:Media_help","/wiki/Wikipedia:Spoken_articles","/wiki/File:En-Compact_Cassette.ogg","//upload.wikimedia.org/wikipedia/commons/thumb/4/47/Sound-icon.svg/15px-Sound-icon.svg.png","//upload.wikimedia.org/wikipedia/en/thumb/f/f2/Edit-clear.svg/40px-Edit-clear.svg.png","/wiki/Wikipedia:External_links","//en.wikipedia.org/w/index.php?title=Compact_Cassette&action=edit","/wiki/Wikipedia:What_Wikipedia_is_not#Wikipedia_is_not_a_mirror_or_a_repository_of_links.2C_images.2C_or_media_files","/wiki/Wikipedia:External_links","/wiki/Wikipedia:Citing_sources","http://www.c-90.org/catalogue/tapes","http://vintagecassettes.com","http://tapedeck.org/","http://audiotools.com/cass.html#tape","http://www.vintagecassette.com","http://www.answers.com/topic/phonograph-records-and-prerecorded-audio-tapes-and-disks","http://hyperphysics.phy-astr.gsu.edu/hbase/audio/tapecon.html","http://news.sky.com/skynews/Home/Technology/Sales-Of-Cassette-Tapes-On-The-Rise-TDK-The-Market-Leader-Says-Sales-Are-Holding-Up-Very-Well/Article/200905315282755","http://www.herald.co.zw/inside.aspx?sectid=17780&cat=3","http://www.audiomediamuseum.com","/wiki/Template:Audio_formats","/wiki/Template_talk:Audio_formats","//en.wikipedia.org/w/index.php?title=Template:Audio_formats&action=edit","/wiki/Sound_recording_and_reproduction","/wiki/Audio_format","/wiki/Analog_recording","/wiki/Phonautograph","/wiki/Phonograph_cylinder","/wiki/Gramophone_record","/wiki/Wire_recording","/wiki/Sound-on-film","/wiki/Reel-to-reel_audio_tape_recording","/wiki/SoundScriber","/wiki/Gray_Audograph","/wiki/Dictabelt","/wiki/LP_record","/wiki/Gramophone_record","/wiki/Ribs_(recordings)","/wiki/RCA_tape_cartridge","/wiki/Fidelipac","/wiki/Stereo-Pak","/wiki/8-track_tape","/wiki/PlayTape","/wiki/Mini-Cassette","/wiki/Microcassette","/wiki/Steno-Cassette","/wiki/Elcaset","/wiki/Cassette_single","/wiki/Picocassette","/wiki/Digital_recording","/wiki/Soundstream","/wiki/ProDigi","/wiki/Compact_Disc","/wiki/Digital_Audio_Stationary_Head","/wiki/Digital_Audio_Tape","/wiki/ADAT","/wiki/MiniDisc","/wiki/NT_(cassette)","/wiki/Digital_Compact_Cassette","/wiki/DA-88","/wiki/High_Definition_Compatible_Digital","/wiki/5.1_Music_Disc","/wiki/Super_Audio_CD","/wiki/DVD-Audio","/wiki/USB_flash_drive#Media_storage_and_marketing","/wiki/Hi-MD","/wiki/SlotMusic","/wiki/Blu-ray_Disc#Player_profiles","http://en.wikipedia.org/w/index.php?title=Compact_Cassette&oldid=544923578","/wiki/Help:Categories","/wiki/Category:Audio_storage","/wiki/Category:Computer_storage_tape_media","/wiki/Category:1963_introductions","/wiki/Category:Home_computer_peripherals","/wiki/Category:All_articles_with_dead_external_links","/wiki/Category:Articles_with_dead_external_links_from_August_2010","/wiki/Category:All_articles_with_unsourced_statements","/wiki/Category:Articles_with_unsourced_statements_from_January_2009","/wiki/Category:Articles_containing_potentially_dated_statements_from_2011","/wiki/Category:All_articles_containing_potentially_dated_statements","/wiki/Category:Wikipedia_articles_needing_clarification_from_January_2013","/wiki/Category:Articles_with_unsourced_statements_from_September_2012","/wiki/Category:Articles_with_unsourced_statements_from_August_2012","/wiki/Category:Spoken_articles","/wiki/Category:Articles_with_hAudio_microformats","/wiki/Category:Wikipedia_external_links_cleanup_from_November_2012","/wiki/Category:Wikipedia_spam_cleanup_from_November_2012","/w/index.php?title=Special:UserLogin&returnto=Compact+Cassette&type=signup","/w/index.php?title=Special:UserLogin&returnto=Compact+Cassette","/wiki/Compact_Cassette","/wiki/Talk:Compact_Cassette","#","/wiki/Compact_Cassette","/w/index.php?title=Compact_Cassette&action=edit","/w/index.php?title=Compact_Cassette&action=history","#","/w/index.php","//bits.wikimedia.org/static-1.21wmf11/skins/vector/images/search-ltr.png?303-4","/wiki/Main_Page","/wiki/Main_Page","/wiki/Portal:Contents","/wiki/Portal:Featured_content","/wiki/Portal:Current_events","/wiki/Special:Random","//donate.wikimedia.org/wiki/Special:FundraiserRedirector?utm_source=donate&utm_medium=sidebar&utm_campaign=C13_en.wikipedia.org&uselang=en","/wiki/Help:Contents","/wiki/Wikipedia:About","/wiki/Wikipedia:Community_portal","/wiki/Special:RecentChanges","/wiki/Wikipedia:Contact_us","/wiki/Special:WhatLinksHere/Compact_Cassette","/wiki/Special:RecentChangesLinked/Compact_Cassette","/wiki/Wikipedia:File_Upload_Wizard","/wiki/Special:SpecialPages","/w/index.php?title=Compact_Cassette&oldid=544923578","/w/index.php?title=Compact_Cassette&action=info","/w/index.php?title=Special:Cite&page=Compact_Cassette&id=544923578","/w/index.php?title=Special:Book&bookcmd=book_creator&referer=Compact+Cassette","/w/index.php?title=Special:Book&bookcmd=render_article&arttitle=Compact+Cassette&oldid=544923578&writer=rl","/w/index.php?title=Compact_Cassette&printable=yes","//ar.wikipedia.org/wiki/%D8%B4%D8%B1%D9%8A%D8%B7_%D8%B3%D9%85%D8%B9%D9%8A","//bm.wikipedia.org/wiki/Kaseti","//bg.wikipedia.org/wiki/%D0%90%D1%83%D0%B4%D0%B8%D0%BE%D0%BA%D0%B0%D1%81%D0%B5%D1%82%D0%B0","//ca.wikipedia.org/wiki/Casset","//cs.wikipedia.org/wiki/Audiokazeta","//cy.wikipedia.org/wiki/Cas%C3%A9t","//da.wikipedia.org/wiki/Kassetteb%C3%A5nd","//de.wikipedia.org/wiki/Compact_Cassette","//el.wikipedia.org/wiki/%CE%9A%CE%B1%CF%83%CE%AD%CF%84%CE%B1","//es.wikipedia.org/wiki/Casete","//eo.wikipedia.org/wiki/Sonkasedo","//eu.wikipedia.org/wiki/Kasete","//fa.wikipedia.org/wiki/%D9%86%D9%88%D8%A7%D8%B1_%DA%A9%D8%A7%D8%B3%D8%AA","//fr.wikipedia.org/wiki/Cassette_audio","//ko.wikipedia.org/wiki/%EC%BD%A4%ED%8C%A9%ED%8A%B8_%EC%B9%B4%EC%84%B8%ED%8A%B8","//id.wikipedia.org/wiki/Compact_cassette","//it.wikipedia.org/wiki/Musicassetta","//he.wikipedia.org/wiki/%D7%A7%D7%9C%D7%98%D7%AA_%D7%A9%D7%9E%D7%A2","//ka.wikipedia.org/wiki/%E1%83%99%E1%83%9D%E1%83%9B%E1%83%9E%E1%83%90%E1%83%A5%E1%83%A2-%E1%83%99%E1%83%90%E1%83%A1%E1%83%94%E1%83%A2%E1%83%90","//lv.wikipedia.org/wiki/Kompaktkasete","//lt.wikipedia.org/wiki/Audiokaset%C4%97","//hu.wikipedia.org/wiki/Compact_Cassette","//nl.wikipedia.org/wiki/Muziekcassette","//ja.wikipedia.org/wiki/%E3%82%B3%E3%83%B3%E3%83%91%E3%82%AF%E3%83%88%E3%82%AB%E3%82%BB%E3%83%83%E3%83%88","//no.wikipedia.org/wiki/Kassett","//nn.wikipedia.org/wiki/Kassettband","//pl.wikipedia.org/wiki/Kaseta_magnetofonowa","//pt.wikipedia.org/wiki/Fita_cassete","//ro.wikipedia.org/wiki/Caset%C4%83_audio","//ru.wikipedia.org/wiki/%D0%9A%D0%BE%D0%BC%D0%BF%D0%B0%D0%BA%D1%82-%D0%BA%D0%B0%D1%81%D1%81%D0%B5%D1%82%D0%B0","//scn.wikipedia.org/wiki/Cascitedda","//simple.wikipedia.org/wiki/Audio_cassette","//sk.wikipedia.org/wiki/Audiokazeta","//sl.wikipedia.org/wiki/Kompaktna_kaseta","//sr.wikipedia.org/wiki/%D0%90%D1%83%D0%B4%D0%B8%D0%BE_%D0%BA%D0%B0%D1%81%D0%B5%D1%82%D0%B0","//fi.wikipedia.org/wiki/C-kasetti","//sv.wikipedia.org/wiki/Kassettband","//tl.wikipedia.org/wiki/Casette","//ta.wikipedia.org/wiki/%E0%AE%92%E0%AE%B2%E0%AE%BF%E0%AE%AA%E0%AF%8D%E0%AE%AA%E0%AF%87%E0%AE%B4%E0%AF%88","//th.wikipedia.org/wiki/%E0%B8%95%E0%B8%A5%E0%B8%B1%E0%B8%9A%E0%B9%80%E0%B8%97%E0%B8%9B","//tr.wikipedia.org/wiki/Kaset","//uk.wikipedia.org/wiki/%D0%9A%D0%BE%D0%BC%D0%BF%D0%B0%D0%BA%D1%82-%D0%BA%D0%B0%D1%81%D0%B5%D1%82%D0%B0","//vi.wikipedia.org/wiki/Cassette","//yi.wikipedia.org/wiki/%D7%A7%D7%90%D7%A1%D7%A2%D7%98%D7%A2","//zh.wikipedia.org/wiki/%E5%8D%A1%E5%BC%8F%E5%BD%95%E9%9F%B3%E5%B8%A6","//www.wikidata.org/wiki/Special:ItemByTitle/enwiki/Compact Cassette","//en.wikipedia.org/wiki/Wikipedia:Text_of_Creative_Commons_Attribution-ShareAlike_3.0_Unported_License","//creativecommons.org/licenses/by-sa/3.0/","//wikimediafoundation.org/wiki/Terms_of_Use","//www.wikimediafoundation.org/","//en.wikipedia.org/wiki/Wikipedia:Contact_us","//wikimediafoundation.org/wiki/Privacy_policy","/wiki/Wikipedia:About","/wiki/Wikipedia:General_disclaimer","http://en.m.wikipedia.org/wiki/Compact_Cassette","//wikimediafoundation.org/","//bits.wikimedia.org/images/wikimedia-button.png","//www.mediawiki.org/","//bits.wikimedia.org/static-1.21wmf11/skins/common/images/poweredby_mediawiki_88x31.png","//bits.wikimedia.org/en.wikipedia.org/load.php?debug=false&lang=en&modules=skins.vector&only=scripts&skin=vector&*","/w/index.php?title=MediaWiki:Gadget-ReferenceTooltips.js&action=raw&ctype=text/javascript&508635914","//bits.wikimedia.org/en.wikipedia.org/load.php?debug=false&lang=en&modules=site&only=scripts&skin=vector&*"],"instances":["music","audio","recording","signal_processing","album","brand","noise_reduction"],"pdf":["http://legacyproducts.tdk.com/support/pdfs/d.pdf"],"categories":["Audio storage","Computer storage tape media","1963 introductions","Home computer peripherals"],"headings":["History","Features","Cassette players and recorders","Applications","Successors","See also","References","External links"],"image":["//upload.wikimedia.org/wikipedia/en/thumb/4/40/Compact_Cassette_Logo.svg/170px-Compact_Cassette_Logo.svg.png","//upload.wikimedia.org/wikipedia/commons/thumb/f/f1/Tdkc60cassette.jpg/250px-Tdkc60cassette.jpg","//upload.wikimedia.org/wikipedia/commons/thumb/7/72/CassetteTypes1.jpg/220px-CassetteTypes1.jpg","//bits.wikimedia.org/static-1.21wmf11/skins/common/images/magnify-clip.png","//upload.wikimedia.org/wikipedia/commons/thumb/a/a9/Philips_EL3302.jpg/220px-Philips_EL3302.jpg","//bits.wikimedia.org/static-1.21wmf11/skins/common/images/magnify-clip.png","//upload.wikimedia.org/wikipedia/commons/thumb/9/98/WalkmanTPS-L2.jpg/120px-WalkmanTPS-L2.jpg","//bits.wikimedia.org/static-1.21wmf11/skins/common/images/magnify-clip.png","//upload.wikimedia.org/wikipedia/commons/thumb/9/9a/Visualisierung_der_magnetisch_gespeicherten_Informationen_auf_einer_Stereo-Audiokassette_%28Aufgenommen_mit_CMOS-MagView%29..jpg/220px-Visualisierung_der_magnetisch_gespeicherten_Informationen_auf_einer_Stereo-Audiokassette_%28Aufgenommen_mit_CMOS-MagView%29..jpg","//bits.wikimedia.org/static-1.21wmf11/skins/common/images/magnify-clip.png","//upload.wikimedia.org/wikipedia/commons/thumb/0/05/Cassette_Write_Protect_IV.jpg/220px-Cassette_Write_Protect_IV.jpg","//bits.wikimedia.org/static-1.21wmf11/skins/common/images/magnify-clip.png","//upload.wikimedia.org/wikipedia/commons/thumb/c/c8/Memorex_Compact_Cassette_opened.jpg/220px-Memorex_Compact_Cassette_opened.jpg","//bits.wikimedia.org/static-1.21wmf11/skins/common/images/magnify-clip.png","//upload.wikimedia.org/wikipedia/commons/thumb/2/29/RadioShack-ctr-119.jpg/220px-RadioShack-ctr-119.jpg","//bits.wikimedia.org/static-1.21wmf11/skins/common/images/magnify-clip.png","//upload.wikimedia.org/wikipedia/commons/thumb/4/44/Nakamichi_RX_505_Front_edited.jpg/220px-Nakamichi_RX_505_Front_edited.jpg","//bits.wikimedia.org/static-1.21wmf11/skins/common/images/magnify-clip.png","//upload.wikimedia.org/wikipedia/commons/thumb/0/04/Ghettoblaster-family.jpg/220px-Ghettoblaster-family.jpg","//bits.wikimedia.org/static-1.21wmf11/skins/common/images/magnify-clip.png","//upload.wikimedia.org/wikipedia/commons/thumb/f/f1/CassetteHeadCleaner.jpg/220px-CassetteHeadCleaner.jpg","//bits.wikimedia.org/static-1.21wmf11/skins/common/images/magnify-clip.png","//upload.wikimedia.org/wikipedia/commons/thumb/2/2a/Panasonic-Anrufbeantworter.jpg/150px-Panasonic-Anrufbeantworter.jpg","//bits.wikimedia.org/static-1.21wmf11/skins/common/images/magnify-clip.png","//upload.wikimedia.org/wikipedia/commons/thumb/0/0e/Dualdeck.jpg/220px-Dualdeck.jpg","//bits.wikimedia.org/static-1.21wmf11/skins/common/images/magnify-clip.png","//upload.wikimedia.org/wikipedia/commons/thumb/5/52/Commodore-Datassette.jpg/220px-Commodore-Datassette.jpg","//bits.wikimedia.org/static-1.21wmf11/skins/common/images/magnify-clip.png","//upload.wikimedia.org/wikipedia/commons/thumb/2/26/HomeComputerCassettes.jpg/220px-HomeComputerCassettes.jpg","//bits.wikimedia.org/static-1.21wmf11/skins/common/images/magnify-clip.png","//upload.wikimedia.org/wikipedia/commons/thumb/4/44/Elcaset.jpg/280px-Elcaset.jpg","//bits.wikimedia.org/static-1.21wmf11/skins/common/images/magnify-clip.png","//upload.wikimedia.org/wikipedia/commons/thumb/4/42/CassetteAndMicrocassette.jpg/220px-CassetteAndMicrocassette.jpg","//bits.wikimedia.org/static-1.21wmf11/skins/common/images/magnify-clip.png","//upload.wikimedia.org/wikipedia/en/thumb/4/4a/Commons-logo.svg/30px-Commons-logo.svg.png","//upload.wikimedia.org/wikipedia/commons/thumb/f/f8/Wiktionary-logo-en.svg/37px-Wiktionary-logo-en.svg.png","//upload.wikimedia.org/wikipedia/commons/thumb/4/47/Sound-icon.svg/45px-Sound-icon.svg.png","//upload.wikimedia.org/wikipedia/commons/thumb/4/47/Sound-icon.svg/15px-Sound-icon.svg.png","//upload.wikimedia.org/wikipedia/en/thumb/f/f2/Edit-clear.svg/40px-Edit-clear.svg.png","//bits.wikimedia.org/static-1.21wmf11/skins/vector/images/search-ltr.png?303-4","//bits.wikimedia.org/images/wikimedia-button.png","//bits.wikimedia.org/static-1.21wmf11/skins/common/images/poweredby_mediawiki_88x31.png"],"tags":[["chromium(iv_oxide"],["wow","recording"],["capstan","tape_recorder#capstan"],["technics","brand"],["sdr","audio"],["dbx","noise_reduction"],["nebraska","album"],["dubbing","music"],["bandwidth","signal_processing"]],"members":["dubbing","sdr","wow","capstan","bandwidth","nebraska","technics","dbx"],"related":["Magnetic_tape","Analog_signal","Tape_head","Magnetic","Recording_head","Magnetic_tape","Sound_recording_and_reproduction","Dictation_machine","High_fidelity","8-track_tape","Reel-to-reel_audio_tape_recording","Microcomputer","LP_record","Compact_Disc","Stereophonic_sound","Monaural","Analog_audio","AEG","Reel-to-reel_tape_recorder","Magnetophon","Magnetic_tape","Fritz_Pfleumer","BASF","Radio_station","Recording_studio","Deutsche_Mark","Euro","Vacuum_tube","RCA_tape_cartridge","Philips","Sound_recording_and_reproduction","Internationale_Funkausstellung_Berlin","Trademark","Sony","License","Norelco","8-track_tape","Sound_recording_and_reproduction","Gramophone_record","Hanover","Henry_Kloss","Dolby_noise_reduction_system","Chromium(IV)_oxide","High_fidelity","Walkman","Transistor_radio","Portable_CD_player","Digital_audio_player","Gramophone_record","Gramophone_record","Cassette_single","Iron_Curtain","Ruhollah_Khomeini","Iran","Iranian_Revolution","Shah","Mohammad_Reza_Pahlavi","Indian_music","Developing_country","Oxford_English_Dictionary","Western_Europe","Compact_Disc","Car_audio","Electronic_skip_protection","USB_flash_drive","Microcassette","Audiobook","Indie_rock","Dirty_Projectors","Deerhunter","Thurston_Moore","Sonic_Youth","Developed_country","Dansband","Lasse_Stefanz","Torgny_Melins","DIY_punk_ethic","Experimental_music","Hardcore_punk","Death_metal","Black_metal","Reel-to-reel_audio_tape_recording","Guard_band","Polyester","Ferric_oxide","3M_Company","Frequency_response","Chromium_dioxide","BASF","Magnetite","TDK_Corporation","Vinyl_record","Cobalt","Tape_bias","Equalization","International_Electrotechnical_Commission","Μs","Sony","Write_protection","Cassette_deck","Μm","Print-through","Home_computer","Answering_machine","Portastudio","Write_protection","Adhesive_tape","Tape_bias","Dynamic_microphone","VU_meter","Pioneer_Corporation","LED","Vacuum_fluorescent_display","Nakamichi","Wow_(recording)","Tandberg","Revox","Studer","Dynamic_range","Bang_&_Olufsen","Technics_(brand)","Aiwa","Personal_stereo","Boom_box","ISO_7736","8-track_cartridge","Isopropyl_alcohol","Recording_head","Degauss","Answering_machine","Dictation_machine","Journalism","SDR_(audio)","Marantz","XLR_connector","Dolby","Dbx","VU_meter","Headphone","Tascam","Portastudio","Overdub","Dbx_(noise_reduction)","Dolby_Noise_Reduction","Compander","Dynamic_range","Mixing_console","Bruce_Springsteen","Nebraska_(album)","Dubbing_(music)","Mixtape","Home_Taping_Is_Killing_Music","Island_Records","Bootleg_recording","Grateful_Dead","Tape_trading","Amstrad","House_of_Lords","Amstrad","Personics","Telex_Communications","Wollensak","Sony","Commodore_International","Hewlett_Packard","HP_9830","Kansas_City_standard","Home_computer","Floppy_disk","IBM_PC","Read-only_memory","IBM_BASIC","IBM_cassette_tape","Frequency-shift_keying","Bits_per_second","Kilobyte","Commodore_PET","TRS-80","Floppy_disk","Hard_drive","TRS-80_Model_100_line","Commodore_64","ZX_Spectrum","MSX","Amstrad_CPC_464","Gamer","BASICODE","Modulation","QPSK","Modems","Bandwidth_(signal_processing)","Signal_to_noise_ratio","Megabyte","Data_logger","Streamer_cassette","Elcaset","Sound_reproduction","Sony","Digital_audio_tape","MiniDisc","Digital_Compact_Cassette","Microcassette","Answering_machines","CD-R","Flash_memory","Digital_audio_players","Cassette_tape_adaptor","Digital_audio_player","Internet_Archive","Cassette_culture","Digital_cassettes","Electronic_journalism","List_of_audio_formats","Magnetic_tape_sound_recording","Mini-Cassette","Mix_tape","Pocket_Rockers","PXL-2000","VHS"]}