{"cursor":"10385","size":15,"audio":[],"currentlang":"en","article":"\n'Hydrolysis' usually means the cleavage of chemical bonds by the addition of\nwater. Generally, hydrolysis or saccharification is a step in the degradation of\na substance. The word \"hydrolysis\" () comes from Greek roots hydro \"water\" +\nlysis \"separation\".\n","linknr":274,"url":"Hydrolyse","recorded":1362540727,"links":61,"instances":["chemistry"],"pdf":[],"categories":["Equilibrium chemistry","Chemical reactions","Weathering"],"headings":["Types","See also","References"],"image":["//upload.wikimedia.org/wikipedia/commons/thumb/a/a7/Amide_hydrolysis.svg/512px-Amide_hydrolysis.svg.png","//upload.wikimedia.org/wikipedia/commons/thumb/b/b3/Sucrose-inkscape.svg/220px-Sucrose-inkscape.svg.png","//bits.wikimedia.org/static-1.21wmf10/skins/common/images/magnify-clip.png","//upload.wikimedia.org/wikipedia/commons/thumb/9/96/Equilibrium.svg/15px-Equilibrium.svg.png","//bits.wikimedia.org/static-1.21wmf10/skins/vector/images/search-ltr.png?303-4","//bits.wikimedia.org/images/wikimedia-button.png","//bits.wikimedia.org/static-1.21wmf10/skins/common/images/poweredby_mediawiki_88x31.png"],"tags":[["salt","chemistry"]],"members":["salt"],"related":["Greek_roots","Hydrogen_ion","Salt_(chemistry)","Weak_acid","Weak_base","Sodium_acetate","Acetate","Acetic_acid","Solution","Hydronium","Bisulfate","Amide","Ester","Nucleophile","Carbonyl","Ester","Amide","Carboxylic_acid","Saponification","Triglyceride","Sodium_hydroxide","Glycerol","Fatty_acid","Enzyme","Protein","Carbohydrate","Protease","Digestion","Peptide_bond","Protein","Exopeptidase","Hormone","Amide","Carboxylic_acid","Amine","Ammonia","Peptide_bond","Amino_acid","Polyamide","Nylon_6,6","Depolymerization","Polymer_degradation","Stress_corrosion_cracking","Energy_metabolism","Biosynthesis","Oxidation","Adenosine_triphosphate","Pyrophosphate","Adenosine_diphosphate","Adenosine_monophosphate","Pyrophosphate","Monosaccharide","Glycosidic_bond","Disaccharide","Trisaccharide","Oligosaccharide","Polysaccharide","Glycoside_hydrolase","Sucrose","Glucose","Fructose","Invertase","Sucrase","Invert_sugar","Lactase","Lactose","Lactose_intolerance","Barley","Starch","Maltose","Brewing","Amylase","Cellulose","Cellobiose","Cellulase","Glucose","Beta-glucosidase","Ruminants","Lewis_acid","Brønsted-Lowry_acid-base_theory","Inductive_effect","Acid_dissociation_constant","Acetic_acid","Acidic","Le_chatelier's_principle","Nitric_acid","Olation","PH","Bauxite","Laterite","Adenosine_triphosphate","Catabolism","Condensation_reaction","Dehydration_synthesis","Hydrolysis_constant","Inhibitor_protein","Polymer_degradation","Solvolysis","Thermal_hydrolysis","Tissue_Digestion"]}