{"cursor":"2673","size":15,"audio":[],"currentlang":"en","article":"\nA 'cleave' in an optical fiber is a deliberate, controlled break, intended to\ncreate a perfectly flat endface, perpendicular to the longitudinal axis of the\nfiber. Since there are no crystalline planes in glass, this process is not\ncleavage in the crystallographic sense of the word, although the techniques used\nand the finished result are quite similar.\n\nA cleave is made by first introducing a microscopic fracture (\"nick\") into the\nfiber with a special tool, called a 'cleaving tool', which has a sharp blade of\nsome hard material, such as diamond, sapphire, or tungsten carbide. If proper\ntension is applied to the fiber as the nick is made, or immediately afterward\n(this may be done by the cleaving tool in some designs, or manually in other\ndesigns), the fracture will propagate in a controlled fashion, creating the\ndesired endface.\n\nA good cleave is required for a successful splice of an optical fiber, whether\nby fusion or mechanical means. Also, some types of fiber-optic connectors do not\nemploy abrasives and polishers. Instead, they use some type of cleaving\ntechnique to trim the fiber to its proper length, and produce a smooth, flat\nperpendicular endface.\n\nHigh-precision optical fiber cleavers are commercially available through a small\nnumber of specialized manufacturers, such as Nyfors Teknologi AB, which usually\nalso supplies other fusion splicing accessories such as fiber optic recoaters\nand stripping and preparation equipment.\n","linknr":115,"url":"Cleave_(fiber)","recorded":1363400000,"links":["/w/index.php?title=Cleave_(fiber)&action=edit","/w/index.php?title=Cleave_(fiber)&action=edit","//en.wikipedia.org/apple-touch-icon.png","//bits.wikimedia.org/favicon/wikipedia.ico","/w/opensearch_desc.php","//en.wikipedia.org/w/api.php?action=rsd","//creativecommons.org/licenses/by-sa/3.0/","/w/index.php?title=Special:RecentChanges&feed=atom","//bits.wikimedia.org/en.wikipedia.org/load.php?debug=false&lang=en&modules=ext.gadget.DRN-wizard%2CReferenceTooltips%2Ccharinsert%2Cteahouse%7Cext.wikihiero%7Cmediawiki.legacy.commonPrint%2Cshared%7Cmw.PopUpMediaTransform%7Cskins.vector&only=styles&skin=vector&*","//bits.wikimedia.org/en.wikipedia.org/load.php?debug=false&lang=en&modules=site&only=styles&skin=vector&*","//bits.wikimedia.org/en.wikipedia.org/load.php?debug=false&lang=en&modules=startup&only=scripts&skin=vector&*","//bits.wikimedia.org/geoiplookup","//meta.wikimedia.org","#mw-head","#p-search","/wiki/File:Question_book-new.svg","//upload.wikimedia.org/wikipedia/en/thumb/9/99/Question_book-new.svg/50px-Question_book-new.svg.png","/wiki/Wikipedia:Citing_sources","/wiki/Wikipedia:Verifiability","//en.wikipedia.org/w/index.php?title=Cleave_(fiber)&action=edit","/wiki/Help:Introduction_to_referencing/1","/wiki/Wikipedia:Verifiability#Burden_of_evidence","/wiki/Optical_fiber","/wiki/Glass","/wiki/Cleavage_(crystal)","/wiki/Crystallography","/wiki/Hardness","/wiki/Diamond","/wiki/Sapphire","/wiki/Tungsten_carbide","/wiki/Tension_(mechanics)","/wiki/Fusion_splicing","/wiki/Mechanical_splice","/wiki/Fiber-optic_connector","/wiki/Optical_fiber","/wiki/Nyfors","/wiki/Fusion_splicing","/wiki/Recoating","/wiki/Stripping_(fiber)","#Tools","#References","#See_also","#External_links","/w/index.php?title=Cleave_(fiber)&action=edit&section=1","/w/index.php?title=Cleave_(fiber)&action=edit&section=2","/wiki/Federal_Standard_1037C","/w/index.php?title=Cleave_(fiber)&action=edit&section=3","/wiki/Fusion_splicing","/wiki/Stripping_(fiber)","/wiki/Recoating","/wiki/Optical_communication","/wiki/Optical_fiber","/wiki/Fiber_optic_communications","/w/index.php?title=Cleave_(fiber)&action=edit&section=4","/wiki/File:Lens_triplet.svg","//upload.wikimedia.org/wikipedia/commons/thumb/7/74/Lens_triplet.svg/36px-Lens_triplet.svg.png","/wiki/Wikipedia:Stub","//en.wikipedia.org/w/index.php?title=Cleave_(fiber)&action=edit","/wiki/Template:Optics-stub","/wiki/Template_talk:Optics-stub","//en.wikipedia.org/w/index.php?title=Template:Optics-stub&action=edit","http://en.wikipedia.org/w/index.php?title=Cleave_(fiber)&oldid=523051182","/wiki/Help:Categories","/wiki/Category:Fiber_optics","/wiki/Category:Optics_stubs","/wiki/Category:Articles_lacking_sources_from_November_2012","/wiki/Category:All_articles_lacking_sources","/w/index.php?title=Special:UserLogin&returnto=Cleave+%28fiber%29&type=signup","/w/index.php?title=Special:UserLogin&returnto=Cleave+%28fiber%29","/wiki/Cleave_(fiber)","/w/index.php?title=Talk:Cleave_(fiber)&action=edit&redlink=1","#","/wiki/Cleave_(fiber)","/w/index.php?title=Cleave_(fiber)&action=edit","/w/index.php?title=Cleave_(fiber)&action=history","#","/w/index.php","//bits.wikimedia.org/static-1.21wmf11/skins/vector/images/search-ltr.png?303-4","/wiki/Main_Page","/wiki/Main_Page","/wiki/Portal:Contents","/wiki/Portal:Featured_content","/wiki/Portal:Current_events","/wiki/Special:Random","//donate.wikimedia.org/wiki/Special:FundraiserRedirector?utm_source=donate&utm_medium=sidebar&utm_campaign=C13_en.wikipedia.org&uselang=en","/wiki/Help:Contents","/wiki/Wikipedia:About","/wiki/Wikipedia:Community_portal","/wiki/Special:RecentChanges","/wiki/Wikipedia:Contact_us","/wiki/Special:WhatLinksHere/Cleave_(fiber)","/wiki/Special:RecentChangesLinked/Cleave_(fiber)","/wiki/Wikipedia:File_Upload_Wizard","/wiki/Special:SpecialPages","/w/index.php?title=Cleave_(fiber)&oldid=523051182","/w/index.php?title=Cleave_(fiber)&action=info","/w/index.php?title=Special:Cite&page=Cleave_%28fiber%29&id=523051182","/w/index.php?title=Special:Book&bookcmd=book_creator&referer=Cleave+%28fiber%29","/w/index.php?title=Special:Book&bookcmd=render_article&arttitle=Cleave+%28fiber%29&oldid=523051182&writer=rl","/w/index.php?title=Cleave_(fiber)&printable=yes","//en.wikipedia.org/wiki/Wikipedia:Text_of_Creative_Commons_Attribution-ShareAlike_3.0_Unported_License","//creativecommons.org/licenses/by-sa/3.0/","//wikimediafoundation.org/wiki/Terms_of_Use","//www.wikimediafoundation.org/","//en.wikipedia.org/wiki/Wikipedia:Contact_us","//wikimediafoundation.org/wiki/Privacy_policy","/wiki/Wikipedia:About","/wiki/Wikipedia:General_disclaimer","http://en.m.wikipedia.org/wiki/Cleave_(fiber)","//wikimediafoundation.org/","//bits.wikimedia.org/images/wikimedia-button.png","//www.mediawiki.org/","//bits.wikimedia.org/static-1.21wmf11/skins/common/images/poweredby_mediawiki_88x31.png","//bits.wikimedia.org/en.wikipedia.org/load.php?debug=false&lang=en&modules=skins.vector&only=scripts&skin=vector&*","/w/index.php?title=MediaWiki:Gadget-ReferenceTooltips.js&action=raw&ctype=text/javascript&508635914","//bits.wikimedia.org/en.wikipedia.org/load.php?debug=false&lang=en&modules=site&only=scripts&skin=vector&*"],"instances":["mechanics","fiber","crystal"],"pdf":[],"categories":["Fiber optics"],"headings":["Tools","References","External links"],"image":["//upload.wikimedia.org/wikipedia/en/thumb/9/99/Question_book-new.svg/50px-Question_book-new.svg.png","//upload.wikimedia.org/wikipedia/commons/thumb/7/74/Lens_triplet.svg/36px-Lens_triplet.svg.png","//bits.wikimedia.org/static-1.21wmf11/skins/vector/images/search-ltr.png?303-4","//bits.wikimedia.org/images/wikimedia-button.png","//bits.wikimedia.org/static-1.21wmf11/skins/common/images/poweredby_mediawiki_88x31.png"],"tags":[["cleavage","crystal"],["tension","mechanics"],["stripping","fiber"],["stripping","fiber"]],"members":["tension","stripping","cleavage"],"related":["Optical_fiber","Glass","Cleavage_(crystal)","Crystallography","Hardness","Diamond","Sapphire","Tungsten_carbide","Tension_(mechanics)","Fusion_splicing","Mechanical_splice","Fiber-optic_connector","Optical_fiber","Nyfors","Fusion_splicing","Recoating","Stripping_(fiber)","Federal_Standard_1037C","Fusion_splicing","Stripping_(fiber)","Recoating","Optical_communication","Optical_fiber","Fiber_optic_communications"]}