{"cursor":"568","size":15,"audio":[],"currentlang":"en","article":"'The Unknown' is a 1946 mystery film directed by Henry Levin made by Columbia\nPictures as part of its [[I Love a Mystery]] series based on the popular\nradio program.\n","linknr":126,"url":"The_Unknown_(1946_film)","recorded":1362482545,"links":14,"instances":[],"pdf":[],"categories":["American mystery films","1946 films","American films","English-language films","Black-and-white films","Columbia Pictures films","Films directed by Henry Levin"],"headings":["External links"],"image":["//upload.wikimedia.org/wikipedia/commons/thumb/5/53/Geocache-Mystery.svg/20px-Geocache-Mystery.svg.png","//bits.wikimedia.org/static-1.21wmf10/skins/vector/images/search-ltr.png?303-4","//bits.wikimedia.org/images/wikimedia-button.png","//bits.wikimedia.org/static-1.21wmf10/skins/common/images/poweredby_mediawiki_88x31.png"],"tags":[],"members":[],"related":["1946_in_film","Henry_Levin","Columbia_Pictures"]}