{"cursor":"3615","size":15,"audio":[],"currentlang":"en","article":"\nThe term 'indirect tax' has more than one meaning. In the colloquial sense, an\nindirect tax (such as sales tax, a specific tax, value added tax (VAT), or goods\nand services tax (GST)) is a tax collected by an intermediary (such as a retail\nstore) from the person who bears the ultimate economic burden of the tax (such\nas the consumer). The intermediary later files a tax return and forwards the tax\nproceeds to government with the return. In this sense, the term indirect tax is\ncontrasted with a direct tax which is collected directly by government from the\npersons (legal or natural) on which it is imposed. Some commentators have argued\nthat \"a direct tax is one that cannot be shifted by the taxpayer to someone\nelse, whereas an indirect tax can be.\" Britannica Online, Article on [http://www.britannica.com/eb/article-\n72003/taxation Taxation]. See also Financial Dictionary Online, Article on [http://financial-\ndictionary.thefreedictionary.com/Direct+taxes Direct taxes].\n\nAn indirect tax may increase the price of a good so that consumers are actually\npaying the tax by paying more for the products. Financial Dictionary Online,\nArticle on [http://financial-dictionary.thefreedictionary.com/Indirect+taxes\nIndirect taxes]. Examples would be fuel, liquor, and cigarette taxes. An\nexcise duty on motor cars is paid in the first instance by the manufacturer of\nthe cars; ultimately the manufacturer transfers the burden of this duty to the\nbuyer of the car in form of a higher price. Thus, an indirect tax is such which\ncan be shifted or passed on. The degree to which the burden of a tax is shifted\ndetermines whether a tax is primarily direct or primarily indirect. This is a\nfunction of the relative elasticity of the supply and demand of the goods or\nservices being taxed. Under this definition, even income taxes may be indirect.\n\nThe term indirect tax has a different meaning for U.S. constitutional law\npurposes: see direct tax and excise tax in the United States.\n","linknr":273,"url":"Indirect_tax","recorded":1364049788,"links":["/w/index.php?title=Indirect_tax&action=edit","/w/index.php?title=Indirect_tax&action=edit","//en.wikipedia.org/apple-touch-icon.png","//bits.wikimedia.org/favicon/wikipedia.ico","/w/opensearch_desc.php","//en.wikipedia.org/w/api.php?action=rsd","//creativecommons.org/licenses/by-sa/3.0/","/w/index.php?title=Special:RecentChanges&feed=atom","//bits.wikimedia.org/en.wikipedia.org/load.php?debug=false&lang=en&modules=ext.gadget.DRN-wizard%2CReferenceTooltips%2Ccharinsert%2Cteahouse%7Cext.wikihiero%7Cmediawiki.legacy.commonPrint%2Cshared%7Cmw.PopUpMediaTransform%7Cskins.vector&only=styles&skin=vector&*","//bits.wikimedia.org/en.wikipedia.org/load.php?debug=false&lang=en&modules=site&only=styles&skin=vector&*","//bits.wikimedia.org/en.wikipedia.org/load.php?debug=false&lang=en&modules=startup&only=scripts&skin=vector&*","//bits.wikimedia.org/geoiplookup","//meta.wikimedia.org","#mw-head","#p-search","/wiki/Tax","/wiki/Fiscal_policy","/wiki/Tax_policy","/wiki/Government_revenue","/wiki/Tax_revenue","/wiki/Non-tax_revenue","/wiki/Tax_law","/wiki/Tax_bracket","/wiki/Income_tax_threshold","/wiki/Tax_exemption","/wiki/Tax_credit","/wiki/Tax_deduction","/wiki/Tax_shift","/wiki/Tax_cut","/wiki/Tax_holiday","/wiki/Tax_advantage","/wiki/Tax_incentive","/wiki/Tax_reform","/wiki/Tax_harmonization","/wiki/Tax_competition","/wiki/Double_taxation","/wiki/No_taxation_without_representation","/wiki/Taxpayer_groups","/wiki/Medical_savings_account","/wiki/Tax,_tariff_and_trade","/wiki/Tax#Economics_of_taxation","/wiki/Effect_of_taxes_and_subsidies_on_price","/wiki/Excess_burden_of_taxation","/wiki/Tax_incidence","/wiki/Laffer_curve","/wiki/Optimal_tax","/wiki/Theory_of_taxation","/wiki/Tax_collection","/wiki/Revenue_service","/wiki/Revenue_stamp","/wiki/Tax_assessment","/wiki/Taxable_income","/wiki/Tax_lien","/wiki/Tax_refund","/wiki/Tax_shield","/wiki/Tax_residence","/wiki/Tax_preparation","/wiki/Tax_investigation","/wiki/Tax_shelter","/wiki/Privatized_tax_collection","/wiki/Tax_farming","/wiki/Tax_noncompliance","/wiki/Tax_avoidance","/wiki/Tax_evasion","/wiki/Tax_resistance","/wiki/Tax_haven","/wiki/Smuggling","/wiki/Black_market","/wiki/Unreported_employment","/wiki/Tax_shelter","/wiki/Tax_rate","/wiki/Progressive_tax","/wiki/Regressive_tax","/wiki/Proportional_tax","/wiki/Direct_tax","/wiki/Per_unit_tax","/wiki/Ad_valorem_tax","/wiki/Tax_in_rem","/wiki/Capital_gains_tax","/wiki/Carbon_tax","/wiki/Consumption_tax","/wiki/Dividend_tax","/wiki/Ecotax","/wiki/Excise","/wiki/Georgism","/wiki/Gift_tax","/wiki/Gross_receipts_tax","/wiki/Income_tax","/wiki/Inheritance_tax","/wiki/Land_value_tax","/wiki/Payroll_tax","/wiki/Pigovian_tax","/wiki/Property_tax","/wiki/Sales_tax","/wiki/Sin_tax","/wiki/Stamp_duty","/wiki/Turnover_tax","/wiki/Value_added_tax","/wiki/Corporate_tax","/wiki/Excess_profits_tax","/wiki/Windfall_profits_tax","/wiki/Negative_income_tax","/wiki/Flat_tax","/wiki/International_taxation","/wiki/Financial_transaction_tax","/wiki/Currency_transaction_tax","/wiki/Tobin_tax","/wiki/Spahn_tax","/wiki/Tax_equalization","/wiki/Tax_treaty","/wiki/European_Union_financial_transaction_tax","/wiki/Trade","/wiki/Customs","/wiki/Duty_(economics)","/wiki/Tariff","/wiki/Import","/wiki/Export","/wiki/Tariff_war","/wiki/Free_trade","/wiki/Free_trade_zone","/wiki/Trade_pact","/wiki/Category:Taxation_by_country","/wiki/List_of_countries_by_tax_rates","/wiki/List_of_countries_by_tax_revenue_as_percentage_of_GDP","/wiki/Tax_system_in_Albania","/wiki/Taxation_in_Algeria","/wiki/Taxation_in_Argentina","/wiki/Taxation_in_Australia","/wiki/Taxation_in_Azerbaijan","/wiki/Taxation_in_Bangladesh","/wiki/Taxation_in_Bhutan","/wiki/Taxation_in_Canada","/wiki/Taxation_in_the_People%27s_Republic_of_China","/wiki/Taxation_in_Colombia","/wiki/Taxation_in_France","/wiki/Taxation_in_Germany","/wiki/Taxation_in_Greece","/wiki/Taxation_in_Iceland","/wiki/Taxation_in_India","/wiki/Taxation_in_Indonesia","/wiki/Taxation_in_Iran","/wiki/Taxation_in_the_Republic_of_Ireland","/wiki/Taxation_in_Israel","/wiki/Taxation_in_Italy","/wiki/Taxation_in_Japan","/wiki/Taxation_in_Kazakhstan","/wiki/Taxation_in_Lithuania","/wiki/Taxation_in_Namibia","/wiki/Taxation_in_the_Netherlands","/wiki/Taxation_in_New_Zealand","/wiki/Taxation_in_Norway","/wiki/Taxation_in_Pakistan","/wiki/Taxation_in_the_Palestinian_territories","/wiki/Taxation_in_Peru","/wiki/Tax_Code_of_Russia","/wiki/Taxation_in_Singapore","/wiki/Taxation_in_South_Africa","/wiki/Taxation_in_Sweden","/wiki/Taxation_in_Switzerland","/wiki/Taxation_in_Tanzania","/wiki/Taxation_in_the_United_Kingdom","/wiki/Taxation_in_the_United_States","/wiki/Template:Taxation","/wiki/Template_talk:Taxation","//en.wikipedia.org/w/index.php?title=Template:Taxation&action=edit","/wiki/Sales_tax","/wiki/Per_unit_tax","/wiki/Value_added_tax","/wiki/Value_added_tax","/wiki/Tax","/wiki/Government","#cite_note-1","#cite_note-2","/wiki/Elasticity_(economics)","/wiki/Direct_tax","/wiki/Excise_tax_in_the_United_States","#Features","#Excise_duty","#Notes","#See_also","/w/index.php?title=Indirect_tax&action=edit&section=1","/w/index.php?title=Indirect_tax&action=edit&section=2","#cite_note-3","/w/index.php?title=Indirect_tax&action=edit&section=3","#cite_ref-1","http://www.britannica.com/eb/article-72003/taxation","http://financial-dictionary.thefreedictionary.com/Direct+taxes","#cite_ref-2","http://financial-dictionary.thefreedictionary.com/Indirect+taxes","#cite_ref-3","http://download.nos.org/srsec311new/L.No.40-A.pdf","/w/index.php?title=Indirect_tax&action=edit&section=4","/wiki/Direct_tax","/wiki/United_Kingdom_Corporation_Tax","/wiki/Income_tax_in_the_United_States","/wiki/Value_Added_Tax","/wiki/Financial_repression","/w/index.php?title=Canons_Of_Taxation&action=edit&redlink=1","/w/index.php?title=Difference_between_indirect_tax_and_direct_tax&action=edit&redlink=1","http://en.wikipedia.org/w/index.php?title=Indirect_tax&oldid=543971400","/wiki/Help:Categories","/wiki/Category:Taxation","/w/index.php?title=Special:UserLogin&returnto=Indirect+tax&type=signup","/w/index.php?title=Special:UserLogin&returnto=Indirect+tax","/wiki/Indirect_tax","/wiki/Talk:Indirect_tax","#","/wiki/Indirect_tax","/w/index.php?title=Indirect_tax&action=edit","/w/index.php?title=Indirect_tax&action=history","#","/w/index.php","//bits.wikimedia.org/static-1.21wmf11/skins/vector/images/search-ltr.png?303-4","/wiki/Main_Page","/wiki/Main_Page","/wiki/Portal:Contents","/wiki/Portal:Featured_content","/wiki/Portal:Current_events","/wiki/Special:Random","//donate.wikimedia.org/wiki/Special:FundraiserRedirector?utm_source=donate&utm_medium=sidebar&utm_campaign=C13_en.wikipedia.org&uselang=en","/wiki/Help:Contents","/wiki/Wikipedia:About","/wiki/Wikipedia:Community_portal","/wiki/Special:RecentChanges","/wiki/Wikipedia:Contact_us","/wiki/Special:WhatLinksHere/Indirect_tax","/wiki/Special:RecentChangesLinked/Indirect_tax","/wiki/Wikipedia:File_Upload_Wizard","/wiki/Special:SpecialPages","/w/index.php?title=Indirect_tax&oldid=543971400","/w/index.php?title=Indirect_tax&action=info","/w/index.php?title=Special:Cite&page=Indirect_tax&id=543971400","/w/index.php?title=Special:Book&bookcmd=book_creator&referer=Indirect+tax","/w/index.php?title=Special:Book&bookcmd=render_article&arttitle=Indirect+tax&oldid=543971400&writer=rl","/w/index.php?title=Indirect_tax&printable=yes","//bg.wikipedia.org/wiki/%D0%9A%D0%BE%D1%81%D0%B2%D0%B5%D0%BD_%D0%B4%D0%B0%D0%BD%D1%8A%D0%BA","//bs.wikipedia.org/wiki/Indirektni_porez","//cs.wikipedia.org/wiki/Nep%C5%99%C3%ADm%C3%A1_da%C5%88","//fr.wikipedia.org/wiki/Imp%C3%B4t_indirect","//kk.wikipedia.org/wiki/%D0%96%D0%B0%D0%BD%D0%B0%D0%BC%D0%B0_%D1%81%D0%B0%D0%BB%D1%8B%D2%9B%D1%82%D0%B0%D1%80","//lv.wikipedia.org/wiki/Netie%C5%A1ie_nodok%C4%BCi","//lt.wikipedia.org/wiki/Netiesioginis_mokestis","//ml.wikipedia.org/wiki/%E0%B4%AA%E0%B4%B0%E0%B5%8B%E0%B4%95%E0%B5%8D%E0%B4%B7%E0%B4%A8%E0%B4%BF%E0%B4%95%E0%B5%81%E0%B4%A4%E0%B4%BF","//ms.wikipedia.org/wiki/Cukai_tak_langsung","//nl.wikipedia.org/wiki/Indirecte_belastingen","//no.wikipedia.org/wiki/Indirekte_skatt","//pl.wikipedia.org/wiki/Podatek_po%C5%9Bredni","//pt.wikipedia.org/wiki/Imposto_indireto","//ru.wikipedia.org/wiki/%D0%9A%D0%BE%D1%81%D0%B2%D0%B5%D0%BD%D0%BD%D1%8B%D0%B9_%D0%BD%D0%B0%D0%BB%D0%BE%D0%B3","//simple.wikipedia.org/wiki/Indirect_tax","//sk.wikipedia.org/wiki/Nepriama_da%C5%88","//sv.wikipedia.org/wiki/Indirekt_skatt","//ta.wikipedia.org/wiki/%E0%AE%AE%E0%AE%B1%E0%AF%88%E0%AE%AE%E0%AF%81%E0%AE%95_%E0%AE%B5%E0%AE%B0%E0%AE%BF","//th.wikipedia.org/wiki/%E0%B8%A0%E0%B8%B2%E0%B8%A9%E0%B8%B5%E0%B8%97%E0%B8%B2%E0%B8%87%E0%B8%AD%E0%B9%89%E0%B8%AD%E0%B8%A1","//uk.wikipedia.org/wiki/%D0%9D%D0%B5%D0%BF%D1%80%D1%8F%D0%BC%D1%96_%D0%BF%D0%BE%D0%B4%D0%B0%D1%82%D0%BA%D0%B8","//vi.wikipedia.org/wiki/Thu%E1%BA%BF_gi%C3%A1n_thu","//zh.wikipedia.org/wiki/%E9%96%93%E6%8E%A5%E7%A8%85","//www.wikidata.org/wiki/Special:ItemByTitle/enwiki/Indirect tax","//en.wikipedia.org/wiki/Wikipedia:Text_of_Creative_Commons_Attribution-ShareAlike_3.0_Unported_License","//creativecommons.org/licenses/by-sa/3.0/","//wikimediafoundation.org/wiki/Terms_of_Use","//www.wikimediafoundation.org/","//en.wikipedia.org/wiki/Wikipedia:Contact_us","//wikimediafoundation.org/wiki/Privacy_policy","/wiki/Wikipedia:About","/wiki/Wikipedia:General_disclaimer","http://en.m.wikipedia.org/wiki/Indirect_tax","//wikimediafoundation.org/","//bits.wikimedia.org/images/wikimedia-button.png","//www.mediawiki.org/","//bits.wikimedia.org/static-1.21wmf11/skins/common/images/poweredby_mediawiki_88x31.png","//bits.wikimedia.org/en.wikipedia.org/load.php?debug=false&lang=en&modules=skins.vector&only=scripts&skin=vector&*","/w/index.php?title=MediaWiki:Gadget-ReferenceTooltips.js&action=raw&ctype=text/javascript&508635914","//bits.wikimedia.org/en.wikipedia.org/load.php?debug=false&lang=en&modules=site&only=scripts&skin=vector&*"],"instances":["economics"],"pdf":["http://download.nos.org/srsec311new/L.No.40-A.pdf"],"categories":["Taxation"],"headings":["Features","Excise duty","Notes","See also"],"image":["//bits.wikimedia.org/static-1.21wmf11/skins/vector/images/search-ltr.png?303-4","//bits.wikimedia.org/images/wikimedia-button.png","//bits.wikimedia.org/static-1.21wmf11/skins/common/images/poweredby_mediawiki_88x31.png"],"tags":[["elasticity","economics"]],"members":["elasticity"],"related":["Sales_tax","Per_unit_tax","Value_added_tax","Value_added_tax","Tax","Government","Elasticity_(economics)","Direct_tax","Excise_tax_in_the_United_States","Direct_tax","United_Kingdom_Corporation_Tax","Income_tax_in_the_United_States","Value_Added_Tax","Financial_repression","Canons_Of_Taxation","Difference_between_indirect_tax_and_direct_tax"]}