{"cursor":"26","size":15,"audio":[],"currentlang":"en","article":"#redirectBomb disposal\n","linknr":454,"url":"Disabling_an_explosive_device","recorded":1362671328,"links":35,"instances":[],"pdf":["http://www.mod.uk/NR/rdonlyres/5011A2EB-8ADD-4E1D-87EA-E7C40D61B2DA/0/20071218_jdp2_02_U_DCDCIMAPPS.pdf","http://www.wmdtraining.com/Commonalities_in_Bomb_Disposal_Technicians.pdf","http://www.wmdtraining.com/Commonalities_in_Bomb_Disposal_Technicians.pdf"],"categories":[],"headings":[],"image":["//upload.wikimedia.org/wikipedia/en/thumb/9/99/Question_book-new.svg/50px-Question_book-new.svg.png","//upload.wikimedia.org/wikipedia/commons/thumb/b/b1/Eod_technician_ireland.jpg/220px-Eod_technician_ireland.jpg","//bits.wikimedia.org/static-1.21wmf10/skins/common/images/magnify-clip.png","//upload.wikimedia.org/wikipedia/commons/thumb/c/c1/M112_Demolition_Charge.jpg/220px-M112_Demolition_Charge.jpg","//bits.wikimedia.org/static-1.21wmf10/skins/common/images/magnify-clip.png","//upload.wikimedia.org/wikipedia/en/thumb/f/f2/Edit-clear.svg/40px-Edit-clear.svg.png","//upload.wikimedia.org/wikipedia/commons/thumb/c/c2/US_Navy_explosive_ordnance_disposal_%28EOD%29_divers.jpg/220px-US_Navy_explosive_ordnance_disposal_%28EOD%29_divers.jpg","//bits.wikimedia.org/static-1.21wmf10/skins/common/images/magnify-clip.png","//upload.wikimedia.org/wikipedia/commons/thumb/c/c8/3rd_Battalion_3rd_Marines_controlled_detonation.jpg/220px-3rd_Battalion_3rd_Marines_controlled_detonation.jpg","//bits.wikimedia.org/static-1.21wmf10/skins/common/images/magnify-clip.png","//upload.wikimedia.org/wikipedia/commons/thumb/9/96/FBI_officer_in_bomb_suit_conducting_training_mission.jpg/220px-FBI_officer_in_bomb_suit_conducting_training_mission.jpg","//bits.wikimedia.org/static-1.21wmf10/skins/common/images/magnify-clip.png","//upload.wikimedia.org/wikipedia/en/thumb/3/37/Remotely_controlled_bomb_disposal_tool.JPG/220px-Remotely_controlled_bomb_disposal_tool.JPG","//bits.wikimedia.org/static-1.21wmf10/skins/common/images/magnify-clip.png","//upload.wikimedia.org/wikipedia/commons/thumb/0/00/Bundeswehr_manipulator_04.jpg/220px-Bundeswehr_manipulator_04.jpg","//bits.wikimedia.org/static-1.21wmf10/skins/common/images/magnify-clip.png","//upload.wikimedia.org/wikipedia/commons/thumb/c/cb/US_Navy_090114-N-8730P-037_The_detonation_of_a_Boot_Banger_water_charge_demonstrates_its_destructive_power.jpg/220px-US_Navy_090114-N-8730P-037_The_detonation_of_a_Boot_Banger_water_charge_demonstrates_its_destructive_power.jpg","//bits.wikimedia.org/static-1.21wmf10/skins/common/images/magnify-clip.png","//upload.wikimedia.org/wikipedia/en/thumb/9/99/Question_book-new.svg/50px-Question_book-new.svg.png","//upload.wikimedia.org/wikipedia/commons/thumb/f/f8/Wiktionary-logo-en.svg/37px-Wiktionary-logo-en.svg.png","//upload.wikimedia.org/wikipedia/en/thumb/4/4a/Commons-logo.svg/30px-Commons-logo.svg.png","//bits.wikimedia.org/static-1.21wmf10/skins/vector/images/search-ltr.png?303-4","//bits.wikimedia.org/images/wikimedia-button.png","//bits.wikimedia.org/static-1.21wmf10/skins/common/images/poweredby_mediawiki_88x31.png"],"tags":[],"members":[],"related":["Bomb_disposal"]}