{"cursor":"1786","size":15,"audio":[],"currentlang":"en","article":"{{Infobox pro football player |image= |birth_date= |birth_place=Fairfield,\nAlabama, U.S. |death_date= |position=Cornerback |college=Lincoln\n|AFLDraftedYear=1966 |AFLDraftedRound=7 / 7th Pick |DatabaseFootball=TOLBEJIM01\n|PFR= |years=1966-1969 1970-1971 1972 1973-1975 1976\n|teams='[[American Football League|AFL]]' San Diego Chargers NFL San Diego\nChargers NFL Houston Oilers NFL St. Louis Cardinals NFL San Diego\nChargers }}\n\n'Jim Tolbert' (born in 1944) is a former professional American Football player\nwho played defensive back for eleven years in the American Football League and\nin the NFL from 1966 through 1976. Before his professional career, Tolbert\nplayed for Lincoln University of Missouri.\n","linknr":106,"url":"Jim_Tolbert","recorded":1364205243,"links":["/w/index.php?title=Jim_Tolbert&action=edit","/w/index.php?title=Jim_Tolbert&action=edit","//en.wikipedia.org/apple-touch-icon.png","//bits.wikimedia.org/favicon/wikipedia.ico","/w/opensearch_desc.php","//en.wikipedia.org/w/api.php?action=rsd","//creativecommons.org/licenses/by-sa/3.0/","/w/index.php?title=Special:RecentChanges&feed=atom","//bits.wikimedia.org/en.wikipedia.org/load.php?debug=false&lang=en&modules=ext.gadget.DRN-wizard%2CReferenceTooltips%2Ccharinsert%2Cteahouse%7Cext.wikihiero%7Cmediawiki.legacy.commonPrint%2Cshared%7Cmw.PopUpMediaTransform%7Cskins.vector&only=styles&skin=vector&*","//bits.wikimedia.org/en.wikipedia.org/load.php?debug=false&lang=en&modules=site&only=styles&skin=vector&*","//bits.wikimedia.org/en.wikipedia.org/load.php?debug=false&lang=en&modules=startup&only=scripts&skin=vector&*","//bits.wikimedia.org/geoiplookup","//meta.wikimedia.org","#mw-head","#p-search","/wiki/Fairfield,_Alabama","/wiki/United_States","/wiki/American_football_positions","/wiki/Cornerback","/wiki/College_football","/wiki/Lincoln_University_of_Missouri","/wiki/American_Football_League_Draft","/wiki/1966_American_Football_League_Draft#Round_7_.2F_7th_Pick","http://www.databasefootball.com/players/playerpage.htm?ilkid=TOLBEJIM01","/wiki/American_Football_League","/wiki/San_Diego_Chargers","/wiki/Houston_Oilers","/wiki/Arizona_Cardinals","/wiki/San_Diego_Chargers","/wiki/American_Football","/wiki/Defensive_back","/wiki/American_Football_League","/wiki/National_Football_League","/wiki/Lincoln_University_of_Missouri","/w/index.php?title=Jim_Tolbert&action=edit&section=1","/wiki/List_of_American_Football_League_players","/wiki/Wikipedia:Persondata","/wiki/Fairfield,_Alabama","/wiki/United_States","/wiki/File:Football_Template_USA.svg","//upload.wikimedia.org/wikipedia/commons/thumb/6/6b/Football_Template_USA.svg/32px-Football_Template_USA.svg.png","/wiki/Wikipedia:Stub","//en.wikipedia.org/w/index.php?title=Jim_Tolbert&action=edit","/wiki/Template:Defensiveback-1940s-stub","/wiki/Template_talk:Defensiveback-1940s-stub","//en.wikipedia.org/w/index.php?title=Template:Defensiveback-1940s-stub&action=edit","http://en.wikipedia.org/w/index.php?title=Jim_Tolbert&oldid=496014964","/wiki/Help:Categories","/wiki/Category:1944_births","/wiki/Category:Living_people","/wiki/Category:People_from_Fairfield,_Alabama","/wiki/Category:American_football_cornerbacks","/wiki/Category:San_Diego_Chargers_(AFL)_players","/wiki/Category:San_Diego_Chargers_players","/wiki/Category:Houston_Oilers_players","/wiki/Category:St._Louis_Cardinals_(football)_players","/wiki/Category:Lincoln_Blue_Tigers_football_players","/wiki/Category:American_football_defensive_back,_1940s_birth_stubs","/w/index.php?title=Special:UserLogin&returnto=Jim+Tolbert&type=signup","/w/index.php?title=Special:UserLogin&returnto=Jim+Tolbert","/wiki/Jim_Tolbert","/wiki/Talk:Jim_Tolbert","#","/wiki/Jim_Tolbert","/w/index.php?title=Jim_Tolbert&action=edit","/w/index.php?title=Jim_Tolbert&action=history","#","/w/index.php","//bits.wikimedia.org/static-1.21wmf11/skins/vector/images/search-ltr.png?303-4","/wiki/Main_Page","/wiki/Main_Page","/wiki/Portal:Contents","/wiki/Portal:Featured_content","/wiki/Portal:Current_events","/wiki/Special:Random","//donate.wikimedia.org/wiki/Special:FundraiserRedirector?utm_source=donate&utm_medium=sidebar&utm_campaign=C13_en.wikipedia.org&uselang=en","/wiki/Help:Contents","/wiki/Wikipedia:About","/wiki/Wikipedia:Community_portal","/wiki/Special:RecentChanges","/wiki/Wikipedia:Contact_us","/wiki/Special:WhatLinksHere/Jim_Tolbert","/wiki/Special:RecentChangesLinked/Jim_Tolbert","/wiki/Wikipedia:File_Upload_Wizard","/wiki/Special:SpecialPages","/w/index.php?title=Jim_Tolbert&oldid=496014964","/w/index.php?title=Jim_Tolbert&action=info","/w/index.php?title=Special:Cite&page=Jim_Tolbert&id=496014964","/w/index.php?title=Special:Book&bookcmd=book_creator&referer=Jim+Tolbert","/w/index.php?title=Special:Book&bookcmd=render_article&arttitle=Jim+Tolbert&oldid=496014964&writer=rl","/w/index.php?title=Jim_Tolbert&printable=yes","//en.wikipedia.org/wiki/Wikipedia:Text_of_Creative_Commons_Attribution-ShareAlike_3.0_Unported_License","//creativecommons.org/licenses/by-sa/3.0/","//wikimediafoundation.org/wiki/Terms_of_Use","//www.wikimediafoundation.org/","//en.wikipedia.org/wiki/Wikipedia:Contact_us","//wikimediafoundation.org/wiki/Privacy_policy","/wiki/Wikipedia:About","/wiki/Wikipedia:General_disclaimer","http://en.m.wikipedia.org/wiki/Jim_Tolbert","//wikimediafoundation.org/","//bits.wikimedia.org/images/wikimedia-button.png","//www.mediawiki.org/","//bits.wikimedia.org/static-1.21wmf11/skins/common/images/poweredby_mediawiki_88x31.png","//bits.wikimedia.org/en.wikipedia.org/load.php?debug=false&lang=en&modules=skins.vector&only=scripts&skin=vector&*","/w/index.php?title=MediaWiki:Gadget-ReferenceTooltips.js&action=raw&ctype=text/javascript&508635914","//bits.wikimedia.org/en.wikipedia.org/load.php?debug=false&lang=en&modules=site&only=scripts&skin=vector&*"],"instances":[],"pdf":[],"categories":["1944 births","Living people","People from Fairfield, Alabama","American football cornerbacks","San Diego Chargers (AFL) players","San Diego Chargers players","Houston Oilers players","St. Louis Cardinals (football) players","Lincoln Blue Tigers football players"],"headings":["See also"],"image":["//upload.wikimedia.org/wikipedia/commons/thumb/6/6b/Football_Template_USA.svg/32px-Football_Template_USA.svg.png","//bits.wikimedia.org/static-1.21wmf11/skins/vector/images/search-ltr.png?303-4","//bits.wikimedia.org/images/wikimedia-button.png","//bits.wikimedia.org/static-1.21wmf11/skins/common/images/poweredby_mediawiki_88x31.png"],"tags":[],"members":[],"related":["Fairfield,_Alabama","United_States","Cornerback","Lincoln_University_of_Missouri","San_Diego_Chargers","Houston_Oilers","Arizona_Cardinals","San_Diego_Chargers","American_Football","Defensive_back","American_Football_League","National_Football_League","Lincoln_University_of_Missouri","List_of_American_Football_League_players","Fairfield,_Alabama","United_States"]}