{"cursor":"5443","size":15,"audio":[],"currentlang":"en","article":"'Background extinction rate', also known as ânormal extinction rateâ, refers to\nthe standard rate of extinction in earthâs geological and biological history\nbefore humans became a primary contributor to extinctions. This is primarily the\npre-human extinction rates during periods in between major extinction events.\n","linknr":116,"url":"Background_extinction_rate","recorded":1362898491,"links":10,"instances":[],"pdf":[],"categories":["Extinction"],"headings":["Overview","Measurement","Lifespan estimates","Accuracy","References","Further reading","External links"],"image":["//bits.wikimedia.org/static-1.21wmf9/skins/vector/images/search-ltr.png?303-4","//bits.wikimedia.org/images/wikimedia-button.png","//bits.wikimedia.org/static-1.21wmf9/skins/common/images/poweredby_mediawiki_88x31.png"],"tags":[],"members":[],"related":["Extinction","Extinction_event","Natural_selection","Frequency","Extinction_events","Geological_time","Human_impact_on_the_environment"]}