{"cursor":"82138","size":15,"audio":[],"currentlang":"en","article":"\n\n\n{{Infobox Continent |title = North America |image = |area = |population =\n528,720,588 (2008, 4th) |density = 22.9/km 2 (59.3/sq mi) This North American density figure is based on a total land area of\n23,090,542 km 2 only, considerably less than the total combined land\nand water area of 24,709,000 kmÂ². |demonym = North American,\nAmerican |countries = 23 |list_countries = List of North American\ncountries |dependencies = see [[List of North American countries]] |languages =\nEnglish, Spanish, French and many others |time = UTC-10 to UTC |cities = List of\nNorth American cities by population }}\n\n'North America' is a continent wholly within the Northern Hemisphere and almost\nwholly within the Western Hemisphere. It is also considered a northern\nsubcontinent of the Americas. It is\nbordered to the north by the Arctic Ocean, to the east by the Atlantic Ocean, to\nthe west and south by the Pacific Ocean, and to the southeast by South America\nand the Caribbean Sea.\n\nNorth America covers an area of about 24,709,000 square kilometers (9,540,000 square miles), about 4.8% of the planet's\nsurface or about 16.5% of its land area. As of July 2008, its population was\nestimated at nearly 529 million people across 23 independent states,\nrepresenting about 7.5% of the human population. North America is the third-\nlargest continent in area, following Asia and Africa, and the fourth in\npopulation after Asia, Africa, and Europe.\n\nThe first people to live in North America were Paleoindians who began to arrive\nduring the last glacial period by crossing the Bering land bridge. They\ndifferentiated into a number of diverse cultures and communities across the\ncontinent. The largest and most advanced Pre-Columbian civilizations in North\nAmerica were the Aztecs in what is now Mexico and the Mayans in Central America.\nEuropean colonists began to arrive starting in the 16th and 17th centuries,\nwiping out large numbers of the native populations and beginning an era of\nEuropean dominance.\n","linknr":1803,"url":"North_America","recorded":1362372463,"links":343,"instances":["ppp_per_capita","north_america","city_type","north_america","agriculture","geology","people","terminology","plant","island","americas"],"pdf":["http://web.archive.org/web/20080307073846/http://multimedia.olympic.org/pdf/en_report_672.pdf","http://multimedia.olympic.org/pdf/en_report_672.pdf","http://web.archive.org/web/20080307073846/http://multimedia.olympic.org/pdf/en_report_672.pdf","http://www.moscow2001.olympic.org/en/pdf/members_by_continent.pdf","http://cuba.ija.csic.es/~danielgc/papers/Garcia-Castellanos,%20Lombardo,%202007,%20SGJ.pdf","http://cuba.ija.csic.es/~danielgc/papers/Garcia-Castellanos,%20Lombardo,%202007,%20SGJ.pdf","http://hdr.undp.org/en/media/HDR_2010_EN_Complete.pdf","http://hdr.undp.org/en/media/HDR_2010_EN_Complete.pdf","http://www.icfdn.org/publications/blurredborders/documents/urbanch4.pdf","http://www.icfdn.org/publications/blurredborders/documents/urbanch4.pdf","http://www.nationalaglawcenter.org/assets/crs/RL33087.pdf","http://www.nationalaglawcenter.org/assets/crs/RL33087.pdf","http://www.bea.gov/newsreleases/national/gdp/2011/pdf/gdp4q10_adv.pdf","http://www.bea.gov/newsreleases/national/gdp/2011/pdf/gdp4q10_adv.pdf","http://www.fas.org/sgp/crs/row/R40784.pdf","http://www.fas.org/sgp/crs/row/R40784.pdf","http://unstats.un.org/unsd/demographic/products/dyb/dyb2008/Table03.pdf","http://unstats.un.org/unsd/demographic/products/dyb/dyb2008/Table03.pdf","http://www.un.org/esa/population/publications/wpp2008/wpp2008_text_tables.pdf","http://www.un.org/esa/population/publications/wpp2008/wpp2008_text_tables.pdf"],"categories":["Continents","North America|","Regions of the Americas"],"headings":["Etymology","History","Geography and extent","Demographics","Geology","Economy","Infrastructure","Regions","Countries, territories, and dependencies","Usage of the term ''North America''","See also","Notes","References","External links"],"image":["//upload.wikimedia.org/wikipedia/commons/thumb/f/fc/Padlock-silver.svg/20px-Padlock-silver.svg.png","//upload.wikimedia.org/wikipedia/commons/thumb/4/43/Location_North_America.svg/200px-Location_North_America.svg.png","//upload.wikimedia.org/wikipedia/commons/thumb/d/dc/Historisch_Nordamerika.jpg/220px-Historisch_Nordamerika.jpg","//bits.wikimedia.org/static-1.21wmf10/skins/common/images/magnify-clip.png","//upload.wikimedia.org/wikipedia/commons/thumb/d/da/Chichen-Itza_El_Castillo.jpg/220px-Chichen-Itza_El_Castillo.jpg","//bits.wikimedia.org/static-1.21wmf10/skins/common/images/magnify-clip.png","//upload.wikimedia.org/wikipedia/commons/thumb/4/4f/Benjamin_West_005.jpg/220px-Benjamin_West_005.jpg","//bits.wikimedia.org/static-1.21wmf10/skins/common/images/magnify-clip.png","//upload.wikimedia.org/wikipedia/commons/thumb/2/29/North_America_satellite_orthographic.jpg/220px-North_America_satellite_orthographic.jpg","//bits.wikimedia.org/static-1.21wmf10/skins/common/images/magnify-clip.png","//upload.wikimedia.org/wikipedia/commons/thumb/c/c5/Moraine_Lake_17092005.jpg/220px-Moraine_Lake_17092005.jpg","//bits.wikimedia.org/static-1.21wmf10/skins/common/images/magnify-clip.png","//upload.wikimedia.org/wikipedia/commons/thumb/9/9f/Non-Native_American_Nations_Control_over_N_America_1750-2008.gif/220px-Non-Native_American_Nations_Control_over_N_America_1750-2008.gif","//bits.wikimedia.org/static-1.21wmf10/skins/common/images/magnify-clip.png","//upload.wikimedia.org/wikipedia/commons/thumb/8/8b/Languages_of_the_Americas.PNG/220px-Languages_of_the_Americas.PNG","//bits.wikimedia.org/static-1.21wmf10/skins/common/images/magnify-clip.png","//upload.wikimedia.org/wikipedia/commons/thumb/a/a5/Langs_N.Amer.png/220px-Langs_N.Amer.png","//bits.wikimedia.org/static-1.21wmf10/skins/common/images/magnify-clip.png","//upload.wikimedia.org/wikipedia/commons/thumb/3/33/Ciudad_De_Mexico.jpg/200px-Ciudad_De_Mexico.jpg","//upload.wikimedia.org/wikipedia/commons/thumb/e/e7/Empire_State_Building_From_NJ.jpg/200px-Empire_State_Building_From_NJ.jpg","//upload.wikimedia.org/wikipedia/commons/thumb/7/71/L.A_Financial_district.JPG/200px-L.A_Financial_district.JPG","//upload.wikimedia.org/wikipedia/commons/thumb/2/21/Buckingham_Fountain_in_Chicago_at_night_.jpg/200px-Buckingham_Fountain_in_Chicago_at_night_.jpg","//upload.wikimedia.org/wikipedia/commons/thumb/e/e3/Toronto-view-from-cn-tower.jpg/200px-Toronto-view-from-cn-tower.jpg","//upload.wikimedia.org/wikipedia/commons/thumb/c/cc/Geologic_map_of_North_America.jpg/220px-Geologic_map_of_North_America.jpg","//bits.wikimedia.org/static-1.21wmf10/skins/common/images/magnify-clip.png","//upload.wikimedia.org/wikipedia/commons/thumb/0/0d/North_america_rock_types.jpg/150px-North_america_rock_types.jpg","//bits.wikimedia.org/static-1.21wmf10/skins/common/images/magnify-clip.png","//upload.wikimedia.org/wikipedia/commons/thumb/1/1e/North_america_terrain_2003_map.jpg/180px-North_america_terrain_2003_map.jpg","//upload.wikimedia.org/wikipedia/commons/thumb/a/a7/North_america_basement_rocks.png/180px-North_america_basement_rocks.png","//upload.wikimedia.org/wikipedia/commons/thumb/0/04/Tectonic_plates_Caribbean.png/220px-Tectonic_plates_Caribbean.png","//bits.wikimedia.org/static-1.21wmf10/skins/common/images/magnify-clip.png","//upload.wikimedia.org/wikipedia/en/thumb/a/a4/Flag_of_the_United_States.svg/22px-Flag_of_the_United_States.svg.png","//upload.wikimedia.org/wikipedia/commons/thumb/f/fc/Flag_of_Mexico.svg/22px-Flag_of_Mexico.svg.png","//upload.wikimedia.org/wikipedia/en/thumb/c/cf/Flag_of_Canada.svg/22px-Flag_of_Canada.svg.png","//upload.wikimedia.org/wikipedia/commons/thumb/b/bd/Flag_of_Cuba.svg/22px-Flag_of_Cuba.svg.png","//upload.wikimedia.org/wikipedia/commons/thumb/9/9f/Flag_of_the_Dominican_Republic.svg/22px-Flag_of_the_Dominican_Republic.svg.png","//upload.wikimedia.org/wikipedia/commons/thumb/e/ec/Flag_of_Guatemala.svg/22px-Flag_of_Guatemala.svg.png","//upload.wikimedia.org/wikipedia/commons/thumb/f/f2/Flag_of_Costa_Rica.svg/22px-Flag_of_Costa_Rica.svg.png","//upload.wikimedia.org/wikipedia/commons/thumb/a/ab/Flag_of_Panama.svg/22px-Flag_of_Panama.svg.png","//upload.wikimedia.org/wikipedia/commons/thumb/3/34/Flag_of_El_Salvador.svg/22px-Flag_of_El_Salvador.svg.png","//upload.wikimedia.org/wikipedia/commons/thumb/8/82/Flag_of_Honduras.svg/22px-Flag_of_Honduras.svg.png","//upload.wikimedia.org/wikipedia/commons/thumb/1/12/PanAmericanHwy.png/220px-PanAmericanHwy.png","//bits.wikimedia.org/static-1.21wmf10/skins/common/images/magnify-clip.png","//upload.wikimedia.org/wikipedia/commons/thumb/8/8b/Class1rr.png/220px-Class1rr.png","//bits.wikimedia.org/static-1.21wmf10/skins/common/images/magnify-clip.png","//upload.wikimedia.org/wikipedia/commons/thumb/5/57/North_America.png/220px-North_America.png","//bits.wikimedia.org/static-1.21wmf10/skins/common/images/magnify-clip.png","//upload.wikimedia.org/wikipedia/commons/thumb/9/94/CIA_map_of_Central_America.png/220px-CIA_map_of_Central_America.png","//bits.wikimedia.org/static-1.21wmf10/skins/common/images/magnify-clip.png","//upload.wikimedia.org/wikipedia/commons/thumb/8/85/CIA_map_of_the_Caribbean.png/220px-CIA_map_of_the_Caribbean.png","//bits.wikimedia.org/static-1.21wmf10/skins/common/images/magnify-clip.png","//upload.wikimedia.org/wikipedia/commons/thumb/b/bf/Flag_of_Bermuda.svg/22px-Flag_of_Bermuda.svg.png","//upload.wikimedia.org/wikipedia/en/thumb/c/cf/Flag_of_Canada.svg/22px-Flag_of_Canada.svg.png","//upload.wikimedia.org/wikipedia/commons/thumb/0/09/Flag_of_Greenland.svg/22px-Flag_of_Greenland.svg.png","//upload.wikimedia.org/wikipedia/commons/thumb/f/fc/Flag_of_Mexico.svg/22px-Flag_of_Mexico.svg.png","//upload.wikimedia.org/wikipedia/commons/thumb/7/74/Flag_of_Saint-Pierre_and_Miquelon.svg/20px-Flag_of_Saint-Pierre_and_Miquelon.svg.png","//upload.wikimedia.org/wikipedia/en/thumb/a/a4/Flag_of_the_United_States.svg/22px-Flag_of_the_United_States.svg.png","//upload.wikimedia.org/wikipedia/commons/thumb/b/b4/Flag_of_Anguilla.svg/22px-Flag_of_Anguilla.svg.png","//upload.wikimedia.org/wikipedia/commons/thumb/8/89/Flag_of_Antigua_and_Barbuda.svg/22px-Flag_of_Antigua_and_Barbuda.svg.png","//upload.wikimedia.org/wikipedia/commons/thumb/f/f6/Flag_of_Aruba.svg/22px-Flag_of_Aruba.svg.png","//upload.wikimedia.org/wikipedia/commons/thumb/9/93/Flag_of_the_Bahamas.svg/22px-Flag_of_the_Bahamas.svg.png","//upload.wikimedia.org/wikipedia/commons/thumb/e/ef/Flag_of_Barbados.svg/22px-Flag_of_Barbados.svg.png","//upload.wikimedia.org/wikipedia/commons/thumb/1/1e/Flag_of_Bonaire.svg/22px-Flag_of_Bonaire.svg.png","//upload.wikimedia.org/wikipedia/commons/thumb/4/42/Flag_of_the_British_Virgin_Islands.svg/22px-Flag_of_the_British_Virgin_Islands.svg.png","//upload.wikimedia.org/wikipedia/commons/thumb/0/0f/Flag_of_the_Cayman_Islands.svg/22px-Flag_of_the_Cayman_Islands.svg.png","//upload.wikimedia.org/wikipedia/commons/thumb/b/bd/Flag_of_Cuba.svg/22px-Flag_of_Cuba.svg.png","//upload.wikimedia.org/wikipedia/commons/thumb/b/b1/Flag_of_Cura%C3%A7ao.svg/22px-Flag_of_Cura%C3%A7ao.svg.png","//upload.wikimedia.org/wikipedia/commons/thumb/c/c4/Flag_of_Dominica.svg/22px-Flag_of_Dominica.svg.png","//upload.wikimedia.org/wikipedia/commons/thumb/9/9f/Flag_of_the_Dominican_Republic.svg/22px-Flag_of_the_Dominican_Republic.svg.png","//upload.wikimedia.org/wikipedia/commons/thumb/b/bc/Flag_of_Grenada.svg/22px-Flag_of_Grenada.svg.png","//upload.wikimedia.org/wikipedia/en/thumb/c/c3/Flag_of_France.svg/22px-Flag_of_France.svg.png","//upload.wikimedia.org/wikipedia/commons/thumb/5/56/Flag_of_Haiti.svg/22px-Flag_of_Haiti.svg.png","//upload.wikimedia.org/wikipedia/commons/thumb/0/0a/Flag_of_Jamaica.svg/22px-Flag_of_Jamaica.svg.png","//upload.wikimedia.org/wikipedia/en/thumb/c/c3/Flag_of_France.svg/22px-Flag_of_France.svg.png","//upload.wikimedia.org/wikipedia/commons/thumb/d/d0/Flag_of_Montserrat.svg/22px-Flag_of_Montserrat.svg.png","//upload.wikimedia.org/wikipedia/en/thumb/a/a4/Flag_of_the_United_States.svg/22px-Flag_of_the_United_States.svg.png","//upload.wikimedia.org/wikipedia/commons/thumb/2/28/Flag_of_Puerto_Rico.svg/22px-Flag_of_Puerto_Rico.svg.png","//upload.wikimedia.org/wikipedia/commons/thumb/5/5a/Flag_of_Saba.svg/22px-Flag_of_Saba.svg.png","//upload.wikimedia.org/wikipedia/en/thumb/c/c3/Flag_of_France.svg/22px-Flag_of_France.svg.png","//upload.wikimedia.org/wikipedia/commons/thumb/f/fe/Flag_of_Saint_Kitts_and_Nevis.svg/22px-Flag_of_Saint_Kitts_and_Nevis.svg.png","//upload.wikimedia.org/wikipedia/commons/thumb/9/9f/Flag_of_Saint_Lucia.svg/22px-Flag_of_Saint_Lucia.svg.png","//upload.wikimedia.org/wikipedia/en/thumb/c/c3/Flag_of_France.svg/22px-Flag_of_France.svg.png","//upload.wikimedia.org/wikipedia/commons/thumb/6/6d/Flag_of_Saint_Vincent_and_the_Grenadines.svg/22px-Flag_of_Saint_Vincent_and_the_Grenadines.svg.png","//upload.wikimedia.org/wikipedia/commons/thumb/0/08/Flag_of_Sint_Eustatius.svg/22px-Flag_of_Sint_Eustatius.svg.png","//upload.wikimedia.org/wikipedia/commons/thumb/d/d3/Flag_of_Sint_Maarten.svg/22px-Flag_of_Sint_Maarten.svg.png","//upload.wikimedia.org/wikipedia/commons/thumb/6/64/Flag_of_Trinidad_and_Tobago.svg/22px-Flag_of_Trinidad_and_Tobago.svg.png","//upload.wikimedia.org/wikipedia/commons/thumb/a/a0/Flag_of_the_Turks_and_Caicos_Islands.svg/22px-Flag_of_the_Turks_and_Caicos_Islands.svg.png","//upload.wikimedia.org/wikipedia/commons/thumb/f/f8/Flag_of_the_United_States_Virgin_Islands.svg/22px-Flag_of_the_United_States_Virgin_Islands.svg.png","//upload.wikimedia.org/wikipedia/commons/thumb/e/e7/Flag_of_Belize.svg/22px-Flag_of_Belize.svg.png","//upload.wikimedia.org/wikipedia/commons/thumb/f/f2/Flag_of_Costa_Rica.svg/22px-Flag_of_Costa_Rica.svg.png","//upload.wikimedia.org/wikipedia/commons/thumb/3/34/Flag_of_El_Salvador.svg/22px-Flag_of_El_Salvador.svg.png","//upload.wikimedia.org/wikipedia/commons/thumb/e/ec/Flag_of_Guatemala.svg/22px-Flag_of_Guatemala.svg.png","//upload.wikimedia.org/wikipedia/commons/thumb/8/82/Flag_of_Honduras.svg/22px-Flag_of_Honduras.svg.png","//upload.wikimedia.org/wikipedia/commons/thumb/1/19/Flag_of_Nicaragua.svg/22px-Flag_of_Nicaragua.svg.png","//upload.wikimedia.org/wikipedia/commons/thumb/a/ab/Flag_of_Panama.svg/22px-Flag_of_Panama.svg.png","//upload.wikimedia.org/wikipedia/commons/thumb/8/8f/North_America_368x348.png/30px-North_America_368x348.png","//upload.wikimedia.org/wikipedia/commons/thumb/a/ab/Caribbean_map_blank.png/30px-Caribbean_map_blank.png","//upload.wikimedia.org/wikipedia/commons/thumb/7/7d/Map-Latin_America_and_Caribbean.png/24px-Map-Latin_America_and_Caribbean.png","//upload.wikimedia.org/wikipedia/en/thumb/6/6b/Terrestrial_globe.svg/29px-Terrestrial_globe.svg.png","//upload.wikimedia.org/wikipedia/commons/thumb/f/f8/Wiktionary-logo-en.svg/23px-Wiktionary-logo-en.svg.png","//upload.wikimedia.org/wikipedia/en/thumb/4/4a/Commons-logo.svg/18px-Commons-logo.svg.png","//upload.wikimedia.org/wikipedia/commons/thumb/1/1b/Wikiversity-logo-en.svg/25px-Wikiversity-logo-en.svg.png","//upload.wikimedia.org/wikipedia/commons/thumb/2/24/Wikinews-logo.svg/25px-Wikinews-logo.svg.png","//upload.wikimedia.org/wikipedia/commons/thumb/f/fa/Wikiquote-logo.svg/21px-Wikiquote-logo.svg.png","//upload.wikimedia.org/wikipedia/commons/thumb/4/4c/Wikisource-logo.svg/24px-Wikisource-logo.svg.png","//upload.wikimedia.org/wikipedia/commons/thumb/f/fa/Wikibooks-logo.svg/25px-Wikibooks-logo.svg.png","//upload.wikimedia.org/wikipedia/commons/thumb/8/8a/Wikivoyage-logo.svg/25px-Wikivoyage-logo.svg.png","//upload.wikimedia.org/wikipedia/commons/thumb/4/43/Location_North_America.svg/120px-Location_North_America.svg.png","//upload.wikimedia.org/wikipedia/commons/thumb/8/86/Africa_%28orthographic_projection%29.svg/75px-Africa_%28orthographic_projection%29.svg.png","//upload.wikimedia.org/wikipedia/commons/thumb/f/f2/Antarctica_%28orthographic_projection%29.svg/75px-Antarctica_%28orthographic_projection%29.svg.png","//upload.wikimedia.org/wikipedia/commons/thumb/8/80/Asia_%28orthographic_projection%29.svg/75px-Asia_%28orthographic_projection%29.svg.png","//upload.wikimedia.org/wikipedia/commons/thumb/e/e8/Australia-New_Guinea_%28orthographic_projection%29.svg/75px-Australia-New_Guinea_%28orthographic_projection%29.svg.png","//upload.wikimedia.org/wikipedia/commons/thumb/d/de/Europe_orthographic_Caucasus_Urals_boundary.svg/75px-Europe_orthographic_Caucasus_Urals_boundary.svg.png","//upload.wikimedia.org/wikipedia/commons/thumb/4/43/Location_North_America.svg/75px-Location_North_America.svg.png","//upload.wikimedia.org/wikipedia/commons/thumb/0/0f/South_America_%28orthographic_projection%29.svg/75px-South_America_%28orthographic_projection%29.svg.png","//upload.wikimedia.org/wikipedia/commons/thumb/c/c1/Afro-Eurasia_%28orthographic_projection%29.svg/75px-Afro-Eurasia_%28orthographic_projection%29.svg.png","//upload.wikimedia.org/wikipedia/commons/thumb/c/ca/Americas_%28orthographic_projection%29.svg/75px-Americas_%28orthographic_projection%29.svg.png","//upload.wikimedia.org/wikipedia/commons/thumb/3/30/Eurasia_%28orthographic_projection%29.svg/75px-Eurasia_%28orthographic_projection%29.svg.png","//upload.wikimedia.org/wikipedia/commons/thumb/4/43/Oceania%2C_broad_%28orthographic_projection%29.svg/75px-Oceania%2C_broad_%28orthographic_projection%29.svg.png","//upload.wikimedia.org/wikipedia/commons/thumb/8/89/Symbol_book_class2.svg/16px-Symbol_book_class2.svg.png","//upload.wikimedia.org/wikipedia/en/thumb/4/48/Folder_Hexagonal_Icon.svg/16px-Folder_Hexagonal_Icon.svg.png","//upload.wikimedia.org/wikipedia/commons/thumb/0/0f/LocationAfrica.png/60px-LocationAfrica.png","//upload.wikimedia.org/wikipedia/commons/thumb/a/a0/LocationOceania.png/60px-LocationOceania.png","//upload.wikimedia.org/wikipedia/commons/thumb/e/e9/LocationNorthAmerica.png/60px-LocationNorthAmerica.png","//upload.wikimedia.org/wikipedia/commons/thumb/0/02/LocationSouthAmerica.png/60px-LocationSouthAmerica.png","//upload.wikimedia.org/wikipedia/commons/thumb/9/9c/LocationPolarRegions.png/60px-LocationPolarRegions.png","//upload.wikimedia.org/wikipedia/commons/thumb/4/49/LocationAsia.svg/60px-LocationAsia.svg.png","//upload.wikimedia.org/wikipedia/commons/thumb/d/df/LocationOceans.png/60px-LocationOceans.png","//upload.wikimedia.org/wikipedia/commons/thumb/e/e9/LocationEurope.png/60px-LocationEurope.png","//upload.wikimedia.org/wikipedia/commons/thumb/d/df/LocationOceans.png/60px-LocationOceans.png","//bits.wikimedia.org/static-1.21wmf10/skins/vector/images/search-ltr.png?303-4","//bits.wikimedia.org/images/wikimedia-button.png","//bits.wikimedia.org/static-1.21wmf10/skins/common/images/poweredby_mediawiki_88x31.png"],"tags":[["newfoundland","island"],["mound_builder","people"],["crop","agriculture"],["squash","plant"],["0","number"],["newfoundland","island"],["washington","u.s._state"],["list_of_countries_by_gdp","ppp_per_capita"],["hotspot","geology"],["middle_america","americas"],["great_lakes_region","north_america"],["megalopolis","city_type"],["americas","terminology"],["turtle_island","north_america"]],"members":["list_of_countries_by_gdp","turtle_island","megalopolis","great_lakes_region","crop","hotspot","mound_builder","americas","washington","squash","newfoundland","middle_america"],"related":["List_of_continents_by_population","Americas","English_language","Spanish_language","French_language","Languages_of_North_America","UTC-10","UTC±0","List_of_North_American_cities_by_population","Continent","Northern_Hemisphere","Western_Hemisphere","Subcontinent","Americas","Arctic_Ocean","Atlantic_Ocean","Pacific_Ocean","South_America","Caribbean_Sea","List_of_sovereign_states_and_dependent_territories_in_North_America","Asia","Africa","List_of_continents_by_population","Europe","Paleoindians","Last_glacial_period","Bering_land_bridge","Aztecs","Mayans","Amerigo_Vespucci","Martin_Waldseemüller","Matthias_Ringmann","East_Indies","Gerard_Mercator","Christopher_Columbus","Alfred_Hudd","Richard_Amerike","John_Cabot","Newfoundland_(island)","Visigothic","Indigenous_peoples_of_the_Americas","Laurentia","Craton","Proterozoic","Canadian_Shield","Paleozoic","Mesozoic","Pangaea","Eurasia","Appalachian_Mountains","Taconic_orogeny","Laurasia","Cretaceous","Laramide_orogeny","Isthmus_of_Panama","Great_Lakes","Geologic_time","Dinosaur","Paleontology","Late_Jurassic","Jurassic","Morrison_Formation","Models_of_migration_to_the_New_World","Paleo-Indians","Indigenous_peoples_of_the_Americas","Creation_myth","Last_Ice_Age","Bering_Land_Bridge","Pre-Columbian","Band_society","Classification_of_indigenous_peoples_of_the_Americas","Geography_of_North_America","Lifeway","Plains_Bison","Hunter-gatherer","Plains_Indian","Mesoamerica","Indigenous_languages_of_the_Americas","Athabaskan_languages","Uto-Aztecan_languages","Material_culture","Allies","Inuit","Arctic","Dorset_culture","Archaeological_record","Thule_people","Kennewick_Man","Clovis_culture","New_Mexico","Mississippian_culture","Mound_builder_(people)","Mississippi_river","Ancient_Pueblo_Peoples","Four_Corners","Domestication","Crop_(agriculture)","Squash_(plant)","Maya_civilization","Maya_script","Mesoamerican_pyramids","Maya_calendar","0_(number)","Mesopotamians","Southern_Mexico","Guatemala","Conquistadors","Aztec_Empire","Tenochtitlan","Valley_of_Mexico","Hernán_Cortés","Battle_of_the_Plains_of_Abraham","Age_of_Discovery","New_World","Population_history_of_indigenous_peoples_of_the_Americas","Language_death","United_Kingdom","Spain","France","United_States_of_America","Canada","New_Spain","First_Mexican_Empire","Captaincy_General_of_Guatemala","Sovereign_state","Federal_Republic_of_Central_America","New_World","Western_Hemisphere","Americas","Continent","International_Olympic_Committee","Subcontinent","South_America","Isthmus_of_Panama","Darién_Gap","Colombia","Panama","Panama_Canal","Isthmus_of_Tehuantepec","Mexico","Caribbean","West_Indies","Land_bridge","Florida","Venezuela","Gulf_of_Mexico","Hudson_Bay","Gulf_of_Saint_Lawrence","Gulf_of_California","Canadian_Arctic_Archipelago","Bahamas","Turks_&_Caicos","Greater_Antilles","Lesser_Antilles","Aleutian_Islands","Eastern_Hemisphere","Alexander_Archipelago","British_Columbia_Coast","Newfoundland_(island)","Greenland","Denmark","List_of_islands_by_area","Tectonic_plate","North_American_Plate","Bermuda","Mid-Atlantic_Ridge","Cape_Hatteras","North_Carolina","Virginia","Banff_National_Park","Mexico","California","San_Diego","Los_Angeles","San_Francisco","Pacific_Plate","San_Andreas_fault","Caribbean","Caribbean_Plate","Juan_de_Fuca_Plate","Cocos_Plate","Great_Plains","Gulf_of_Mexico","Northern_Canada","Rocky_Mountains","Great_Basin","Geography_of_California","Alaska","Canadian_Shield","Appalachian_Mountains","Plateau","American_cordillera","Pacific_Coast_Ranges","Oregon","Washington_(U.S._state)","British_Columbia","Denali","Balta,_North_Dakota","Rugby,_North_Dakota","Obelisk","Continental_pole_of_inaccessibility","Allen,_South_Dakota","Kyle,_South_Dakota","Languages_in_North_America","Anglo-America","English_language","Canada","United_States","Belize","Caribbean","Commonwealth_Caribbean","Romance_language","Latin_language","Portuguese_language","Belize","Caribbean","Mexico","Guyana","French_Guiana","France","Quebec","New_Brunswick","Ontario","Manitoba","French_West_Indies","Saint-Pierre_et_Miquelon","Louisiana","Haiti","Haitian_Creole_language","Saint_Lucia","Commonwealth_of_Dominica","Developed_country","Newly_industrialized_countries","Caribbean","Barbados","Trinidad_and_Tobago","Antigua_and_Barbuda","List_of_countries_by_GDP_(PPP)_per_capita","Panama","Costa_Rica","List_of_countries_by_Human_Development_Index","Caucasian_race","Mestizo","Black_people","Indigenous_peoples_of_the_Americas","Asian_people","British_America","Spanish_Empire","Maya_civilization","Indigenous_peoples_of_the_Americas","Monterrey","Tijuana","Ciudad_Juárez","Mexicali","Culture_of_the_United_States","American_way","Americanization","Immigration_to_the_United_States","Immigration_to_Canada","Anglophone_Caribbean","British_Empire","Expatriate","Mexico_City","Toronto","Cuba","Haiti","Puerto_Rico","Jamaica","Trinidad_and_Tobago","Toronto","Havana","Santo_Domingo","Montreal","Sunbelt","Southern_California","Houston","Phoenix,_Arizona","Atlanta","Las_Vegas,_Nevada","Baby_Boomers","Tijuana","Water_shortages","Metropolitan_areas","Table_of_United_States_Metropolitan_Statistical_Areas","New_York_City_metropolitan_area","Los_Angeles_metropolitan_area","Chicago_metropolitan_area","Dallas–Fort_Worth_metroplex","Greater_Mexico_City","Toronto_metropolitan_area","Canada_-_United_States_border","Mexico_-_United_States_border","Urban_agglomerations","Detroit–Windsor","San_Diego–Tijuana","Megapolitan_area","Arizona_Sun_Corridor","Pacific_Northwest","Front_Range_Urban_Corridor","Great_Lakes_Megaregion","Gulf_Coast_of_the_United_States","Northeast_megalopolis","Northern_California","Piedmont_Atlantic","Southern_California","Texas_Triangle","Regional_Plan_Association","Quebec_City_–_Windsor_Corridor","Golden_Horseshoe","Central_Mexico","Regional_Plan_Association","Metropolitan_area","Greater_Mexico_City","New_York_metropolitan_area","Los_Angeles_metropolitan_area","Chicago_metropolitan_area","Greater_Toronto_Area","Dallas–Fort_Worth_metroplex","Delaware_Valley","Greater_Houston","Washington,_D.C._metropolitan_area","South_Florida_metropolitan_area","Precambrian","Palaeozoic","Zinc","Molybdenum","Uranium","Greater_Sudbury","Sudbury_Basin","Meteorite","Impact_crater","Temagami_Magnetic_Anomaly","Continental_United_States","Physiography","American_cordillera","Canadian_Shield","Appalachian_Mountains","Orogeny","Alaska","Neogene","Volcano","Hotspot_(geology)","Bedrock","Craton","Volcanic_eruption","1976_Guatemala_earthquake","Nicaragua","El_Salvador","2009_Costa_Rica_earthquake","2009_Honduras_earthquake","Volcano","Arenal_Volcano","Mountain_range","Sierra_Madre_de_Chiapas","Cordillera_Isabelia","Cordillera_de_Talamanca","Honduras","Guatemala","International_dollar","Newly_industrialized_country","North_American_Free_Trade_Agreement","Caribbean_Community_and_Common_Market","Central_American_Common_Market","Canada-Costa_Rica_Free_Trade_Agreement","Canada_-_United_States_trade_relations","Duty_free","CARICOM_passport","Free_Trade_Agreement","Central_American_Free_Trade_Agreement","Canada_–_Central_American_Free_Trade_Agreement","G3_Free_Trade_Agreement","Transatlantic_Free_Trade_Area","European_Union","US-Middle_East_Free_Trade_Area","Trans-Pacific_Strategic_Economic_Partnership","Prudhoe_Bay,_Alaska","Ushuaia","Pan-American_Highway","Pacific_Ocean","Golden_spike","Promontory_Summit,_Utah","U.S._West","Wagon_train","Grand_Trunk_Railway","North_American_Numbering_Plan","Telephone_numbering_plan","Insular_area","Bermuda","Caribbean","Anglo-America","Belize","Louisiana","Quebec","Francophone","Caribbean","Middle_America_(Americas)","Midwestern_United_States","British_Columbia_Coast","Canadian_Prairies","Atlantic_Canada","New_England","Mid-Atlantic_states","East_North_Central_States","West_North_Central_States","South_Atlantic_States","East_South_Central_States","West_South_Central_States","Mountain_States","Pacific_States","Great_Lakes_region_(North_America)","Megalopolis_(city_type)","Pacific_Northwest","Great_Lakes_Megaregion","List_of_countries_by_area","List_of_countries_by_population","List_of_sovereign_states_and_dependent_territories_by_population_density","Territorial_entities","Mexico","Bermuda","Cape_Hatteras","North_Carolina","Saint_Pierre_and_Miquelon","Newfoundland_and_Labrador","Hamilton,_Bermuda","Ottawa","Denmark","Nuuk","Godthåb","Mexico_City","Saint_Pierre_and_Miquelon","Saint-Pierre,_Saint_Pierre_and_Miquelon","The_Valley,_Anguilla","St._John's,_Antigua_and_Barbuda","Netherlands","Oranjestad,_Aruba","Lucayan_Archipelago","Caribbean_Sea","The_Bahamas","West_Indies","Caribbean","Nassau,_Bahamas","Bridgetown","Kralendijk","Road_Town","George_Town,_Cayman_Islands","Havana","Willemstad","Roseau","Santo_Domingo","St._George's,_Grenada","France","Basse-Terre","Port-au-Prince","Kingston,_Jamaica","Fort-de-France","Plymouth,_Montserrat","Brades,_Montserrat","Soufriere_Hills_volcano","San_Juan,_Puerto_Rico","The_Bottom","Gustavia,_Saint_Barthélemy","Basseterre","Castries","Marigot,_St._Martin","Kingstown","Oranjestad,_Sint_Eustatius","Philipsburg,_Sint_Maarten","List_of_countries_spanning_more_than_one_continent","Port_of_Spain","Lucayan_Archipelago","Caribbean_Sea","Turks_and_Caicos_Islands","West_Indies","Caribbean","Cockburn_Town","Charlotte_Amalie,_U.S._Virgin_Islands","Belmopan","San_José,_Costa_Rica","San_Salvador","Guatemala_City","Tegucigalpa","Managua","Panama_Canal","Panama_City","North_American_Free_Trade_Agreement","Ibero-America","New_Spain","Solemn_Act_of_the_Declaration_of_Independence_of_Northern_America","Americas_(terminology)","Bibliography_of_North_America","European_colonization_of_the_Americas","Fortress_North_America","Mountain_peaks_of_North_America","Nearctic_ecozone","Turtle_Island_(North_America)","Voyages_of_Christopher_Columbus","Caribbean_Community","North_American_Aerospace_Defense_Command","Organization_of_American_States"]}