{"cursor":"3425","size":15,"audio":[],"currentlang":"en","article":"{{Infobox Given Name Revised\n| name = Eduardo image= imagesize= caption= pronunciation=  gender =\n| Male meaning = region = origin = related names = Edward footnotes =\n}} 'Eduardo' is the Portuguese and Spanish form of the male given name Edward.\nIt may refer to:\n\nIn 'association football':\n* Eduardo da Silva, Brazilian-born Croatian footballer who currently plays for\n  Shakhtar Donetsk.\n* Eduardo Adelino da Silva, Brazilian football player who currently plays for\n  Sociedade Esportiva Recreativa e Cultural Brasil.\n* Eduardo Bonvallet, retired Chilean football player who is now a commentator.\n* Eduardo dos Reis Carvalho, Portuguese footballer who currently plays for\n  Benfica, on loan from Genoa.\n* Eduardo Costa, Brazilian footballer who currently plays for AS Monaco\n* Eduardo GonÃ§alves de Oliveira, Brazilian footballer who currently plays for\n  Schalke 04\n* Eduardo Martini, Brazilian footballer who currently plays for AA Ponte Preta.\n* Eduardo Ribeiro dos Santos, Brazilian footballer who currently plays\n  for RC Lens.\n* Eduardo Ferreira Abdo Pacheco, Brazilian footballer who currently plays for\n  FK Partizan.\n\nIn 'other fields': *Eduardo Barragan, Colombian boxer. *Eduardo Castro, Mexican\nlong-distance runner. *Eduardo Castro Luque, assassinated Mexican politician.\n*Eduardo Cojuangco, Jr., Filipino chairman of San Miguel Corporation, the\nlargest food and beverage corporation in the Philippines and Southeast Asia.\n*Eduardo Ferro Rodrigues, Portuguese politician *Eduardo Galeano, Uruguayan\njournalist and writer *Eduardo Guerrero, Colombian road cyclist *Eduardo Jhons,\nCuban fencer *Eduardo Prado Coelho, Portuguese writer *Eduardo Risso, Uruguayan\nrower *Eduardo Saverin, Co-founder of Facebook *Eduardo Serra, Portuguese\ncinematographer *Eduardo Souto de Moura, Portuguese architect *Eduardo Valente\nda Fonseca, Portuguese writer *Eduardo Kac, American contemporary artist\n*Eduardo Discoli, Argentine adventurer *Eduardo Eurnekian, An Argentine-Armenian\nbillionaire businessman. *Eduardo, an animated character in the television\nseries Foster's Home for Imaginary Friends *Eduardo MartÃ­nez, Argentine beach\nvolleyball player *Eduardo Maruri, Ecuadorian business man and politician\n*Eduardo Morales Miranda, Chilean physician and founder of Universidad Austral\nde Chile *Eduardo Nicol, Spanish-Mexican philosopher *Eduardo Panlilio, Filipino\npolitician and former priest, elected governor of Pampanga *Eduardo PÃ©rez\nBulnes, Argentine politician, one of the signatories of the Declaration of\nIndependence *Eduardo Piccinini, Brazilian butterfly swimmer\n","linknr":136,"url":"Eduardo","recorded":1364127252,"links":["/w/index.php?title=Eduardo&action=edit","/w/index.php?title=Eduardo&action=edit","//en.wikipedia.org/apple-touch-icon.png","//bits.wikimedia.org/favicon/wikipedia.ico","/w/opensearch_desc.php","//en.wikipedia.org/w/api.php?action=rsd","//creativecommons.org/licenses/by-sa/3.0/","/w/index.php?title=Special:RecentChanges&feed=atom","//bits.wikimedia.org/en.wikipedia.org/load.php?debug=false&lang=en&modules=ext.gadget.DRN-wizard%2CReferenceTooltips%2Ccharinsert%2Cteahouse%7Cext.wikihiero%7Cmediawiki.legacy.commonPrint%2Cshared%7Cmw.PopUpMediaTransform%7Cskins.vector&only=styles&skin=vector&*","//bits.wikimedia.org/en.wikipedia.org/load.php?debug=false&lang=en&modules=site&only=styles&skin=vector&*","//bits.wikimedia.org/en.wikipedia.org/load.php?debug=false&lang=en&modules=startup&only=scripts&skin=vector&*","//bits.wikimedia.org/geoiplookup","//meta.wikimedia.org","#mw-head","#p-search","/wiki/Help:IPA_for_Spanish","/wiki/Help:IPA_for_Portuguese_and_Galician","/wiki/Help:IPA_for_Portuguese_and_Galician","//upload.wikimedia.org/wikipedia/commons/thumb/f/f8/Wiktionary-logo-en.svg/37px-Wiktionary-logo-en.svg.png","//en.wiktionary.org/wiki/Eduardo","/wiki/Edward","/wiki/Eduardo_da_Silva","/wiki/Shakhtar_Donetsk","/wiki/Eduardo_Adelino_da_Silva","/wiki/Sociedade_Esportiva_Recreativa_e_Cultural_Brasil","/wiki/Eduardo_Bonvallet","/wiki/Sports_commentator","/wiki/Eduardo_dos_Reis_Carvalho","/wiki/S.L._Benfica","/wiki/Genoa_C.F.C.","/wiki/Eduardo_Costa","/wiki/AS_Monaco_FC","/wiki/Eduardo_Gon%C3%A7alves_de_Oliveira","/wiki/FC_Schalke_04","/wiki/Eduardo_Martini","/wiki/Eduardo_Ribeiro_dos_Santos","/wiki/RC_Lens","/wiki/Eduardo_Ferreira_Abdo_Pacheco","/wiki/FK_Partizan","/wiki/Eduardo_Barragan","/wiki/Eduardo_Castro","/wiki/Eduardo_Castro_Luque","/wiki/Eduardo_Cojuangco,_Jr.","/wiki/San_Miguel_Corporation","/wiki/Eduardo_Ferro_Rodrigues","/wiki/Eduardo_Galeano","/wiki/Eduardo_Guerrero_(cyclist)","/wiki/Eduardo_Jhons","/wiki/Eduardo_Prado_Coelho","/wiki/Eduardo_Risso_(rower)","/wiki/Eduardo_Saverin","/wiki/Facebook","/wiki/Eduardo_Serra","/wiki/Eduardo_Souto_de_Moura","/wiki/Eduardo_Valente_da_Fonseca","/wiki/Eduardo_Kac","/w/index.php?title=Eduardo_Discoli&action=edit&redlink=1","/wiki/Eduardo_Eurnekian","/wiki/List_of_characters_in_Foster%27s_Home_for_Imaginary_Friends","/wiki/Eduardo_Mart%C3%ADnez","/wiki/Eduardo_Maruri","/wiki/Eduardo_Morales_Miranda","/wiki/Eduardo_Nicol","/wiki/Eduardo_Panlilio","/wiki/Eduardo_P%C3%A9rez_Bulnes","/wiki/Argentine_Declaration_of_Independence","/wiki/Eduardo_Piccinini","/w/index.php?title=Eduardo&action=edit&section=1","/wiki/Duarte_(disambiguation)","/wiki/Edoardo","/wiki/Edu_(disambiguation)","/wiki/File:WPanthroponymy.svg","//upload.wikimedia.org/wikipedia/commons/thumb/9/99/WPanthroponymy.svg/30px-WPanthroponymy.svg.png","/wiki/Given_name","//en.wikipedia.org/w/index.php?title=Special:WhatLinksHere/Eduardo&namespace=0","http://en.wikipedia.org/w/index.php?title=Eduardo&oldid=540899938","/wiki/Help:Categories","/wiki/Category:Italian_masculine_given_names","/wiki/Category:Spanish_masculine_given_names","/wiki/Category:Spanish_given_names","/wiki/Category:All_set_index_articles","/w/index.php?title=Special:UserLogin&returnto=Eduardo&type=signup","/w/index.php?title=Special:UserLogin&returnto=Eduardo","/wiki/Eduardo","/wiki/Talk:Eduardo","#","/wiki/Eduardo","/w/index.php?title=Eduardo&action=edit","/w/index.php?title=Eduardo&action=history","#","/w/index.php","//bits.wikimedia.org/static-1.21wmf10/skins/vector/images/search-ltr.png?303-4","/wiki/Main_Page","/wiki/Main_Page","/wiki/Portal:Contents","/wiki/Portal:Featured_content","/wiki/Portal:Current_events","/wiki/Special:Random","//donate.wikimedia.org/wiki/Special:FundraiserRedirector?utm_source=donate&utm_medium=sidebar&utm_campaign=C13_en.wikipedia.org&uselang=en","/wiki/Help:Contents","/wiki/Wikipedia:About","/wiki/Wikipedia:Community_portal","/wiki/Special:RecentChanges","/wiki/Wikipedia:Contact_us","/wiki/Special:WhatLinksHere/Eduardo","/wiki/Special:RecentChangesLinked/Eduardo","/wiki/Wikipedia:File_Upload_Wizard","/wiki/Special:SpecialPages","/w/index.php?title=Eduardo&oldid=540899938","/w/index.php?title=Eduardo&action=info","/w/index.php?title=Special:Cite&page=Eduardo&id=540899938","/w/index.php?title=Special:Book&bookcmd=book_creator&referer=Eduardo","/w/index.php?title=Special:Book&bookcmd=render_article&arttitle=Eduardo&oldid=540899938&writer=rl","/w/index.php?title=Eduardo&printable=yes","//de.wikipedia.org/wiki/Eduardo","//es.wikipedia.org/wiki/Eduardo","//fr.wikipedia.org/wiki/Eduardo","//ko.wikipedia.org/wiki/%EC%97%90%EB%91%90%EC%95%84%EB%A5%B4%EB%8F%84","//pl.wikipedia.org/wiki/Eduardo","//pt.wikipedia.org/wiki/Eduardo","//www.wikidata.org/wiki/Special:ItemByTitle/enwiki/Eduardo","//en.wikipedia.org/wiki/Wikipedia:Text_of_Creative_Commons_Attribution-ShareAlike_3.0_Unported_License","//creativecommons.org/licenses/by-sa/3.0/","//wikimediafoundation.org/wiki/Terms_of_Use","//www.wikimediafoundation.org/","//en.wikipedia.org/wiki/Wikipedia:Contact_us","//wikimediafoundation.org/wiki/Privacy_policy","/wiki/Wikipedia:About","/wiki/Wikipedia:General_disclaimer","http://en.m.wikipedia.org/wiki/Eduardo","//wikimediafoundation.org/","//bits.wikimedia.org/images/wikimedia-button.png","//www.mediawiki.org/","//bits.wikimedia.org/static-1.21wmf10/skins/common/images/poweredby_mediawiki_88x31.png","//bits.wikimedia.org/en.wikipedia.org/load.php?debug=false&lang=en&modules=skins.vector&only=scripts&skin=vector&*","/w/index.php?title=MediaWiki:Gadget-ReferenceTooltips.js&action=raw&ctype=text/javascript&508635914","//bits.wikimedia.org/en.wikipedia.org/load.php?debug=false&lang=en&modules=site&only=scripts&skin=vector&*"],"instances":["rower","disambiguation","disambiguation","cyclist"],"pdf":[],"categories":["Italian masculine given names","Spanish masculine given names","Spanish given names"],"headings":["See also"],"image":["//upload.wikimedia.org/wikipedia/commons/thumb/f/f8/Wiktionary-logo-en.svg/37px-Wiktionary-logo-en.svg.png","//upload.wikimedia.org/wikipedia/commons/thumb/9/99/WPanthroponymy.svg/30px-WPanthroponymy.svg.png","//bits.wikimedia.org/static-1.21wmf10/skins/vector/images/search-ltr.png?303-4","//bits.wikimedia.org/images/wikimedia-button.png","//bits.wikimedia.org/static-1.21wmf10/skins/common/images/poweredby_mediawiki_88x31.png"],"tags":[["eduardo_guerrero","cyclist"],["eduardo_risso","rower"],["duarte","disambiguation"],["edu","disambiguation"]],"members":["eduardo_risso","edu","duarte","eduardo_guerrero"],"related":["Edward","Eduardo_da_Silva","Shakhtar_Donetsk","Eduardo_Adelino_da_Silva","Sociedade_Esportiva_Recreativa_e_Cultural_Brasil","Eduardo_Bonvallet","Sports_commentator","Eduardo_dos_Reis_Carvalho","S.L._Benfica","Genoa_C.F.C.","Eduardo_Costa","AS_Monaco_FC","Eduardo_Gonçalves_de_Oliveira","FC_Schalke_04","Eduardo_Martini","Eduardo_Ribeiro_dos_Santos","RC_Lens","Eduardo_Ferreira_Abdo_Pacheco","FK_Partizan","Eduardo_Barragan","Eduardo_Castro","Eduardo_Castro_Luque","Eduardo_Cojuangco,_Jr.","San_Miguel_Corporation","Eduardo_Ferro_Rodrigues","Eduardo_Galeano","Eduardo_Guerrero_(cyclist)","Eduardo_Jhons","Eduardo_Prado_Coelho","Eduardo_Risso_(rower)","Eduardo_Saverin","Facebook","Eduardo_Serra","Eduardo_Souto_de_Moura","Eduardo_Valente_da_Fonseca","Eduardo_Kac","Eduardo_Discoli","Eduardo_Eurnekian","List_of_characters_in_Foster's_Home_for_Imaginary_Friends","Eduardo_Martínez","Eduardo_Maruri","Eduardo_Morales_Miranda","Eduardo_Nicol","Eduardo_Panlilio","Eduardo_Pérez_Bulnes","Argentine_Declaration_of_Independence","Eduardo_Piccinini","Duarte_(disambiguation)","Edoardo","Edu_(disambiguation)"]}