{"cursor":"11677","size":15,"audio":[],"currentlang":"en","article":"\n{{Infobox character\n| name = John \"Hannibal\" Smith series = The A-Team image = caption = John\n| \"Hannibal\" Smith as he appears in the first and second season opening credits\n| first = \"Mexican Slayride\" last = cause = creator = Frank Lupo & Stephen J.\n| Cannell portrayer = George Peppard (TV series) Liam Neeson (2010 film)\n| nickname = alias = Mr. Lee gender = Male occupation = title = Lieutenant\n| Colonel/Colonel Hannibal's rank is inconsistent in the series. For the\n| first four seasons, when referred to, the distinction of Lieutenant Colonel is\n| made. When he's on trial in the episode \"Firing Line\" in season 5, however, he\n| is a full Colonel. He also wears the insignia of Lieutenant Colonel (a silver\n| oak leaf) in the first season episode \"A Nice Place to Visit\", rather than the\n| eagle insignia used for full Colonels, which he does wear in \"Trial by Fire\"\n| and \"Firing Line\". lbl21 = Awards Hannibal's medals are shown in the\n| season 1 episode \"A Nice Place To Visit\" and the season 5 episodes, \"Trial by\n| Fire\" and \"Firing Line.\" data21 = Medal of Honor Distinguished\n| Service Medal Silver Star Soldier's Medal Bronze Star\n| Medal Joint Service Commendation Medal Army Commendation\n| Medal Purple Heart National Defense Service Medal Korea Service\n| Medal Armed Forces Expeditionary Medal Vietnam Service\n| Medal Vietnam Campaign Medal\n}}\n\nColonel 'John \"Hannibal\" Smith', played by George Peppard, is a fictional\ncharacter and one of the four protagonists of the 1980s action-adventure\ntelevision series [[The A-Team]]. The producers originally had James Coburn in\nmind to play the part of Hannibal, but it eventually ended up going to\nPeppard. [[Bring Back...#Bring Back...The A-Team|Bring Back... The A-Team]]\n(2006) The characterâwhich was based loosely on former United States Army\nSpecial Forces officer Bo Gritz David Neiwert,\n[http://www.salon.com/news/1998/09/28news.html \"What kind of life do I have\nwithout my bride?\"], [[Salon.com]], 1998-09-28. âappeared on The A-Team\nfrom its beginning in 1983 until its end in 1987. The character was played by\nLiam Neeson in the 2010 film adaptation.\n","linknr":213,"url":"John_\"Hannibal\"_Smith","recorded":1362480257,"links":19,"instances":["united_states","united_states","united_states","film","army","united_states"],"pdf":[],"categories":["The A-Team characters","Fictional colonels","Fictional mercenaries","Fictional Vietnam War veterans","Fictional Korean War veterans","Fictional Green Berets","Fictional private military members","Fictional Medal of Honor recipients","Fictional characters introduced in 1983"],"headings":["Character biography","2010 film","References","External links"],"image":["//upload.wikimedia.org/wikipedia/commons/thumb/a/a4/Text_document_with_red_question_mark.svg/40px-Text_document_with_red_question_mark.svg.png","//upload.wikimedia.org/wikipedia/en/thumb/9/98/HannibalSmith.jpg/250px-HannibalSmith.jpg","//upload.wikimedia.org/wikipedia/en/8/80/Liam_Neeson_as_Hannibal_Smith_2010.jpg","//bits.wikimedia.org/static-1.21wmf10/skins/common/images/magnify-clip.png","//upload.wikimedia.org/wikipedia/commons/thumb/f/fa/Wikiquote-logo.svg/15px-Wikiquote-logo.svg.png","//bits.wikimedia.org/static-1.21wmf10/skins/vector/images/search-ltr.png?303-4","//bits.wikimedia.org/images/wikimedia-button.png","//bits.wikimedia.org/static-1.21wmf10/skins/common/images/poweredby_mediawiki_88x31.png"],"tags":[["the_a-team","film"],["lieutenant_colonel","united_states"],["colonel","united_states"],["distinguished_service_medal","army"],["colonel","united_states"],["the_a-team","film"],["military_police_corps","united_states"],["5th_special_forces_group","united_states"],["the_a-team","film"]],"members":["5th_special_forces_group","military_police_corps","lieutenant_colonel","distinguished_service_medal","colonel"],"related":["The_A-Team","Mexican_Slayride","Frank_Lupo","Stephen_J._Cannell","George_Peppard","Liam_Neeson","The_A-Team_(film)","Lieutenant_Colonel_(United_States)","Colonel_(United_States)","Medal_of_Honor","Distinguished_Service_Medal_(Army)","Silver_Star","Soldier's_Medal","Bronze_Star_Medal","Joint_Service_Commendation_Medal","Army_Commendation_Medal","Purple_Heart","National_Defense_Service_Medal","Korea_Service_Medal","Armed_Forces_Expeditionary_Medal","Vietnam_Service_Medal","Vietnam_Campaign_Medal","Colonel_(United_States)","George_Peppard","Fictional_character","Protagonist","Adventure_film","Television_series","James_Coburn","United_States_Army_Special_Forces","Bo_Gritz","Liam_Neeson","The_A-Team_(film)","United_States_Army_Special_Forces","Vietnam_War","Military_Police_Corps_(United_States)","Mercenary","B._A._Baracus","Templeton_\"Faceman\"_Peck","H.M._Murdock","Hannibal_Barca","Leather_gloves","Catch_phrase","Korean_War","Vietnam_War","5th_Special_Forces_Group_(United_States)","Lieutenant_Colonel","Colonel","Aphorism","Disguise","The_A-Team_(film)","Liam_Neeson","Airport","Norway","Los_Angeles","Colonel","75th_Ranger_Regiment","7th_Special_Forces_Group","Overseas_Service_Bar"]}