{"cursor":"3310","size":15,"audio":[],"currentlang":"en","article":"'Sherrard Clemens' (April 28, 1820 – June 30, 1881) was a nineteenth\ncentury politician and lawyer from Virginia and Missouri. He was a cousin to\nauthor Samuel L. Clemens (a.k.a. Mark Twain).\n\nBorn in Wheeling, Virginia (now West Virginia), Clemens was appointed a cadet to\nthe United States Military Academy in West Point, New York, but resigned after\nsix months. He graduated from Washington College in Washington, Pennsylvania and\nwas admitted to the bar in 1843, commencing practice in Wheeling. He was elected\na Democrat to the United States House of Representatives to fill a vacancy in\n1852, serving until 1853. Clemens was later elected back to the House in 1856,\nserving again from 1857 to 1861. During the Civil War, he opposed secession. He\nwas a member of the Virginia Convention in 1861 and afterwards resumed\npracticing law in Wheeling. Clemens later moved to St. Louis, Missouri and\nresumed practicing law until his death there on June 30, 1881. He was interred\nin Calvary Cemetery in St. Louis.\n\nClemens fought a duel with O. Jennings Wise, the son of Virginia Governor Henry\nA. Wise. Wise was uninjured in the duel, but Clemens received a severe injury to\nhis right thigh.\n","linknr":135,"url":"Sherrard_Clemens","recorded":1364055447,"links":["/w/index.php?title=Sherrard_Clemens&action=edit","/w/index.php?title=Sherrard_Clemens&action=edit","//en.wikipedia.org/apple-touch-icon.png","//bits.wikimedia.org/favicon/wikipedia.ico","/w/opensearch_desc.php","//en.wikipedia.org/w/api.php?action=rsd","//creativecommons.org/licenses/by-sa/3.0/","/w/index.php?title=Special:RecentChanges&feed=atom","//bits.wikimedia.org/en.wikipedia.org/load.php?debug=false&lang=en&modules=ext.gadget.DRN-wizard%2CReferenceTooltips%2Ccharinsert%2Cteahouse%7Cext.wikihiero%7Cmediawiki.legacy.commonPrint%2Cshared%7Cmw.PopUpMediaTransform%7Cskins.vector&only=styles&skin=vector&*","//bits.wikimedia.org/en.wikipedia.org/load.php?debug=false&lang=en&modules=site&only=styles&skin=vector&*","//bits.wikimedia.org/en.wikipedia.org/load.php?debug=false&lang=en&modules=startup&only=scripts&skin=vector&*","//bits.wikimedia.org/geoiplookup","//meta.wikimedia.org","#mw-head","#p-search","/wiki/Virginia","/wiki/Missouri","/wiki/Mark_Twain","#cite_note-1","/wiki/Wheeling,_West_Virginia","/wiki/West_Virginia","/wiki/Cadet","/wiki/United_States_Military_Academy","/wiki/West_Point,_New_York","/wiki/Washington_%26_Jefferson_College","/wiki/Washington,_Pennsylvania","/wiki/Democratic_Party_(United_States)","/wiki/United_States_House_of_Representatives","/wiki/American_Civil_War","/wiki/Constitutional_convention_(political_meeting)","/wiki/St._Louis,_Missouri","/wiki/Henry_A._Wise","#cite_note-2","/w/index.php?title=Sherrard_Clemens&action=edit&section=1","#cite_ref-1","/wiki/Mark_Twain","/wiki/International_Standard_Book_Number","/wiki/Special:BookSources/978-0-520-26719-0","#cite_ref-2","/wiki/Mark_Twain","/wiki/International_Standard_Book_Number","/wiki/Special:BookSources/978-0-520-26719-0","/w/index.php?title=Sherrard_Clemens&action=edit&section=2","http://bioguide.congress.gov/scripts/biodisplay.pl?index=C000502","/wiki/Biographical_Directory_of_the_United_States_Congress","http://www.findagrave.com/cgi-bin/fg.cgi?page=gr&GRid=18425","/wiki/Find_A_Grave","/wiki/United_States_House_of_Representatives","/wiki/George_W._Thompson","/wiki/List_of_United_States_Representatives_from_Virginia","/wiki/Virginia%27s_15th_congressional_district","/wiki/Zedekiah_Kidwell","/wiki/List_of_United_States_Representatives_from_Virginia","/wiki/Virginia%27s_10th_congressional_district","/wiki/William_G._Brown","http://bioguide.congress.gov/scripts/biodisplay.pl?index=C000502","/wiki/Biographical_Directory_of_the_United_States_Congress","/wiki/Wikipedia:Persondata","/wiki/File:Flag_of_Virginia.svg","//upload.wikimedia.org/wikipedia/commons/thumb/4/47/Flag_of_Virginia.svg/30px-Flag_of_Virginia.svg.png","/wiki/Wikipedia:Stub","//en.wikipedia.org/w/index.php?title=Sherrard_Clemens&action=edit","/wiki/Template:Virginia-Representative-stub","/wiki/Template_talk:Virginia-Representative-stub","//en.wikipedia.org/w/index.php?title=Template:Virginia-Representative-stub&action=edit","/wiki/File:Sabres.svg","//upload.wikimedia.org/wikipedia/commons/thumb/6/61/Sabres.svg/35px-Sabres.svg.png","/wiki/Wikipedia:Stub","//en.wikipedia.org/w/index.php?title=Sherrard_Clemens&action=edit","/wiki/Template:AmericanCivilWar-bio-stub","/wiki/Template_talk:AmericanCivilWar-bio-stub","//en.wikipedia.org/w/index.php?title=Template:AmericanCivilWar-bio-stub&action=edit","http://en.wikipedia.org/w/index.php?title=Sherrard_Clemens&oldid=544694621","/wiki/Help:Categories","/wiki/Category:1820_births","/wiki/Category:1881_deaths","/wiki/Category:Members_of_the_United_States_House_of_Representatives_from_Virginia","/wiki/Category:Virginia_lawyers","/wiki/Category:United_States_Military_Academy_alumni","/wiki/Category:Washington_%26_Jefferson_College_alumni","/wiki/Category:People_of_West_Virginia_in_the_American_Civil_War","/wiki/Category:People_from_Wheeling,_West_Virginia","/wiki/Category:People_from_St._Louis,_Missouri","/wiki/Category:Virginia_United_States_Representative_stubs","/wiki/Category:American_Civil_War_biography_stubs","/w/index.php?title=Special:UserLogin&returnto=Sherrard+Clemens&type=signup","/w/index.php?title=Special:UserLogin&returnto=Sherrard+Clemens","/wiki/Sherrard_Clemens","/wiki/Talk:Sherrard_Clemens","#","/wiki/Sherrard_Clemens","/w/index.php?title=Sherrard_Clemens&action=edit","/w/index.php?title=Sherrard_Clemens&action=history","#","/w/index.php","//bits.wikimedia.org/static-1.21wmf11/skins/vector/images/search-ltr.png?303-4","/wiki/Main_Page","/wiki/Main_Page","/wiki/Portal:Contents","/wiki/Portal:Featured_content","/wiki/Portal:Current_events","/wiki/Special:Random","//donate.wikimedia.org/wiki/Special:FundraiserRedirector?utm_source=donate&utm_medium=sidebar&utm_campaign=C13_en.wikipedia.org&uselang=en","/wiki/Help:Contents","/wiki/Wikipedia:About","/wiki/Wikipedia:Community_portal","/wiki/Special:RecentChanges","/wiki/Wikipedia:Contact_us","/wiki/Special:WhatLinksHere/Sherrard_Clemens","/wiki/Special:RecentChangesLinked/Sherrard_Clemens","/wiki/Wikipedia:File_Upload_Wizard","/wiki/Special:SpecialPages","/w/index.php?title=Sherrard_Clemens&oldid=544694621","/w/index.php?title=Sherrard_Clemens&action=info","/w/index.php?title=Special:Cite&page=Sherrard_Clemens&id=544694621","/w/index.php?title=Special:Book&bookcmd=book_creator&referer=Sherrard+Clemens","/w/index.php?title=Special:Book&bookcmd=render_article&arttitle=Sherrard+Clemens&oldid=544694621&writer=rl","/w/index.php?title=Sherrard_Clemens&printable=yes","//de.wikipedia.org/wiki/Sherrard_Clemens","//www.wikidata.org/wiki/Special:ItemByTitle/enwiki/Sherrard Clemens","//en.wikipedia.org/wiki/Wikipedia:Text_of_Creative_Commons_Attribution-ShareAlike_3.0_Unported_License","//creativecommons.org/licenses/by-sa/3.0/","//wikimediafoundation.org/wiki/Terms_of_Use","//www.wikimediafoundation.org/","//en.wikipedia.org/wiki/Wikipedia:Contact_us","//wikimediafoundation.org/wiki/Privacy_policy","/wiki/Wikipedia:About","/wiki/Wikipedia:General_disclaimer","http://en.m.wikipedia.org/wiki/Sherrard_Clemens","//wikimediafoundation.org/","//bits.wikimedia.org/images/wikimedia-button.png","//www.mediawiki.org/","//bits.wikimedia.org/static-1.21wmf11/skins/common/images/poweredby_mediawiki_88x31.png","//bits.wikimedia.org/en.wikipedia.org/load.php?debug=false&lang=en&modules=skins.vector&only=scripts&skin=vector&*","/w/index.php?title=MediaWiki:Gadget-ReferenceTooltips.js&action=raw&ctype=text/javascript&508635914","//bits.wikimedia.org/en.wikipedia.org/load.php?debug=false&lang=en&modules=site&only=scripts&skin=vector&*"],"instances":["political_meeting","united_states"],"pdf":[],"categories":["1820 births","1881 deaths","Members of the United States House of Representatives from Virginia","Virginia lawyers","United States Military Academy alumni","Washington & Jefferson College alumni","People of West Virginia in the American Civil War","People from Wheeling, West Virginia","People from St. Louis, Missouri"],"headings":["References","External links"],"image":["//upload.wikimedia.org/wikipedia/commons/thumb/4/47/Flag_of_Virginia.svg/30px-Flag_of_Virginia.svg.png","//upload.wikimedia.org/wikipedia/commons/thumb/6/61/Sabres.svg/35px-Sabres.svg.png","//bits.wikimedia.org/static-1.21wmf11/skins/vector/images/search-ltr.png?303-4","//bits.wikimedia.org/images/wikimedia-button.png","//bits.wikimedia.org/static-1.21wmf11/skins/common/images/poweredby_mediawiki_88x31.png"],"tags":[["democratic_party","united_states"],["constitutional_convention","political_meeting"]],"members":["constitutional_convention","democratic_party"],"related":["Virginia","Missouri","Mark_Twain","Wheeling,_West_Virginia","West_Virginia","Cadet","United_States_Military_Academy","West_Point,_New_York","Washington_&_Jefferson_College","Washington,_Pennsylvania","Democratic_Party_(United_States)","United_States_House_of_Representatives","American_Civil_War","Constitutional_convention_(political_meeting)","St._Louis,_Missouri","Henry_A._Wise","Find_A_Grave","George_W._Thompson","Zedekiah_Kidwell","William_G._Brown"]}