{"cursor":"7000","size":15,"audio":[],"currentlang":"en","article":"In botany and horticulture, 'parthenocarpy' (literally meaning virgin fruit) is\nthe natural or artificially induced production of fruit without fertilization of\novules. The fruit is therefore seedless. Stenospermocarpy may also produce\napparently seedless fruit, but the seeds are actually aborted while still small.\nParthenocarpy (or stenospermocarpy) occasionally occurs as a mutation in nature,\nbut if it affects every flower, then the plant can no longer sexually reproduce\nbut might be able to propagate by vegetative means.\n\nHowever, parthenocarpy of some fruits on a plant may be of value. Up to 20% of\nthe fruits of wild parsnip are parthenocarpic. The seedless wild parsnip fruit\nare preferred by certain herbivores, and thus serve as a \"decoy defense\" against\nseed predation. Utah juniper has a similar defense against bird\nfeeding.  Being able to produce seedless fruit when pollination is\nunsuccessful may be an advantage to a plant because it provides food for the\nplant's seed dispersers. Without a fruit crop, the seed dispersing animals may\nstarve or migrate.\n\n\nIn some plants, pollination or other stimulation is required for parthenocarpy.\nThis is termed 'stimulative parthenocarpy'. Plants that do not require\npollination or other stimulation to produce parthenocarpic fruit have\n'vegetative parthenocarpy'. Seedless cucumbers are an example of vegetative\nparthenocarpy, seedless watermelon is an example of stenospermocarpy.\n\nPlants moved from one area of the world to another may not always be accompanied\nby their pollinating partner and the lack of pollinators has spurred human\ncultivation of parthenocarpic varieties. Some parthenocarpic varieties have been\ndeveloped as genetically modified organisms.\n","linknr":188,"url":"Parthenocarpy","recorded":1363469773,"links":["/w/index.php?title=Parthenocarpy&action=edit","/w/index.php?title=Parthenocarpy&action=edit","//en.wikipedia.org/apple-touch-icon.png","//bits.wikimedia.org/favicon/wikipedia.ico","/w/opensearch_desc.php","//en.wikipedia.org/w/api.php?action=rsd","//creativecommons.org/licenses/by-sa/3.0/","/w/index.php?title=Special:RecentChanges&feed=atom","//bits.wikimedia.org/en.wikipedia.org/load.php?debug=false&lang=en&modules=ext.gadget.DRN-wizard%2CReferenceTooltips%2Ccharinsert%2Cteahouse%7Cext.wikihiero%7Cmediawiki.legacy.commonPrint%2Cshared%7Cmw.PopUpMediaTransform%7Cskins.vector&only=styles&skin=vector&*","//bits.wikimedia.org/en.wikipedia.org/load.php?debug=false&lang=en&modules=site&only=styles&skin=vector&*","//bits.wikimedia.org/en.wikipedia.org/load.php?debug=false&lang=en&modules=startup&only=scripts&skin=vector&*","//bits.wikimedia.org/geoiplookup","//meta.wikimedia.org","#mw-head","#p-search","/wiki/Botany","/wiki/Horticulture","/wiki/Ovule","/wiki/Seedless_fruit","/wiki/Stenospermocarpy","/wiki/Stenospermocarpy","/wiki/Sexual_reproduction_of_plants","/wiki/Vegetative_reproduction","/wiki/Parsnip","/wiki/Seed_predation","#cite_note-1","/wiki/Juniperus_osteosperma","#cite_note-2","/wiki/Seedless_fruit","/wiki/Pollination","/wiki/File:Watermelon_seedless.jpg","//upload.wikimedia.org/wikipedia/commons/thumb/c/cc/Watermelon_seedless.jpg/220px-Watermelon_seedless.jpg","/wiki/File:Watermelon_seedless.jpg","//bits.wikimedia.org/static-1.21wmf9/skins/common/images/magnify-clip.png","/wiki/Cucumber","/wiki/Watermelon","/wiki/Stenospermocarpy","/wiki/Pollinator","/wiki/Genetically_modified_organism","#Commercial_importance","#Misconceptions","#See_also","#References","#External_links","/w/index.php?title=Parthenocarpy&action=edit&section=1","/wiki/Seedless_fruit","/wiki/Pineapple","/wiki/Banana","/wiki/Orange_(fruit)","/wiki/Grapefruit","/wiki/Tomato","/wiki/Squash_(fruit)","/wiki/Dioecious","/wiki/Persimmon","/wiki/Pistachio","/wiki/Cultivar","/wiki/Common_fig","/wiki/Opuntia","/wiki/Breadfruit","/wiki/Eggplant","/wiki/Cucumber","/wiki/Pollinator","/wiki/Triploid","/wiki/Plant_hormone","/wiki/Gibberellin","/wiki/Auxin","/wiki/Cytokinin","/wiki/Genetically_modified_organism","#cite_note-3","#cite_note-4","/wiki/Pear","#cite_note-5","/w/index.php?title=Parthenocarpy&action=edit&section=2","/wiki/Stenospermocarpy","#cite_note-6","/wiki/Parthenogenesis","#cite_note-7","/wiki/Pineapple","/wiki/Apomixis","/w/index.php?title=Parthenocarpy&action=edit&section=3","/wiki/Seedless_fruit","/wiki/Stenospermocarpy","/w/index.php?title=Parthenocarpy&action=edit&section=4","#cite_ref-1","/wiki/Digital_object_identifier","http://dx.doi.org/10.1007%2FBF02270830","#cite_ref-2","http://web.archive.org/web/20061110115906/http://www.udc.es/dep/bave/marcelino/FuentesSchupp1998.pdf","/wiki/Digital_object_identifier","http://dx.doi.org/10.1023%2FA%3A1006594532392","http://www.udc.es/dep/bave/marcelino/FuentesSchupp1998.pdf","http://web.archive.org/web/20061110115906/http://www.udc.es/dep/bave/marcelino/FuentesSchupp1998.pdf","/wiki/Wikipedia:Link_rot","#cite_ref-3","http://www.biomedcentral.com/1472-6750/2/1","/wiki/Digital_object_identifier","http://dx.doi.org/10.1186%2F1472-6750-2-1","/wiki/PubMed_Central","//www.ncbi.nlm.nih.gov/pmc/articles/PMC65046","/wiki/PubMed_Identifier","//www.ncbi.nlm.nih.gov/pubmed/11818033","http://www.biomedcentral.com/1472-6750/2/1","#cite_ref-4","http://www.sciencemag.org/cgi/content/abstract/sci;312/5778/1372","/wiki/Digital_object_identifier","http://dx.doi.org/10.1126%2Fscience.1125910","/wiki/PubMed_Identifier","//www.ncbi.nlm.nih.gov/pubmed/16741119","http://www.sciencemag.org/cgi/content/abstract/sci;312/5778/1372","#cite_ref-5","http://web.archive.org/web/20071121043502/http://extension.oregonstate.edu/catalog/html/ec/ec986/","#cite_ref-6","http://books.google.com/books?id=wnNvmRjfxgQC&lpg=PA75&dq=viticulture%20stenospermocarpy&hl=es&pg=PA75#v=onepage&q=viticulture%20stenospermocarpy&f=false","#cite_ref-7","http://web.archive.org/web/20080628154204/http://www.bartleby.com/65/pa/partheno.html","/w/index.php?title=Parthenocarpy&action=edit&section=5","http://aob.oxfordjournals.org/cgi/reprint/72/6/521","/wiki/Digital_object_identifier","http://dx.doi.org/10.1006%2Fanbo.1993.1140","http://aob.oxfordjournals.org/cgi/reprint/72/6/521","http://en.wikipedia.org/w/index.php?title=Parthenocarpy&oldid=539177691","/wiki/Help:Categories","/wiki/Category:Plant_reproduction","/wiki/Category:Plant_morphology","/wiki/Category:All_articles_with_dead_external_links","/wiki/Category:Articles_with_dead_external_links_from_March_2010","/w/index.php?title=Special:UserLogin&returnto=Parthenocarpy&type=signup","/w/index.php?title=Special:UserLogin&returnto=Parthenocarpy","/wiki/Parthenocarpy","/wiki/Talk:Parthenocarpy","#","/wiki/Parthenocarpy","/w/index.php?title=Parthenocarpy&action=edit","/w/index.php?title=Parthenocarpy&action=history","#","/w/index.php","//bits.wikimedia.org/static-1.21wmf10/skins/vector/images/search-ltr.png?303-4","/wiki/Main_Page","/wiki/Main_Page","/wiki/Portal:Contents","/wiki/Portal:Featured_content","/wiki/Portal:Current_events","/wiki/Special:Random","//donate.wikimedia.org/wiki/Special:FundraiserRedirector?utm_source=donate&utm_medium=sidebar&utm_campaign=C13_en.wikipedia.org&uselang=en","/wiki/Help:Contents","/wiki/Wikipedia:About","/wiki/Wikipedia:Community_portal","/wiki/Special:RecentChanges","/wiki/Wikipedia:Contact_us","/wiki/Special:WhatLinksHere/Parthenocarpy","/wiki/Special:RecentChangesLinked/Parthenocarpy","/wiki/Wikipedia:File_Upload_Wizard","/wiki/Special:SpecialPages","/w/index.php?title=Parthenocarpy&oldid=539177691","/w/index.php?title=Parthenocarpy&action=info","/w/index.php?title=Special:Cite&page=Parthenocarpy&id=539177691","/w/index.php?title=Special:Book&bookcmd=book_creator&referer=Parthenocarpy","/w/index.php?title=Special:Book&bookcmd=render_article&arttitle=Parthenocarpy&oldid=539177691&writer=rl","/w/index.php?title=Parthenocarpy&printable=yes","//ca.wikipedia.org/wiki/Partenoc%C3%A0rpia","//de.wikipedia.org/wiki/Parthenokarpie","//et.wikipedia.org/wiki/Partenokarpia","//fr.wikipedia.org/wiki/Parth%C3%A9nocarpie","//id.wikipedia.org/wiki/Partenokarpi","//it.wikipedia.org/wiki/Partenocarpia","//he.wikipedia.org/wiki/%D7%A4%D7%A8%D7%AA%D7%A0%D7%95%D7%A7%D7%A8%D7%A4%D7%99%D7%94","//nl.wikipedia.org/wiki/Parthenocarp","//ja.wikipedia.org/wiki/%E5%8D%98%E7%82%BA%E7%B5%90%E6%9E%9C","//pl.wikipedia.org/wiki/Partenokarpia","//pt.wikipedia.org/wiki/Partenoc%C3%A1rpico","//fi.wikipedia.org/wiki/Partenokarpia","//zh.wikipedia.org/wiki/%E5%8D%95%E6%80%A7%E7%BB%93%E5%AE%9E","//www.wikidata.org/wiki/Special:ItemByTitle/enwiki/Parthenocarpy","//en.wikipedia.org/wiki/Wikipedia:Text_of_Creative_Commons_Attribution-ShareAlike_3.0_Unported_License","//creativecommons.org/licenses/by-sa/3.0/","//wikimediafoundation.org/wiki/Terms_of_Use","//www.wikimediafoundation.org/","//en.wikipedia.org/wiki/Wikipedia:Contact_us","//wikimediafoundation.org/wiki/Privacy_policy","/wiki/Wikipedia:About","/wiki/Wikipedia:General_disclaimer","http://en.m.wikipedia.org/wiki/Parthenocarpy","//wikimediafoundation.org/","//bits.wikimedia.org/images/wikimedia-button.png","//www.mediawiki.org/","//bits.wikimedia.org/static-1.21wmf10/skins/common/images/poweredby_mediawiki_88x31.png","//bits.wikimedia.org/en.wikipedia.org/load.php?debug=false&lang=en&modules=skins.vector&only=scripts&skin=vector&*","/w/index.php?title=MediaWiki:Gadget-ReferenceTooltips.js&action=raw&ctype=text/javascript&508635914","//bits.wikimedia.org/en.wikipedia.org/load.php?debug=false&lang=en&modules=site&only=scripts&skin=vector&*"],"instances":["fruit","fruit"],"pdf":["http://web.archive.org/web/20061110115906/http://www.udc.es/dep/bave/marcelino/FuentesSchupp1998.pdf","http://www.udc.es/dep/bave/marcelino/FuentesSchupp1998.pdf","http://web.archive.org/web/20061110115906/http://www.udc.es/dep/bave/marcelino/FuentesSchupp1998.pdf"],"categories":["Plant reproduction","Plant morphology"],"headings":["Commercial importance","Misconceptions","See also","References","External links"],"image":["//upload.wikimedia.org/wikipedia/commons/thumb/c/cc/Watermelon_seedless.jpg/220px-Watermelon_seedless.jpg","//bits.wikimedia.org/static-1.21wmf9/skins/common/images/magnify-clip.png","//bits.wikimedia.org/static-1.21wmf10/skins/vector/images/search-ltr.png?303-4","//bits.wikimedia.org/images/wikimedia-button.png","//bits.wikimedia.org/static-1.21wmf10/skins/common/images/poweredby_mediawiki_88x31.png"],"tags":[["orange","fruit"],["squash","fruit"]],"members":["squash","orange"],"related":["Botany","Horticulture","Ovule","Seedless_fruit","Stenospermocarpy","Stenospermocarpy","Sexual_reproduction_of_plants","Vegetative_reproduction","Parsnip","Seed_predation","Juniperus_osteosperma","Seedless_fruit","Pollination","Cucumber","Watermelon","Stenospermocarpy","Pollinator","Genetically_modified_organism","Seedless_fruit_","Pineapple","Banana","Orange_(fruit)","Grapefruit","Tomato","Squash_(fruit)","Dioecious","Persimmon","Pistachio","Cultivar","Common_fig","Opuntia","Breadfruit","Eggplant","Cucumber","Pollinator","Triploid","Plant_hormone","Gibberellin","Auxin","Cytokinin","Genetically_modified_organism","Pear","Stenospermocarpy","Parthenogenesis","Pineapple","Apomixis","Seedless_fruit","Stenospermocarpy"]}