{"cursor":"6436","size":15,"audio":[],"currentlang":"en","article":"The first moves of a backgammon game are the 'opening moves', collectively\nreferred to as the opening, and studied in the 'backgammon opening theory'.\nBackgammon opening theory is not developed in as much detail as opening theory\nin chess, which has been widely studied. The reason for this is that following\nthe first move in backgammon, there are 21 dice roll outcomes on each subsequent\nmove, and many alternative plays for each outcome, making the tree of possible\npositions in backgammon expand much more rapidly than in chess.\n\nDespite the complications posed by this rapid branching of possibilities, over\nthe course of many years, a consensus did develop amongst backgammon experts on\nwhat is the preferred opening move for each given roll. Following the emergence\nof self-trained backgammon-playing neural networks, the insights on what are the\nbest opening moves have changed in some unexpected ways.\n","linknr":142,"url":"Backgammon_opening","recorded":1363410765,"links":["/w/index.php?title=Backgammon_opening_theory&action=edit","/w/index.php?title=Backgammon_opening_theory&action=edit","//en.wikipedia.org/apple-touch-icon.png","//bits.wikimedia.org/favicon/wikipedia.ico","/w/opensearch_desc.php","//en.wikipedia.org/w/api.php?action=rsd","//creativecommons.org/licenses/by-sa/3.0/","/w/index.php?title=Special:RecentChanges&feed=atom","/wiki/Backgammon_opening_theory","//bits.wikimedia.org/en.wikipedia.org/load.php?debug=false&lang=en&modules=ext.gadget.DRN-wizard%2CReferenceTooltips%2Ccharinsert%2Cteahouse%7Cext.wikihiero%7Cmediawiki.legacy.commonPrint%2Cshared%7Cmw.PopUpMediaTransform%7Cskins.vector&only=styles&skin=vector&*","//bits.wikimedia.org/en.wikipedia.org/load.php?debug=false&lang=en&modules=site&only=styles&skin=vector&*","//bits.wikimedia.org/en.wikipedia.org/load.php?debug=false&lang=en&modules=startup&only=scripts&skin=vector&*","//bits.wikimedia.org/geoiplookup","//meta.wikimedia.org","/w/index.php?title=Backgammon_opening&redirect=no","#mw-head","#p-search","/wiki/Backgammon","/wiki/Chess_theory#Opening_theory","/wiki/Game_tree","/wiki/Reinforcement_learning","/wiki/Artificial_neural_network","/w/index.php?title=Backgammon_opening_theory&action=edit&section=1","/wiki/Rollout_(backgammon)","#cite_note-1","#cite_note-2","/wiki/Backgammon_notation","/wiki/File:Bg-start.svg","//upload.wikimedia.org/wikipedia/commons/thumb/0/03/Bg-start.svg/320px-Bg-start.svg.png","/wiki/File:Bg-start.svg","//bits.wikimedia.org/static-1.21wmf9/skins/common/images/magnify-clip.png","#cite_note-survey-3","/w/index.php?title=Backgammon_opening_theory&action=edit&section=2","#cite_note-4","/wiki/Gammon","#cite_note-survey-3","#cite_note-5","#cite_note-6","#cite_note-7","#cite_note-8","#cite_note-9","/w/index.php?title=Backgammon_opening_theory&action=edit&section=3","#cite_ref-1","http://www.bkgm.com/rgb/rgb.cgi?view+179","#cite_ref-2","http://www.bkgm.com/rgb/rgb.cgi?view+649","#cite_ref-survey_3-0","#cite_ref-survey_3-1","http://www.bkgm.com/openings.html","#cite_ref-4","http://www.bkgm.com/rgb/rgb.cgi?view+682","#cite_ref-5","http://winningbackgammon.info/backgammon-opening-moves","#cite_ref-6","http://www.backgammon.org/articles/backgammon-opening-rolls/","#cite_ref-7","http://www.backgammon.org/articles/backgammon-opening-rolls-2/","#cite_ref-8","http://www.backgammon.org/articles/backgammon-opening-rolls-3/","#cite_ref-9","http://www.backgammon.org/articles/backgammon-opening-rolls-4/","/wiki/Template:Tables_games","/wiki/Template_talk:Tables_games","//en.wikipedia.org/w/index.php?title=Template:Tables_games&action=edit","/wiki/Tables_(board_game)","/wiki/Royal_Game_of_Ur","/wiki/Ludus_duodecim_scriptorum","/wiki/Tabula_(game)","/wiki/Senet","/wiki/Mehen_(game)","/wiki/Liubo","/wiki/Tapa_(game)","/wiki/Jacquet_(game)","/w/index.php?title=Hounds_and_Jackals&action=edit&redlink=1","/wiki/File:Bg_board_L.jpg","//upload.wikimedia.org/wikipedia/commons/thumb/3/37/Bg_board_L.jpg/100px-Bg_board_L.jpg","/wiki/Tables_(board_game)","/wiki/Acey-deucey","/wiki/Gul_bara","/wiki/Plakoto","/wiki/Sugoroku","/wiki/Tapa_(game)","/wiki/Backgammon","/wiki/Backgammon_notation","/wiki/Backgammon_chouette","/wiki/First_Internet_Backgammon_Server","/wiki/Rollout_(backgammon)","/wiki/Category:Backgammon","/wiki/Category:Tables_games","/wiki/Category:Backgammon_players","http://en.wikipedia.org/w/index.php?title=Backgammon_opening_theory&oldid=533063031","/wiki/Help:Categories","/wiki/Category:Backgammon","/wiki/Category:Game_theory","/w/index.php?title=Special:UserLogin&returnto=Backgammon+opening+theory&type=signup","/w/index.php?title=Special:UserLogin&returnto=Backgammon+opening+theory","/wiki/Backgammon_opening_theory","/wiki/Talk:Backgammon_opening_theory","#","/wiki/Backgammon_opening_theory","/w/index.php?title=Backgammon_opening_theory&action=edit","/w/index.php?title=Backgammon_opening_theory&action=history","#","/w/index.php","//bits.wikimedia.org/static-1.21wmf11/skins/vector/images/search-ltr.png?303-4","/wiki/Main_Page","/wiki/Main_Page","/wiki/Portal:Contents","/wiki/Portal:Featured_content","/wiki/Portal:Current_events","/wiki/Special:Random","//donate.wikimedia.org/wiki/Special:FundraiserRedirector?utm_source=donate&utm_medium=sidebar&utm_campaign=C13_en.wikipedia.org&uselang=en","/wiki/Help:Contents","/wiki/Wikipedia:About","/wiki/Wikipedia:Community_portal","/wiki/Special:RecentChanges","/wiki/Wikipedia:Contact_us","/wiki/Special:WhatLinksHere/Backgammon_opening_theory","/wiki/Special:RecentChangesLinked/Backgammon_opening_theory","/wiki/Wikipedia:File_Upload_Wizard","/wiki/Special:SpecialPages","/w/index.php?title=Backgammon_opening_theory&oldid=533063031","/w/index.php?title=Backgammon_opening_theory&action=info","/w/index.php?title=Special:Cite&page=Backgammon_opening_theory&id=533063031","/w/index.php?title=Special:Book&bookcmd=book_creator&referer=Backgammon+opening+theory","/w/index.php?title=Special:Book&bookcmd=render_article&arttitle=Backgammon+opening+theory&oldid=533063031&writer=rl","/w/index.php?title=Backgammon_opening_theory&printable=yes","//en.wikipedia.org/wiki/Wikipedia:Text_of_Creative_Commons_Attribution-ShareAlike_3.0_Unported_License","//creativecommons.org/licenses/by-sa/3.0/","//wikimediafoundation.org/wiki/Terms_of_Use","//www.wikimediafoundation.org/","//en.wikipedia.org/wiki/Wikipedia:Contact_us","//wikimediafoundation.org/wiki/Privacy_policy","/wiki/Wikipedia:About","/wiki/Wikipedia:General_disclaimer","http://en.m.wikipedia.org/wiki/Backgammon_opening_theory","//wikimediafoundation.org/","//bits.wikimedia.org/images/wikimedia-button.png","//www.mediawiki.org/","//bits.wikimedia.org/static-1.21wmf11/skins/common/images/poweredby_mediawiki_88x31.png","//bits.wikimedia.org/en.wikipedia.org/load.php?debug=false&lang=en&modules=skins.vector&only=scripts&skin=vector&*","/w/index.php?title=MediaWiki:Gadget-ReferenceTooltips.js&action=raw&ctype=text/javascript&508635914","//bits.wikimedia.org/en.wikipedia.org/load.php?debug=false&lang=en&modules=site&only=scripts&skin=vector&*"],"instances":["backgammon"],"pdf":[],"categories":["Backgammon|Opening theory","Game theory"],"headings":["Preferred opening moves","Influencing factors","References"],"image":["//upload.wikimedia.org/wikipedia/commons/thumb/0/03/Bg-start.svg/320px-Bg-start.svg.png","//bits.wikimedia.org/static-1.21wmf9/skins/common/images/magnify-clip.png","//upload.wikimedia.org/wikipedia/commons/thumb/3/37/Bg_board_L.jpg/100px-Bg_board_L.jpg","//bits.wikimedia.org/static-1.21wmf11/skins/vector/images/search-ltr.png?303-4","//bits.wikimedia.org/images/wikimedia-button.png","//bits.wikimedia.org/static-1.21wmf11/skins/common/images/poweredby_mediawiki_88x31.png"],"tags":[["rollout","backgammon"]],"members":["rollout"],"related":["Backgammon","Game_tree","Reinforcement_learning","Artificial_neural_network","Rollout_(backgammon)","Backgammon_notation","Gammon"]}