{"cursor":"195","size":15,"audio":[],"currentlang":"en","article":"'Specific resistance' may refer to:\n* Resistivity - Specific electrical resistance\n* Specific airway resistance (R aw /FRC)\n","linknr":79,"url":"Specific_resistance_(disambiguation)","recorded":1362375116,"links":10,"instances":[],"pdf":[],"categories":[],"headings":[],"image":["//upload.wikimedia.org/wikipedia/en/thumb/5/5f/Disambig_gray.svg/30px-Disambig_gray.svg.png","//bits.wikimedia.org/static-1.21wmf10/skins/vector/images/search-ltr.png?303-4","//bits.wikimedia.org/images/wikimedia-button.png","//bits.wikimedia.org/static-1.21wmf10/skins/common/images/poweredby_mediawiki_88x31.png"],"tags":[],"members":[],"related":["Resistivity","Electrical_resistance","Specific_airway_resistance","Functional_residual_capacity"]}