{"cursor":"24835","size":15,"audio":[],"currentlang":"en","article":"{{Taxobox\n| fossil_range = color = name = Red algae image = Laurencia.jpg image_width =\n| 240px domain = Eukarya unranked_superdivisio= Archaeplastida divisio =\n| 'Rhodophyta' divisio_authority = Wettstein, 1922\nClassification is currently disputed. See Taxonomy. }}\n\nThe 'red algae', or 'Rhodophyta' ( or ; from Greek: (rhodon) = rose + (phyton) =\nplant, thus red plant), are one of the oldest groups of eukaryotic algae, and also one of the largest, with about 5,000â6,000\nspecies  of mostly multicellular, marine algae,\nincluding many notable seaweeds. Other references indicate as many as 10,000\nspecies; more detailed counts indicate about\n4,000 in about 600 genera (3,738 marine species in 546 genera and 10 orders\n(plus the unclassifiable); 164 freshwater species in 30 genera in eight\norders).\n\nThe red algae form a distinct group characterized by these attributes:\neukaryotic cells without flagella and centrioles, using floridean\npolysaccharides as food reserves, with phycobiliproteins as accessory pigments\n(giving them their red color), and with chloroplasts lacking external\nendoplasmic reticulum and containing unstacked thylakoids.  Most red algae are also multicellular, macroscopic,\nmarine, and have sexual reproduction. They often have alternation of generations\nand may have three generations rather than two. http://autocww.colorado.edu-\n/~toldy2/E64ContentFiles/AlgaeAndFungi/Algae.html\n\nMany of the coralline algae, which secrete calcium carbonate and play a major\nrole in building coral reefs, belong here. Red algae such as dulse (Palmaria\npalmata) and laver (nori/gim) are a traditional part of European and Asian\ncuisines and are used to make other products such as agar, carrageenans and\nother food additives. \n","linknr":765,"url":"Rhodophyta","recorded":1362372753,"links":64,"instances":["korean_food","biology","seaweed"],"pdf":["http://www.oandhs.org/files/60.pdf","http://www.oandhs.org/files/60.pdf","http://dblab.rutgers.edu/redtol/pdfs/major_lineages.pdf","http://dblab.rutgers.edu/redtol/pdfs/major_lineages.pdf"],"categories":["Red algae|Red algae"],"headings":["Habitat","Fossil record","Taxonomy","Species of red algae","Chemistry","Morphology","Pit connections and pit plugs","Reproduction","Human consumption","See also","References","External links"],"image":["//upload.wikimedia.org/wikipedia/commons/thumb/7/7d/Laurencia.jpg/240px-Laurencia.jpg","//upload.wikimedia.org/wikipedia/commons/thumb/f/f5/Seagrass_at_california_tide_pools.jpg/250px-Seagrass_at_california_tide_pools.jpg","//bits.wikimedia.org/static-1.21wmf10/skins/common/images/magnify-clip.png","//bits.wikimedia.org/static-1.21wmf10/skins/vector/images/search-ltr.png?303-4","//bits.wikimedia.org/images/wikimedia-button.png","//bits.wikimedia.org/static-1.21wmf10/skins/common/images/poweredby_mediawiki_88x31.png"],"tags":[["laver","seaweed"],["gim","korean_food"],["order","biology"]],"members":["gim","order","laver"],"related":["Eukarya","Archaeplastida","Richard_Wettstein","Greek_language","Eukaryotic","Multicellular","Ocean","Algae","Seaweed","Flagella","Centriole","Florideae","Polysaccharides","Phycobiliprotein","Accessory_pigment","Chloroplast","Endoplasmic_reticulum","Thylakoid","Multicellular","Sexual_reproduction","Alternation_of_generations","Coralline_algae","Calcium_carbonate","Coral_reef","Dulse","Laver_(seaweed)","Nori","Gim_(Korean_food)","European_cuisine","Asian_cuisine","Agar","Carrageenan","Food_additives","Eukaryote","Eukaryote","Taxon","Canada","Limestone","Solenopore","Cambrian","Paleozoic","Calcite","Proterozoic","Thallophyte","Doushantuo_formation","Archaeplastida","Glaucophyte","Viridiplantae","Paraphyletic","Order_(biology)","Protista","RedToL","Phylogenetic","Genomic","National_Science_Foundation","Rhodoplantae","Cyanidiophyta","Cyanidiophyceae","Rhodophyta","Cyanidiophytina","Cyanidiophyceae","Cyanidiales","Rhodophyta","Rhodellophytina","Rhodellophyceae","Rhodophytina","Rhodellophyceae","Rhodellales","Metarhodophytina","Compsopogonophyceae","Compsopogonophyceae","Compsopogonales","Rhodochaetales","Erythropeltidales","Stylonematophyceae","Rufusiales","Stylonematales","Eurhodophytina","Bangiophyceae","Bangiophyceae","Bangiales","Porphyra","Porphyridiophyceae","Porphyridiales","Florideophyceae","Hildenbrandiophycidae","Florideophyceae","Hildenbrandiales","Nemaliophycidae","Batrachospermales","Balliales","Balbianiales","Nemaliales","Colaconematales","Acrochaetiales","Palmariales","Thoreales","Rhodogorgonales","Corallinales","Ahnfeltiophycidae","Ahnfeltiales","Pihiellales","Rhodymeniophycidae","Bonnemaisoniales","Gigartinales","Gelidiales","Gracilariales","Halymeniales","Rhodymeniales","Nemastomatales","Plocamiales","Ceramiales","Fresh_water","Δ13C","Metabolic_pathway","Hydrogen_carbonate","Carbon_dioxide","Intertidal","Cell_wall","Pectic_acid","Agar","Pit_connection","Cytokinesis","Mitosis","Apical_growth","Ceramiales","Motility","Sperm","Gamete","Carpogonium","Trichogyne","Spermatium","Polyamine","Spermine","Spermatangia","Alternation_of_generations","Gametophyte","Sporophyte","Carposporophyte","Carpospore","Tetrasporophyte","Thallus","Diploid","Prothallus","Rhizoid","Dulse","British_Isles","Brown_algae","Green_algae","Red_tide","Françoise_Ardré","History_of_phycology","John_Cocks"]}