{"cursor":"11660","size":15,"audio":[],"currentlang":"en","article":"\n\nIn particle physics, the 'strong interaction' (also called the 'strong force',\n'strong nuclear force', or 'color force') is one of the four fundamental\ninteractions of nature, the others being electromagnetism, the weak interaction\nand gravitation. At atomic scale, it is about 100 times stronger than\nelectromagnetism, which in turn is orders of magnitude stronger than the weak\nforce interaction and gravitation.\n\nThe strong interaction is observable in two areas: on a larger scale (about 1 to\n3 femtometers (fm)), it is the force that binds protons and neutrons (nucleons)\ntogether to form the nucleus of an atom. On the smaller scale (less than about\n0.8 fm, the radius of a nucleon), it is the force (carried by gluons) that holds\nquarks together to form protons, neutrons and other hadron particles.\n\nIn the context of binding protons and neutrons together to form atoms, the\nstrong interaction is called the nuclear force (or residual strong force). In\nthis case, it is the residuum of the strong interaction between the quarks that\nmake up the protons and neutrons. As such, the residual strong interaction obeys\na quite different distance-dependent behavior between nucleons, from when it is\nacting to bind quarks within nucleons. The binding energy related to the\nresidual strong force is used in nuclear power and nuclear weapons. on\nBinding energy: see [http://www.furryelephant.com/content/radioactivity/binding-energy-mass-\ndefect/ Binding Energy, Mass Defect], Furry Elephant physics educational site,\nretr 2012 7 1 on Binding energy: see [https://netfiles.uiuc.edu/mragh-\neb/www/NPRE%20402%20ME%20405%20Nuclear%20Power%20Engineering/Nuclear%20Processe-\ns%20The%20Strong%20Force.pdf Chapter 4 NUCLEAR PROCESSES, THE STRONG FORCE], M.\nRagheb 1/27/2012, University of Illinois\n\nThe strong interaction is thought to be mediated by gluons, acting upon quarks,\nantiquarks, and other gluons. Gluons, in turn, are thought to interact with\nquarks and gluons because all carry a type of charge called \"color charge.\"\nColor charge is analogous to electromagnetic charge, but it comes in three types\nrather than one, and it results in a different type of force, with different\nrules of behavior. These rules are detailed in the theory of quantum\nchromodynamics (QCD), which is the theory of quark-gluon interactions.\n","linknr":347,"url":"Strong_Interaction","recorded":1363435944,"links":["/w/index.php?title=Strong_interaction&action=edit","/w/index.php?title=Strong_interaction&action=edit","//en.wikipedia.org/apple-touch-icon.png","//bits.wikimedia.org/favicon/wikipedia.ico","/w/opensearch_desc.php","//en.wikipedia.org/w/api.php?action=rsd","//creativecommons.org/licenses/by-sa/3.0/","/w/index.php?title=Special:RecentChanges&feed=atom","/wiki/Strong_interaction","//bits.wikimedia.org/en.wikipedia.org/load.php?debug=false&lang=en&modules=ext.gadget.DRN-wizard%2CReferenceTooltips%2Ccharinsert%2Cteahouse%7Cext.wikihiero%7Cmediawiki.legacy.commonPrint%2Cshared%7Cmw.PopUpMediaTransform%7Cskins.vector&only=styles&skin=vector&*","//bits.wikimedia.org/en.wikipedia.org/load.php?debug=false&lang=en&modules=site&only=styles&skin=vector&*","//bits.wikimedia.org/en.wikipedia.org/load.php?debug=false&lang=en&modules=startup&only=scripts&skin=vector&*","//bits.wikimedia.org/geoiplookup","//meta.wikimedia.org","/w/index.php?title=Strong_Interaction&redirect=no","#mw-head","#p-search","/wiki/Strong_interaction_(disambiguation)","/wiki/File:CERN_LHC_Tunnel1.jpg","//upload.wikimedia.org/wikipedia/commons/thumb/f/fc/CERN_LHC_Tunnel1.jpg/250px-CERN_LHC_Tunnel1.jpg","/wiki/Large_Hadron_Collider","/wiki/CERN","/wiki/Particle_physics","/wiki/Standard_Model","/wiki/Quantum_field_theory","/wiki/Gauge_theory","/wiki/Spontaneous_symmetry_breaking","/wiki/Higgs_mechanism","/wiki/Electroweak_interaction","/wiki/Quantum_chromodynamics","/wiki/CKM_matrix","/wiki/Strong_CP_problem","/wiki/Hierarchy_problem","/wiki/Neutrino_oscillations","/wiki/Physics_beyond_the_Standard_Model","/wiki/Ernest_Rutherford","/wiki/J._J._Thomson","/wiki/James_Chadwick","/wiki/Satyendra_Bose","/wiki/George_Sudarshan","/wiki/Masatoshi_Koshiba","/wiki/Raymond_Davis,_Jr.","/wiki/Carl_David_Anderson","/wiki/Enrico_Fermi","/wiki/Paul_Dirac","/wiki/Richard_Feynman","/wiki/Carlo_Rubbia","/wiki/Murray_Gell-Mann","/wiki/Henry_Way_Kendall","/wiki/Richard_E._Taylor","/wiki/Jerome_Isaac_Friedman","/wiki/C._F._Powell","/wiki/Philip_Warren_Anderson","/wiki/Sheldon_Glashow","/wiki/Simon_van_der_Meer","/wiki/Clyde_Cowan","/wiki/Yoichiro_Nambu","/wiki/Owen_Chamberlain","/wiki/Nicola_Cabibbo","/wiki/Melvin_Schwartz","/wiki/Martin_Lewis_Perl","/wiki/Ettore_Majorana","/wiki/Steven_Weinberg","/wiki/Tsung-Dao_Lee","/wiki/John_Clive_Ward","/wiki/Abdus_Salam","/wiki/Makoto_Kobayashi_(physicist)","/wiki/Toshihide_Maskawa","/wiki/Chen_Ning_Yang","/wiki/Hideki_Yukawa","/wiki/Gerard_%27t_Hooft","/wiki/Martinus_Veltman","/wiki/David_Gross","/wiki/H._David_Politzer","/wiki/Frank_Wilczek","/wiki/James_Watson_Cronin","/wiki/Val_Logsdon_Fitch","/wiki/John_Hasbrouck_Van_Vleck","/wiki/Peter_Higgs","/wiki/Fran%C3%A7ois_Englert","/wiki/Robert_Brout","/wiki/C._R._Hagen","/wiki/Gerald_Guralnik","/wiki/Tom_W._B._Kibble","/wiki/Samuel_Chao_Chung_Ting","/wiki/Burton_Richter","/wiki/Template:Standard_model_of_particle_physics","/wiki/Template_talk:Standard_model_of_particle_physics","//en.wikipedia.org/w/index.php?title=Template:Standard_model_of_particle_physics&action=edit","/wiki/Particle_physics","/wiki/Fundamental_interaction","/wiki/Electromagnetism","/wiki/Weak_interaction","/wiki/Gravitation","/wiki/Order_of_magnitude","/wiki/Femtometer","/wiki/Proton","/wiki/Neutron","/wiki/Atomic_nucleus","/wiki/Atom","/wiki/Gluon","/wiki/Quark","/wiki/Hadron","/wiki/Nuclear_force","/wiki/Binding_energy","/wiki/Nuclear_power","/wiki/Nuclear_weapons","#cite_note-1","#cite_note-2","/wiki/Antiparticle","/wiki/Quantum_chromodynamics","#History","#Details","#Behaviour_of_the_strong_force","#Residual_strong_force","#See_also","#References","#Further_reading","/w/index.php?title=Strong_interaction&action=edit&section=1","/wiki/Proton","/wiki/Neutron","/wiki/Electric_charge","/wiki/Nucleon","/wiki/Quark","/wiki/Quantum_chromodynamics","/wiki/Color_charge","#cite_note-3","/wiki/Gluon","/w/index.php?title=Strong_interaction&action=edit&section=2","/wiki/Electromagnetic_force","/wiki/Weak_force","/wiki/Gravitation","/w/index.php?title=Strong_interaction&action=edit&section=3","/wiki/Quantum_chromodynamics","/wiki/Standard_model","/wiki/Non-abelian_gauge_theory","/wiki/Gauge_theory","/wiki/Symmetry_group","/wiki/SU(3)","/wiki/Coupling_constant","/wiki/Group_theory","/wiki/Hadron","/wiki/Newton_(unit)","#cite_note-4","/wiki/Color_confinement","/wiki/Free_quark","/wiki/Particle_accelerator","/wiki/Quark-gluon_plasma","/wiki/Hadron","/w/index.php?title=Strong_interaction&action=edit&section=4","/wiki/File:Nuclear_Force_anim_smaller.gif","//upload.wikimedia.org/wikipedia/commons/3/35/Nuclear_Force_anim_smaller.gif","/wiki/File:Nuclear_Force_anim_smaller.gif","//bits.wikimedia.org/static-1.21wmf9/skins/common/images/magnify-clip.png","/wiki/Nuclear_force","/wiki/Pion","/wiki/File:Quark_Anticolours.png","http://upload.wikimedia.org/wikipedia/commons/d/d9/Nulcear_Force_anim.gif","/wiki/Nuclear_force","/wiki/Hadron","/wiki/Meson","/wiki/Nucleon","/wiki/Pion","/wiki/Rho_meson","/wiki/Meson","/wiki/Van_der_Waals_force","#cite_note-5","/wiki/Nuclear_force","/wiki/Yukawa_potential","/wiki/Atomic_number","/wiki/Lead","/w/index.php?title=Strong_interaction&action=edit&section=5","/wiki/Nuclear_binding_energy","/wiki/Color_charge","/wiki/Coupling_constant","/wiki/Nuclear_physics","/wiki/QCD_matter","/wiki/Quantum_field_theory","/wiki/Gauge_theory","/wiki/Standard_model","/wiki/Standard_Model_(mathematical_formulation)","/wiki/Weak_interaction","/wiki/Electromagnetism","/wiki/Gravity","/wiki/Intermolecular_force","/wiki/Vortex","/w/index.php?title=Strong_interaction&action=edit&section=6","#cite_ref-1","http://www.furryelephant.com/content/radioactivity/binding-energy-mass-defect/","#cite_ref-2","https://netfiles.uiuc.edu/mragheb/www/NPRE%20402%20ME%20405%20Nuclear%20Power%20Engineering/Nuclear%20Processes%20The%20Strong%20Force.pdf","#cite_ref-3","/wiki/QED:_The_Strange_Theory_of_Light_and_Matter","/wiki/Princeton_University_Press","/wiki/International_Standard_Book_Number","/wiki/Special:BookSources/0-691-08388-6","#cite_ref-4","#cite_ref-5","/wiki/Basic_Books","/wiki/International_Standard_Book_Number","/wiki/Special:BookSources/978-0-465-06781-7","/w/index.php?title=Strong_interaction&action=edit&section=7","http://35.9.69.219/home/modules/pdf_modules/m280.pdf","http://www.physnet.org","http://35.9.69.219/home/modules/pdf_modules/m280.pdf","/wiki/John_Wiley_%26_Sons","/wiki/International_Standard_Book_Number","/wiki/Special:BookSources/0-471-60386-4","/wiki/John_Wiley_%26_Sons","/wiki/International_Standard_Book_Number","/wiki/Special:BookSources/0-471-88741-2","/wiki/Perseus_Books","/wiki/International_Standard_Book_Number","/wiki/Special:BookSources/0-201-11749-5","/wiki/Joseph_Henry_Press","/wiki/International_Standard_Book_Number","/wiki/Special:BookSources/0-309-50593-3","/wiki/Template:FundamentalForces","/wiki/Template_talk:FundamentalForces","//en.wikipedia.org/w/index.php?title=Template:FundamentalForces&action=edit","/wiki/Fundamental_interaction","/wiki/Weak_interaction","/wiki/Electromagnetism","/wiki/Gravitation","http://en.wikipedia.org/w/index.php?title=Strong_interaction&oldid=539351131","/wiki/Help:Categories","/wiki/Category:Concepts_in_physics","/wiki/Category:Quantum_chromodynamics","/wiki/Category:Particle_physics","/wiki/Category:Nuclear_physics","/w/index.php?title=Special:UserLogin&returnto=Strong+interaction&type=signup","/w/index.php?title=Special:UserLogin&returnto=Strong+interaction","/wiki/Strong_interaction","/wiki/Talk:Strong_interaction","#","/wiki/Strong_interaction","/w/index.php?title=Strong_interaction&action=edit","/w/index.php?title=Strong_interaction&action=history","#","/w/index.php","//bits.wikimedia.org/static-1.21wmf11/skins/vector/images/search-ltr.png?303-4","/wiki/Main_Page","/wiki/Main_Page","/wiki/Portal:Contents","/wiki/Portal:Featured_content","/wiki/Portal:Current_events","/wiki/Special:Random","//donate.wikimedia.org/wiki/Special:FundraiserRedirector?utm_source=donate&utm_medium=sidebar&utm_campaign=C13_en.wikipedia.org&uselang=en","/wiki/Help:Contents","/wiki/Wikipedia:About","/wiki/Wikipedia:Community_portal","/wiki/Special:RecentChanges","/wiki/Wikipedia:Contact_us","/wiki/Special:WhatLinksHere/Strong_interaction","/wiki/Special:RecentChangesLinked/Strong_interaction","/wiki/Wikipedia:File_Upload_Wizard","/wiki/Special:SpecialPages","/w/index.php?title=Strong_interaction&oldid=539351131","/w/index.php?title=Strong_interaction&action=info","/w/index.php?title=Special:Cite&page=Strong_interaction&id=539351131","/w/index.php?title=Special:Book&bookcmd=book_creator&referer=Strong+interaction","/w/index.php?title=Special:Book&bookcmd=render_article&arttitle=Strong+interaction&oldid=539351131&writer=rl","/w/index.php?title=Strong_interaction&printable=yes","//ar.wikipedia.org/wiki/%D8%AA%D8%A2%D8%AB%D8%B1_%D9%82%D9%88%D9%8A","//an.wikipedia.org/wiki/Interacci%C3%B3n_nucleyar_fuerte","//bn.wikipedia.org/wiki/%E0%A6%B8%E0%A6%AC%E0%A6%B2_%E0%A6%AE%E0%A6%BF%E0%A6%A5%E0%A6%B7%E0%A7%8D%E0%A6%95%E0%A7%8D%E0%A6%B0%E0%A6%BF%E0%A6%AF%E0%A6%BC%E0%A6%BE","//zh-min-nan.wikipedia.org/wiki/Ki%C3%B4ng-la%CC%8Dt","//be.wikipedia.org/wiki/%D0%9C%D0%BE%D1%86%D0%BD%D0%B0%D0%B5_%D1%9E%D0%B7%D0%B0%D0%B5%D0%BC%D0%B0%D0%B4%D0%B7%D0%B5%D1%8F%D0%BD%D0%BD%D0%B5","//be-x-old.wikipedia.org/wiki/%D0%9C%D0%BE%D1%86%D0%BD%D0%B0%D0%B5_%D1%9E%D0%B7%D0%B0%D0%B5%D0%BC%D0%B0%D0%B4%D0%B7%D0%B5%D1%8F%D0%BD%D1%8C%D0%BD%D0%B5","//bg.wikipedia.org/wiki/%D0%A1%D0%B8%D0%BB%D0%BD%D0%BE_%D1%8F%D0%B4%D1%80%D0%B5%D0%BD%D0%BE_%D0%B2%D0%B7%D0%B0%D0%B8%D0%BC%D0%BE%D0%B4%D0%B5%D0%B9%D1%81%D1%82%D0%B2%D0%B8%D0%B5","//bs.wikipedia.org/wiki/Jaka_sila","//ca.wikipedia.org/wiki/For%C3%A7a_nuclear_forta","//cs.wikipedia.org/wiki/Siln%C3%A1_interakce","//da.wikipedia.org/wiki/St%C3%A6rk_kernekraft","//de.wikipedia.org/wiki/Starke_Wechselwirkung","//et.wikipedia.org/wiki/Tugev_vastastikm%C3%B5ju","//el.wikipedia.org/wiki/%CE%99%CF%83%CF%87%CF%85%CF%81%CE%AE_%CE%B1%CE%BB%CE%BB%CE%B7%CE%BB%CE%B5%CF%80%CE%AF%CE%B4%CF%81%CE%B1%CF%83%CE%B7","//es.wikipedia.org/wiki/Interacci%C3%B3n_nuclear_fuerte","//eo.wikipedia.org/wiki/Forta_nuklea_forto","//eu.wikipedia.org/wiki/Elkarreragin_nuklear_indartsu","//fa.wikipedia.org/wiki/%D9%86%DB%8C%D8%B1%D9%88%DB%8C_%D9%87%D8%B3%D8%AA%D9%87%E2%80%8C%D8%A7%DB%8C_%D9%82%D9%88%DB%8C","//hif.wikipedia.org/wiki/Strong_interaction","//fr.wikipedia.org/wiki/Interaction_forte","//fy.wikipedia.org/wiki/Sterke_kearnkr%C3%AAft","//ga.wikipedia.org/wiki/Idirghn%C3%ADomh%C3%BA_l%C3%A1idir","//gl.wikipedia.org/wiki/Interacci%C3%B3n_nuclear_forte","//ko.wikipedia.org/wiki/%EA%B0%95%ED%95%9C_%EC%83%81%ED%98%B8%EC%9E%91%EC%9A%A9","//hr.wikipedia.org/wiki/Jaka_sila","//io.wikipedia.org/wiki/Fort-interago","//id.wikipedia.org/wiki/Gaya_nuklir_kuat","//ia.wikipedia.org/wiki/Interaction_forte","//it.wikipedia.org/wiki/Interazione_forte","//he.wikipedia.org/wiki/%D7%94%D7%9B%D7%95%D7%97_%D7%94%D7%92%D7%A8%D7%A2%D7%99%D7%A0%D7%99_%D7%94%D7%97%D7%96%D7%A7","//ka.wikipedia.org/wiki/%E1%83%AB%E1%83%9A%E1%83%98%E1%83%94%E1%83%A0%E1%83%98_%E1%83%A3%E1%83%A0%E1%83%97%E1%83%98%E1%83%94%E1%83%A0%E1%83%97%E1%83%A5%E1%83%9B%E1%83%94%E1%83%93%E1%83%94%E1%83%91%E1%83%90","//kk.wikipedia.org/wiki/%D0%9A%D2%AF%D1%88%D1%82%D1%96_%D3%A9%D0%B7%D0%B0%D1%80%D0%B0_%D3%99%D1%81%D0%B5%D1%80%D0%BB%D0%B5%D1%81%D1%83","//la.wikipedia.org/wiki/Vis_fortis","//lv.wikipedia.org/wiki/Stipr%C4%81_mijiedarb%C4%ABba","//lt.wikipedia.org/wiki/Stiprioji_s%C4%85veika","//hu.wikipedia.org/wiki/Er%C5%91s_k%C3%B6lcs%C3%B6nhat%C3%A1s","//ml.wikipedia.org/wiki/%E0%B4%B6%E0%B4%95%E0%B5%8D%E0%B4%A4_%E0%B4%A8%E0%B5%8D%E0%B4%AF%E0%B5%82%E0%B4%95%E0%B5%8D%E0%B4%B2%E0%B4%BF%E0%B4%AF%E0%B4%BE%E0%B5%BC_%E0%B4%AA%E0%B5%8D%E0%B4%B0%E0%B4%B5%E0%B5%BC%E0%B4%A4%E0%B5%8D%E0%B4%A4%E0%B4%A8%E0%B4%82","//ms.wikipedia.org/wiki/Daya_nukleus_kuat","//mn.wikipedia.org/wiki/%D0%A5%D2%AF%D1%87%D1%82%D1%8D%D0%B9_%D1%85%D0%B0%D1%80%D0%B8%D0%BB%D1%86%D0%B0%D0%BD_%D2%AF%D0%B9%D0%BB%D1%87%D0%BB%D1%8D%D0%BB","//nl.wikipedia.org/wiki/Sterke_kernkracht","//ja.wikipedia.org/wiki/%E5%BC%B7%E3%81%84%E7%9B%B8%E4%BA%92%E4%BD%9C%E7%94%A8","//no.wikipedia.org/wiki/Fargekraft","//oc.wikipedia.org/wiki/F%C3%B2r%C3%A7a_nucleara_f%C3%B2rta","//pnb.wikipedia.org/wiki/%D8%AA%DA%A9%DA%91%D8%A7_%D9%85%DB%8C%D9%84_%D8%AC%D9%88%D9%84","//pl.wikipedia.org/wiki/Oddzia%C5%82ywanie_silne","//pt.wikipedia.org/wiki/For%C3%A7a_forte","//ro.wikipedia.org/wiki/Interac%C8%9Biunea_tare","//qu.wikipedia.org/wiki/I%C3%B1uku_huk%27i_sinchi_micha","//ru.wikipedia.org/wiki/%D0%A1%D0%B8%D0%BB%D1%8C%D0%BD%D0%BE%D0%B5_%D0%B2%D0%B7%D0%B0%D0%B8%D0%BC%D0%BE%D0%B4%D0%B5%D0%B9%D1%81%D1%82%D0%B2%D0%B8%D0%B5","//sq.wikipedia.org/wiki/Bashk%C3%ABveprimi_i_fort%C3%AB","//simple.wikipedia.org/wiki/Strong_interaction","//sk.wikipedia.org/wiki/Siln%C3%A1_interakcia_hmotn%C3%BDch_objektov","//sl.wikipedia.org/wiki/Mo%C4%8Dna_jedrska_sila","//sr.wikipedia.org/wiki/%D0%88%D0%B0%D0%BA%D0%B0_%D0%B8%D0%BD%D1%82%D0%B5%D1%80%D0%B0%D0%BA%D1%86%D0%B8%D1%98%D0%B0","//sh.wikipedia.org/wiki/Jaka_interakcija","//su.wikipedia.org/wiki/Gaya_nuklir_kuat","//fi.wikipedia.org/wiki/Vahva_vuorovaikutus","//sv.wikipedia.org/wiki/Stark_v%C3%A4xelverkan","//tl.wikipedia.org/wiki/Interaksiyong_malakas","//ta.wikipedia.org/wiki/%E0%AE%B5%E0%AE%B2%E0%AE%BF%E0%AE%AF_%E0%AE%87%E0%AE%9F%E0%AF%88%E0%AE%B5%E0%AE%BF%E0%AE%A9%E0%AF%88","//th.wikipedia.org/wiki/%E0%B8%AD%E0%B8%B1%E0%B8%99%E0%B8%95%E0%B8%A3%E0%B8%81%E0%B8%B4%E0%B8%A3%E0%B8%B4%E0%B8%A2%E0%B8%B2%E0%B8%AD%E0%B8%A2%E0%B9%88%E0%B8%B2%E0%B8%87%E0%B9%80%E0%B8%82%E0%B9%89%E0%B8%A1","//tr.wikipedia.org/wiki/G%C3%BC%C3%A7l%C3%BC_etkile%C5%9Fim","//uk.wikipedia.org/wiki/%D0%A1%D0%B8%D0%BB%D1%8C%D0%BD%D0%B0_%D0%B2%D0%B7%D0%B0%D1%94%D0%BC%D0%BE%D0%B4%D1%96%D1%8F","//ur.wikipedia.org/wiki/%D9%82%D9%88%DB%8C_%D8%AA%D9%81%D8%A7%D8%B9%D9%84","//vi.wikipedia.org/wiki/T%C6%B0%C6%A1ng_t%C3%A1c_m%E1%BA%A1nh","//war.wikipedia.org/wiki/Makusog_nga_pahilabotay","//yi.wikipedia.org/wiki/%D7%A9%D7%98%D7%90%D7%A8%D7%A7%D7%A2_%D7%A7%D7%A8%D7%90%D7%A4%D7%98","//zh.wikipedia.org/wiki/%E5%BC%BA%E7%9B%B8%E4%BA%92%E4%BD%9C%E7%94%A8","//www.wikidata.org/wiki/Special:ItemByTitle/enwiki/Strong interaction","//en.wikipedia.org/wiki/Wikipedia:Text_of_Creative_Commons_Attribution-ShareAlike_3.0_Unported_License","//creativecommons.org/licenses/by-sa/3.0/","//wikimediafoundation.org/wiki/Terms_of_Use","//www.wikimediafoundation.org/","//en.wikipedia.org/wiki/Wikipedia:Contact_us","//wikimediafoundation.org/wiki/Privacy_policy","/wiki/Wikipedia:About","/wiki/Wikipedia:General_disclaimer","http://en.m.wikipedia.org/wiki/Strong_interaction","//wikimediafoundation.org/","//bits.wikimedia.org/images/wikimedia-button.png","//www.mediawiki.org/","//bits.wikimedia.org/static-1.21wmf11/skins/common/images/poweredby_mediawiki_88x31.png","//bits.wikimedia.org/en.wikipedia.org/load.php?debug=false&lang=en&modules=skins.vector&only=scripts&skin=vector&*","/w/index.php?title=MediaWiki:Gadget-ReferenceTooltips.js&action=raw&ctype=text/javascript&508635914","//bits.wikimedia.org/en.wikipedia.org/load.php?debug=false&lang=en&modules=site&only=scripts&skin=vector&*"],"instances":["unit","mathematical_formulation"],"pdf":["https://netfiles.uiuc.edu/mragheb/www/NPRE%20402%20ME%20405%20Nuclear%20Power%20Engineering/Nuclear%20Processes%20The%20Strong%20Force.pdf","http://35.9.69.219/home/modules/pdf_modules/m280.pdf","http://35.9.69.219/home/modules/pdf_modules/m280.pdf"],"categories":["Concepts in physics","Quantum chromodynamics","Particle physics","Nuclear physics"],"headings":["History","Details","See also","References","Further reading"],"image":["//upload.wikimedia.org/wikipedia/commons/thumb/f/fc/CERN_LHC_Tunnel1.jpg/250px-CERN_LHC_Tunnel1.jpg","//upload.wikimedia.org/wikipedia/commons/3/35/Nuclear_Force_anim_smaller.gif","//bits.wikimedia.org/static-1.21wmf9/skins/common/images/magnify-clip.png","//bits.wikimedia.org/static-1.21wmf11/skins/vector/images/search-ltr.png?303-4","//bits.wikimedia.org/images/wikimedia-button.png","//bits.wikimedia.org/static-1.21wmf11/skins/common/images/poweredby_mediawiki_88x31.png"],"tags":[["su(3"],["newton","unit"],["standard_model","mathematical_formulation"]],"members":["newton","standard_model"],"related":["Particle_physics","Fundamental_interaction","Electromagnetism","Weak_interaction","Gravitation","Order_of_magnitude","Femtometer","Proton","Neutron","Atomic_nucleus","Atom","Gluon","Quark","Hadron","Nuclear_force","Binding_energy","Nuclear_power","Nuclear_weapons","Antiparticle","Quantum_chromodynamics","Proton","Neutron","Electric_charge","Nucleon","Quark","Quantum_chromodynamics","Color_charge","Princeton_University_Press","Gluon","Electromagnetic_force","Weak_force","Gravitation","Quantum_chromodynamics","Standard_model","Non-abelian_gauge_theory","Gauge_theory","Symmetry_group","SU(3)","Coupling_constant","Group_theory","Hadron","Newton_(unit)","Color_confinement","Free_quark","Particle_accelerator","Quark-gluon_plasma","Hadron","Pion","Nuclear_force","Hadron","Meson","Nucleon","Pion","Rho_meson","Meson","Van_der_Waals_force","Basic_Books","Nuclear_force","Yukawa_potential","Atomic_number","Lead","Nuclear_binding_energy","Color_charge","Coupling_constant","Nuclear_physics","QCD_matter","Quantum_field_theory","Gauge_theory","Standard_model","Standard_Model_(mathematical_formulation)","Weak_interaction","Electromagnetism","Gravity","Intermolecular_force","Vortex","John_Wiley_&_Sons","John_Wiley_&_Sons","Perseus_Books","Joseph_Henry_Press"]}