{"cursor":"18423","size":15,"audio":[],"currentlang":"en","article":"\n\n\n'Hegemony' (, , ; , 'leadership' and 'rule') is an indirect form of\ngovernment of imperial dominance in which the hegemon (leader state) rules\ngeopolitically subordinate states by the implied means of power, the\nthreat of force, rather than by direct military force. In Ancient Greece (8th c. BC â AD 6th c.),\nhegemony denoted the politicoâmilitary dominance of a city-state over\nother city-states. In the 19th century,\nhegemony denoted the geopolitical and the cultural predominance of one\ncountry upon others; from which derived hegemonism, the Great Power\npolitics meant to establish European hegemony upon continental Asia and\nAfrica. In the 20th-century, Antonio Gramsci\ndeveloped the philosophy and the sociology of geopolitical hegemony into\nthe theory of [[cultural hegemony]], whereby one social class can\nmanipulate the system of values and mores of a society, in order to create\nand establish a ruling-class [[Weltanschauung]], a worldview that\njustifies the status quo of bourgeois domination of the other social\nclasses of the society. [[Oxford\nEnglish Dictionary]] [http://www.flagrancy.net/timeline.html US\nHegemony ]\n\nIn the praxis of hegemony, imperial dominance is established by means of\ncultural imperialism, whereby the leader state (hegemon) dictates the internal\npolitics and the societal character of the subordinate states that constitute\nthe hegemonic sphere of influence, either by an internal, sponsored government\nor by an external, installed government. The imposition of the hegemonâs way of\nlife â an imperial [[lingua franca]] and bureaucracies (social, economic,\neducational, governing) â transforms the concrete imperialism of direct military\ndomination into the abstract power of the status quo, indirect imperial\ndomination. Under hegemony, rebellion (social,\npolitical, economic, armed) is eliminated either by co-optation of the rebels or\nby suppression (police and military), without direct intervention by the\nhegemon; the examples are the latter-stage Spanish and British empires, and the\n19th- and 20th-century reichs of unified Germany (1871â1945). As well as p.\n145: \"Unified Germany was achieving the strength to dominate Europe all by\nitself â an occurrence which Great Britain had always resisted in the past when\nit came about by conquest\".\n","linknr":468,"url":"Hegemony","recorded":1364145423,"links":["/w/index.php?title=Hegemony&action=edit","/w/index.php?title=Hegemony&action=edit","//en.wikipedia.org/apple-touch-icon.png","//bits.wikimedia.org/favicon/wikipedia.ico","/w/opensearch_desc.php","//en.wikipedia.org/w/api.php?action=rsd","//creativecommons.org/licenses/by-sa/3.0/","/w/index.php?title=Special:RecentChanges&feed=atom","//bits.wikimedia.org/en.wikipedia.org/load.php?debug=false&lang=en&modules=ext.gadget.DRN-wizard%2CReferenceTooltips%2Ccharinsert%2Cteahouse%7Cext.wikihiero%7Cmediawiki.legacy.commonPrint%2Cshared%7Cmw.PopUpMediaTransform%7Cskins.vector&only=styles&skin=vector&*","//bits.wikimedia.org/en.wikipedia.org/load.php?debug=false&lang=en&modules=site&only=styles&skin=vector&*","//bits.wikimedia.org/en.wikipedia.org/load.php?debug=false&lang=en&modules=startup&only=scripts&skin=vector&*","//bits.wikimedia.org/geoiplookup","//meta.wikimedia.org","#mw-head","#p-search","/wiki/Hegemon_(disambiguation)","/wiki/File:362BCThebanHegemony.png","//upload.wikimedia.org/wikipedia/commons/thumb/2/2d/362BCThebanHegemony.png/275px-362BCThebanHegemony.png","/wiki/File:362BCThebanHegemony.png","//bits.wikimedia.org/static-1.21wmf11/skins/common/images/magnify-clip.png","/wiki/Category:Politics","/wiki/Government","/wiki/Confederation","/wiki/Federation","/wiki/Empire","/wiki/Unitary_state","/wiki/Democracy","/wiki/Direct_democracy","/wiki/Representative_democracy","/wiki/Outline_of_democracy#Types_of_democracy","/wiki/Monarchy","/wiki/Absolute_monarchy","/wiki/Constitutional_monarchy","/wiki/Oligarchy","/wiki/Aristocracy","/wiki/Military_junta","/wiki/Plutocracy","/wiki/Stratocracy","/wiki/Timocracy","/wiki/Authoritarianism","/wiki/Autocracy","/wiki/Despotism","/wiki/Dictatorship","/wiki/Totalitarianism","/wiki/Anarchy","/wiki/Anocracy","/wiki/Kritarchy","/wiki/Republic","/wiki/Theocracy","/wiki/Portal:Politics","/wiki/Template:Basic_forms_of_government","/wiki/Template_talk:Basic_forms_of_government","//en.wikipedia.org/w/index.php?title=Template:Basic_forms_of_government&action=edit","/wiki/British_English","/wiki/Help:IPA_for_English","/wiki/Help:IPA_for_English#Key","/wiki/Help:IPA_for_English#Key","/wiki/Help:IPA_for_English#Key","/wiki/Help:IPA_for_English#Key","/wiki/Help:IPA_for_English#Key","/wiki/Help:IPA_for_English#Key","/wiki/Help:IPA_for_English#Key","/wiki/Help:IPA_for_English#Key","/wiki/Help:IPA_for_English","/wiki/American_English","/wiki/Help:IPA_for_English","/wiki/Help:IPA_for_English#Key","/wiki/Help:IPA_for_English#Key","/wiki/Help:IPA_for_English#Key","/wiki/Help:IPA_for_English#Key","/wiki/Help:IPA_for_English#Key","/wiki/Help:IPA_for_English#Key","/wiki/Help:IPA_for_English#Key","/wiki/Help:IPA_for_English#Key","/wiki/Help:IPA_for_English#Key","/wiki/Help:IPA_for_English","/wiki/American_English","/wiki/Help:IPA_for_English","/wiki/Help:IPA_for_English#Key","/wiki/Help:IPA_for_English#Key","/wiki/Help:IPA_for_English#Key","/wiki/Help:IPA_for_English#Key","/wiki/Help:IPA_for_English#Key","/wiki/Help:IPA_for_English#Key","/wiki/Help:IPA_for_English#Key","/wiki/Help:IPA_for_English#Key","/wiki/Help:IPA_for_English","/wiki/Greek_language","/wiki/Form_of_government","/wiki/Empire","/wiki/Dominance_hierarchy","/wiki/Geopolitics","/wiki/Power_(philosophy)","#cite_note-RossHassig-1","/wiki/Ancient_Greece","/wiki/City-state","#cite_note-TheColumbia-2","/wiki/Cultural_imperialism","/wiki/Great_Power","/wiki/European_colonialism","#cite_note-Fontana-3","/wiki/Antonio_Gramsci","/wiki/Cultural_hegemony","/wiki/Social_class","/wiki/Value_system","/wiki/Mores","/wiki/Ruling_class","/wiki/Weltanschauung","/wiki/Bourgeoisie","/wiki/Social_stratification","#cite_note-TheColumbia-2","#cite_note-4","#cite_note-5","#cite_note-6","/wiki/Praxis_(process)","/wiki/Society","/wiki/Sphere_of_influence","/wiki/Lingua_franca","/wiki/Bureaucracy","/wiki/Political_power","#cite_note-RossHassig-1","/wiki/Co-optation","/wiki/Spanish_Empire","/wiki/British_Empire","/wiki/German_Unification","#cite_note-7","#History","#Geography","#Political_science","#Sociology","#See_also","#References","#Further_reading","#External_links","/w/index.php?title=Hegemony&action=edit&section=1","/wiki/File:Map_Macedonia_336_BC-en.svg","//upload.wikimedia.org/wikipedia/commons/thumb/3/33/Map_Macedonia_336_BC-en.svg/250px-Map_Macedonia_336_BC-en.svg.png","/wiki/File:Map_Macedonia_336_BC-en.svg","//bits.wikimedia.org/static-1.21wmf11/skins/common/images/magnify-clip.png","/wiki/Greco-Roman_world","/wiki/Classical_antiquity","/wiki/City-state","/wiki/Sparta","/wiki/Peloponnesian_League","/wiki/Philip_II_of_Macedon","/wiki/League_of_Corinth","/wiki/Alexander_the_Great","/wiki/Spring_and_Autumn_Period","/wiki/Eastern_Zhou_Dynasty","/wiki/Five_Hegemons_(Spring_and_Autumn_Period)","/wiki/Feudalism","/wiki/Imperium","/wiki/Cultural_imperialism","/wiki/Medici","/wiki/Oda_Nobunaga","/wiki/Toyotomi_Hideyoshi","/wiki/Tokugawa_Ieyasu","/wiki/Mercantilism","/w/index.php?title=Four_Great_Fleets&action=edit&redlink=1","/wiki/Stock_market","/wiki/Wikipedia:Citation_needed","/wiki/Louis_XIV_of_France","/wiki/Emperor_of_the_French","/wiki/Napoleon","/wiki/Continental_Europe","/wiki/British_Empire","/wiki/Queen_Victoria","/wiki/Indian_Ocean","/wiki/Pacific_Ocean","/wiki/Caribbean_Sea","/wiki/Africa","/wiki/Indian_subcontinent","/wiki/File:Soviet_empire_1960.png","//upload.wikimedia.org/wikipedia/commons/thumb/c/ce/Soviet_empire_1960.png/250px-Soviet_empire_1960.png","/wiki/File:Soviet_empire_1960.png","//bits.wikimedia.org/static-1.21wmf11/skins/common/images/magnify-clip.png","/wiki/Cuban_Revolution","/wiki/Sino%E2%80%93Soviet_split","/wiki/USSR","/wiki/Nazi_Germany","/wiki/Sphere_of_influence","#cite_note-8","/wiki/Second_World_War","/wiki/Eurasia","/wiki/Africa","/wiki/Cold_War","/wiki/Ideology","/wiki/Communism","/wiki/Warsaw_Pact","/wiki/Capitalism","/wiki/NATO","/wiki/Arms_race","/wiki/Proxy_war","/wiki/Hungarian_Revolution_of_1956","/wiki/Vietnam_War","/wiki/Vietcong","/wiki/Republic_of_Vietnam","/wiki/Client_state","#cite_note-9","/wiki/Cold_War","/wiki/Hubert_V%C3%A9drine","/wiki/Hyperpower","/wiki/John_Mearsheimer","/wiki/Joseph_Nye","#cite_note-10","/wiki/Global_governance","#cite_note-Beyer-11","/w/index.php?title=Hegemony&action=edit&section=2","/wiki/Henri_Lefebvre","/wiki/Geopolitics","/wiki/Hydraulic_despotism","/wiki/Egypt","/wiki/China","/wiki/Mesopotamia","/wiki/Warring_States_Era","/wiki/Qin_(state)","/wiki/Chengkuo_Canal","/wiki/Eurasia","/wiki/Successor_state","/wiki/Middle_East","/wiki/Greece","/wiki/Iran","/wiki/Arabia","/wiki/Roman_Empire","/wiki/Holy_Roman_Empire","/wiki/Franks","/wiki/Atlantic_Ocean","/wiki/Portugal","/wiki/Spain","/wiki/Netherlands","/wiki/France","/wiki/United_Kingdom","#cite_note-12","/w/index.php?title=Hegemony&action=edit&section=3","/wiki/File:Gramsci.png","//upload.wikimedia.org/wikipedia/commons/thumb/e/e6/Gramsci.png/200px-Gramsci.png","/wiki/File:Gramsci.png","//bits.wikimedia.org/static-1.21wmf11/skins/common/images/magnify-clip.png","/wiki/Antonio_Gramsci","/wiki/Intellectual","/wiki/Cultural_hegemony","/wiki/Imperialism","/wiki/International_relations","/wiki/Marxist_philosophy","/wiki/Antonio_Gramsci","/wiki/Cultural_hegemony","/wiki/Economic_class","/wiki/Social_class","/wiki/Cultural_hegemony","/wiki/Norm_(sociology)","/wiki/Social_structure","/wiki/Ruling_class","/wiki/Dominance_hierarchy","/wiki/Weltanschauung","/wiki/Status_quo","/wiki/Social_construct","#cite_note-TheColumbia-2","#cite_note-Fontana-3","#cite_note-13","/wiki/Political_science","/wiki/Prussia","/wiki/German_Empire","/wiki/Napoleon_I","/wiki/French_Consulate","#cite_note-14","/wiki/Hegemony_and_Socialist_Strategy","/wiki/Power_(philosophy)","/wiki/Imperialism","/wiki/Articulation_(sociology)","/wiki/Discourse","#cite_note-15","#cite_note-Beyer-11","/w/index.php?title=Hegemony&action=edit&section=4","/wiki/Cultural_hegemony","/wiki/Language","/wiki/Information","/wiki/Mass_media","/wiki/General_public","/wiki/Cultural_hegemony","/wiki/Wikipedia:Citation_needed","/w/index.php?title=Hegemony&action=edit&section=5","/wiki/1954_Guatemalan_coup_d%27%C3%A9tat","/wiki/Imperialism,_the_Highest_Stage_of_Capitalism","/wiki/Balance_of_power_(international_relations)","/wiki/Cultural_hegemony","/wiki/Dominant_ideology","/wiki/Hegemonic_masculinity","/wiki/Hyperpower","/wiki/Monetary_hegemony","/wiki/Post-hegemony","/wiki/Regional_hegemony","/wiki/Soft_power","/wiki/Chantal_Mouffe","/wiki/Edward_Soja","/wiki/David_Harvey_(geographer)","/wiki/Noam_Chomsky","/wiki/AIPAC","/w/index.php?title=Hegemony&action=edit&section=6","#cite_ref-RossHassig_1-0","#cite_ref-RossHassig_1-1","/wiki/International_Standard_Book_Number","/wiki/Special:BookSources/0582068282","#cite_ref-TheColumbia_2-0","#cite_ref-TheColumbia_2-1","#cite_ref-TheColumbia_2-2","/wiki/International_Standard_Book_Number","/wiki/Special:BookSources/0231080980","#cite_ref-Fontana_3-0","#cite_ref-Fontana_3-1","/wiki/International_Standard_Book_Number","/wiki/Special:BookSources/0002558718","#cite_ref-4","/wiki/International_Standard_Book_Number","/wiki/Special:BookSources/0198631561","#cite_ref-5","/wiki/Oxford_English_Dictionary","#cite_ref-6","http://www.flagrancy.net/timeline.html","#cite_ref-7","/wiki/Henry_Kissinger","/wiki/International_Standard_Book_Number","/wiki/Special:BookSources/067165991X","#cite_ref-8","/wiki/International_Standard_Book_Number","/wiki/Special:BookSources/0465030491","#cite_ref-9","/wiki/International_Standard_Book_Number","/wiki/Special:BookSources/0816010056","#cite_ref-10","/wiki/International_Standard_Book_Number","/wiki/Special:BookSources/0065007204","#cite_ref-Beyer_11-0","#cite_ref-Beyer_11-1","/wiki/International_Standard_Book_Number","/wiki/Special:BookSources/9781845118921","#cite_ref-12","/wiki/International_Standard_Book_Number","/wiki/Special:BookSources/0631140484","#cite_ref-13","/wiki/International_Standard_Book_Number","/wiki/Special:BookSources/0043270778","#cite_ref-14","/wiki/International_Standard_Book_Number","/wiki/Special:BookSources/033344972X","#cite_ref-15","/wiki/International_Standard_Book_Number","/wiki/Special:BookSources/1859843301","/w/index.php?title=Hegemony&action=edit&section=7","/wiki/Digital_object_identifier","http://dx.doi.org/10.1111%2Fj.1468-2303.2005.00345.x","/wiki/International_Standard_Book_Number","/wiki/Special:BookSources/9780745635576","http://books.google.com/books?id=Nhq3fV6tWfwC","/wiki/International_Standard_Book_Number","/wiki/Special:BookSources/978-0-415-95544-7","http://books.google.com/books?id=Nhq3fV6tWfwC","/wiki/International_Standard_Book_Number","/wiki/Special:BookSources/0-415-26836-2","/w/index.php?title=Hegemony&action=edit&section=8","//upload.wikimedia.org/wikipedia/commons/thumb/f/f8/Wiktionary-logo-en.svg/37px-Wiktionary-logo-en.svg.png","//en.wiktionary.org/wiki/Special:Search/hegemony","http://www.dmoz.org/Society/Issues/Global/Hegemonism/","/wiki/Open_Directory_Project","http://www.uwec.edu/mdorsher/ica2001/hegemony_online.htm","http://www.caledonia.org.uk/hegemony.htm","http://www.nytimes.com/2008/01/27/magazine/27world-t.html?ex=1359176400&en=1af8c9c386cc212d&ei=5124&partner=permalink&exprod=permalink","http://en.wikipedia.org/w/index.php?title=Hegemony&oldid=543899508","/wiki/Help:Categories","/wiki/Category:Marxist_theory","/wiki/Category:Forms_of_government","/wiki/Category:Hegemony","/wiki/Category:International_relations_theory","/wiki/Category:Cultural_hegemony","/wiki/Category:Articles_containing_Greek_language_text","/wiki/Category:All_articles_with_unsourced_statements","/wiki/Category:Articles_with_unsourced_statements_from_October_2012","/wiki/Category:Articles_with_unsourced_statements_from_January_2011","/w/index.php?title=Special:UserLogin&returnto=Hegemony&type=signup","/w/index.php?title=Special:UserLogin&returnto=Hegemony","/wiki/Hegemony","/wiki/Talk:Hegemony","#","/wiki/Hegemony","/w/index.php?title=Hegemony&action=edit","/w/index.php?title=Hegemony&action=history","#","/w/index.php","//bits.wikimedia.org/static-1.21wmf11/skins/vector/images/search-ltr.png?303-4","/wiki/Main_Page","/wiki/Main_Page","/wiki/Portal:Contents","/wiki/Portal:Featured_content","/wiki/Portal:Current_events","/wiki/Special:Random","//donate.wikimedia.org/wiki/Special:FundraiserRedirector?utm_source=donate&utm_medium=sidebar&utm_campaign=C13_en.wikipedia.org&uselang=en","/wiki/Help:Contents","/wiki/Wikipedia:About","/wiki/Wikipedia:Community_portal","/wiki/Special:RecentChanges","/wiki/Wikipedia:Contact_us","/wiki/Special:WhatLinksHere/Hegemony","/wiki/Special:RecentChangesLinked/Hegemony","/wiki/Wikipedia:File_Upload_Wizard","/wiki/Special:SpecialPages","/w/index.php?title=Hegemony&oldid=543899508","/w/index.php?title=Hegemony&action=info","/w/index.php?title=Special:Cite&page=Hegemony&id=543899508","/w/index.php?title=Special:Book&bookcmd=book_creator&referer=Hegemony","/w/index.php?title=Special:Book&bookcmd=render_article&arttitle=Hegemony&oldid=543899508&writer=rl","/w/index.php?title=Hegemony&printable=yes","//als.wikipedia.org/wiki/Hegemonie","//az.wikipedia.org/wiki/Hegemoniya","//be.wikipedia.org/wiki/%D0%93%D0%B5%D0%B3%D0%B5%D0%BC%D0%BE%D0%BD%D1%96%D1%8F","//bg.wikipedia.org/wiki/%D0%A5%D0%B5%D0%B3%D0%B5%D0%BC%D0%BE%D0%BD%D0%B8%D1%8F","//ca.wikipedia.org/wiki/Hegemonia","//cs.wikipedia.org/wiki/Hegemonie","//cy.wikipedia.org/wiki/Hegemoni","//da.wikipedia.org/wiki/Hegemoni","//de.wikipedia.org/wiki/Hegemonie","//et.wikipedia.org/wiki/Hegemoonia","//es.wikipedia.org/wiki/Hegemon%C3%ADa","//eo.wikipedia.org/wiki/Hegemonio","//fa.wikipedia.org/wiki/%D9%81%D8%B1%D8%A7_%D8%AF%D8%B3%D8%AA%DB%8C","//gl.wikipedia.org/wiki/Hexemon%C3%ADa","//ko.wikipedia.org/wiki/%ED%8C%A8%EA%B6%8C","//hi.wikipedia.org/wiki/%E0%A4%86%E0%A4%A7%E0%A4%BF%E0%A4%AA%E0%A4%A4%E0%A5%8D%E0%A4%AF","//hr.wikipedia.org/wiki/Hegemonija","//io.wikipedia.org/wiki/Hegemonio","//id.wikipedia.org/wiki/Hegemoni","//is.wikipedia.org/wiki/Forr%C3%A6%C3%B0i","//it.wikipedia.org/wiki/Egemonia","//he.wikipedia.org/wiki/%D7%94%D7%92%D7%9E%D7%95%D7%A0%D7%99%D7%94","//kk.wikipedia.org/wiki/%D0%93%D0%B5%D0%B3%D0%B5%D0%BC%D0%BE%D0%BD%D0%B8%D0%B7%D0%BC","//lt.wikipedia.org/wiki/Hegemonija","//ms.wikipedia.org/wiki/Hegemoni","//nl.wikipedia.org/wiki/Hegemonie","//ja.wikipedia.org/wiki/%E8%A6%87%E6%A8%A9","//no.wikipedia.org/wiki/Hegemoni","//nn.wikipedia.org/wiki/Hegemoni","//pl.wikipedia.org/wiki/Hegemonia","//pt.wikipedia.org/wiki/Hegemonia","//ro.wikipedia.org/wiki/Hegemonie","//ru.wikipedia.org/wiki/%D0%93%D0%B5%D0%B3%D0%B5%D0%BC%D0%BE%D0%BD%D0%B8%D1%8F","//simple.wikipedia.org/wiki/Hegemony","//sr.wikipedia.org/wiki/%D0%A5%D0%B5%D0%B3%D0%B5%D0%BC%D0%BE%D0%BD%D0%B8%D1%98%D0%B0","//sh.wikipedia.org/wiki/Hegemonija","//fi.wikipedia.org/wiki/Hegemonia","//sv.wikipedia.org/wiki/Hegemoni","//ta.wikipedia.org/wiki/%E0%AE%86%E0%AE%A4%E0%AE%BF%E0%AE%95%E0%AF%8D%E0%AE%95_%E0%AE%85%E0%AE%B0%E0%AE%9A%E0%AE%BF%E0%AE%AF%E0%AE%B2%E0%AF%8D","//tr.wikipedia.org/wiki/Hegemonya","//uk.wikipedia.org/wiki/%D0%93%D0%B5%D0%B3%D0%B5%D0%BC%D0%BE%D0%BD%D1%96%D1%8F","//zh.wikipedia.org/wiki/%E9%9C%B8%E6%9D%83%E4%B8%BB%E4%B9%89","//www.wikidata.org/wiki/Special:ItemByTitle/enwiki/Hegemony","//en.wikipedia.org/wiki/Wikipedia:Text_of_Creative_Commons_Attribution-ShareAlike_3.0_Unported_License","//creativecommons.org/licenses/by-sa/3.0/","//wikimediafoundation.org/wiki/Terms_of_Use","//www.wikimediafoundation.org/","//en.wikipedia.org/wiki/Wikipedia:Contact_us","//wikimediafoundation.org/wiki/Privacy_policy","/wiki/Wikipedia:About","/wiki/Wikipedia:General_disclaimer","http://en.m.wikipedia.org/wiki/Hegemony","//wikimediafoundation.org/","//bits.wikimedia.org/images/wikimedia-button.png","//www.mediawiki.org/","//bits.wikimedia.org/static-1.21wmf11/skins/common/images/poweredby_mediawiki_88x31.png","//bits.wikimedia.org/en.wikipedia.org/load.php?debug=false&lang=en&modules=skins.vector&only=scripts&skin=vector&*","/w/index.php?title=MediaWiki:Gadget-ReferenceTooltips.js&action=raw&ctype=text/javascript&508635914","//bits.wikimedia.org/en.wikipedia.org/load.php?debug=false&lang=en&modules=site&only=scripts&skin=vector&*"],"instances":["spring_and_autumn_period","process","geographer","sociology","sociology","philosophy","state","international_relations"],"pdf":[],"categories":["Marxist theory","Forms of government","Hegemony|","International relations theory","Cultural hegemony"],"headings":["History","Geography","Political science","Sociology","See also","References","Further reading","External links"],"image":["//upload.wikimedia.org/wikipedia/commons/thumb/2/2d/362BCThebanHegemony.png/275px-362BCThebanHegemony.png","//bits.wikimedia.org/static-1.21wmf11/skins/common/images/magnify-clip.png","//upload.wikimedia.org/wikipedia/commons/thumb/3/33/Map_Macedonia_336_BC-en.svg/250px-Map_Macedonia_336_BC-en.svg.png","//bits.wikimedia.org/static-1.21wmf11/skins/common/images/magnify-clip.png","//upload.wikimedia.org/wikipedia/commons/thumb/c/ce/Soviet_empire_1960.png/250px-Soviet_empire_1960.png","//bits.wikimedia.org/static-1.21wmf11/skins/common/images/magnify-clip.png","//upload.wikimedia.org/wikipedia/commons/thumb/e/e6/Gramsci.png/200px-Gramsci.png","//bits.wikimedia.org/static-1.21wmf11/skins/common/images/magnify-clip.png","//upload.wikimedia.org/wikipedia/commons/thumb/f/f8/Wiktionary-logo-en.svg/37px-Wiktionary-logo-en.svg.png","//bits.wikimedia.org/static-1.21wmf11/skins/vector/images/search-ltr.png?303-4","//bits.wikimedia.org/images/wikimedia-button.png","//bits.wikimedia.org/static-1.21wmf11/skins/common/images/poweredby_mediawiki_88x31.png"],"tags":[["power","philosophy"],["praxis","process"],["five_hegemons","spring_and_autumn_period"],["qin","state"],["norm","sociology"],["power","philosophy"],["articulation","sociology"],["balance_of_power","international_relations"],["david_harvey","geographer"]],"members":["five_hegemons","praxis","david_harvey","articulation","norm","power","qin","balance_of_power"],"related":["Form_of_government","Empire","Dominance_hierarchy","Geopolitics","Power_(philosophy)","Ancient_Greece","City-state","Cultural_imperialism","Great_Power","European_colonialism","Antonio_Gramsci","Social_class","Value_system","Mores","Ruling_class","Bourgeoisie","Social_stratification","Praxis_(process)","Society","Sphere_of_influence","Bureaucracy","Political_power","Co-optation","Spanish_Empire","British_Empire","German_Unification","Greco-Roman_world","Classical_antiquity","City-state","Sparta","Peloponnesian_League","Philip_II_of_Macedon","League_of_Corinth","Alexander_the_Great","Spring_and_Autumn_Period","Eastern_Zhou_Dynasty","Five_Hegemons_(Spring_and_Autumn_Period)","Feudalism","Imperium","Cultural_imperialism","Medici","Oda_Nobunaga","Toyotomi_Hideyoshi","Tokugawa_Ieyasu","Mercantilism","Four_Great_Fleets","Stock_market","Louis_XIV_of_France","Emperor_of_the_French","Napoleon","Continental_Europe","British_Empire","Queen_Victoria","Indian_Ocean","Pacific_Ocean","Caribbean_Sea","Africa","Indian_subcontinent","Sino–Soviet_split","USSR","Nazi_Germany","Sphere_of_influence","Second_World_War","Eurasia","Africa","Cold_War","Ideology","Communism","Warsaw_Pact","Capitalism","NATO","Arms_race","Proxy_war","Hungarian_Revolution_of_1956","Vietnam_War","Vietcong","Republic_of_Vietnam","Client_state","Cold_War","Hubert_Védrine","Hyperpower","John_Mearsheimer","Joseph_Nye","Global_governance","Henri_Lefebvre","Geopolitics","Hydraulic_despotism","Egypt","China","Mesopotamia","Warring_States_Era","Qin_(state)","Chengkuo_Canal","Eurasia","Successor_state","Middle_East","Greece","Iran","Arabia","Roman_Empire","Holy_Roman_Empire","Franks","Atlantic_Ocean","Portugal","Spain","Netherlands","France","United_Kingdom","Intellectual","Cultural_hegemony","Imperialism","International_relations","Marxist_philosophy","Antonio_Gramsci","Cultural_hegemony","Economic_class","Social_class","Cultural_hegemony","Norm_(sociology)","Social_structure","Ruling_class","Dominance_hierarchy","Social_construct","Political_science","Prussia","German_Empire","Napoleon_I","French_Consulate","Power_(philosophy)","Imperialism","Articulation_(sociology)","Discourse","Language","Information","Mass_media","General_public","Cultural_hegemony","1954_Guatemalan_coup_d'état","Balance_of_power_(international_relations)","Cultural_hegemony","Dominant_ideology","Hegemonic_masculinity","Hyperpower","Monetary_hegemony","Post-hegemony","Regional_hegemony","Soft_power","Chantal_Mouffe","Edward_Soja","David_Harvey_(geographer)","Noam_Chomsky","AIPAC"]}