{"cursor":"28576","size":15,"audio":[],"currentlang":"en","article":"\n\n]]\n\nA 'peer group' is both a social group and a primary group of people. Peer group\nmay be defined as a group of people who, through homophily, share similarities\nsuch as age, background, and social status. The members of this group are likely\nto influence the personâs beliefs and behaviour. Peer group . (n.d.).\nDictionary.com. Retrieved October 25, 2012, from\nhttp://dictionary.reference.com/browse/peer+group Peer groups contain\nhierarchies and distinct patterns of behavior.\n\nDuring adolescence, peer groups tend to face dramatic changes. Adolescents tend\nto spend more time with their peers and have less adult supervision.\nAdolescentsâ communication shifts during this time as well. They prefer to talk\nto about school and their careers with their parents, and they enjoy talking\nabout sex and other interpersonal relationships with their peers. Children look to join peer groups who accept\nthem, even if the group is involved in negative activities. Children are less\nlikely to accept those who are different from them. Adolescents begin to form\ncliques and crowds. peers.\n\nCliques are small groups typically defined by common interests or by friendship.\nCliques typically have 2-12 members and tend to be formed by age, gender, race,\nand social class. Clique members are usually the same in terms of academics and\nrisk behaviors. Cliques can serve as an agent\nof socialization and social control. Adler & Adler, 1995 Being part of\na clique can be advantageous since they provide a sense of autonomy, a secure\nsocial environment, and over all well being.\n\nCrowds are larger, more vaguely defined groups that may not have a friendship\nbase. Brown, 1990 Crowds serve as peer groups, and they increase in\nimportance during early adolescence, and decrease by late adolescents. The level of involvement in adult institutions and\npeer culture describes crowds.\n","linknr":358,"url":"Peer_group","recorded":1362477161,"links":31,"instances":[],"pdf":["http://www.iom.edu/~/media/Files/Activity%20Files/Children/AdolescenceWS/Commissioned%20Papers/dodge_gonzales_paper.pdf","http://www.iom.edu/~/media/Files/Activity%20Files/Children/AdolescenceWS/Commissioned%20Papers/dodge_gonzales_paper.pdf","http://www.csulb.edu/~kmacd/ISBD-Friends.pdf"],"categories":["Sociological terminology"],"headings":["Socialization","Developmental psychology","Positive attributes of peer groups","Negative attributes of peer groups","Adolescents and their peer groups","See also","References","Further reading"],"image":["//upload.wikimedia.org/wikipedia/en/thumb/f/f2/Edit-clear.svg/40px-Edit-clear.svg.png","//upload.wikimedia.org/wikipedia/commons/thumb/a/a5/Children_marbles.jpg/220px-Children_marbles.jpg","//bits.wikimedia.org/static-1.21wmf10/skins/common/images/magnify-clip.png","//upload.wikimedia.org/wikipedia/commons/thumb/5/54/Bolivian_children_1.jpg/300px-Bolivian_children_1.jpg","//bits.wikimedia.org/static-1.21wmf10/skins/common/images/magnify-clip.png","//upload.wikimedia.org/wikipedia/en/thumb/9/99/Question_book-new.svg/50px-Question_book-new.svg.png","//bits.wikimedia.org/static-1.21wmf10/skins/vector/images/search-ltr.png?303-4","//bits.wikimedia.org/images/wikimedia-button.png","//bits.wikimedia.org/static-1.21wmf10/skins/common/images/poweredby_mediawiki_88x31.png"],"tags":[],"members":[],"related":["Social_group","Primary_and_secondary_groups","Homophily","Cliques","Crowds","Socialization","Developmental_psychology","Lev_Vygotsky","Jean_Piaget","Erik_Erikson","Harry_Stack_Sullivan","Piaget's_theory_of_cognitive_development","Erikson's_stages_of_psychosocial_development","Watson","Skinner","Bandura","Behaviourism","Longitudinal_studies","Gender_roles","Socialization","Masculine","Feminine","Peer_pressure","Adolescent","Communication","Conformity","Identity_formation","Erik_Erikson","Identity_formation","Peer_pressure","Tobacco_smoking","Underage_drinking","Adolescence","Academic_achievement","Academic_achievement","Adolescence","Leisure","Identity","Identity","Social_groups","Aggression","Longitudinal_study","Aggression","Prosocial_behaviors","Sexual_activity","Longitudinal_study","Promiscuity","Pregnancy","Sexually_transmitted_diseases","Homophily","Asperger_Syndrome","Group_dynamics","Social_relation","Consideration_of_future_consequences"]}