{"cursor":"19323","size":15,"audio":["//upload.wikimedia.org/wikipedia/commons/b/bf/27alligator2bellow.ogg"],"currentlang":"en","article":"\n\n\n{{Automatic taxobox\n| name = Alligators fossil_range = Oligocene-Recent, image = Chinese+american\n| alligators.png image_caption = An American (top) and Chinese alligator\n| (bottom) image_width = 250px authority = Daudin, 1809 type_species =\n| [[Crocodilus mississipiensis]] type_species_authority = Daudin, 1802\n| subdivision_ranks = Species subdivision =\n* [[Alligator mcgrewi]]\n* [[Alligator mefferdi]]\n* [[Alligator mississippiensis]]\n* [[Alligator olseni]]\n* [[Alligator prenasalis]]\n* [[Alligator sinensis]] }}\n\nAn 'alligator' is a crocodilian in the genus Alligator of the family\nAlligatoridae. There are two living alligator species: the American alligator\n(Alligator mississippiensis) and the Chinese alligator (Alligator sinensis). In\naddition, several extinct species of alligator are known from fossil remains.\nAlligators first appeared during the Oligocene epoch about 37 million years\nago. [http://paleodb.org/cgi-\nbin/bridge.pl?a=checkTaxonInfo&taxon_no=38421&is_real_user=1 The Paleobiology\nDatabase: Alligatoridae]\n\nThe name alligator is an anglicized form of {{lang|es|el lagarto}}, the Spanish\nterm for \"lizard\", which early Spanish explorers and settlers in Florida called\nthe alligator.\n","linknr":472,"url":"alligators","recorded":1363825321,"links":["//en.wikipedia.org/apple-touch-icon.png","//bits.wikimedia.org/favicon/wikipedia.ico","/w/opensearch_desc.php","//en.wikipedia.org/w/api.php?action=rsd","//creativecommons.org/licenses/by-sa/3.0/","/w/index.php?title=Special:RecentChanges&feed=atom","/wiki/Alligator","//bits.wikimedia.org/en.wikipedia.org/load.php?debug=false&lang=en&modules=ext.gadget.DRN-wizard%2CReferenceTooltips%2Ccharinsert%2Cteahouse%7Cext.wikihiero%7Cmediawiki.legacy.commonPrint%2Cshared%7Cmw.PopUpMediaTransform%7Cskins.vector&only=styles&skin=vector&*","//bits.wikimedia.org/en.wikipedia.org/load.php?debug=false&lang=en&modules=site&only=styles&skin=vector&*","//bits.wikimedia.org/en.wikipedia.org/load.php?debug=false&lang=en&modules=startup&only=scripts&skin=vector&*","//bits.wikimedia.org/geoiplookup","//meta.wikimedia.org","/w/index.php?title=Alligators&redirect=no","#mw-head","#p-search","/wiki/Alligator_(disambiguation)","/wiki/Crocodilia#Differences_between_alligators_and_crocodiles","/wiki/Wikipedia:Protection_policy#semi","//upload.wikimedia.org/wikipedia/commons/thumb/f/fc/Padlock-silver.svg/20px-Padlock-silver.svg.png","/wiki/Oligocene","/wiki/Precambrian","/wiki/Cambrian","/wiki/Ordovician","/wiki/Silurian","/wiki/Devonian","/wiki/Carboniferous","/wiki/Permian","/wiki/Triassic","/wiki/Jurassic","/wiki/Cretaceous","/wiki/Paleogene","/wiki/Neogene","/wiki/File:Chinese%2Bamerican_alligators.png","//upload.wikimedia.org/wikipedia/commons/thumb/4/4a/Chinese%2Bamerican_alligators.png/250px-Chinese%2Bamerican_alligators.png","/wiki/American_alligator","/wiki/Chinese_alligator","/wiki/Biological_classification","/wiki/Template:Taxonomy/Alligator","//upload.wikimedia.org/wikipedia/commons/7/74/Red_Pencil_Icon.png","/wiki/Animal","/wiki/Chordate","/wiki/Reptile","/wiki/Crocodylomorpha","/wiki/Crocodylia","/wiki/Alligatoridae","/wiki/Alligatorinae","/wiki/Fran%C3%A7ois-Marie_Daudin","/wiki/Type_species","/wiki/Crocodilus_mississipiensis","/wiki/Fran%C3%A7ois_Marie_Daudin","/wiki/Species","/w/index.php?title=Alligator_mcgrewi&action=edit&redlink=1","/w/index.php?title=Alligator_mefferdi&action=edit&redlink=1","/wiki/Alligator_mississippiensis","/w/index.php?title=Alligator_olseni&action=edit&redlink=1","/wiki/Alligator_prenasalis","/wiki/Alligator_sinensis","/wiki/Crocodilian","/wiki/Genus","/wiki/Alligatoridae","/wiki/Extant_taxon","/wiki/Species","/wiki/American_alligator","/wiki/Chinese_alligator","/wiki/Oligocene","#cite_note-PBDB-1","/wiki/Anglicization","/wiki/Florida","#Description","#Habitat","#Behavior","#Diet","#Reproduction","#Anatomy","#Human_uses","#See_also","#References","#External_links","/wiki/Wikipedia:Citation_needed","#cite_note-2","#cite_note-3","/wiki/Wikipedia:Citation_needed","#cite_note-4","/wiki/Belgrade_Zoo","/wiki/Serbia","/wiki/Germany","#cite_note-5","/wiki/%C4%8Cabul%C4%ABtis","/wiki/Riga_Zoo","/wiki/Wikipedia:Citation_needed","/wiki/File:Crocnest.JPG","//upload.wikimedia.org/wikipedia/commons/thumb/7/78/Crocnest.JPG/220px-Crocnest.JPG","/wiki/File:Crocnest.JPG","//bits.wikimedia.org/static-1.21wmf11/skins/common/images/magnify-clip.png","/wiki/Everglades_National_Park","/wiki/File:Alligator_mississippiensis_-_Oasis_Park_-_13.jpg","//upload.wikimedia.org/wikipedia/commons/thumb/a/a4/Alligator_mississippiensis_-_Oasis_Park_-_13.jpg/220px-Alligator_mississippiensis_-_Oasis_Park_-_13.jpg","/wiki/File:Alligator_mississippiensis_-_Oasis_Park_-_13.jpg","//bits.wikimedia.org/static-1.21wmf11/skins/common/images/magnify-clip.png","/wiki/File:Alligator_mississippiensis_-_Oasis_Park_-_12.jpg","//upload.wikimedia.org/wikipedia/commons/thumb/6/6c/Alligator_mississippiensis_-_Oasis_Park_-_12.jpg/220px-Alligator_mississippiensis_-_Oasis_Park_-_12.jpg","/wiki/File:Alligator_mississippiensis_-_Oasis_Park_-_12.jpg","//bits.wikimedia.org/static-1.21wmf11/skins/common/images/magnify-clip.png","/wiki/American_alligator","/wiki/Southeast_United_States","/wiki/Florida","/wiki/Louisiana","/wiki/Georgia_(US_state)","/wiki/Alabama","/wiki/Mississippi","/wiki/South_Carolina","/wiki/North_Carolina","/wiki/Texas","/wiki/Oklahoma","/wiki/Arkansas","/wiki/Louisiana","#cite_note-6","/wiki/Crocodile","/wiki/Freshwater","/wiki/Marsh","/wiki/Wetland","/wiki/Swamp","#cite_note-Dundee.2C_H._A._1989-7","#cite_note-8","#cite_note-9","/wiki/Nutria","/wiki/Muskrat","#cite_note-10","/wiki/Chinese_alligator","/wiki/Yangtze_River","/wiki/Zoo_Miami","/wiki/Wikipedia:Citation_needed","//en.wiktionary.org/wiki/solitary","/wiki/Territory_(animal)","/wiki/Metabolism","#cite_note-11","/wiki/Duct_tape","#cite_note-12","/wiki/Florida","#cite_note-13","/wiki/Snail","/wiki/Crustacean","/wiki/Worm","/wiki/Gar","#cite_note-Dundee.2C_H._A._1989-7","#cite_note-14","#cite_note-15","/wiki/Gastrolith","/wiki/Carrion","/wiki/Florida_panther","/wiki/American_Black_Bear","/wiki/Apex_predator","#cite_note-16","#cite_note-17","/wiki/Differences_between_crocodiles_and_alligators","//upload.wikimedia.org/wikipedia/en/thumb/9/99/Question_book-new.svg/50px-Question_book-new.svg.png","//en.wikipedia.org/w/index.php?title=Alligator&action=edit","/wiki/Help:Introduction_to_referencing/1","/wiki/Template:Citation_needed","/wiki/Wikipedia:Verifiability#Burden_of_evidence","/wiki/File:Alligator_eggs_and_young_alligators.jpg","//upload.wikimedia.org/wikipedia/commons/thumb/f/fe/Alligator_eggs_and_young_alligators.jpg/220px-Alligator_eggs_and_young_alligators.jpg","/wiki/File:Alligator_eggs_and_young_alligators.jpg","//bits.wikimedia.org/static-1.21wmf11/skins/common/images/magnify-clip.png","/wiki/File:Alligator_mississippiensis_babies.jpg","//upload.wikimedia.org/wikipedia/commons/thumb/a/a3/Alligator_mississippiensis_babies.jpg/220px-Alligator_mississippiensis_babies.jpg","/wiki/File:Alligator_mississippiensis_babies.jpg","//bits.wikimedia.org/static-1.21wmf11/skins/common/images/magnify-clip.png","/wiki/File:Albino_Alligator_2008.jpg","//upload.wikimedia.org/wikipedia/commons/thumb/4/4f/Albino_Alligator_2008.jpg/220px-Albino_Alligator_2008.jpg","/wiki/File:Albino_Alligator_2008.jpg","//bits.wikimedia.org/static-1.21wmf11/skins/common/images/magnify-clip.png","/wiki/Albinism","/wiki/American_alligator","/wiki/File:Albino_Alligator_in_Water.jpg","//upload.wikimedia.org/wikipedia/commons/thumb/2/23/Albino_Alligator_in_Water.jpg/220px-Albino_Alligator_in_Water.jpg","/wiki/File:Albino_Alligator_in_Water.jpg","//bits.wikimedia.org/static-1.21wmf11/skins/common/images/magnify-clip.png","/wiki/Infrasound","#cite_note-18","#cite_note-19","#cite_note-20","/wiki/Temperature-dependent_sex_determination","#cite_note-21","/wiki/Egg_tooth","/wiki/Hunting","//upload.wikimedia.org/wikipedia/commons/thumb/8/87/Gnome-mime-sound-openclipart.svg/50px-Gnome-mime-sound-openclipart.svg.png","/wiki/File:Alligatorbellowedit.ogg","//upload.wikimedia.org/wikipedia/commons/d/db/Alligatorbellowedit.ogg","//www.mediawiki.org/wiki/Extension:TimedMediaHandler/Client_download","/wiki/Ogg","/wiki/Vorbis","/wiki/File:27alligator2bellow.ogg","//upload.wikimedia.org/wikipedia/commons/b/bf/27alligator2bellow.ogg","//www.mediawiki.org/wiki/Extension:TimedMediaHandler/Client_download","/wiki/Ogg","/wiki/Vorbis","/wiki/File:Alligatorhiss.ogg","//upload.wikimedia.org/wikipedia/commons/5/5c/Alligatorhiss.ogg","//www.mediawiki.org/wiki/Extension:TimedMediaHandler/Client_download","/wiki/Ogg","/wiki/Vorbis","/wiki/Wikipedia:Media_help","#cite_note-22","/wiki/Amniote","/wiki/Bronchi","/wiki/Alveoli","/wiki/Parabronchi","#cite_note-23","/wiki/Albino","/wiki/Leucism","#cite_note-albino-24","#cite_note-leucistic-25","/wiki/Aquarium_of_the_Americas","/wiki/New_Orleans","#cite_note-leucistic-25","/wiki/Alligator_farm","http://seelouisiana.com/swamp.htm","/wiki/Coypu","/wiki/Muskrats","#cite_note-26","/wiki/Alligatoridae","/wiki/American_Alligator","/wiki/American_Crocodile","/wiki/Alligatoridae#Caimans","/wiki/Crocodiles","/wiki/List_of_fatal_alligator_attacks_in_the_United_States_by_decade","#cite_ref-PBDB_1-0","http://paleodb.org/cgi-bin/bridge.pl?a=checkTaxonInfo&taxon_no=38421&is_real_user=1","#cite_ref-2","http://www.eparks.org/marine_and_coastal/marine_wildlife/alligator.asp","http://www.eparks.org/marine_and_coastal/marine_wildlife/alligator.asp","#cite_ref-3","http://alligatorfur.com/alligator/alligator.htm","http://alligatorfur.com/alligator/alligator.htm","#cite_ref-4","/wiki/Michio_Kaku","/wiki/Physics_of_the_Future","/wiki/International_Standard_Book_Number","/wiki/Special:BookSources/978-0-385-53080-4","#cite_ref-5","http://www.b92.net/zivot/vesti.php?yyyy=2011&mm=09&dd=07&nav_id=540286","http://www.b92.net/zivot/vesti.php?yyyy=2011&mm=09&dd=07&nav_id=540286","#cite_ref-6","#cite_ref-Dundee.2C_H._A._1989_7-0","#cite_ref-Dundee.2C_H._A._1989_7-1","#cite_ref-8","#cite_ref-9","#cite_ref-10","#cite_ref-11","http://darwin.wcupa.edu/~biology/fish/pubs/pdf/2007JEBDedathRoll.pdf","/wiki/Portable_Document_Format","/wiki/The_Journal_of_Experimental_Biology","/wiki/Digital_object_identifier","http://dx.doi.org/10.1242%2Fjeb.004267","/wiki/PubMed_Identifier","//www.ncbi.nlm.nih.gov/pubmed/17690228","http://darwin.wcupa.edu/~biology/fish/pubs/pdf/2007JEBDedathRoll.pdf","#cite_ref-12","http://crocodilian.com/crocfaq/faq-3.html","#cite_ref-13","http://www.myfwc.com/CONSERVATION/ConservationYou_Living_w_Wildlife_alligators.htm","#cite_ref-14","#cite_ref-15","#cite_ref-16","#cite_ref-17","#cite_ref-18","http://www.pbs.org/wnet/nature/episodes/can-animals-predict-disaster/listening-to-infrasound/133/","#cite_ref-19","/wiki/American_Zoologist","#cite_ref-20","http://dinets.travel.ru/HB%20111%20Dinets%202010.pdf","/wiki/Portable_Document_Format","/w/index.php?title=Herpetological_Bulletin&action=edit&redlink=1","http://dinets.travel.ru/HB%20111%20Dinets%202010.pdf","#cite_ref-21","/wiki/Nature_(journal)","/wiki/Digital_object_identifier","http://dx.doi.org/10.1038%2F296850a0","/wiki/PubMed_Identifier","//www.ncbi.nlm.nih.gov/pubmed/7070524","#cite_ref-22","http://www.sciencemag.org/cgi/content/abstract/327/5963/338","/wiki/Science_(journal)","/wiki/Digital_object_identifier","http://dx.doi.org/10.1126%2Fscience.1180219","/wiki/PubMed_Identifier","//www.ncbi.nlm.nih.gov/pubmed/20075253","http://www.sciencemag.org/cgi/content/abstract/327/5963/338","#cite_ref-23","#cite_ref-albino_24-0","http://news.softpedia.com/news/White-albino-alligators-54575.shtml","http://news.softpedia.com/news/White-albino-alligators-54575.shtml","#cite_ref-leucistic_25-0","#cite_ref-leucistic_25-1","http://www.auduboninstitute.org/visit/aquarium/fun-favorites/mississippi-river-gallery","http://www.auduboninstitute.org/visit/aquarium/fun-favorites/mississippi-river-gallery","#cite_ref-26","//upload.wikimedia.org/wikipedia/en/thumb/4/4a/Commons-logo.svg/30px-Commons-logo.svg.png","//commons.wikimedia.org/wiki/Category:Alligator","http://www.crocodilian.com","http://www.floridamemory.com/PhotographicCollection/photo_exhibits/alligators/","http://floridamemory.com/audio/podcast-single.php?id=12","/wiki/Template:Crocodilia","/wiki/Template_talk:Crocodilia","//en.wikipedia.org/w/index.php?title=Template:Crocodilia&action=edit","/wiki/Crocodilia","/wiki/Animal","/wiki/Chordata","/wiki/Sauropsida","/wiki/Archosauria","/wiki/Crocodylomorpha","/wiki/Gavialidae","/wiki/Gharial","/wiki/Gharial","/wiki/False_gharial","/wiki/False_gharial","/wiki/Alligatoridae","/wiki/Alligatorinae","/wiki/American_alligator","/wiki/Chinese_alligator","/wiki/Caimaninae","/wiki/Caiman_(genus)","/wiki/Broad-snouted_caiman","/wiki/Spectacled_caiman","/wiki/Yacare_caiman","/wiki/Black_caiman","/wiki/Black_caiman","/wiki/Paleosuchus","/wiki/Cuvier%27s_dwarf_caiman","/wiki/Smooth-fronted_caiman","/wiki/Crocodile","/wiki/Crocodile","/wiki/Crocodylus","/wiki/American_crocodile","/wiki/Slender-snouted_crocodile","/wiki/Orinoco_crocodile","/wiki/Freshwater_crocodile","/wiki/Philippine_crocodile","/wiki/Morelet%27s_crocodile","/wiki/Nile_crocodile","/wiki/New_Guinea_crocodile","/wiki/Mugger_crocodile","/wiki/Saltwater_crocodile","/wiki/Cuban_crocodile","/wiki/Siamese_crocodile","/wiki/Dwarf_crocodile","/wiki/Dwarf_crocodile","/wiki/Template:Crocs","/wiki/Template_talk:Crocs","//en.wikipedia.org/w/index.php?title=Template:Crocs&action=edit","/wiki/Caiman","/wiki/Crocodile","/wiki/Gharial","/wiki/Crocodilia#Differences_between_alligators_and_crocodiles","/wiki/Crocodile_exoskeleton","/wiki/Foramen_of_Panizza","/wiki/Gastralium","/wiki/List_of_crurotarsans","/wiki/Madras_Crocodile_Bank_Trust","/wiki/The_Croc_Festival","/wiki/List_of_fatal_alligator_attacks_in_the_United_States_by_decade","/wiki/Crocodile_attack","/wiki/Alligator_farm","/wiki/Crocodile_tears","/wiki/Category:Individual_crocodilians","/wiki/Sewer_alligator","http://en.wikipedia.org/w/index.php?title=Alligator&oldid=544214856","/wiki/Help:Categories","/wiki/Category:Spanish_loanwords","/wiki/Category:Alligatoridae","/wiki/Category:Wikipedia_pages_semi-protected_against_vandalism","/wiki/Category:Wikipedia_protected_pages_without_expiry","/wiki/Category:Articles_with_%27species%27_microformats","/wiki/Category:Articles_containing_Spanish_language_text","/wiki/Category:All_articles_with_unsourced_statements","/wiki/Category:Articles_with_unsourced_statements_from_October_2009","/wiki/Category:Articles_with_unsourced_statements_from_January_2009","/wiki/Category:Articles_with_unsourced_statements_from_June_2009","/wiki/Category:Articles_with_unsourced_statements_from_January_2012","/wiki/Category:Articles_needing_additional_references_from_December_2008","/wiki/Category:All_articles_needing_additional_references","/wiki/Category:Articles_with_hAudio_microformats","/w/index.php?title=Special:UserLogin&returnto=Alligator&type=signup","/w/index.php?title=Special:UserLogin&returnto=Alligator","/wiki/Alligator","/wiki/Talk:Alligator","#","/wiki/Alligator","/w/index.php?title=Alligator&action=edit","/w/index.php?title=Alligator&action=history","#","/w/index.php","//bits.wikimedia.org/static-1.21wmf11/skins/vector/images/search-ltr.png?303-4","/wiki/Main_Page","/wiki/Main_Page","/wiki/Portal:Contents","/wiki/Portal:Featured_content","/wiki/Portal:Current_events","/wiki/Special:Random","//donate.wikimedia.org/wiki/Special:FundraiserRedirector?utm_source=donate&utm_medium=sidebar&utm_campaign=C13_en.wikipedia.org&uselang=en","/wiki/Help:Contents","/wiki/Wikipedia:About","/wiki/Wikipedia:Community_portal","/wiki/Special:RecentChanges","/wiki/Wikipedia:Contact_us","/wiki/Special:WhatLinksHere/Alligator","/wiki/Special:RecentChangesLinked/Alligator","/wiki/Wikipedia:File_Upload_Wizard","/wiki/Special:SpecialPages","/w/index.php?title=Alligator&oldid=544214856","/w/index.php?title=Alligator&action=info","/w/index.php?title=Special:Cite&page=Alligator&id=544214856","/w/index.php?title=Special:Book&bookcmd=book_creator&referer=Alligator","/w/index.php?title=Special:Book&bookcmd=render_article&arttitle=Alligator&oldid=544214856&writer=rl","/w/index.php?title=Alligator&printable=yes","//ar.wikipedia.org/wiki/%D8%AA%D9%85%D8%B3%D8%A7%D8%AD_%D8%A7%D9%84%D9%82%D8%A7%D8%B7%D9%88%D8%B1","//bg.wikipedia.org/wiki/%D0%90%D0%BB%D0%B8%D0%B3%D0%B0%D1%82%D0%BE%D1%80%D0%B8","//br.wikipedia.org/wiki/Aligator","//ca.wikipedia.org/wiki/Al%C2%B7lig%C3%A0tor","//da.wikipedia.org/wiki/Alligator","//de.wikipedia.org/wiki/Echte_Alligatoren","//nv.wikipedia.org/wiki/T%C3%A1%C5%82k%C3%A1%C3%A1%CA%BC_ts%CA%BCin","//et.wikipedia.org/wiki/Alligaator","//el.wikipedia.org/wiki/%CE%91%CE%BB%CE%B9%CE%B3%CE%AC%CF%84%CE%BF%CF%81%CE%B1%CF%82","//es.wikipedia.org/wiki/Alligator","//eo.wikipedia.org/wiki/Aligatoro","//fr.wikipedia.org/wiki/Alligator","//ga.wikipedia.org/wiki/Ailig%C3%A9adar","//ko.wikipedia.org/wiki/%EC%95%A8%EB%A6%AC%EA%B2%8C%EC%9D%B4%ED%84%B0%EC%86%8D","//hr.wikipedia.org/wiki/Pravi_aligatori","//io.wikipedia.org/wiki/Aligatoro","//id.wikipedia.org/wiki/Alligator","//it.wikipedia.org/wiki/Alligatoridae","//he.wikipedia.org/wiki/%D7%90%D7%9C%D7%99%D7%92%D7%98%D7%95%D7%A8","//ka.wikipedia.org/wiki/%E1%83%90%E1%83%9A%E1%83%98%E1%83%92%E1%83%90%E1%83%A2%E1%83%9D%E1%83%A0%E1%83%98","//la.wikipedia.org/wiki/Alligator","//lt.wikipedia.org/wiki/Aligatoriai","//nl.wikipedia.org/wiki/Alligator","//ja.wikipedia.org/wiki/%E3%82%A2%E3%83%AA%E3%82%B2%E3%83%BC%E3%82%BF%E3%83%BC%E5%B1%9E","//no.wikipedia.org/wiki/Alligatorer","//nn.wikipedia.org/wiki/Alligatorar","//pl.wikipedia.org/wiki/Alligator","//pt.wikipedia.org/wiki/Jacar%C3%A9","//ru.wikipedia.org/wiki/%D0%90%D0%BB%D0%BB%D0%B8%D0%B3%D0%B0%D1%82%D0%BE%D1%80%D1%8B","//sq.wikipedia.org/wiki/Aligatori","//simple.wikipedia.org/wiki/Alligator","//sh.wikipedia.org/wiki/Aligatori","//fi.wikipedia.org/wiki/Alligaattorit","//sv.wikipedia.org/wiki/Alligatorer","//tl.wikipedia.org/wiki/Buwaya_(aligator)","//th.wikipedia.org/wiki/%E0%B9%81%E0%B8%AD%E0%B8%A5%E0%B8%A5%E0%B8%B4%E0%B9%80%E0%B8%81%E0%B9%80%E0%B8%95%E0%B8%AD%E0%B8%A3%E0%B9%8C","//tr.wikipedia.org/wiki/Aligat%C3%B6r","//uk.wikipedia.org/wiki/%D0%90%D0%BB%D1%96%D0%B3%D0%B0%D1%82%D0%BE%D1%80","//yi.wikipedia.org/wiki/%D7%90%D7%9C%D7%99%D7%92%D7%A2%D7%99%D7%98%D7%90%D7%A8","//zh.wikipedia.org/wiki/%E7%9F%AD%E5%90%BB%E9%B1%B7","//www.wikidata.org/wiki/Special:ItemByTitle/enwiki/Alligator","//en.wikipedia.org/wiki/Wikipedia:Text_of_Creative_Commons_Attribution-ShareAlike_3.0_Unported_License","//creativecommons.org/licenses/by-sa/3.0/","//wikimediafoundation.org/wiki/Terms_of_Use","//www.wikimediafoundation.org/","//en.wikipedia.org/wiki/Wikipedia:Contact_us","//wikimediafoundation.org/wiki/Privacy_policy","/wiki/Wikipedia:About","/wiki/Wikipedia:General_disclaimer","http://en.m.wikipedia.org/wiki/Alligator","//wikimediafoundation.org/","//bits.wikimedia.org/images/wikimedia-button.png","//www.mediawiki.org/","//bits.wikimedia.org/static-1.21wmf11/skins/common/images/poweredby_mediawiki_88x31.png","//bits.wikimedia.org/en.wikipedia.org/load.php?debug=false&lang=en&modules=skins.vector&only=scripts&skin=vector&*","/w/index.php?title=MediaWiki:Gadget-ReferenceTooltips.js&action=raw&ctype=text/javascript&508635914","//bits.wikimedia.org/en.wikipedia.org/load.php?debug=false&lang=en&modules=site&only=scripts&skin=vector&*"],"instances":["animal","us_state"],"pdf":["http://darwin.wcupa.edu/~biology/fish/pubs/pdf/2007JEBDedathRoll.pdf","http://darwin.wcupa.edu/~biology/fish/pubs/pdf/2007JEBDedathRoll.pdf","http://dinets.travel.ru/HB%20111%20Dinets%202010.pdf","http://dinets.travel.ru/HB%20111%20Dinets%202010.pdf"],"categories":["Spanish loanwords","Alligatoridae"],"headings":["Description","Habitat","Behavior","Diet","Reproduction","Anatomy","Human uses","See also","References","External links"],"image":["//upload.wikimedia.org/wikipedia/commons/thumb/f/fc/Padlock-silver.svg/20px-Padlock-silver.svg.png","//upload.wikimedia.org/wikipedia/commons/thumb/4/4a/Chinese%2Bamerican_alligators.png/250px-Chinese%2Bamerican_alligators.png","//upload.wikimedia.org/wikipedia/commons/7/74/Red_Pencil_Icon.png","//upload.wikimedia.org/wikipedia/commons/thumb/7/78/Crocnest.JPG/220px-Crocnest.JPG","//bits.wikimedia.org/static-1.21wmf11/skins/common/images/magnify-clip.png","//upload.wikimedia.org/wikipedia/commons/thumb/a/a4/Alligator_mississippiensis_-_Oasis_Park_-_13.jpg/220px-Alligator_mississippiensis_-_Oasis_Park_-_13.jpg","//bits.wikimedia.org/static-1.21wmf11/skins/common/images/magnify-clip.png","//upload.wikimedia.org/wikipedia/commons/thumb/6/6c/Alligator_mississippiensis_-_Oasis_Park_-_12.jpg/220px-Alligator_mississippiensis_-_Oasis_Park_-_12.jpg","//bits.wikimedia.org/static-1.21wmf11/skins/common/images/magnify-clip.png","//upload.wikimedia.org/wikipedia/en/thumb/9/99/Question_book-new.svg/50px-Question_book-new.svg.png","//upload.wikimedia.org/wikipedia/commons/thumb/f/fe/Alligator_eggs_and_young_alligators.jpg/220px-Alligator_eggs_and_young_alligators.jpg","//bits.wikimedia.org/static-1.21wmf11/skins/common/images/magnify-clip.png","//upload.wikimedia.org/wikipedia/commons/thumb/a/a3/Alligator_mississippiensis_babies.jpg/220px-Alligator_mississippiensis_babies.jpg","//bits.wikimedia.org/static-1.21wmf11/skins/common/images/magnify-clip.png","//upload.wikimedia.org/wikipedia/commons/thumb/4/4f/Albino_Alligator_2008.jpg/220px-Albino_Alligator_2008.jpg","//bits.wikimedia.org/static-1.21wmf11/skins/common/images/magnify-clip.png","//upload.wikimedia.org/wikipedia/commons/thumb/2/23/Albino_Alligator_in_Water.jpg/220px-Albino_Alligator_in_Water.jpg","//bits.wikimedia.org/static-1.21wmf11/skins/common/images/magnify-clip.png","//upload.wikimedia.org/wikipedia/commons/thumb/8/87/Gnome-mime-sound-openclipart.svg/50px-Gnome-mime-sound-openclipart.svg.png","//upload.wikimedia.org/wikipedia/en/thumb/4/4a/Commons-logo.svg/30px-Commons-logo.svg.png","//bits.wikimedia.org/static-1.21wmf11/skins/vector/images/search-ltr.png?303-4","//bits.wikimedia.org/images/wikimedia-button.png","//bits.wikimedia.org/static-1.21wmf11/skins/common/images/poweredby_mediawiki_88x31.png"],"tags":[["georgia","us_state"],["territory","animal"]],"members":["territory","georgia"],"related":["Oligocene","American_alligator","Chinese_alligator","François-Marie_Daudin","François_Marie_Daudin","Species","Crocodilian","Genus","Alligatoridae","Extant_taxon","Species","American_alligator","Chinese_alligator","Oligocene","Anglicization","Florida","Belgrade_Zoo","Serbia","Germany","Čabulītis","Riga_Zoo","American_alligator","Southeast_United_States","Florida","Louisiana","Georgia_(US_state)","Alabama","Mississippi","South_Carolina","North_Carolina","Texas","Oklahoma","Arkansas","Louisiana","Crocodile","Freshwater","Marsh","Wetland","Swamp","Nutria","Muskrat","Chinese_alligator","Yangtze_River","Zoo_Miami","Territory_(animal)","Metabolism","Duct_tape","Florida","Snail","Crustacean","Worm","Gar","Gastrolith","Carrion","Florida_panther","American_Black_Bear","Apex_predator","Differences_between_crocodiles_and_alligators","American_alligator","Infrasound","Temperature-dependent_sex_determination","Egg_tooth","Hunting","Ogg","Vorbis","Vorbis","Ogg","Vorbis","Vorbis","Ogg","Vorbis","Vorbis","Amniote","Bronchi","Alveoli","Parabronchi","Albino","Leucism","Aquarium_of_the_Americas","New_Orleans","Coypu","Muskrats","Alligatoridae","American_Alligator","American_Crocodile","Crocodiles","List_of_fatal_alligator_attacks_in_the_United_States_by_decade"]}