{"cursor":"73718","size":15,"audio":["//upload.wikimedia.org/wikipedia/en/e/e3/Honda_giken_kougyou.ogg"],"currentlang":"en","article":"\n\n\n{{Infobox company\n| name = Honda Motor Company, Ltd.\n|native_name= æ¬ç°æç å·¥æ¥­æ ªå¼ä¼ç¤¾ Honda Giken Kogyo Kabushiki-gaisha\n| logo = caption = type = Public company traded_as =  foundation =\n| Hamamatsu, Japan () founder = Soichiro Honda Takeo Fujisawa location =\n| Minato, Tokyo, Japan key_people = Takanobu Ito (President, CEO and\n| Representative Director) area_served = Worldwide industry = Automotive Aviation Telematics products = Automobiles Motorcycles Scooters Electrical generators Water pumps Lawn and garden\n| equipments Tillers Outboard motors Robotics Jet\n| aircrafts Jet engines Thin-film solar cells Internavi divisions\n| = Honda Honda Motorcycles subsid = {{Collapsible list|title=List|\n'Transportation'\n* American Honda Motor Company ** Acura ** Honda Aircraft Company ** HPD\n* Honda Automobile (China) Company(50%) ** Guangqi Honda Automobile(50%) *** Li\n  Nian (Everus)\n* Honda Seil Cars India ** Hero MotoCorp ** Honda Motorcycle and Scooter India\n* Dongfeng Honda(50%) 'Air Transportation'\n* Honda Airways 'Sports'\n* Honda Racing F1\n* Honda Racing 'Engines'\n* GE Honda Aero Engines(50%) International\n* Honda Pakistan\n* Honda Canada Inc.\n* Honda Taiwan\n* Honda UK ltd.}}\n| revenue = (2012) operating_income = (2012) net_income = (2012) aum =  assets = (2012)\n| equity = (2012)\n|num_employees = 179,060 (2012) {{cite web\n|url=http://zenobank.com/index.php?symbol=HMC&page=quotesearch |title=Company\nProfile for Honda Motor Co Ltd (HMC) |accessdate=29 September 2008}}\n| homepage =\n}}\n\n; }} is a Japanese public multinational corporation primarily known as a\nmanufacturer of automobiles and motorcycles.\n\nHonda has been the world's largest motorcycle manufacturer since 1959,\n}} }} as well as the world's largest manufacturer of internal\ncombustion engines measured by volume, producing more than 14 million internal\ncombustion engines each year. Honda surpassed Nissan in 2001 to become\nthe second-largest Japanese automobile manufacturer.  ,\nHonda surpassed Chrysler as the fourth largest automobile manufacturer in the\nUnited States. Honda was the eighth largest\nautomobile manufacturer in the world behind General Motors, Volkswagen Group,\nToyota, Hyundai Motor Group, Ford, Nissan, and PSA in 2011.\n\nHonda was the first Japanese automobile manufacturer to release a dedicated\nluxury brand, Acura, in 1986. Aside from their core automobile and motorcycle\nbusinesses, Honda also manufactures garden equipment, marine engines, personal\nwatercraft and power generators, amongst others. Since 1986, Honda has been\ninvolved with artificial intelligence/robotics research and released their ASIMO\nrobot in 2000. They have also ventured into aerospace with the establishment of\nGE Honda Aero Engines in 2004 and the Honda HA-420 HondaJet, scheduled to be\nreleased in 2012. Honda invests about 5% of its revenues in research and\ndevelopment.\n","linknr":2096,"url":"Honda","recorded":1364164115,"links":["/w/index.php?title=Honda&action=edit","/w/index.php?title=Honda&action=edit","//en.wikipedia.org/apple-touch-icon.png","//bits.wikimedia.org/favicon/wikipedia.ico","/w/opensearch_desc.php","//en.wikipedia.org/w/api.php?action=rsd","//creativecommons.org/licenses/by-sa/3.0/","/w/index.php?title=Special:RecentChanges&feed=atom","//bits.wikimedia.org/en.wikipedia.org/load.php?debug=false&lang=en&modules=ext.gadget.DRN-wizard%2CReferenceTooltips%2Ccharinsert%2Cteahouse%7Cext.wikihiero%7Cmediawiki.legacy.commonPrint%2Cshared%7Cmw.PopUpMediaTransform%7Cskins.vector&only=styles&skin=vector&*","//bits.wikimedia.org/en.wikipedia.org/load.php?debug=false&lang=en&modules=site&only=styles&skin=vector&*","//bits.wikimedia.org/en.wikipedia.org/load.php?debug=false&lang=en&modules=startup&only=scripts&skin=vector&*","//bits.wikimedia.org/geoiplookup","//meta.wikimedia.org","#mw-head","#p-search","/wiki/Honda_(disambiguation)","/wiki/File:Honda-logo.svg","//upload.wikimedia.org/wikipedia/commons/thumb/0/09/Honda-logo.svg/300px-Honda-logo.svg.png","/wiki/Types_of_business_entity","/wiki/Public_company","/wiki/Ticker_symbol","/wiki/Tokyo_Stock_Exchange","http://quote.tse.or.jp/tse/quote.cgi?F=listing%2FEDetail1&MKTN=T&QCODE=7267","/wiki/New_York_Stock_Exchange","http://www.nyse.com/about/listed/lcddata.html?ticker=hmc","/wiki/Automotive","/wiki/Aviation","/wiki/Telematics","/wiki/Hamamatsu","/wiki/Soichiro_Honda","/wiki/Takeo_Fujisawa","/wiki/Minato,_Tokyo","/w/index.php?title=Takanobu_Ito&action=edit&redlink=1","/wiki/President","/wiki/Chief_Executive_Officer","/wiki/Automobile","/wiki/Motorcycle","/wiki/Scooter_(motorcycle)","/wiki/Electrical_generator","/wiki/Water_pumps","/wiki/Landscape_maintenance","/wiki/Rotary_tiller","/wiki/Outboard_motor","/wiki/Robotics","/wiki/Jet_aircraft","/wiki/Jet_engine","/wiki/Thin-film_solar_cell","/wiki/Internavi","//upload.wikimedia.org/wikipedia/commons/thumb/e/ed/Decrease2.svg/11px-Decrease2.svg.png","/wiki/Japanese_yen","#cite_note-FY2012-1","/wiki/Earnings_before_interest_and_taxes","//upload.wikimedia.org/wikipedia/commons/thumb/e/ed/Decrease2.svg/11px-Decrease2.svg.png","#cite_note-FY2012-1","/wiki/Net_income","//upload.wikimedia.org/wikipedia/commons/thumb/e/ed/Decrease2.svg/11px-Decrease2.svg.png","#cite_note-FY2012-1","/wiki/Asset","//upload.wikimedia.org/wikipedia/commons/thumb/b/b0/Increase2.svg/11px-Increase2.svg.png","#cite_note-FY2012-1","/wiki/Equity_(finance)","//upload.wikimedia.org/wikipedia/commons/thumb/e/ed/Decrease2.svg/11px-Decrease2.svg.png","#cite_note-FY2012-1","#cite_note-2","/wiki/Division_(business)","/wiki/List_of_Honda_vehicles","/wiki/List_of_Honda_motorcycles","/wiki/Subsidiary","/wiki/American_Honda_Motor_Company","/wiki/Acura","/wiki/Honda_Aircraft_Company","/wiki/Honda_Performance_Development","/wiki/Honda_Automobile_(China)_Company","/wiki/Guangqi_Honda_Automobile","/wiki/Everus","/wiki/Honda_India","/wiki/Hero_MotoCorp","/wiki/HMSI","/wiki/Dongfeng_Honda","/wiki/Honda_Airport","/wiki/Honda_Racing_F1","/wiki/Honda_Racing_Corporation","/wiki/GE_Honda_Aero_Engines","/wiki/Honda_Atlas","/wiki/Honda_Canada_Inc.","/wiki/Honda_Taiwan","/wiki/Honda_of_the_UK_Manufacturing","http://world.honda.com/","/wiki/Kabushiki_gaisha","/wiki/Help:Installing_Japanese_character_sets","/wiki/Help:IPA_for_Japanese","/wiki/File:Honda_giken_kougyou.ogg","//upload.wikimedia.org/wikipedia/commons/thumb/2/21/Speaker_Icon.svg/13px-Speaker_Icon.svg.png","//upload.wikimedia.org/wikipedia/en/e/e3/Honda_giken_kougyou.ogg","/wiki/Help:IPA_for_English","/wiki/Help:IPA_for_English#Key","/wiki/Help:IPA_for_English#Key","/wiki/Help:IPA_for_English#Key","/wiki/Help:IPA_for_English#Key","/wiki/Help:IPA_for_English#Key","/wiki/Help:IPA_for_English#Key","/wiki/Help:IPA_for_English","/wiki/Public_company","/wiki/Multinational_corporation","/wiki/Automobiles","/wiki/Motorcycles","#cite_note-3","#cite_note-4","/wiki/Internal_combustion_engine","#cite_note-Honda_of_America_Manufacturing.2C_Inc..2C_Marysville.2C_Ohio_-_Press_room-5","/wiki/Nissan_Motors","#cite_note-6","#cite_note-7","//en.wikipedia.org/w/index.php?title=Honda&action=edit","/wiki/Chrysler","#cite_note-bloomberg.com-8","/wiki/General_Motors","/wiki/Volkswagen_Group","/wiki/Toyota","/wiki/Hyundai_Motor_Group","/wiki/Ford_Motor_Company","/wiki/Nissan_Motors","/wiki/PSA_Peugeot_Citro%C3%ABn","#cite_note-9","/wiki/Acura","/wiki/ASIMO","/wiki/GE_Honda_Aero_Engines","/wiki/Honda_HA-420_HondaJet","#cite_note-America.27s_Most_Admired_Companies:_Honda-10","#History","#Corporate_profile_and_divisions","#Leadership","#Products","#Automobiles","#Motorcycles","#Power_equipment","#Engines","#Robots","#Aircraft","#Solar_cells","#Mountain_bikes","#ATV","#Motorsports","#Automobile","#Motorcycles_2","#Electric_and_alternative_fuel_vehicles","#Compressed_natural_gas","#Flexible-fuel","#Hybrid_electric","#Hydrogen_fuel_cell","#Marketing","#Japan","#International_efforts","#Sports","#Facilities_.28partial_list.29","#Mainstream_models","#Sales","#See_also","#Notes","#References","#External_links","/w/index.php?title=Honda&action=edit&section=1","/wiki/File:Wiki_letter_w_cropped.svg","//upload.wikimedia.org/wikipedia/commons/thumb/1/1c/Wiki_letter_w_cropped.svg/20px-Wiki_letter_w_cropped.svg.png","//en.wikipedia.org/w/index.php?title=Honda&action=edit","/wiki/Soichiro_Honda","/wiki/T%C5%8Dkai_region","/wiki/Piston_ring","#cite_note-Alexander2008-11","/wiki/Toyota","#cite_note-Alexander2008-11","#cite_note-Alexander2008-11","#cite_note-Frank2003-12","/wiki/Ministry_of_Commerce_and_Industry","#cite_note-Alexander2008-11","#cite_note-Alexander2008-11","/wiki/Nakajima_Aircraft_Company","/wiki/Imperial_Japanese_Navy","#cite_note-Alexander2008-11","/wiki/B-29","/wiki/1945_Mikawa_earthquake","#cite_note-Alexander2008-11","#cite_note-Falloon2005-13","/wiki/Motorized_bicycles","/wiki/Two-stroke","/wiki/Tohatsu","/wiki/War_surplus","/wiki/Engine-generator","#cite_note-Alexander2008-11","#cite_note-Frank2003-12","#cite_note-Sakiya1982-14","#cite_note-Alexander2008-11","#cite_note-Sakiya1982-14","/w/index.php?title=Honda_Model_A&action=edit&redlink=1","#cite_note-Alexander2008-11","/w/index.php?title=Honda_Model_D&action=edit&redlink=1","#cite_note-Falloon2005-13","/wiki/Honda_T360","#cite_note-15","/wiki/Kei_car","#cite_note-16","/wiki/Honda_S500","#cite_note-17","/wiki/Acura","/wiki/Luxury_vehicle","/wiki/Honda_NSX","#cite_note-18","/wiki/Honda_Aircraft_Company","#cite_note-19","/w/index.php?title=Honda&action=edit&section=2","/wiki/File:Honda_aoyama.JPG","//upload.wikimedia.org/wikipedia/commons/thumb/e/ee/Honda_aoyama.JPG/170px-Honda_aoyama.JPG","/wiki/File:Honda_aoyama.JPG","//bits.wikimedia.org/static-1.21wmf11/skins/common/images/magnify-clip.png","/wiki/Minato,_Tokyo","/wiki/Minato,_Tokyo","/wiki/Minato,_Tokyo","/wiki/Tokyo_Stock_Exchange","/wiki/New_York_Stock_Exchange","/wiki/Fukuoka,_Fukuoka","#cite_note-bloomberg.com-8","#cite_note-20","/wiki/Japanese_yen","/wiki/American_Honda_Motor_Company","/wiki/Honda_Canada_Inc.","/wiki/Markham,_Ontario","#cite_note-21","/wiki/Honda_of_Canada_Manufacturing","/wiki/Alliston,_Ontario","/wiki/Honda_Siel_Cars_India","/wiki/Hero_Honda","#cite_note-22","/wiki/Guangzhou_Automobile_Industry_Group","/wiki/Dongfeng_Honda","/wiki/Honda_Atlas","/wiki/Wikipedia:Citation_needed","/w/index.php?title=Honda&action=edit&section=3","/wiki/Soichiro_Honda","/wiki/Nobuhiko_Kawamoto","/wiki/Takeo_Fukui","/w/index.php?title=Honda&action=edit&section=4","/w/index.php?title=Honda&action=edit&section=5","/wiki/List_of_Honda_vehicles","/wiki/File:Hondajazzsport.JPG","//upload.wikimedia.org/wikipedia/commons/thumb/2/27/Hondajazzsport.JPG/220px-Hondajazzsport.JPG","/wiki/File:Hondajazzsport.JPG","//bits.wikimedia.org/static-1.21wmf11/skins/common/images/magnify-clip.png","/wiki/Honda_Jazz","/wiki/File:2008_Honda_Accord.jpg","//upload.wikimedia.org/wikipedia/commons/thumb/4/45/2008_Honda_Accord.jpg/220px-2008_Honda_Accord.jpg","/wiki/File:2008_Honda_Accord.jpg","//bits.wikimedia.org/static-1.21wmf11/skins/common/images/magnify-clip.png","/wiki/Honda_Accord","/wiki/File:06-08_Honda_Civic_Ph.jpg","//upload.wikimedia.org/wikipedia/commons/thumb/0/0f/06-08_Honda_Civic_Ph.jpg/220px-06-08_Honda_Civic_Ph.jpg","/wiki/File:06-08_Honda_Civic_Ph.jpg","//bits.wikimedia.org/static-1.21wmf11/skins/common/images/magnify-clip.png","/wiki/Honda_Civic","/wiki/Honda_Fit","/wiki/Honda_Civic","/wiki/Honda_Accord","/wiki/Honda_Insight","/wiki/Honda_CR-V","/wiki/Honda_CR-Z","/wiki/Honda_Legend","/wiki/Honda_Odyssey_(North_America)","/wiki/Honda_Odyssey_(international)","/wiki/Honda_Odyssey_(North_America)","/wiki/Minivan","/wiki/Honda_Ridgeline","/wiki/Pickup_truck","/wiki/Honda_Civic_(eighth_generation)#Europe","/wiki/Honda_T360","/wiki/Kei_car","#cite_note-tjra-23","/wiki/Roadster_(automobile)","/wiki/Honda_S500","/wiki/Honda_L700","/wiki/Honda_1300","/wiki/Honda_N360","/wiki/Honda_Life","/wiki/Honda_Life#Life_Step_Van","/wiki/World_War_II","/wiki/Front-wheel-drive","/wiki/Acura","/wiki/Honda_NSX","/wiki/Variable_valve_timing","/wiki/VTEC","/wiki/Compact_car","/wiki/Toyota_Corolla","#cite_note-24","/wiki/Honda_Prelude","/wiki/Upmarket","/wiki/Honda_Fit","/wiki/Honda_Civic_Hybrid","/wiki/Hybrid_electric_vehicle","/wiki/Toyota_Prius","/wiki/Honda_Insight","/wiki/Honda_CR-Z","/wiki/Small_car","/wiki/Hybrid_vehicle","/wiki/Minivan","/wiki/Sport_utility_vehicle","/wiki/Light-truck","#cite_note-25","/wiki/Motor_Trend","/wiki/Motor_Trend_Car_of_the_Year","#cite_note-26","/wiki/United_States_Environmental_Protection_Agency","#cite_note-27","/wiki/American_Council_for_an_Energy-Efficient_Economy","/wiki/Honda_Civic_GX","#cite_note-28","/w/index.php?title=Honda&action=edit&section=6","/wiki/List_of_Honda_motorcycles","#cite_note-Alexander2008-11","#cite_note-Alexander2008-11","/wiki/Grey_Advertising","#cite_note-Frank2003-12","#cite_note-Richard_P._Rumelt-29","/wiki/Boston_Consulting_Group","/wiki/Economies_of_scale","/wiki/Learning_curve","/wiki/Economies_of_scope","#cite_note-MorrisonDivision1993-30","/wiki/File:2004supercub.jpg","//upload.wikimedia.org/wikipedia/commons/thumb/b/bb/2004supercub.jpg/220px-2004supercub.jpg","/wiki/File:2004supercub.jpg","//bits.wikimedia.org/static-1.21wmf11/skins/common/images/magnify-clip.png","/wiki/Honda_Super_Cub","/w/index.php?title=Richard_Pascale&action=edit&redlink=1","#cite_note-PascaleHondaEffect-31","#cite_note-Frank2003-12","/wiki/San_Francisco","/wiki/Honda_Super_Cub","#cite_note-Frank2003-12","/wiki/Gary_Hamel","/wiki/C._K._Prahalad","/wiki/Core_competency","#cite_note-HamelPrahalad1994-32","/wiki/Case_study","/wiki/Business_school","#cite_note-ClarkeLamoreaux2009-33","/w/index.php?title=Honda&action=edit&section=7","#cite_note-34","#cite_note-35","/wiki/Fiscal_year","#cite_note-36","#cite_note-37","/wiki/Engine","/wiki/Tiller","/wiki/Lawn_mower","/wiki/Robotic_lawn_mower","/wiki/Lawn_mower","/wiki/String_trimmer","/wiki/Mower","/wiki/Leaf_blower","/wiki/Sprayer","/wiki/Hedge_trimmer","/wiki/Snowthrower","/wiki/Engine-generator","/wiki/Welding_power_supply","/wiki/Honda_pumps","/wiki/Outboard_engine","/wiki/Inflatable_boat","/wiki/Mobility_scooter","/wiki/Cogeneration","/w/index.php?title=Honda&action=edit&section=8","/wiki/File:Wiki_letter_w_cropped.svg","//upload.wikimedia.org/wikipedia/commons/thumb/1/1c/Wiki_letter_w_cropped.svg/20px-Wiki_letter_w_cropped.svg.png","//en.wikipedia.org/w/index.php?title=Honda&action=edit","/wiki/File:Hondaoutboard.jpg","//upload.wikimedia.org/wikipedia/en/thumb/5/53/Hondaoutboard.jpg/220px-Hondaoutboard.jpg","/wiki/File:Hondaoutboard.jpg","//bits.wikimedia.org/static-1.21wmf11/skins/common/images/magnify-clip.png","/wiki/Outboard_motor","/wiki/Pontoon_boat","/wiki/2010_Indianapolis_500","#cite_note-38","#cite_note-INDY1-39","/wiki/V8_engine","/wiki/Acura","/wiki/V8_(beverage)","#cite_note-40","#cite_note-41","/w/index.php?title=Honda&action=edit&section=9","/wiki/File:HONDA_ASIMO.jpg","//upload.wikimedia.org/wikipedia/commons/thumb/0/05/HONDA_ASIMO.jpg/170px-HONDA_ASIMO.jpg","/wiki/File:HONDA_ASIMO.jpg","//bits.wikimedia.org/static-1.21wmf11/skins/common/images/magnify-clip.png","/wiki/ASIMO","/wiki/Expo_2005","/wiki/ASIMO","http://world.honda.com/ASIMO/history/history.html","/wiki/Honda_E0","/wiki/Honda_E_series","/wiki/Honda_P_series","/wiki/Astronaut","/wiki/Biped","/wiki/Walking","#cite_note-42","/wiki/ASIMO","/wiki/ASIMO","#cite_note-43","/w/index.php?title=Honda&action=edit&section=10","/wiki/Honda_HA-420_HondaJet","/wiki/Honda_HA-420_HondaJet","/wiki/Honda_Aircraft_Company","/wiki/Wikipedia:Citation_needed","/w/index.php?title=Honda&action=edit&section=11","/wiki/Thin-film_solar_cells","#cite_note-44","/w/index.php?title=Honda&action=edit&section=12","/wiki/Honda_RN-01_G-cross","/wiki/Downhill_mountain_biking","/wiki/Derailleur_gears","/wiki/Greg_Minnaar","/w/index.php?title=Honda&action=edit&section=13","/wiki/Honda_Rincon","/wiki/All-terrain_vehicles","/w/index.php?title=Honda&action=edit&section=14","/w/index.php?title=Honda&action=edit&section=15","/wiki/Honda_Racing_F1","/wiki/File:Rubens_Barrichello_2006_Brazil.jpg","//upload.wikimedia.org/wikipedia/commons/thumb/2/22/Rubens_Barrichello_2006_Brazil.jpg/220px-Rubens_Barrichello_2006_Brazil.jpg","/wiki/File:Rubens_Barrichello_2006_Brazil.jpg","//bits.wikimedia.org/static-1.21wmf11/skins/common/images/magnify-clip.png","/wiki/Rubens_Barrichello","/wiki/Formula_One","/wiki/1964_Formula_One_season","/wiki/1964_German_Grand_Prix","/wiki/Ronnie_Bucknum","/wiki/1965_Formula_One_season","/wiki/Richie_Ginther","/wiki/1965_Belgian_Grand_Prix","/wiki/1965_Mexican_Grand_Prix","/wiki/1967_Formula_One_season","/wiki/1967_Italian_Grand_Prix","/wiki/John_Surtees","/wiki/1968_Formula_One_season","/wiki/Jo_Schlesser","/wiki/1968_French_Grand_Prix","/wiki/Brabham","/wiki/Formula_Two","/wiki/Jack_Brabham","/wiki/Denny_Hulme","/wiki/Ron_Tauranac","/wiki/Ralt","/wiki/Judd_(engine)","/wiki/Open_wheel_car","/wiki/Bobby_Rahal","/wiki/Spirit_(racing_team)","/wiki/Formula_One","/wiki/WilliamsF1","/wiki/1986_Formula_One_season","/wiki/1987_Formula_One_season","/wiki/McLaren","/wiki/1988_Formula_One_season","/wiki/1989_Formula_One_season","/wiki/1990_Formula_One_season","/wiki/1991_Formula_One_season","/wiki/Mugen-Honda","/wiki/Equipe_Ligier","/wiki/Jordan_Grand_Prix","/wiki/Champ_Car","/wiki/Indy_Racing_League","/wiki/IndyCar_Series","/wiki/Indianapolis_500","/wiki/2006_Indianapolis_500","#cite_note-45","/wiki/Harvey_Postlethwaite","/wiki/British_American_Racing","/wiki/2006_Hungarian_Grand_Prix","/wiki/Jenson_Button","#cite_note-46","/wiki/Ross_Brawn","/wiki/Brawn_GP","/wiki/Mercedes_GP","#cite_note-47","/wiki/British_Touring_Car_Championship","/w/index.php?title=Honda&action=edit&section=16","/wiki/Honda_Racing_Corporation","/wiki/File:Dani_Pedrosa_2010_Assen.jpg","//upload.wikimedia.org/wikipedia/commons/thumb/b/bb/Dani_Pedrosa_2010_Assen.jpg/220px-Dani_Pedrosa_2010_Assen.jpg","/wiki/File:Dani_Pedrosa_2010_Assen.jpg","//bits.wikimedia.org/static-1.21wmf11/skins/common/images/magnify-clip.png","/wiki/Honda_RC212V","/wiki/Dani_Pedrosa","/wiki/Honda_Racing_Corporation","/wiki/Motorsport","/wiki/Isle_of_Man_TT","/wiki/Mike_Hailwood","/wiki/Grand_Prix_motorcycle_racing","/wiki/Cubic_centimetre","/wiki/1967_British_motorcycle_Grand_Prix","/wiki/Grand_Prix_motorcycle_racing","/wiki/Monocoque","/wiki/Four-stroke","/wiki/NR500","/wiki/F%C3%A9d%C3%A9ration_Internationale_de_Motocyclisme","/wiki/Two-stroke","/wiki/1983_Grand_Prix_motorcycle_racing_season","/wiki/Grand_Prix_motorcycle_racing","/wiki/Freddie_Spencer","/wiki/Mick_Doohan","/wiki/Valentino_Rossi","/wiki/Motocross_World_Championship","/wiki/World_Enduro_Championship","/wiki/Stefan_Merriman","/wiki/Mika_Ahola","/wiki/Observed_trials","/w/index.php?title=Eddy_Lejeune&action=edit&redlink=1","/w/index.php?title=Honda&action=edit&section=17","/wiki/File:2009_Honda_Civic_NGV--DC.jpg","//upload.wikimedia.org/wikipedia/commons/thumb/8/80/2009_Honda_Civic_NGV--DC.jpg/220px-2009_Honda_Civic_NGV--DC.jpg","/wiki/File:2009_Honda_Civic_NGV--DC.jpg","//bits.wikimedia.org/static-1.21wmf11/skins/common/images/magnify-clip.png","/wiki/Honda_Civic_GX","/wiki/File:Honda_Civic_Clean_Models_USA_%26_BRA.jpg","//upload.wikimedia.org/wikipedia/commons/thumb/b/ba/Honda_Civic_Clean_Models_USA_%26_BRA.jpg/220px-Honda_Civic_Clean_Models_USA_%26_BRA.jpg","/wiki/File:Honda_Civic_Clean_Models_USA_%26_BRA.jpg","//bits.wikimedia.org/static-1.21wmf11/skins/common/images/magnify-clip.png","/wiki/Flexible-fuel_vehicle","/wiki/Honda_Civic","/wiki/Honda_Civic_Hybrid","/wiki/File:2010_Honda_Insight--DC.jpg","//upload.wikimedia.org/wikipedia/commons/thumb/7/75/2010_Honda_Insight--DC.jpg/220px-2010_Honda_Insight--DC.jpg","/wiki/File:2010_Honda_Insight--DC.jpg","//bits.wikimedia.org/static-1.21wmf11/skins/common/images/magnify-clip.png","/wiki/Honda_Insight","/wiki/Hybrid_electric_vehicle","/wiki/File:FCX_Clarity.jpg","//upload.wikimedia.org/wikipedia/commons/thumb/e/e0/FCX_Clarity.jpg/220px-FCX_Clarity.jpg","/wiki/File:FCX_Clarity.jpg","//bits.wikimedia.org/static-1.21wmf11/skins/common/images/magnify-clip.png","/wiki/Honda_FCX_Clarity","/wiki/Hydrogen","/wiki/Fuel_cell","/w/index.php?title=Honda&action=edit&section=18","/wiki/Honda_Civic_GX","/wiki/Natural_gas_vehicle","#cite_note-48","#cite_note-49","/wiki/Compressed_natural_gas","/wiki/Honda_Civic","/wiki/United_States_Environmental_Protection_Agency","#cite_note-50","#cite_note-51","/wiki/Fleet_vehicles","#cite_note-52","/w/index.php?title=Phill_Home_Refueling_Appliance&action=edit&redlink=1","#cite_note-53","/w/index.php?title=Honda&action=edit&section=19","/wiki/Flexible-fuel_vehicle","/wiki/Honda_Civic","/wiki/Honda_Fit","/wiki/Hydrous","/wiki/Neat_alcohol_fuel","//en.wikipedia.org/wiki/common_ethanol_fuel_mixtures#E20.2C_E25","#cite_note-HondaFlex-54","#cite_note-4Rodas-55","#cite_note-HondaFlex-54","#cite_note-4Rodas-55","#cite_note-4Rodas-55","#cite_note-56","#cite_note-57","/wiki/Honda_City","#cite_note-58","#cite_note-ANFAVEA06-59","#cite_note-ANFAVEA07-60","#cite_note-ANFAVEA08-61","#cite_note-ANFAVEA09-62","/w/index.php?title=CG_150_Titan_Mix&action=edit&redlink=1","#cite_note-63","#cite_note-64","#cite_note-65","/w/index.php?title=Honda&action=edit&section=20","/wiki/Hybrid_electric_car","/wiki/Honda_Insight","/wiki/Toyota_Prius","#cite_note-TwoBillion-66","#cite_note-NYT2-67","/wiki/Fuel_economy_in_automobiles","#cite_note-TwoBillion-66","#cite_note-NYT2-67","#cite_note-NYT2-67","#cite_note-68","#cite_note-69","/wiki/Honda_Civic_Hybrid","#cite_note-TwoBillion-66","/wiki/Honda_Accord_Hybrid","/wiki/Honda_CR-Z","#cite_note-GCC0210-70","#cite_note-71","/w/index.php?title=Honda&action=edit&section=21","/wiki/Takanezawa","/wiki/Honda_FCX_Clarity","/wiki/Hybrid_vehicle","/wiki/Hydrogen_vehicle","/wiki/Fuel_cell_vehicle","/wiki/Hybrid_electric_vehicle","/wiki/Hydrogen","/wiki/Oxygen","/wiki/Pollutants","/wiki/Internal_combustion_engine","/wiki/Lithium_ion_battery","/wiki/Regenerative_braking","#cite_note-72","/wiki/California_Air_Resources_Board","#cite_note-73","#cite_note-74","/w/index.php?title=Honda&action=edit&section=22","/w/index.php?title=Honda&action=edit&section=23","/wiki/File:Honda_CLIO_Japan_Car_dealership_Saitama.jpg","//upload.wikimedia.org/wikipedia/commons/thumb/0/02/Honda_CLIO_Japan_Car_dealership_Saitama.jpg/220px-Honda_CLIO_Japan_Car_dealership_Saitama.jpg","/wiki/File:Honda_CLIO_Japan_Car_dealership_Saitama.jpg","//bits.wikimedia.org/static-1.21wmf11/skins/common/images/magnify-clip.png","/wiki/Saitama,_Saitama","#cite_note-n5-75","#cite_note-76","/wiki/Honda_Prelude","/wiki/Honda_Vigor","/wiki/Honda_Ballade","/wiki/Honda_Quint","/wiki/Honda_Accord","/wiki/Honda_Civic","/wiki/Kei_cars","/wiki/Honda_Today","/wiki/Supermini","/wiki/Honda_Capa","/wiki/Japan_%22bubble_economy%22","/wiki/Badge_engineered","#cite_note-77","//ja.wikipedia.org/wiki/%E3%83%9B%E3%83%B3%E3%83%80%E3%82%A2%E3%82%AF%E3%82%BB%E3%82%B9","/wiki/Keiretsu","/wiki/Pioneer_Corporation","//ja.wikipedia.org/wiki/%E3%82%AE%E3%83%A3%E3%82%B6%E3%82%BA","/wiki/Autobacs","//ja.wikipedia.org/wiki/Auto_Terrace","//ja.wikipedia.org/wiki/%E3%83%99%E3%83%AB%E3%83%8E%E5%BA%97","/wiki/Honda_Prelude","/wiki/Honda_Integra","/wiki/Honda_CR-X","/wiki/Honda_Vigor","/wiki/Honda_Saber","/wiki/Honda_Ballade","/wiki/Honda_Quint","/wiki/Honda_Crossroad","/wiki/Honda_Element","/wiki/Honda_NSX","/wiki/Honda_HR-V","/wiki/Honda_Mobilio_Spike","/wiki/Honda_S2000","/wiki/Honda_CR-V","/wiki/Honda_That%27s","/wiki/Honda_MDX","/wiki/Honda_Rafaga","/wiki/Honda_Capa","/wiki/Honda_Torneo","//ja.wikipedia.org/wiki/%E3%82%AF%E3%83%AA%E3%82%AA%E5%BA%97","/wiki/Honda_Accord","/wiki/Honda_Legend","/wiki/Honda_Inspire","/wiki/Honda_Avancier","/wiki/Honda_S-MX","/wiki/Honda_Odyssey_(North_America)","/wiki/Honda_Stepwgn","/wiki/Honda_Elysion","/wiki/Honda_Stream","/wiki/Honda_Odyssey_(international)","/wiki/Honda_Domani","/wiki/Honda_Concerto","/wiki/Honda_Accord_Tourer","/wiki/Honda_Logo","/wiki/Honda_Fit","/wiki/Honda_Insight","/wiki/Honda_That%27s","/wiki/Honda_Mobilio","/wiki/Honda_City","//ja.wikipedia.org/wiki/%E3%83%97%E3%83%AA%E3%83%A2%E5%BA%97","/wiki/Honda_Civic","/wiki/Honda_Life","/wiki/Honda_Acty","/wiki/Honda_Vamos","/wiki/Honda_Vamos","/wiki/Honda_Ascot","/wiki/Honda_Ascot#Ascot_Innova_.28CB3.2F4.29","/wiki/Honda_Torneo","/wiki/Honda_Civic_Ferio","/wiki/Honda_Freed","/wiki/Honda_Mobilio","/wiki/Honda_Orthia","/wiki/Honda_Capa","/wiki/Honda_Today","/wiki/Honda_Z","/wiki/Honda_Beat","//upload.wikimedia.org/wikipedia/en/thumb/4/4a/Commons-logo.svg/30px-Commons-logo.svg.png","//commons.wikimedia.org/wiki/Category:Honda_dealerships","/w/index.php?title=Honda&action=edit&section=24","/wiki/Cog_(television_commercial)","/wiki/Rube_Goldberg_Machine","/wiki/Honda_Accord_(Japan_and_Europe_seventh_generation)","/wiki/Pre-production_car","/wiki/Garrison_Keillor","#cite_note-Honda_2003_UK_Ad_campaign-78","/wiki/Grrr_(advertisement)","/wiki/File:MonctonHonda.JPG","//upload.wikimedia.org/wikipedia/commons/thumb/9/97/MonctonHonda.JPG/220px-MonctonHonda.JPG","/wiki/File:MonctonHonda.JPG","//bits.wikimedia.org/static-1.21wmf11/skins/common/images/magnify-clip.png","/wiki/Moncton","/wiki/Impossible_Dream_(Honda_advert)","/wiki/The_Impossible_Dream_(The_Quest)","/wiki/Hot_air_balloon","/wiki/Man_Of_La_Mancha","/wiki/Andy_Williams","/wiki/Model_year","/wiki/Animated_character","/wiki/Mr._Opportunity","/wiki/Rob_Paulsen","/wiki/Tetris","/wiki/Thomas_The_Tank_Engine","/wiki/ASIMO","/wiki/Astronaut","/wiki/ITV_Sport","/wiki/Formula_One","http://www.honda.co.uk/hondamentalism/?campaignid=CM059600W01G","/wiki/FCX_Clarity","/wiki/Rubik%27s_Cube","/wiki/Channel_4","/wiki/Skydivers","/wiki/2008_Spain_Pilatus_PC-6_crash","#cite_note-79","/wiki/Danica_Patrick","/wiki/Christopher_Guest","/wiki/Ben_Bova","/wiki/Joe_Johnston","/wiki/Orson_Scott_Card","/w/index.php?title=Honda&action=edit&section=25","/wiki/Indy_Racing_League","/wiki/Wikipedia:Avoid_weasel_words","/wiki/Wikipedia:Citation_needed","/wiki/Ayrton_Senna","/wiki/Wikipedia:Citation_needed","/wiki/National_Hockey_League","/wiki/Anaheim_Ducks","/wiki/Honda_Center","/wiki/The_Honda_Classic","/wiki/Major_League_Soccer","/wiki/Honda_Player_of_the_Year","/wiki/Honda_Sports_Award","/wiki/Honda-Broderick_Cup","/wiki/Los_Angeles_Marathon","/wiki/Honda_Accord","/wiki/Honda_Campus_All-Star_Challenge","/wiki/Quizbowl","/wiki/Historically_black_colleges_and_universities","/w/index.php?title=Honda&action=edit&section=26","/wiki/List_of_Honda_facilities","/w/index.php?title=Honda&action=edit&section=27","/wiki/List_of_Honda_motorcycles","/wiki/List_of_Honda_vehicles","/w/index.php?title=Honda&action=edit&section=28","//upload.wikimedia.org/wikipedia/en/thumb/9/99/Question_book-new.svg/50px-Question_book-new.svg.png","//en.wikipedia.org/w/index.php?title=Honda&action=edit","/wiki/Help:Introduction_to_referencing/1","/wiki/Template:Citation_needed","/wiki/Wikipedia:Verifiability#Burden_of_evidence","#cite_note-sales2008-80","#cite_note-sales2008-80","#cite_note-sales2010-81","#cite_note-sales2010-81","/w/index.php?title=Honda&action=edit&section=29","/wiki/File:Portal-puzzle.svg","//upload.wikimedia.org/wikipedia/en/thumb/f/fd/Portal-puzzle.svg/32px-Portal-puzzle.svg.png","/wiki/Portal:Japanese_Car","/wiki/File:PrefSymbol-Tokyo.svg","//upload.wikimedia.org/wikipedia/commons/thumb/c/cb/PrefSymbol-Tokyo.svg/28px-PrefSymbol-Tokyo.svg.png","/wiki/Portal:Tokyo","/wiki/File:Factory_1b.svg","//upload.wikimedia.org/wikipedia/commons/thumb/b/b6/Factory_1b.svg/32px-Factory_1b.svg.png","/wiki/Portal:Companies","/wiki/Comparison_of_Honda_water-pumps","/wiki/Honda_advanced_technology","/wiki/Honda_Airport","/wiki/Honda_Battle_of_the_Bands","/wiki/Honda_F.C.","/wiki/Honda_Heat","/wiki/Honda_Type_R","/wiki/List_of_Honda_assembly_plants","/wiki/List_of_Honda_transmissions","/wiki/Internavi","/w/index.php?title=Honda&action=edit&section=30","#cite_ref-FY2012_1-0","#cite_ref-FY2012_1-1","#cite_ref-FY2012_1-2","#cite_ref-FY2012_1-3","#cite_ref-FY2012_1-4","http://www.google.com/finance?q=NYSE:HMC&fstype=ii","http://www.google.com/finance?q=NYSE:HMC&fstype=ii","#cite_ref-2","http://zenobank.com/index.php?symbol=HMC&page=quotesearch","http://zenobank.com/index.php?symbol=HMC&page=quotesearch","#cite_ref-3","http://books.google.com/books?id=XF7V9w8ByrcC&pg=PA172","/wiki/Wiley-Blackwell","/wiki/International_Standard_Book_Number","/wiki/Special:BookSources/1-4051-1180-1","http://books.google.com/books?id=XF7V9w8ByrcC&pg=PA172","#cite_ref-4","http://books.google.com/books?id=CArfq7tV0OIC&pg=PA52","/w/index.php?title=MotorBooks_International&action=edit&redlink=1","/wiki/International_Standard_Book_Number","/wiki/Special:BookSources/0-7603-1958-8","http://books.google.com/books?id=CArfq7tV0OIC&pg=PA52","#cite_ref-Honda_of_America_Manufacturing.2C_Inc..2C_Marysville.2C_Ohio_-_Press_room_5-0","http://www.ohio.honda.com/pressroom/View_Release.cfm?articleid=174","#cite_ref-6","http://www.channel4.com/4car/news/news-story.jsp?news_id=3266&ref=archive","http://www.channel4.com/4car/news/news-story.jsp?news_id=3266&ref=archive","/wiki/Wikipedia:Link_rot","#cite_ref-7","http://www.cars-directory.net/history/honda/","http://www.cars-directory.net/history/honda/","#cite_ref-bloomberg.com_8-0","#cite_ref-bloomberg.com_8-1","http://www.bloomberg.com/news/2010-08-19/honda-founder-s-dream-of-u-s-production-protects-earnings-as-yen-surges.html","#cite_ref-9","http://oica.net/wp-content/uploads/ranking.pdf","http://oica.net/wp-content/uploads/ranking.pdf","#cite_ref-America.27s_Most_Admired_Companies:_Honda_10-0","http://money.cnn.com/2008/03/03/news/companies/taylor_honda.fortune/index2.htm","#cite_ref-Alexander2008_11-0","#cite_ref-Alexander2008_11-1","#cite_ref-Alexander2008_11-2","#cite_ref-Alexander2008_11-3","#cite_ref-Alexander2008_11-4","#cite_ref-Alexander2008_11-5","#cite_ref-Alexander2008_11-6","#cite_ref-Alexander2008_11-7","#cite_ref-Alexander2008_11-8","#cite_ref-Alexander2008_11-9","#cite_ref-Alexander2008_11-10","#cite_ref-Alexander2008_11-11","/wiki/International_Standard_Book_Number","/wiki/Special:BookSources/978-0-8248-3328-2","#cite_ref-Frank2003_12-0","#cite_ref-Frank2003_12-1","#cite_ref-Frank2003_12-2","#cite_ref-Frank2003_12-3","#cite_ref-Frank2003_12-4","/wiki/International_Standard_Book_Number","/wiki/Special:BookSources/978-0-7603-1077-9","#cite_ref-Falloon2005_13-0","#cite_ref-Falloon2005_13-1","/wiki/International_Standard_Book_Number","/wiki/Special:BookSources/1-85960-966-X","#cite_ref-Sakiya1982_14-0","#cite_ref-Sakiya1982_14-1","/wiki/Kodansha","/wiki/International_Standard_Book_Number","/wiki/Special:BookSources/978-0-87011-522-6","#cite_ref-15","http://world.honda.com/history/challenge/1962autoproduction/text/05.html","http://world.honda.com/history/challenge/1962autoproduction/text/05.html","#cite_ref-16","http://www.thetruthaboutcars.com/2010/03/hondas-wild-9000-rpm-mid-engine-rwd-t360-pickup-of-1963/","http://www.thetruthaboutcars.com/2010/03/hondas-wild-9000-rpm-mid-engine-rwd-t360-pickup-of-1963/","#cite_ref-17","http://www.classiccar.co.nz/articles/sporting-hondas-classic-buyers-guide-226","http://www.classiccar.co.nz/articles/sporting-hondas-classic-buyers-guide-226","#cite_ref-18","http://world.honda.com/history/challenge/1990thensx/text01/index.html","http://world.honda.com/history/challenge/1990thensx/text01/index.html","#cite_ref-19","http://gearheads.org/history-of-honda-motor-company/","http://gearheads.org/history-of-honda-motor-company/","#cite_ref-20","http://www.wikinvest.com/stock/Honda_Motor_Company_(HMC)/Breakdown_Net_Sales_Other_Operating_Revenue_Geographical_Markets","#cite_ref-21","http://www.yorkregion.com/article/44477","/wiki/Richmond_Hill,_Ontario","#cite_ref-22","http://www.sharemanthan.in/index.php/indian-companies/49-auto/2150-hero-honda","#cite_ref-tjra_23-0","/wiki/Bald_Hills,_Queensland","#cite_ref-24","http://www.toyota.com/about/our_business/our_history/product_history/pdf/corolla.pdf","http://www.toyota.com/about/our_business/our_history/product_history/pdf/corolla.pdf","#cite_ref-25","http://www.nytimes.com/2008/06/20/business/20auto.html?_r=1","#cite_ref-26","http://www.greencarcongress.com/2010/11/honda-20101127.html","http://www.greencarcongress.com/2010/11/honda-20101127.html","#cite_ref-27","http://blogs.edmunds.com/greencaradvisor/2010/06/epa-lists-top-10-most-fuel-efficient-cars-from-1984-to-present-older-models-rule.html/","/wiki/Wikipedia:Link_rot","/wiki/Wikipedia:Disputed_statement","/wiki/Talk:Honda#Dubious","#cite_ref-28","http://www.greenercars.org/highlights_greenest.htm","http://www.greenercars.org/highlights_greenest.htm","#cite_ref-Richard_P._Rumelt_29-0","http://www.anderson.ucla.edu/faculty/dick.rumelt/Docs/Papers/HONDA","#cite_ref-MorrisonDivision1993_30-0","http://books.google.com/books?id=HvQcQFFONzkC&pg=PA64","/wiki/International_Standard_Book_Number","/wiki/Special:BookSources/978-0-415-08537-3","http://books.google.com/books?id=HvQcQFFONzkC&pg=PA64","#cite_ref-PascaleHondaEffect_31-0","/w/index.php?title=Richard_Pascale&action=edit&redlink=1","/wiki/International_Standard_Book_Number","/wiki/Special:BookSources/0-415-08537-3","#cite_ref-HamelPrahalad1994_32-0","http://books.google.com/books?id=PlML2w8dhJ0C&pg=PA204","/wiki/International_Standard_Book_Number","/wiki/Special:BookSources/978-0-87584-416-9","http://books.google.com/books?id=PlML2w8dhJ0C&pg=PA204","#cite_ref-ClarkeLamoreaux2009_33-0","http://books.google.com/books?id=Ho6hmHrCjCEC&pg=PA223","/wiki/International_Standard_Book_Number","/wiki/Special:BookSources/978-0-8047-5892-5","http://books.google.com/books?id=Ho6hmHrCjCEC&pg=PA223","#cite_ref-34","http://world.honda.com/timeline/power/","http://world.honda.com/timeline/power/","#cite_ref-35","http://www.world.honda.com/investors/annualreport/2007/pdf/ar2007.pdf","/wiki/Wikipedia:Link_rot","#cite_ref-36","http://www.world.honda.com/investors/annualreport/2010/pdf/honda2010ar-all-e.pdf","/wiki/Wikipedia:Link_rot","#cite_ref-37","http://world.honda.com/power/overview/","http://world.honda.com/power/overview/","#cite_ref-38","http://racing.honda.com/about/engine.aspx","http://racing.honda.com/about/engine.aspx","#cite_ref-INDY1_39-0","http://www.indianapolismotorspeedway.com/indy500/","http://www.indianapolismotorspeedway.com/indy500/","#cite_ref-40","http://reviews.cnet.com/8301-13746_7-10064387-48.html","http://reviews.cnet.com/8301-13746_7-10064387-48.html","#cite_ref-41","http://green.autoblog.com/2009/01/06/honda-s2000-cr-z-convertible-follow-acura-nsx-and-v8-to-scrap-h/","http://green.autoblog.com/2009/01/06/honda-s2000-cr-z-convertible-follow-acura-nsx-and-v8-to-scrap-h/","/wiki/Wikipedia:Disputed_statement","/wiki/Talk:Honda#Dubious","#cite_ref-42","http://asimo.honda.com/downloads/pdf/asimo-technical-faq.pdf","#cite_ref-43","http://www.gadgetrepublic.com/news/item/1938/digital-life/japan-plans-mind-reading-devices","#cite_ref-44","http://world.honda.com/news/2008/c081023Thin-Film-Solar-Cells","http://world.honda.com/news/2008/c081023Thin-Film-Solar-Cells","#cite_ref-45","http://racing.honda.com/results/detail.aspx?date=2006_05_28","http://racing.honda.com/results/detail.aspx?date=2006_05_28","#cite_ref-46","http://www.autosport.com/news/report.php/id/72322","#cite_ref-47","http://www.grandprix.com/ns/ns21227.html","http://www.grandprix.com/ns/ns21227.html","#cite_ref-48","http://alternativefuels.about.com/od/2008ngvavailable/a/2008CNGvehicles.htm","http://alternativefuels.about.com/od/2008ngvavailable/a/2008CNGvehicles.htm","#cite_ref-49","http://automobiles.honda.com/civic-gx/","http://automobiles.honda.com/civic-gx/","#cite_ref-50","http://www.epa.gov/ttnnaaqs/ozone/eac/pr051231_eac_tx_northeast.pdf","#cite_ref-51","http://autos.yahoo.com/green_center-article_114/","#cite_ref-52","http://corporate.honda.com/press/article.aspx?id=2006101966979","#cite_ref-53","http://web.archive.org/web/20080215084754/http://www.fuelmaker.com/Research/PhillQandA.htm","http://www.fuelmaker.com/Research/PhillQandA.htm","http://web.archive.org/web/20080215084754/http://www.fuelmaker.com/Research/PhillQandA.htm","#cite_ref-HondaFlex_54-0","#cite_ref-HondaFlex_54-1","http://www.honda.com.br/web/index.asp?pp=noticias&ps=noticia&ps2=carros&id=1273","/wiki/Wikipedia:Link_rot","#cite_ref-4Rodas_55-0","#cite_ref-4Rodas_55-1","#cite_ref-4Rodas_55-2","http://quatrorodas.abril.com.br/carros/testes/conteudo_209972.shtml","#cite_ref-56","http://www.webmotors.com.br/wmpublicador/Testes_Conteudo.vxlpub?hnid=37317","#cite_ref-57","http://www2.uol.com.br/interpressmotor/noticias/item15731.shl","#cite_ref-58","http://www.autobloggreen.com/2009/07/29/honda-starts-building-flex-fuel-city-sedan-in-brazil/","http://www.autobloggreen.com/2009/07/29/honda-starts-building-flex-fuel-city-sedan-in-brazil/","/wiki/Wikipedia:Disputed_statement","/wiki/Talk:Honda#Dubious","#cite_ref-ANFAVEA06_59-0","http://www.anfavea.com.br/tabelas2006/autoveiculos/tabela08_vendas.pdf","http://www.anfavea.com.br/tabelas2006/autoveiculos/tabela08_vendas.pdf","#cite_ref-ANFAVEA07_60-0","http://www.anfavea.com.br/tabelas2007/autoveiculos/tabela08_vendas.pdf","http://www.anfavea.com.br/tabelas2007/autoveiculos/tabela08_vendas.pdf","#cite_ref-ANFAVEA08_61-0","http://www.anfavea.com.br/tabelas2008/autoveiculos/tabela08_vendas.pdf","http://www.anfavea.com.br/tabelas2008/autoveiculos/tabela08_vendas.pdf","#cite_ref-ANFAVEA09_62-0","http://www.anfavea.com.br/tabelas.html","http://www.anfavea.com.br/tabelas.html","#cite_ref-63","http://g1.globo.com/Noticias/Carros/0,,MRP1037219-9658,00.html","#cite_ref-64","http://www1.folha.uol.com.br/folha/dinheiro/ult91u532675.shtml","#cite_ref-65","http://www.unica.com.br/noticias/show.asp?nwsCode=%7b5D355E7B-40B1-4CF7-9C75-EDD4F85FFD30%7d","#cite_ref-TwoBillion_66-0","#cite_ref-TwoBillion_66-1","#cite_ref-TwoBillion_66-2","/wiki/Oxford_University_Press","/wiki/International_Standard_Book_Number","/wiki/Special:BookSources/978-0-19-537664-7","#cite_ref-NYT2_67-0","#cite_ref-NYT2_67-1","#cite_ref-NYT2_67-2","http://www.nytimes.com/2006/08/27/automobiles/27HONDA.html?_r=1&scp=1&sq=The%20Once%20and%20Future%20Mileage%20King&st=cse&oref=slogin","#cite_ref-68","http://www.motorauthority.com/honda-insight-americas-most-affordable-hybrid-at-19800.html","http://www.motorauthority.com/honda-insight-americas-most-affordable-hybrid-at-19800.html","#cite_ref-69","http://corporate.honda.com/press/article.aspx?id=4510","http://corporate.honda.com/press/article.aspx?id=4510","#cite_ref-GCC0210_70-0","http://www.greencarcongress.com/2010/02/crz-20100227.html","/wiki/Green_Car_Congress","http://www.greencarcongress.com/2010/02/crz-20100227.html","#cite_ref-71","http://online.wsj.com/article/BT-CO-20110202-703049.html","#cite_ref-72","http://www.nytimes.com/2008/06/17/business/worldbusiness/17fuelcell.html?_r=1&oref=slogin","#cite_ref-73","http://www.nytimes.com/2009/04/19/magazine/19car-t.html?pagewanted=4&ref=magazine","#cite_ref-74","http://www.autobloggreen.com/2009/04/08/carb-grants-6-8-billion-for-four-hydrogen-refueling-stations/","/w/index.php?title=Autobloggreen&action=edit&redlink=1","/wiki/Wikipedia:Disputed_statement","/wiki/Talk:Honda#Dubious","#cite_ref-n5_75-0","http://www.honda.co.jp/news/2005/c051214.html","#cite_ref-76","http://www.honda.co.jp/guide/corporate-profile/global/japan/","#cite_ref-77","http://world.honda.com/timeline/japan/","http://world.honda.com/timeline/japan/","#cite_ref-Honda_2003_UK_Ad_campaign_78-0","http://classic-web.archive.org/web/20080129213751/http://www.telegraph.co.uk/news/main.jhtml?xml=/news/2003/04/13/nhonda13.xml&sSheet=/news/2003/04/13/ixhome.html","http://classic-web.archive.org/web/20080129213751/http://www.telegraph.co.uk/news/main.jhtml?xml=/news/2003/04/13/nhonda13.xml&sSheet=/news/2003/04/13/ixhome.html","#cite_ref-79","http://www.guardian.co.uk/media/2008/jun/02/advertising.spain","#cite_ref-sales2008_80-0","#cite_ref-sales2008_80-1","http://www.hondanews.com/channels/149/releases/94c18aa3-0c51-3936-fcc0-ff004c34bbe7","#cite_ref-sales2010_81-0","#cite_ref-sales2010_81-1","http://www.hondanews.com/channels/corporate-headlines/releases/american-honda-december-sales-up-25-5-percent","http://www.hondanews.com/channels/corporate-headlines/releases/american-honda-december-sales-up-25-5-percent","/w/index.php?title=Honda&action=edit&section=31","/wiki/Motor_Trend","/wiki/Page_(paper)","http://world.honda.com/investors/annualreport/2004/46.html","/wiki/Wikipedia:Link_rot","/wiki/Terry_Sanders","/wiki/The_Japan_Project:_Made_in_Japan","http://www.honda.lv/","http://www.chiefexecutive.net/ME2/dirmod.asp?sid=&nm=&type=Publishing&mod=Publications%3A%3AArticle&mid=8F3A7027421841978F18BE895F87F791&tier=4&id=5AC37129F35C4D56830A806ED3E76297","http://corporate.honda.com/america/history.aspx","/w/index.php?title=Honda&action=edit&section=32","//upload.wikimedia.org/wikipedia/en/thumb/4/4a/Commons-logo.svg/30px-Commons-logo.svg.png","//commons.wikimedia.org/wiki/Category:Honda","http://world.honda.com/","http://www.honda.co.jp/pressroom/library/","http://www.dmoz.org/Recreation/Autos/Makes_and_Models/Honda//","/wiki/Open_Directory_Project","http://www.dmoz.org/Recreation/Motorcycles/Makes_and_Models/Honda//","/wiki/Open_Directory_Project","/wiki/Template:Honda","/wiki/Template_talk:Honda","//en.wikipedia.org/w/index.php?title=Template:Honda&action=edit","/wiki/Acura","/wiki/American_Honda_Motor_Company","/wiki/Honda_Aircraft_Company","/wiki/Internavi","/wiki/HMSI","/wiki/Honda_Racing_Corporation","/wiki/Honda_in_Formula_One","/wiki/Honda_Performance_Development","/wiki/Honda_of_Canada_Manufacturing","/wiki/Honda_Manufacturing_of_Alabama","/wiki/Honda_Automobile_(China)_Company","/wiki/Honda_Canada_Inc.","/wiki/Honda_Taiwan","/wiki/Honda_of_the_UK_Manufacturing","/wiki/Honda#Mountain_bikes","/wiki/Dongfeng_Honda","/wiki/GE_Honda_Aero_Engines","/wiki/Guangqi_Honda","/wiki/Honda_Siel_Cars_India","/wiki/Honda_MH02","/wiki/Honda_HA-420_HondaJet","/wiki/Acura","/wiki/Acura_ILX","/wiki/Acura_MDX","/wiki/Acura_RDX","/wiki/Acura_TL","/wiki/Acura_TSX","/wiki/Acura_ZDX","/wiki/Acura_CL","/wiki/Acura_CSX","/wiki/Acura_EL","/wiki/Honda_Integra","/wiki/Acura_Legend","/wiki/Honda_NSX","/wiki/Honda_Integra_DC5","/wiki/Acura_SLX","/wiki/Acura_Vigor","/wiki/Acura_RL","/wiki/Acura_ARX-01","/wiki/Acura_ARX-02a","/wiki/List_of_Honda_vehicles","/wiki/Honda_Accord","/wiki/Honda_Acty","/wiki/Honda_Brio","/wiki/Honda_City","/wiki/Honda_Civic","/wiki/Honda_Civic_GX","/wiki/Honda_Civic_Hybrid","/wiki/Honda_Civic_Si","/wiki/Honda_Civic_Type_R","/wiki/Honda_CR-Z","/wiki/Honda_Crossroad","/wiki/Honda_CR-V","/wiki/Honda_Element","/wiki/Honda_Elysion","/wiki/Honda_FCX_Clarity","/wiki/Honda_Fit","/wiki/Honda_Freed","/wiki/Honda_Insight","/wiki/Honda_Inspire","/wiki/Honda_Fit","/wiki/Honda_Legend","/wiki/Honda_Life","/wiki/Honda_Odyssey_(international)","/wiki/Honda_Odyssey_(North_America)","/wiki/Honda_Pilot","/wiki/Honda_Ridgeline","/wiki/Honda_Inspire","/wiki/Honda_Stepwgn","/wiki/Honda_Stream","/wiki/Honda_Vamos","/wiki/Honda_Zest","/wiki/Honda_1300","/wiki/Honda_Accord_Hybrid","/wiki/Honda_Airwave","/wiki/Honda_Ascot","/wiki/Honda_Avancier","/wiki/Honda_Ballade","/wiki/Honda_Beat","/wiki/Honda_Capa","/wiki/Honda_City_(AA)","/wiki/Honda_CR-X","/wiki/Honda_CR-X_del_Sol","/wiki/Honda_Concerto","/wiki/Honda_Domani","/wiki/Honda_EV_Plus","/wiki/Honda_FR-V","/wiki/Isuzu_Trooper","/wiki/Honda_HR-V","/wiki/Honda_Integra","/wiki/Honda_Life_Dunk","/wiki/Honda_Logo","/wiki/Honda_Mobilio","/wiki/Honda_Mobilio_Spike","/wiki/Honda_N360","/wiki/Honda_N600","/wiki/Honda_NSX","/wiki/Honda_Orthia","/wiki/Honda_Passport","/wiki/Honda_Prelude","/wiki/Honda_Quint","/wiki/Honda_Rafaga","/wiki/Honda_S500","/wiki/Honda_S600","/wiki/Honda_S800","/wiki/Honda_S2000","/wiki/Honda_S-MX","/wiki/Honda_T360","/wiki/Honda_That%27s","/wiki/Honda_Today","/wiki/Honda_Torneo","/wiki/Isuzu_Faster","/wiki/Honda_Z","/w/index.php?title=Curtiss_Special&action=edit&redlink=1","/w/index.php?title=Honda_R800&action=edit&redlink=1","/w/index.php?title=Honda_R1300&action=edit&redlink=1","/wiki/Honda_RA270","/wiki/Honda_RA271","/wiki/Honda_RA272","/wiki/Honda_RA273","/wiki/Honda_RA300","/wiki/Honda_RA301","/wiki/Honda_RA302","/wiki/Honda_RC100","/wiki/Honda_RA099","/wiki/Honda_RA106","/wiki/Honda_RA107","/wiki/Honda_RA108","/wiki/Honda_HSV-010_GT","/wiki/HPD_ARX-03","/w/index.php?title=Honda_Argento_Vivo&action=edit&redlink=1","/wiki/Honda_Dualnote","/wiki/Honda_HSC","/wiki/Honda_J-VX","/w/index.php?title=Honda_Remix&action=edit&redlink=1","/w/index.php?title=Honda_Sprocket&action=edit&redlink=1","/wiki/Honda_WOW","/wiki/Honda_New_Small_Concept","/wiki/Honda_U3-X","/wiki/List_of_Honda_motorcycles","/wiki/Honda_CB_series","/wiki/Honda_CBF_series","/wiki/Honda_CBR_series","/wiki/Honda_CJ_series","/wiki/Honda_CM_series","/wiki/Honda_CR_series","/wiki/Honda_CRF_series","/wiki/Honda_CX_series","/wiki/Honda_DN-01","/wiki/Honda_Fury","/wiki/Honda_GL_series","/wiki/Honda_NC700_series","/wiki/Honda_NR","/wiki/Honda_NSR_series","/wiki/Honda_RC_series","/wiki/Honda_ST_series","/wiki/Honda_VF_and_VFR","/wiki/Honda_VT_series","/wiki/Honda_VTX_series","/wiki/Honda_XR_series","/wiki/Honda_XRE300","/wiki/Honda_Transalp","/wiki/Honda_XRV750","/wiki/Honda_Deauville","/wiki/Honda_NT650","/wiki/Honda_NX250","/wiki/Honda_Pacific_Coast","/wiki/Honda_TLR200","/wiki/Honda_Valkyrie","/wiki/Honda_X4","/wiki/Honda_NH_series","/wiki/Honda_Big_Ruckus","/wiki/Honda_Dio","/wiki/Honda_Elite","/wiki/Honda_Express","/wiki/Honda_CN250","/wiki/Honda_Juno","/wiki/Honda_CHF50","/wiki/Honda_Motocompo","/wiki/Honda_NH_series","/wiki/Honda_NSS250","/wiki/Honda_Spree","/wiki/Honda_Zoomer","/wiki/Honda_Silver_Wing_(scooter)","/wiki/Honda_Vision","/wiki/Honda_Ape","/wiki/Honda_CT_series","/wiki/Honda_Cub_F","/wiki/Honda_Super_Cub","/wiki/Honda_Gyro","/wiki/Honda_NC700D_Integra","/wiki/Honda_CT50_Motra","/wiki/Honda_P50","/wiki/Honda_PA50","/wiki/Honda_PC50","/wiki/Honda_ST_series_(minibike)","/wiki/Honda_Wave_series","/wiki/Honda_Z_series","/wiki/List_of_Honda_engines","/wiki/Honda_A_engine","/wiki/Honda_B_engine","/wiki/Honda_B20A_engine","/wiki/Honda_C_engine","/wiki/CVCC","/wiki/Honda_D_engine","/wiki/Honda_E_engine","/wiki/Honda_E07A_engine","/wiki/Honda_F_engine","/wiki/Honda_F20C_engine","/wiki/Honda_G_engine","/wiki/Honda_H_engine","/wiki/Honda_J_engine","/wiki/Honda_K_engine","/wiki/Honda_L_engine","/wiki/Circle_L_engine","/wiki/Honda_N_engine","/wiki/Honda_P_engine","/wiki/Honda_R_engine","/wiki/GE_Honda_HF120","/wiki/VTEC","/wiki/Honda_L_engine","/wiki/Honda_E_series","/wiki/Honda_P_series","/wiki/ASIMO","/wiki/Soichiro_Honda","/wiki/Takeo_Fujisawa","/wiki/Nobuhiko_Kawamoto","/wiki/Takeo_Fukui","/wiki/Tadao_Baba","/wiki/Honda_Collection_Hall","/wiki/Honda_F.C.","/wiki/Keihin_Corporation","/wiki/Showa_Corporation","/w/index.php?title=Nippon_Seiki&action=edit&redlink=1","//upload.wikimedia.org/wikipedia/en/thumb/4/48/Folder_Hexagonal_Icon.svg/16px-Folder_Hexagonal_Icon.svg.png","/wiki/Category:Honda","//upload.wikimedia.org/wikipedia/en/thumb/4/4a/Commons-logo.svg/12px-Commons-logo.svg.png","//commons.wikimedia.org/wiki/Category:Honda","/wiki/Template:Honda_vehicles_timeline_(North_America)","/wiki/Template_talk:Honda_vehicles_timeline_(North_America)","//en.wikipedia.org/w/index.php?title=Template:Honda_vehicles_timeline_(North_America)&action=edit","/wiki/Subcompact_car","/wiki/Honda_Insight","/wiki/Honda_Civic_(second_generation)","/wiki/Honda_Civic_(third_generation)","/wiki/Honda_Civic_(fourth_generation)","/wiki/Honda_Civic_(fifth_generation)","/wiki/Honda_Civic_(sixth_generation)","/wiki/Honda_Fit","/wiki/Honda_Fit","/wiki/Compact_car","/wiki/Honda_Insight","/wiki/Honda_Accord","/wiki/Honda_Accord","/wiki/Honda_Accord","/wiki/Honda_Accord","/wiki/Honda_Civic_(seventh_generation)","/wiki/Honda_Civic_(eighth_generation)","/wiki/Honda_Civic_(ninth_generation)","/wiki/Mid-size_car","/wiki/Honda_Accord","/wiki/Honda_Accord","/wiki/Honda_Accord_(North_America_seventh_generation)","/wiki/Honda_Accord_(North_America_eighth_generation)","/wiki/Honda_Accord#Ninth_generation_.282013.E2.80.93present.29","/wiki/Full-size_car","/wiki/Honda_Accord_(North_America_eighth_generation)","/wiki/Honda_Accord#Ninth_generation_.282013.E2.80.93present.29.29","/wiki/Honda_Accord_(North_America_eighth_generation)","/wiki/Coupe","/wiki/Honda_Prelude","/wiki/Honda_Prelude","/wiki/Honda_Prelude","/wiki/Honda_Prelude","/wiki/Honda_Prelude","/wiki/Sport_compact","/wiki/Honda_CR-X","/wiki/Honda_CR-X","/wiki/Honda_CR-X_del_Sol","/wiki/Honda_CR-Z","/wiki/Sports_car","/wiki/Honda_S2000","/wiki/Sport_utility_vehicle","/wiki/Honda_Element","/wiki/Honda_CR-V","/wiki/Honda_CR-V","/wiki/Honda_CR-V","/wiki/Honda_CR-V","/wiki/Honda_Passport","/wiki/Honda_Passport","/wiki/Honda_Pilot","/wiki/Honda_Pilot","/wiki/Pickup_truck","/wiki/Honda_Ridgeline","/wiki/Minivan","/wiki/Honda_Odyssey_(North_America)","/wiki/Honda_Odyssey_(North_America)","/wiki/Honda_Odyssey_(North_America)","/wiki/Honda_Odyssey_(North_America)","/wiki/Template:Honda_motorcycles","/wiki/Template_talk:Honda_motorcycles","//en.wikipedia.org/w/index.php?title=Template:Honda_motorcycles&action=edit","/wiki/Template:Honda_motorcycles_(1980s)","/wiki/List_of_Honda_motorcycles","/wiki/Honda_Racing_Corporation","/wiki/Repsol_Honda","/wiki/Types_of_motorcycle","/wiki/Honda_CG125","/wiki/Honda_CBF125","/wiki/Honda_CMX250C","/wiki/Honda_CMX250C","/wiki/Honda_VTR250","/wiki/Honda_VTR250","/wiki/Honda_CB500_twin","/wiki/Honda_CBF500","/wiki/Honda_CBF600","/wiki/Honda_CB750","/wiki/Honda_CBF1000","/wiki/Honda_CBF1000","/wiki/Honda_CB-1","/wiki/Honda_CB400_Super_Four","/wiki/Honda_CB600F","/wiki/Honda_CB900F","/wiki/Honda_CB1000R","/wiki/Honda_CB1100F","/wiki/Honda_X11","/wiki/Honda_NC700","/wiki/Types_of_motorcycle","/wiki/Honda_NSR125","/wiki/Honda_CBR125R","/wiki/Honda_CBR250","/wiki/Honda_CBR250R_(2011)","/wiki/Honda_CBR600F","/wiki/Honda_CBR600F2","/wiki/Honda_CBR600F3","/wiki/Honda_CBR600F4","/wiki/Honda_CBR600F4i","/wiki/Honda_CBR600F","/wiki/Honda_CBR600RR","/wiki/Honda_CBR900RR","/w/index.php?title=Honda_CBR919RR&action=edit&redlink=1","/wiki/Honda_CBR929RR","/wiki/Honda_CBR954RR","/wiki/Honda_CBR1000RR","/wiki/Honda_RC51","/wiki/Honda_VTR1000F","/wiki/Honda_CBR1000F","/wiki/Honda_CBR1100XX","/wiki/Types_of_motorcycle","/wiki/Honda_VFR750F","/wiki/Honda_VFR800","/wiki/Honda_VFR1200F","/wiki/Honda_Deauville","/wiki/Honda_Deauville","/wiki/Honda_ST1100","/wiki/Honda_ST1300","/wiki/Honda_Gold_Wing","/wiki/Types_of_motorcycle","/wiki/Honda_NX250","/wiki/Honda_NX650_Dominator","/wiki/Honda_XL125V_Varadero","/wiki/Honda_Transalp","/wiki/Honda_XRV750","/wiki/Honda_XL1000V_Varadero","/wiki/Honda_Crossrunner","/wiki/Honda_Crosstourer","/wiki/Template:Automotive_industry_in_Japan","/wiki/Template_talk:Automotive_industry_in_Japan","//en.wikipedia.org/w/index.php?title=Template:Automotive_industry_in_Japan&action=edit","/wiki/Japan","//upload.wikimedia.org/wikipedia/en/thumb/9/9e/Flag_of_Japan.svg/22px-Flag_of_Japan.svg.png","/wiki/Automotive_industry_in_Japan","/wiki/Category:Automotive_companies_of_Japan","/wiki/Aisin_Seiki_Co.","/wiki/Bridgestone","/wiki/Calsonic_Kansei","/wiki/Clarion_Co.,_Ltd.","/wiki/Denso","/wiki/Fujitsu_Ten","/wiki/GS_Yuasa","/wiki/Hitachi","/wiki/HKS_(company)","/wiki/IHI_Corporation","/wiki/Jatco","/wiki/JECS","/wiki/JTEKT","/wiki/Mikuni_(company)","/wiki/NGK","/wiki/Sumitomo_Rubber_Industries","/wiki/Toyo_Tire_%26_Rubber_Company","/wiki/Toyota_Boshoku","/wiki/Tsubakimoto_Chain","/wiki/Yokohama_Rubber_Company","/wiki/Yazaki","/wiki/Zexel","/wiki/Autech","/wiki/Dome_(constructor)","/wiki/GReddy","/wiki/HKS_(company)","/wiki/Impul","/wiki/JUN","/wiki/Kojima_Engineering","/wiki/Mazdaspeed","/wiki/Mine%27s","/wiki/Mugen_Motorsports","/wiki/Nismo","/wiki/RE_Amemiya","/wiki/SARD","/wiki/Spoon_Sports","/wiki/Subaru_Tecnica_International","/wiki/Tommy_Kaira","/wiki/TOM%27S","/wiki/Toyota_Racing_Development","/wiki/Veilside","/wiki/Autobacs_Seven","/wiki/Tokyo_Trading","/wiki/List_of_automobile_manufacturers_of_Japan","/wiki/Autobacs_Seven_Co.#ASL","/wiki/Daihatsu","/wiki/Duesen_Bayern","/wiki/Acura","/wiki/Isuzu_Motors","/wiki/Kawasaki_Heavy_Industries","/wiki/Mitsuoka","/wiki/Mazda","/wiki/Amati_Cars","/wiki/Autozam","/wiki/%E1%BA%BCfini","/wiki/Eunos_(automobile)","/wiki/M2_(Mazda)","/wiki/Mazda_Xedos","/wiki/Mitsubishi_Fuso_Truck_and_Bus_Corporation","/wiki/Mitsubishi_Motors","/wiki/Nissan_Motors","/wiki/Datsun","/wiki/Infiniti","/wiki/Prince_Motor_Company","/wiki/Tama_Electric_Car_Company","/wiki/UD_Trucks","/wiki/Otomo_(automobile)","/wiki/Fuji_Heavy_Industries","/w/index.php?title=Blitzen_(Fuji_Heavy_Industries)&action=edit&redlink=1","/wiki/Subaru","/wiki/Suzuki","/wiki/Hope_Motor_Company","/wiki/Toyota","/wiki/Hino_Motors","/wiki/Lexus","/wiki/Scion_(automobile)","/wiki/WiLL","/wiki/Yamaha_Motor_Company","/wiki/Japan_Automobile_Manufacturers_Association","/wiki/Tokyo_Motor_Show","/wiki/Japanese_used_vehicle_exporting","//upload.wikimedia.org/wikipedia/en/thumb/4/48/Folder_Hexagonal_Icon.svg/16px-Folder_Hexagonal_Icon.svg.png","/wiki/Category:Automotive_industry_in_Japan","/wiki/Template:Major_Japanese_motorcycle_manufacturers","/wiki/Template_talk:Major_Japanese_motorcycle_manufacturers","//en.wikipedia.org/w/index.php?title=Template:Major_Japanese_motorcycle_manufacturers&action=edit","/wiki/Japan","/wiki/Brand","/wiki/Kawasaki_motorcycles","/wiki/Suzuki","/wiki/Yamaha_Motor_Company","/w/index.php?title=Abe_(1928%7E31)&action=edit&redlink=1","/w/index.php?title=Abe_Star_(1930%7E59)&action=edit&redlink=1","/w/index.php?title=Ace_(Japanese_company)&action=edit&redlink=1","/w/index.php?title=Aero_(motorcycles)&action=edit&redlink=1","/w/index.php?title=Aikoku&action=edit&redlink=1","/w/index.php?title=Aichi_Kikai&action=edit&redlink=1","/w/index.php?title=Aioi_(c.1950s)&action=edit&redlink=1","/w/index.php?title=Aisan_(c._1950)&action=edit&redlink=1","/w/index.php?title=Aiwa_Motor&action=edit&redlink=1","/w/index.php?title=Akebono_(1953)&action=edit&redlink=1","/w/index.php?title=Akitsu_(c.1950s)&action=edit&redlink=1","/w/index.php?title=All_Nations_(c.1950s)&action=edit&redlink=1","/w/index.php?title=Amano_(c.1950s)&action=edit&redlink=1","/w/index.php?title=Miyata_Seisakusho&action=edit&redlink=1","/w/index.php?title=BF_Motor&action=edit&redlink=1","/w/index.php?title=BIM_(motorcycles)&action=edit&redlink=1","/w/index.php?title=Blue_Bird_(motorcycles)&action=edit&redlink=1","/w/index.php?title=BM_(motorcycles)&action=edit&redlink=1","/wiki/Bridgestone","/wiki/Brother_Industries","/w/index.php?title=Cabton&action=edit&redlink=1","/w/index.php?title=Center_(company)&action=edit&redlink=1","/w/index.php?title=Chiyoda_(motorcycles)&action=edit&redlink=1","/wiki/Daihatsu","/wiki/Fuji_Heavy_Industries","/wiki/Fujitsubo","/w/index.php?title=Hirano_Siezakusho&action=edit&redlink=1","/wiki/Hodaka","/w/index.php?title=Hosk&action=edit&redlink=1","/w/index.php?title=Hyogo_HMC&action=edit&redlink=1","/w/index.php?title=Asahi_Nainenki&action=edit&redlink=1","/w/index.php?title=Nippon_Jidosha&action=edit&redlink=1","/w/index.php?title=Kyoho_Automobile&action=edit&redlink=1","/w/index.php?title=Lilac_Company&action=edit&redlink=1","/wiki/Marusho","/wiki/Mazda","/wiki/Meguro_(motorcycle)","/wiki/Mitsubishi_Heavy_Industries","/wiki/Miyata","/wiki/Mitsubishi_Mizushima","/w/index.php?title=Narazo_Shimazu&action=edit&redlink=1","/w/index.php?title=Nippon_Jidosha&action=edit&redlink=1","/wiki/Rikuo_Motorcycle","/wiki/ShinMaywa","/w/index.php?title=Showa_Fujiya&action=edit&redlink=1","/wiki/Tohatsu","/w/index.php?title=Yamaguchi_Motorcycle_Company&action=edit&redlink=1","/wiki/Template:TOPIX_100","/wiki/Template_talk:TOPIX_100","//en.wikipedia.org/w/index.php?title=Template:TOPIX_100&action=edit","/wiki/Japan","//upload.wikimedia.org/wikipedia/en/thumb/9/9e/Flag_of_Japan.svg/22px-Flag_of_Japan.svg.png","/wiki/TOPIX","/wiki/Japan","/wiki/Seven_%26_I_Holdings_Co.","/wiki/Astellas_Pharma","/wiki/Canon_Inc.","/wiki/FANUC","/wiki/East_Japan_Railway_Company","/wiki/Japan_Tobacco","/wiki/KDDI","/wiki/Kansai_Electric_Power_Company","/wiki/Komatsu_Limited","/wiki/Mitsubishi_Corporation","/wiki/Mitsubishi_Estate_Co.","/wiki/Mitsui_%26_Co.","/wiki/Mizuho_Financial_Group","/wiki/Mitsubishi_UFJ_Financial_Group","/wiki/Nintendo","/wiki/Nippon_Steel","/wiki/Nissan_Motor_Company","/wiki/Nomura_Holdings","/wiki/Nippon_Telegraph_and_Telephone","/wiki/NTT_DoCoMo","/wiki/Panasonic","/wiki/Shin-Etsu_Chemical","/wiki/SoftBank","/wiki/Sony","/wiki/Sumitomo_Mitsui_Financial_Group","/wiki/Takeda_Pharmaceutical_Company","/wiki/Tokio_Marine","/wiki/Toshiba","/wiki/Toyota","/wiki/%C3%86on_(company)","/wiki/All_Nippon_Airways","/wiki/Asahi_Glass_Co.","/wiki/Asahi_Kasei","/wiki/Bank_of_Yokohama","/wiki/Bridgestone","/wiki/Chubu_Electric_Power","/wiki/Dai-ichi_Life","/wiki/Daiichi_Sankyo","/wiki/Daikin","/wiki/Daiwa_House","/wiki/Daiwa_Securities_Group","/wiki/Denso","/wiki/Dai_Nippon_Printing","/wiki/Eisai_(company)","/wiki/Fast_Retailing","/wiki/Fujifilm","/wiki/Fujitsu","/wiki/Hitachi","/wiki/Hoya_Corporation","/wiki/Inpex","/wiki/Itochu","/wiki/Central_Japan_Railway_Company","/wiki/West_Japan_Railway_Company","/wiki/JFE_Holdings","/wiki/JX_Holdings","/wiki/Kao_Corporation","/wiki/Keyence","/wiki/Kirin_Brewery_Company","/wiki/Kobe_Steel","/wiki/Kubota","/wiki/Kyocera","/wiki/Kyushu_Electric_Power","/wiki/Marubeni","/wiki/Mitsubishi_Chemical_Holdings","/wiki/Mitsubishi_Electric","/wiki/Mitsubishi_Heavy_Industries","/wiki/Mitsui_Fudosan","/wiki/MS%26AD_Insurance_Group","/wiki/Murata_Manufacturing","/wiki/NEC","/wiki/Nidec","/wiki/Nikon","/wiki/Nitto_Denko","/wiki/NKSJ","/wiki/Orix","/wiki/Resona_Holdings","/wiki/Ricoh","/wiki/Rohm","/wiki/Secom","/wiki/Sekisui_House","/wiki/Sharp_Corporation","/wiki/Shiseido","/wiki/SMC_Corporation","/wiki/Sumitomo_Chemical","/wiki/Sumitomo_Corporation","/wiki/Sumitomo_Electric_Industries","/wiki/Sumitomo_Group","/wiki/Sumitomo_Metal_Industries","/wiki/Sumitomo_Mitsui_Trust_Holdings","/wiki/Sumitomo_Group","/wiki/Suzuki","/wiki/T%26D_Holdings","/wiki/TDK","/wiki/Tokyo_Electric_Power_Company","/wiki/Tohoku_Electric_Power","/wiki/Tokyo_Electron","/wiki/Tokyo_Gas","/wiki/Toray_Industries","/wiki/Yamada_Denki","/wiki/Template:Nikkei_225","/wiki/Template_talk:Nikkei_225","//en.wikipedia.org/w/index.php?title=Template:Nikkei_225&action=edit","/wiki/Japan","//upload.wikimedia.org/wikipedia/en/thumb/9/9e/Flag_of_Japan.svg/22px-Flag_of_Japan.svg.png","/wiki/Nikkei_225","/wiki/Japan","/wiki/Seven_%26_I_Holdings_Co.","/wiki/Advantest","/wiki/%C3%86on_(company)","/wiki/Asahi_Glass_Co.","/wiki/Ajinomoto","/wiki/Alps_Electric","/wiki/All_Nippon_Airways","/wiki/Amada_Co","/wiki/Aozora_Bank","/wiki/Asahi_Breweries","/wiki/Asahi_Kasei","/wiki/Astellas_Pharma","/wiki/Bank_of_Yokohama","/wiki/Bridgestone","/wiki/Canon_Inc.","/wiki/Casio","/wiki/Chiba_Bank","/wiki/Chiyoda_Corporation","/wiki/Chubu_Electric_Power","/wiki/Chugai_Pharmaceutical_Co.","/wiki/Citizen_Holdings","/wiki/Comsys","/wiki/Credit_Saison","/wiki/Dai-ichi_Life","/wiki/Daiichi_Sankyo","/wiki/Daikin","/w/index.php?title=Dainippon_Screen&action=edit&redlink=1","/wiki/Dainippon_Sumitomo_Pharma","/wiki/Daiwa_House","/wiki/Daiwa_Securities_Group","/wiki/Denki_Kagaku_Kogyo","/wiki/Denso","/wiki/Dentsu","/wiki/Dai_Nippon_Printing","/wiki/Dowa_Holdings","/w/index.php?title=Dynic_Corporation&action=edit&redlink=1","/wiki/Ebara_Corporation","/wiki/Eisai_(company)","/wiki/FANUC","/wiki/Fast_Retailing","/wiki/Fuji_Electric","/wiki/Fuji_Heavy_Industries","/wiki/Fujifilm","/wiki/Fujikura","/wiki/Fujitsu","/wiki/Fukuoka_Financial_Group","/wiki/Furukawa_Group","/wiki/Furukawa_Electric","/wiki/GS_Yuasa","/wiki/Heiwa_Real_Estate","/wiki/Hino_Motors","/wiki/Hitachi","/wiki/Hitachi_Construction_Machinery","/wiki/Hitachi_Zosen_Corporation","/wiki/Hokuetsu_Paper_Mills","/wiki/IHI_Corporation","/wiki/Inpex","/wiki/Isetan_Mitsukoshi_Holdings","/wiki/Isuzu_Motors","/wiki/Itochu","/wiki/JFE_Holdings","/wiki/J._Front_Retailing","/wiki/JGC_Corporation","/wiki/Central_Japan_Railway_Company","/wiki/East_Japan_Railway_Company","/wiki/West_Japan_Railway_Company","/wiki/Japan_Steel_Works","/wiki/Japan_Tobacco","/wiki/JTEKT","/wiki/JX_Holdings","/wiki/Kajima","/wiki/Kansai_Electric_Power_Company","/wiki/Kao_Corporation","/wiki/Kawasaki_Heavy_Industries","/wiki/KDDI","/wiki/Keio_Corporation","/wiki/Keisei_Electric_Railway","/wiki/Kikkoman","/wiki/Kirin_Brewery_Company","/wiki/K_Line","/wiki/Kobe_Steel","/wiki/Komatsu_Limited","/wiki/Konami","/wiki/Konica_Minolta","/wiki/Kubota","/wiki/Kuraray","/wiki/Kyocera","/wiki/Kyowa_Hakko_Kirin","/wiki/Marubeni","/wiki/Maruha_Nichiro","/wiki/Marui","/wiki/Matsui_Securities","/wiki/Mazda","/wiki/Meidensha","/wiki/Meiji_Holdings","/wiki/Mitsui_Engineering_%26_Shipbuilding","/wiki/Minebea","/wiki/Mitsubishi_Chemical_Holdings","/wiki/Mitsubishi_Corporation","/wiki/Mitsubishi_Electric","/wiki/Mitsubishi_Estate","/wiki/Mitsubishi_Heavy_Industries","/wiki/Mitsubishi_Logistics","/wiki/Mitsubishi_Materials","/wiki/Mitsubishi_Motors","/wiki/Mitsubishi_Paper_Mills","/wiki/Mitsui_%26_Co.","/wiki/Mitsui_Chemicals","/wiki/Mitsui_Fudosan","/wiki/Mitsui","/wiki/Mitsumi","/wiki/Mizuho_Financial_Group","/wiki/Mitsui_O.S.K._Lines","/wiki/MS%26AD_Insurance_Group","/wiki/Mitsubishi_UFJ_Financial_Group","/wiki/NEC","/wiki/Nippon_Electric_Glass","/wiki/NGK_Insulators","/wiki/Nichirei","/wiki/Nikon","/wiki/Nippon_Express","/wiki/Nippon_Kayaku","/wiki/Nippon_Light_Metal","/wiki/Nippon_Ham","/wiki/Nippon_Paper_Group","/wiki/Nippon_Soda_Co.,_Ltd.","/wiki/Nippon_Steel","/wiki/Nippon_Suisan_Kaisha","/wiki/Nissan_Motor_Company","/wiki/Nissan_Chemical_Industries","/wiki/Nisshin_Seifun_Group","/wiki/Nisshin_Steel","/wiki/Nisshinbo_Industries","/wiki/Nitto_Boseki","/wiki/NKSJ","/wiki/Nomura_Holdings","/wiki/Nippon_Sheet_Glass","/wiki/NSK_Ltd.","/wiki/NTN_Corporation","/wiki/Nippon_Telegraph_and_Telephone","/wiki/NTT_Data","/wiki/NTT_DoCoMo","/wiki/Nippon_Yusen","/wiki/Obayashi_Corporation","/wiki/Odakyu_Electric_Railway","/wiki/Oji_Paper_Company","/wiki/Oki_Electric_Industry","/wiki/Okuma_Corporation","/wiki/Olympus_Corporation","/wiki/Osaka_Gas","/wiki/Pacific_Metals","/wiki/Panasonic","/wiki/Pioneer_Corporation","/wiki/Resona_Holdings","/wiki/Ricoh","/wiki/Sapporo_Brewery","/wiki/Secom","/wiki/Sekisui_House","/wiki/Sharp_Corporation","/wiki/Shimizu_Corporation","/wiki/Shin-Etsu_Chemical","/wiki/Shinsei_Bank","/wiki/Shionogi","/wiki/Shiseido","/wiki/Shizuoka_Bank","/wiki/Showa_Denko","/wiki/Royal_Dutch_Shell","/wiki/SKY_Perfect_JSAT_Group","/wiki/SoftBank","/wiki/Sojitz","/wiki/Sony","/wiki/Sony_Financial","/wiki/SUMCO","/wiki/Sumitomo_Chemical","/wiki/Sumitomo_Corporation","/wiki/Sumitomo_Electric_Industries","/wiki/Sumitomo_Heavy_Industries","/wiki/Sumitomo_Metal_Industries","/wiki/Sumitomo_Group","/wiki/Sumitomo_Mitsui_Financial_Group","/wiki/Sumitomo_Mitsui_Trust_Holdings","/wiki/Sumitomo_Group","/wiki/Sumitomo_Group","/wiki/Suzuki","/wiki/T%26D_Holdings","/wiki/Taiheiyo_Cement","/wiki/Taisei_Corporation","/wiki/Taiyo_Yuden","/wiki/Takara_Holdings","/wiki/Takashimaya","/wiki/Takeda_Pharmaceutical_Company","/wiki/TDK","/wiki/Teijin","/wiki/Tokyo_Electric_Power_Company","/wiki/Terumo","/wiki/Tobu_Railway","/wiki/Toho","/wiki/Toho_Zinc","/wiki/Tokai_Carbon","/wiki/Toyo_Seikan_Kaisha","/wiki/Tokio_Marine","/wiki/Tokyo_Dome","/wiki/Tokyo_Electron","/wiki/Tokyo_Gas","/w/index.php?title=Tokyo_Tatemono&action=edit&redlink=1","/wiki/Tokyu_Corporation","/wiki/Tokyu_Land","/wiki/Toppan","/wiki/Toray_Industries","/wiki/Toshiba","/wiki/Tosoh","/wiki/Toto_Ltd.","/wiki/Toyobo","/wiki/Toyota","/wiki/Toyota_Tsusho","/wiki/Trend_Micro","/wiki/Ube_Industries","/wiki/Unitika","/wiki/Uny","/wiki/Yahoo!_Japan","/wiki/Yamaha_Corporation","/wiki/Yamato_Transport","/wiki/Yaskawa_Electric_Corporation","/wiki/Yokogawa_Electric","/wiki/Yokohama_Rubber_Company","http://en.wikipedia.org/w/index.php?title=Honda&oldid=546090663","/wiki/Help:Categories","/wiki/Category:TOPIX_100","/wiki/Category:Nikkei_225","/wiki/Category:Companies_listed_on_the_Tokyo_Stock_Exchange","/wiki/Category:Companies_listed_on_the_New_York_Stock_Exchange","/wiki/Category:Honda","/wiki/Category:Automotive_companies_of_Japan","/wiki/Category:Boat_builders","/wiki/Category:Car_manufacturers_of_Japan","/wiki/Category:Companies_based_in_Tokyo","/wiki/Category:Companies_established_in_1948","/wiki/Category:Lawn_and_garden_tractors","/wiki/Category:Moped_manufacturers","/wiki/Category:Motor_vehicle_engine_manufacturers","/wiki/Category:Motor_vehicle_manufacturers_of_Japan","/wiki/Category:Motorcycle_manufacturers_of_Japan","/wiki/Category:Scooter_manufacturers","/wiki/Category:Tractor_manufacturers_of_Japan","/wiki/Category:Truck_manufacturers","/wiki/Category:Marine_engine_manufacturers","/wiki/Category:Indy_Racing_League_engine_manufacturers","/wiki/Category:1948_establishments_in_Japan","/wiki/Category:Articles_with_inconsistent_citation_formats","/wiki/Category:All_articles_with_dead_external_links","/wiki/Category:Articles_with_dead_external_links_from_September_2010","/wiki/Category:Articles_with_dead_external_links_from_April_2011","/wiki/Category:All_accuracy_disputes","/wiki/Category:Articles_with_disputed_statements_from_November_2010","/wiki/Category:Use_dmy_dates_from_March_2013","/wiki/Category:Wikipedia_indefinitely_move-protected_pages","/wiki/Category:Articles_containing_Japanese_language_text","/wiki/Category:Articles_containing_potentially_dated_statements_from_August_2008","/wiki/Category:All_articles_containing_potentially_dated_statements","/wiki/Category:Articles_to_be_expanded_from_April_2009","/wiki/Category:All_articles_to_be_expanded","/wiki/Category:All_articles_with_unsourced_statements","/wiki/Category:Articles_with_unsourced_statements_from_June_2011","/wiki/Category:Articles_with_unsourced_statements_from_December_2009","/wiki/Category:All_articles_with_specifically_marked_weasel-worded_phrases","/wiki/Category:Articles_with_specifically_marked_weasel-worded_phrases_from_July_2009","/wiki/Category:Articles_with_unsourced_statements_from_August_2012","/wiki/Category:Articles_needing_additional_references_from_December_2011","/wiki/Category:All_articles_needing_additional_references","/w/index.php?title=Special:UserLogin&returnto=Honda&type=signup","/w/index.php?title=Special:UserLogin&returnto=Honda","/wiki/Honda","/wiki/Talk:Honda","#","/wiki/Honda","/w/index.php?title=Honda&action=edit","/w/index.php?title=Honda&action=history","#","/w/index.php","//bits.wikimedia.org/static-1.21wmf11/skins/vector/images/search-ltr.png?303-4","/wiki/Main_Page","/wiki/Main_Page","/wiki/Portal:Contents","/wiki/Portal:Featured_content","/wiki/Portal:Current_events","/wiki/Special:Random","//donate.wikimedia.org/wiki/Special:FundraiserRedirector?utm_source=donate&utm_medium=sidebar&utm_campaign=C13_en.wikipedia.org&uselang=en","/wiki/Help:Contents","/wiki/Wikipedia:About","/wiki/Wikipedia:Community_portal","/wiki/Special:RecentChanges","/wiki/Wikipedia:Contact_us","/wiki/Special:WhatLinksHere/Honda","/wiki/Special:RecentChangesLinked/Honda","/wiki/Wikipedia:File_Upload_Wizard","/wiki/Special:SpecialPages","/w/index.php?title=Honda&oldid=546090663","/w/index.php?title=Honda&action=info","/w/index.php?title=Special:Cite&page=Honda&id=546090663","/w/index.php?title=Special:Book&bookcmd=book_creator&referer=Honda","/w/index.php?title=Special:Book&bookcmd=render_article&arttitle=Honda&oldid=546090663&writer=rl","/w/index.php?title=Honda&printable=yes","//als.wikipedia.org/wiki/Honda","//ar.wikipedia.org/wiki/%D9%87%D9%88%D9%86%D8%AF%D8%A7","//az.wikipedia.org/wiki/Honda","//bn.wikipedia.org/wiki/%E0%A6%B9%E0%A7%8B%E0%A6%A8%E0%A7%8D%E0%A6%A6%E0%A6%BE","//be.wikipedia.org/wiki/Honda","//be-x-old.wikipedia.org/wiki/Honda","//bg.wikipedia.org/wiki/%D0%A5%D0%BE%D0%BD%D0%B4%D0%B0","//br.wikipedia.org/wiki/Honda","//ca.wikipedia.org/wiki/Honda","//cs.wikipedia.org/wiki/Honda","//da.wikipedia.org/wiki/Honda","//de.wikipedia.org/wiki/Honda","//et.wikipedia.org/wiki/Honda","//es.wikipedia.org/wiki/Honda","//eo.wikipedia.org/wiki/Honda","//eu.wikipedia.org/wiki/Honda","//fa.wikipedia.org/wiki/%D9%87%D9%88%D9%86%D8%AF%D8%A7","//fr.wikipedia.org/wiki/Honda","//gl.wikipedia.org/wiki/Honda","//ko.wikipedia.org/wiki/%ED%98%BC%EB%8B%A4_%EA%B8%B0%EC%97%B0_%EA%B3%B5%EC%97%85","//hy.wikipedia.org/wiki/%D5%80%D5%B8%D5%B6%D5%A4%D5%A1","//hi.wikipedia.org/wiki/%E0%A4%B9%E0%A5%8B%E0%A4%82%E0%A4%A1%E0%A4%BE","//hr.wikipedia.org/wiki/Honda","//id.wikipedia.org/wiki/Honda","//it.wikipedia.org/wiki/Honda","//he.wikipedia.org/wiki/%D7%94%D7%95%D7%A0%D7%93%D7%94","//jv.wikipedia.org/wiki/Honda","//kk.wikipedia.org/wiki/Honda","//ky.wikipedia.org/wiki/Honda","//la.wikipedia.org/wiki/Honda","//lv.wikipedia.org/wiki/Honda","//lt.wikipedia.org/wiki/Honda","//hu.wikipedia.org/wiki/Honda","//mk.wikipedia.org/wiki/%D0%A5%D0%BE%D0%BD%D0%B4%D0%B0","//mr.wikipedia.org/wiki/%E0%A4%B9%E0%A5%89%E0%A4%A8%E0%A5%8D%E0%A4%A1%E0%A4%BE_%E0%A4%AE%E0%A5%8B%E0%A4%9F%E0%A4%B0_%E0%A4%95%E0%A4%82%E0%A4%AA%E0%A4%A8%E0%A5%80","//ms.wikipedia.org/wiki/Honda","//my.wikipedia.org/wiki/%E1%80%9F%E1%80%BD%E1%80%94%E1%80%BA%E1%80%92%E1%80%AB_%E1%80%99%E1%80%B1%E1%80%AC%E1%80%BA%E1%80%90%E1%80%B1%E1%80%AC%E1%80%BA%E1%80%80%E1%80%AC%E1%80%B8_%E1%80%80%E1%80%AF%E1%80%99%E1%80%B9%E1%80%95%E1%80%8F%E1%80%AE","//nah.wikipedia.org/wiki/Honda","//nl.wikipedia.org/wiki/Honda","//ja.wikipedia.org/wiki/%E6%9C%AC%E7%94%B0%E6%8A%80%E7%A0%94%E5%B7%A5%E6%A5%AD","//no.wikipedia.org/wiki/Honda","//nn.wikipedia.org/wiki/Honda","//pnb.wikipedia.org/wiki/%DB%81%D9%86%DA%88%D8%A7","//pl.wikipedia.org/wiki/Honda","//pt.wikipedia.org/wiki/Honda","//ro.wikipedia.org/wiki/Honda","//ru.wikipedia.org/wiki/Honda","//sah.wikipedia.org/wiki/Honda","//sco.wikipedia.org/wiki/Honda","//sq.wikipedia.org/wiki/Honda","//simple.wikipedia.org/wiki/Honda","//sk.wikipedia.org/wiki/Honda_giken_k%C3%B3gj%C3%B3","//sl.wikipedia.org/wiki/Honda","//sr.wikipedia.org/wiki/%D0%A5%D0%BE%D0%BD%D0%B4%D0%B0","//su.wikipedia.org/wiki/Honda","//fi.wikipedia.org/wiki/Honda","//sv.wikipedia.org/wiki/Honda","//ta.wikipedia.org/wiki/%E0%AE%B9%E0%AF%8B%E0%AE%A3%E0%AF%8D%E0%AE%9F%E0%AE%BE","//te.wikipedia.org/wiki/%E0%B0%B9%E0%B1%8B%E0%B0%82%E0%B0%A1%E0%B0%BE","//th.wikipedia.org/wiki/%E0%B8%AE%E0%B8%AD%E0%B8%99%E0%B8%94%E0%B9%89%E0%B8%B2","//tr.wikipedia.org/wiki/Honda","//uk.wikipedia.org/wiki/Honda","//ur.wikipedia.org/wiki/%DB%81%D9%86%DA%88%D8%A7","//vi.wikipedia.org/wiki/Honda","//zh-yue.wikipedia.org/wiki/%E6%9C%AC%E7%94%B0","//diq.wikipedia.org/wiki/Honda","//zh.wikipedia.org/wiki/%E6%9C%AC%E7%94%B0%E6%8A%80%E7%A0%94%E5%B7%A5%E4%B8%9A","//www.wikidata.org/wiki/Special:ItemByTitle/enwiki/Honda","//en.wikipedia.org/wiki/Wikipedia:Text_of_Creative_Commons_Attribution-ShareAlike_3.0_Unported_License","//creativecommons.org/licenses/by-sa/3.0/","//wikimediafoundation.org/wiki/Terms_of_Use","//www.wikimediafoundation.org/","//en.wikipedia.org/wiki/Wikipedia:Contact_us","//wikimediafoundation.org/wiki/Privacy_policy","/wiki/Wikipedia:About","/wiki/Wikipedia:General_disclaimer","http://en.m.wikipedia.org/wiki/Honda","//wikimediafoundation.org/","//bits.wikimedia.org/images/wikimedia-button.png","//www.mediawiki.org/","//bits.wikimedia.org/static-1.21wmf11/skins/common/images/poweredby_mediawiki_88x31.png","//bits.wikimedia.org/en.wikipedia.org/load.php?debug=false&lang=en&modules=skins.vector&only=scripts&skin=vector&*","/w/index.php?title=MediaWiki:Gadget-ReferenceTooltips.js&action=raw&ctype=text/javascript&508635914","//bits.wikimedia.org/en.wikipedia.org/load.php?debug=false&lang=en&modules=site&only=scripts&skin=vector&*"],"instances":["paper","engine","automobile","china_company","racing_team","the_quest","beverage","motorcycle","international","japan_and_europe_seventh_generation"],"pdf":["http://oica.net/wp-content/uploads/ranking.pdf","http://oica.net/wp-content/uploads/ranking.pdf","http://www.toyota.com/about/our_business/our_history/product_history/pdf/corolla.pdf","http://www.toyota.com/about/our_business/our_history/product_history/pdf/corolla.pdf","http://www.world.honda.com/investors/annualreport/2007/pdf/ar2007.pdf","http://www.world.honda.com/investors/annualreport/2010/pdf/honda2010ar-all-e.pdf","http://asimo.honda.com/downloads/pdf/asimo-technical-faq.pdf","http://www.epa.gov/ttnnaaqs/ozone/eac/pr051231_eac_tx_northeast.pdf","http://www.anfavea.com.br/tabelas2006/autoveiculos/tabela08_vendas.pdf","http://www.anfavea.com.br/tabelas2006/autoveiculos/tabela08_vendas.pdf","http://www.anfavea.com.br/tabelas2007/autoveiculos/tabela08_vendas.pdf","http://www.anfavea.com.br/tabelas2007/autoveiculos/tabela08_vendas.pdf","http://www.anfavea.com.br/tabelas2008/autoveiculos/tabela08_vendas.pdf","http://www.anfavea.com.br/tabelas2008/autoveiculos/tabela08_vendas.pdf"],"categories":["Companies listed on the Tokyo Stock Exchange","Companies listed on the New York Stock Exchange","Articles with inconsistent citation formats","Honda|","Automotive companies of Japan","Boat builders","Car manufacturers of Japan","Companies based in Tokyo","Companies established in 1948","Lawn and garden tractors","Moped manufacturers","Motor vehicle engine manufacturers","Motor vehicle manufacturers of Japan","Motorcycle manufacturers of Japan","Scooter manufacturers","Tractor manufacturers of Japan","Truck manufacturers","Marine engine manufacturers","Indy Racing League engine manufacturers","1948 establishments in Japan"],"headings":["History","Corporate profile and divisions","Leadership","Products","Motorsports","Electric and alternative fuel vehicles","Marketing","Facilities (partial list)","Mainstream models","Sales","See also","Notes","References","External links"],"image":["//upload.wikimedia.org/wikipedia/commons/thumb/0/09/Honda-logo.svg/300px-Honda-logo.svg.png","//upload.wikimedia.org/wikipedia/commons/thumb/e/ed/Decrease2.svg/11px-Decrease2.svg.png","//upload.wikimedia.org/wikipedia/commons/thumb/e/ed/Decrease2.svg/11px-Decrease2.svg.png","//upload.wikimedia.org/wikipedia/commons/thumb/e/ed/Decrease2.svg/11px-Decrease2.svg.png","//upload.wikimedia.org/wikipedia/commons/thumb/b/b0/Increase2.svg/11px-Increase2.svg.png","//upload.wikimedia.org/wikipedia/commons/thumb/e/ed/Decrease2.svg/11px-Decrease2.svg.png","//upload.wikimedia.org/wikipedia/commons/thumb/2/21/Speaker_Icon.svg/13px-Speaker_Icon.svg.png","//upload.wikimedia.org/wikipedia/commons/thumb/1/1c/Wiki_letter_w_cropped.svg/20px-Wiki_letter_w_cropped.svg.png","//upload.wikimedia.org/wikipedia/commons/thumb/e/ee/Honda_aoyama.JPG/170px-Honda_aoyama.JPG","//bits.wikimedia.org/static-1.21wmf11/skins/common/images/magnify-clip.png","//upload.wikimedia.org/wikipedia/commons/thumb/2/27/Hondajazzsport.JPG/220px-Hondajazzsport.JPG","//bits.wikimedia.org/static-1.21wmf11/skins/common/images/magnify-clip.png","//upload.wikimedia.org/wikipedia/commons/thumb/4/45/2008_Honda_Accord.jpg/220px-2008_Honda_Accord.jpg","//bits.wikimedia.org/static-1.21wmf11/skins/common/images/magnify-clip.png","//upload.wikimedia.org/wikipedia/commons/thumb/0/0f/06-08_Honda_Civic_Ph.jpg/220px-06-08_Honda_Civic_Ph.jpg","//bits.wikimedia.org/static-1.21wmf11/skins/common/images/magnify-clip.png","//upload.wikimedia.org/wikipedia/commons/thumb/b/bb/2004supercub.jpg/220px-2004supercub.jpg","//bits.wikimedia.org/static-1.21wmf11/skins/common/images/magnify-clip.png","//upload.wikimedia.org/wikipedia/commons/thumb/1/1c/Wiki_letter_w_cropped.svg/20px-Wiki_letter_w_cropped.svg.png","//upload.wikimedia.org/wikipedia/en/thumb/5/53/Hondaoutboard.jpg/220px-Hondaoutboard.jpg","//bits.wikimedia.org/static-1.21wmf11/skins/common/images/magnify-clip.png","//upload.wikimedia.org/wikipedia/commons/thumb/0/05/HONDA_ASIMO.jpg/170px-HONDA_ASIMO.jpg","//bits.wikimedia.org/static-1.21wmf11/skins/common/images/magnify-clip.png","//upload.wikimedia.org/wikipedia/commons/thumb/2/22/Rubens_Barrichello_2006_Brazil.jpg/220px-Rubens_Barrichello_2006_Brazil.jpg","//bits.wikimedia.org/static-1.21wmf11/skins/common/images/magnify-clip.png","//upload.wikimedia.org/wikipedia/commons/thumb/b/bb/Dani_Pedrosa_2010_Assen.jpg/220px-Dani_Pedrosa_2010_Assen.jpg","//bits.wikimedia.org/static-1.21wmf11/skins/common/images/magnify-clip.png","//upload.wikimedia.org/wikipedia/commons/thumb/8/80/2009_Honda_Civic_NGV--DC.jpg/220px-2009_Honda_Civic_NGV--DC.jpg","//bits.wikimedia.org/static-1.21wmf11/skins/common/images/magnify-clip.png","//upload.wikimedia.org/wikipedia/commons/thumb/b/ba/Honda_Civic_Clean_Models_USA_%26_BRA.jpg/220px-Honda_Civic_Clean_Models_USA_%26_BRA.jpg","//bits.wikimedia.org/static-1.21wmf11/skins/common/images/magnify-clip.png","//upload.wikimedia.org/wikipedia/commons/thumb/7/75/2010_Honda_Insight--DC.jpg/220px-2010_Honda_Insight--DC.jpg","//bits.wikimedia.org/static-1.21wmf11/skins/common/images/magnify-clip.png","//upload.wikimedia.org/wikipedia/commons/thumb/e/e0/FCX_Clarity.jpg/220px-FCX_Clarity.jpg","//bits.wikimedia.org/static-1.21wmf11/skins/common/images/magnify-clip.png","//upload.wikimedia.org/wikipedia/commons/thumb/0/02/Honda_CLIO_Japan_Car_dealership_Saitama.jpg/220px-Honda_CLIO_Japan_Car_dealership_Saitama.jpg","//bits.wikimedia.org/static-1.21wmf11/skins/common/images/magnify-clip.png","//upload.wikimedia.org/wikipedia/en/thumb/4/4a/Commons-logo.svg/30px-Commons-logo.svg.png","//upload.wikimedia.org/wikipedia/commons/thumb/9/97/MonctonHonda.JPG/220px-MonctonHonda.JPG","//bits.wikimedia.org/static-1.21wmf11/skins/common/images/magnify-clip.png","//upload.wikimedia.org/wikipedia/en/thumb/9/99/Question_book-new.svg/50px-Question_book-new.svg.png","//upload.wikimedia.org/wikipedia/en/thumb/f/fd/Portal-puzzle.svg/32px-Portal-puzzle.svg.png","//upload.wikimedia.org/wikipedia/commons/thumb/c/cb/PrefSymbol-Tokyo.svg/28px-PrefSymbol-Tokyo.svg.png","//upload.wikimedia.org/wikipedia/commons/thumb/b/b6/Factory_1b.svg/32px-Factory_1b.svg.png","//upload.wikimedia.org/wikipedia/en/thumb/4/4a/Commons-logo.svg/30px-Commons-logo.svg.png","//upload.wikimedia.org/wikipedia/en/thumb/4/48/Folder_Hexagonal_Icon.svg/16px-Folder_Hexagonal_Icon.svg.png","//upload.wikimedia.org/wikipedia/en/thumb/4/4a/Commons-logo.svg/12px-Commons-logo.svg.png","//upload.wikimedia.org/wikipedia/en/thumb/9/9e/Flag_of_Japan.svg/22px-Flag_of_Japan.svg.png","//upload.wikimedia.org/wikipedia/en/thumb/4/48/Folder_Hexagonal_Icon.svg/16px-Folder_Hexagonal_Icon.svg.png","//upload.wikimedia.org/wikipedia/en/thumb/9/9e/Flag_of_Japan.svg/22px-Flag_of_Japan.svg.png","//upload.wikimedia.org/wikipedia/en/thumb/9/9e/Flag_of_Japan.svg/22px-Flag_of_Japan.svg.png","//bits.wikimedia.org/static-1.21wmf11/skins/vector/images/search-ltr.png?303-4","//bits.wikimedia.org/images/wikimedia-button.png","//bits.wikimedia.org/static-1.21wmf11/skins/common/images/poweredby_mediawiki_88x31.png"],"tags":[["scooter","motorcycle"],["honda_automobile","china_company"],["honda_odyssey","north_america"],["honda_odyssey","international"],["honda_odyssey","north_america"],["honda_civic","eighth_generation#europe"],["roadster","automobile"],["v8","beverage"],["judd","engine"],["spirit","racing_team"],["honda_odyssey","north_america"],["honda_odyssey","international"],["honda_ascot#ascot_innova","cb3/4"],["honda_accord","japan_and_europe_seventh_generation"],["the_impossible_dream","the_quest"],["page","paper"]],"members":["page","judd","roadster","honda_automobile","spirit","the_impossible_dream","v8","scooter","honda_odyssey","honda_civic","honda_accord"],"related":["Public_company","Hamamatsu","Soichiro_Honda","Takeo_Fujisawa","Minato,_Tokyo","Takanobu_Ito","President","Chief_Executive_Officer","Automotive","Aviation","Telematics","Automobile","Motorcycle","Scooter_(motorcycle)","Electrical_generator","Water_pumps","Landscape_maintenance","Rotary_tiller","Outboard_motor","Robotics","Jet_aircraft","Jet_engine","Thin-film_solar_cell","Internavi","List_of_Honda_vehicles","List_of_Honda_motorcycles","American_Honda_Motor_Company","Acura","Honda_Aircraft_Company","Honda_Performance_Development","Honda_Automobile_(China)_Company","Guangqi_Honda_Automobile","Everus","Honda_India","Hero_MotoCorp","HMSI","Dongfeng_Honda","Honda_Airport","Honda_Racing_F1","Honda_Racing_Corporation","GE_Honda_Aero_Engines","Honda_Atlas","Honda_Canada_Inc.","Honda_Taiwan","Honda_of_the_UK_Manufacturing","Public_company","Multinational_corporation","Automobiles","Motorcycles","Internal_combustion_engine","Nissan_Motors","Chrysler","General_Motors","Volkswagen_Group","Toyota","Hyundai_Motor_Group","Ford_Motor_Company","Nissan_Motors","PSA_Peugeot_Citroën","Acura","ASIMO","GE_Honda_Aero_Engines","Honda_HA-420_HondaJet","Soichiro_Honda","Tōkai_region","Piston_ring","Toyota","Ministry_of_Commerce_and_Industry","Nakajima_Aircraft_Company","Imperial_Japanese_Navy","B-29","1945_Mikawa_earthquake","Motorized_bicycles","Two-stroke","Tohatsu","War_surplus","Engine-generator","Honda_Model_A","Honda_Model_D","Honda_T360","Kei_car","Honda_S500","Acura","Luxury_vehicle","Honda_NSX","Honda_Aircraft_Company","Minato,_Tokyo","Minato,_Tokyo","Tokyo_Stock_Exchange","New_York_Stock_Exchange","Fukuoka,_Fukuoka","Japanese_yen","American_Honda_Motor_Company","Honda_Canada_Inc.","Markham,_Ontario","Richmond_Hill,_Ontario","Honda_of_Canada_Manufacturing","Alliston,_Ontario","Honda_Siel_Cars_India","Hero_Honda","Guangzhou_Automobile_Industry_Group","Dongfeng_Honda","Honda_Atlas","Soichiro_Honda","Nobuhiko_Kawamoto","Takeo_Fukui","Honda_Fit","Honda_Civic","Honda_Accord","Honda_Insight","Honda_CR-V","Honda_CR-Z","Honda_Legend","Honda_Odyssey_(North_America)","Honda_Odyssey_(international)","Honda_Odyssey_(North_America)","Minivan","Honda_Ridgeline","Pickup_truck","Honda_T360","Kei_car","Roadster_(automobile)","Honda_S500","Honda_L700","Honda_1300","Honda_N360","Honda_Life","World_War_II","Front-wheel-drive","Acura","Honda_NSX","Variable_valve_timing","VTEC","Compact_car","Toyota_Corolla","Honda_Prelude","Upmarket","Honda_Fit","Honda_Civic_Hybrid","Hybrid_electric_vehicle","Toyota_Prius","Honda_Insight","Honda_CR-Z","Small_car","Hybrid_vehicle","Minivan","Sport_utility_vehicle","Light-truck","Motor_Trend_Car_of_the_Year","United_States_Environmental_Protection_Agency","American_Council_for_an_Energy-Efficient_Economy","Honda_Civic_GX","Grey_Advertising","Boston_Consulting_Group","Economies_of_scale","Learning_curve","Economies_of_scope","Richard_Pascale","San_Francisco","Honda_Super_Cub","Gary_Hamel","C._K._Prahalad","Core_competency","Case_study","Business_school","Fiscal_year","Engine","Tiller","Lawn_mower","Robotic_lawn_mower","Lawn_mower","String_trimmer","Mower","Leaf_blower","Sprayer","Hedge_trimmer","Snowthrower","Engine-generator","Welding_power_supply","Honda_pumps","Outboard_engine","Inflatable_boat","Mobility_scooter","Cogeneration","Pontoon_boat","2010_Indianapolis_500","V8_engine","Acura","V8_(beverage)","Expo_2005","ASIMO","Honda_E0","Honda_E_series","Honda_P_series","Astronaut","Biped","Walking","ASIMO","ASIMO","Honda_HA-420_HondaJet","Honda_Aircraft_Company","Thin-film_solar_cells","Downhill_mountain_biking","Derailleur_gears","Greg_Minnaar","All-terrain_vehicles","Formula_One","1964_Formula_One_season","1964_German_Grand_Prix","Ronnie_Bucknum","1965_Formula_One_season","Richie_Ginther","1965_Belgian_Grand_Prix","1965_Mexican_Grand_Prix","1967_Formula_One_season","1967_Italian_Grand_Prix","John_Surtees","1968_Formula_One_season","Jo_Schlesser","1968_French_Grand_Prix","Brabham","Formula_Two","Jack_Brabham","Denny_Hulme","Ron_Tauranac","Ralt","Judd_(engine)","Open_wheel_car","Bobby_Rahal","Spirit_(racing_team)","Formula_One","WilliamsF1","1986_Formula_One_season","1987_Formula_One_season","McLaren","1988_Formula_One_season","1989_Formula_One_season","1990_Formula_One_season","1991_Formula_One_season","Mugen-Honda","Equipe_Ligier","Jordan_Grand_Prix","Champ_Car","Indy_Racing_League","IndyCar_Series","Indianapolis_500","2006_Indianapolis_500","Harvey_Postlethwaite","British_American_Racing","2006_Hungarian_Grand_Prix","Jenson_Button","Ross_Brawn","Brawn_GP","Mercedes_GP","British_Touring_Car_Championship","Dani_Pedrosa","Honda_Racing_Corporation","Motorsport","Isle_of_Man_TT","Mike_Hailwood","Grand_Prix_motorcycle_racing","Cubic_centimetre","1967_British_motorcycle_Grand_Prix","Grand_Prix_motorcycle_racing","Monocoque","Four-stroke","NR500","Fédération_Internationale_de_Motocyclisme","Two-stroke","1983_Grand_Prix_motorcycle_racing_season","Grand_Prix_motorcycle_racing","Freddie_Spencer","Mick_Doohan","Valentino_Rossi","Motocross_World_Championship","World_Enduro_Championship","Stefan_Merriman","Mika_Ahola","Observed_trials","Eddy_Lejeune","Honda_Civic","Honda_Civic_Hybrid","Hybrid_electric_vehicle","Hybrid_electric_vehicle","Hydrogen","Fuel_cell","Honda_Civic_GX","Natural_gas_vehicle","Compressed_natural_gas","Honda_Civic","United_States_Environmental_Protection_Agency","Fleet_vehicles","Phill_Home_Refueling_Appliance","Flexible-fuel_vehicle","Honda_Civic","Honda_Fit","Hydrous","Neat_alcohol_fuel","Honda_City","CG_150_Titan_Mix","Hybrid_electric_car","Honda_Insight","Toyota_Prius","Fuel_economy_in_automobiles","Honda_Civic_Hybrid","Honda_Accord_Hybrid","Honda_CR-Z","Takanezawa","Honda_FCX_Clarity","Hybrid_vehicle","Hydrogen_vehicle","Fuel_cell_vehicle","Hybrid_electric_vehicle","Hydrogen","Oxygen","Pollutants","Internal_combustion_engine","Lithium_ion_battery","Regenerative_braking","California_Air_Resources_Board","Honda_Prelude","Honda_Vigor","Honda_Ballade","Honda_Quint","Honda_Accord","Honda_Civic","Kei_cars","Honda_Today","Supermini","Honda_Capa","Japan_\"bubble_economy\"","Badge_engineered","Keiretsu","Pioneer_Corporation","Autobacs","Honda_Prelude","Honda_Integra","Honda_CR-X","Honda_Vigor","Honda_Saber","Honda_Ballade","Honda_Quint","Honda_Crossroad","Honda_Element","Honda_NSX","Honda_HR-V","Honda_Mobilio_Spike","Honda_S2000","Honda_CR-V","Honda_That's","Honda_MDX","Honda_Rafaga","Honda_Capa","Honda_Torneo","Honda_Accord","Honda_Legend","Honda_Inspire","Honda_Avancier","Honda_S-MX","Honda_Odyssey_(North_America)","Honda_Stepwgn","Honda_Elysion","Honda_Stream","Honda_Odyssey_(international)","Honda_Domani","Honda_Concerto","Honda_Accord_Tourer","Honda_Logo","Honda_Fit","Honda_Insight","Honda_That's","Honda_Mobilio","Honda_City","Honda_Civic","Honda_Life","Honda_Acty","Honda_Vamos","Honda_Vamos","Honda_Ascot","Honda_Torneo","Honda_Civic_Ferio","Honda_Freed","Honda_Mobilio","Honda_Orthia","Honda_Capa","Honda_Today","Honda_Z","Honda_Beat","Rube_Goldberg_Machine","Honda_Accord_(Japan_and_Europe_seventh_generation)","Pre-production_car","Garrison_Keillor","The_Impossible_Dream_(The_Quest)","Hot_air_balloon","Andy_Williams","Model_year","Animated_character","Mr._Opportunity","Rob_Paulsen","Tetris","Thomas_The_Tank_Engine","ASIMO","Astronaut","ITV_Sport","Formula_One","FCX_Clarity","Rubik's_Cube","Channel_4","Skydivers","2008_Spain_Pilatus_PC-6_crash","Danica_Patrick","Christopher_Guest","Ben_Bova","Joe_Johnston","Orson_Scott_Card","Indy_Racing_League","Ayrton_Senna","National_Hockey_League","Anaheim_Ducks","Honda_Center","The_Honda_Classic","Major_League_Soccer","Honda_Player_of_the_Year","Honda_Sports_Award","Honda-Broderick_Cup","Los_Angeles_Marathon","Honda_Accord","Honda_Campus_All-Star_Challenge","Quizbowl","Historically_black_colleges_and_universities","Comparison_of_Honda_water-pumps","Honda_advanced_technology","Honda_Airport","Honda_Battle_of_the_Bands","Honda_F.C.","Honda_Heat","Honda_Type_R","List_of_Honda_assembly_plants","List_of_Honda_transmissions","Internavi","Page_(paper)","Terry_Sanders"]}