{"cursor":"4200","size":15,"audio":[],"currentlang":"en","article":"Vaporizer|the concept of availability of thermal energy|exergy efficiency}}\n\n\nIn thermodynamics, 'vapor quality' is the mass fraction in a saturated mixture\nthat is vapor; i.e. saturated vapor has a \"quality\" of\n100%, and saturated liquid has a \"quality\" of 0%. Vapor quality is an intensive\nproperty which can be used in conjunction with other independent intensive\nproperties to specify the thermodynamic state of the working fluid of a\nthermodynamic system. It has no meaning for substances which are not saturated\nmixtures (i.e., compressed liquids or superheated fluids).\n\nQuality \\chi can be calculated by dividing the mass of the vapor by\nthe mass of the total mixture:\n: \\chi = \\frac{m_{vapor}}{m_{total}}\nwhere m indicates mass.\n\nAnother definition used by chemical engineers defines quality (q) of a fluid as\nthe fraction that is saturated liquid. By this definition, a\nsaturated liquid has q = 0. A saturated vapor has q = 1. Perry's Chemical\nEngineers' Handbook (7th Edition), p 13-29\n","linknr":276,"url":"Vapor_quality","recorded":1363187541,"links":["/w/index.php?title=Vapor_quality&action=edit","/w/index.php?title=Vapor_quality&action=edit","//en.wikipedia.org/apple-touch-icon.png","//bits.wikimedia.org/favicon/wikipedia.ico","/w/opensearch_desc.php","//en.wikipedia.org/w/api.php?action=rsd","//creativecommons.org/licenses/by-sa/3.0/","/w/index.php?title=Special:RecentChanges&feed=atom","//bits.wikimedia.org/en.wikipedia.org/load.php?debug=false&lang=en&modules=ext.gadget.DRN-wizard%2CReferenceTooltips%2Ccharinsert%2Cteahouse%7Cext.wikihiero%7Cmediawiki.legacy.commonPrint%2Cshared%7Cmw.PopUpMediaTransform%7Cskins.vector&only=styles&skin=vector&*","//bits.wikimedia.org/en.wikipedia.org/load.php?debug=false&lang=en&modules=site&only=styles&skin=vector&*","//bits.wikimedia.org/en.wikipedia.org/load.php?debug=false&lang=en&modules=startup&only=scripts&skin=vector&*","//bits.wikimedia.org/geoiplookup","//meta.wikimedia.org","#mw-head","#p-search","/wiki/Vaporizer_(disambiguation)","/wiki/Exergy_efficiency","/wiki/File:Carnot_heat_engine_2.svg","//upload.wikimedia.org/wikipedia/commons/thumb/2/22/Carnot_heat_engine_2.svg/220px-Carnot_heat_engine_2.svg.png","/wiki/Thermodynamics","/wiki/Statistical_mechanics","/wiki/Chemical_thermodynamics","/wiki/Equilibrium_thermodynamics","/wiki/Non-equilibrium_thermodynamics","/wiki/Laws_of_thermodynamics","/wiki/Zeroth_law_of_thermodynamics","/wiki/First_law_of_thermodynamics","/wiki/Second_law_of_thermodynamics","/wiki/Third_law_of_thermodynamics","/wiki/Thermodynamic_system","/wiki/Thermodynamic_state","/wiki/Equation_of_state","/wiki/Ideal_gas","/wiki/Real_gas","/wiki/State_of_matter","/wiki/Thermodynamic_equilibrium","/wiki/Control_volume","/wiki/Thermodynamic_instruments","/wiki/Thermodynamic_process","/wiki/Isobaric_process","/wiki/Isochoric_process","/wiki/Isothermal_process","/wiki/Adiabatic_process","/wiki/Isentropic_process","/wiki/Isenthalpic_process","/wiki/Quasistatic_process","/wiki/Polytropic_process","/wiki/Free_expansion","/wiki/Reversible_process_(thermodynamics)","/wiki/Irreversible_process","/wiki/Endoreversible_thermodynamics","/wiki/Thermodynamic_cycle","/wiki/Heat_engine","/wiki/Heat_pump_and_refrigeration_cycle","/wiki/Thermal_efficiency","/wiki/List_of_thermodynamic_properties","/wiki/Thermodynamic_diagrams","/wiki/Intensive_and_extensive_properties","/wiki/Functions_of_state","/wiki/Thermodynamic_temperature","/wiki/Entropy","/wiki/Introduction_to_entropy","/wiki/Pressure","/wiki/Volume_(thermodynamics)","/wiki/Chemical_potential","/wiki/Particle_number","/wiki/Conjugate_variables_(thermodynamics)","/wiki/Reduced_properties","/wiki/Process_function","/wiki/Work_(thermodynamics)","/wiki/Heat","/wiki/Material_properties_(thermodynamics)","/wiki/Heat_capacity","//upload.wikimedia.org/math/3/5/4/354c808b3ac7ff5bd75faa26bcc36220.png","//upload.wikimedia.org/math/b/9/e/b9ece18c950afbfa6b0fdbfa4ff731d3.png","//upload.wikimedia.org/math/d/e/7/de71b72c4f62f20d117414dd2f33ca25.png","//upload.wikimedia.org/math/8/d/9/8d9c307cb7f3c4a32822a51922d1ceaa.png","//upload.wikimedia.org/math/a/f/7/af7e8a85df47250ffab736b7a8807488.png","/wiki/Compressibility","//upload.wikimedia.org/math/2/a/e/2aede3b55c027fe4392429d6474ec397.png","//upload.wikimedia.org/math/c/4/c/c4ca4238a0b923820dcc509a6f75849b.png","//upload.wikimedia.org/math/8/8/8/888fa252e9cde41ef196d5154cd7219c.png","//upload.wikimedia.org/math/5/2/0/5206560a306a2e085a437fd258eb57ce.png","//upload.wikimedia.org/math/1/f/5/1f58273c4161e57f62a95804c2ae961a.png","/wiki/Thermal_expansion","//upload.wikimedia.org/math/1/7/e/17eb927e31859ce116f5c64cbcc30d75.png","//upload.wikimedia.org/math/c/4/c/c4ca4238a0b923820dcc509a6f75849b.png","//upload.wikimedia.org/math/8/8/8/888fa252e9cde41ef196d5154cd7219c.png","//upload.wikimedia.org/math/5/2/0/5206560a306a2e085a437fd258eb57ce.png","//upload.wikimedia.org/math/a/f/7/af7e8a85df47250ffab736b7a8807488.png","/wiki/Thermodynamic_databases_for_pure_substances","/wiki/Thermodynamic_equations","/wiki/Carnot%27s_theorem_(thermodynamics)","/wiki/Clausius_theorem","/wiki/Fundamental_thermodynamic_relation","/wiki/Ideal_gas_law","/wiki/Maxwell_relations","/wiki/Onsager_reciprocal_relations","/wiki/Bridgman%27s_thermodynamic_equations","/wiki/Table_of_thermodynamic_equations","/wiki/Thermodynamic_potential","/wiki/Thermodynamic_free_energy","/wiki/Free_entropy","/wiki/Internal_energy","//upload.wikimedia.org/math/8/1/5/8153e779d69fe6c35dc2bc4dfb0f2a11.png","/wiki/Enthalpy","//upload.wikimedia.org/math/5/7/5/5758e3126ffd73977ec11d0c19d06692.png","/wiki/Helmholtz_free_energy","//upload.wikimedia.org/math/5/6/7/5678e99000d8069acd323bb63d6376d4.png","/wiki/Gibbs_free_energy","//upload.wikimedia.org/math/5/2/0/5205e29e7201a0b009466036b40a34a6.png","/wiki/Philosophy_of_thermal_and_statistical_physics","/wiki/Entropy_(arrow_of_time)","/wiki/Entropy_and_life","/wiki/Brownian_ratchet","/wiki/Maxwell%27s_demon","/wiki/Heat_death_paradox","/wiki/Loschmidt%27s_paradox","/wiki/Synergetics_(Haken)","/wiki/History_of_thermodynamics","/wiki/History_of_heat","/wiki/History_of_entropy","/wiki/Gas_laws","/wiki/History_of_perpetual_motion_machines","/wiki/Caloric_theory","/wiki/Vis_viva","/wiki/Theory_of_heat","/wiki/Mechanical_equivalent_of_heat","/wiki/Motive_power","/wiki/List_of_important_publications_in_physics","/wiki/An_Experimental_Enquiry_Concerning_the_Source_of_the_Heat_which_is_Excited_by_Friction","/wiki/On_the_Equilibrium_of_Heterogeneous_Substances","/wiki/Reflections_on_the_Motive_Power_of_Fire","/wiki/Timeline_of_thermodynamics","/wiki/Timeline_of_heat_engine_technology","/wiki/Maxwell%27s_thermodynamic_surface","/wiki/Entropy_(energy_dispersal)","/wiki/Daniel_Bernoulli","/wiki/Nicolas_L%C3%A9onard_Sadi_Carnot","/wiki/Beno%C3%AEt_Paul_%C3%89mile_Clapeyron","/wiki/Rudolf_Clausius","/wiki/Hermann_von_Helmholtz","/wiki/Constantin_Carath%C3%A9odory","/wiki/Pierre_Duhem","/wiki/Josiah_Willard_Gibbs","/wiki/James_Prescott_Joule","/wiki/James_Clerk_Maxwell","/wiki/Julius_von_Mayer","/wiki/Lars_Onsager","/wiki/William_John_Macquorn_Rankine","/wiki/John_Smeaton","/wiki/Georg_Ernst_Stahl","/wiki/Benjamin_Thompson","/wiki/William_Thomson,_1st_Baron_Kelvin","/wiki/John_James_Waterston","/wiki/Template:Thermodynamics","/wiki/Template_talk:Thermodynamics","//en.wikipedia.org/w/index.php?title=Template:Thermodynamics&action=edit","/wiki/Thermodynamics","/wiki/Mass_fraction_(chemistry)","/wiki/Vapor","#cite_note-boles-1","/wiki/Intensive_property","/wiki/Thermodynamic_state","/wiki/Thermodynamic_system","/wiki/Saturated_fluid","//upload.wikimedia.org/math/7/9/c/79c40dd2b43f3c03eaf88b5fc4c199b8.png","//upload.wikimedia.org/math/8/4/6/8465a4544528b7ac4afd64c2b6d3e352.png","//upload.wikimedia.org/math/6/f/8/6f8f57715090da2632453988d9a1501b.png","#cite_note-2","#cite_note-3","/w/index.php?title=Vapor_quality&action=edit&section=1","//upload.wikimedia.org/math/6/9/f/69f3e3e66484c758adc6d46492d2b022.png","//upload.wikimedia.org/math/4/1/5/415290769594460e2e485922904f345d.png","/wiki/Entropy","/wiki/Specific_volume","/wiki/Specific_internal_energy","//upload.wikimedia.org/math/5/e/d/5ede52281790304b3c3bee944c57b903.png","//upload.wikimedia.org/math/a/f/9/af99ea264c9735dc356308546e15ac07.png","//upload.wikimedia.org/math/f/9/5/f95e5cc46a0b0ca1c599594d18f2a6a3.png","//upload.wikimedia.org/math/8/e/2/8e23c646c11cd820ef6f22238d6adca8.png","//upload.wikimedia.org/math/a/a/5/aa52a9d73caabaf4620374a4f4936555.png","/w/index.php?title=Vapor_quality&action=edit&section=2","/wiki/Thermodynamics","/wiki/Moisture","/wiki/Wikipedia:Citation_needed","/wiki/Corrode","/wiki/Steam_engine","/wiki/Steam","#Saturated_steam","#cite_note-4","/wiki/Steam_whistle","/wiki/Frequency","/wiki/Velocity_of_sound","/wiki/Inertia","/wiki/Liquid_phase","/wiki/Specific_volume","#cite_note-5","#cite_note-6","/wiki/Enthalpy","/w/index.php?title=Vapor_quality&action=edit&section=3","#cite_ref-boles_1-0","/wiki/International_Standard_Book_Number","/wiki/Special:BookSources/0-07-121688-X","#cite_ref-2","/wiki/International_Standard_Book_Number","/wiki/Special:BookSources/0-13-500968-5","#cite_ref-3","#cite_ref-4","http://www.mines.edu/Academic/chemeng/courses/dcgn210/Handouts/Steam%2520quality.pdf","#cite_ref-5","#cite_ref-6","http://en.wikipedia.org/w/index.php?title=Vapor_quality&oldid=541126629","/wiki/Help:Categories","/wiki/Category:Water","/wiki/Category:Liquid_water","/wiki/Category:Water_in_gas","/wiki/Category:Steam_power","/wiki/Category:All_articles_with_unsourced_statements","/wiki/Category:Articles_with_unsourced_statements_from_September_2010","/w/index.php?title=Special:UserLogin&returnto=Vapor+quality&type=signup","/w/index.php?title=Special:UserLogin&returnto=Vapor+quality","/wiki/Vapor_quality","/wiki/Talk:Vapor_quality","#","/wiki/Vapor_quality","/w/index.php?title=Vapor_quality&action=edit","/w/index.php?title=Vapor_quality&action=history","#","/w/index.php","//bits.wikimedia.org/static-1.21wmf11/skins/vector/images/search-ltr.png?303-4","/wiki/Main_Page","/wiki/Main_Page","/wiki/Portal:Contents","/wiki/Portal:Featured_content","/wiki/Portal:Current_events","/wiki/Special:Random","//donate.wikimedia.org/wiki/Special:FundraiserRedirector?utm_source=donate&utm_medium=sidebar&utm_campaign=C13_en.wikipedia.org&uselang=en","/wiki/Help:Contents","/wiki/Wikipedia:About","/wiki/Wikipedia:Community_portal","/wiki/Special:RecentChanges","/wiki/Wikipedia:Contact_us","/wiki/Special:WhatLinksHere/Vapor_quality","/wiki/Special:RecentChangesLinked/Vapor_quality","/wiki/Wikipedia:File_Upload_Wizard","/wiki/Special:SpecialPages","/w/index.php?title=Vapor_quality&oldid=541126629","/w/index.php?title=Vapor_quality&action=info","/w/index.php?title=Special:Cite&page=Vapor_quality&id=541126629","/w/index.php?title=Special:Book&bookcmd=book_creator&referer=Vapor+quality","/w/index.php?title=Special:Book&bookcmd=render_article&arttitle=Vapor+quality&oldid=541126629&writer=rl","/w/index.php?title=Vapor_quality&printable=yes","//ca.wikipedia.org/wiki/T%C3%ADtol_de_vapor","//es.wikipedia.org/wiki/T%C3%ADtulo_de_vapor","//fa.wikipedia.org/wiki/%DA%A9%DB%8C%D9%81%DB%8C%D8%AA_%D8%A8%D8%AE%D8%A7%D8%B1","//it.wikipedia.org/wiki/Titolo_di_vapore","//pl.wikipedia.org/wiki/Stopie%C5%84_sucho%C5%9Bci_pary","//pt.wikipedia.org/wiki/T%C3%ADtulo_(termodin%C3%A2mica)","//zh.wikipedia.org/wiki/%E8%92%B8%E6%B0%A3%E9%87%8F","//www.wikidata.org/wiki/Special:ItemByTitle/enwiki/Vapor quality","//en.wikipedia.org/wiki/Wikipedia:Text_of_Creative_Commons_Attribution-ShareAlike_3.0_Unported_License","//creativecommons.org/licenses/by-sa/3.0/","//wikimediafoundation.org/wiki/Terms_of_Use","//www.wikimediafoundation.org/","//en.wikipedia.org/wiki/Wikipedia:Contact_us","//wikimediafoundation.org/wiki/Privacy_policy","/wiki/Wikipedia:About","/wiki/Wikipedia:General_disclaimer","http://en.m.wikipedia.org/wiki/Vapor_quality","//wikimediafoundation.org/","//bits.wikimedia.org/images/wikimedia-button.png","//www.mediawiki.org/","//bits.wikimedia.org/static-1.21wmf11/skins/common/images/poweredby_mediawiki_88x31.png","//bits.wikimedia.org/en.wikipedia.org/load.php?debug=false&lang=en&modules=skins.vector&only=scripts&skin=vector&*","/w/index.php?title=MediaWiki:Gadget-ReferenceTooltips.js&action=raw&ctype=text/javascript&508635914","//bits.wikimedia.org/en.wikipedia.org/load.php?debug=false&lang=en&modules=site&only=scripts&skin=vector&*"],"instances":["chemistry"],"pdf":["http://www.mines.edu/Academic/chemeng/courses/dcgn210/Handouts/Steam%2520quality.pdf"],"categories":["Water","Liquid water","Water in gas","Steam power"],"headings":["Calculation","Steam quality","References"],"image":["//upload.wikimedia.org/wikipedia/commons/thumb/2/22/Carnot_heat_engine_2.svg/220px-Carnot_heat_engine_2.svg.png","//upload.wikimedia.org/math/3/5/4/354c808b3ac7ff5bd75faa26bcc36220.png","//upload.wikimedia.org/math/b/9/e/b9ece18c950afbfa6b0fdbfa4ff731d3.png","//upload.wikimedia.org/math/d/e/7/de71b72c4f62f20d117414dd2f33ca25.png","//upload.wikimedia.org/math/8/d/9/8d9c307cb7f3c4a32822a51922d1ceaa.png","//upload.wikimedia.org/math/a/f/7/af7e8a85df47250ffab736b7a8807488.png","//upload.wikimedia.org/math/2/a/e/2aede3b55c027fe4392429d6474ec397.png","//upload.wikimedia.org/math/c/4/c/c4ca4238a0b923820dcc509a6f75849b.png","//upload.wikimedia.org/math/8/8/8/888fa252e9cde41ef196d5154cd7219c.png","//upload.wikimedia.org/math/5/2/0/5206560a306a2e085a437fd258eb57ce.png","//upload.wikimedia.org/math/1/f/5/1f58273c4161e57f62a95804c2ae961a.png","//upload.wikimedia.org/math/1/7/e/17eb927e31859ce116f5c64cbcc30d75.png","//upload.wikimedia.org/math/c/4/c/c4ca4238a0b923820dcc509a6f75849b.png","//upload.wikimedia.org/math/8/8/8/888fa252e9cde41ef196d5154cd7219c.png","//upload.wikimedia.org/math/5/2/0/5206560a306a2e085a437fd258eb57ce.png","//upload.wikimedia.org/math/a/f/7/af7e8a85df47250ffab736b7a8807488.png","//upload.wikimedia.org/math/8/1/5/8153e779d69fe6c35dc2bc4dfb0f2a11.png","//upload.wikimedia.org/math/5/7/5/5758e3126ffd73977ec11d0c19d06692.png","//upload.wikimedia.org/math/5/6/7/5678e99000d8069acd323bb63d6376d4.png","//upload.wikimedia.org/math/5/2/0/5205e29e7201a0b009466036b40a34a6.png","//upload.wikimedia.org/math/7/9/c/79c40dd2b43f3c03eaf88b5fc4c199b8.png","//upload.wikimedia.org/math/8/4/6/8465a4544528b7ac4afd64c2b6d3e352.png","//upload.wikimedia.org/math/6/f/8/6f8f57715090da2632453988d9a1501b.png","//upload.wikimedia.org/math/6/9/f/69f3e3e66484c758adc6d46492d2b022.png","//upload.wikimedia.org/math/4/1/5/415290769594460e2e485922904f345d.png","//upload.wikimedia.org/math/5/e/d/5ede52281790304b3c3bee944c57b903.png","//upload.wikimedia.org/math/a/f/9/af99ea264c9735dc356308546e15ac07.png","//upload.wikimedia.org/math/f/9/5/f95e5cc46a0b0ca1c599594d18f2a6a3.png","//upload.wikimedia.org/math/8/e/2/8e23c646c11cd820ef6f22238d6adca8.png","//upload.wikimedia.org/math/a/a/5/aa52a9d73caabaf4620374a4f4936555.png","//bits.wikimedia.org/static-1.21wmf11/skins/vector/images/search-ltr.png?303-4","//bits.wikimedia.org/images/wikimedia-button.png","//bits.wikimedia.org/static-1.21wmf11/skins/common/images/poweredby_mediawiki_88x31.png"],"tags":[["mass_fraction","chemistry"]],"members":["mass_fraction"],"related":["Thermodynamics","Mass_fraction_(chemistry)","Vapor","Intensive_property","Thermodynamic_state","Thermodynamic_system","Saturated_fluid","Entropy","Specific_volume","Specific_internal_energy","Thermodynamics","Moisture","Corrode","Steam_engine","Steam","Steam_whistle","Frequency","Velocity_of_sound","Inertia","Liquid_phase","Specific_volume","Enthalpy"]}