{"cursor":"23493","size":15,"audio":[],"currentlang":"en","article":"{{infobox IPA\n| above = IPA vowel length ipa symbol = a ː a ˑ ipa number = 503 or 504 decimal1 = 720\n| decimal2 = 721 unicode = U+02D0 or U+02D1\n}} In linguistics, 'vowel length' is the perceived duration of a\nvowel sound. Often the chroneme, or the \"longness\", acts like a consonant, and\nmay have arisen from one etymologically, such as in Australian English. While\nnot distinctive in most other dialects of English, vowel length is an important\nphonemic factor in many other languages, for instance in ","linknr":345,"url":"Vowel_length","recorded":1362540697,"links":23,"instances":["linguistics","diacritic","orthography","punctuation","phonetics","phonetics","linguistics","linguistics","phonetics"],"pdf":[],"categories":["Phonetics","Vowels"],"headings":["Vowel length and related features","Phonemic vowel length","Short and long vowels in English","Origin","Notations in the Latin alphabet","Notations in other writing systems","Notes","References"],"image":["//upload.wikimedia.org/math/f/f/8/ff8d7db8c511e2182c0f94ac1fde2089.png","//upload.wikimedia.org/math/7/a/1/7a1dee70a10bea6b4b97cf8eb9821dad.png","//bits.wikimedia.org/static-1.21wmf10/skins/vector/images/search-ltr.png?303-4","//bits.wikimedia.org/images/wikimedia-button.png","//bits.wikimedia.org/static-1.21wmf10/skins/common/images/poweredby_mediawiki_88x31.png"],"tags":[["length","phonetics"],["hiatus","linguistics"],["stress","linguistics"],["voicing","phonetics"],["tense","phonetics"],["digraph","orthography"],["assimilation","linguistics"],["umlaut","diacritic"],["colon","punctuation"]],"members":["stress","umlaut","digraph","colon","tense","length","hiatus","assimilation","voicing"],"related":["Linguistics","Length_(phonetics)","Vowel","Chroneme","Australian_English","English_language","Phonemic","English_English","New_Zealand_English","Yue_Chinese","Chinese_spoken_languages","Chinese_languages","Luiseño_language","Mixe_language","Ancient_Greek","Hiatus_(linguistics)","Georgian_language","Stress_(linguistics)","French_language","Finnish_language","Alemannic_German","Egyptian_Arabic","Czech_language","Finnish_language","Latin","Finnic_languages","Consonant_gradation","Chroneme","Proto-Uralic","Kalevala_meter","Diphthong","Diphthong","Kyoto","Phoneme","Sanskrit_language","Japanese_language","Ancient_Hebrew","Finnish_language","Hungarian_Language","Kannada","Front_vowel","Central_vowel","Back_vowel","Close_vowel","Mid_vowel","Open_vowel","Front_vowel","Central_vowel","Back_vowel","Close_vowel","Mid_vowel","Open_vowel","Estonian_language","Suprasegmental","Mixe_language","Yavapai_language","Wichita_language","Kikamba_language","Received_Pronunciation","General_American","Allophone","Consonant","Syllable","Voicing_(phonetics)","Allophonic_rule","Vowel_quality","Tense_(phonetics)","Australian_English_phonology","Minimal_pair","American_English","Great_Vowel_Shift","Phonics","Silent_E","Middle_English","Digraph_(orthography)","Assimilation_(linguistics)","Speech_production","Voiced_velar_fricative","Voiced_palatal_fricative","Illative_case","Finnic_languages","Indo-European_languages","Laryngeal_theory","Proto-Indo-European","Szemerényi's_law","Stang's_law","International_Phonetic_Alphabet","Hourglass_shape","Breve","Macron","Maori_language","Hawaiian_language","Samoan_language","Latvian_language","Sanskrit","Arabic_language","Hepburn_romanization","Japanese_language","Korean_language","Latin","Ancient_Greek_language","Breve","Linguistics","Vietnamese_language","Acute_accent","Czech_language","Slovak_language","Old_Norse_language","Hungarian_language","Irish_language","Circumflex","Welsh_language","Kunrei-shiki","Grave_accent","Scottish_Gaelic","Ogonek","Lithuanian_language","Umlaut_(diacritic)","Aymara_language","Estonian_language","Finnish_language","Lombard_language","Dutch_language","Swedish_language","Milanese","Wikisource","German_language","Bernkastel-Kues","German_language","Swedish_language","Czech_language","Kroužek","Typographic_ligature","Diphthong","Apostrophe","Mi'kmaq_language","Colon_(punctuation)","International_Phonetic_Alphabet","Interpunct","Americanist_phonetic_notation","Latin","Old_English_language","Australian_English","Aramaic_alphabet","Arabic_alphabet","Hebrew_alphabet","Approximant_consonant","South-Asian","Abugida","Devanagari","Thai_alphabet","Ancient_Greek","Eta","Omega","Epsilon","Omicron","Alpha","Iota","Upsilon","Hiragana","Kanji","Katakana","Tategaki","Chōon","Mecha","Korean_language","Hangul","Daikon","Maya_script"]}