{"cursor":"28130","size":15,"audio":[],"currentlang":"en","article":"\n\n, which is a metal alloy whose major component is iron, with carbon content\nbetween 0.02% and 2.14% by mass.]]\n\nAn 'alloy' is a mixture or metallic solid solution composed of two or more\nelements. [http://www.thefreedictionary.com/alloy] An alloy will\ncontain one or more of the three: a solid solution of the elements (a single\nphase); a mixture of metallic phases (two or more solutions); an intermetallic\ncompound with no distinct boundary between the phases. Solid solution alloys\ngive a single solid phase microstructure, while partial solutions give two or\nmore phases that may or may not be homogeneous in distribution, depending on the\nthermal (heat treatment) history of the material. A intermetallic compound will\nhave another alloy or pure metal embedded within another pure metal. Alloys are\nused as their properties are superior to those of the pure component elements.\n\nExamples of alloys are solder, brass, pewter, phosphor bronze and amalgam.\n\nThe alloy constituents are usually measured by mass. Alloys are usually\nclassified as substitutional or interstitial alloys, depending on the atomic\narrangement that forms the alloy. They can be further classified as homogeneous\n(consisting of a single phase), or heterogeneous (consisting of two or more\nphases) or intermetallic (where there is no distinct boundary between phases).\n","linknr":544,"url":"Alloy","recorded":1362481620,"links":96,"instances":["metallurgy","mechanical","chemistry","metallurgy","chemistry","architecture","matter","chemistry","method","chemistry","instrument","element","chemistry","metallurgy","purity","iron","metallurgy"],"pdf":[],"categories":["Alloys|","Metallurgy"],"headings":["Introduction","Terminology","Theory","Substitutional and interstitial alloys","Heat-treatable alloys","History","See also","References","External links"],"image":["//upload.wikimedia.org/wikipedia/commons/thumb/7/7a/Steel_wire_rope.png/220px-Steel_wire_rope.png","//bits.wikimedia.org/static-1.21wmf10/skins/common/images/magnify-clip.png","//upload.wikimedia.org/wikipedia/commons/thumb/d/de/Born_bronze_-_Bronze_casts.jpg/220px-Born_bronze_-_Bronze_casts.jpg","//bits.wikimedia.org/static-1.21wmf10/skins/common/images/magnify-clip.png","//upload.wikimedia.org/wikipedia/commons/thumb/e/ec/Britannica_Alloys_Plate_Figure_03.jpg/220px-Britannica_Alloys_Plate_Figure_03.jpg","//bits.wikimedia.org/static-1.21wmf10/skins/common/images/magnify-clip.png","//upload.wikimedia.org/wikipedia/commons/thumb/e/ea/Inconel_gate_valve--The-Alloy-Valve-Stockist.JPG/220px-Inconel_gate_valve--The-Alloy-Valve-Stockist.JPG","//bits.wikimedia.org/static-1.21wmf10/skins/common/images/magnify-clip.png","//upload.wikimedia.org/wikipedia/commons/thumb/3/36/T%C3%BCrzieher_Bremen_1405.JPG/220px-T%C3%BCrzieher_Bremen_1405.JPG","//bits.wikimedia.org/static-1.21wmf10/skins/common/images/magnify-clip.png","//upload.wikimedia.org/wikipedia/commons/thumb/3/33/Britannica_Alloys_Plate_Figure_01.jpg/220px-Britannica_Alloys_Plate_Figure_01.jpg","//bits.wikimedia.org/static-1.21wmf10/skins/common/images/magnify-clip.png","//upload.wikimedia.org/wikipedia/commons/thumb/5/5a/Alloy_atomic_arrangements_showing_the_different_types.jpg/350px-Alloy_atomic_arrangements_showing_the_different_types.jpg","//bits.wikimedia.org/static-1.21wmf10/skins/common/images/magnify-clip.png","//upload.wikimedia.org/wikipedia/commons/thumb/a/aa/IronAlfa%26IronGamma.svg/220px-IronAlfa%26IronGamma.svg.png","//bits.wikimedia.org/static-1.21wmf10/skins/common/images/magnify-clip.png","//upload.wikimedia.org/wikipedia/commons/thumb/4/4f/Photomicrograph_of_annealed_and_quenched_steel%2C_from_1911_Britannica_plates_11_and_14.jpg/220px-Photomicrograph_of_annealed_and_quenched_steel%2C_from_1911_Britannica_plates_11_and_14.jpg","//bits.wikimedia.org/static-1.21wmf10/skins/common/images/magnify-clip.png","//upload.wikimedia.org/wikipedia/commons/thumb/f/f6/Meteorite_and_a_meteoritic_iron_hatchet.JPG/220px-Meteorite_and_a_meteoritic_iron_hatchet.JPG","//bits.wikimedia.org/static-1.21wmf10/skins/common/images/magnify-clip.png","//upload.wikimedia.org/wikipedia/commons/thumb/b/b6/Bronzebeile.JPG/220px-Bronzebeile.JPG","//bits.wikimedia.org/static-1.21wmf10/skins/common/images/magnify-clip.png","//upload.wikimedia.org/wikipedia/commons/thumb/0/08/A_brass_light.JPG/220px-A_brass_light.JPG","//bits.wikimedia.org/static-1.21wmf10/skins/common/images/magnify-clip.png","//upload.wikimedia.org/wikipedia/commons/thumb/4/45/Fork-Viking-Pewter.jpg/220px-Fork-Viking-Pewter.jpg","//bits.wikimedia.org/static-1.21wmf10/skins/common/images/magnify-clip.png","//upload.wikimedia.org/wikipedia/commons/thumb/6/68/25_litrai_en_%C3%A9lectrum_repr%C3%A9sentant_un_tr%C3%A9pied_delphien.jpg/220px-25_litrai_en_%C3%A9lectrum_repr%C3%A9sentant_un_tr%C3%A9pied_delphien.jpg","//bits.wikimedia.org/static-1.21wmf10/skins/common/images/magnify-clip.png","//upload.wikimedia.org/wikipedia/en/thumb/4/4a/Commons-logo.svg/30px-Commons-logo.svg.png","//upload.wikimedia.org/wikipedia/commons/thumb/f/f8/Wiktionary-logo-en.svg/37px-Wiktionary-logo-en.svg.png","//upload.wikimedia.org/wikipedia/commons/thumb/4/4c/Wikisource-logo.svg/12px-Wikisource-logo.svg.png","//bits.wikimedia.org/static-1.21wmf10/skins/vector/images/search-ltr.png?303-4","//bits.wikimedia.org/images/wikimedia-button.png","//bits.wikimedia.org/static-1.21wmf10/skins/common/images/poweredby_mediawiki_88x31.png"],"tags":[["phase","matter"],["homogeneous","chemistry"],["amalgam","chemistry"],["phase","matter"],["flux","metallurgy"],["karat","purity"],["reactivity","chemistry"],["ornament","architecture"],["bell","instrument"],["bearing","mechanical"],["solidus","chemistry"],["ferrite","iron"],["recrystallization","metallurgy"],["annealing","metallurgy"],["precipitation","chemistry"],["ferrite","iron"],["mercury","element"],["amalgam","chemistry"],["history_of_china#shang_dynasty","c._1700–1046_bc"],["puddling","metallurgy"],["calphad","method"]],"members":["puddling","bearing","precipitation","flux","reactivity","ornament","phase","amalgam","calphad","homogeneous","bell","mercury","solidus","recrystallization","karat","ferrite","annealing"],"related":["Iron","Carbon","Mixture","Metal","Solid_solution","Chemical_element","Phase_(matter)","Microstructure","Homogeneous_(chemistry)","Solder","Brass","Pewter","Phosphor_bronze","Amalgam_(chemistry)","Chemical_elements","Metal","Solubility","Crystallize","Malleability","Aluminum","Copper","Ductility","Aluminum_alloy","Hardness","Strength_of_materials","Carbon","Iron","Steel","Toughness","Heat_treatment","Chromium","Corrosion","Stainless_steel","Silicon","Silicon_steel","Liquid","Solid","Solid_solution","Phase_(matter)","Microstructure","Supersaturation","Electrum","Native_metal","Silver","Gold","Nickel","Bronze","Tin","Copper","Smelting","Pewter","Brass","Pig_iron","Carbon_steel","Mild_steel","Spring_steel","Alloy_steel","Molybdenum","Vanadium","High-speed_steel","Tool_steel","Manganese","Phosphorus","Sulfur","Oxygen","Titanium_alloy","Nickel_alloys","Magnesium_alloy","Superalloy","Incoloy","Inconel","Hastelloy","Copper-nickel","Iron_sulfide","Lithium","Sodium","Calcium","Structural_integrity","Metal_oxide","Flux_(metallurgy)","Extractive_metallurgy","Karat_(purity)","Gold","Silver","Jewelry","Aluminium","Aluminium_alloy","Steel","Iron","Density","Reactivity_(chemistry)","Young's_modulus","Electrical_conductivity","Thermal_conductivity","Tensile_strength","Shear_strength","Atom","Ferromagnetic","Bronze","Copper","Tin","Prehistory","Bronze_age","Ornament_(architecture)","Bell_(instrument)","Statue","Bearing_(mechanical)","Brass","Copper","Zinc","Melting_point","Solid","Liquid","Solidus_(chemistry)","Liquidus","Eutectic","Stainless_steel","Cementite","Ferrite_(iron)","Martensite","Hardness","Toughness","Ductility","Work_hardening","Plastic_deformation","Recrystallization_(metallurgy)","Heat_treatment","Annealing_(metallurgy)","Aluminium","Copper","Magnesium","Titanium","Nickel","Steel","Allotropy","Diffusion","Austenite","Solubility","Precipitation_(chemistry)","Nucleating","Carbide","Cementite","Ferrite_(iron)","Diffusionless_transformation","Precipitation_hardening","Intermetallics","Iron_meteorite","Nickel","Iron","Iron_ore","Native_iron","Greenland","Inuit","Copper","Silver","Gold","Platinum","Smelting","Tin","Ore","Bronze","Zinc","Brass","Hardness","Toughness","Melting_point","Temperature","Work_hardening","Phase_diagram","Mercury_(element)","Cinnabar","Amalgam_(chemistry)","Gilding","Armor","Mirror","Egypt","Mycenae","Archimedes","Archimedes'_principle","Anatolia","Bloomery","Ductile","Wrought_iron","Pig_iron","Carbon","Cast-iron","Crucible_steel","Pattern_welding","Slag","Japanese_swordsmithing","Steel","Heat_treatment","Blister_steel","Benjamin_Huntsman","Tool_steel","Pig_iron","Liquid","Puddling_(metallurgy)","Oxidation","Sir_Henry_Bessemer","Bessemer_process","Mangalloy","Manganese","Alloy_steel","Robert_Hadfield","Precipitation_hardening","Alfred_Wilm","Aluminium","Titanium","Quenching","Magnesium","Duralumin","Aircraft","List_of_alloys","Intermetallics","Heat_treatment","CALPHAD_(method)"]}