{"cursor":"17737","size":15,"audio":[],"currentlang":"en","article":" on the Strand in London is the seat of the High Court of Justice and the Court\n of Appeal.]] 'English law' is the legal system of England and Wales, [http-\n ://www.insolvency.gov.uk/freedomofinformation/technical/TechnicalManual/Ch49-\n 60/Chapter52/part1/part_1.htm Jurisdiction Of Courts In England And Wales And\n Their Recognition Of Foreign Insolvency Proceedings]. Insolvency.gov.uk.\n Retrieved on 2013-02-03. and the basis of common law [http://web.arc-\n hive.org/web/20080609054541/http://dictionary.law.com/definition2.asp?selected-\n =248 common law]. dictionary.law.com legal systems in the Republic of\n Ireland, Commonwealth countries [http://www.h-\n net.msu.edu/~law/ASLH/conferences/2000conference/101900345b.htm The Common Law\n in the British Empire]. H-net.msu.edu (2000-10-19). Retrieved on 2013-02-\n 03. and the United States.\n\nEnglish law in its strictest sense applies within the jurisdiction of England\nand Wales. While Wales now has a devolved Assembly, any legislation which that\nAssembly passes is enacted in particular circumscribed policy areas defined by\nthe Government of Wales Act 2006, other legislation of the Parliament of the\nUnited Kingdom, or by Orders in Council given under the authority of the 2006\nAct. Furthermore that legislation is, as with any by-law made by any other\nbody within England and Wales, interpreted by the undivided judiciary of\nEngland and Wales.\n\nThe essence of English common law is that it is made by judges sitting in\ncourts, applying legal precedent ([[stare decisis]]) to the facts before them. A\ndecision of the Supreme Court of the United Kingdom, the highest appeal court in\nEngland and Wales, is binding on every other court. For example, murder is a\ncommon law crime rather than one established by an Act of Parliament. Common law\ncan be amended or repealed by Parliament; murder, for example, now carries a\nmandatory life sentence rather than the death penalty. English courts recognise\nthe primacy of statute law over common law where the two\noverlap. [http://www.bailii.org/uk/cases/UKHL/2005/63.html R v. Rimmington\n(2005) UKHL 63 at para 30]. Bailii.org. Retrieved on 2013-02-03.\n","linknr":617,"url":"English_law","recorded":1364118771,"links":["/w/index.php?title=English_law&action=edit","/w/index.php?title=English_law&action=edit","//en.wikipedia.org/apple-touch-icon.png","//bits.wikimedia.org/favicon/wikipedia.ico","/w/opensearch_desc.php","//en.wikipedia.org/w/api.php?action=rsd","//creativecommons.org/licenses/by-sa/3.0/","/w/index.php?title=Special:RecentChanges&feed=atom","//bits.wikimedia.org/en.wikipedia.org/load.php?debug=false&lang=en&modules=ext.gadget.DRN-wizard%2CReferenceTooltips%2Ccharinsert%2Cteahouse%7Cext.wikihiero%7Cmediawiki.legacy.commonPrint%2Cshared%7Cmw.PopUpMediaTransform%7Cskins.vector&only=styles&skin=vector&*","//bits.wikimedia.org/en.wikipedia.org/load.php?debug=false&lang=en&modules=site&only=styles&skin=vector&*","//bits.wikimedia.org/en.wikipedia.org/load.php?debug=false&lang=en&modules=startup&only=scripts&skin=vector&*","//bits.wikimedia.org/geoiplookup","//meta.wikimedia.org","#mw-head","#p-search","/wiki/File:Royal_courts_of_justice.jpg","//upload.wikimedia.org/wikipedia/commons/thumb/0/0e/Royal_courts_of_justice.jpg/250px-Royal_courts_of_justice.jpg","/wiki/File:Royal_courts_of_justice.jpg","//bits.wikimedia.org/static-1.21wmf11/skins/common/images/magnify-clip.png","/wiki/Royal_Courts_of_Justice","/wiki/Strand,_London","/wiki/London","/wiki/High_Court_of_Justice","/wiki/Court_of_Appeal_of_England_and_Wales","/wiki/Legal_systems_of_the_world","/wiki/England_and_Wales","#cite_note-1","/wiki/Common_law","#cite_note-2","/wiki/Republic_of_Ireland","/wiki/Commonwealth_of_Nations","#cite_note-3","/wiki/United_States","/wiki/Jurisdiction","/wiki/England_and_Wales","/wiki/Wales","/wiki/Welsh_Assembly","/wiki/Government_of_Wales_Act_2006","/wiki/Parliament_of_the_United_Kingdom","/wiki/Order_in_Council","/wiki/Judge","/wiki/Court","/wiki/Legal_precedent","/wiki/Stare_decisis","/wiki/Supreme_Court_of_the_United_Kingdom","/wiki/Appeal_court","/wiki/Courts_of_England_and_Wales","/wiki/Murder_in_English_law","/wiki/Death_penalty","#cite_note-4","#England_and_Wales_as_a_distinct_jurisdiction","#Wales","#Statute_law","#Statutory_framework","#Types_of_Statute_law","#Citation_style","#Common_law","#Precedent","#Overseas_influences","#Subjects_and_links","#Criminal_law","#Constitutional_law","#Administrative_law","#Family_law","#Tort","#Contract","#Property","#Trusts","#Labour_law","#Evidence","#Miscellaneous","#See_also","#Notes","#References","/w/index.php?title=English_law&action=edit&section=1","/wiki/England","/wiki/File:Flag_of_England.svg","//upload.wikimedia.org/wikipedia/en/thumb/b/be/Flag_of_England.svg/142px-Flag_of_England.svg.png","/wiki/Politics_of_England","/wiki/Monarchy_of_the_United_Kingdom","/wiki/Elizabeth_II","/wiki/Governance_of_England","/wiki/Department_for_Communities_and_Local_Government","/wiki/Department_for_Education","/wiki/Department_for_Environment,_Food_and_Rural_Affairs","/wiki/Department_of_Health_(United_Kingdom)","/wiki/West_Lothian_question","/wiki/Devolved_English_parliament","/wiki/Regions_of_England","/wiki/Local_Authority_Leaders%27_Board","/wiki/Regions_of_England","/wiki/East_Midlands","/wiki/East_of_England","/wiki/London","/wiki/North_East_England","/wiki/North_West_England","/wiki/South_East_England","/wiki/South_West_England","/wiki/West_Midlands_(region)","/wiki/Yorkshire_and_the_Humber","/wiki/Supreme_Court_of_the_United_Kingdom","/wiki/Courts_of_England_%26_Wales","/wiki/English_Law","/wiki/United_Kingdom","/wiki/Parliament_of_the_United_Kingdom","/wiki/Elections_in_England#UK_Parliament","/wiki/List_of_Parliamentary_constituencies_in_the_United_Kingdom","/wiki/European_Union","/wiki/European_Parliament","/wiki/Elections_in_the_United_Kingdom#European_Parliament_elections","/wiki/European_Parliament_constituency","/wiki/East_of_England_(European_Parliament_constituency)","/wiki/East_Midlands_(European_Parliament_constituency)","/wiki/London_(European_Parliament_constituency)","/wiki/North_East_England_(European_Parliament_constituency)","/wiki/North_West_England_(European_Parliament_constituency)","/wiki/South_East_England_(European_Parliament_constituency)","/wiki/South_West_England_(European_Parliament_constituency)","/wiki/West_Midlands_(European_Parliament_constituency)","/wiki/Yorkshire_and_the_Humber_(European_Parliament_constituency)","/wiki/Subdivisions_of_England","/wiki/Local_government_in_England","/wiki/Greater_London","/wiki/Greater_London_Authority","/wiki/London_borough","/wiki/Non-metropolitan_county","/wiki/Non-metropolitan_district","/wiki/Metropolitan_county","/wiki/Metropolitan_district","/wiki/Unitary_authorities_of_England","/wiki/List_of_civil_parishes_in_England","/wiki/Outline_of_political_science#Politics_by_region","//commons.wikimedia.org/wiki/Atlas_of_England","//upload.wikimedia.org/wikipedia/commons/thumb/9/98/Royal_Coat_of_Arms_of_the_United_Kingdom.svg/16px-Royal_Coat_of_Arms_of_the_United_Kingdom.svg.png","/wiki/Portal:British_politics","/wiki/Template:Politics_of_England","/wiki/Template_talk:Politics_of_England","//en.wikipedia.org/w/index.php?title=Template:Politics_of_England&action=edit","/wiki/United_Kingdom","/wiki/Jurisdiction_(area)","/wiki/England_and_Wales","/wiki/Scotland","/wiki/Northern_Ireland","/wiki/Wales","/wiki/Kingdom_of_England","/wiki/Henry_VIII_of_England","/wiki/Nationality","/wiki/Domicile_(law)","/wiki/United_Kingdom","/wiki/Status_(law)","/wiki/Capacity_(law)","/wiki/British_Islands","/wiki/Scotland","/wiki/Northern_Ireland","/wiki/Isle_of_Man","/wiki/Jersey","/wiki/Guernsey","/wiki/Alderney","/wiki/Sark","/wiki/Conflict_of_laws","/wiki/Bills_of_Exchange_Act_1882","/wiki/Great_Britain","/wiki/Companies_Act_1985","/wiki/England_and_Wales","/w/index.php?title=English_law&action=edit&section=2","/wiki/Contemporary_Welsh_Law","/wiki/Devolution","/wiki/Wales","/wiki/National_Assembly_for_Wales","/wiki/Sovereignty","/wiki/2007_Welsh_general_election","/wiki/Government_of_Wales_Act_2006","/wiki/Welsh_Government","/wiki/Primary_legislation","/wiki/England_and_Wales","/wiki/Northern_Ireland","/wiki/Jurisdiction_(area)","/wiki/Northern_Ireland_(Temporary_Provisions)_Act_1972","/wiki/Welsh_language","/wiki/United_Kingdom","/wiki/Welsh_Language_Act_1993","/wiki/Welsh_Language_Act_1967","/w/index.php?title=English_law&action=edit&section=3","/w/index.php?title=English_law&action=edit&section=4","/wiki/Interpretation_Act_1978","/wiki/British_Isles","/wiki/Wales_and_Berwick_Act_1746","/wiki/Berwick-upon-Tweed","/wiki/Welsh_Language_Act_1967","/wiki/Isle_of_Wight","/wiki/Anglesey","/wiki/Coins_of_Lundy#The_court_cases","/wiki/Lundy","/wiki/Orkney","/wiki/Shetland","/wiki/Hebrides","/wiki/Rockall","/wiki/Channel_Islands","/w/index.php?title=English_law&action=edit&section=5","/w/index.php?title=Acts_of_the_Old_Irish_Parliament&action=edit&redlink=1","/wiki/Acts_of_the_Scottish_Parliament","/wiki/Acts_of_Parliament_in_the_United_Kingdom","/wiki/Northern_Ireland_Assembly_(1973)","/wiki/Ministerial_Order_(UK)","/wiki/Statutory_Rules_of_Northern_Ireland","/wiki/Statutory_Instrument_(UK)","/w/index.php?title=English_law&action=edit&section=6","/wiki/Short_title","#cite_note-5","/wiki/Short_title","/wiki/Civil_Rights_Act_of_1964","/wiki/Long_title","/wiki/Regnal_year","/wiki/Parliamentary_session","/wiki/Royal_Assent","/wiki/Pleading_in_English_Act_1362","/wiki/Edward_III_of_England","/w/index.php?title=English_law&action=edit&section=7","/wiki/Common_law","/wiki/Civil_law_(legal_system)","/wiki/Codification_(law)","/wiki/Precedent","/wiki/Norman_conquest_of_England","/wiki/Norman_law","/wiki/Judge","/wiki/Writ","/wiki/Law_Merchant","/wiki/Law_French","/wiki/Parliament_of_England","/wiki/Legislation","/wiki/Time_immemorial","/w/index.php?title=English_law&action=edit&section=8","/wiki/Ranks_of_nobility_and_peerage","/wiki/Society","/wiki/Stare_decisis","/wiki/Ratio_decidendi","/wiki/Supreme_Court_of_the_United_Kingdom","/wiki/Court_of_Appeal_of_England_and_Wales","/w/index.php?title=English_law&action=edit&section=9","/wiki/Commonwealth_of_Nations","/wiki/British_Empire","/wiki/United_States_law","/wiki/United_States","/wiki/Australia","/wiki/Judicial_Committee_of_the_Privy_Council","/wiki/Jurisdiction","/wiki/Law_of_Hong_Kong","/wiki/English_Reports","/wiki/Dualism_(law)","/wiki/Supranationalism","/wiki/European_Convention_on_Human_Rights","/wiki/European_Commission_on_Human_Rights","/wiki/Human_Rights_Act_1998","/wiki/International_law","/wiki/Treaty","/w/index.php?title=English_law&action=edit&section=10","/w/index.php?title=English_law&action=edit&section=11","/wiki/English_criminal_law","/wiki/Common_law","/wiki/Actus_reus","/wiki/Mens_rea","/wiki/Intention_in_English_law","/wiki/Recklessness_(law)","/wiki/Causation_in_English_law","/wiki/Manslaughter_in_English_law","/wiki/Murder_in_English_law","/wiki/Theft_in_English_law","/wiki/Robbery_in_English_law","/wiki/Self-defence_in_English_law","/wiki/Intention_in_English_law","/wiki/Necessity_in_English_law","/wiki/Duress_in_English_law","/wiki/Diminished_responsibility_in_English_law","/wiki/Provocation_in_English_law","/wiki/Suicide_pact","/wiki/English_Criminal_Code","/w/index.php?title=English_law&action=edit&section=12","/wiki/Fundamental_Laws_of_England","/wiki/Rights_of_Englishmen","/wiki/Constitution_of_the_United_Kingdom","/w/index.php?title=English_law&action=edit&section=13","/wiki/English_administrative_law","/w/index.php?title=English_law&action=edit&section=14","/wiki/Family_law_system_in_England_and_Wales","/wiki/Alimony","/wiki/Residence_in_English_family_law","/wiki/Bastard_(Law_of_England_and_Wales)","/w/index.php?title=English_law&action=edit&section=15","/wiki/English_tort_law","/w/index.php?title=English_law&action=edit&section=16","/wiki/English_contract_law","/w/index.php?title=English_law&action=edit&section=17","/wiki/English_property_law","/wiki/Chose","/w/index.php?title=English_law&action=edit&section=18","/wiki/Trust_law_in_England_and_Wales","/w/index.php?title=English_law&action=edit&section=19","/wiki/British_labour_law","/w/index.php?title=English_law&action=edit&section=20","/wiki/Hearsay_in_English_law","/wiki/Ladd_v_Marshall","/w/index.php?title=English_law&action=edit&section=21","/wiki/Alcohol_licensing_laws_of_the_United_Kingdom","/wiki/Costs_(English_law)","/w/index.php?title=English_law&action=edit&section=22","/wiki/File:Scale_of_justice_2_new.jpeg","//upload.wikimedia.org/wikipedia/commons/thumb/4/48/Scale_of_justice_2_new.jpeg/28px-Scale_of_justice_2_new.jpeg","/wiki/Portal:Law_of_England_and_Wales","/wiki/Common_law","/wiki/Law_Commission_(England_and_Wales)","/wiki/Scots_law","/wiki/Welsh_law","/wiki/Contemporary_Welsh_law","/wiki/Constitutional_status_of_Cornwall","/w/index.php?title=English_law&action=edit&section=23","//upload.wikimedia.org/wikipedia/en/thumb/9/99/Question_book-new.svg/50px-Question_book-new.svg.png","//en.wikipedia.org/w/index.php?title=English_law&action=edit","/wiki/Help:Introduction_to_referencing/1","/wiki/Template:Citation_needed","/wiki/Wikipedia:Verifiability#Burden_of_evidence","#cite_ref-1","http://www.insolvency.gov.uk/freedomofinformation/technical/TechnicalManual/Ch49-60/Chapter52/part1/part_1.htm","#cite_ref-2","http://web.archive.org/web/20080609054541/http://dictionary.law.com/definition2.asp?selected=248","#cite_ref-3","http://www.h-net.msu.edu/~law/ASLH/conferences/2000conference/101900345b.htm","#cite_ref-4","http://www.bailii.org/uk/cases/UKHL/2005/63.html","#cite_ref-5","/w/index.php?title=English_law&action=edit&section=24","/wiki/Special:BookSources/1584774258","/wiki/Special:BookSources/0420482806","/wiki/International_Standard_Book_Number","/wiki/Special:BookSources/978-0-415-45954-9","/wiki/International_Standard_Book_Number","/wiki/Special:BookSources/978-0-415-45829-0","/wiki/Template:English_law","/wiki/Template_talk:English_law","//en.wikipedia.org/w/index.php?title=Template:English_law&action=edit","/wiki/Constitution_of_the_United_Kingdom","/wiki/English_administrative_law","/wiki/English_criminal_law","/wiki/English_contract_law","/wiki/English_tort_law","/wiki/English_property_law","/wiki/English_trusts_law","/wiki/European_Union_law","/wiki/File:Scale_of_justice_2.svg","//upload.wikimedia.org/wikipedia/commons/thumb/0/0e/Scale_of_justice_2.svg/50px-Scale_of_justice_2.svg.png","/wiki/English_trusts_law","/wiki/United_Kingdom_competition_law","/wiki/British_labour_law","/wiki/United_Kingdom_commercial_law","/wiki/Civil_procedure_in_England_and_Wales","/wiki/English_family_law","/wiki/Courts_of_England_and_Wales","/wiki/Law_of_the_United_Kingdom","/wiki/Northern_Ireland_law","/wiki/Scots_law","/wiki/Welsh_law","/wiki/Law_of_Australia","/wiki/Law_of_the_British_Virgin_Islands","/wiki/Law_of_Canada","/wiki/Law_of_Hong_Kong","/wiki/Law_of_India","/wiki/Law_of_New_Zealand","/wiki/Law_of_Singapore","/wiki/Law_of_the_United_States","/wiki/Anglo-Saxon_law","/wiki/Common_law","/wiki/Equity_(law)","/wiki/Category:English_case_law","/wiki/Category:English_law","/wiki/Portal:Law_of_England_and_Wales","/wiki/Template:UK_legislation","/wiki/Template_talk:UK_legislation","//en.wikipedia.org/w/index.php?title=Template:UK_legislation&action=edit","/wiki/United_Kingdom_legislation","/wiki/List_of_English_statutes","/wiki/Act_of_Parliament","/wiki/List_of_Acts_of_the_Parliament_of_England_to_1483","/wiki/List_of_Acts_of_the_Parliament_of_England,_1485%E2%80%931601","/wiki/List_of_Acts_of_the_Parliament_of_England,_1603%E2%80%931641","/wiki/List_of_Ordinances_and_Acts_of_the_Parliament_of_England,_1642%E2%80%931660","/wiki/List_of_Acts_of_the_Parliament_of_England,_1660%E2%80%931699","/wiki/List_of_Acts_of_the_Parliament_of_England,_1700%E2%80%931706","/wiki/List_of_Acts_of_the_Parliament_of_Scotland_to_1707","/wiki/List_of_Acts_of_the_Parliament_of_Ireland_to_1700","/wiki/List_of_Acts_of_the_Parliament_of_Ireland,_1701%E2%80%931800","/wiki/Kingdom_of_Great_Britain","/wiki/List_of_Acts_of_the_Parliament_of_Great_Britain,_1707%E2%80%931719","/wiki/List_of_Acts_of_the_Parliament_of_Great_Britain,_1720%E2%80%931739","/wiki/List_of_Acts_of_the_Parliament_of_Great_Britain,_1740%E2%80%931759","/wiki/List_of_Acts_of_the_Parliament_of_Great_Britain,_1760%E2%80%931779","/wiki/List_of_Acts_of_the_Parliament_of_Great_Britain,_1780%E2%80%931800","/wiki/United_Kingdom_of_Great_Britain_and_Ireland","/wiki/United_Kingdom","/wiki/List_of_Acts_of_the_Parliament_of_the_United_Kingdom,_1801%E2%80%931819","/wiki/List_of_Acts_of_the_Parliament_of_the_United_Kingdom,_1820%E2%80%931839","/wiki/List_of_Acts_of_the_Parliament_of_the_United_Kingdom,_1840%E2%80%931859","/wiki/List_of_Acts_of_the_Parliament_of_the_United_Kingdom,_1860%E2%80%931879","/wiki/List_of_Acts_of_the_Parliament_of_the_United_Kingdom,_1880%E2%80%931899","/wiki/List_of_Acts_of_the_Parliament_of_the_United_Kingdom,_1900%E2%80%931919","/wiki/List_of_Acts_of_the_Parliament_of_the_United_Kingdom,_1920%E2%80%931939","/wiki/List_of_Acts_of_the_Parliament_of_the_United_Kingdom,_1940%E2%80%931959","/wiki/List_of_Acts_of_the_Parliament_of_the_United_Kingdom,_1960%E2%80%931979","/wiki/List_of_Acts_of_the_Parliament_of_the_United_Kingdom,_1980%E2%80%931999","/wiki/List_of_Acts_of_the_Parliament_of_the_United_Kingdom,_2000%E2%80%93present","/wiki/Church_of_England","/wiki/List_of_Church_of_England_Measures","/wiki/Church_of_England_Assembly_(Powers)_Act_1919","/wiki/Devolution","/wiki/List_of_Acts_of_the_Scottish_Parliament_from_1999","/wiki/List_of_Acts_and_Measures_of_the_National_Assembly_for_Wales","/wiki/List_of_Acts_of_the_Northern_Ireland_Assembly","/wiki/List_of_Acts_of_the_Parliament_of_Northern_Ireland","/wiki/List_of_Orders_in_Council_for_Northern_Ireland","/wiki/Delegated_legislation_in_the_United_Kingdom","/wiki/Statutory_Instrument_(UK)","/wiki/Scottish_Statutory_Instrument","/wiki/Act_of_Sederunt","/wiki/Template:UK_law","/wiki/Template_talk:UK_law","//en.wikipedia.org/w/index.php?title=Template:UK_law&action=edit","/wiki/United_Kingdom","//upload.wikimedia.org/wikipedia/en/thumb/a/ae/Flag_of_the_United_Kingdom.svg/22px-Flag_of_the_United_Kingdom.svg.png","/wiki/Law_of_the_United_Kingdom","/wiki/United_Kingdom_law","/wiki/Constitution_of_the_United_Kingdom","/wiki/Civil_liberties_in_the_United_Kingdom","/wiki/United_Kingdom_company_law","/wiki/United_Kingdom_insolvency_law","/wiki/United_Kingdom_competition_law","/wiki/United_Kingdom_labour_law","/wiki/United_Kingdom_commercial_law","/wiki/European_Union_law","/wiki/File:Scale_of_justice_2.svg","//upload.wikimedia.org/wikipedia/commons/thumb/0/0e/Scale_of_justice_2.svg/50px-Scale_of_justice_2.svg.png","/wiki/United_Kingdom_law","/wiki/Delict_(Scots_law)","/wiki/English_tort_law","/wiki/Scots_contract_law","/wiki/English_contract_law","/wiki/Scots_property_law","/wiki/English_land_law","/wiki/English_trusts_law","/wiki/Scots_administrative_law","/wiki/English_administrative_law","/wiki/Scots_criminal_law","/wiki/English_criminal_law","/wiki/Scottish_family_law","/wiki/English_family_law","/wiki/Scots_civil_procedure","/wiki/Civil_Procedure_Rules_1998","/wiki/United_Kingdom_law","/wiki/Northern_Ireland_law","/wiki/Scots_law","/wiki/Welsh_law","/wiki/Law_of_the_British_Virgin_Islands","/wiki/Law_of_Australia","/wiki/Law_of_Canada","/wiki/Law_of_India","/wiki/Law_of_New_Zealand","/wiki/Law_of_the_United_States","/wiki/Anglo-Saxon_law","/wiki/Law_of_Hong_Kong","/wiki/Common_law","/wiki/Equity_(law)","/wiki/Category:English_case_law","/wiki/Category:Law_in_the_United_Kingdom","/wiki/Template:Law_in_Europe","/wiki/Template_talk:Law_in_Europe","//en.wikipedia.org/w/index.php?title=Template:Law_in_Europe&action=edit","/wiki/Law_in_Europe","/wiki/Sovereign_state","/w/index.php?title=Law_of_Albania&action=edit&redlink=1","/w/index.php?title=Law_of_Andorra&action=edit&redlink=1","/wiki/Law_of_Armenia","/wiki/Law_of_Austria","/wiki/Law_of_Azerbaijan","/w/index.php?title=Law_of_Belarus&action=edit&redlink=1","/wiki/Law_of_Belgium","/w/index.php?title=Law_of_Bosnia_and_Herzegovina&action=edit&redlink=1","/wiki/Law_of_Bulgaria","/wiki/Law_of_Croatia","/w/index.php?title=Law_of_Cyprus&action=edit&redlink=1","/wiki/Law_of_the_Czech_Republic","/wiki/Law_of_Denmark","/wiki/Law_of_Estonia","/wiki/Law_of_Finland","/wiki/Law_of_France","/w/index.php?title=Law_of_Georgia_(country)&action=edit&redlink=1","/wiki/Law_of_Germany","/wiki/Law_of_Greece","/w/index.php?title=Law_of_Hungary&action=edit&redlink=1","/wiki/Law_of_Iceland","/wiki/Law_of_the_Republic_of_Ireland","/w/index.php?title=Law_of_Italy&action=edit&redlink=1","/w/index.php?title=Law_of_Kazakhstan&action=edit&redlink=1","/wiki/Law_of_Latvia","/w/index.php?title=Law_of_Liechtenstein&action=edit&redlink=1","/wiki/Law_of_Lithuania","/w/index.php?title=Law_of_Luxembourg&action=edit&redlink=1","/w/index.php?title=Law_of_the_Republic_of_Macedonia&action=edit&redlink=1","/w/index.php?title=Law_of_Malta&action=edit&redlink=1","/w/index.php?title=Law_of_Moldova&action=edit&redlink=1","/w/index.php?title=Law_of_Monaco&action=edit&redlink=1","/w/index.php?title=Law_of_Montenegro&action=edit&redlink=1","/wiki/Law_of_the_Netherlands","/wiki/Law_of_Norway","/wiki/Law_of_Poland","/wiki/Law_of_Portugal","/w/index.php?title=Law_of_Romania&action=edit&redlink=1","/wiki/Law_of_Russia","/w/index.php?title=Law_of_San_Marino&action=edit&redlink=1","/w/index.php?title=Law_of_Serbia&action=edit&redlink=1","/w/index.php?title=Law_of_Slovakia&action=edit&redlink=1","/w/index.php?title=Law_of_Slovenia&action=edit&redlink=1","/wiki/Law_of_Spain","/wiki/Law_of_Sweden","/wiki/Law_of_Switzerland","/wiki/Law_of_Turkey","/wiki/Law_of_Ukraine","/wiki/Law_of_the_United_Kingdom","/wiki/Law_of_England","/wiki/Law_of_Northern_Ireland","/wiki/Law_of_Scotland","/wiki/Law_of_Wales","/wiki/Law_of_Vatican_City","/wiki/List_of_states_with_limited_recognition","/w/index.php?title=Law_of_Abkhazia&action=edit&redlink=1","/w/index.php?title=Law_of_Kosovo&action=edit&redlink=1","/w/index.php?title=Law_of_Nagorno-Karabakh_Republic&action=edit&redlink=1","/w/index.php?title=Law_of_Northern_Cyprus&action=edit&redlink=1","/w/index.php?title=Law_of_South_Ossetia&action=edit&redlink=1","/w/index.php?title=Law_of_Transnistria&action=edit&redlink=1","/wiki/Dependent_territory","/w/index.php?title=Law_of_%C3%85land&action=edit&redlink=1","/w/index.php?title=Law_of_the_Faroe_Islands&action=edit&redlink=1","/wiki/Law_of_Gibraltar","/w/index.php?title=Law_of_Guernsey&action=edit&redlink=1","/wiki/Law_of_Jersey","/wiki/Law_of_the_Isle_of_Man","/w/index.php?title=Law_of_Svalbard&action=edit&redlink=1","/wiki/Law_of_the_European_Union","http://en.wikipedia.org/w/index.php?title=English_law&oldid=542916464","/wiki/Help:Categories","/wiki/Category:English_law","/wiki/Category:Legal_codes","/wiki/Category:Articles_needing_additional_references_from_June_2007","/wiki/Category:All_articles_needing_additional_references","/w/index.php?title=Special:UserLogin&returnto=English+law&type=signup","/w/index.php?title=Special:UserLogin&returnto=English+law","/wiki/English_law","/wiki/Talk:English_law","#","/wiki/English_law","/w/index.php?title=English_law&action=edit","/w/index.php?title=English_law&action=history","#","/w/index.php","//bits.wikimedia.org/static-1.21wmf11/skins/vector/images/search-ltr.png?303-4","/wiki/Main_Page","/wiki/Main_Page","/wiki/Portal:Contents","/wiki/Portal:Featured_content","/wiki/Portal:Current_events","/wiki/Special:Random","//donate.wikimedia.org/wiki/Special:FundraiserRedirector?utm_source=donate&utm_medium=sidebar&utm_campaign=C13_en.wikipedia.org&uselang=en","/wiki/Help:Contents","/wiki/Wikipedia:About","/wiki/Wikipedia:Community_portal","/wiki/Special:RecentChanges","/wiki/Wikipedia:Contact_us","/wiki/Special:WhatLinksHere/English_law","/wiki/Special:RecentChangesLinked/English_law","/wiki/Wikipedia:File_Upload_Wizard","/wiki/Special:SpecialPages","/w/index.php?title=English_law&oldid=542916464","/w/index.php?title=English_law&action=info","/w/index.php?title=Special:Cite&page=English_law&id=542916464","/w/index.php?title=Special:Book&bookcmd=book_creator&referer=English+law","/w/index.php?title=Special:Book&bookcmd=render_article&arttitle=English+law&oldid=542916464&writer=rl","/w/index.php?title=English_law&printable=yes","//ca.wikipedia.org/wiki/Dret_d%27Anglaterra","//cs.wikipedia.org/wiki/Anglick%C3%A9_pr%C3%A1vo","//de.wikipedia.org/wiki/Rechtsgeschichte_von_England_und_Wales","//es.wikipedia.org/wiki/Derecho_de_Inglaterra","//fr.wikipedia.org/wiki/Droit_anglais","//hy.wikipedia.org/wiki/%D4%B1%D5%B6%D5%A3%D5%AC%D5%AB%D5%A1%D5%AF%D5%A1%D5%B6_%D5%AB%D6%80%D5%A1%D5%BE%D5%B8%D6%82%D5%B6%D6%84","//hi.wikipedia.org/wiki/%E0%A4%85%E0%A4%82%E0%A4%97%E0%A5%8D%E0%A4%B0%E0%A5%87%E0%A4%9C%E0%A5%80_%E0%A4%B5%E0%A4%BF%E0%A4%A7%E0%A4%BF","//id.wikipedia.org/wiki/Hukum_Inggris","//ms.wikipedia.org/wiki/Undang-undang_Inggeris","//ja.wikipedia.org/wiki/%E3%82%A4%E3%83%B3%E3%82%B0%E3%83%A9%E3%83%B3%E3%83%89%E6%B3%95","//pt.wikipedia.org/wiki/Direito_da_Inglaterra","//ru.wikipedia.org/wiki/%D0%90%D0%BD%D0%B3%D0%BB%D0%B8%D0%B9%D1%81%D0%BA%D0%BE%D0%B5_%D0%BF%D1%80%D0%B0%D0%B2%D0%BE","//sv.wikipedia.org/wiki/Engelsk_r%C3%A4tt","//ta.wikipedia.org/wiki/%E0%AE%86%E0%AE%99%E0%AF%8D%E0%AE%95%E0%AE%BF%E0%AE%B2%E0%AE%9A%E0%AF%8D_%E0%AE%9A%E0%AE%9F%E0%AF%8D%E0%AE%9F%E0%AE%AE%E0%AF%8D","//tr.wikipedia.org/wiki/%C4%B0ngiliz_hukuku","//uk.wikipedia.org/wiki/%D0%90%D0%BD%D0%B3%D0%BB%D1%96%D0%B9%D1%81%D1%8C%D0%BA%D0%B5_%D0%BF%D1%80%D0%B0%D0%B2%D0%BE","//vi.wikipedia.org/wiki/H%E1%BB%87_th%E1%BB%91ng_ph%C3%A1p_lu%E1%BA%ADt_Anh","//www.wikidata.org/wiki/Special:ItemByTitle/enwiki/English law","//en.wikipedia.org/wiki/Wikipedia:Text_of_Creative_Commons_Attribution-ShareAlike_3.0_Unported_License","//creativecommons.org/licenses/by-sa/3.0/","//wikimediafoundation.org/wiki/Terms_of_Use","//www.wikimediafoundation.org/","//en.wikipedia.org/wiki/Wikipedia:Contact_us","//wikimediafoundation.org/wiki/Privacy_policy","/wiki/Wikipedia:About","/wiki/Wikipedia:General_disclaimer","http://en.m.wikipedia.org/wiki/English_law","//wikimediafoundation.org/","//bits.wikimedia.org/images/wikimedia-button.png","//www.mediawiki.org/","//bits.wikimedia.org/static-1.21wmf11/skins/common/images/poweredby_mediawiki_88x31.png","//bits.wikimedia.org/en.wikipedia.org/load.php?debug=false&lang=en&modules=skins.vector&only=scripts&skin=vector&*","/w/index.php?title=MediaWiki:Gadget-ReferenceTooltips.js&action=raw&ctype=text/javascript&508635914","//bits.wikimedia.org/en.wikipedia.org/load.php?debug=false&lang=en&modules=site&only=scripts&skin=vector&*"],"instances":["english_law","law","law","legal_system","temporary_provisions_act_1972","area","law","uk","uk","england_and_wales","law","law","law_of_england_and_wales","1973","law"],"pdf":[],"categories":["English law|","Legal codes"],"headings":["England and Wales as a distinct jurisdiction","Statute law","Common law","Subjects and links","See also","Notes","References"],"image":["//upload.wikimedia.org/wikipedia/commons/thumb/0/0e/Royal_courts_of_justice.jpg/250px-Royal_courts_of_justice.jpg","//bits.wikimedia.org/static-1.21wmf11/skins/common/images/magnify-clip.png","//upload.wikimedia.org/wikipedia/en/thumb/b/be/Flag_of_England.svg/142px-Flag_of_England.svg.png","//upload.wikimedia.org/wikipedia/commons/thumb/9/98/Royal_Coat_of_Arms_of_the_United_Kingdom.svg/16px-Royal_Coat_of_Arms_of_the_United_Kingdom.svg.png","//upload.wikimedia.org/wikipedia/commons/thumb/4/48/Scale_of_justice_2_new.jpeg/28px-Scale_of_justice_2_new.jpeg","//upload.wikimedia.org/wikipedia/en/thumb/9/99/Question_book-new.svg/50px-Question_book-new.svg.png","//upload.wikimedia.org/wikipedia/commons/thumb/0/0e/Scale_of_justice_2.svg/50px-Scale_of_justice_2.svg.png","//upload.wikimedia.org/wikipedia/en/thumb/a/ae/Flag_of_the_United_Kingdom.svg/22px-Flag_of_the_United_Kingdom.svg.png","//upload.wikimedia.org/wikipedia/commons/thumb/0/0e/Scale_of_justice_2.svg/50px-Scale_of_justice_2.svg.png","//bits.wikimedia.org/static-1.21wmf11/skins/vector/images/search-ltr.png?303-4","//bits.wikimedia.org/images/wikimedia-button.png","//bits.wikimedia.org/static-1.21wmf11/skins/common/images/poweredby_mediawiki_88x31.png"],"tags":[["jurisdiction","area"],["domicile","law"],["status","law"],["capacity","law"],["jurisdiction","area"],["northern_ireland","temporary_provisions_act_1972"],["northern_ireland_assembly","1973"],["ministerial_order","uk"],["statutory_instrument","uk"],["civil_law","legal_system"],["codification","law"],["dualism","law"],["recklessness","law"],["bastard","law_of_england_and_wales"],["costs","english_law"],["law_commission","england_and_wales"]],"members":["costs","dualism","status","civil_law","northern_ireland","jurisdiction","capacity","statutory_instrument","ministerial_order","law_commission","codification","recklessness","bastard","northern_ireland_assembly","domicile"],"related":["Strand,_London","London","High_Court_of_Justice","Court_of_Appeal_of_England_and_Wales","Legal_systems_of_the_world","England_and_Wales","Common_law","Republic_of_Ireland","Commonwealth_of_Nations","United_States","Jurisdiction","England_and_Wales","Wales","Welsh_Assembly","Government_of_Wales_Act_2006","Parliament_of_the_United_Kingdom","Order_in_Council","Judge","Court","Legal_precedent","Supreme_Court_of_the_United_Kingdom","Appeal_court","Courts_of_England_and_Wales","Murder_in_English_law","Death_penalty","United_Kingdom","Jurisdiction_(area)","England_and_Wales","Scotland","Northern_Ireland","Wales","Kingdom_of_England","Henry_VIII_of_England","Nationality","Domicile_(law)","United_Kingdom","Status_(law)","Capacity_(law)","British_Islands","Scotland","Northern_Ireland","Isle_of_Man","Jersey","Guernsey","Alderney","Sark","Conflict_of_laws","Bills_of_Exchange_Act_1882","Great_Britain","Companies_Act_1985","England_and_Wales","Devolution","Wales","National_Assembly_for_Wales","Sovereignty","2007_Welsh_general_election","Government_of_Wales_Act_2006","Welsh_Government","Primary_legislation","England_and_Wales","Northern_Ireland","Jurisdiction_(area)","Northern_Ireland_(Temporary_Provisions)_Act_1972","Welsh_language","United_Kingdom","Welsh_Language_Act_1993","Welsh_Language_Act_1967","Interpretation_Act_1978","British_Isles","Wales_and_Berwick_Act_1746","Berwick-upon-Tweed","Welsh_Language_Act_1967","Isle_of_Wight","Anglesey","Lundy","Orkney","Shetland","Hebrides","Rockall","Channel_Islands","Acts_of_the_Old_Irish_Parliament","Acts_of_the_Scottish_Parliament","Acts_of_Parliament_in_the_United_Kingdom","Northern_Ireland_Assembly_(1973)","Ministerial_Order_(UK)","Statutory_Rules_of_Northern_Ireland","Statutory_Instrument_(UK)","Short_title","Civil_Rights_Act_of_1964","Long_title","Regnal_year","Parliamentary_session","Royal_Assent","Pleading_in_English_Act_1362","Edward_III_of_England","Common_law","Civil_law_(legal_system)","Codification_(law)","Precedent","Norman_conquest_of_England","Norman_law","Judge","Writ","Law_Merchant","Law_French","Parliament_of_England","Legislation","Time_immemorial","Ranks_of_nobility_and_peerage","Society","Stare_decisis","Ratio_decidendi","Supreme_Court_of_the_United_Kingdom","Court_of_Appeal_of_England_and_Wales","Commonwealth_of_Nations","British_Empire","United_States_law","United_States","Australia","Judicial_Committee_of_the_Privy_Council","Jurisdiction","Law_of_Hong_Kong","English_Reports","Dualism_(law)","Supranationalism","European_Convention_on_Human_Rights","European_Commission_on_Human_Rights","Human_Rights_Act_1998","International_law","Treaty","Common_law","Intention_in_English_law","Recklessness_(law)","Causation_in_English_law","Manslaughter_in_English_law","Murder_in_English_law","Theft_in_English_law","Robbery_in_English_law","Self-defence_in_English_law","Intention_in_English_law","Necessity_in_English_law","Duress_in_English_law","Diminished_responsibility_in_English_law","Provocation_in_English_law","Suicide_pact","English_Criminal_Code","Fundamental_Laws_of_England","Rights_of_Englishmen","Constitution_of_the_United_Kingdom","Alimony","Residence_in_English_family_law","Bastard_(Law_of_England_and_Wales)","Chose","Hearsay_in_English_law","Alcohol_licensing_laws_of_the_United_Kingdom","Costs_(English_law)","Common_law","Law_Commission_(England_and_Wales)","Scots_law","Welsh_law","Contemporary_Welsh_law","Constitutional_status_of_Cornwall"]}