{"cursor":"9133","size":15,"audio":[],"currentlang":"en","article":"\n\n\n\n\n\n discussion on the .]]\n\nA 'review' is an evaluation of a publication, product, service, or company such\nas a movie (a movie review), video game, musical composition (music review of a\ncomposition or recording), book (book review); a piece of hardware like a car,\nhome appliance, or computer; or an event or performance, such as a live music\nconcert, play, musical theater show, or dance show. In addition to a critical\nevaluation, the review's author may assign the work a rating to indicate its\nrelative merit. More loosely, an author may review current events, trends, or\nitems in the news. A compilation of reviews may itself be called a review. [[The\nNew York Review of Books]], for instance, is a collection of essays on\nliterature, culture, and current affairs. [[National Review]], founded by\nWilliam F. Buckley, Jr., is an influential conservative magazine, and [[Monthly\nReview]] is a long-running socialist periodical.\n\nIn the scientific literature, review articles are a category of scientific\npaper, which provides a synthesis of research on a topic at that moment in time.\nA compilation of these reviews forms the core content of a 'secondary'\nscientific journal, with examples including Annual Reviews, the Nature Reviews\nseries of journals and Trends. A [[peer review]] is the process by which\nscientists assess the work of their colleagues that has been submitted for\npublication in the scientific literature. A [[software review]] is also a form\nof peer review, by the co-workers.\n\nA consumer review refers to a review written by the owner of a product or the\nuser of a service who has sufficient experience to comment on reliability and\nwhether or not the product or service delivers on its promises, otherwise known\nas product reviews.. An expert review usually refers to a review written by\nsomeone who has tested several peer products or services to identify which\noffers the best value for money or the best set of features. A bought review is\nthe system where the creator (usually a company) of a new product pays a\nreviewer to review his new product.\n","linknr":165,"url":"review","recorded":1363353442,"links":["/w/index.php?title=Review&action=edit","/w/index.php?title=Review&action=edit","//en.wikipedia.org/apple-touch-icon.png","//bits.wikimedia.org/favicon/wikipedia.ico","/w/opensearch_desc.php","//en.wikipedia.org/w/api.php?action=rsd","//creativecommons.org/licenses/by-sa/3.0/","/w/index.php?title=Special:RecentChanges&feed=atom","//bits.wikimedia.org/en.wikipedia.org/load.php?debug=false&lang=en&modules=ext.gadget.DRN-wizard%2CReferenceTooltips%2Ccharinsert%2Cteahouse%7Cext.wikihiero%7Cmediawiki.legacy.commonPrint%2Cshared%7Cmw.PopUpMediaTransform%7Cskins.vector&only=styles&skin=vector&*","//bits.wikimedia.org/en.wikipedia.org/load.php?debug=false&lang=en&modules=site&only=styles&skin=vector&*","//bits.wikimedia.org/en.wikipedia.org/load.php?debug=false&lang=en&modules=startup&only=scripts&skin=vector&*","//bits.wikimedia.org/geoiplookup","//meta.wikimedia.org","#mw-head","#p-search","/wiki/Review_(disambiguation)","/wiki/Reviewer_(horse)","/wiki/Wikipedia:Reviewing","/wiki/File:Question_book-new.svg","//upload.wikimedia.org/wikipedia/en/thumb/9/99/Question_book-new.svg/50px-Question_book-new.svg.png","/wiki/Wikipedia:Citing_sources","/wiki/Wikipedia:Verifiability","//en.wikipedia.org/w/index.php?title=Review&action=edit","/wiki/Help:Introduction_to_referencing/1","/wiki/Wikipedia:Verifiability#Burden_of_evidence","//upload.wikimedia.org/wikipedia/commons/thumb/f/f8/Wiktionary-logo-en.svg/37px-Wiktionary-logo-en.svg.png","//en.wiktionary.org/wiki/Special:Search/review","/wiki/File:Deletion_review.png","//upload.wikimedia.org/wikipedia/commons/thumb/e/e1/Deletion_review.png/220px-Deletion_review.png","/wiki/File:Deletion_review.png","//bits.wikimedia.org/static-1.21wmf10/skins/common/images/magnify-clip.png","//en.wikipedia.org/wiki/Wikipedia:Deletion_review/Log/2007_June_17","//en.wikipedia.org/wiki/Main_Page","/wiki/Film","/wiki/Film_criticism","/wiki/Video_game","/wiki/Musical_composition","/wiki/Book","/wiki/Book_review","/wiki/Car","/wiki/Home_appliance","/wiki/Computer","/wiki/Content_rating","/wiki/The_New_York_Review_of_Books","/wiki/National_Review","/wiki/William_F._Buckley,_Jr.","/wiki/Conservatism","/wiki/Monthly_Review","/wiki/Socialist","/wiki/Scientific_literature","/wiki/Review_article","/wiki/Scientific_paper","/wiki/Scientific_journal","/wiki/Peer_review","/wiki/Software_review","#Book_review","#Music_reviews","#Performance_reviews","#Recording_reviews","#Composition_reviews","#Bought_review","#See_also","#References","/w/index.php?title=Review&action=edit&section=1","/wiki/Book_review","/wiki/Essay","/wiki/Non-fiction","/w/index.php?title=Review&action=edit&section=2","/w/index.php?title=Review&action=edit&section=3","/w/index.php?title=Review&action=edit&section=4","/w/index.php?title=Review&action=edit&section=5","/w/index.php?title=Review&action=edit&section=6","/wiki/Puff_piece","/wiki/Peacock_words","/wiki/Weasel_words","/w/index.php?title=Review&action=edit&section=7","/wiki/Book_review","/wiki/Music_critic","/wiki/Music_criticism","/wiki/Music_journalism","/wiki/Review_site","/wiki/TestFreaks","/w/index.php?title=Review&action=edit&section=8","http://en.wikipedia.org/w/index.php?title=Review&oldid=541778200","/wiki/Help:Categories","/wiki/Category:Writing_occupations","/wiki/Category:Review_websites","/wiki/Category:Evaluation","/wiki/Category:Articles_lacking_sources_from_December_2009","/wiki/Category:All_articles_lacking_sources","/w/index.php?title=Special:UserLogin&returnto=Review&type=signup","/w/index.php?title=Special:UserLogin&returnto=Review","/wiki/Review","/wiki/Talk:Review","#","/wiki/Review","/w/index.php?title=Review&action=edit","/w/index.php?title=Review&action=history","#","/w/index.php","//bits.wikimedia.org/static-1.21wmf10/skins/vector/images/search-ltr.png?303-4","/wiki/Main_Page","/wiki/Main_Page","/wiki/Portal:Contents","/wiki/Portal:Featured_content","/wiki/Portal:Current_events","/wiki/Special:Random","//donate.wikimedia.org/wiki/Special:FundraiserRedirector?utm_source=donate&utm_medium=sidebar&utm_campaign=C13_en.wikipedia.org&uselang=en","/wiki/Help:Contents","/wiki/Wikipedia:About","/wiki/Wikipedia:Community_portal","/wiki/Special:RecentChanges","/wiki/Wikipedia:Contact_us","/wiki/Special:WhatLinksHere/Review","/wiki/Special:RecentChangesLinked/Review","/wiki/Wikipedia:File_Upload_Wizard","/wiki/Special:SpecialPages","/w/index.php?title=Review&oldid=541778200","/w/index.php?title=Review&action=info","/w/index.php?title=Special:Cite&page=Review&id=541778200","/w/index.php?title=Special:Book&bookcmd=book_creator&referer=Review","/w/index.php?title=Special:Book&bookcmd=render_article&arttitle=Review&oldid=541778200&writer=rl","/w/index.php?title=Review&printable=yes","//bg.wikipedia.org/wiki/%D0%9E%D1%82%D0%B7%D0%B8%D0%B2","//bar.wikipedia.org/wiki/Rezension","//cs.wikipedia.org/wiki/Recenze","//da.wikipedia.org/wiki/Anmeldelse","//de.wikipedia.org/wiki/Rezension","//et.wikipedia.org/wiki/Arvustus","//es.wikipedia.org/wiki/Rese%C3%B1a","//eo.wikipedia.org/wiki/Recenzo","//ko.wikipedia.org/wiki/%ED%8F%89%EB%A1%A0","//it.wikipedia.org/wiki/Recensione","//kk.wikipedia.org/wiki/%D0%A0%D0%B5%D1%86%D0%B5%D0%BD%D0%B7%D0%B8%D1%8F","//lt.wikipedia.org/wiki/Recenzija","//li.wikipedia.org/wiki/Recensie","//mr.wikipedia.org/wiki/%E0%A4%B8%E0%A4%AE%E0%A5%80%E0%A4%95%E0%A5%8D%E0%A4%B7%E0%A4%BE","//nl.wikipedia.org/wiki/Recensie","//no.wikipedia.org/wiki/Anmeldelse","//pl.wikipedia.org/wiki/Recenzja","//pt.wikipedia.org/wiki/Resenha","//ro.wikipedia.org/wiki/Recenzie","//ru.wikipedia.org/wiki/%D0%A0%D0%B5%D1%86%D0%B5%D0%BD%D0%B7%D0%B8%D1%8F","//sk.wikipedia.org/wiki/Recenzia_(publicistick%C3%BD_%C5%BE%C3%A1ner)","//sl.wikipedia.org/wiki/Recenzija","//sr.wikipedia.org/wiki/%D0%A0%D0%B5%D1%86%D0%B5%D0%BD%D0%B7%D0%B8%D1%98%D0%B0","//sh.wikipedia.org/wiki/Recenzija","//sv.wikipedia.org/wiki/Recension","//uk.wikipedia.org/wiki/%D0%A0%D0%B5%D1%86%D0%B5%D0%BD%D0%B7%D1%96%D1%8F","//www.wikidata.org/wiki/Special:ItemByTitle/enwiki/Review","//en.wikipedia.org/wiki/Wikipedia:Text_of_Creative_Commons_Attribution-ShareAlike_3.0_Unported_License","//creativecommons.org/licenses/by-sa/3.0/","//wikimediafoundation.org/wiki/Terms_of_Use","//www.wikimediafoundation.org/","//en.wikipedia.org/wiki/Wikipedia:Contact_us","//wikimediafoundation.org/wiki/Privacy_policy","/wiki/Wikipedia:About","/wiki/Wikipedia:General_disclaimer","http://en.m.wikipedia.org/wiki/Review","//wikimediafoundation.org/","//bits.wikimedia.org/images/wikimedia-button.png","//www.mediawiki.org/","//bits.wikimedia.org/static-1.21wmf10/skins/common/images/poweredby_mediawiki_88x31.png","//bits.wikimedia.org/en.wikipedia.org/load.php?debug=false&lang=en&modules=skins.vector&only=scripts&skin=vector&*","/w/index.php?title=MediaWiki:Gadget-ReferenceTooltips.js&action=raw&ctype=text/javascript&508635914","//bits.wikimedia.org/en.wikipedia.org/load.php?debug=false&lang=en&modules=site&only=scripts&skin=vector&*"],"instances":[],"pdf":[],"categories":["Writing occupations","Review websites","Evaluation"],"headings":["Book review","Music reviews","Bought review","See also","References"],"image":["//upload.wikimedia.org/wikipedia/en/thumb/9/99/Question_book-new.svg/50px-Question_book-new.svg.png","//upload.wikimedia.org/wikipedia/commons/thumb/f/f8/Wiktionary-logo-en.svg/37px-Wiktionary-logo-en.svg.png","//upload.wikimedia.org/wikipedia/commons/thumb/e/e1/Deletion_review.png/220px-Deletion_review.png","//bits.wikimedia.org/static-1.21wmf10/skins/common/images/magnify-clip.png","//bits.wikimedia.org/static-1.21wmf10/skins/vector/images/search-ltr.png?303-4","//bits.wikimedia.org/images/wikimedia-button.png","//bits.wikimedia.org/static-1.21wmf10/skins/common/images/poweredby_mediawiki_88x31.png"],"tags":[],"members":[],"related":["Film","Film_criticism","Video_game","Musical_composition","Book","Book_review","Car","Home_appliance","Computer","Content_rating","William_F._Buckley,_Jr.","Conservatism","Socialist","Scientific_literature","Review_article","Scientific_paper","Scientific_journal","Book_review","Essay","Non-fiction","Puff_piece","Peacock_words","Weasel_words","Book_review","Music_critic","Music_criticism","Music_journalism","Review_site","TestFreaks"]}