{"cursor":"2228","size":15,"audio":[],"currentlang":"en","article":"\n'Creation' may refer to:\n\n; In religion and philosophy: *Creation ex nihilo, the concept that matter comes\n\"from nothing\" *Creation myth, stories of the supernatural creation of the Earth\n*Genesis creation narrative, the biblical account of creation\n\n; In science and technology: *Matter creation, the appearance of elementary\nparticles, in physical processes such as pair production\n\n; In the arts: *''Creation'' (1931 film), a 1931 film that inspired King Kong\n*''Creation'' (2009 film), a 2009 film by Jon Amiel about the life of Charles\nDarwin *''Creation'' (album), a 2005 album from Leslie Satcher *''Creation''\n(band), a teen musical group, first album 2005 *Creation (Dragonlance), of the\nworld of Krynn, fictional world of Dragonlance *''Creation'' (novel), a 1981\nnovel by Gore Vidal *Creation (William Billings), a hymn tune composed by\nWilliam Billings *Creation Records, a record label created in 1983 by Alan\nMcGee *\"Creation\", a song by Zion I from [[Mind Over Matter (Zion I\nalbum)|Mind Over Matter]] *\"The Creation of Adam\", a section of Michelangelo's\nfresco Sistine Chapel ceiling painted circa 1511 *The Creation (band), a\nBritish band *''The Creation'' (Haydn), a 1798 oratorio by Joseph Haydn *[[La\ncrÃ©ation du monde]], a 1923 ballet by Darius Milhaud *\"The Creation,\" a 1927\npoem by James Weldon Johnson, published in [[God's Trombones: Seven Negro\nSermons in Verse]] *The Creation: An Appeal To Save Life on Earth, a 2006 book\nby biologist Edward O. Wilson\n\n; In organizations: *Creation Autosportif, a sports car racing team *Creation\nEntertainment, an American company that runs science fiction and fantasy\nconventions *Creation Festivals, Christian music festival *Creation Ministries\nInternational, creation science organization *Creation Museum, an American\ncreation museum\n","linknr":125,"url":"created","recorded":1363367575,"links":["/w/index.php?title=Creation&action=edit","/w/index.php?title=Creation&action=edit","//en.wikipedia.org/apple-touch-icon.png","//bits.wikimedia.org/favicon/wikipedia.ico","/w/opensearch_desc.php","//en.wikipedia.org/w/api.php?action=rsd","//creativecommons.org/licenses/by-sa/3.0/","/w/index.php?title=Special:RecentChanges&feed=atom","/wiki/Creation","//bits.wikimedia.org/en.wikipedia.org/load.php?debug=false&lang=en&modules=ext.gadget.DRN-wizard%2CReferenceTooltips%2Ccharinsert%2Cteahouse%7Cext.wikihiero%7Cmediawiki.legacy.commonPrint%2Cshared%7Cmw.PopUpMediaTransform%7Cskins.vector&only=styles&skin=vector&*","//bits.wikimedia.org/en.wikipedia.org/load.php?debug=false&lang=en&modules=site&only=styles&skin=vector&*","//bits.wikimedia.org/en.wikipedia.org/load.php?debug=false&lang=en&modules=startup&only=scripts&skin=vector&*","//bits.wikimedia.org/geoiplookup","//meta.wikimedia.org","/w/index.php?title=Created&redirect=no","#mw-head","#p-search","//upload.wikimedia.org/wikipedia/commons/thumb/f/f8/Wiktionary-logo-en.svg/37px-Wiktionary-logo-en.svg.png","//en.wiktionary.org/wiki/creation","/wiki/Creation_ex_nihilo","/wiki/Creation_myth","/wiki/Genesis_creation_narrative","/wiki/Matter_creation","/wiki/Creation_(1931_film)","/wiki/Creation_(2009_film)","/wiki/Creation_(album)","/wiki/Creation_(band)","/wiki/Creation_(Dragonlance)","/wiki/Creation_(novel)","/wiki/Creation_(William_Billings)","/wiki/Creation_Records","/wiki/Mind_Over_Matter_(Zion_I_album)","/wiki/The_Creation_of_Adam","/wiki/The_Creation_(band)","/wiki/The_Creation_(Haydn)","/wiki/La_cr%C3%A9ation_du_monde","/wiki/God%27s_Trombones:_Seven_Negro_Sermons_in_Verse","/wiki/Edward_O._Wilson","/wiki/Creation_Autosportif","/wiki/Creation_Entertainment","/wiki/Creation_Festival","/wiki/Creation_Ministries_International","/wiki/Creation_Museum","/w/index.php?title=Creation&action=edit&section=1","/wiki/Abiogenesis","/wiki/Art","/wiki/Big_Bang","/wiki/Cosmogony","/wiki/Creationism","/wiki/Creaton","/wiki/Creator_(disambiguation)","/wiki/Invention","/wiki/Universe","/wiki/File:Disambig_gray.svg","//upload.wikimedia.org/wikipedia/en/thumb/5/5f/Disambig_gray.svg/30px-Disambig_gray.svg.png","/wiki/Help:Disambiguation","//en.wikipedia.org/w/index.php?title=Special:WhatLinksHere/Creation&namespace=0","http://en.wikipedia.org/w/index.php?title=Creation&oldid=539931335","/wiki/Help:Categories","/wiki/Category:Disambiguation_pages","/wiki/Category:All_article_disambiguation_pages","/wiki/Category:All_disambiguation_pages","/w/index.php?title=Special:UserLogin&returnto=Creation&type=signup","/w/index.php?title=Special:UserLogin&returnto=Creation","/wiki/Creation","/wiki/Talk:Creation","#","/wiki/Creation","/w/index.php?title=Creation&action=edit","/w/index.php?title=Creation&action=history","#","/w/index.php","//bits.wikimedia.org/static-1.21wmf11/skins/vector/images/search-ltr.png?303-4","/wiki/Main_Page","/wiki/Main_Page","/wiki/Portal:Contents","/wiki/Portal:Featured_content","/wiki/Portal:Current_events","/wiki/Special:Random","//donate.wikimedia.org/wiki/Special:FundraiserRedirector?utm_source=donate&utm_medium=sidebar&utm_campaign=C13_en.wikipedia.org&uselang=en","/wiki/Help:Contents","/wiki/Wikipedia:About","/wiki/Wikipedia:Community_portal","/wiki/Special:RecentChanges","/wiki/Wikipedia:Contact_us","/wiki/Special:WhatLinksHere/Creation","/wiki/Special:RecentChangesLinked/Creation","/wiki/Wikipedia:File_Upload_Wizard","/wiki/Special:SpecialPages","/w/index.php?title=Creation&oldid=539931335","/w/index.php?title=Creation&action=info","/w/index.php?title=Special:Cite&page=Creation&id=539931335","/w/index.php?title=Special:Book&bookcmd=book_creator&referer=Creation","/w/index.php?title=Special:Book&bookcmd=render_article&arttitle=Creation&oldid=539931335&writer=rl","/w/index.php?title=Creation&printable=yes","//de.wikipedia.org/wiki/Creator","//es.wikipedia.org/wiki/Creaci%C3%B3n","//fa.wikipedia.org/wiki/%D8%A2%D9%81%D8%B1%DB%8C%D9%86%D8%B4","//fr.wikipedia.org/wiki/Cr%C3%A9ation","//ko.wikipedia.org/wiki/%EC%B0%BD%EC%A1%B0","//id.wikipedia.org/wiki/Ciptaan","//it.wikipedia.org/wiki/Creation","//ja.wikipedia.org/wiki/%E3%82%AF%E3%83%AA%E3%82%A8%E3%83%BC%E3%82%B7%E3%83%A7%E3%83%B3","//no.wikipedia.org/wiki/Skapelse","//nn.wikipedia.org/wiki/Skaping","//pt.wikipedia.org/wiki/Creation","//ro.wikipedia.org/wiki/Crea%C8%9Bie_(dezambiguizare)","//simple.wikipedia.org/wiki/Creation","//sv.wikipedia.org/wiki/Skapelse","//tl.wikipedia.org/wiki/Paglikha","//www.wikidata.org/wiki/Special:ItemByTitle/enwiki/Creation","//en.wikipedia.org/wiki/Wikipedia:Text_of_Creative_Commons_Attribution-ShareAlike_3.0_Unported_License","//creativecommons.org/licenses/by-sa/3.0/","//wikimediafoundation.org/wiki/Terms_of_Use","//www.wikimediafoundation.org/","//wikimediafoundation.org/wiki/Privacy_policy","/wiki/Wikipedia:About","/wiki/Wikipedia:General_disclaimer","http://en.m.wikipedia.org/wiki/Creation","//wikimediafoundation.org/","//bits.wikimedia.org/images/wikimedia-button.png","//www.mediawiki.org/","//bits.wikimedia.org/static-1.21wmf11/skins/common/images/poweredby_mediawiki_88x31.png","//bits.wikimedia.org/en.wikipedia.org/load.php?debug=false&lang=en&modules=skins.vector&only=scripts&skin=vector&*","/w/index.php?title=MediaWiki:Gadget-ReferenceTooltips.js&action=raw&ctype=text/javascript&508635914","//bits.wikimedia.org/en.wikipedia.org/load.php?debug=false&lang=en&modules=site&only=scripts&skin=vector&*"],"instances":["disambiguation","haydn","william_billings"],"pdf":[],"categories":[],"headings":["See also"],"image":["//upload.wikimedia.org/wikipedia/commons/thumb/f/f8/Wiktionary-logo-en.svg/37px-Wiktionary-logo-en.svg.png","//upload.wikimedia.org/wikipedia/en/thumb/5/5f/Disambig_gray.svg/30px-Disambig_gray.svg.png","//bits.wikimedia.org/static-1.21wmf11/skins/vector/images/search-ltr.png?303-4","//bits.wikimedia.org/images/wikimedia-button.png","//bits.wikimedia.org/static-1.21wmf11/skins/common/images/poweredby_mediawiki_88x31.png"],"tags":[["creation","1931_film"],["creation","2009_film"],["creation","album"],["creation","band"],["creation","dragonlance"],["creation","novel"],["creation","william_billings"],["the_creation","band"],["the_creation","haydn"],["creator","disambiguation"]],"members":["creator","the_creation","creation"],"related":["Creation_ex_nihilo","Creation_myth","Genesis_creation_narrative","Matter_creation","Creation_(1931_film)","Creation_(2009_film)","Creation_(album)","Creation_(band)","Creation_(Dragonlance)","Creation_(novel)","Creation_(William_Billings)","Creation_Records","The_Creation_of_Adam","The_Creation_(band)","The_Creation_(Haydn)","Edward_O._Wilson","Creation_Autosportif","Creation_Entertainment","Creation_Festival","Creation_Ministries_International","Creation_Museum","Abiogenesis","Art","Big_Bang","Cosmogony","Creationism","Creaton","Creator_(disambiguation)","Invention","Universe"]}