{"cursor":"543","size":15,"audio":[],"currentlang":"en","article":"\n\n\n\n\n\n\n","linknr":75,"url":"miscellaneous","recorded":1363518562,"links":["/w/index.php?title=Miscellaneous&action=edit","/w/index.php?title=Miscellaneous&action=edit","//en.wikipedia.org/apple-touch-icon.png","//bits.wikimedia.org/favicon/wikipedia.ico","/w/opensearch_desc.php","//en.wikipedia.org/w/api.php?action=rsd","//creativecommons.org/licenses/by-sa/3.0/","/w/index.php?title=Special:RecentChanges&feed=atom","//bits.wikimedia.org/en.wikipedia.org/load.php?debug=false&lang=en&modules=ext.gadget.DRN-wizard%2CReferenceTooltips%2Ccharinsert%2Cteahouse%7Cext.wikihiero%7Cmediawiki.legacy.commonPrint%2Cshared%7Cmw.PopUpMediaTransform%7Cskins.vector&only=styles&skin=vector&*","//bits.wikimedia.org/en.wikipedia.org/load.php?debug=false&lang=en&modules=site&only=styles&skin=vector&*","//bits.wikimedia.org/en.wikipedia.org/load.php?debug=false&lang=en&modules=startup&only=scripts&skin=vector&*","//bits.wikimedia.org/geoiplookup","//meta.wikimedia.org","#mw-head","#p-search","/wiki/The_Miscellaneous","//en.wikipedia.org/w/index.php?title=Special:Search&search=Miscellaneous&fulltext=Search","/wiki/Wiktionary","//en.wiktionary.org/wiki/Special:Search/miscellaneous","//en.wiktionary.org/wiki/Special:Search/miscellaneous","/wiki/File:Wiktionary-logo-en.svg","//upload.wikimedia.org/wikipedia/commons/thumb/f/f8/Wiktionary-logo-en.svg/50px-Wiktionary-logo-en.svg.png","http://en.wikipedia.org/w/index.php?title=Miscellaneous&oldid=541837293","/wiki/Category:Redirects_to_Wiktionary","/wiki/Category:Monitored_short_pages","/w/index.php?title=Special:UserLogin&returnto=Miscellaneous&type=signup","/w/index.php?title=Special:UserLogin&returnto=Miscellaneous","/wiki/Miscellaneous","/w/index.php?title=Talk:Miscellaneous&action=edit&redlink=1","#","/wiki/Miscellaneous","/w/index.php?title=Miscellaneous&action=edit","/w/index.php?title=Miscellaneous&action=history","#","/w/index.php","//bits.wikimedia.org/static-1.21wmf10/skins/vector/images/search-ltr.png?303-4","/wiki/Main_Page","/wiki/Main_Page","/wiki/Portal:Contents","/wiki/Portal:Featured_content","/wiki/Portal:Current_events","/wiki/Special:Random","//donate.wikimedia.org/wiki/Special:FundraiserRedirector?utm_source=donate&utm_medium=sidebar&utm_campaign=C13_en.wikipedia.org&uselang=en","/wiki/Help:Contents","/wiki/Wikipedia:About","/wiki/Wikipedia:Community_portal","/wiki/Special:RecentChanges","/wiki/Wikipedia:Contact_us","/wiki/Special:WhatLinksHere/Miscellaneous","/wiki/Special:RecentChangesLinked/Miscellaneous","/wiki/Wikipedia:File_Upload_Wizard","/wiki/Special:SpecialPages","/w/index.php?title=Miscellaneous&oldid=541837293","/w/index.php?title=Miscellaneous&action=info","/w/index.php?title=Special:Cite&page=Miscellaneous&id=541837293","/w/index.php?title=Special:Book&bookcmd=book_creator&referer=Miscellaneous","/w/index.php?title=Special:Book&bookcmd=render_article&arttitle=Miscellaneous&oldid=541837293&writer=rl","/w/index.php?title=Miscellaneous&printable=yes","//de.wikipedia.org/wiki/Sonstiges","//www.wikidata.org/wiki/Special:ItemByTitle/enwiki/Miscellaneous","//en.wikipedia.org/wiki/Wikipedia:Text_of_Creative_Commons_Attribution-ShareAlike_3.0_Unported_License","//creativecommons.org/licenses/by-sa/3.0/","//wikimediafoundation.org/wiki/Terms_of_Use","//www.wikimediafoundation.org/","//en.wikipedia.org/wiki/Wikipedia:Contact_us","//wikimediafoundation.org/wiki/Privacy_policy","/wiki/Wikipedia:About","/wiki/Wikipedia:General_disclaimer","http://en.m.wikipedia.org/wiki/Miscellaneous","//wikimediafoundation.org/","//bits.wikimedia.org/images/wikimedia-button.png","//www.mediawiki.org/","//bits.wikimedia.org/static-1.21wmf10/skins/common/images/poweredby_mediawiki_88x31.png","//bits.wikimedia.org/en.wikipedia.org/load.php?debug=false&lang=en&modules=skins.vector&only=scripts&skin=vector&*","/w/index.php?title=MediaWiki:Gadget-ReferenceTooltips.js&action=raw&ctype=text/javascript&508635914","//bits.wikimedia.org/en.wikipedia.org/load.php?debug=false&lang=en&modules=site&only=scripts&skin=vector&*"],"instances":[],"pdf":[],"categories":[],"headings":[],"image":["//upload.wikimedia.org/wikipedia/commons/thumb/f/f8/Wiktionary-logo-en.svg/50px-Wiktionary-logo-en.svg.png","//bits.wikimedia.org/static-1.21wmf10/skins/vector/images/search-ltr.png?303-4","//bits.wikimedia.org/images/wikimedia-button.png","//bits.wikimedia.org/static-1.21wmf10/skins/common/images/poweredby_mediawiki_88x31.png"],"tags":[],"members":[],"related":[]}