{"cursor":"256","size":15,"audio":[],"currentlang":"en","article":"'Ventricle' may refer to:\n\n\n* Ventricle (heart), the pumping chambers of the heart\n* Ventricular system in the brain\n* Ventricle of the larynx, a structure in the larynx\n* Stomach of the gastrointestinal tract\n","linknr":93,"url":"Ventricles","recorded":1364157560,"links":["/w/index.php?title=Ventricle&action=edit","/w/index.php?title=Ventricle&action=edit","//en.wikipedia.org/apple-touch-icon.png","//bits.wikimedia.org/favicon/wikipedia.ico","/w/opensearch_desc.php","//en.wikipedia.org/w/api.php?action=rsd","//creativecommons.org/licenses/by-sa/3.0/","/w/index.php?title=Special:RecentChanges&feed=atom","/wiki/Ventricle","//bits.wikimedia.org/en.wikipedia.org/load.php?debug=false&lang=en&modules=ext.gadget.DRN-wizard%2CReferenceTooltips%2Ccharinsert%2Cteahouse%7Cext.wikihiero%7Cmediawiki.legacy.commonPrint%2Cshared%7Cmw.PopUpMediaTransform%7Cskins.vector&only=styles&skin=vector&*","//bits.wikimedia.org/en.wikipedia.org/load.php?debug=false&lang=en&modules=site&only=styles&skin=vector&*","//bits.wikimedia.org/en.wikipedia.org/load.php?debug=false&lang=en&modules=startup&only=scripts&skin=vector&*","//bits.wikimedia.org/geoiplookup","//meta.wikimedia.org","/w/index.php?title=Ventricles&redirect=no","#mw-head","#p-search","//upload.wikimedia.org/wikipedia/commons/thumb/f/f8/Wiktionary-logo-en.svg/37px-Wiktionary-logo-en.svg.png","//en.wiktionary.org/wiki/Special:Search/ventricle","/wiki/Ventricle_(heart)","/wiki/Ventricular_system","/wiki/Ventricle_of_the_larynx","/wiki/Stomach","/wiki/File:Disambig_gray.svg","//upload.wikimedia.org/wikipedia/en/thumb/5/5f/Disambig_gray.svg/30px-Disambig_gray.svg.png","/wiki/Help:Disambiguation","//en.wikipedia.org/w/index.php?title=Special:WhatLinksHere/Ventricle&namespace=0","http://en.wikipedia.org/w/index.php?title=Ventricle&oldid=543712335","/wiki/Help:Categories","/wiki/Category:Disambiguation_pages","/wiki/Category:All_article_disambiguation_pages","/wiki/Category:All_disambiguation_pages","/w/index.php?title=Special:UserLogin&returnto=Ventricle&type=signup","/w/index.php?title=Special:UserLogin&returnto=Ventricle","/wiki/Ventricle","/wiki/Talk:Ventricle","#","/wiki/Ventricle","/w/index.php?title=Ventricle&action=edit","/w/index.php?title=Ventricle&action=history","#","/w/index.php","//bits.wikimedia.org/static-1.21wmf11/skins/vector/images/search-ltr.png?303-4","/wiki/Main_Page","/wiki/Main_Page","/wiki/Portal:Contents","/wiki/Portal:Featured_content","/wiki/Portal:Current_events","/wiki/Special:Random","//donate.wikimedia.org/wiki/Special:FundraiserRedirector?utm_source=donate&utm_medium=sidebar&utm_campaign=C13_en.wikipedia.org&uselang=en","/wiki/Help:Contents","/wiki/Wikipedia:About","/wiki/Wikipedia:Community_portal","/wiki/Special:RecentChanges","/wiki/Wikipedia:Contact_us","/wiki/Special:WhatLinksHere/Ventricle","/wiki/Special:RecentChangesLinked/Ventricle","/wiki/Wikipedia:File_Upload_Wizard","/wiki/Special:SpecialPages","/w/index.php?title=Ventricle&oldid=543712335","/w/index.php?title=Ventricle&action=info","/w/index.php?title=Special:Cite&page=Ventricle&id=543712335","/w/index.php?title=Special:Book&bookcmd=book_creator&referer=Ventricle","/w/index.php?title=Special:Book&bookcmd=render_article&arttitle=Ventricle&oldid=543712335&writer=rl","/w/index.php?title=Ventricle&printable=yes","//ca.wikipedia.org/wiki/Ventricle","//de.wikipedia.org/wiki/Ventrikel","//eo.wikipedia.org/wiki/Ventriklo","//fr.wikipedia.org/wiki/Ventricule","//gl.wikipedia.org/wiki/Ventr%C3%ADculo_(hom%C3%B3nimos)","//it.wikipedia.org/wiki/Ventricolo","//nl.wikipedia.org/wiki/Ventrikel","//no.wikipedia.org/wiki/Ventrikkel","//nn.wikipedia.org/wiki/Ventrikkel","//pt.wikipedia.org/wiki/Ventr%C3%ADculo","//sv.wikipedia.org/wiki/Ventrikel","//tl.wikipedia.org/wiki/Bentrikulo","//www.wikidata.org/wiki/Special:ItemByTitle/enwiki/Ventricle","//en.wikipedia.org/wiki/Wikipedia:Text_of_Creative_Commons_Attribution-ShareAlike_3.0_Unported_License","//creativecommons.org/licenses/by-sa/3.0/","//wikimediafoundation.org/wiki/Terms_of_Use","//www.wikimediafoundation.org/","//en.wikipedia.org/wiki/Wikipedia:Contact_us","//wikimediafoundation.org/wiki/Privacy_policy","/wiki/Wikipedia:About","/wiki/Wikipedia:General_disclaimer","http://en.m.wikipedia.org/wiki/Ventricle","//wikimediafoundation.org/","//bits.wikimedia.org/images/wikimedia-button.png","//www.mediawiki.org/","//bits.wikimedia.org/static-1.21wmf11/skins/common/images/poweredby_mediawiki_88x31.png","//bits.wikimedia.org/en.wikipedia.org/load.php?debug=false&lang=en&modules=skins.vector&only=scripts&skin=vector&*","/w/index.php?title=MediaWiki:Gadget-ReferenceTooltips.js&action=raw&ctype=text/javascript&508635914","//bits.wikimedia.org/en.wikipedia.org/load.php?debug=false&lang=en&modules=site&only=scripts&skin=vector&*"],"instances":["heart"],"pdf":[],"categories":[],"headings":[],"image":["//upload.wikimedia.org/wikipedia/commons/thumb/f/f8/Wiktionary-logo-en.svg/37px-Wiktionary-logo-en.svg.png","//upload.wikimedia.org/wikipedia/en/thumb/5/5f/Disambig_gray.svg/30px-Disambig_gray.svg.png","//bits.wikimedia.org/static-1.21wmf11/skins/vector/images/search-ltr.png?303-4","//bits.wikimedia.org/images/wikimedia-button.png","//bits.wikimedia.org/static-1.21wmf11/skins/common/images/poweredby_mediawiki_88x31.png"],"tags":[["ventricle","heart"]],"members":["ventricle"],"related":["Ventricle_(heart)","Ventricular_system","Ventricle_of_the_larynx","Stomach"]}