{"cursor":"991","size":15,"audio":[],"currentlang":"en","article":"{{Infobox Television film |name = Journey |image = |image_size =\n| director=Tom McLaughlin producer=TBA writer= Patrica MacLachlan starring=Jason\n| Robards Brenda Fricker Meg Tilly network=CBS studio=Hallmark Hall of\n| Fame released=December 10, 1995 runtime= 98 min country=United States\n| language=English Episode list=Episode list preceded_by=[[Redwood Curtain\n| (film)|Redwood Curtain]] followed_by=[[The Boys Next Door (1996 film)|The Boys\n| Next Door]]\n}}\n\n'Journey' is a 1995 Hallmark Hall of Fame TV movie that aired on CBS on December\n10, 1995. The film starred Jason Robards, Brenda Fricker, and Meg Tilly.\n","linknr":93,"url":"Journey_(1995_film)","recorded":1364167389,"links":["/w/index.php?title=Journey_(1995_film)&action=edit","/w/index.php?title=Journey_(1995_film)&action=edit","//en.wikipedia.org/apple-touch-icon.png","//bits.wikimedia.org/favicon/wikipedia.ico","/w/opensearch_desc.php","//en.wikipedia.org/w/api.php?action=rsd","//creativecommons.org/licenses/by-sa/3.0/","/w/index.php?title=Special:RecentChanges&feed=atom","//bits.wikimedia.org/en.wikipedia.org/load.php?debug=false&lang=en&modules=ext.gadget.DRN-wizard%2CReferenceTooltips%2Ccharinsert%2Cteahouse%7Cext.wikihiero%7Cmediawiki.legacy.commonPrint%2Cshared%7Cmw.PopUpMediaTransform%7Cskins.vector&only=styles&skin=vector&*","//bits.wikimedia.org/en.wikipedia.org/load.php?debug=false&lang=en&modules=site&only=styles&skin=vector&*","//bits.wikimedia.org/en.wikipedia.org/load.php?debug=false&lang=en&modules=startup&only=scripts&skin=vector&*","//bits.wikimedia.org/geoiplookup","//meta.wikimedia.org","#mw-head","#p-search","/wiki/Tom_McLaughlin","/w/index.php?title=Patrica_MacLachlan&action=edit&redlink=1","/wiki/Jason_Robards","/wiki/Brenda_Fricker","/wiki/Meg_Tilly","/wiki/Hallmark_Hall_of_Fame","/wiki/CBS","/wiki/Redwood_Curtain_(film)","/wiki/The_Boys_Next_Door_(1996_film)","/wiki/Hallmark_Hall_of_Fame","/wiki/CBS","/wiki/Jason_Robards","/wiki/Brenda_Fricker","/wiki/Meg_Tilly","/w/index.php?title=Journey_(1995_film)&action=edit&section=1","http://www.imdb.com/title/tt0116718/","/wiki/File:United_States_film.svg","//upload.wikimedia.org/wikipedia/commons/thumb/1/10/United_States_film.svg/30px-United_States_film.svg.png","/wiki/Wikipedia:Stub","//en.wikipedia.org/w/index.php?title=Journey_(1995_film)&action=edit","/wiki/Template:US-tv-film-stub","/wiki/Template_talk:US-tv-film-stub","//en.wikipedia.org/w/index.php?title=Template:US-tv-film-stub&action=edit","http://en.wikipedia.org/w/index.php?title=Journey_(1995_film)&oldid=537550880","/wiki/Help:Categories","/wiki/Category:English-language_films","/wiki/Category:Hallmark_Hall_of_Fame_episodes","/wiki/Category:1995_television_films","/wiki/Category:American_television_films","/wiki/Category:American_television_film_stubs","/w/index.php?title=Special:UserLogin&returnto=Journey+%281995+film%29&type=signup","/w/index.php?title=Special:UserLogin&returnto=Journey+%281995+film%29","/wiki/Journey_(1995_film)","/wiki/Talk:Journey_(1995_film)","#","/wiki/Journey_(1995_film)","/w/index.php?title=Journey_(1995_film)&action=edit","/w/index.php?title=Journey_(1995_film)&action=history","#","/w/index.php","//bits.wikimedia.org/static-1.21wmf11/skins/vector/images/search-ltr.png?303-4","/wiki/Main_Page","/wiki/Main_Page","/wiki/Portal:Contents","/wiki/Portal:Featured_content","/wiki/Portal:Current_events","/wiki/Special:Random","//donate.wikimedia.org/wiki/Special:FundraiserRedirector?utm_source=donate&utm_medium=sidebar&utm_campaign=C13_en.wikipedia.org&uselang=en","/wiki/Help:Contents","/wiki/Wikipedia:About","/wiki/Wikipedia:Community_portal","/wiki/Special:RecentChanges","/wiki/Wikipedia:Contact_us","/wiki/Special:WhatLinksHere/Journey_(1995_film)","/wiki/Special:RecentChangesLinked/Journey_(1995_film)","/wiki/Wikipedia:File_Upload_Wizard","/wiki/Special:SpecialPages","/w/index.php?title=Journey_(1995_film)&oldid=537550880","/w/index.php?title=Journey_(1995_film)&action=info","/w/index.php?title=Special:Cite&page=Journey_%281995_film%29&id=537550880","/w/index.php?title=Special:Book&bookcmd=book_creator&referer=Journey+%281995+film%29","/w/index.php?title=Special:Book&bookcmd=render_article&arttitle=Journey+%281995+film%29&oldid=537550880&writer=rl","/w/index.php?title=Journey_(1995_film)&printable=yes","//en.wikipedia.org/wiki/Wikipedia:Text_of_Creative_Commons_Attribution-ShareAlike_3.0_Unported_License","//creativecommons.org/licenses/by-sa/3.0/","//wikimediafoundation.org/wiki/Terms_of_Use","//www.wikimediafoundation.org/","//en.wikipedia.org/wiki/Wikipedia:Contact_us","//wikimediafoundation.org/wiki/Privacy_policy","/wiki/Wikipedia:About","/wiki/Wikipedia:General_disclaimer","http://en.m.wikipedia.org/wiki/Journey_(1995_film)","//wikimediafoundation.org/","//bits.wikimedia.org/images/wikimedia-button.png","//www.mediawiki.org/","//bits.wikimedia.org/static-1.21wmf11/skins/common/images/poweredby_mediawiki_88x31.png","//bits.wikimedia.org/en.wikipedia.org/load.php?debug=false&lang=en&modules=skins.vector&only=scripts&skin=vector&*","/w/index.php?title=MediaWiki:Gadget-ReferenceTooltips.js&action=raw&ctype=text/javascript&508635914","//bits.wikimedia.org/en.wikipedia.org/load.php?debug=false&lang=en&modules=site&only=scripts&skin=vector&*"],"instances":[],"pdf":[],"categories":["Hallmark Hall of Fame episodes","1995 television films","American television films"],"headings":["External links"],"image":["//upload.wikimedia.org/wikipedia/commons/thumb/1/10/United_States_film.svg/30px-United_States_film.svg.png","//bits.wikimedia.org/static-1.21wmf11/skins/vector/images/search-ltr.png?303-4","//bits.wikimedia.org/images/wikimedia-button.png","//bits.wikimedia.org/static-1.21wmf11/skins/common/images/poweredby_mediawiki_88x31.png"],"tags":[],"members":[],"related":["Tom_McLaughlin","Patrica_MacLachlan","Jason_Robards","Brenda_Fricker","Meg_Tilly","CBS","Hallmark_Hall_of_Fame","Hallmark_Hall_of_Fame","CBS","Jason_Robards","Brenda_Fricker","Meg_Tilly"]}