{"cursor":"4222","size":15,"audio":[],"currentlang":"en","article":"{{Infobox settlement |official_name = Calvin Township |settlement_type =\nTownship |nickname = |motto =\n\n |image_skyline = |imagesize = |image_caption = |image_flag =\n|image_seal =\n\n |image_map = Map highlighting Calvin Township, Jewell County,\nKansas.svg |mapsize = |map_caption = Location in Jewell County |image_map1 =\n|mapsize1 = |map_caption1 =\n\n |coordinates_display = inline,title |coordinates_region = US-\nKS |subdivision_type = Country |subdivision_name = United States\n|subdivision_type1 = State |subdivision_name1 = Kansas |subdivision_type2 =\nCounty |subdivision_name2 = Jewell |government_footnotes = |government_type =\n|leader_title = |leader_name = |leader_title1 = |leader_name1 =\n|established_title = |established_date =\n\n |area_footnotes = |area_magnitude = |area_total_km2 = 81.4\n|area_land_km2 = 81.37 |area_water_km2 = 0.04 |area_total_sq_mi = 31.43\n|area_land_sq_mi = 31.42 |area_water_sq_mi = 0.01 |area_water_percent = 0.05\n\n |population_as_of = 2000 |population_footnotes =\n|population_total = 65 |population_density_km2 = 0.8\n|population_density_sq_mi = 2.1\n\n |timezone = |utc_offset = |timezone_DST =\n|utc_offset_DST = |elevation_footnotes = |elevation_m = 533 |elevation_ft = 1749\n|latd = 39 |latm = 41 |lats = 58 |latNS = N |longd = 98 |longm = 12 |longs = 36\n|longEW = W\n\n |postal_code_type = |postal_code =\n|area_code = |blank_name = GNIS feature ID |blank_info =\n[http://geonames.usgs.gov/pls/gnispublic/f?p=gnispq:3:::NO::P3_FID:0472100\n0472100] |website = |footnotes = }}\n\n'Calvin Township' is a township in Jewell County, Kansas, USA. As of the 2000\ncensus, its population was 65.\n","linknr":164,"url":"Calvin_Township,_Jewell_County,_Kansas","recorded":1363395414,"links":["/w/index.php?title=Calvin_Township,_Jewell_County,_Kansas&action=edit","/w/index.php?title=Calvin_Township,_Jewell_County,_Kansas&action=edit","//en.wikipedia.org/apple-touch-icon.png","//bits.wikimedia.org/favicon/wikipedia.ico","/w/opensearch_desc.php","//en.wikipedia.org/w/api.php?action=rsd","//creativecommons.org/licenses/by-sa/3.0/","/w/index.php?title=Special:RecentChanges&feed=atom","//bits.wikimedia.org/en.wikipedia.org/load.php?debug=false&lang=en&modules=ext.gadget.DRN-wizard%2CReferenceTooltips%2Ccharinsert%2Cteahouse%7Cext.wikihiero%7Cmediawiki.legacy.commonPrint%2Cshared%7Cmw.PopUpMediaTransform%7Cskins.vector&only=styles&skin=vector&*","//bits.wikimedia.org/en.wikipedia.org/load.php?debug=false&lang=en&modules=site&only=styles&skin=vector&*","//bits.wikimedia.org/en.wikipedia.org/load.php?debug=false&lang=en&modules=startup&only=scripts&skin=vector&*","//bits.wikimedia.org/geoiplookup","//meta.wikimedia.org","#mw-head","#p-search","/wiki/Civil_township","/wiki/File:Map_highlighting_Calvin_Township,_Jewell_County,_Kansas.svg","//upload.wikimedia.org/wikipedia/commons/thumb/c/ca/Map_highlighting_Calvin_Township%2C_Jewell_County%2C_Kansas.svg/250px-Map_highlighting_Calvin_Township%2C_Jewell_County%2C_Kansas.svg.png","http://toolserver.org/~geohack/geohack.php?pagename=Calvin_Township,_Jewell_County,_Kansas&params=39_41_58_N_98_12_36_W_type:city(65)_region:US-KS","/wiki/Geographic_coordinate_system","http://toolserver.org/~geohack/geohack.php?pagename=Calvin_Township,_Jewell_County,_Kansas&params=39_41_58_N_98_12_36_W_type:city(65)_region:US-KS","/wiki/List_of_countries","/wiki/United_States","/wiki/Political_divisions_of_the_United_States","/wiki/Kansas","/wiki/List_of_counties_in_Kansas","/wiki/Jewell_County,_Kansas","/wiki/United_States_Census,_2000","/wiki/Geographic_Names_Information_System","http://geonames.usgs.gov/pls/gnispublic/f?p=gnispq:3:::NO::P3_FID:0472100","/wiki/Civil_township","/wiki/Jewell_County,_Kansas","/wiki/Kansas","/wiki/United_States","/wiki/United_States_Census,_2000","#Geography","#Adjacent_townships","#Cemeteries","#Major_highways","#References","#External_links","/w/index.php?title=Calvin_Township,_Jewell_County,_Kansas&action=edit&section=1","/w/index.php?title=Calvin_Township,_Jewell_County,_Kansas&action=edit&section=2","/wiki/Center_Township,_Jewell_County,_Kansas","/wiki/Washington_Township,_Jewell_County,_Kansas","/wiki/Buffalo_Township,_Jewell_County,_Kansas","/wiki/Browns_Creek_Township,_Jewell_County,_Kansas","/wiki/Athens_Township,_Jewell_County,_Kansas","/wiki/Ionia_Township,_Jewell_County,_Kansas","/wiki/Limestone_Township,_Jewell_County,_Kansas","/w/index.php?title=Calvin_Township,_Jewell_County,_Kansas&action=edit&section=3","/w/index.php?title=Calvin_Township,_Jewell_County,_Kansas&action=edit&section=4","/wiki/K-14_(Kansas_highway)","/wiki/K-28_(Kansas_highway)","/w/index.php?title=Calvin_Township,_Jewell_County,_Kansas&action=edit&section=5","http://geonames.usgs.gov/domestic/","http://www.census.gov/geo/www/cob/","/w/index.php?title=Calvin_Township,_Jewell_County,_Kansas&action=edit&section=6","http://www.us-counties.com/localgov/kansas.html","http://www.city-data.com/township/Calvin-Jewell-KS.html","/wiki/Template:Jewell_County,_Kansas","/wiki/Template_talk:Jewell_County,_Kansas","//en.wikipedia.org/w/index.php?title=Template:Jewell_County,_Kansas&action=edit","/wiki/Jewell_County,_Kansas","/wiki/County_seat","/wiki/Mankato,_Kansas","/wiki/City","/wiki/Burr_Oak,_Kansas","/wiki/Esbon,_Kansas","/wiki/Formoso,_Kansas","/wiki/Jewell,_Kansas","/wiki/Mankato,_Kansas","/wiki/Randall,_Kansas","/wiki/Webber,_Kansas","//upload.wikimedia.org/wikipedia/commons/thumb/6/65/Map_of_Kansas_highlighting_Jewell_County.svg/180px-Map_of_Kansas_highlighting_Jewell_County.svg.png","/wiki/Civil_township","/wiki/Allen_Township,_Jewell_County,_Kansas","/wiki/Athens_Township,_Jewell_County,_Kansas","/wiki/Browns_Creek_Township,_Jewell_County,_Kansas","/wiki/Buffalo_Township,_Jewell_County,_Kansas","/wiki/Burr_Oak_Township,_Jewell_County,_Kansas","/wiki/Center_Township,_Jewell_County,_Kansas","/wiki/Erving_Township,_Jewell_County,_Kansas","/wiki/Esbon_Township,_Jewell_County,_Kansas","/wiki/Grant_Township,_Jewell_County,_Kansas","/wiki/Harrison_Township,_Jewell_County,_Kansas","/wiki/Highland_Township,_Jewell_County,_Kansas","/wiki/Holmwood_Township,_Jewell_County,_Kansas","/wiki/Ionia_Township,_Jewell_County,_Kansas","/wiki/Jackson_Township,_Jewell_County,_Kansas","/wiki/Limestone_Township,_Jewell_County,_Kansas","/wiki/Montana_Township,_Jewell_County,_Kansas","/wiki/Odessa_Township,_Jewell_County,_Kansas","/wiki/Prairie_Township,_Jewell_County,_Kansas","/wiki/Richland_Township,_Jewell_County,_Kansas","/wiki/Sinclair_Township,_Jewell_County,_Kansas","/wiki/Vicksburg_Township,_Jewell_County,_Kansas","/wiki/Walnut_Township,_Jewell_County,_Kansas","/wiki/Washington_Township,_Jewell_County,_Kansas","/wiki/White_Mound_Township,_Jewell_County,_Kansas","/wiki/Unincorporated_area","/wiki/Montrose,_Kansas","/wiki/North_Branch,_Kansas","/wiki/Jewell_County,_Kansas","/wiki/Wikipedia:Stub","//en.wikipedia.org/w/index.php?title=Calvin_Township,_Jewell_County,_Kansas&action=edit","/wiki/Template:JewellCountyKS-geo-stub","/wiki/Template_talk:JewellCountyKS-geo-stub","//en.wikipedia.org/w/index.php?title=Template:JewellCountyKS-geo-stub&action=edit","http://en.wikipedia.org/w/index.php?title=Calvin_Township,_Jewell_County,_Kansas&oldid=543381905","/wiki/Help:Categories","/wiki/Category:Townships_in_Jewell_County,_Kansas","/wiki/Category:North_Central_Kansas_geography_stubs","/w/index.php?title=Special:UserLogin&returnto=Calvin+Township%2C+Jewell+County%2C+Kansas&type=signup","/w/index.php?title=Special:UserLogin&returnto=Calvin+Township%2C+Jewell+County%2C+Kansas","/wiki/Calvin_Township,_Jewell_County,_Kansas","/wiki/Talk:Calvin_Township,_Jewell_County,_Kansas","#","/wiki/Calvin_Township,_Jewell_County,_Kansas","/w/index.php?title=Calvin_Township,_Jewell_County,_Kansas&action=edit","/w/index.php?title=Calvin_Township,_Jewell_County,_Kansas&action=history","#","/w/index.php","//bits.wikimedia.org/static-1.21wmf11/skins/vector/images/search-ltr.png?303-4","/wiki/Main_Page","/wiki/Main_Page","/wiki/Portal:Contents","/wiki/Portal:Featured_content","/wiki/Portal:Current_events","/wiki/Special:Random","//donate.wikimedia.org/wiki/Special:FundraiserRedirector?utm_source=donate&utm_medium=sidebar&utm_campaign=C13_en.wikipedia.org&uselang=en","/wiki/Help:Contents","/wiki/Wikipedia:About","/wiki/Wikipedia:Community_portal","/wiki/Special:RecentChanges","/wiki/Wikipedia:Contact_us","/wiki/Special:WhatLinksHere/Calvin_Township,_Jewell_County,_Kansas","/wiki/Special:RecentChangesLinked/Calvin_Township,_Jewell_County,_Kansas","/wiki/Wikipedia:File_Upload_Wizard","/wiki/Special:SpecialPages","/w/index.php?title=Calvin_Township,_Jewell_County,_Kansas&oldid=543381905","/w/index.php?title=Calvin_Township,_Jewell_County,_Kansas&action=info","/w/index.php?title=Special:Cite&page=Calvin_Township%2C_Jewell_County%2C_Kansas&id=543381905","/w/index.php?title=Special:Book&bookcmd=book_creator&referer=Calvin+Township%2C+Jewell+County%2C+Kansas","/w/index.php?title=Special:Book&bookcmd=render_article&arttitle=Calvin+Township%2C+Jewell+County%2C+Kansas&oldid=543381905&writer=rl","/w/index.php?title=Calvin_Township,_Jewell_County,_Kansas&printable=yes","//es.wikipedia.org/wiki/Municipio_de_Calvin_(condado_de_Jewell,_Kansas)","//vi.wikipedia.org/wiki/Calvin,_Qu%E1%BA%ADn_Jewell,_Kansas","//www.wikidata.org/wiki/Special:ItemByTitle/enwiki/Calvin Township, Jewell County, Kansas","//en.wikipedia.org/wiki/Wikipedia:Text_of_Creative_Commons_Attribution-ShareAlike_3.0_Unported_License","//creativecommons.org/licenses/by-sa/3.0/","//wikimediafoundation.org/wiki/Terms_of_Use","//www.wikimediafoundation.org/","//en.wikipedia.org/wiki/Wikipedia:Contact_us","//wikimediafoundation.org/wiki/Privacy_policy","/wiki/Wikipedia:About","/wiki/Wikipedia:General_disclaimer","http://en.m.wikipedia.org/wiki/Calvin_Township,_Jewell_County,_Kansas","//wikimediafoundation.org/","//bits.wikimedia.org/images/wikimedia-button.png","//www.mediawiki.org/","//bits.wikimedia.org/static-1.21wmf11/skins/common/images/poweredby_mediawiki_88x31.png","//bits.wikimedia.org/en.wikipedia.org/load.php?debug=false&lang=en&modules=skins.vector&only=scripts&skin=vector&*","/w/index.php?title=MediaWiki:Gadget-ReferenceTooltips.js&action=raw&ctype=text/javascript&508635914","//bits.wikimedia.org/en.wikipedia.org/load.php?debug=false&lang=en&modules=site&only=scripts&skin=vector&*"],"instances":["kansas_highway","kansas_highway"],"pdf":[],"categories":["Townships in Jewell County, Kansas"],"headings":["Geography","References","External links"],"image":["//upload.wikimedia.org/wikipedia/commons/thumb/c/ca/Map_highlighting_Calvin_Township%2C_Jewell_County%2C_Kansas.svg/250px-Map_highlighting_Calvin_Township%2C_Jewell_County%2C_Kansas.svg.png","//upload.wikimedia.org/wikipedia/commons/thumb/6/65/Map_of_Kansas_highlighting_Jewell_County.svg/180px-Map_of_Kansas_highlighting_Jewell_County.svg.png","//bits.wikimedia.org/static-1.21wmf11/skins/vector/images/search-ltr.png?303-4","//bits.wikimedia.org/images/wikimedia-button.png","//bits.wikimedia.org/static-1.21wmf11/skins/common/images/poweredby_mediawiki_88x31.png"],"tags":[["k-14","kansas_highway"],["k-28","kansas_highway"]],"members":[],"related":["Civil_township","List_of_countries","United_States","Political_divisions_of_the_United_States","Kansas","List_of_counties_in_Kansas","Jewell_County,_Kansas","United_States_Census,_2000","Geographic_Names_Information_System","Civil_township","Jewell_County,_Kansas","Kansas","United_States","United_States_Census,_2000","Center_Township,_Jewell_County,_Kansas","Washington_Township,_Jewell_County,_Kansas","Buffalo_Township,_Jewell_County,_Kansas","Browns_Creek_Township,_Jewell_County,_Kansas","Athens_Township,_Jewell_County,_Kansas","Ionia_Township,_Jewell_County,_Kansas","Limestone_Township,_Jewell_County,_Kansas","K-14_(Kansas_highway)","K-28_(Kansas_highway)"]}