{"cursor":"103643","size":15,"audio":[],"currentlang":"en","article":"\n\n\n'Film speed' is the measure of a photographic film's sensitivity to light,\ndetermined by sensitometry and measured on various numerical scales, the most\nrecent being the ISO system. A closely related ISO system is used to measure the\nsensitivity of digital imaging systems.\n\nRelatively insensitive film, with a correspondingly lower speed index\nrequires more exposure to light to produce the same image density as a more\nsensitive film, and is thus commonly termed a slow film. Highly sensitive\nfilms are correspondingly termed fast films. In both digital and film\nphotography, the reduction of exposure corresponding to use of higher\nsensitivities generally leads to reduced image quality (via coarser film\ngrain or higher image noise of other types). In short, the higher the\nsensitivity, the grainier the image will be.\n","linknr":1315,"url":"Film_speed","recorded":1362482537,"links":74,"instances":["still_photography","photography","rps","photography","chemist"],"pdf":["http://media-shoot.ru/books/Konovalov-Harakteristi4eskaja_krivaja.pdf","http://media-shoot.ru/books/Konovalov-Harakteristi4eskaja_krivaja.pdf","http://www.riat-serra.org/g_tech_3.pdf","http://tu-dresden.de/die_tu_dresden/verwaltung/dezernat_5/sachgebiet_5_7/uj/bilder/pdf2002/UJ05-02.pdf","http://people.ischool.berkeley.edu/~buckland/kinamo08.pdf","http://libinfo.uark.edu/aas/issues/1951v4/v4a28.pdf","http://www.cameramanuals.org/flashes_meters/weston_film_ratings_1946.pdf","http://www.cameramanuals.org/flashes_meters/weston_sangamo_%20ratings.pdf","http://www.cameramanuals.org/flashes_meters/film_values.pdf","http://ntrs.nasa.gov/archive/nasa/casi.ntrs.nasa.gov/19730001888_1973001888.pdf","http://en.leica-camera.com/assets/file/download.php?filename=file_2048.pdf","http://www.cameramanuals.org/leica_pdf/leica_r8-1.pdf","http://www.cameramanuals.org/leica_pdf/leica_r8-2.pdf","http://www.cameramanuals.org/canon_pdf/canon_a1-1.pdf","http://www.cameramanuals.org/canon_pdf/canon_a1-2.pdf","http://www.cameramanuals.org/canon_pdf/canon_a1-3.pdf","http://www.ilfordphoto.com/Webfiles/200613019405339.pdf","http://www.cipa.jp/english/hyoujunka/kikaku/pdf/DC-004_EN.pdf","http://www.kodak.com/global/plugins/acrobat/en/business/ISS/supportdocs/ISOMeasurements.pdf","http://www.cipa.jp/english/hyoujunka/kikaku/pdf/DC-008-2010_E.pdf","http://www.cipa.jp/english/hyoujunka/kikaku/pdf/DC-008-2010_E.pdf","http://doug.kerr.home.att.net/pumpkin/SOS_REI.pdf"],"categories":["Science of photography","Units of measurement"],"headings":["Film speed measurement systems{{anchor|Film|Film speed}}","Reciprocity","Film sensitivity and grain","Digital camera ISO speed and exposure index{{anchor|Digital|ISO speed}}","See also","References","External links"],"image":["//upload.wikimedia.org/math/6/b/8/6b8c9c6983a576aa9e4382a84913029b.png","//upload.wikimedia.org/math/4/f/c/4fc011bda12a1f7aa25dc38f3171fada.png","//upload.wikimedia.org/math/e/f/a/efa245fb8cf590064f8e791477d106e5.png","//upload.wikimedia.org/math/6/0/5/605144d3102adcaa305112ca596adbcf.png","//upload.wikimedia.org/wikipedia/commons/thumb/c/ca/ISO6speedMethod.png/540px-ISO6speedMethod.png","//bits.wikimedia.org/static-1.21wmf10/skins/common/images/magnify-clip.png","//upload.wikimedia.org/math/8/3/7/837f1ca4e0d30efce441117ce706a45a.png","//upload.wikimedia.org/wikipedia/commons/thumb/8/8b/Korn_HP4_ISO1600.jpg/220px-Korn_HP4_ISO1600.jpg","//bits.wikimedia.org/static-1.21wmf10/skins/common/images/magnify-clip.png","//upload.wikimedia.org/wikipedia/en/thumb/9/99/Question_book-new.svg/50px-Question_book-new.svg.png","//upload.wikimedia.org/wikipedia/commons/thumb/0/09/CCD_Image_sensor.jpg/300px-CCD_Image_sensor.jpg","//bits.wikimedia.org/static-1.21wmf10/skins/common/images/magnify-clip.png","//upload.wikimedia.org/math/3/5/6/356a1f849f00eccd19be117dabea1107.png","//upload.wikimedia.org/math/9/9/f/99f93df06acb348810a8f460048eeb0a.png","//upload.wikimedia.org/math/d/e/0/de0d576a87c52a2bda180aacfbccffd6.png","//upload.wikimedia.org/math/7/9/6/796fe8db5e149e3c4150895674113189.png","//upload.wikimedia.org/wikipedia/commons/thumb/7/72/ISO.gif/220px-ISO.gif","//bits.wikimedia.org/static-1.21wmf10/skins/common/images/magnify-clip.png","//upload.wikimedia.org/math/7/c/8/7c8b71d387b195ba6be307c2f24ef847.png","//upload.wikimedia.org/math/9/9/9/999a601a2b69e375e73d160ad94c6700.png","//upload.wikimedia.org/math/7/2/b/72b2db63a09371fcbe058853f76c78c5.png","//upload.wikimedia.org/math/d/e/3/de37fd270cdc3740485ffd781f3652b1.png","//upload.wikimedia.org/math/1/e/8/1e840c4fafda8418bd4b15f741526594.png","//upload.wikimedia.org/math/3/0/5/3057b64c5da46dd7b1d37f3dff131a4c.png","//upload.wikimedia.org/math/6/8/a/68a1b68a026559fdf1f364a5fa018851.png","//upload.wikimedia.org/math/4/1/1/411feb965f636374dd29bf5738e881e6.png","//upload.wikimedia.org/wikipedia/en/thumb/4/4a/Commons-logo.svg/30px-Commons-logo.svg.png","//bits.wikimedia.org/static-1.21wmf10/skins/vector/images/search-ltr.png?303-4","//bits.wikimedia.org/images/wikimedia-button.png","//bits.wikimedia.org/static-1.21wmf10/skins/common/images/poweredby_mediawiki_88x31.png"],"tags":[["exposure","photography"],["progress_medal","rps"],["edward_weston","chemist"],["kodacolor","still_photography"],["shutter","photography"],["reciprocity","photography"],["reciprocity","photography#reciprocity_failure"]],"members":["reciprocity","kodacolor","shutter","progress_medal","exposure","edward_weston"],"related":["Photographic_film","Light","Sensitometry","Exposure_(photography)","Film_grain","Image_noise","Sensitometry","Leon_Warnerke","Progress_Medal_(RPS)","Photographic_Society_of_Great_Britain","Phosphorescence","Magnesium","Henry_Chapman_Jones","Hurter_and_Driffield","Ferdinand_Hurter","Vero_Charles_Driffield","Soviet_Union","Julius_Scheiner","Josef_Maria_Eder","Emanuel_Goldberg","International_Congress_of_Photography","Dresden","Decibel","British_Standards_Institution","Edward_Faraday_Weston","Edward_Henry_Weston","Edward_Weston_(chemist)","Edward_Henry_Weston","Weston_Electrical_Instrument_Corporation","William_Nelson_Goodwin,_Jr.","Howard_N._Potts_Medal","General_Electric","Loyd_A._Jones","Kodak","American_Standards_Association","ANSI","Ilford_HP","APEX_system","Soviet_Union","Light_meter","International_standard","Color_print_film","International_Organization_for_Standardization","Arithmetic","Logarithmic_scale","Kodachrome","Velvia","Kodacolor_(still_photography)","Provia","Ilford_FP","Fujicolor_Pro","Kodak_Portra","Fujifilm_Superia","Kodak_Tri-X","Ilford_HP","Fujicolor_Pro","Instax","Kodak_T-MAX","Ilford_Delta","Nikon_D3s","Canon_EOS-1D_Mark_IV","Canon_EOS-1D_X","Nikon_D4","35_mm_film","DX_encoding","Exposure_compensation","Canon_Pellix_QL","Canon_FT_QL","Canon_A-1","Leica_R8","Leica_R9","Optical_density","Sensitometry","Black-and-white","Negative_film","Lux_second","Color_reversal_film","Lighting","F-number","Shutter_speed","APEX_system","Focal_length","Aperture","Sunny_16_rule","Push_processing","Shutter_(photography)","Light_meter","Shutter_speed","Aperture","Reciprocity_(photography)","Silver_halide","Emulsion","Film_grain","Original_camera_negative","Eastman_Kodak","Just-noticeable_difference","Ilford_Delta","Kodak_T-MAX","Digital_camera","Signal_gain","Color_space","SRGB","Camera_&_Imaging_Products_Association","SRGB","Light_Meter","Exposure_compensation","JPEG","Raw_image_format","Exchangeable_image_file_format","SRGB","Tagged_Image_File_Format","Lux","Second","Focal_length","Luminance","Candela","Metre","Transmittance","Vignetting","Gain","Analog-to-digital_converter","Light_meter","Specular_reflection","Signal-to-noise_ratio","Pixel","Standard_deviation","Luminance","SRGB","Gamma_correction","Incandescent_light","SRGB","Tagged_Image_File_Format","Film_grain","Image_sensors","APEX_system","Frame_rate","Lens_speed","Sensitometry","Leon_Warnerke","Josef_Maria_Eder","Ferdinand_Hurter","Vero_Charles_Driffield","Alfred_Watkins","Henry_Chapman_Jones","Loyd_A._Jones","Henry_Chapman_Jones","Josef_Maria_Eder","Henry_Chapman_Jones","William_de_Wiveleslie_Abney","Julius_Scheiner","Hurter_and_Driffield","Josef_Maria_Eder","Michael_Buckland","Joris_Ivens","Dresden","International_Congress_of_Photography","Emanuel_Goldberg","Agfa","ORWO","Leipzig","Focal_Press"]}