{"cursor":"117870","size":15,"audio":[],"currentlang":"en","article":"]]\n\n 1880 to 2009]]\n\n\n'Climate change mitigation' is action to decrease the intensity of radiative\nforcing in order to reduce the effects of global warming. In contrast, adaptation to global warming involves acting to\ntolerate the effects of global warming. Most often,\nclimate change mitigation scenarios involve reductions in the concentrations of\ngreenhouse gases, either by reducing their sources\nor by increasing their sinks.\n\nThe United Nations (UN) defines mitigation in the context of climate change, as\na human intervention to reduce the sources or enhance the sinks of greenhouse\ngases. Examples include using fossil fuels more efficiently for industrial\nprocesses or electricity generation, switching to renewable energy (solar energy\nor wind power), improving the insulation of buildings, and expanding forests and\nother \"sinks\" to remove greater amounts of carbon dioxide from the\natmosphere. Together with these strategies, numerous studies and\nassessments (e.g., by the Intergovernmental Panel on Climate Change (IPCC), {{citation\n | chapter=Ch. 4: Energy supply author=Sims, R.E.H., et al. at=[http://www.ipcc.ch/publications_and_data/ar4/wg3/en/ch4s4-\n | es.html Executive summary]\n}}, in  International Atomic Energy Agency,\nand International Energy Agency {{citation\n | title=Technology Roadmap: Nuclear Energy. 2010 Edition date=16 June 2010\n | author=IEA url=http://iea.org/publications/freepublications/publication/nucl-\n | ear_roadmap.pdf publisher=Organization for Economic Co-operation and\n | Development (OECD) / International Energy Agency (IEA) and OECD / Nuclear\n | Energy Agency (NEA)\n}}, pp.5-6. Also available in\n[http://iea.org/publications/freepublications/publication/name,3906,en.html\nChinese and Italian]  have stated that as part of the portfolio of low-\ncarbon energy technologies, nuclear power will continue to play a role in\nreducing greenhouse gas emissions.\n\nScientific consensus on global warming, together with the precautionary\nprinciple and the fear of abrupt climate change\n{{Cite journal |title=Abrupt non-linear climate change, irreversibility and\nsurprise |url=http://www.oecd.org/dataoecd/9/59/2482280.pdf |first=Stephen\nH.|last=Schneider |author-link=Stephen Schneider |journal=Global Environmental\nChange |volume=14 |issue=3|pages=245â258|year=2004|publisher=Elsevier\n|doi=10.1016/j.gloenvcha.2004.04.008}}  is leading to increased effort to\ndevelop new technologies and sciences and carefully manage others in an attempt\nto mitigate global warming. Most means of mitigation appear effective only for\npreventing further warming, not at reversing existing warming. The Stern Review identifies several ways of mitigating\nclimate change. These include reducing demand for emissions-intensive goods and\nservices, increasing efficiency gains, increasing use and development of low-\ncarbon technologies, and reducing fossil fuel emissions.\n\nThe energy policy of the European Union has set a target of limiting the global\ntemperature rise to 2 Â°C (3.6 Â°F) compared to preindustrial levels, of which 0.8\nÂ°C has already taken place and another 0.5â0.7 Â°C is already\ncommitted. Oliver Geden (2010), [http://www.swp-\nberlin.org/fileadmin/contents/products/comments/2010C19_gdn_ks.pdf What Comes\nAfter the Two-Degree Target?], SWP Comments 19 The 2 Â°C rise is typically\nassociated in climate models with a carbon dioxide equivalent concentration of\n400â500 ppm by volume; the current (April 2011) level of carbon dioxide alone is\n393 ppm by volume, and rising at 1-3 ppm annually. Hence, to avoid a very likely\nbreach of the 2 Â°C target, CO 2 levels would have to be stabilised\nvery soon; this is generally regarded as unlikely, based on current programs in\nplace to date. {{cite web |title = EU climate change target \"unfeasible\"\n|publisher = EurActiv.com |date = 2006-02-01 |url = http://www.euractiv.com/Article?tcmuri=tcm:29-152154-\n16&type=News |accessdate = 2007-02-21}} {{cite web |url=http://www.guardian.co.uk/environment/2009/apr/14/global-warming-target-\n2c |title=World will not meet 2C warming target, climate change experts agree\n|publisher=Guardian News and Media Limited |last=Adam |first=David |date=14\nApril 2009 |accessdate=2009-04-14}} The importance of change is\nillustrated by the fact that world economic energy efficiency is presently\nimproving at only half the rate of world economic growth. United States\nDepartment of Energy [http://www.eia.doe.gov/emeu/cabs/carbonemiss/chapter1.html\nWorld Trends]\n","linknr":1833,"url":"Climate_change_mitigation","recorded":1364227486,"links":["/w/index.php?title=Climate_change_mitigation&action=edit","/w/index.php?title=Climate_change_mitigation&action=edit","//en.wikipedia.org/apple-touch-icon.png","//bits.wikimedia.org/favicon/wikipedia.ico","/w/opensearch_desc.php","//en.wikipedia.org/w/api.php?action=rsd","//creativecommons.org/licenses/by-sa/3.0/","/w/index.php?title=Special:RecentChanges&feed=atom","//bits.wikimedia.org/en.wikipedia.org/load.php?debug=false&lang=en&modules=ext.gadget.DRN-wizard%2CReferenceTooltips%2Ccharinsert%2Cteahouse%7Cext.wikihiero%7Cmediawiki.legacy.commonPrint%2Cshared%7Cmw.PopUpMediaTransform%7Cskins.vector&only=styles&skin=vector&*","//bits.wikimedia.org/en.wikipedia.org/load.php?debug=false&lang=en&modules=site&only=styles&skin=vector&*","//bits.wikimedia.org/en.wikipedia.org/load.php?debug=false&lang=en&modules=startup&only=scripts&skin=vector&*","//bits.wikimedia.org/geoiplookup","//meta.wikimedia.org","#mw-head","#p-search","/wiki/File:Global_Warming_Observed_CO2_Emissions_from_fossil_fuel_burning_vs_IPCC_scenarios.jpg","//upload.wikimedia.org/wikipedia/commons/thumb/4/49/Global_Warming_Observed_CO2_Emissions_from_fossil_fuel_burning_vs_IPCC_scenarios.jpg/220px-Global_Warming_Observed_CO2_Emissions_from_fossil_fuel_burning_vs_IPCC_scenarios.jpg","/wiki/File:Global_Warming_Observed_CO2_Emissions_from_fossil_fuel_burning_vs_IPCC_scenarios.jpg","//bits.wikimedia.org/static-1.21wmf11/skins/common/images/magnify-clip.png","http://www.ipcc.ch/ipccreports/sres/emission/data/allscen.xls","http://www.iea.org/co2highlights/co2Highlights.XLS","http://www.guardian.co.uk/environment/2011/may/29/carbon-emissions-nuclearpower","/wiki/Skeptical_Science","/wiki/File:Instrumental_Temperature_Record_(NASA).svg","//upload.wikimedia.org/wikipedia/commons/thumb/7/75/Instrumental_Temperature_Record_%28NASA%29.svg/220px-Instrumental_Temperature_Record_%28NASA%29.svg.png","/wiki/File:Instrumental_Temperature_Record_(NASA).svg","//bits.wikimedia.org/static-1.21wmf11/skins/common/images/magnify-clip.png","/wiki/Instrumental_temperature_record","/wiki/File:Global_Carbon_Emissions.svg","//upload.wikimedia.org/wikipedia/commons/thumb/4/44/Global_Carbon_Emissions.svg/220px-Global_Carbon_Emissions.svg.png","/wiki/File:Global_Carbon_Emissions.svg","//bits.wikimedia.org/static-1.21wmf11/skins/common/images/magnify-clip.png","#cite_note-1","/wiki/Radiative_forcing","/wiki/Global_warming","#cite_note-TAR_glosary-2","/wiki/Adaptation_to_global_warming","/wiki/Effects_of_global_warming","#cite_note-TAR_glosary-2","/wiki/Climate_change_mitigation_scenarios","/wiki/Concentrations","/wiki/Greenhouse_gases","/wiki/Greenhouse_gas_emissions#Greenhouse_gas_emissions","#cite_note-ReferenceB-3","/wiki/Carbon_sink","/wiki/United_Nations","/wiki/Fossil_fuel","/wiki/Renewable_energy","/wiki/Solar_energy","/wiki/Wind_power","/wiki/Building_insulation","/wiki/Forest","/wiki/Carbon_dioxide","#cite_note-4","/wiki/Intergovernmental_Panel_on_Climate_Change","#cite_note-Sims.2C_R.E.H..2C_et_al.-5","/wiki/International_Atomic_Energy_Agency","#cite_note-IAEA_2008_42-6","/wiki/International_Energy_Agency","#cite_note-7","/wiki/Low-carbon_energy","/wiki/Nuclear_power","/wiki/Scientific_opinion_on_climate_change","/wiki/Precautionary_principle","/wiki/Abrupt_climate_change","#cite_note-schneider2004anl-8","#cite_note-ReferenceA-9","/wiki/Stern_Review","#cite_note-stern-10","/wiki/Energy_policy_of_the_European_Union","/wiki/Celsius","/wiki/Industrial_Revolution","/wiki/Climate_commitment","#cite_note-11","/wiki/Climate_model","/wiki/Carbon_dioxide_equivalent","/wiki/Parts_per_million","#cite_note-12","#cite_note-13","/wiki/Economic_growth","#cite_note-14","#Greenhouse_gas_concentrations_and_stabilization","#Humanity.27s_energy_consumption_by_power_source","#Methods_and_means","#Alternative_energy_sources","#Renewable_energy","#Nuclear_power","#Carbon_intensity_of_fossil_fuels","#Fuel_switching","#Carbon_capture_and_storage","#Energy_efficiency_and_conservation","#Transport","#Urban_planning","#Building_design","#Eliminating_waste_methane","#Sinks_and_negative_emissions","#Reforestation_and_avoided_deforestation","#Negative_carbon_dioxide_emissions","#Geoengineering","#Carbon_dioxide_removal","#Carbon_air_capture","#Solar_radiation_management","#Sulfate_aerosols","#Pacala_and_Socolow:_15_programs","#Societal_controls","#Population","#Non-CO2_greenhouse_gases","#Costs_and_benefits","#Costs","#Benefits","#Sharing","#Distributing_emissions_abatement_costs","#Specific_proposals","#Governmental_and_intergovernmental_action","#Kyoto_Protocol","#Encouraging_use_changes","#Emissions_tax","#Making_the_emitting_of_CO2_illegal","#Subsidies","#Carbon_emissions_trading","#Implementation","#Funding","#Problems","#Occurrence","#Territorial_policies","#United_States","#Developing_countries","#Non-governmental_approaches","#Choices_in_personal_actions_and_business_operations","#Air_travel_and_shipment","#Business_opportunities_and_risks","#Legal_action","#See_also","#By_country","#Notes","#References","#External_links","#European_Union","#USA","#Academic","/w/index.php?title=Climate_change_mitigation&action=edit&section=1","/wiki/Greenhouse_gas#Removal_from_the_atmosphere_and_global_warming_potential","/wiki/File:Stabilizing_carbon_dioxide_emissions_at_their_present_level_will_not_stabilize_its_concentration_in_the_atmosphere.png","//upload.wikimedia.org/wikipedia/commons/thumb/c/c8/Stabilizing_carbon_dioxide_emissions_at_their_present_level_will_not_stabilize_its_concentration_in_the_atmosphere.png/200px-Stabilizing_carbon_dioxide_emissions_at_their_present_level_will_not_stabilize_its_concentration_in_the_atmosphere.png","#cite_note-faq-15","/wiki/File:Stabilizing_the_atmospheric_concentration_of_carbon_dioxide_at_a_constant_level_would_require_emissions_to_be_effectively_eliminated.png","//upload.wikimedia.org/wikipedia/commons/thumb/8/8c/Stabilizing_the_atmospheric_concentration_of_carbon_dioxide_at_a_constant_level_would_require_emissions_to_be_effectively_eliminated.png/200px-Stabilizing_the_atmospheric_concentration_of_carbon_dioxide_at_a_constant_level_would_require_emissions_to_be_effectively_eliminated.png","#cite_note-faq-15","/wiki/United_Nations_Framework_Convention_on_Climate_Change","/wiki/Avoiding_dangerous_climate_change","/wiki/Climate_change_and_ecosystems","/wiki/Climate_change_and_agriculture","/wiki/Economics_of_global_warming","#cite_note-16","#cite_note-17","/wiki/Chemical_formula","#cite_note-18","/wiki/Carbon_dioxide_in_Earth%27s_atmosphere","#cite_note-faq-15","#cite_note-19","/wiki/Climate_change_mitigation#Non-CO2_greenhouse_gases","/w/index.php?title=Climate_change_mitigation&action=edit&section=2","/wiki/Emission_intensity","/wiki/Fossil_fuel","/wiki/Oil","/wiki/Coal","/wiki/Natural_gas","/wiki/Low-carbon_power","/wiki/Fossil_fuel","/wiki/Hydroelectricity","/wiki/Nuclear_power","/wiki/Low-carbon_power","/wiki/Power_(physics)","/wiki/Terawatt","#cite_note-20","/wiki/Hydroelectric","/wiki/Nuclear_power","/wiki/Geothermal","/wiki/Solar_energy","/wiki/Energy_Information_Administration","/w/index.php?title=Climate_change_mitigation&action=edit&section=3","/wiki/File:Alternative_Energies.jpg","//upload.wikimedia.org/wikipedia/commons/thumb/b/bb/Alternative_Energies.jpg/220px-Alternative_Energies.jpg","/wiki/File:Alternative_Energies.jpg","//bits.wikimedia.org/static-1.21wmf11/skins/common/images/magnify-clip.png","/wiki/Wind","/wiki/Sun","/wiki/Biomass","/wiki/Energy_conservation","/wiki/Fuel_efficiency","/wiki/Hybrid_vehicle","/wiki/Plug-in_hybrid","/wiki/Electric_car","/wiki/Fuel_economy_in_automobiles","/wiki/Individual_and_political_action_on_climate_change","/wiki/Business_action_on_climate_change","/wiki/Future_energy_development","/wiki/Solar_power","/wiki/Tidal_power","/wiki/Ocean_energy","/wiki/Geothermal_power","/wiki/Wind_power","/wiki/Nuclear_power","/wiki/Carbon_sink","/wiki/Carbon_credits","/wiki/Carbon_tax","/wiki/Gross_domestic_product","#cite_note-LivingWithin-21","/w/index.php?title=Climate_change_mitigation&action=edit&section=4","/w/index.php?title=Climate_change_mitigation&action=edit&section=5","/wiki/Renewable_energy","/wiki/Renewable_energy_commercialization","/wiki/File:GlobalWindPowerCumulativeCapacity.png","//upload.wikimedia.org/wikipedia/commons/thumb/6/64/GlobalWindPowerCumulativeCapacity.png/170px-GlobalWindPowerCumulativeCapacity.png","/wiki/File:GlobalWindPowerCumulativeCapacity.png","//bits.wikimedia.org/static-1.21wmf11/skins/common/images/magnify-clip.png","#cite_note-GWEC_Market-22","/wiki/File:PS20andPS10.jpg","//upload.wikimedia.org/wikipedia/commons/thumb/2/22/PS20andPS10.jpg/170px-PS20andPS10.jpg","/wiki/File:PS20andPS10.jpg","//bits.wikimedia.org/static-1.21wmf11/skins/common/images/magnify-clip.png","/wiki/PS10_Solar_Power_Plant","/wiki/PS20_Solar_Power_Plant","/wiki/File:Calefon_solar_termosifonico_compacto.jpg","//upload.wikimedia.org/wikipedia/commons/thumb/d/db/Calefon_solar_termosifonico_compacto.jpg/170px-Calefon_solar_termosifonico_compacto.jpg","/wiki/File:Calefon_solar_termosifonico_compacto.jpg","//bits.wikimedia.org/static-1.21wmf11/skins/common/images/magnify-clip.png","/wiki/Thermosiphon","/wiki/Electricity_generation","/wiki/Hydro_power","#cite_note-23","/wiki/Global_warming","#cite_note-Stern-24","#cite_note-ieapress-25","#cite_note-UNEP2-26","/wiki/Renewable_energy_industry","#cite_note-UNnews-27","#cite_note-mak-28","#cite_note-UNEP-29","#cite_note-ren2010-30","#cite_note-re-31","/wiki/Power_generation","/wiki/Solar_hot_water","/wiki/Space_heating","/wiki/Transport_fuel","#cite_note-ren15-32","/wiki/Mark_Z._Jacobson","/wiki/Wind_power","/wiki/Hydroelectricity","/wiki/Solar_power","#cite_note-wws-33","#cite_note-wws-review-34","/wiki/USD","/wiki/Trillion","#cite_note-35","/wiki/Photovoltaic","/wiki/Concentrated_solar_power","#cite_note-36","/wiki/NASA","/wiki/James_Hansen","/wiki/Easter_Bunny","/wiki/Tooth_Fairy","#cite_note-slate.com-37","/wiki/Vaclav_Smil","#cite_note-slate.com-37","#cite_note-38","/wiki/Geography","/wiki/Geology","/wiki/Weather","/wiki/Geothermal_energy","/wiki/Hydroelectric","#cite_note-ren53-39","/wiki/Solar_water_heating","/wiki/Biomass","/wiki/Geothermal_heating","#cite_note-ren53-39","/wiki/Biofuel","/wiki/Ethanol_fuel","/wiki/Biodiesel","#cite_note-ren53-39","/w/index.php?title=Climate_change_mitigation&action=edit&section=6","/wiki/Nuclear_renaissance","/wiki/Comparisons_of_life-cycle_greenhouse_gas_emissions","/wiki/File:Greenhouse_Gas_Emissions_from_Electricity_Production_IEA.PNG","//upload.wikimedia.org/wikipedia/commons/thumb/c/cc/Greenhouse_Gas_Emissions_from_Electricity_Production_IEA.PNG/300px-Greenhouse_Gas_Emissions_from_Electricity_Production_IEA.PNG","/wiki/File:Greenhouse_Gas_Emissions_from_Electricity_Production_IEA.PNG","//bits.wikimedia.org/static-1.21wmf11/skins/common/images/magnify-clip.png","/wiki/International_Energy_Agency","/wiki/Yale_University","/wiki/Life_cycle_assessment","/wiki/Nuclear_power","#cite_note-40","/wiki/GHG","/wiki/Nuclear_power","/wiki/Low-carbon_power","#cite_note-41","#cite_note-42","/wiki/Intergovernmental_Panel_on_Climate_Change","#cite_note-Sims.2C_R.E.H..2C_et_al.-5","/wiki/International_Atomic_Energy_Agency","#cite_note-IAEA_2008_42-6","/wiki/International_Energy_Agency","#cite_note-43","/wiki/Low-carbon_energy","/wiki/Spent_nuclear_fuel","/wiki/Nuclear_safety","/wiki/Nuclear_terrorism","/wiki/President_of_United_States","/wiki/Barack_Obama","/wiki/Nuclear_power","#cite_note-44","/wiki/File:Net_US_Electric_Generation_for_2009.jpg","//upload.wikimedia.org/wikipedia/en/thumb/c/cc/Net_US_Electric_Generation_for_2009.jpg/350px-Net_US_Electric_Generation_for_2009.jpg","/wiki/File:Net_US_Electric_Generation_for_2009.jpg","//bits.wikimedia.org/static-1.21wmf11/skins/common/images/magnify-clip.png","/wiki/Nuclear_power","/wiki/USA","/wiki/Fossil_fuel","/wiki/Carbon_tax","#cite_note-45","#cite_note-tf2010-46","#cite_note-47","#cite_note-iea2009-48","/wiki/File:Global_public_support_for_energy_sources_(Ipsos_2011).png","//upload.wikimedia.org/wikipedia/commons/thumb/6/6e/Global_public_support_for_energy_sources_%28Ipsos_2011%29.png/220px-Global_public_support_for_energy_sources_%28Ipsos_2011%29.png","/wiki/File:Global_public_support_for_energy_sources_(Ipsos_2011).png","//bits.wikimedia.org/static-1.21wmf11/skins/common/images/magnify-clip.png","#cite_note-ipsos_2011_preference_for_renewables-49","/wiki/EPR","#cite_note-jk-50","#cite_note-greeninc-51","#cite_note-rb-52","/wiki/IAEA","/wiki/European_Nuclear_Society","#cite_note-53","#cite_note-euronuclear.org-54","#cite_note-euronuclear.org-54","#cite_note-Nuclear_Power_in_China-55","#cite_note-Nuclear_Power_in_the_USA-56","#cite_note-matt2010-57","#cite_note-ditt-58","/wiki/Light_Water_Reactor_Sustainability_Program","#cite_note-Nuclear_Power_in_the_USA-56","/wiki/Carbon_dioxide_emission","/wiki/Electric_car","/wiki/Gram","/wiki/Kilometer","#cite_note-honestjohn.co.uk-59","/wiki/Hybrid_car","/wiki/Toyota_Prius","/wiki/Carbon_dioxide_emission","#cite_note-honestjohn.co.uk-59","/wiki/Uranium-235","/wiki/Thorium","/wiki/Uranium","#cite_note-BAS-60","/wiki/India","#cite_note-NPCIL-61","/wiki/Norway","#cite_note-SmartPlanet-62","#cite_note-63","#cite_note-64","#cite_note-65","/wiki/2011_T%C5%8Dhoku_earthquake_and_tsunami","/wiki/Fukushima_Daiichi_nuclear_disaster","#cite_note-66","#cite_note-67","#cite_note-ipsos_2011_preference_for_renewables-49","#cite_note-68","/wiki/UK","#cite_note-69","/w/index.php?title=Climate_change_mitigation&action=edit&section=7","/wiki/Emission_intensity","#cite_note-70","#cite_note-71","/w/index.php?title=Climate_change_mitigation&action=edit&section=8","/wiki/Natural_gas","/wiki/Methane","/wiki/Oil","/wiki/Coal","/wiki/Emission_intensity","#cite_note-72","#cite_note-autogenerated1-73","/w/index.php?title=Climate_change_mitigation&action=edit&section=9","/wiki/File:Carbon_sequestration-2009-10-07.svg","//upload.wikimedia.org/wikipedia/commons/thumb/b/b5/Carbon_sequestration-2009-10-07.svg/220px-Carbon_sequestration-2009-10-07.svg.png","/wiki/File:Carbon_sequestration-2009-10-07.svg","//bits.wikimedia.org/static-1.21wmf11/skins/common/images/magnify-clip.png","/wiki/Carbon_capture_and_storage","/wiki/Carbon_dioxide","/wiki/Intergovernmental_Panel_on_Climate_Change","#cite_note-futureenergysummit-74","#cite_note-futureenergysummit-74","/wiki/Norway","#cite_note-futureenergysummit-74","#cite_note-75","/w/index.php?title=Climate_change_mitigation&action=edit&section=10","/wiki/Efficient_energy_use","/wiki/Energy_conservation","/wiki/File:Compact-Fluorescent-Bulb.jpg","//upload.wikimedia.org/wikipedia/commons/thumb/c/c3/Compact-Fluorescent-Bulb.jpg/250px-Compact-Fluorescent-Bulb.jpg","/wiki/File:Compact-Fluorescent-Bulb.jpg","//bits.wikimedia.org/static-1.21wmf11/skins/common/images/magnify-clip.png","/wiki/Compact_fluorescent_lamp","#cite_note-76","/wiki/Building_insulation","/wiki/Fluorescent_lights","/wiki/Skylight_(window)","/wiki/Incandescent_light_bulbs","/wiki/Compact_fluorescent_lights","#cite_note-77","/wiki/World_energy_resources_and_consumption","/wiki/California","#cite_note-78","/wiki/Energy_conservation","/wiki/Fossil_fuels","#cite_note-79","/wiki/Greenhouse_gas","/wiki/International_Energy_Agency","/wiki/Energy_efficient_buildings","/wiki/Sustainable_transportation","#cite_note-80","/w/index.php?title=Climate_change_mitigation&action=edit&section=11","/wiki/File:Scania_OmniCity_ethanol_demonstrator.JPG","//upload.wikimedia.org/wikipedia/commons/thumb/b/b1/Scania_OmniCity_ethanol_demonstrator.JPG/220px-Scania_OmniCity_ethanol_demonstrator.JPG","/wiki/File:Scania_OmniCity_ethanol_demonstrator.JPG","//bits.wikimedia.org/static-1.21wmf11/skins/common/images/magnify-clip.png","/wiki/Ethanol_fuel","/wiki/Reading,_Berkshire","/wiki/UK","/wiki/File:BikesInAmsterdam_2004_SeanMcClean.jpg","//upload.wikimedia.org/wikipedia/commons/thumb/2/24/BikesInAmsterdam_2004_SeanMcClean.jpg/220px-BikesInAmsterdam_2004_SeanMcClean.jpg","/wiki/File:BikesInAmsterdam_2004_SeanMcClean.jpg","//bits.wikimedia.org/static-1.21wmf11/skins/common/images/magnify-clip.png","/wiki/Bicycle","/wiki/Carbon_footprint","/wiki/Sustainable_transport","/wiki/Efficient_energy_use","/wiki/Plug-in_hybrid","/wiki/Future_energy_development","/wiki/Hydrogen_car","/wiki/Petroleum","/wiki/Carbon_dioxide","/wiki/Environmental_impact_of_aviation","/wiki/Road_transport","/wiki/Rail_transport","#cite_note-81","#cite_note-82","/wiki/Biofuel","/wiki/Ethanol_fuel","/wiki/Biodiesel","/wiki/Hybrid_vehicle","/wiki/Plug-in_hybrid","/wiki/Renewable_energy","/wiki/Urban_planning","/wiki/Urban_sprawl","/wiki/Public_transport","/w/index.php?title=Climate_change_mitigation&action=edit&section=12","/wiki/Urban_planning","/wiki/Urban_planning","/wiki/Urban_development","#cite_note-83","/wiki/Land_use","/wiki/Smart_growth","/wiki/New_Urbanism","/wiki/Transit-oriented_development","/wiki/Public_transit","/wiki/Walking","/wiki/Cycling","/w/index.php?title=Medium-density&action=edit&redlink=1","/wiki/Mixed-use_development","/wiki/Town_center","/wiki/Transport_node","/w/index.php?title=Climate_change_mitigation&action=edit&section=13","/wiki/Sustainable_architecture","/wiki/Green_building","/wiki/House","#cite_note-84","#cite_note-85","#cite_note-86","#cite_note-87","/wiki/Passive_solar_building_design","/wiki/Low-energy_building","/wiki/Zero-energy_building","/wiki/Renewable_heat","/wiki/Hot_water_heater","/wiki/Furnaces","/wiki/Insulated_glazing","/wiki/Geothermal_heat_pump","/wiki/Passive_solar","#cite_note-88","#cite_note-89","/wiki/Urban_heat_island","/w/index.php?title=Climate_change_mitigation&action=edit&section=14","/wiki/Methane","/wiki/Carbon_dioxide","#cite_note-autogenerated1-73","/wiki/Methane","/wiki/Flatulence","/wiki/Eructation","#cite_note-90","/w/index.php?title=Climate_change_mitigation&action=edit&section=15","/wiki/Carbon_sink","/wiki/Negative_carbon_dioxide_emission","/wiki/Carbon_sink","/wiki/Forest","/wiki/Negative_carbon_dioxide_emission","/wiki/Carbon_capture_and_storage#Geological_storage","/w/index.php?title=Climate_change_mitigation&action=edit&section=16","/wiki/Deforestation","/wiki/Reforestation","/wiki/Biosequestration","/wiki/Opportunity_costs","/wiki/Afforestation","/wiki/Reforestation","#cite_note-stern-10","/wiki/Temperate_forest","/wiki/Intergovernmental_Panel_on_Climate_Change","/w/index.php?title=Plantation_forest&action=edit&redlink=1","#cite_note-91","/w/index.php?title=Agricultural_emissions&action=edit&redlink=1","/wiki/Fugitive_emissions","/w/index.php?title=Waste_emissions&action=edit&redlink=1","/wiki/Industrial_processes","#cite_note-stern-10","/wiki/Overseas_Development_Institute","#cite_note-92","/w/index.php?title=Climate_change_mitigation&action=edit&section=17","/wiki/Negative_carbon_dioxide_emission","/wiki/Negative_carbon_dioxide_emission","/wiki/Carbon_dioxide_scrubbing","/wiki/Biochar","/wiki/Bio-energy_with_carbon_capture_and_storage","/wiki/Enhanced_weathering","#cite_note-OECD-93","#cite_note-IEA_Technology_Roadmap_Carbon_Capture_and_Storage_2009-94","#cite_note-RoyalSociety-95","/wiki/Climate_change_mitigation_scenarios#350_ppm","#cite_note-hare-96","#cite_note-Azar-97","/wiki/Climate_change_mitigation_scenarios#450_ppm","#cite_note-OECD-93","/w/index.php?title=Climate_change_mitigation&action=edit&section=18","/wiki/Geoengineering","/wiki/Wikipedia:Avoid_weasel_words","/wiki/Wikipedia:Avoid_weasel_words","/wiki/Scientific_literature","#cite_note-98","/wiki/Atmosphere","#cite_note-99","/wiki/United_States_National_Academy_of_Sciences","#cite_note-nas_policy_implications-100","#cite_note-nas_policy_implications-100","/wiki/United_States_Government_Accountability_Office","#cite_note-101","/w/index.php?title=Climate_change_mitigation&action=edit&section=19","/wiki/Carbon_dioxide_removal","/wiki/Greenhouse_gas_remediation","/wiki/Carbon_sequestration","/wiki/Carbon_dioxide_removal","/wiki/Radiative_forcing","/wiki/Photosynthesis","/wiki/Biosequestration","#cite_note-RoyalSociety-95","/w/index.php?title=Climate_change_mitigation&action=edit&section=20","/wiki/Carbon_air_capture","/wiki/Carbon_capture_and_storage","/wiki/Carbon_dioxide_air_capture","/wiki/Carbon_capture_and_storage","/wiki/Wikipedia:Citation_needed","/wiki/Crude_oil","/wiki/Oil_field","/wiki/Statoil","/wiki/Royal_Dutch_Shell","#cite_note-102","/wiki/Greenhouse","/wiki/Algae","/wiki/Smokestack","#cite_note-103","/wiki/GreenFuel_Technologies_Corporation","#cite_note-104","/w/index.php?title=Climate_change_mitigation&action=edit&section=21","/wiki/Solar_radiation_management","/w/index.php?title=Climate_change_mitigation&action=edit&section=22","/wiki/Stratospheric_sulfate_aerosols_(geoengineering)","/wiki/Sulfate_aerosols","/wiki/Global_dimming","/wiki/Geoengineering","#cite_note-105","/w/index.php?title=Climate_change_mitigation&action=edit&section=23","/wiki/Stabilization_Wedge_Game","/wiki/Global_warming_game","#cite_note-pacala2004sws-106","/wiki/Hydrogen_fuel","/wiki/Nature.com","#cite_note-107","/w/index.php?title=Climate_change_mitigation&action=edit&section=24","/wiki/Wikipedia:Citation_needed","/w/index.php?title=Climate_change_mitigation&action=edit&section=25","/wiki/File:Countries_by_population_density.svg","//upload.wikimedia.org/wikipedia/commons/thumb/1/15/Countries_by_population_density.svg/400px-Countries_by_population_density.svg.png","/wiki/File:Countries_by_population_density.svg","//bits.wikimedia.org/static-1.21wmf11/skins/common/images/magnify-clip.png","/wiki/Population_density","/wiki/Population_control","#cite_note-108","#cite_note-109","#cite_note-110","#cite_note-111","#cite_note-112","/wiki/Family_planning","/wiki/Reproductive_health","/wiki/Natalistic_politics","#cite_note-113","/wiki/Religious_views_on_birth_control","/wiki/Birth_control","#cite_note-114","/w/index.php?title=Climate_change_mitigation&action=edit&section=26","#cite_note-115","/wiki/Human_impact_on_the_environment","/wiki/Kyoto_Protocol","#cite_note-116","/wiki/Methane","/wiki/Nitrous_oxide","/wiki/Halocarbon","/wiki/Sulfur_hexafluoride","/wiki/Greenhouse_gas#Global_warming_potential","#cite_note-faq-15","#cite_note-faq-15","/wiki/Infrared_radiation","#cite_note-117","/wiki/Global_warming_potential","#cite_note-118","/wiki/Montreal_Protocol","#cite_note-119","/wiki/Treaty","/wiki/Ozone-depleting_substance","/wiki/Chlorofluorocarbon","/w/index.php?title=Climate_change_mitigation&action=edit&section=27","/wiki/Economics_of_climate_change_mitigation","/w/index.php?title=Climate_change_mitigation&action=edit&section=28","/wiki/Stern_Review","/wiki/GDP","/wiki/GWP","#cite_note-stern-10","#cite_note-120","/wiki/GWP","/wiki/PPP","#cite_note-121","#cite_note-stern-10","/wiki/Marginal_abatement_costs","#cite_note-stern-10","/w/index.php?title=Climate_change_mitigation&action=edit&section=29","/wiki/File:Extreme_weather_in_the_US_1980-2011.png","//upload.wikimedia.org/wikipedia/commons/thumb/3/3e/Extreme_weather_in_the_US_1980-2011.png/220px-Extreme_weather_in_the_US_1980-2011.png","/wiki/File:Extreme_weather_in_the_US_1980-2011.png","//bits.wikimedia.org/static-1.21wmf11/skins/common/images/magnify-clip.png","#cite_note-122","/wiki/Adaptive_capacity","/w/index.php?title=Climate_change_mitigation&action=edit&section=30","#cite_note-123","#cite_note-124","#cite_note-banuri-125","/wiki/Heating","/wiki/Car","/wiki/Central_heating","/wiki/Welfare_economics","/w/index.php?title=Climate_change_mitigation&action=edit&section=31","#cite_note-banuri-125","/wiki/Egalitarianism","/wiki/Consumption_(economics)","/wiki/John_Rawls","/wiki/Philosophy","/wiki/Aristotelianism","#cite_note-goldemberg-126","/wiki/UNDP","/wiki/Human_Development_Index","/wiki/Willingness_to_pay","/w/index.php?title=Climate_change_mitigation&action=edit&section=32","#cite_note-banuri-125","/wiki/GNP","/wiki/Fishery","/wiki/Natural_resource","#cite_note-goldemberg-126","/wiki/International_law","/w/index.php?title=Climate_change_mitigation&action=edit&section=33","/wiki/Politics_of_global_warming","#cite_note-127","/wiki/Commitment_to_Development_Index","/w/index.php?title=Climate_change_mitigation&action=edit&section=34","/wiki/Kyoto_Protocol","/wiki/Kyoto_Protocol","//en.wiktionary.org/wiki/Amendment","/wiki/United_Nations_Framework_Convention_on_Climate_Change","/wiki/List_of_Kyoto_Protocol_signatories","/wiki/Carbon_dioxide","/wiki/Greenhouse_gas","/wiki/Emissions_trading","/w/index.php?title=Climate_change_mitigation&action=edit&section=35","/w/index.php?title=Climate_change_mitigation&action=edit&section=36","/wiki/Carbon_tax","/wiki/Energy_tax","/wiki/Fee_and_dividend","#cite_note-gupta_emissions_tax-128","#cite_note-gupta_emissions_tax-128","#cite_note-gupta_emissions_tax-128","#cite_note-gupta_emissions_tax-128","#cite_note-gupta_emissions_tax-128","/w/index.php?title=Climate_change_mitigation&action=edit&section=37","/wiki/Negative_feedback","/wiki/Wikipedia:Please_clarify","/wiki/Wikipedia:Please_clarify","/wiki/Ken_Caldeira","#cite_note-129","/w/index.php?title=Climate_change_mitigation&action=edit&section=38","#cite_note-wws-review-34","#cite_note-wws-33","/w/index.php?title=Climate_change_mitigation&action=edit&section=39","/wiki/Carbon_emissions_trading","/wiki/Market","/wiki/Carbon_emissions_trading","/wiki/NYSE","/wiki/Chicago","/wiki/Kyoto_Protocol","#cite_note-130","#cite_note-131","/wiki/European_Union_Emission_Trading_Scheme","#cite_note-132","/wiki/European_Union","#cite_note-133","/wiki/Chicago_Climate_Exchange","/w/index.php?title=Asia_Carbon_Exchange&action=edit&redlink=1","#cite_note-134","/wiki/Multinational_corporation","/wiki/G8_Climate_Change_Roundtable","/wiki/World_Economic_Forum","/wiki/Ford_Motor_Company","/wiki/Toyota","/wiki/British_Airways","/wiki/BP","#cite_note-135","/wiki/Regional_Greenhouse_Gas_Initiative","/wiki/United_States","/wiki/Connecticut","/wiki/Delaware","/wiki/Maine","/wiki/Massachusetts","/wiki/New_Hampshire","/wiki/New_Jersey","/wiki/New_York","/wiki/Rhode_Island","/wiki/Vermont","/w/index.php?title=Climate_change_mitigation&action=edit&section=40","#cite_note-Evans-136","/w/index.php?title=Climate_change_mitigation&action=edit&section=41","#cite_note-Evans-136","#cite_note-IHDP-137","#cite_note-Evans-136","#cite_note-138","/w/index.php?title=Climate_change_mitigation&action=edit&section=42","#cite_note-Evans-136","#cite_note-IHDP-137","/w/index.php?title=Climate_change_mitigation&action=edit&section=43","#cite_note-EMJ-139","#cite_note-140","#cite_note-EMJ-139","#cite_note-141","/w/index.php?title=Climate_change_mitigation&action=edit&section=44","/wiki/List_of_countries_by_carbon_dioxide_emissions","/w/index.php?title=Climate_change_mitigation&action=edit&section=45","/wiki/Climate_change_in_the_United_States","/wiki/Greenhouse_gas_emissions_by_the_United_States","/wiki/Energy_policy_of_the_United_States","/wiki/Energy_Star","/wiki/Commercial_Building_Integration","/wiki/Industrial_Technologies_Program","#cite_note-142","/wiki/Al_Gore","/wiki/United_States_Senate","#cite_note-143","/wiki/Mary_Peters_(politician)","#cite_note-144","/wiki/U.S._Climate_Change_Science_Program","/wiki/Bush_administration_(2000)","#cite_note-autogenerated2-145","#cite_note-146","/wiki/Government_Accountability_Project","#cite_note-147","#cite_note-autogenerated2-145","/wiki/Regional_Greenhouse_Gas_Initiative","/wiki/Global_Warming_Solutions_Act_of_2006","#cite_note-148","/w/index.php?title=Climate_change_mitigation&action=edit&section=46","/wiki/Economic_development","/wiki/Developing_countries","/wiki/Clean_Development_Mechanism","/wiki/World_Bank","#cite_note-149","/wiki/Public_private_partnership","#cite_note-ODI-150","/wiki/Copenhagen_Climate_Conference","/wiki/Copenhagen_Accord","#cite_note-ODI-150","/wiki/European_Commission","/wiki/Overseas_Development_Institute","#cite_note-ODI-150","/wiki/Millennium_Development_Goals#Controversy_over_funding_of_0.7.25_of_GNI","/wiki/Official_Development_Assistance","/wiki/OECD","/wiki/Millennium_Development_Goals","#cite_note-ODI-150","/wiki/Asia-Pacific_Partnership_for_Clean_Development_and_Climate","#cite_note-151","/wiki/Wikipedia:Avoid_weasel_words","#cite_note-152","/wiki/Wikipedia:Avoid_weasel_words","/wiki/Wikipedia:Avoid_weasel_words","/wiki/UNEP","/wiki/WTO","/wiki/Doha_round","#cite_note-153","/w/index.php?title=Climate_change_mitigation&action=edit&section=47","/wiki/Business_action_on_climate_change","/w/index.php?title=Climate_change_mitigation&action=edit&section=48","/wiki/Individual_and_political_action_on_climate_change","/wiki/Consumer","/wiki/Energy_sources","/wiki/Geophysicist","/wiki/Utrecht_University","/wiki/Videoconferencing","#cite_note-154","/w/index.php?title=Climate_change_mitigation&action=edit&section=49","/wiki/Kevin_Anderson_(scientist)","#cite_note-155","#cite_note-anderson-156","/wiki/Environmental_impact_of_aviation","/wiki/Hypermobility_(travel)","#cite_note-gossling-157","/w/index.php?title=Climate_change_mitigation&action=edit&section=50","/wiki/Business_action_on_climate_change","/wiki/Jeff_Immelt","/wiki/Chief_executive","/wiki/General_Electric","#cite_note-158","/wiki/Airline","/wiki/Airport","/wiki/Aerospace","/wiki/Manufacturer","/wiki/Environmental_impact_of_aviation","/wiki/Fuel_efficiency","/wiki/European_Union","#cite_note-159","/w/index.php?title=Climate_change_mitigation&action=edit&section=51","#cite_note-160","#cite_note-161","/wiki/Wikipedia:Link_rot","#cite_note-162","#cite_note-163","#cite_note-164","/wiki/Negligence","#cite_note-165","/wiki/World_Heritage_Convention","/wiki/World_Heritage_Site","/wiki/Mount_Everest","#cite_note-166","#cite_note-167","/wiki/United_States_Environmental_Protection_Agency","/wiki/Clean_Air_Act_(United_States)","#cite_note-168","/wiki/Export-Import_Bank_of_the_United_States","/wiki/OPIC","/wiki/NEPA","/wiki/Wikipedia:Citation_needed","/wiki/Friends_of_the_Earth","/wiki/ExxonMobil","#cite_note-169","/w/index.php?title=Climate_change_mitigation&action=edit&section=52","/wiki/File:Global_Warming_Map.jpg","//upload.wikimedia.org/wikipedia/commons/thumb/8/8c/Global_Warming_Map.jpg/32px-Global_Warming_Map.jpg","/wiki/Portal:Global_warming","/wiki/File:Crystal_energy.svg","//upload.wikimedia.org/wikipedia/commons/thumb/1/14/Crystal_energy.svg/29px-Crystal_energy.svg.png","/wiki/Portal:Energy","/wiki/List_of_countries_by_ratio_of_GDP_to_carbon_dioxide_emissions","/wiki/4_Degrees_and_Beyond_International_Climate_Conference","/wiki/Alternative_propulsion","/wiki/Avoiding_Dangerous_Climate_Change","/wiki/Biochar","/wiki/Black_carbon","/wiki/Carbon_diet","/wiki/Carbon_negative_fuel","/wiki/Climate_bond","/wiki/Coal","/wiki/Contraction_and_Convergence","/wiki/Emissions_reduction#Reduction_efforts","/wiki/Green_IT","/wiki/Hell_and_High_Water:_Global_Warming","/wiki/Hypermobility_(travel)","/wiki/Iron_fertilization","/wiki/Low_carbon_diet","/wiki/Mitigation_of_peak_oil","/wiki/Oil_phase-out","/wiki/Overpopulation","/wiki/Resilience_(ecology)","/wiki/Resistance_(ecology)","/wiki/Stratospheric_sulfur_aerosols_(geoengineering)","/wiki/Vulnerability","/wiki/Zero-carbon_economy","/wiki/Environmental_impact_of_the_coal_industry","/w/index.php?title=Climate_change_mitigation&action=edit&section=53","/wiki/Debate_over_China%27s_economic_responsibilities_for_climate_change_mitigation","/wiki/European_Climate_Change_Programme","/wiki/Mitigation_of_global_warming_in_Australia","/w/index.php?title=Climate_change_mitigation&action=edit&section=54","#cite_ref-1","#cite_ref-TAR_glosary_2-0","#cite_ref-TAR_glosary_2-1","http://www.ipcc.ch/pdf/glossary/ar4-wg3.pdf","http://www.ipcc.ch/pdf/glossary/ar4-wg3.pdf","#cite_ref-ReferenceB_3-0","/wiki/Mario_Molina","http://www.pnas.org/content/early/2009/10/19/0902568106.full.pdf","/wiki/Proceedings_of_the_National_Academy_of_Sciences","/wiki/Bibcode","http://adsabs.harvard.edu/abs/2009PNAS..10620616M","/wiki/Digital_object_identifier","http://dx.doi.org/10.1073%2Fpnas.0902568106","/wiki/PubMed_Central","//www.ncbi.nlm.nih.gov/pmc/articles/PMC2791591","/wiki/PubMed_Identifier","//www.ncbi.nlm.nih.gov/pubmed/19822751","//en.wikipedia.org/w/index.php?title=Template:Cite_doi/10.1073.2Fpnas.0902568106&action=edit&editintro=Template:Cite_doi/editintro2","#cite_ref-4","http://unfccc.int/essential_background/glossary/items/3666.php","http://unfccc.int/essential_background/glossary/items/3666.php","#cite_ref-Sims.2C_R.E.H..2C_et_al._5-0","#cite_ref-Sims.2C_R.E.H..2C_et_al._5-1","http://www.ipcc.ch/publications_and_data/ar4/wg3/en/ch4s4-es.html","#CITEREFIPCC_AR4_WG32007","#cite_ref-IAEA_2008_42_6-0","#cite_ref-IAEA_2008_42_6-1","#CITEREFIAEA2008","#cite_ref-7","http://iea.org/publications/freepublications/publication/nuclear_roadmap.pdf","http://iea.org/publications/freepublications/publication/nuclear_roadmap.pdf","http://iea.org/publications/freepublications/publication/name,3906,en.html","#cite_ref-schneider2004anl_8-0","/wiki/Stephen_Schneider","http://www.oecd.org/dataoecd/9/59/2482280.pdf","/w/index.php?title=Global_Environmental_Change&action=edit&redlink=1","/wiki/Elsevier","/wiki/Digital_object_identifier","http://dx.doi.org/10.1016%2Fj.gloenvcha.2004.04.008","#cite_ref-ReferenceA_9-0","/wiki/Bibcode","http://adsabs.harvard.edu/abs/2009ERL.....4a4012L","/wiki/Digital_object_identifier","http://dx.doi.org/10.1088%2F1748-9326%2F4%2F1%2F014012","//en.wikipedia.org/w/index.php?title=Template:Cite_doi/10.1088.2F1748-9326.2F4.2F1.2F014012&action=edit&editintro=Template:Cite_doi/editintro2","#cite_ref-stern_10-0","#cite_ref-stern_10-1","#cite_ref-stern_10-2","#cite_ref-stern_10-3","#cite_ref-stern_10-4","#cite_ref-stern_10-5","http://hm-treasury.gov.uk/sternreview_index.htm","#cite_ref-11","http://www.swp-berlin.org/fileadmin/contents/products/comments/2010C19_gdn_ks.pdf","/wiki/German_Institute_for_International_and_Security_Affairs","#cite_ref-12","http://www.euractiv.com/Article?tcmuri=tcm:29-152154-16&type=News","http://www.euractiv.com/Article?tcmuri=tcm:29-152154-16&type=News","#cite_ref-13","http://www.guardian.co.uk/environment/2009/apr/14/global-warming-target-2c","http://www.guardian.co.uk/environment/2009/apr/14/global-warming-target-2c","#cite_ref-14","/wiki/United_States_Department_of_Energy","http://www.eia.doe.gov/emeu/cabs/carbonemiss/chapter1.html","#cite_ref-faq_15-0","#cite_ref-faq_15-1","#cite_ref-faq_15-2","#cite_ref-faq_15-3","#cite_ref-faq_15-4","http://www.ipcc.ch/publications_and_data/ar4/wg1/en/faq-10-3.html","/wiki/Cambridge_University_Press","#cite_ref-16","http://www.ipcc.ch/publications_and_data/ar4/wg3/en/ch1s1-2.html","#cite_ref-17","http://www.globalchange.gov/publications/reports/scientific-assessments/saps/311","http://www.globalchange.gov/publications/reports/scientific-assessments/saps/311","#cite_ref-18","http://www.ipcc.ch/publications_and_data/ar4/syr/en/spms2.html","#cite_ref-19","http://jsterman.scripts.mit.edu/docs/Sterman-2007-UnderstandingPublicComplacency.pdf","/wiki/Digital_object_identifier","http://dx.doi.org/10.1007%2Fs10584-006-9107-5","#cite_ref-20","http://www.eia.doe.gov/pub/international/iealf/table18.xls","/wiki/Microsoft_Excel","#cite_ref-LivingWithin_21-0","http://www.forumforthefuture.org/files/Living_within_our_means_sml.pdf","http://www.forumforthefuture.org/files/Living_within_our_means_sml.pdf","#cite_ref-GWEC_Market_22-0","http://www.gwec.net/index.php?id=180","#cite_ref-23","/wiki/REN21","http://www.ren21.net/Portals/97/documents/GSR/GSR2011_Master18.pdf","http://www.ren21.net/Portals/97/documents/GSR/GSR2011_Master18.pdf","#cite_ref-Stern_24-0","#cite_ref-ieapress_25-0","http://www.iea.org/Textbase/press/pressdetail.asp?PRESS_REL_ID=271","#cite_ref-UNEP2_26-0","/wiki/REN21","http://www.risoe.dk/rispubl/art/2006_120_report.pdf","#cite_ref-UNnews_27-0","http://www.un.org/apps/news/story.asp?NewsID=24982&Cr=climate","#cite_ref-mak_28-0","/wiki/Joel_Makower","/wiki/Ron_Pernick","/wiki/Clint_Wilder","http://www.cleanedge.com/reports/pdf/Trends2008.pdf","/wiki/Clean_Edge","#cite_ref-UNEP_29-0","http://sefi.unep.org/fileadmin/media/sefi/docs/publications/SEFI_Investment_Report_2007.pdf","#cite_ref-ren2010_30-0","/wiki/REN21","http://www.ren21.net/globalstatusreport/REN21_GSR_2010_full.pdf","#cite_ref-re_31-0","/wiki/REN21","http://www.ren21.net/pdf/RE_GSR_2009_update.pdf","#cite_ref-ren15_32-0","/wiki/REN21","http://www.ren21.net/globalstatusreport/REN21_GSR_2010_full.pdf","#cite_ref-wws_33-0","#cite_ref-wws_33-1","/wiki/Mark_Z._Jacobson","http://www.scientificamerican.com/article.cfm?id=a-path-to-sustainable-energy-by-2030","/wiki/Scientific_American","/wiki/Digital_object_identifier","http://dx.doi.org/10.1038%2Fscientificamerican1109-58","/wiki/PubMed_Identifier","//www.ncbi.nlm.nih.gov/pubmed/19873905","#cite_ref-wws-review_34-0","#cite_ref-wws-review_34-1","http://www.stanford.edu/group/efmh/jacobson/PDF%20files/ReviewSolGW09.pdf","http://dx.doi.org/10.1039/b809990c","#cite_ref-35","http://www.scientificamerican.com/article.cfm?id=a-path-to-sustainable-energy-by-2030&page=4","#cite_ref-36","http://www.scientificamerican.com/article.cfm?id=a-path-to-sustainable-energy-by-2030&page=2","#cite_ref-slate.com_37-0","#cite_ref-slate.com_37-1","http://www.slate.com/articles/health_and_science/nuclear_power/2013/01/nuclear_energy_and_climate_change_environmentalists_debate_how_to_stop_global.html","#cite_ref-38","http://spectrum.ieee.org/energy/renewables/a-skeptic-looks-at-alternative-energy/0","#cite_ref-ren53_39-0","#cite_ref-ren53_39-1","#cite_ref-ren53_39-2","/wiki/REN21","http://www.ren21.net/globalstatusreport/REN21_GSR_2010_full.pdf","#cite_ref-40","http://onlinelibrary.wiley.com/doi/10.1111/j.1530-9290.2012.00472.x/full","#cite_ref-41","http://www.issues.org/23.3/apt.html","#cite_ref-42","#CITEREFIAEA2008","#cite_ref-43","http://iea.org/publications/freepublications/publication/nuclear_roadmap.pdf","http://iea.org/publications/freepublications/publication/nuclear_roadmap.pdf","http://iea.org/publications/freepublications/publication/name,3906,en.html","#cite_ref-44","http://www.barackobama.com/pdf/factsheet_energy_speech_080308.pdf","#cite_ref-45","http://www.cigionline.org/library/future-nuclear-energy-2030-and-its-implications-safety-security-and-nonproliferation-overvie","#cite_ref-tf2010_46-0","http://www.cigionline.org/sites/default/files/Nuclear%20Energy%20Futures%20Overview.pdf","#cite_ref-47","/wiki/M.V._Ramana","#cite_ref-iea2009_48-0","#cite_ref-ipsos_2011_preference_for_renewables_49-0","#cite_ref-ipsos_2011_preference_for_renewables_49-1","#CITEREFIpsos2011","#cite_ref-jk_50-0","http://www.nytimes.com/2009/05/29/business/energy-environment/29nuke.html?ref=global-home","#cite_ref-greeninc_51-0","http://greeninc.blogs.nytimes.com/2009/05/29/is-the-nuclear-renaissance-fizzling/","#cite_ref-rb_52-0","http://news.bbc.co.uk/2/hi/europe/8138869.stm","#cite_ref-53","http://www.iaea.org/pris/","#cite_ref-euronuclear.org_54-0","#cite_ref-euronuclear.org_54-1","http://www.euronuclear.org/info/encyclopedia/n/nuclear-power-plant-world-wide.htm","#cite_ref-Nuclear_Power_in_China_55-0","http://www.world-nuclear.org/info/inf63.html","#cite_ref-Nuclear_Power_in_the_USA_56-0","#cite_ref-Nuclear_Power_in_the_USA_56-1","http://www.world-nuclear.org/info/inf41.html#licence","/wiki/World_Nuclear_Association","http://www.world-nuclear.org/info/inf41.html#licence","#cite_ref-matt2010_57-0","http://green.blogs.nytimes.com/2010/12/07/nuclear-renaissance-is-short-on-largess/","/wiki/The_New_York_Times","#cite_ref-ditt_58-0","http://www.smh.com.au/business/taking-stock-of-nuclear-renaissance-that-never-was-20100817-128ky.html","#cite_ref-honestjohn.co.uk_59-0","#cite_ref-honestjohn.co.uk_59-1","http://www.honestjohn.co.uk/news/green-motoring/2010-09/renault-ze","#cite_ref-BAS_60-0","http://bos.sagepub.com/content/68/5/33.full","http://bos.sagepub.com/content/68/5/33.full","#cite_ref-NPCIL_61-0","http://www.npcil.nic.in/pdf/nuclear%20power-%20an%20alternative.pdf","http://www.npcil.nic.in/pdf/nuclear%20power-%20an%20alternative.pdf","#cite_ref-SmartPlanet_62-0","http://www.smartplanet.com/blog/bulletin/norway-ringing-in-thorium-nuclear-new-year-with-westinghouse-at-the-party/6421","http://www.smartplanet.com/blog/bulletin/norway-ringing-in-thorium-nuclear-new-year-with-westinghouse-at-the-party/6421","#cite_ref-63","#CITEREFGallup_International2011","#cite_ref-64","#CITEREFIpsos2011","#cite_ref-65","#CITEREFGallup_International2011","#cite_ref-66","#CITEREFGallup_International2011","#cite_ref-67","#CITEREFIpsos2011","#cite_ref-68","http://www.ipsos.com/public-affairs/sites/www.ipsos.com.public-affairs/files/Energy%20Article.pdf","http://www.ipsos.com/public-affairs/sites/www.ipsos.com.public-affairs/files/Energy%20Article.pdf","http://www.ipsos.com/public-affairs/publications/after-fukushima-global-opinion-energy-policy","#cite_ref-69","http://www.reuters.com/article/2012/07/02/britain-nuclear-poll-idAFL6E8I2E4H20120702","#cite_ref-70","http://sustento.org.nz/wp-content/uploads/2007/06/climate-control.pdf","http://sustento.org.nz/wp-content/uploads/2007/06/climate-control.pdf","#cite_ref-71","http://www.bcsea.org/policy/files/7_Fossil_fuels.pdf","http://www.bcsea.org/policy/","/wiki/BC_Sustainable_Energy_Association","http://www.bcsea.org/policy/files/7_Fossil_fuels.pdf","#cite_ref-72","http://co2.homestead.com/files/carbon.htm#fuels","#cite_ref-autogenerated1_73-0","#cite_ref-autogenerated1_73-1","http://www.naturalgas.org/environment/naturalgas.asp","#cite_ref-futureenergysummit_74-0","#cite_ref-futureenergysummit_74-1","#cite_ref-futureenergysummit_74-2","http://www.time.com/time/specials/packages/article/0,28804,1954176_1954175,00.html","/wiki/Time.com","#cite_ref-75","http://www.globalccsinstitute.com/publications/global-status-ccs-2011/online/26856","http://www.globalccsinstitute.com/publications/global-status-ccs-2011/online/26856","#cite_ref-76","http://www.lamptech.co.uk/Spec%20Sheets/Philips%20CFL%20Tornado.htm","http://www.lamptech.co.uk/Spec%20Sheets/Philips%20CFL%20Tornado.htm","#cite_ref-77","/wiki/Mark_Diesendorf","/wiki/Greenhouse_Solutions_with_Sustainable_Energy","#cite_ref-78","http://www.energy.ca.gov/2005publications/CEC-400-2005-043/CEC-400-2005-043.PDF","http://www.energy.ca.gov/2005publications/CEC-400-2005-043/CEC-400-2005-043.PDF","#cite_ref-79","#cite_ref-80","http://www.scidev.net/News/index.cfm?fuseaction=readNews&itemid=2929&language=1","http://www.scidev.net/News/index.cfm?fuseaction=readNews&itemid=2929&language=1","#cite_ref-81","http://www.worldwatch.org/node/872","#cite_ref-82","http://www.thezephyr.com/environ/trucktrain.html","#cite_ref-83","http://www.brookings.edu/es/urban/publications/fulton.pdf","/wiki/The_Brookings_Institution","http://www.brookings.edu/es/urban/publications/fulton.pdf","#cite_ref-84","http://www.est.org.uk/myhome/climatechange/stats/homeenvironment/","http://www.est.org.uk/myhome/climatechange/stats/homeenvironment/","#cite_ref-85","http://money.guardian.co.uk/utilities/story/0,11992,1541051,00.html?gusrc=ticker-103704","#cite_ref-86","http://www.liebertonline.com/doi/abs/10.1089/SUS.2009.9820","/wiki/Digital_object_identifier","http://dx.doi.org/10.1089%2FSUS.2009.9820","#cite_ref-87","http://www.wilkes.edu/pages/4243.asp","http://www.wilkes.edu/pages/4243.asp","#cite_ref-88","http://eande.lbl.gov/HeatIsland/PUBS/PAINTING/","http://eande.lbl.gov/HeatIsland/PUBS/PAINTING/","#cite_ref-89","/wiki/International_Standard_Book_Number","/wiki/Special:BookSources/0-309-04386-7","#cite_ref-90","http://www.newscientist.com/article.ns?id=dn6431","#cite_ref-91","http://environment.newscientist.com/article/dn14466-ipcc-wrong-on-logging-threat-toclimate.html","#cite_ref-92","http://www.odi.org.uk/resources/details.asp?id=6310&title=emissions-farming-agriculture-low-carbon-growth-climate-change-mozambique","#cite_ref-OECD_93-0","#cite_ref-OECD_93-1","http://www.oecd.org/dataoecd/32/53/49082173.pdf","/wiki/OECD","http://www.oecd.org/dataoecd/32/53/49082173.pdf","#cite_ref-IEA_Technology_Roadmap_Carbon_Capture_and_Storage_2009_94-0","https://www.iea.org/papers/2009/CCS_Roadmap.pdf","/wiki/OECD","https://www.iea.org/papers/2009/CCS_Roadmap.pdf","#cite_ref-RoyalSociety_95-0","#cite_ref-RoyalSociety_95-1","http://royalsociety.org/policy/publications/2009/geoengineering-climate/","/wiki/The_Royal_Society","http://royalsociety.org/policy/publications/2009/geoengineering-climate/","#cite_ref-hare_96-0","http://www.springerlink.com/content/g5861615714m7381/","#cite_ref-Azar_97-0","http://www.environmental-expert.com/Files%5C6063%5Carticles%5C6220%5Cw30h4274h130580u.pdf","#cite_ref-98","http://www.ipcc.ch/publications_and_data/ar4/wg3/en/ch11s11-2-2.html","/wiki/International_Standard_Book_Number","/wiki/Special:BookSources/978-0-521-88011-4","#cite_ref-99","http://www.ipcc.ch/publications_and_data/ar4/wg3/en/spmsspm-c.html","/wiki/International_Standard_Book_Number","/wiki/Special:BookSources/978-0-521-88011-4","#cite_ref-nas_policy_implications_100-0","#cite_ref-nas_policy_implications_100-1","http://books.nap.edu/openbook.php?record_id=1605&page=433","/wiki/Committee_on_Science,_Engineering,_and_Public_Policy","#cite_ref-101","http://gao.gov/products/GAO-11-71","#cite_ref-102","http://www.forbes.com/business/feeds/afx/2006/03/08/afx2578203.html","/wiki/AFX_News","/wiki/Forbes","#cite_ref-103","http://web.mit.edu/erc/spotlights/alg-all.html","http://web.mit.edu/erc/spotlights/alg-all.html","#cite_ref-104","http://www.greentechmedia.com/articles/read/greenfuel-technologies-closing-down-4670/","http://www.greentechmedia.com/articles/read/greenfuel-technologies-closing-down-4670/","#cite_ref-105","http://journals.royalsociety.org/content/84j11614488142u8/","/wiki/Bibcode","http://adsabs.harvard.edu/abs/2008RSPTA.366.4039C","/wiki/Digital_object_identifier","http://dx.doi.org/10.1098%2Frsta.2008.0132","/wiki/PubMed_Identifier","//www.ncbi.nlm.nih.gov/pubmed/18757275","#cite_ref-pacala2004sws_106-0","http://carbonsequestration.us/Papers-presentations/htm/Pacala-Socolow-ScienceMag-Aug2004.pdf","/wiki/Science_(journal)","/wiki/American_Association_for_the_Advancement_of_Science","/wiki/Bibcode","http://adsabs.harvard.edu/abs/2004Sci...305..968P","/wiki/Digital_object_identifier","http://dx.doi.org/10.1126%2Fscience.1100103","/wiki/PubMed_Identifier","//www.ncbi.nlm.nih.gov/pubmed/15310891","http://www.princeton.edu/~cmi/resources/stabwedge.htm","/wiki/Princeton_University","http://www.princeton.edu/~cmi/resources/stabwedge.htm","#cite_ref-107","http://www.nature.com/climate/2008/0807/full/climate.2008.59.html","http://www.nature.com/climate/2008/0807/full/climate.2008.59.html","#cite_ref-108","http://www.unfpa.org/swp/2009/en/ch6.shtml","#cite_ref-109","http://www.sierraclub.org/population/reports/globalwarming.asp","#cite_ref-110","http://www.nwf.org/popandenvironment/globalwarming.cfm","#cite_ref-111","http://www.populationconnection.org/site/DocServer/Global_Warming.pdf?docID=286","#cite_ref-112","http://www.populationconnection.org/site/PageServer?pagename=about_us","#cite_ref-113","http://www.bmj.com/cgi/content/full/315/7120/1441","#cite_ref-114","http://www.sierraclub.org/population/factsheets/pop_and_globalwarming.asp","#cite_ref-115","http://www.sciencemag.org/content/335/6065/183","#cite_ref-116","http://www.econ.cam.ac.uk/rstaff/grubb/publications/J36.pdf","#cite_ref-117","http://www.grida.no/climate/ipcc_tar/wg1/017.htm#halocarbons","#cite_ref-118","http://www.ipcc.ch/publications_and_data/ar4/wg1/en/annexessglossary-e-o.html","#cite_ref-119","http://www.pnas.org/content/104/12/4814","/wiki/Bibcode","http://adsabs.harvard.edu/abs/2007PNAS..104.4814V","/wiki/Digital_object_identifier","http://dx.doi.org/10.1073%2Fpnas.0610328104","#cite_ref-120","http://www.guardian.co.uk/environment/2008/jun/26/climatechange.scienceofclimatechange","/wiki/The_Guardian","#cite_ref-121","https://www.cia.gov/library/publications/the-world-factbook/geos/xx.html","/wiki/CIA","https://www.cia.gov/library/publications/the-world-factbook/geos/xx.html","#cite_ref-122","http://www.ipcc.ch/publications_and_data/ar4/wg2/en/ch20s20-es.html","/wiki/International_Standard_Book_Number","/wiki/Special:BookSources/978-0-521-88010-7","#cite_ref-123","http://www.grida.no/climate/ipcc_tar/wg3/449.htm","http://www.grida.no/","/wiki/International_Standard_Book_Number","/wiki/Special:BookSources/978-0-521-01502-8","#cite_ref-124","http://www.ipcc.ch/publications_and_data/ar4/wg3/en/ch1s1-es.html","/wiki/International_Standard_Book_Number","/wiki/Special:BookSources/978-0-521-88011-4","#cite_ref-banuri_125-0","#cite_ref-banuri_125-1","#cite_ref-banuri_125-2","http://www.ipcc.ch/ipccreports/sar/wg_III/ipcc_sar_wg_III_full_report.pdf","/wiki/Digital_object_identifier","http://dx.doi.org/10.2277%2F0521568544","/wiki/International_Standard_Book_Number","/wiki/Special:BookSources/978-0-521-56854-8","#cite_ref-goldemberg_126-0","#cite_ref-goldemberg_126-1","http://www.ipcc.ch/ipccreports/sar/wg_III/ipcc_sar_wg_III_full_report.pdf","/wiki/Digital_object_identifier","http://dx.doi.org/10.2277%2F0521568544","/wiki/International_Standard_Book_Number","/wiki/Special:BookSources/978-0-521-56854-8","#cite_ref-127","http://go.worldbank.org/BKLQ9DSDU0","/wiki/Digital_object_identifier","http://dx.doi.org/10.1596%2F978-0-8213-7987-5","/wiki/International_Standard_Book_Number","/wiki/Special:BookSources/978-0-8213-7987-5","#cite_ref-gupta_emissions_tax_128-0","#cite_ref-gupta_emissions_tax_128-1","#cite_ref-gupta_emissions_tax_128-2","#cite_ref-gupta_emissions_tax_128-3","#cite_ref-gupta_emissions_tax_128-4","http://www.ipcc.ch/publications_and_data/ar4/wg3/en/ch13s13-2-1-2.html","#cite_ref-129","http://e360.yale.edu/feature/geoengineering_the_planet_the_possibilities_and_the_pitfalls/2201/","#cite_ref-130","http://observer.guardian.co.uk/focus/story/0,,1509761,00.html","#cite_ref-131","http://storyofstuff.com/capandtrade/","#cite_ref-132","http://ec.europa.eu/environment/climat/emission.htm","#cite_ref-133","http://www.opendemocracy.net/globalization-climate_change_debate/2570.jsp","#cite_ref-134","http://carbonfinance.org/docs/CarbonMarketStudy2005.pdf","#cite_ref-135","http://www.weforum.org/pdf/g8_climatechange.pdf","#cite_ref-Evans_136-0","#cite_ref-Evans_136-1","#cite_ref-Evans_136-2","#cite_ref-Evans_136-3","#cite_ref-IHDP_137-0","#cite_ref-IHDP_137-1","#cite_ref-138","#cite_ref-EMJ_139-0","#cite_ref-EMJ_139-1","#cite_ref-140","#cite_ref-141","#cite_ref-142","http://www.eere.energy.gov/industry/bestpractices/index.html","http://www.eere.energy.gov/industry/bestpractices/index.html","#cite_ref-143","http://www.cnn.com/ALLPOLITICS/1997/12/11/kyoto/","#cite_ref-144","http://www.commondreams.org/archive/2007/09/25/4099/","/wiki/San_Francisco_Chronicle","#cite_ref-autogenerated2_145-0","#cite_ref-autogenerated2_145-1","http://www.commondreams.org/headlines07/0130-10.htm","#cite_ref-146","http://oversight.house.gov/Documents/20070130113153-55829.pdf","#cite_ref-147","http://oversight.house.gov/Documents/20070130113813-92288.pdf","#cite_ref-148","http://www.nytimes.com/2012/10/14/science/earth/in-california-a-grand-experiment-to-rein-in-climate-change.html","#cite_ref-149","http://carbonfinance.org/pcf/","#cite_ref-ODI_150-0","#cite_ref-ODI_150-1","#cite_ref-ODI_150-2","#cite_ref-ODI_150-3","http://www.odi.org.uk/resources/details.asp?id=4931&title=climate-finance-additionality-definitions-implications","/wiki/Overseas_Development_Institute","#cite_ref-151","http://www.usaid.gov/our_work/global_partnerships/gda/methanetomarkets.htm","/wiki/USAID","http://www.usaid.gov/our_work/global_partnerships/gda/methanetomarkets.htm","/wiki/Wikipedia:Link_rot","#cite_ref-152","http://www.newscientist.com/article.ns?id=dn7744","http://www.newscientist.com/article.ns?id=dn7744","#cite_ref-153","http://www.un.org/apps/news/story.asp?NewsID=31278&Cr=trade&Cr1=environment#","#cite_ref-154","/wiki/Nature_(journal)","/wiki/Bibcode","http://adsabs.harvard.edu/abs/2007Natur.448..749B","/wiki/Digital_object_identifier","http://dx.doi.org/10.1038%2F448749a","/wiki/PubMed_Identifier","//www.ncbi.nlm.nih.gov/pubmed/17700677","#cite_ref-155","http://rsta.royalsocietypublishing.org/content/366/1882/3863.full","#cite_ref-anderson_156-0","http://transitionculture.org/wp-content/uploads/kevin-anderson-2.ppt","http://transitionculture.org/wp-content/uploads/kevin-anderson-2.ppt","#cite_ref-gossling_157-0","/wiki/Earthscan","http://alicante.academia.edu/documents/0076/1866/chap06_copy.pdf","#cite_ref-158","http://www.msnbc.msn.com/id/7791657/","http://www.msnbc.msn.com/id/7791657/","#cite_ref-159","http://news.ft.com/cms/s/747d20ea-e1ff-11d9-bf18-00000e2511c8.html","http://news.ft.com/cms/s/747d20ea-e1ff-11d9-bf18-00000e2511c8.html","#cite_ref-160","http://www.pbs.org/wnet/need-to-know/video/video-paradise-lost/14421/","#cite_ref-161","http://www.msnbc.msn.com/id/6908719/site/newsweek/","#cite_ref-162","http://www.newson6.com/story/9138384/environmental-integrity-project-sierra-club-announce-plans-to-sue-epa-unless-it-revises-nitrogen-oxide-emissions-standard-curbs-nitrous-oxide?clienttype=printable","#cite_ref-163","#cite_ref-164","#cite_ref-165","#cite_ref-166","http://www.heatisonline.org/contentserver/objecthandlers/index.cfm?id=4950&method=full","http://www.heatisonline.org/contentserver/objecthandlers/index.cfm?id=4950&method=full","#cite_ref-167","http://www.bbc.co.uk/caribbean/news/story/2004/11/041117_climate-belize.shtml","#cite_ref-168","http://www.climatelaw.org/cases","#cite_ref-169","http://www.foe.co.uk/resource/press_releases/exxonmobils_contribution_t_28012004.html","/w/index.php?title=Climate_change_mitigation&action=edit&section=55","http://www.nrc.co.jp/report/pdf/110420_2.pdf","http://www.nrc.co.jp/report/pdf/110420_2.pdf","http://www.iaea.org/OurWork/ST/NE/Pess/assets/08-33461-CCNP-Brochure.pdf","http://www.iaea.org/OurWork/ST/NE/Pess/assets/08-33461-CCNP-Brochure.pdf","/wiki/IPCC","http://www.ipcc.ch/publications_and_data/ar4/wg3/en/contents.html","/wiki/IPCC_Fourth_Assessment_Report","/wiki/International_Standard_Book_Number","/wiki/Special:BookSources/978-0-521-88011-4","http://www.ipcc.ch/publications_and_data/ar4/wg3/en/contents.html","/wiki/Special:BookSources/978-0-521-70598-1","http://www.ipsos-mori.com/Assets/Docs/Polls/ipsos-global-advisor-nuclear-power-june-2011.pdf","http://www.ipsos-mori.com/Assets/Docs/Polls/ipsos-global-advisor-nuclear-power-june-2011.pdf","http://www.ipsos-mori.com/researchpublications/researcharchive/2817/Strong-global-opposition-towards-nuclear-power.aspx","/w/index.php?title=Climate_change_mitigation&action=edit&section=56","http://www.ipcc.ch/","http://www.foreignaffairs.com/articles/65238/jessica-seddon-wallack-and-veerabhadran-ramanathan/the-other-climate-changers","/wiki/Foreign_Affairs","/wiki/Veerabhadran_Ramanathan","http://www.foreignaffairs.com/articles/137523/david-g-victor-charles-f-kennel-veerabhadran-ramanathan/the-climate-threat-we-can-beat","/wiki/David_G._Victor","/wiki/Charles_Kennel","/w/index.php?title=Climate_change_mitigation&action=edit&section=57","/wiki/European_Union","http://ec.europa.eu/environment/climat/eccp.htm","http://ec.europa.eu/environment/climat/future_action.htm","http://ec.europa.eu/environment/climat/emission.htm","http://ec.europa.eu/environment/co2/co2_home.htm","http://www.dti.gov.uk/sectors/environmental/ccpo/ukandclimate/page20657.html","http://www.hm-treasury.gov.uk/independent_reviews/stern_review_economics_climate_change/sternreview_index.cfm","/w/index.php?title=Climate_change_mitigation&action=edit&section=58","http://www.epa.gov/climatechange/wycd/index.html","http://www.seattle.gov/mayor/climate/","http://www.climatechange.ca.gov/","/w/index.php?title=Climate_change_mitigation&action=edit&section=59","http://www.macaulay.ac.uk/LADSS/papers.html?2005","/wiki/Odense","http://www.scientificamerican.com/article.cfm?id=a-path-to-sustainable-energy-by-2030","/wiki/Digital_object_identifier","http://dx.doi.org/10.1038%2Fscientificamerican1109-58","/wiki/PubMed_Identifier","//www.ncbi.nlm.nih.gov/pubmed/19873905","http://www.scientificamerican.com/article.cfm?id=living-on-a-new-earth","/wiki/Scientific_American","http://www.globalwarmingnewswire.com/","/wiki/Template:Global_warming","/wiki/Template_talk:Global_warming","//en.wikipedia.org/w/index.php?title=Template:Global_warming&action=edit","/wiki/Global_warming","/wiki/Climate_change","/wiki/Brightness_temperature","/wiki/Geologic_temperature_record","/wiki/Historical_climatology","/wiki/Instrumental_temperature_record","/wiki/Paleoclimatology","/wiki/Paleotempestology","/wiki/Proxy_(climate)","/wiki/Temperature_record_of_the_past_1000_years","/wiki/Satellite_temperature_measurements","/wiki/Human_impact_on_the_environment","/wiki/Attribution_of_recent_climate_change","/wiki/Environmental_impact_of_aviation","/wiki/Biofuel","/wiki/Black_carbon","/wiki/Carbon_dioxide","/wiki/Deforestation","/wiki/Earth%27s_energy_budget","/wiki/Earth%27s_radiation_balance","/wiki/Fossil_fuel","/wiki/Global_dimming","/wiki/Global-warming_potential","/wiki/Greenhouse_effect","/wiki/Infrared_window","/wiki/Greenhouse_gas","/wiki/Halocarbon","/wiki/Land_use,_land-use_change_and_forestry","/wiki/Radiative_forcing","/wiki/Tropospheric_ozone","/wiki/Urban_heat_island","/wiki/Natural_environment","/wiki/Albedo","/wiki/Bond_event","/wiki/Climate_oscillation","/wiki/Climate_sensitivity","/wiki/Cloud_forcing","/wiki/Cosmic_ray","/wiki/Climate_change_feedback","/wiki/Glacial_period","/wiki/Global_cooling","/wiki/Milankovitch_cycles","/wiki/Thermohaline_circulation","/wiki/Atlantic_multidecadal_oscillation","/wiki/El_Ni%C3%B1o-Southern_Oscillation","/wiki/Indian_Ocean_Dipole","/wiki/Pacific_decadal_oscillation","/wiki/Orbital_forcing","/wiki/Solar_variation","/wiki/Volcanism","/wiki/Climate_model","/wiki/Global_climate_model","/wiki/History_of_climate_change_science","/wiki/Atmospheric_thermodynamics","/wiki/Svante_Arrhenius","/wiki/James_Hansen","/wiki/Charles_David_Keeling","/wiki/Environmental_ethics","/wiki/Media_coverage_of_climate_change","/wiki/Public_opinion_on_climate_change","/wiki/Climate_change_in_popular_culture","/wiki/Scientific_opinion_on_climate_change","/wiki/List_of_scientists_opposing_the_mainstream_scientific_assessment_of_global_warming","/wiki/Climate_change_opinion_by_country","/wiki/Climate_change_in_Australia","/wiki/Climate_change_in_Belgium","/wiki/Climate_change_in_China","/wiki/Climate_change_in_Finland","/wiki/Climate_change_in_Japan","/wiki/Climate_change_in_New_Zealand","/wiki/Climate_change_in_Russia","/wiki/Climate_change_in_Scotland","/wiki/Climate_change_in_Sweden","/wiki/Climate_change_in_Tuvalu","/wiki/Climate_change_in_the_United_States","/wiki/Politics_of_global_warming","/wiki/Climate_change_denial","/wiki/Manufactured_controversy","/wiki/Intergovernmental_Panel_on_Climate_Change","/wiki/United_Nations_Framework_Convention_on_Climate_Change","/wiki/Global_climate_regime","/wiki/Effects_of_global_warming","/wiki/Abrupt_climate_change","/wiki/Anoxic_event","/wiki/Arctic_dipole_anomaly","/wiki/Arctic_haze","/wiki/Arctic_methane_release","/wiki/Climate_change_and_agriculture","/wiki/Climate_change_and_ecosystems","/wiki/Climate_change_and_poverty","/wiki/Current_sea_level_rise","/wiki/Drought","/wiki/Economics_of_global_warming","/wiki/Effect_of_climate_change_on_plant_biodiversity","/wiki/Effects_of_climate_change_on_humans","/wiki/Effects_of_climate_change_on_marine_mammals","/wiki/Environmental_migrant","/wiki/Extinction_risk_from_global_warming","/wiki/Fisheries_and_climate_change","/wiki/Forest_dieback","/wiki/Iris_hypothesis","/wiki/Ocean_acidification","/wiki/Ozone_depletion","/wiki/Physical_impacts_of_climate_change","/wiki/Polar_stratospheric_cloud","/wiki/Regime_shift","/wiki/Retreat_of_glaciers_since_1850","/wiki/Runaway_climate_change","/wiki/Season_creep","/wiki/Shutdown_of_thermohaline_circulation","/wiki/Effects_of_global_warming_on_Australia","/wiki/Effects_of_global_warming_on_India","/wiki/Effects_of_global_warming_on_South_Asia","/wiki/National_Assessment_on_Climate_Change","/wiki/Kyoto_Protocol","/wiki/Clean_Development_Mechanism","/wiki/Joint_Implementation","/wiki/Bali_Road_Map","/wiki/2009_United_Nations_Climate_Change_Conference","/wiki/European_Climate_Change_Programme","/wiki/G8_Climate_Change_Roundtable","/wiki/United_Kingdom_Climate_Change_Programme","/wiki/Carbon_credit","/wiki/Carbon_negative_fuel","/wiki/Carbon_offset","/wiki/Carbon_tax","/wiki/Emissions_trading","/wiki/Fossil-fuel_phase-out","/wiki/Carbon_capture_and_storage","/wiki/Efficient_energy_use","/wiki/Low-carbon_economy","/wiki/Nuclear_power","/wiki/Renewable_energy","/wiki/Individual_action_on_climate_change","/wiki/Simple_living","/wiki/Carbon_dioxide_removal","/wiki/Carbon_sink","/wiki/Climate_change_mitigation_scenarios","/wiki/Geoengineering","/wiki/Individual_and_political_action_on_climate_change","/wiki/Reducing_emissions_from_deforestation_and_forest_degradation","/wiki/Urban_reforestation","/wiki/Adaptation_to_global_warming","/wiki/Dam","/wiki/Glacial_lake","/wiki/Desalination","/wiki/Drought_tolerance","/wiki/Irrigation","/wiki/Rainwater_tank","/wiki/Sustainable_development","/wiki/Weather_modification","/wiki/Avoiding_dangerous_climate_change","/wiki/Land_Allocation_Decision_Support_System","/wiki/Glossary_of_climate_change","/wiki/Index_of_climate_change_articles","/wiki/Category:Climate_change","/wiki/Category:Global_warming","/wiki/Portal:Global_warming","/wiki/Template:Sustainability","/wiki/Template_talk:Sustainability","//en.wikipedia.org/w/index.php?title=Template:Sustainability&action=edit","/wiki/Sustainability","/wiki/Ecological_modernization","/wiki/Environmentalism","/wiki/Human_impact_on_the_environment","/wiki/Planetary_boundaries","/wiki/Stewardship","/wiki/Sustainable_development","/wiki/Consumption_(economics)","/wiki/Anthropization","/wiki/Anti-consumerism","/wiki/Ecological_footprint","/wiki/Ethical_consumerism","/wiki/Over-consumption","/wiki/Simple_living","/wiki/Sustainability_advertising","/wiki/Sustainability_brand","/wiki/Sustainability_marketing_myopia","/wiki/Sustainable_consumption","/wiki/Sustainability_and_systemic_change_resistance","/wiki/Tragedy_of_the_commons","/wiki/Population","/wiki/Birth_control","/wiki/Family_planning","/wiki/Human_population_control","/wiki/Overpopulation","/wiki/Zero_population_growth","/wiki/Appropriate_technology","/wiki/Environmental_technology","/wiki/Sustainable_design","/wiki/Biodiversity","/wiki/Biosecurity","/wiki/Biosphere","/wiki/Conservation_biology","/wiki/Deep_ecology","/wiki/Endangered_species","/wiki/Holocene_extinction","/wiki/Invasive_species","/wiki/Carbon_footprint","/wiki/Carbon_neutral_fuel","/wiki/Energy_conservation","/wiki/Energy_descent","/wiki/Efficient_energy_use","/wiki/Emissions_trading","/wiki/Peak_oil","/wiki/Renewable_energy","/wiki/Forest_gardening","/wiki/Local_food","/wiki/Permaculture","/wiki/Food_security","/wiki/Sustainable_agriculture","/wiki/Sustainable_fishery","/wiki/Urban_horticulture","/wiki/Water_conservation","/wiki/Water_crisis","/wiki/Water_efficiency","/wiki/Water_footprint","/wiki/Sustainability_accounting","/wiki/Sustainability_measurement","/wiki/Sustainability_metrics_and_indices","/wiki/Sustainability_reporting","/wiki/Sustainability_science","/wiki/Sustainability_standards_and_certification","/wiki/Sustainable_yield","/wiki/Stewardship_economy","/wiki/Sustainable_advertising","/wiki/Sustainable_architecture","/wiki/Sustainable_art","/wiki/Sustainable_business","/wiki/Sustainable_city","/wiki/Sustainable_community","/wiki/Sustainable_design","/wiki/Education_for_Sustainable_Development","/wiki/Sustainable_fashion","/wiki/Sustainable_gardening","/wiki/Green_marketing","/wiki/Sustainable_industries","/wiki/Sustainable_landscape_architecture","/wiki/Sustainable_living","/wiki/Low-impact_development_(UK)","/wiki/Sustainability_organizations","/wiki/Sustainable_packaging","/wiki/Sustainability_practices_in_organizations","/wiki/Sustainable_procurement","/wiki/Sustainable_tourism","/wiki/Sustainable_transport","/wiki/Sustainable_urban_drainage_systems","/wiki/Sustainable_urban_infrastructure","/wiki/Sustainability_and_environmental_management","/wiki/Fisheries_management","/wiki/Sustainable_forest_management","/wiki/Natural_resource_management","/wiki/Planetary_management","/wiki/Waste_management","/wiki/United_Nations_Conference_on_the_Human_Environment","/wiki/Brundtland_Commission","/wiki/Our_Common_Future","/wiki/Earth_Summit","/wiki/Rio_Declaration_on_Environment_and_Development","/wiki/Agenda_21","/wiki/Convention_on_Biological_Diversity","/wiki/International_Conference_on_Population_and_Development","/wiki/Earth_Charter","/wiki/Lisbon_Principles","/wiki/United_Nations_Millennium_Declaration","/wiki/Millennium_Ecosystem_Assessment","/wiki/Category:Sustainability","/wiki/Category:Sustainability_lists","/wiki/Outline_of_sustainability","/wiki/Portal:Sustainable_development","/wiki/Sustainability_science","/wiki/Sustainability_studies","http://en.wikipedia.org/w/index.php?title=Climate_change_mitigation&oldid=546673546","/wiki/Help:Categories","/wiki/Category:Climate_change_mitigation","/wiki/Category:Climate_change_policy","/wiki/Category:All_articles_with_dead_external_links","/wiki/Category:Articles_with_dead_external_links_from_August_2010","/wiki/Category:All_articles_with_specifically_marked_weasel-worded_phrases","/wiki/Category:Articles_with_specifically_marked_weasel-worded_phrases_from_May_2010","/wiki/Category:All_articles_with_unsourced_statements","/wiki/Category:Articles_with_unsourced_statements_from_January_2009","/wiki/Category:Articles_with_unsourced_statements_from_April_2009","/wiki/Category:Wikipedia_articles_needing_clarification_from_February_2013","/wiki/Category:Articles_with_dead_external_links_from_February_2013","/wiki/Category:Articles_with_unsourced_statements_from_September_2007","/w/index.php?title=Special:UserLogin&returnto=Climate+change+mitigation&type=signup","/w/index.php?title=Special:UserLogin&returnto=Climate+change+mitigation","/wiki/Climate_change_mitigation","/wiki/Talk:Climate_change_mitigation","#","/wiki/Climate_change_mitigation","/w/index.php?title=Climate_change_mitigation&action=edit","/w/index.php?title=Climate_change_mitigation&action=history","#","/w/index.php","//bits.wikimedia.org/static-1.21wmf11/skins/vector/images/search-ltr.png?303-4","/wiki/Main_Page","/wiki/Main_Page","/wiki/Portal:Contents","/wiki/Portal:Featured_content","/wiki/Portal:Current_events","/wiki/Special:Random","//donate.wikimedia.org/wiki/Special:FundraiserRedirector?utm_source=donate&utm_medium=sidebar&utm_campaign=C13_en.wikipedia.org&uselang=en","/wiki/Help:Contents","/wiki/Wikipedia:About","/wiki/Wikipedia:Community_portal","/wiki/Special:RecentChanges","/wiki/Wikipedia:Contact_us","/wiki/Special:WhatLinksHere/Climate_change_mitigation","/wiki/Special:RecentChangesLinked/Climate_change_mitigation","/wiki/Wikipedia:File_Upload_Wizard","/wiki/Special:SpecialPages","/w/index.php?title=Climate_change_mitigation&oldid=546673546","/w/index.php?title=Climate_change_mitigation&action=info","/w/index.php?title=Special:Cite&page=Climate_change_mitigation&id=546673546","/w/index.php?title=Special:Book&bookcmd=book_creator&referer=Climate+change+mitigation","/w/index.php?title=Special:Book&bookcmd=render_article&arttitle=Climate+change+mitigation&oldid=546673546&writer=rl","/w/index.php?title=Climate_change_mitigation&printable=yes","//de.wikipedia.org/wiki/Klimaschutz","//et.wikipedia.org/wiki/Kliimamuutuse_leevendamine","//es.wikipedia.org/wiki/Mitigaci%C3%B3n_del_cambio_clim%C3%A1tico","//eu.wikipedia.org/wiki/Klima_aldaketa_arintzea","//fr.wikipedia.org/wiki/Mitigation_climatique","//hu.wikipedia.org/wiki/A_glob%C3%A1lis_felmeleged%C3%A9s_cs%C3%B6kkent%C3%A9se","//nl.wikipedia.org/wiki/Mitigatie","//no.wikipedia.org/wiki/Klimapolitikk","//fi.wikipedia.org/wiki/Ilmastonmuutoksen_hillitseminen","//www.wikidata.org/wiki/Special:ItemByTitle/enwiki/Climate change mitigation","//en.wikipedia.org/wiki/Wikipedia:Text_of_Creative_Commons_Attribution-ShareAlike_3.0_Unported_License","//creativecommons.org/licenses/by-sa/3.0/","//wikimediafoundation.org/wiki/Terms_of_Use","//www.wikimediafoundation.org/","//en.wikipedia.org/wiki/Wikipedia:Contact_us","//wikimediafoundation.org/wiki/Privacy_policy","/wiki/Wikipedia:About","/wiki/Wikipedia:General_disclaimer","http://en.m.wikipedia.org/wiki/Climate_change_mitigation","//wikimediafoundation.org/","//bits.wikimedia.org/images/wikimedia-button.png","//www.mediawiki.org/","//bits.wikimedia.org/static-1.21wmf11/skins/common/images/poweredby_mediawiki_88x31.png","//bits.wikimedia.org/en.wikipedia.org/load.php?debug=false&lang=en&modules=skins.vector&only=scripts&skin=vector&*","/w/index.php?title=MediaWiki:Gadget-ReferenceTooltips.js&action=raw&ctype=text/javascript&508635914","//bits.wikimedia.org/en.wikipedia.org/load.php?debug=false&lang=en&modules=site&only=scripts&skin=vector&*"],"instances":["window","geoengineering","travel","united_states","scientist","ecology","journal","politician","journal","ecology","economics","2000"],"pdf":["http://www.ipcc.ch/pdf/glossary/ar4-wg3.pdf","http://www.ipcc.ch/pdf/glossary/ar4-wg3.pdf","http://www.pnas.org/content/early/2009/10/19/0902568106.full.pdf","http://iea.org/publications/freepublications/publication/nuclear_roadmap.pdf","http://iea.org/publications/freepublications/publication/nuclear_roadmap.pdf","http://www.oecd.org/dataoecd/9/59/2482280.pdf","http://www.swp-berlin.org/fileadmin/contents/products/comments/2010C19_gdn_ks.pdf","http://jsterman.scripts.mit.edu/docs/Sterman-2007-UnderstandingPublicComplacency.pdf","http://www.forumforthefuture.org/files/Living_within_our_means_sml.pdf","http://www.forumforthefuture.org/files/Living_within_our_means_sml.pdf","http://www.ren21.net/Portals/97/documents/GSR/GSR2011_Master18.pdf","http://www.ren21.net/Portals/97/documents/GSR/GSR2011_Master18.pdf","http://www.risoe.dk/rispubl/art/2006_120_report.pdf","http://www.cleanedge.com/reports/pdf/Trends2008.pdf","http://sefi.unep.org/fileadmin/media/sefi/docs/publications/SEFI_Investment_Report_2007.pdf","http://www.ren21.net/globalstatusreport/REN21_GSR_2010_full.pdf","http://www.ren21.net/pdf/RE_GSR_2009_update.pdf","http://www.ren21.net/globalstatusreport/REN21_GSR_2010_full.pdf","http://www.stanford.edu/group/efmh/jacobson/PDF%20files/ReviewSolGW09.pdf","http://www.ren21.net/globalstatusreport/REN21_GSR_2010_full.pdf","http://iea.org/publications/freepublications/publication/nuclear_roadmap.pdf","http://iea.org/publications/freepublications/publication/nuclear_roadmap.pdf","http://www.barackobama.com/pdf/factsheet_energy_speech_080308.pdf","http://www.cigionline.org/sites/default/files/Nuclear%20Energy%20Futures%20Overview.pdf","http://www.npcil.nic.in/pdf/nuclear%20power-%20an%20alternative.pdf","http://www.npcil.nic.in/pdf/nuclear%20power-%20an%20alternative.pdf","http://www.ipsos.com/public-affairs/sites/www.ipsos.com.public-affairs/files/Energy%20Article.pdf","http://www.ipsos.com/public-affairs/sites/www.ipsos.com.public-affairs/files/Energy%20Article.pdf","http://sustento.org.nz/wp-content/uploads/2007/06/climate-control.pdf","http://sustento.org.nz/wp-content/uploads/2007/06/climate-control.pdf","http://www.bcsea.org/policy/files/7_Fossil_fuels.pdf","http://www.bcsea.org/policy/files/7_Fossil_fuels.pdf","http://www.brookings.edu/es/urban/publications/fulton.pdf","http://www.brookings.edu/es/urban/publications/fulton.pdf","http://www.oecd.org/dataoecd/32/53/49082173.pdf","http://www.oecd.org/dataoecd/32/53/49082173.pdf","https://www.iea.org/papers/2009/CCS_Roadmap.pdf","https://www.iea.org/papers/2009/CCS_Roadmap.pdf","http://carbonsequestration.us/Papers-presentations/htm/Pacala-Socolow-ScienceMag-Aug2004.pdf","http://www.econ.cam.ac.uk/rstaff/grubb/publications/J36.pdf","http://www.ipcc.ch/ipccreports/sar/wg_III/ipcc_sar_wg_III_full_report.pdf","http://www.ipcc.ch/ipccreports/sar/wg_III/ipcc_sar_wg_III_full_report.pdf","http://carbonfinance.org/docs/CarbonMarketStudy2005.pdf","http://www.weforum.org/pdf/g8_climatechange.pdf","http://oversight.house.gov/Documents/20070130113153-55829.pdf","http://oversight.house.gov/Documents/20070130113813-92288.pdf","http://alicante.academia.edu/documents/0076/1866/chap06_copy.pdf","http://www.nrc.co.jp/report/pdf/110420_2.pdf","http://www.nrc.co.jp/report/pdf/110420_2.pdf","http://www.iaea.org/OurWork/ST/NE/Pess/assets/08-33461-CCNP-Brochure.pdf","http://www.iaea.org/OurWork/ST/NE/Pess/assets/08-33461-CCNP-Brochure.pdf","http://www.ipsos-mori.com/Assets/Docs/Polls/ipsos-global-advisor-nuclear-power-june-2011.pdf","http://www.ipsos-mori.com/Assets/Docs/Polls/ipsos-global-advisor-nuclear-power-june-2011.pdf"],"categories":["Climate change mitigation|","Climate change policy"],"headings":["Greenhouse gas concentrations and stabilization","Humanity's energy consumption by power source","Methods and means","Costs and benefits","Governmental and intergovernmental action","Non-governmental approaches","See also","Notes","References","External links"],"image":["//upload.wikimedia.org/wikipedia/commons/thumb/4/49/Global_Warming_Observed_CO2_Emissions_from_fossil_fuel_burning_vs_IPCC_scenarios.jpg/220px-Global_Warming_Observed_CO2_Emissions_from_fossil_fuel_burning_vs_IPCC_scenarios.jpg","//bits.wikimedia.org/static-1.21wmf11/skins/common/images/magnify-clip.png","//upload.wikimedia.org/wikipedia/commons/thumb/7/75/Instrumental_Temperature_Record_%28NASA%29.svg/220px-Instrumental_Temperature_Record_%28NASA%29.svg.png","//bits.wikimedia.org/static-1.21wmf11/skins/common/images/magnify-clip.png","//upload.wikimedia.org/wikipedia/commons/thumb/4/44/Global_Carbon_Emissions.svg/220px-Global_Carbon_Emissions.svg.png","//bits.wikimedia.org/static-1.21wmf11/skins/common/images/magnify-clip.png","//upload.wikimedia.org/wikipedia/commons/thumb/c/c8/Stabilizing_carbon_dioxide_emissions_at_their_present_level_will_not_stabilize_its_concentration_in_the_atmosphere.png/200px-Stabilizing_carbon_dioxide_emissions_at_their_present_level_will_not_stabilize_its_concentration_in_the_atmosphere.png","//upload.wikimedia.org/wikipedia/commons/thumb/8/8c/Stabilizing_the_atmospheric_concentration_of_carbon_dioxide_at_a_constant_level_would_require_emissions_to_be_effectively_eliminated.png/200px-Stabilizing_the_atmospheric_concentration_of_carbon_dioxide_at_a_constant_level_would_require_emissions_to_be_effectively_eliminated.png","//upload.wikimedia.org/wikipedia/commons/thumb/b/bb/Alternative_Energies.jpg/220px-Alternative_Energies.jpg","//bits.wikimedia.org/static-1.21wmf11/skins/common/images/magnify-clip.png","//upload.wikimedia.org/wikipedia/commons/thumb/6/64/GlobalWindPowerCumulativeCapacity.png/170px-GlobalWindPowerCumulativeCapacity.png","//bits.wikimedia.org/static-1.21wmf11/skins/common/images/magnify-clip.png","//upload.wikimedia.org/wikipedia/commons/thumb/2/22/PS20andPS10.jpg/170px-PS20andPS10.jpg","//bits.wikimedia.org/static-1.21wmf11/skins/common/images/magnify-clip.png","//upload.wikimedia.org/wikipedia/commons/thumb/d/db/Calefon_solar_termosifonico_compacto.jpg/170px-Calefon_solar_termosifonico_compacto.jpg","//bits.wikimedia.org/static-1.21wmf11/skins/common/images/magnify-clip.png","//upload.wikimedia.org/wikipedia/commons/thumb/c/cc/Greenhouse_Gas_Emissions_from_Electricity_Production_IEA.PNG/300px-Greenhouse_Gas_Emissions_from_Electricity_Production_IEA.PNG","//bits.wikimedia.org/static-1.21wmf11/skins/common/images/magnify-clip.png","//upload.wikimedia.org/wikipedia/en/thumb/c/cc/Net_US_Electric_Generation_for_2009.jpg/350px-Net_US_Electric_Generation_for_2009.jpg","//bits.wikimedia.org/static-1.21wmf11/skins/common/images/magnify-clip.png","//upload.wikimedia.org/wikipedia/commons/thumb/6/6e/Global_public_support_for_energy_sources_%28Ipsos_2011%29.png/220px-Global_public_support_for_energy_sources_%28Ipsos_2011%29.png","//bits.wikimedia.org/static-1.21wmf11/skins/common/images/magnify-clip.png","//upload.wikimedia.org/wikipedia/commons/thumb/b/b5/Carbon_sequestration-2009-10-07.svg/220px-Carbon_sequestration-2009-10-07.svg.png","//bits.wikimedia.org/static-1.21wmf11/skins/common/images/magnify-clip.png","//upload.wikimedia.org/wikipedia/commons/thumb/c/c3/Compact-Fluorescent-Bulb.jpg/250px-Compact-Fluorescent-Bulb.jpg","//bits.wikimedia.org/static-1.21wmf11/skins/common/images/magnify-clip.png","//upload.wikimedia.org/wikipedia/commons/thumb/b/b1/Scania_OmniCity_ethanol_demonstrator.JPG/220px-Scania_OmniCity_ethanol_demonstrator.JPG","//bits.wikimedia.org/static-1.21wmf11/skins/common/images/magnify-clip.png","//upload.wikimedia.org/wikipedia/commons/thumb/2/24/BikesInAmsterdam_2004_SeanMcClean.jpg/220px-BikesInAmsterdam_2004_SeanMcClean.jpg","//bits.wikimedia.org/static-1.21wmf11/skins/common/images/magnify-clip.png","//upload.wikimedia.org/wikipedia/commons/thumb/1/15/Countries_by_population_density.svg/400px-Countries_by_population_density.svg.png","//bits.wikimedia.org/static-1.21wmf11/skins/common/images/magnify-clip.png","//upload.wikimedia.org/wikipedia/commons/thumb/3/3e/Extreme_weather_in_the_US_1980-2011.png/220px-Extreme_weather_in_the_US_1980-2011.png","//bits.wikimedia.org/static-1.21wmf11/skins/common/images/magnify-clip.png","//upload.wikimedia.org/wikipedia/commons/thumb/8/8c/Global_Warming_Map.jpg/32px-Global_Warming_Map.jpg","//upload.wikimedia.org/wikipedia/commons/thumb/1/14/Crystal_energy.svg/29px-Crystal_energy.svg.png","//bits.wikimedia.org/static-1.21wmf11/skins/vector/images/search-ltr.png?303-4","//bits.wikimedia.org/images/wikimedia-button.png","//bits.wikimedia.org/static-1.21wmf11/skins/common/images/poweredby_mediawiki_88x31.png"],"tags":[["skylight","window"],["science","journal"],["consumption","economics"],["mary_peters","politician"],["bush_administration","2000"],["nature","journal"],["kevin_anderson","scientist"],["hypermobility","travel"],["clean_air_act","united_states"],["hypermobility","travel"],["resilience","ecology"],["resistance","ecology"],["stratospheric_sulfur_aerosols","geoengineering"]],"members":["skylight","stratospheric_sulfur_aerosols","hypermobility","clean_air_act","kevin_anderson","resilience","nature","mary_peters","science","resistance","consumption","bush_administration"],"related":["Radiative_forcing","Global_warming","Adaptation_to_global_warming","Effects_of_global_warming","Climate_change_mitigation_scenarios","Concentrations","Greenhouse_gases","Carbon_sink","United_Nations","Fossil_fuel","Renewable_energy","Solar_energy","Wind_power","Building_insulation","Forest","Carbon_dioxide","Intergovernmental_Panel_on_Climate_Change","International_Atomic_Energy_Agency","International_Energy_Agency","Low-carbon_energy","Nuclear_power","Scientific_opinion_on_climate_change","Precautionary_principle","Abrupt_climate_change","Global_Environmental_Change","Elsevier","Stern_Review","Energy_policy_of_the_European_Union","Celsius","Industrial_Revolution","Climate_commitment","German_Institute_for_International_and_Security_Affairs","Climate_model","Carbon_dioxide_equivalent","Parts_per_million","Economic_growth","United_States_Department_of_Energy","Cambridge_University_Press","United_Nations_Framework_Convention_on_Climate_Change","Avoiding_dangerous_climate_change","Climate_change_and_ecosystems","Climate_change_and_agriculture","Economics_of_global_warming","Chemical_formula","Carbon_dioxide_in_Earth's_atmosphere","Emission_intensity","Fossil_fuel","Oil","Coal","Natural_gas","Low-carbon_power","Fossil_fuel","Hydroelectricity","Nuclear_power","Low-carbon_power","Microsoft_Excel","Hydroelectric","Nuclear_power","Geothermal","Solar_energy","Energy_Information_Administration","Sun","Biomass","Energy_conservation","Fuel_efficiency","Hybrid_vehicle","Plug-in_hybrid","Electric_car","Fuel_economy_in_automobiles","Individual_and_political_action_on_climate_change","Business_action_on_climate_change","Future_energy_development","Solar_power","Tidal_power","Ocean_energy","Geothermal_power","Wind_power","Nuclear_power","Carbon_sink","Carbon_credits","Carbon_tax","Gross_domestic_product","PS20_Solar_Power_Plant","Electricity_generation","Hydro_power","Global_warming","REN21","Renewable_energy_industry","Joel_Makower","Ron_Pernick","Clint_Wilder","Clean_Edge","REN21","REN21","Power_generation","Solar_hot_water","Space_heating","Transport_fuel","REN21","Mark_Z._Jacobson","Wind_power","Hydroelectricity","Solar_power","USD","Trillion","Photovoltaic","Concentrated_solar_power","NASA","James_Hansen","Vaclav_Smil","Geography","Geology","Weather","Geothermal_energy","Hydroelectric","REN21","Solar_water_heating","Biomass","Geothermal_heating","Biofuel","Ethanol_fuel","Biodiesel","Yale_University","Life_cycle_assessment","Nuclear_power","Nuclear_power","Low-carbon_power","Intergovernmental_Panel_on_Climate_Change","International_Atomic_Energy_Agency","International_Energy_Agency","Low-carbon_energy","Spent_nuclear_fuel","Nuclear_safety","Nuclear_terrorism","President_of_United_States","Barack_Obama","Nuclear_power","USA","Fossil_fuel","Carbon_tax","M.V._Ramana","EPR","IAEA","European_Nuclear_Society","Light_Water_Reactor_Sustainability_Program","Carbon_dioxide_emission","Electric_car","Gram","Kilometer","Hybrid_car","Toyota_Prius","Carbon_dioxide_emission","Uranium-235","Thorium","Uranium","India","Norway","2011_Tōhoku_earthquake_and_tsunami","Fukushima_Daiichi_nuclear_disaster","UK","BC_Sustainable_Energy_Association","Natural_gas","Methane","Oil","Coal","Emission_intensity","Carbon_dioxide","Intergovernmental_Panel_on_Climate_Change","Norway","Building_insulation","Fluorescent_lights","Skylight_(window)","Incandescent_light_bulbs","Compact_fluorescent_lights","Mark_Diesendorf","World_energy_resources_and_consumption","California","Energy_conservation","Fossil_fuels","Greenhouse_gas","International_Energy_Agency","Energy_efficient_buildings","Sustainable_transportation","Reading,_Berkshire","UK","Carbon_footprint","Efficient_energy_use","Plug-in_hybrid","Future_energy_development","Hydrogen_car","Petroleum","Carbon_dioxide","Environmental_impact_of_aviation","Road_transport","Rail_transport","Biofuel","Ethanol_fuel","Biodiesel","Hybrid_vehicle","Plug-in_hybrid","Renewable_energy","Urban_planning","Urban_sprawl","Public_transport","Urban_planning","Urban_development","The_Brookings_Institution","Land_use","Smart_growth","New_Urbanism","Transit-oriented_development","Public_transit","Walking","Cycling","Medium-density","Mixed-use_development","Town_center","Transport_node","House","Passive_solar_building_design","Low-energy_building","Zero-energy_building","Renewable_heat","Hot_water_heater","Furnaces","Insulated_glazing","Geothermal_heat_pump","Passive_solar","Urban_heat_island","Methane","Carbon_dioxide","Methane","Flatulence","Eructation","Carbon_sink","Forest","Negative_carbon_dioxide_emission","Opportunity_costs","Afforestation","Reforestation","Temperate_forest","Intergovernmental_Panel_on_Climate_Change","Plantation_forest","Agricultural_emissions","Fugitive_emissions","Waste_emissions","Industrial_processes","Overseas_Development_Institute","Negative_carbon_dioxide_emission","Carbon_dioxide_scrubbing","Biochar","Bio-energy_with_carbon_capture_and_storage","Enhanced_weathering","OECD","OECD","The_Royal_Society","OECD","Scientific_literature","Atmosphere","United_States_National_Academy_of_Sciences","Committee_on_Science,_Engineering,_and_Public_Policy","United_States_Government_Accountability_Office","Carbon_dioxide_removal","Radiative_forcing","Photosynthesis","Biosequestration","Carbon_capture_and_storage","Carbon_dioxide_air_capture","Carbon_capture_and_storage","Crude_oil","Oil_field","Statoil","Royal_Dutch_Shell","AFX_News","Forbes","Greenhouse","Algae","Smokestack","GreenFuel_Technologies_Corporation","Sulfate_aerosols","Global_dimming","Geoengineering","Science_(journal)","American_Association_for_the_Advancement_of_Science","Princeton_University","Hydrogen_fuel","Population_control","Family_planning","Reproductive_health","Natalistic_politics","Religious_views_on_birth_control","Birth_control","Human_impact_on_the_environment","Kyoto_Protocol","Methane","Nitrous_oxide","Halocarbon","Sulfur_hexafluoride","Infrared_radiation","Global_warming_potential","Montreal_Protocol","Treaty","Ozone-depleting_substance","Chlorofluorocarbon","Stern_Review","GDP","GWP","GWP","PPP","CIA","Marginal_abatement_costs","Adaptive_capacity","Heating","Car","Central_heating","Welfare_economics","Consumption_(economics)","John_Rawls","Philosophy","Aristotelianism","UNDP","Human_Development_Index","GNP","Fishery","Natural_resource","International_law","Commitment_to_Development_Index","Kyoto_Protocol","United_Nations_Framework_Convention_on_Climate_Change","List_of_Kyoto_Protocol_signatories","Carbon_dioxide","Greenhouse_gas","Emissions_trading","Negative_feedback","Ken_Caldeira","Market","Carbon_emissions_trading","NYSE","Chicago","Kyoto_Protocol","European_Union_Emission_Trading_Scheme","European_Union","Chicago_Climate_Exchange","Asia_Carbon_Exchange","Multinational_corporation","G8_Climate_Change_Roundtable","World_Economic_Forum","Ford_Motor_Company","Toyota","British_Airways","BP","Regional_Greenhouse_Gas_Initiative","United_States","Connecticut","Delaware","Maine","Massachusetts","New_Hampshire","New_Jersey","New_York","Rhode_Island","Vermont","Greenhouse_gas_emissions_by_the_United_States","Energy_policy_of_the_United_States","Energy_Star","Commercial_Building_Integration","Industrial_Technologies_Program","Al_Gore","United_States_Senate","Mary_Peters_(politician)","San_Francisco_Chronicle","U.S._Climate_Change_Science_Program","Bush_administration_(2000)","Government_Accountability_Project","Regional_Greenhouse_Gas_Initiative","Global_Warming_Solutions_Act_of_2006","Economic_development","Developing_countries","Clean_Development_Mechanism","World_Bank","Public_private_partnership","Overseas_Development_Institute","Copenhagen_Climate_Conference","Copenhagen_Accord","European_Commission","Overseas_Development_Institute","Official_Development_Assistance","OECD","Millennium_Development_Goals","Asia-Pacific_Partnership_for_Clean_Development_and_Climate","UNEP","WTO","Doha_round","Business_action_on_climate_change","Individual_and_political_action_on_climate_change","Consumer","Energy_sources","Geophysicist","Utrecht_University","Videoconferencing","Nature_(journal)","Kevin_Anderson_(scientist)","Environmental_impact_of_aviation","Hypermobility_(travel)","Earthscan","Jeff_Immelt","Chief_executive","General_Electric","Airline","Airport","Aerospace","Manufacturer","Environmental_impact_of_aviation","Fuel_efficiency","European_Union","Negligence","World_Heritage_Convention","World_Heritage_Site","Mount_Everest","United_States_Environmental_Protection_Agency","Clean_Air_Act_(United_States)","Export-Import_Bank_of_the_United_States","OPIC","NEPA","Friends_of_the_Earth","ExxonMobil","List_of_countries_by_ratio_of_GDP_to_carbon_dioxide_emissions","4_Degrees_and_Beyond_International_Climate_Conference","Alternative_propulsion","Avoiding_Dangerous_Climate_Change","Biochar","Black_carbon","Carbon_diet","Carbon_negative_fuel","Climate_bond","Coal","Contraction_and_Convergence","Green_IT","Hypermobility_(travel)","Iron_fertilization","Low_carbon_diet","Mitigation_of_peak_oil","Oil_phase-out","Overpopulation","Resilience_(ecology)","Resistance_(ecology)","Stratospheric_sulfur_aerosols_(geoengineering)","Vulnerability","Zero-carbon_economy","Environmental_impact_of_the_coal_industry","Debate_over_China's_economic_responsibilities_for_climate_change_mitigation","European_Climate_Change_Programme","Mitigation_of_global_warming_in_Australia","IPCC_Fourth_Assessment_Report","Foreign_Affairs","Veerabhadran_Ramanathan","David_G._Victor","Charles_Kennel","European_Union","Odense","Scientific_American"]}