{"cursor":"6966","size":15,"audio":[],"currentlang":"en","article":"A 'tumor' (American English) or 'tumour' (British English) is commonly used as a\nsynonym for a neoplasm (a solid or fluid-filled [cystic] lesion that\nmay or may not be formed by an abnormal growth of neoplastic cells) that appears\nenlarged in size. Tumor is not synonymous with cancer. While cancer is by\ndefinition malignant, a tumor can be benign, pre-malignant, or malignant, or can\nrepresent a lesion without any cancerous potential whatsoever.\n\nThe terms \"mass\" and \"nodule\" are often used synonymously with \"tumor\".\nGenerally speaking, however, the term \"tumor\" is used generically, without\nreference to the physical size of the lesion. More specifically, the term \"mass\"\nis often used when the lesion has a maximal diameter of at least 20 millimeters\n(mm) in greatest direction, while the term \"nodule\" is usually used when the\nsize of the lesion is less than 20 mm in its greatest dimension\n(25.4 mm = 1 inch).\n","linknr":434,"url":"Tumor_cell","recorded":1364226593,"links":["/w/index.php?title=Tumor&action=edit","/w/index.php?title=Tumor&action=edit","//en.wikipedia.org/apple-touch-icon.png","//bits.wikimedia.org/favicon/wikipedia.ico","/w/opensearch_desc.php","//en.wikipedia.org/w/api.php?action=rsd","//creativecommons.org/licenses/by-sa/3.0/","/w/index.php?title=Special:RecentChanges&feed=atom","/wiki/Tumor","//bits.wikimedia.org/en.wikipedia.org/load.php?debug=false&lang=en&modules=ext.gadget.DRN-wizard%2CReferenceTooltips%2Ccharinsert%2Cteahouse%7Cext.wikihiero%7Cmediawiki.legacy.commonPrint%2Cshared%7Cmw.PopUpMediaTransform%7Cskins.vector&only=styles&skin=vector&*","//bits.wikimedia.org/en.wikipedia.org/load.php?debug=false&lang=en&modules=site&only=styles&skin=vector&*","//bits.wikimedia.org/en.wikipedia.org/load.php?debug=false&lang=en&modules=startup&only=scripts&skin=vector&*","//bits.wikimedia.org/geoiplookup","//meta.wikimedia.org","/w/index.php?title=Tumor_cell&redirect=no","#mw-head","#p-search","/wiki/American_English","/wiki/British_English","/wiki/Neoplasm","#cite_note-1","/wiki/Lesion","/wiki/Cancer","/wiki/Benign_tumor","/wiki/Precancerous_condition","/wiki/Malignancy","/wiki/Nodule_(medicine)","#Etymology","#Causes","#See_also","#References","#External_links","/w/index.php?title=Tumor&action=edit&section=1","/wiki/Latin","/wiki/Old_French","/wiki/Aulus_Cornelius_Celsus","/wiki/Inflammation","/wiki/Pain","/wiki/Rubor","/wiki/De_Medicina","/wiki/Neoplasm","#cite_note-2","/wiki/Swelling_(medical)","#cite_note-3","/wiki/Tumescence","/w/index.php?title=Tumor&action=edit&section=2","/wiki/File:Hidradenoma.jpg","//upload.wikimedia.org/wikipedia/commons/thumb/e/eb/Hidradenoma.jpg/200px-Hidradenoma.jpg","/wiki/File:Hidradenoma.jpg","//bits.wikimedia.org/static-1.21wmf11/skins/common/images/magnify-clip.png","/wiki/Neoplasm","/wiki/Benign_tumor","/wiki/Sweat_glands","/wiki/Hidradenoma","/wiki/Mutation","/wiki/Leukemia","/wiki/Carcinoma_in_situ","#cite_note-4","#cite_note-5","/wiki/Sebaceous_cyst","/wiki/Breast_cyst","/wiki/Keloid","/wiki/Granuloma","/wiki/Enteric_duplication_cyst","/wiki/Biopsy","/wiki/Anatomical_pathology","/wiki/Surgery","/w/index.php?title=Tumor&action=edit&section=3","/wiki/History_of_medicine","/w/index.php?title=Tumor&action=edit&section=4","#cite_ref-1","/wiki/Saunders_(publisher)","/wiki/International_Standard_Book_Number","/wiki/Special:BookSources/9781849723480","#cite_ref-2","http://www.nlm.nih.gov/medlineplus/ency/article/001310.htm","#cite_ref-3","http://www.nlm.nih.gov/medlineplus/ency/article/003103.htm","#cite_ref-4","/wiki/Digital_object_identifier","http://dx.doi.org/10.1016%2FS0020-7225%2802%2900014-9","#cite_ref-5","http://www.sciencedirect.com/science/article/pii/S1742706106000432","/wiki/Digital_object_identifier","http://dx.doi.org/10.1016%2Fj.actbio.2006.04.002","/w/index.php?title=Tumor&action=edit&section=5","//upload.wikimedia.org/wikipedia/commons/thumb/f/f8/Wiktionary-logo-en.svg/37px-Wiktionary-logo-en.svg.png","//en.wiktionary.org/wiki/tumor","//en.wiktionary.org/wiki/tumour","http://www.mtcc.cinbo.org","http://dx.plos.org/10.1371/journal.pone.0035187","http://crdd.osdd.net/raghava/cancerdr/","/wiki/Template:Tumors","/wiki/Template_talk:Tumors","//en.wikipedia.org/w/index.php?title=Template:Tumors&action=edit","/wiki/Pathology","/wiki/Neoplasm","/wiki/Cancer","/wiki/Oncology","/wiki/ICD-10_Chapter_III:_Diseases_of_the_blood_and_blood-forming_organs,_and_certain_disorders_involving_the_immune_mechanism","/wiki/List_of_ICD-9_codes_140%E2%80%93239:_neoplasms","/wiki/Benign_tumor","/wiki/Hyperplasia","/wiki/Cyst","/wiki/Pseudocyst","/wiki/Hamartoma","/wiki/Dysplasia","/wiki/Carcinoma_in_situ","/wiki/Cancer","/wiki/Metastasis","/wiki/Head_and_neck_cancer","/wiki/Oral_cancer","/wiki/Nasopharyngeal_carcinoma","/wiki/Digestive_system_neoplasm","/wiki/Respiratory_tract_neoplasm","/wiki/Bone_tumor","/wiki/Skin_cancer","/wiki/Leukemia","/wiki/Urogenital_neoplasm","/wiki/Nervous_system_neoplasm","/wiki/Endocrine_gland_neoplasm","/wiki/Carcinoma","/wiki/Sarcoma","/wiki/Blastoma","/wiki/Papilloma","/wiki/Adenoma","/wiki/Precancerous_condition","/wiki/Paraneoplastic_syndrome","/wiki/Cancer_staging","/wiki/Grading_(tumors)","/wiki/TNM_staging_system","/wiki/Ann_Arbor_staging","/wiki/Prostate_cancer_staging","/wiki/Gleason_Grading_System","/wiki/Dukes_classification","/wiki/Carcinogenesis","/wiki/Cancer_cell","/wiki/Carcinogen","/wiki/Tumor_suppressor_gene","/wiki/Oncogene","/wiki/Clonally_transmissible_cancer","/wiki/Oncovirus","/wiki/Cancer_bacteria","/wiki/Cancer_research","/wiki/List_of_oncology-related_terms","/wiki/History_of_cancer","/wiki/Cancer_pain","/wiki/Template:Medicine_navs","/wiki/Neoplasm","/wiki/Template:Tumor_suppressor_genes_and_oncogenes","/wiki/Template:Tumor_markers","/wiki/Template:Tumors","/wiki/Template:Eponymous_medical_signs_for_oncology","/wiki/Template:Paraneoplastic_syndromes","/wiki/ATC_code_L","/wiki/Template:Intracellular_chemotherapeutic_agents","/wiki/Template:Extracellular_chemotherapeutic_agents","/wiki/Template:Detoxifying_agents_for_antineoplastic_treatment","/wiki/Template:Inflammation","/wiki/Template_talk:Inflammation","//en.wikipedia.org/w/index.php?title=Template:Inflammation&action=edit","/wiki/Inflammation","/wiki/Inflammation#Acute_inflammation","/wiki/Inflammation#Plasma_derived_mediators","/wiki/Bradykinin","/wiki/Complement_system","/wiki/Complement_component_3","/wiki/Complement_component_5a","/wiki/Complement_membrane_attack_complex","/wiki/Coagulation","/wiki/Factor_XII","/wiki/Plasmin","/wiki/Thrombin","/wiki/Inflammation#Cell_derived_mediators","/wiki/Granule_(cell_biology)","/wiki/Vasoactive_amine","/wiki/Histamine","/wiki/Serotonin","/wiki/Cytokine","/wiki/Interferon-gamma","/wiki/Interleukin_8","/wiki/Tumor_necrosis_factor-alpha","/wiki/IL1A","/wiki/Eicosanoid","/wiki/Leukotriene_B4","/wiki/Prostaglandin","/wiki/Nitric_oxide","/wiki/Kinin","/wiki/Inflammation#Chronic_inflammation","/wiki/Macrophage","/wiki/Epithelioid_cell","/wiki/Giant_cell","/wiki/Granuloma","/wiki/Flushing_(physiology)","/wiki/Heat","/wiki/Pain","/wiki/Functio_laesa","/wiki/Acute-phase_protein","/wiki/Fever","/wiki/Vasodilation","/wiki/Vascular_permeability","/wiki/Exudate","/wiki/Leukocyte_extravasation","/wiki/Chemotaxis","/wiki/Nervous_system","/wiki/Encephalitis","/wiki/Myelitis","/wiki/Meningitis","/wiki/Arachnoiditis","/wiki/Peripheral_neuropathy","/wiki/Dacryoadenitis","/wiki/Scleritis","/wiki/Episcleritis","/wiki/Keratitis","/wiki/Choroiditis","/wiki/Retinitis","/wiki/Chorioretinitis","/wiki/Blepharitis","/wiki/Conjunctivitis","/wiki/Uveitis","/wiki/Otitis","/wiki/Labyrinthitis","/wiki/Mastoiditis","/wiki/Cardiovascular_system","/wiki/Carditis","/wiki/Endocarditis","/wiki/Myocarditis","/wiki/Pericarditis","/wiki/Vasculitis","/wiki/Arteritis","/wiki/Phlebitis","/wiki/Capillaritis","/wiki/Respiratory_system","/wiki/Sinusitis","/wiki/Rhinitis","/wiki/Pharyngitis","/wiki/Laryngitis","/wiki/Tracheitis","/wiki/Bronchitis","/wiki/Bronchiolitis","/wiki/Pneumonitis","/wiki/Pleurisy","/wiki/Mediastinitis","/wiki/Digestive_system","/wiki/Stomatitis","/wiki/Gingivitis","/wiki/Gingivostomatitis","/wiki/Glossitis","/wiki/Tonsillitis","/wiki/Sialadenitis","/wiki/Parotitis","/wiki/Cheilitis","/wiki/Pulpitis","/wiki/Gnathitis","/wiki/Esophagitis","/wiki/Gastritis","/wiki/Gastroenteritis","/wiki/Enteritis","/wiki/Colitis","/wiki/Enterocolitis","/wiki/Duodenitis","/wiki/Ileitis","/wiki/Caecitis","/wiki/Appendicitis","/wiki/Proctitis","/wiki/Hepatitis","/wiki/Cholangitis","/wiki/Cholecystitis","/wiki/Pancreatitis","/wiki/Peritonitis","/wiki/Integumentary_system","/wiki/Dermatitis","/wiki/Folliculitis","/wiki/Cellulitis","/wiki/Hidradenitis","/wiki/Musculoskeletal_system","/wiki/Arthritis","/wiki/Dermatomyositis","/wiki/Myositis","/wiki/Synovitis","/wiki/Tenosynovitis","/wiki/Bursitis","/wiki/Enthesitis","/wiki/Fasciitis","/wiki/Capsulitis","/wiki/Epicondylitis","/wiki/Tendinitis","/wiki/Panniculitis","/wiki/Osteochondritis","/wiki/Osteitis","/wiki/Spondylitis","/wiki/Periostitis","/wiki/Chondritis","/wiki/Urinary_system","/wiki/Nephritis","/wiki/Glomerulonephritis","/wiki/Pyelonephritis","/wiki/Ureteritis","/wiki/Cystitis","/wiki/Urethritis","/wiki/Reproductive_system","/wiki/Oophoritis","/wiki/Salpingitis","/wiki/Endometritis","/wiki/Parametritis","/wiki/Cervicitis","/wiki/Vaginitis","/wiki/Vulvitis","/wiki/Mastitis","/wiki/Orchitis","/wiki/Epididymitis","/wiki/Prostatitis","/wiki/Balanitis","/wiki/Balanoposthitis","/wiki/Chorioamnionitis","/wiki/Omphalitis","/wiki/Endocrine_system","/wiki/Insulitis","/wiki/Hypophysitis","/wiki/Thyroiditis","/wiki/Parathyroiditis","/wiki/Adrenalitis","/wiki/Lymphatic_system","/wiki/Lymphangitis","/wiki/Lymphadenopathy","http://en.wikipedia.org/w/index.php?title=Tumor&oldid=543626572","/wiki/Help:Categories","/wiki/Category:Anatomical_pathology","/wiki/Category:Medical_signs","/wiki/Category:Oncology","/w/index.php?title=Special:UserLogin&returnto=Tumor&type=signup","/w/index.php?title=Special:UserLogin&returnto=Tumor","/wiki/Tumor","/wiki/Talk:Tumor","#","/wiki/Tumor","/w/index.php?title=Tumor&action=edit","/w/index.php?title=Tumor&action=history","#","/w/index.php","//bits.wikimedia.org/static-1.21wmf11/skins/vector/images/search-ltr.png?303-4","/wiki/Main_Page","/wiki/Main_Page","/wiki/Portal:Contents","/wiki/Portal:Featured_content","/wiki/Portal:Current_events","/wiki/Special:Random","//donate.wikimedia.org/wiki/Special:FundraiserRedirector?utm_source=donate&utm_medium=sidebar&utm_campaign=C13_en.wikipedia.org&uselang=en","/wiki/Help:Contents","/wiki/Wikipedia:About","/wiki/Wikipedia:Community_portal","/wiki/Special:RecentChanges","/wiki/Wikipedia:Contact_us","/wiki/Special:WhatLinksHere/Tumor","/wiki/Special:RecentChangesLinked/Tumor","/wiki/Wikipedia:File_Upload_Wizard","/wiki/Special:SpecialPages","/w/index.php?title=Tumor&oldid=543626572","/w/index.php?title=Tumor&action=info","/w/index.php?title=Special:Cite&page=Tumor&id=543626572","/w/index.php?title=Special:Book&bookcmd=book_creator&referer=Tumor","/w/index.php?title=Special:Book&bookcmd=render_article&arttitle=Tumor&oldid=543626572&writer=rl","/w/index.php?title=Tumor&printable=yes","//ar.wikipedia.org/wiki/%D9%88%D8%B1%D9%85","//bg.wikipedia.org/wiki/%D0%A2%D1%83%D0%BC%D0%BE%D1%80","//bs.wikipedia.org/wiki/Tumor","//ca.wikipedia.org/wiki/Tumor","//ceb.wikipedia.org/wiki/Tumor","//cs.wikipedia.org/wiki/Tumor","//da.wikipedia.org/wiki/Tumor","//de.wikipedia.org/wiki/Tumor","//es.wikipedia.org/wiki/Tumor","//eo.wikipedia.org/wiki/Tumoro","//eu.wikipedia.org/wiki/Tumore","//fa.wikipedia.org/wiki/%D9%88%D8%B1%D9%85","//fr.wikipedia.org/wiki/Tumeur","//gl.wikipedia.org/wiki/Tumor","//ko.wikipedia.org/wiki/%EC%A2%85%EC%96%91","//hi.wikipedia.org/wiki/%E0%A4%85%E0%A4%B0%E0%A5%8D%E0%A4%AC%E0%A5%81%E0%A4%A6","//hr.wikipedia.org/wiki/Novotvorina","//io.wikipedia.org/wiki/Tumoro","//id.wikipedia.org/wiki/Tumor","//it.wikipedia.org/wiki/Neoplasia","//he.wikipedia.org/wiki/%D7%92%D7%99%D7%93%D7%95%D7%9C","//jv.wikipedia.org/wiki/Tumor","//kk.wikipedia.org/wiki/%D0%86%D1%81%D1%96%D0%BA","//ku.wikipedia.org/wiki/T%C3%BBmor","//ky.wikipedia.org/wiki/%D0%A8%D0%B8%D1%88%D0%B8%D0%BA%D1%82%D0%B5%D1%80_(%D0%BC%D0%B5%D0%B4%D0%B8%D1%86%D0%B8%D0%BD%D0%B0)","//la.wikipedia.org/wiki/Tumor","//lt.wikipedia.org/wiki/Auglys","//hu.wikipedia.org/wiki/Daganat","//ml.wikipedia.org/wiki/%E0%B4%9F%E0%B5%8D%E0%B4%AF%E0%B5%82%E0%B4%AE%E0%B5%BC","//ms.wikipedia.org/wiki/Tumor","//nl.wikipedia.org/wiki/Tumor","//new.wikipedia.org/wiki/%E0%A4%A4%E0%A5%8D%E0%A4%AF%E0%A5%81%E0%A4%AE%E0%A4%B0","//ja.wikipedia.org/wiki/%E8%85%AB%E7%98%8D","//no.wikipedia.org/wiki/Svulst","//ps.wikipedia.org/wiki/%D8%AA%D9%88%D9%85%D9%88%D8%B1","//pl.wikipedia.org/wiki/Guz_(medycyna)","//pt.wikipedia.org/wiki/Tumor","//ro.wikipedia.org/wiki/Tumoare","//qu.wikipedia.org/wiki/Q%27umpuyasqa","//ru.wikipedia.org/wiki/%D0%9E%D0%BF%D1%83%D1%85%D0%BE%D0%BB%D1%8C","//sco.wikipedia.org/wiki/Clyre","//scn.wikipedia.org/wiki/Tumuri","//simple.wikipedia.org/wiki/Tumour","//sk.wikipedia.org/wiki/N%C3%A1dor","//sl.wikipedia.org/wiki/Tumor","//sh.wikipedia.org/wiki/Tumor","//fi.wikipedia.org/wiki/Kasvain","//sv.wikipedia.org/wiki/Tum%C3%B6r","//ta.wikipedia.org/wiki/%E0%AE%95%E0%AE%9F%E0%AF%8D%E0%AE%9F%E0%AE%BF_(%E0%AE%89%E0%AE%AF%E0%AE%BF%E0%AE%B0%E0%AE%BF%E0%AE%AF%E0%AE%B2%E0%AF%8D)","//th.wikipedia.org/wiki/%E0%B9%80%E0%B8%99%E0%B8%B7%E0%B9%89%E0%B8%AD%E0%B8%87%E0%B8%AD%E0%B8%81","//tr.wikipedia.org/wiki/T%C3%BCm%C3%B6r","//uk.wikipedia.org/wiki/%D0%9F%D1%83%D1%85%D0%BB%D0%B8%D0%BD%D0%B0","//ur.wikipedia.org/wiki/%D8%B1%D8%B3%D9%88%D9%84%DB%8C","//vi.wikipedia.org/wiki/B%C6%B0%E1%BB%9Bu","//zh.wikipedia.org/wiki/%E8%82%BF%E7%98%A4","//www.wikidata.org/wiki/Special:ItemByTitle/enwiki/Tumor","//en.wikipedia.org/wiki/Wikipedia:Text_of_Creative_Commons_Attribution-ShareAlike_3.0_Unported_License","//creativecommons.org/licenses/by-sa/3.0/","//wikimediafoundation.org/wiki/Terms_of_Use","//www.wikimediafoundation.org/","//en.wikipedia.org/wiki/Wikipedia:Contact_us","//wikimediafoundation.org/wiki/Privacy_policy","/wiki/Wikipedia:About","/wiki/Wikipedia:General_disclaimer","http://en.m.wikipedia.org/wiki/Tumor","//wikimediafoundation.org/","//bits.wikimedia.org/images/wikimedia-button.png","//www.mediawiki.org/","//bits.wikimedia.org/static-1.21wmf11/skins/common/images/poweredby_mediawiki_88x31.png","//bits.wikimedia.org/en.wikipedia.org/load.php?debug=false&lang=en&modules=skins.vector&only=scripts&skin=vector&*","/w/index.php?title=MediaWiki:Gadget-ReferenceTooltips.js&action=raw&ctype=text/javascript&508635914","//bits.wikimedia.org/en.wikipedia.org/load.php?debug=false&lang=en&modules=site&only=scripts&skin=vector&*"],"instances":["medicine"],"pdf":[],"categories":["Anatomical pathology","Medical signs","Oncology"],"headings":["Etymology","Causes","See also","References","External links"],"image":["//upload.wikimedia.org/wikipedia/commons/thumb/e/eb/Hidradenoma.jpg/200px-Hidradenoma.jpg","//bits.wikimedia.org/static-1.21wmf11/skins/common/images/magnify-clip.png","//upload.wikimedia.org/wikipedia/commons/thumb/f/f8/Wiktionary-logo-en.svg/37px-Wiktionary-logo-en.svg.png","//bits.wikimedia.org/static-1.21wmf11/skins/vector/images/search-ltr.png?303-4","//bits.wikimedia.org/images/wikimedia-button.png","//bits.wikimedia.org/static-1.21wmf11/skins/common/images/poweredby_mediawiki_88x31.png"],"tags":[["nodule","medicine"]],"members":["nodule"],"related":["American_English","British_English","Neoplasm","Lesion","Cancer","Benign_tumor","Precancerous_condition","Malignancy","Nodule_(medicine)","Latin","Old_French","Aulus_Cornelius_Celsus","Inflammation","De_Medicina","Neoplasm","Tumescence","Benign_tumor","Sweat_glands","Hidradenoma","Mutation","Leukemia","Carcinoma_in_situ","Sebaceous_cyst","Breast_cyst","Keloid","Granuloma","Enteric_duplication_cyst","Biopsy","Anatomical_pathology","Surgery","History_of_medicine"]}