{"cursor":"5789","size":14,"audio":[],"currentlang":"en","article":"{{Infobox dot-com company\n| company_name = The World company_logo = company_type = traded_as = foundation\n| = dissolved = location = locations = incorporated = area_served = founder(s) =\n| chairman = chairperson = president = Barry Shein CEO =\n| MD = GM = key_people = Jim Frost, Joe \"Spike\" Ilacqua, James \"Kibo\" Parry\n| industry = products = services = revenue = operating_income = net_income =\n| assets = equity = owner = num_employees = parent = divisions = subsid =\n| company_slogan = A Public Information Utility url = [http://www.TheWorld.com/\n| TheWorld.com] ipv6 = alexa = website_type = advertising = registration =\n| num_users = language = launch_date = November 1989\n| current_status = screenshot = caption = footnotes = intl =\n}}\n\n'The World' is an Internet service provider originally headquartered in\nBrookline, Massachusetts. It was the first dial-up service provider that offered\ndirect access of the Internet to the general\npublic, [http://tools.ietf.org/html/rfc2235 tools.ietf.org] doing so\nsince 1989. [http://world.std.com/ world.std.com] Prior to that time,\nInternet access had been strictly limited to academic and scientific researchers\nand to the military. Previous dial-up providers had only offered access to their\nown local BBS.\n\nMany government and university installations blocked, threatened to block, or\nattempted to shut-down The World's Internet connection until Software Tool & Die\nwas eventually granted permission by the National Science Foundation to provide\npublic Internet access on \"an experimental basis.\"\n\n Building, original Brookline headquarters of The World.]]\n","linknr":146,"url":"The_World_(internet_service_provider)","recorded":1363908068,"links":["/w/index.php?title=The_World_(Internet_service_provider)&action=edit","/w/index.php?title=The_World_(Internet_service_provider)&action=edit","//en.wikipedia.org/apple-touch-icon.png","//bits.wikimedia.org/favicon/wikipedia.ico","/w/opensearch_desc.php","//en.wikipedia.org/w/api.php?action=rsd","//creativecommons.org/licenses/by-sa/3.0/","/w/index.php?title=Special:RecentChanges&feed=atom","/wiki/The_World_(Internet_service_provider)","//bits.wikimedia.org/en.wikipedia.org/load.php?debug=false&lang=en&modules=ext.gadget.DRN-wizard%2CReferenceTooltips%2Ccharinsert%2Cteahouse%7Cext.wikihiero%7Cmediawiki.legacy.commonPrint%2Cshared%7Cmw.PopUpMediaTransform%7Cskins.vector&only=styles&skin=vector&*","//bits.wikimedia.org/en.wikipedia.org/load.php?debug=false&lang=en&modules=site&only=styles&skin=vector&*","//bits.wikimedia.org/en.wikipedia.org/load.php?debug=false&lang=en&modules=startup&only=scripts&skin=vector&*","//bits.wikimedia.org/geoiplookup","//meta.wikimedia.org","/w/index.php?title=The_World_(internet_service_provider)&redirect=no","#mw-head","#p-search","/wiki/File:The_World_logo.gif","//upload.wikimedia.org/wikipedia/en/9/91/The_World_logo.gif","/wiki/President","#cite_note-icann-1","/wiki/Slogan","/wiki/Website","http://www.TheWorld.com/","#cite_note-bzs-2","/wiki/Internet_service_provider","/wiki/Brookline,_Massachusetts","/wiki/Massachusetts","/wiki/Internet","#cite_note-3","#cite_note-4","/wiki/Bulletin_board_system","/wiki/National_Science_Foundation","#cite_note-al_gore-5","/wiki/File:CoolidgeCorner.jpg","//upload.wikimedia.org/wikipedia/en/thumb/f/f4/CoolidgeCorner.jpg/200px-CoolidgeCorner.jpg","/wiki/File:CoolidgeCorner.jpg","//bits.wikimedia.org/static-1.21wmf10/skins/common/images/magnify-clip.png","/wiki/S.S._Pierce","#Domain_Name_History","#Services","#Community","#Notable_Sites_at_The_World","#See_also","#References","#External_links","/w/index.php?title=The_World_(Internet_service_provider)&action=edit&section=1","/wiki/Domain_name","/wiki/StudlyCaps","/w/index.php?title=The_World_(Internet_service_provider)&action=edit&section=2","#cite_note-6","/wiki/Usenet","/w/index.php?title=The_World_(Internet_service_provider)&action=edit&section=3","/wiki/Usenet","/wiki/James_Parry","/w/index.php?title=The_World_(Internet_service_provider)&action=edit&section=4","http://theworld.com/~bzs/","http://world.std.com/~thaven/bjs.html","http://brooklinepax.org/","http://web.archive.org/web/20090106211302/http://theworld.com/~awolpert/","http://theworld.com/~raparker/pub/wombats0.html","http://world.std.com/~hpaindex/","/w/index.php?title=The_World_(Internet_service_provider)&action=edit&section=5","/wiki/The_WELL","/w/index.php?title=The_World_(Internet_service_provider)&action=edit&section=6","#cite_ref-icann_1-0","http://blip.tv/blacknightsolutions/barry-shein-4898172","http://blip.tv/blacknightsolutions/barry-shein-4898172","#cite_ref-bzs_2-0","http://world.std.com/~bzs/","http://world.std.com/~bzs/","#cite_ref-3","http://tools.ietf.org/html/rfc2235","#cite_ref-4","http://world.std.com/","#cite_ref-al_gore_5-0","http://technology.ie/thanks-al-gore-podcast-30/","http://technology.ie/thanks-al-gore-podcast-30/","#cite_ref-6","http://www.theworld.com/help/cmd.shtml","/w/index.php?title=The_World_(Internet_service_provider)&action=edit&section=7","http://www.TheWorld.com/","http://web.archive.org/web/20100603211424/http://www.usenix.org/publications/login/1999-2/isp.html","http://www.wired.com/wired/archive/7.08/dl_timeline.html","http://en.wikipedia.org/w/index.php?title=The_World_(Internet_service_provider)&oldid=538156363","/wiki/Help:Categories","/wiki/Category:1989_establishments_in_the_United_States","/wiki/Category:Brookline,_Massachusetts","/wiki/Category:Companies_based_in_Massachusetts","/wiki/Category:Communications_in_Massachusetts","/wiki/Category:Gopher_(protocol)","/wiki/Category:Internet_forums","/wiki/Category:Internet_service_providers_of_the_United_States","/wiki/Category:History_of_the_Internet","/wiki/Category:Online_service_providers","/wiki/Category:Pre%E2%80%93World_Wide_Web_online_services","/wiki/Category:Shell_account_providers","/wiki/Category:Companies_established_in_1989","/w/index.php?title=Special:UserLogin&returnto=The+World+%28Internet+service+provider%29&type=signup","/w/index.php?title=Special:UserLogin&returnto=The+World+%28Internet+service+provider%29","/wiki/The_World_(Internet_service_provider)","/wiki/Talk:The_World_(Internet_service_provider)","#","/wiki/The_World_(Internet_service_provider)","/w/index.php?title=The_World_(Internet_service_provider)&action=edit","/w/index.php?title=The_World_(Internet_service_provider)&action=history","#","/w/index.php","//bits.wikimedia.org/static-1.21wmf11/skins/vector/images/search-ltr.png?303-4","/wiki/Main_Page","/wiki/Main_Page","/wiki/Portal:Contents","/wiki/Portal:Featured_content","/wiki/Portal:Current_events","/wiki/Special:Random","//donate.wikimedia.org/wiki/Special:FundraiserRedirector?utm_source=donate&utm_medium=sidebar&utm_campaign=C13_en.wikipedia.org&uselang=en","/wiki/Help:Contents","/wiki/Wikipedia:About","/wiki/Wikipedia:Community_portal","/wiki/Special:RecentChanges","/wiki/Wikipedia:Contact_us","/wiki/Special:WhatLinksHere/The_World_(Internet_service_provider)","/wiki/Special:RecentChangesLinked/The_World_(Internet_service_provider)","/wiki/Wikipedia:File_Upload_Wizard","/wiki/Special:SpecialPages","/w/index.php?title=The_World_(Internet_service_provider)&oldid=538156363","/w/index.php?title=The_World_(Internet_service_provider)&action=info","/w/index.php?title=Special:Cite&page=The_World_%28Internet_service_provider%29&id=538156363","/w/index.php?title=Special:Book&bookcmd=book_creator&referer=The+World+%28Internet+service+provider%29","/w/index.php?title=Special:Book&bookcmd=render_article&arttitle=The+World+%28Internet+service+provider%29&oldid=538156363&writer=rl","/w/index.php?title=The_World_(Internet_service_provider)&printable=yes","//en.wikipedia.org/wiki/Wikipedia:Text_of_Creative_Commons_Attribution-ShareAlike_3.0_Unported_License","//creativecommons.org/licenses/by-sa/3.0/","//wikimediafoundation.org/wiki/Terms_of_Use","//www.wikimediafoundation.org/","//en.wikipedia.org/wiki/Wikipedia:Contact_us","//wikimediafoundation.org/wiki/Privacy_policy","/wiki/Wikipedia:About","/wiki/Wikipedia:General_disclaimer","http://en.m.wikipedia.org/wiki/The_World_(Internet_service_provider)","//wikimediafoundation.org/","//bits.wikimedia.org/images/wikimedia-button.png","//www.mediawiki.org/","//bits.wikimedia.org/static-1.21wmf11/skins/common/images/poweredby_mediawiki_88x31.png","//bits.wikimedia.org/en.wikipedia.org/load.php?debug=false&lang=en&modules=skins.vector&only=scripts&skin=vector&*","/w/index.php?title=MediaWiki:Gadget-ReferenceTooltips.js&action=raw&ctype=text/javascript&508635914","//bits.wikimedia.org/en.wikipedia.org/load.php?debug=false&lang=en&modules=site&only=scripts&skin=vector&*"],"instances":[],"pdf":[],"categories":["1989 establishments in the United States","Brookline, Massachusetts","Companies based in Massachusetts","Communications in Massachusetts","Gopher (protocol)","Internet forums","Internet service providers of the United States","History of the Internet","Online service providers","Pre–World Wide Web online services","Shell account providers","Companies established in 1989"],"headings":["Domain Name History","Services","Community","Notable Sites at The World","See also","References","External links"],"image":["//upload.wikimedia.org/wikipedia/en/9/91/The_World_logo.gif","//upload.wikimedia.org/wikipedia/en/thumb/f/f4/CoolidgeCorner.jpg/200px-CoolidgeCorner.jpg","//bits.wikimedia.org/static-1.21wmf10/skins/common/images/magnify-clip.png","//bits.wikimedia.org/static-1.21wmf11/skins/vector/images/search-ltr.png?303-4","//bits.wikimedia.org/images/wikimedia-button.png","//bits.wikimedia.org/static-1.21wmf11/skins/common/images/poweredby_mediawiki_88x31.png"],"tags":[],"members":[],"related":["Internet_service_provider","Brookline,_Massachusetts","Massachusetts","Internet","Bulletin_board_system","National_Science_Foundation","Domain_name","StudlyCaps","Usenet","Usenet","James_Parry","The_WELL"]}