{"cursor":"26828","size":15,"audio":[],"currentlang":"en","article":"\n\n{{Taxobox\n| name = Tick image = Ixodus ricinus 5x.jpg image_caption = Castor bean tick,\n| [[Ixodes ricinus]] regnum = Animalia phylum = Arthropoda classis = Arachnida\n| subclassis = Acari superordo = Parasitiformes ordo = 'Ixodida' ordo_authority\n| = Leach, 1815 superfamilia = 'Ixodoidea' superfamilia_authority = Leach, 1815\n| diversity_link = Tick diversity = 18 genera, c. 900 species subdivision_ranks\n| = Families subdivision =\n*Ixodidae â hard ticks *Argasidae â soft ticks *Nuttalliellidae }}\n\n'Ticks' are small arachnids in the order 'Ixodida'. Along with mites, they\nconstitute the subclass Acarina. Ticks are ectoparasites (external parasites),\nliving by hematophagy on the blood of mammals, birds, and sometimes reptiles and\namphibians. Ticks are vectors of a number of diseases, including Lyme disease, Q\nfever (rare; more commonly transmitted by infected excreta), Colorado\ntick fever, Rocky Mountain spotted fever, African tick bite fever, tularemia,\ntick-borne relapsing fever, babesiosis, ehrlichiosis, Tick paralysis and tick-\nborne meningoencephalitis, as well as bovine anaplasmosis.\n","linknr":699,"url":"Tick","recorded":1362509298,"links":92,"instances":["kinesiology","biology","zoology","biology","epidemiology"],"pdf":["http://www.guineafowl.com/fritsfarm/guineas/ticks/tickstudy.pdf","http://www.guineafowl.com/fritsfarm/guineas/ticks/tickstudy.pdf","http://www.mapress.com/zootaxa/2010/f/z02528p028f.pdf","http://www.mapress.com/zootaxa/2010/f/z02528p028f.pdf","http://www.ct.gov/dph/lib/dph/urbandeer07.pdf","http://www.ct.gov/dph/lib/dph/urbandeer07.pdf","http://www.ct.gov/caes/lib/caes/documents/publications/bulletins/b1010.pdf","http://www.ct.gov/caes/lib/caes/documents/publications/bulletins/b1010.pdf"],"categories":["Ticks|","Acari"],"headings":["Taxonomy","Range and habitat","Anatomy and physiology","Life cycle and reproduction","Medical issues","See also","References","Further reading"],"image":["//upload.wikimedia.org/wikipedia/commons/thumb/1/13/Ixodus_ricinus_5x.jpg/220px-Ixodus_ricinus_5x.jpg","//upload.wikimedia.org/wikipedia/commons/thumb/f/f3/Ticks_on_the_end_of_a_twig.jpg/220px-Ticks_on_the_end_of_a_twig.jpg","//bits.wikimedia.org/static-1.21wmf10/skins/common/images/magnify-clip.png","//upload.wikimedia.org/wikipedia/commons/thumb/4/47/Ixodes_scapularis.jpg/220px-Ixodes_scapularis.jpg","//bits.wikimedia.org/static-1.21wmf10/skins/common/images/magnify-clip.png","//upload.wikimedia.org/wikipedia/commons/thumb/b/b5/Tick_dragging.jpg/220px-Tick_dragging.jpg","//bits.wikimedia.org/static-1.21wmf10/skins/common/images/magnify-clip.png","//upload.wikimedia.org/wikipedia/commons/thumb/f/fc/Erkinis_encefalitas%2C_Pa%C5%A1u%C5%A1vio_mi%C5%A1kas.JPG/170px-Erkinis_encefalitas%2C_Pa%C5%A1u%C5%A1vio_mi%C5%A1kas.JPG","//bits.wikimedia.org/static-1.21wmf10/skins/common/images/magnify-clip.png","//upload.wikimedia.org/wikipedia/commons/thumb/9/9b/Tick_engorged_with_thumb.jpg/190px-Tick_engorged_with_thumb.jpg","//bits.wikimedia.org/static-1.21wmf10/skins/common/images/magnify-clip.png","//upload.wikimedia.org/wikipedia/commons/thumb/5/52/Tick-in-a-dog.jpg/170px-Tick-in-a-dog.jpg","//bits.wikimedia.org/static-1.21wmf10/skins/common/images/magnify-clip.png","//upload.wikimedia.org/wikipedia/en/thumb/4/4a/Commons-logo.svg/30px-Commons-logo.svg.png","//upload.wikimedia.org/wikipedia/commons/thumb/6/60/Cercophonius_squama.jpg/32px-Cercophonius_squama.jpg","//upload.wikimedia.org/wikipedia/commons/thumb/2/29/Amblyomma_americanum_tick.jpg/140px-Amblyomma_americanum_tick.jpg","//bits.wikimedia.org/static-1.21wmf10/skins/vector/images/search-ltr.png?303-4","//bits.wikimedia.org/images/wikimedia-button.png","//bits.wikimedia.org/static-1.21wmf10/skins/common/images/poweredby_mediawiki_88x31.png"],"tags":[["order","biology"],["vector","epidemiology"],["family","biology"],["epidermis","zoology"],["extension","kinesiology"]],"members":["extension","order","epidermis","family","vector"],"related":["Animal","Arthropod","Arachnid","Acari","Parasitiformes","William_Elford_Leach","William_Elford_Leach","Ixodidae","Argasidae","Nuttalliellidae","Arachnid","Order_(biology)","Mite","Acarina","Ectoparasite","Parasite","Hematophagy","Vector_(epidemiology)","Lyme_disease","Q_fever","Colorado_tick_fever","Rocky_Mountain_spotted_fever","African_tick_bite_fever","Tularemia","Relapsing_fever","Babesiosis","Ehrlichiosis","Tick_paralysis","Tick-borne_meningoencephalitis","Anaplasmosis","Family_(biology)","Nuttalliellidae","Ixodidae","Argasidae","Africa","Tanzania","Namibia","South_Africa","Ixodidae","Argasidae","Cretaceous","Tertiary","New_Jersey","Amber","Baltic_amber","Dominican_amber","Metamorphosis","Ticks_of_domestic_animals","Geographic_information_system","Blood","Hematophagy","Epidermis_(zoology)","Hypostome","Anticoagulant","Flexion","Extension_(kinesiology)","Locomotion","Haller's_organ","Instar","Pathogen","Bacterium","Virus","Protozoa","Lyme_disease","Rocky_Mountain_spotted_fever","Relapsing_fever","Tularemia","Tick-borne_meningoencephalitis","Colorado_tick_fever","Crimean-Congo_hemorrhagic_fever","Babesiosis","Cytauxzoonosis","Rodent","Red_meat","Oligosaccharide","Allergic_reaction","Anaphylaxis","Ovary","Tweezers","Punch_biopsy","DDT","Soviet_Union","Chalcid_wasp","Guineafowl","Phenothrin","Methoprene","United_States_Environmental_Protection_Agency","White-tailed_deer","Bridgeport,_Connecticut","Groton,_Connecticut","Penn_State","Encephalitis","Flea","Mosquito","Parasitology","Vampire_bat","Ticks_of_domestic_animals"]}