{"cursor":"5673","size":15,"audio":[],"currentlang":"en","article":"\n{{Infobox television\n| show_name = The Heights image = caption = genre = Musical drama creator = Eric\n| Roth Tony Spiridakis writer = Jim Kramer Paris Qualles Tony\n| Spiridakis director = Sandy Smolan starring = Jamie Walters Camille\n| Saviola Alex DÃ©sert Charlotte Ross theme_music_composer = Barry\n| Coffing Steve Tyrell Stephanie Tyrell opentheme = \"How Do You Talk to an\n| Angel\" performed by Jamie Walters composer = Shawn David Thompson country =\n| United States language = English num_seasons = 1 num_episodes = 13 (1 unaired)\n| executive_producer = Tony Spiridakis producer = Aaron Spelling E. Duke\n| Vincent editor = Michael B. Hoggan cinematography = camera = Single-camera\n| runtime = 45â48 minutes company = Spelling Television distributor = channel =\n| Fox picture_format = audio_format = first_aired = last_aired = status = Ended\n}}\n\n'The Heights' is an American musical drama series that aired on the Fox network\nfrom August to November 1992.\n","linknr":153,"url":"The_Heights_(TV_series)","recorded":1364059275,"links":["/w/index.php?title=The_Heights_(TV_series)&action=edit","/w/index.php?title=The_Heights_(TV_series)&action=edit","//en.wikipedia.org/apple-touch-icon.png","//bits.wikimedia.org/favicon/wikipedia.ico","/w/opensearch_desc.php","//en.wikipedia.org/w/api.php?action=rsd","//creativecommons.org/licenses/by-sa/3.0/","/w/index.php?title=Special:RecentChanges&feed=atom","//bits.wikimedia.org/en.wikipedia.org/load.php?debug=false&lang=en&modules=ext.gadget.DRN-wizard%2CReferenceTooltips%2Ccharinsert%2Cteahouse%7Cext.wikihiero%7Cmediawiki.legacy.commonPrint%2Cshared%7Cmw.PopUpMediaTransform%7Cskins.vector&only=styles&skin=vector&*","//bits.wikimedia.org/en.wikipedia.org/load.php?debug=false&lang=en&modules=site&only=styles&skin=vector&*","//bits.wikimedia.org/en.wikipedia.org/load.php?debug=false&lang=en&modules=startup&only=scripts&skin=vector&*","//bits.wikimedia.org/geoiplookup","//meta.wikimedia.org","#mw-head","#p-search","/wiki/The_Heights_(disambiguation)","/wiki/Musical_theatre","/wiki/Dramatic_programming","/wiki/Tony_Spiridakis","/wiki/Paris_Qualles","/wiki/Sandy_Smolan","/wiki/Jamie_Walters","/wiki/Camille_Saviola","/wiki/Alex_D%C3%A9sert","/wiki/Charlotte_Ross","/wiki/Steve_Tyrell","/wiki/Stephanie_Tyrell","/wiki/How_Do_You_Talk_to_an_Angel","/wiki/Aaron_Spelling","/wiki/E._Duke_Vincent","/wiki/Single-camera_setup","/wiki/Spelling_Television","/wiki/Fox_Broadcasting_Company","/wiki/Fox_network","#Synopsis","#Main_cast","#Episodes","#Awards_and_nominations","#See_also","#References","#External_links","/w/index.php?title=The_Heights_(TV_series)&action=edit&section=1","/wiki/How_Do_You_Talk_to_an_Angel","/wiki/Jamie_Walters","/wiki/Billboard_Hot_100","#cite_note-1","/w/index.php?title=The_Heights_(TV_series)&action=edit&section=2","/wiki/Jamie_Walters","/wiki/Camille_Saviola","/wiki/Alex_D%C3%A9sert","/wiki/Charlotte_Ross","/wiki/Donnelly_Rhodes","/w/index.php?title=Jon_Cuthbert&action=edit&redlink=1","/w/index.php?title=Shawn_David_Thompson&action=edit&redlink=1","/w/index.php?title=Cheryl_Pollak&action=edit&redlink=1","/wiki/Tasia_Valenza","/wiki/Ray_Aranha","/w/index.php?title=Ken_Garito&action=edit&redlink=1","/wiki/Zachary_Throne","/w/index.php?title=The_Heights_(TV_series)&action=edit&section=3","/w/index.php?title=The_Heights_(TV_series)&action=edit&section=4","/wiki/Stephanie_Tyrell","/wiki/Steve_Tyrell","/wiki/Primetime_Emmy_Award","/w/index.php?title=The_Heights_(TV_series)&action=edit&section=5","/wiki/Catwalk_(TV_series)","/wiki/Glee_(TV_series)","/wiki/The_Monkees_(TV_series)","/w/index.php?title=The_Heights_(TV_series)&action=edit&section=6","#cite_ref-1","/wiki/International_Standard_Book_Number","/wiki/Special:BookSources/0-8230-7677-6","/w/index.php?title=The_Heights_(TV_series)&action=edit&section=7","http://www.imdb.com/title/tt0103439/","/wiki/Internet_Movie_Database","http://www.tv.com/shows/the-heights/","/wiki/TV.com","/wiki/File:USA_flag_on_television.svg","//upload.wikimedia.org/wikipedia/commons/thumb/a/a3/USA_flag_on_television.svg/40px-USA_flag_on_television.svg.png","/wiki/Drama","/wiki/Television_series","/wiki/Wikipedia:Stub","//en.wikipedia.org/w/index.php?title=The_Heights_(TV_series)&action=edit","/wiki/Template:US-drama-tv-prog-stub","/wiki/Template_talk:US-drama-tv-prog-stub","//en.wikipedia.org/w/index.php?title=Template:US-drama-tv-prog-stub&action=edit","http://en.wikipedia.org/w/index.php?title=The_Heights_(TV_series)&oldid=544910446","/wiki/Help:Categories","/wiki/Category:1992_American_television_series_debuts","/wiki/Category:1992_American_television_series_endings","/wiki/Category:1990s_American_television_series","/wiki/Category:American_drama_television_series","/wiki/Category:English-language_television_series","/wiki/Category:Fictional_musical_groups","/wiki/Category:Fox_network_shows","/wiki/Category:Musical_television_series","/wiki/Category:Television_series_based_on_singers_and_musicians","/wiki/Category:Television_series_by_CBS_Paramount_Television","/wiki/Category:Television_series_by_Spelling_Television","/wiki/Category:Television_series_produced_in_Vancouver","/wiki/Category:United_States_drama_television_series_stubs","/wiki/Category:Use_mdy_dates_from_September_2010","/w/index.php?title=Special:UserLogin&returnto=The+Heights+%28TV+series%29&type=signup","/w/index.php?title=Special:UserLogin&returnto=The+Heights+%28TV+series%29","/wiki/The_Heights_(TV_series)","/wiki/Talk:The_Heights_(TV_series)","#","/wiki/The_Heights_(TV_series)","/w/index.php?title=The_Heights_(TV_series)&action=edit","/w/index.php?title=The_Heights_(TV_series)&action=history","#","/w/index.php","//bits.wikimedia.org/static-1.21wmf11/skins/vector/images/search-ltr.png?303-4","/wiki/Main_Page","/wiki/Main_Page","/wiki/Portal:Contents","/wiki/Portal:Featured_content","/wiki/Portal:Current_events","/wiki/Special:Random","//donate.wikimedia.org/wiki/Special:FundraiserRedirector?utm_source=donate&utm_medium=sidebar&utm_campaign=C13_en.wikipedia.org&uselang=en","/wiki/Help:Contents","/wiki/Wikipedia:About","/wiki/Wikipedia:Community_portal","/wiki/Special:RecentChanges","/wiki/Wikipedia:Contact_us","/wiki/Special:WhatLinksHere/The_Heights_(TV_series)","/wiki/Special:RecentChangesLinked/The_Heights_(TV_series)","/wiki/Wikipedia:File_Upload_Wizard","/wiki/Special:SpecialPages","/w/index.php?title=The_Heights_(TV_series)&oldid=544910446","/w/index.php?title=The_Heights_(TV_series)&action=info","/w/index.php?title=Special:Cite&page=The_Heights_%28TV_series%29&id=544910446","/w/index.php?title=Special:Book&bookcmd=book_creator&referer=The+Heights+%28TV+series%29","/w/index.php?title=Special:Book&bookcmd=render_article&arttitle=The+Heights+%28TV+series%29&oldid=544910446&writer=rl","/w/index.php?title=The_Heights_(TV_series)&printable=yes","//it.wikipedia.org/wiki/The_Heights","//sv.wikipedia.org/wiki/H%C3%B6jdarna_(amerikansk_TV-serie)","//www.wikidata.org/wiki/Special:ItemByTitle/enwiki/The Heights (TV series)","//en.wikipedia.org/wiki/Wikipedia:Text_of_Creative_Commons_Attribution-ShareAlike_3.0_Unported_License","//creativecommons.org/licenses/by-sa/3.0/","//wikimediafoundation.org/wiki/Terms_of_Use","//www.wikimediafoundation.org/","//en.wikipedia.org/wiki/Wikipedia:Contact_us","//wikimediafoundation.org/wiki/Privacy_policy","/wiki/Wikipedia:About","/wiki/Wikipedia:General_disclaimer","http://en.m.wikipedia.org/wiki/The_Heights_(TV_series)","//wikimediafoundation.org/","//bits.wikimedia.org/images/wikimedia-button.png","//www.mediawiki.org/","//bits.wikimedia.org/static-1.21wmf11/skins/common/images/poweredby_mediawiki_88x31.png","//bits.wikimedia.org/en.wikipedia.org/load.php?debug=false&lang=en&modules=skins.vector&only=scripts&skin=vector&*","/w/index.php?title=MediaWiki:Gadget-ReferenceTooltips.js&action=raw&ctype=text/javascript&508635914","//bits.wikimedia.org/en.wikipedia.org/load.php?debug=false&lang=en&modules=site&only=scripts&skin=vector&*"],"instances":["tv_series","tv_series","tv_series"],"pdf":[],"categories":["1992 American television series debuts","1992 American television series endings","1990s American television series","American drama television series","English-language television series","Fictional musical groups","Fox network shows","Musical television series","Television series based on singers and musicians","Television series by CBS Paramount Television","Television series by Spelling Television","Television series produced in Vancouver"],"headings":["Synopsis","Main cast","Episodes","Awards and nominations","See also","References","External links"],"image":["//upload.wikimedia.org/wikipedia/commons/thumb/a/a3/USA_flag_on_television.svg/40px-USA_flag_on_television.svg.png","//bits.wikimedia.org/static-1.21wmf11/skins/vector/images/search-ltr.png?303-4","//bits.wikimedia.org/images/wikimedia-button.png","//bits.wikimedia.org/static-1.21wmf11/skins/common/images/poweredby_mediawiki_88x31.png"],"tags":[["catwalk","tv_series"],["glee","tv_series"],["the_monkees","tv_series"]],"members":["glee","the_monkees","catwalk"],"related":["Musical_theatre","Dramatic_programming","Tony_Spiridakis","Paris_Qualles","Sandy_Smolan","Jamie_Walters","Camille_Saviola","Alex_Désert","Charlotte_Ross","Steve_Tyrell","Stephanie_Tyrell","How_Do_You_Talk_to_an_Angel","Aaron_Spelling","E._Duke_Vincent","Single-camera_setup","Spelling_Television","Fox_Broadcasting_Company","Fox_network","How_Do_You_Talk_to_an_Angel","Jamie_Walters","Billboard_Hot_100","Jamie_Walters","Camille_Saviola","Alex_Désert","Charlotte_Ross","Donnelly_Rhodes","Jon_Cuthbert","Shawn_David_Thompson","Cheryl_Pollak","Tasia_Valenza","Ray_Aranha","Ken_Garito","Zachary_Throne","Stephanie_Tyrell","Steve_Tyrell","Primetime_Emmy_Award","Catwalk_(TV_series)","Glee_(TV_series)","The_Monkees_(TV_series)"]}