{"cursor":"51422","size":15,"audio":[],"currentlang":"en","article":"\n\n, was isolated in 1804 from poppy (Papaver somniferum). ]]\n\n'Alkaloids' are a group of naturally occurring chemical compounds that contain\nmostly basic nitrogen atoms. This group also includes some related compounds\nwith neutral [http://goldbook.iupac.org/A00220.html IUPAC.\nCompendium of Chemical Terminology], 2nd ed. (The \"Gold Book\"). Compiled by A.\nD. McNaught and A. Wilkinson. Blackwell Scientific Publications, Oxford (1997)\nISBN 0-9678550-9-8  and even weakly acidic properties. R. H. F.\nManske. The Alkaloids. Chemistry and Physiology. Volume VIII. â New York:\nAcademic Press, 1965, p. 673 Some synthetic compounds of similar structure\nare also attributed to alkaloids. Robert Alan Lewis.\n[http://books.google.com/books?id=caTqdbD7j4AC&pg=PA51 Lewis' dictionary of\ntoxicology]. CRC Press, 1998, p. 51 ISBN 1-56670-223-2 In addition to\ncarbon, hydrogen and nitrogen, alkaloids may also contain oxygen, sulfur and\nmore rarely other elements such as chlorine, bromine, and phosphorus. [http://www.xumuk.ru/encyklopedia/119.html Chemical\nEncyclopedia: alkaloids]\n\nAlkaloids are produced by a large variety of organisms, including bacteria,\nfungi, plants, and animals, and are part of the group of natural products (also\ncalled secondary metabolites). Many alkaloids can be purified from crude\nextracts by acid-base extraction. Many alkaloids are toxic to other organisms.\nThey often have pharmacological effects and are used as medications, as\nrecreational drugs, or in entheogenic rituals. Examples are the local anesthetic\nand stimulant cocaine; the psychedelic psilocin; the stimulant caffeine;\nnicotine; the analgesic morphine; the antibacterial berberine; the\nanticancer compound vincristine; the antihypertension agent reserpine; the\ncholinomimeric galantamine; the spasmolysis agent atropine; the vasodilator\nvincamine; the anti-arhythmia compound quinidine; the anti-asthma therapeutic\nephedrine; and the antimalarial drug quinine. Although alkaloids act on a\ndiversity of metabolic systems in humans and other animals, they almost\nuniformly invoke a bitter taste.\n\nThe boundary between alkaloids and other nitrogen-containing natural compounds\nis not clear-cut. Robert A. Meyers Encyclopedia of Physical\nScience and Technology â Alkaloids, 3rd edition. ISBN 0-12-227411-3\nCompounds like amino acid peptides, proteins, nucleotides, nucleic acid, amines,\nand antibiotics are usually not called alkaloids. Natural compounds containing nitrogen in the\nexocyclic position (mescaline, serotonin, dopamine, etc.) are usually attributed\nto amines rather than alkaloids. Leland J. Cseke\n[http://books.google.com/books?id=wV2T41nGFc4C&pg=PA30 Natural Products from\nPlants] Second Edition. â CRC, 2006, p. 30 ISBN 0-8493-2976-0 Some\nauthors, however, consider alkaloids a special case of amines. A. William\nJohnson [http://books.google.com/books?id=0X4cQus2gz8C&pg=PA433 Invitation to\nOrganic Chemistry], Jones and Bartlett, 1999, p. 433 ISBN 0-7637-0432-\n6 Raj K Bansal [http://books.google.com/books?id=1B6ijcTkD5EC&pg=PA644\nA Text Book of Organic Chemistry]. 4th Edition, New Age International, 2004, p.\n644 ISBN 81-224-1459-1 Aniszewski, p. 110\n","linknr":1652,"url":"Alkaloid","recorded":1364050956,"links":["/w/index.php?title=Alkaloid&action=edit","/w/index.php?title=Alkaloid&action=edit","//en.wikipedia.org/apple-touch-icon.png","//bits.wikimedia.org/favicon/wikipedia.ico","/w/opensearch_desc.php","//en.wikipedia.org/w/api.php?action=rsd","//creativecommons.org/licenses/by-sa/3.0/","/w/index.php?title=Special:RecentChanges&feed=atom","//bits.wikimedia.org/en.wikipedia.org/load.php?debug=false&lang=en&modules=ext.gadget.DRN-wizard%2CReferenceTooltips%2Ccharinsert%2Cteahouse%7Cext.wikihiero%7Cmediawiki.legacy.commonPrint%2Cshared%7Cmw.PopUpMediaTransform%7Cskins.vector&only=styles&skin=vector&*","//bits.wikimedia.org/en.wikipedia.org/load.php?debug=false&lang=en&modules=site&only=styles&skin=vector&*","//bits.wikimedia.org/en.wikipedia.org/load.php?debug=false&lang=en&modules=startup&only=scripts&skin=vector&*","//bits.wikimedia.org/geoiplookup","//meta.wikimedia.org","#mw-head","#p-search","/wiki/Pharmaceutical_company","/wiki/Republic_of_Macedonia","/wiki/Alkaloid_(company)","/wiki/File:Papaver_somniferum_01.jpg","//upload.wikimedia.org/wikipedia/commons/thumb/d/d6/Papaver_somniferum_01.jpg/250px-Papaver_somniferum_01.jpg","/wiki/File:Papaver_somniferum_01.jpg","//bits.wikimedia.org/static-1.21wmf11/skins/common/images/magnify-clip.png","/wiki/Morphine","/wiki/Opium_poppies","#cite_note-1","/wiki/Chemical_compound","/wiki/Base_(chemistry)","/wiki/Nitrogen","#cite_note-goldbook.iupac.org-2","/wiki/Acid","#cite_note-3","#cite_note-4","/wiki/Carbon","/wiki/Hydrogen","/wiki/Nitrogen","/wiki/Oxygen","/wiki/Sulfur","/wiki/Chlorine","/wiki/Bromine","/wiki/Phosphorus","#cite_note-XimE:_alkaloidy-5","/wiki/Bacteria","/wiki/Fungus","/wiki/Plant","/wiki/Animal","/wiki/Natural_product","/wiki/Secondary_metabolite","/wiki/Acid-base_extraction","/wiki/Toxicity","/wiki/Pharmacology","/wiki/Medication","/wiki/Recreational_drug","/wiki/Entheogenic","/wiki/Local_anesthetic","/wiki/Stimulant","/wiki/Cocaine","/wiki/Psilocin","/wiki/Caffeine","/wiki/Nicotine","#cite_note-6","/wiki/Analgesic","/wiki/Morphine","/wiki/Berberine","/wiki/Vincristine","/wiki/Reserpine","/wiki/Galantamine","/wiki/Atropine","/wiki/Vincamine","/wiki/Quinidine","/wiki/Ephedrine","/wiki/Antimalarial_drug","/wiki/Quinine","/wiki/Bitter_(taste)#Bitterness","#cite_note-Rhoades1979-7","#cite_note-Meyers-8","/wiki/Amino_acid","/wiki/Peptides","/wiki/Proteins","/wiki/Nucleotides","/wiki/Nucleic_acid","/wiki/Amine","/wiki/Antibiotics","#cite_note-goldbook.iupac.org-2","/wiki/Alicyclic_compound","/wiki/Mescaline","/wiki/Serotonin","/wiki/Dopamine","/wiki/Amine","#cite_note-9","#cite_note-10","#cite_note-11","#cite_note-Aniszewski_110-12","#Naming","#History","#Classification","#Properties","#Distribution_in_nature","#Extraction","#Biosynthesis","#Synthesis_of_Schiff_bases","#Mannich_reaction","#Dimer_alkaloids","#The_biological_role","#Applications","#In_medicine","#In_agriculture","#Use_as_psychoactive_drugs","#See_also","#Notes","#References","#Bibliography","/w/index.php?title=Alkaloid&action=edit&section=1","/wiki/File:Meissner_alkalod_definition_article_1819.png","//upload.wikimedia.org/wikipedia/commons/thumb/f/f5/Meissner_alkalod_definition_article_1819.png/160px-Meissner_alkalod_definition_article_1819.png","/wiki/File:Meissner_alkalod_definition_article_1819.png","//bits.wikimedia.org/static-1.21wmf11/skins/common/images/magnify-clip.png","/wiki/German_language","#cite_note-13","/wiki/Latin_language","/wiki/Greek_language","#cite_note-14","/wiki/Albert_Ladenburg","#cite_note-15","#cite_note-16","#cite_note-Hesse_5-17","#cite_note-18","/wiki/Atropine","/wiki/Atropa_belladonna","/wiki/Strychnine","/wiki/Strychnine_tree","#cite_note-XimE:_alkaloidy-5","/wiki/Vinca","#cite_note-19","/w/index.php?title=Alkaloid&action=edit&section=2","/wiki/File:Friedrich_Wilhelm_Adam_Sertuerner.jpg","//upload.wikimedia.org/wikipedia/commons/thumb/5/59/Friedrich_Wilhelm_Adam_Sertuerner.jpg/220px-Friedrich_Wilhelm_Adam_Sertuerner.jpg","/wiki/File:Friedrich_Wilhelm_Adam_Sertuerner.jpg","//bits.wikimedia.org/static-1.21wmf11/skins/common/images/magnify-clip.png","/wiki/Friedrich_Sert%C3%BCrner","/wiki/Morphine","/wiki/Opium","/wiki/Mesopotamia","#cite_note-Aniszewski_182-20","/wiki/Odyssey","/wiki/Homer","#cite_note-21","/wiki/Ephedra","/wiki/Opium_poppy","#cite_note-22","/wiki/Coca","/wiki/South_America","#cite_note-23","/wiki/Extracts","/wiki/Aconitine","/wiki/Tubocurarine","#cite_note-Aniszewski_182-20","/wiki/Friedrich_Sert%C3%BCrner","/wiki/Latin_language","/wiki/Morpheus_(mythology)","/wiki/Ancient_Greece","/wiki/Joseph_Louis_Gay-Lussac","/wiki/Pierre_Joseph_Pelletier","/wiki/Joseph_Bienaim%C3%A9_Caventou","/wiki/Quinine","/wiki/Strychnine","/wiki/Xanthine","/wiki/Atropine","/wiki/Caffeine","/wiki/Coniine","/wiki/Nicotine","/wiki/Colchicine","/wiki/Sparteine","/wiki/Cocaine","#cite_note-24","/wiki/Albert_Ladenburg","/wiki/Coniine","/wiki/Acetaldehyde","/wiki/Sodium","#cite_note-BSE:_koniin-25","#cite_note-26","/wiki/Spectroscopy","/wiki/Chromatography","#cite_note-27","/wiki/File:Bufotenin.svg","//upload.wikimedia.org/wikipedia/commons/thumb/6/6b/Bufotenin.svg/160px-Bufotenin.svg.png","/wiki/File:Bufotenin.svg","//bits.wikimedia.org/static-1.21wmf11/skins/common/images/magnify-clip.png","/wiki/Bufotenin","/wiki/Indole","/wiki/Tryptophan","/w/index.php?title=Alkaloid&action=edit&section=3","/wiki/File:Nicotine.svg","//upload.wikimedia.org/wikipedia/commons/thumb/7/70/Nicotine.svg/160px-Nicotine.svg.png","/wiki/File:Nicotine.svg","//bits.wikimedia.org/static-1.21wmf11/skins/common/images/magnify-clip.png","/wiki/Nicotine","/wiki/Pyridine","/wiki/Pyrrolidine","#cite_note-ref15-28","#cite_note-XimE:_alkaloidy-5","#cite_note-29","/wiki/Indole","/wiki/Isoquinoline","/wiki/Pyridine","/wiki/Ornithine","/wiki/Lysine","/wiki/Tyrosine","/wiki/Tryptophan","#cite_note-XimE:_alkaloidy-5","#cite_note-ref15-28","/wiki/Nicotine","/wiki/Nicotinamide","/wiki/Pyrrolidine","#cite_note-30","#cite_note-ref19-31","#cite_note-32","/wiki/Nitrogen","/wiki/Heterocycle","/wiki/Amino_acid","#cite_note-ref21-33","/wiki/Atropine","/wiki/Nicotine","/wiki/Morphine","/wiki/Terpene","/w/index.php?title=Evonine&action=edit&redlink=1","#cite_note-34","/wiki/Ergotamine","#cite_note-ref23-35","/wiki/Coniine","/w/index.php?title=Coniceine&action=edit&redlink=1","#cite_note-ref24-36","#cite_note-ref25-37","/wiki/Nitrogen","#cite_note-ref21-33","/wiki/Mescaline","/wiki/Adrenaline","/wiki/Ephedrine","/wiki/Putrescine","/wiki/Spermidine","/wiki/Spermine","#cite_note-ref27-38","#cite_note-39","/wiki/Terpene","/wiki/Steroid","#cite_note-40","/wiki/Purine","/wiki/Caffeine","/wiki/Theobromine","/wiki/Theophylline","#cite_note-ref30-41","/wiki/Ephedrine","/wiki/Cathinone","/wiki/Phenylalanine","/wiki/Transamination","#cite_note-ref30-41","#cite_note-ref31-42","/wiki/Galantamine","/wiki/Isoquinoline","#cite_note-43","/wiki/Pyrrolidine","#cite_note-ref34-44","/wiki/File:Pyrrolidine_structure.svg","//upload.wikimedia.org/wikipedia/commons/thumb/e/e1/Pyrrolidine_structure.svg/50px-Pyrrolidine_structure.svg.png","/wiki/Ornithine","/wiki/Arginine","/wiki/Putrescine","#cite_note-ref35-45","/wiki/Cuscohygrine","/wiki/Hygrine","#cite_note-ref34-44","#cite_note-46","/wiki/Tropane","#cite_note-ref38-47","/wiki/File:Tropane_numbered.svg","//upload.wikimedia.org/wikipedia/commons/thumb/e/e2/Tropane_numbered.svg/100px-Tropane_numbered.svg.png","/wiki/Ornithine","/wiki/Arginine","/wiki/Putrescine","#cite_note-ref35-45","/wiki/Atropine","/wiki/Scopolamine","/wiki/Hyoscyamine","#cite_note-ref34-44","#cite_note-ref38-47","#cite_note-48","/wiki/Cocaine","/wiki/Ecgonine","#cite_note-ref38-47","#cite_note-49","/wiki/Pyrrolizidine","#cite_note-ref45-50","/wiki/File:Pyrrolizidine.svg","//upload.wikimedia.org/wikipedia/commons/thumb/8/84/Pyrrolizidine.svg/80px-Pyrrolizidine.svg.png","/wiki/Ornithine","/wiki/Arginine","/wiki/Putrescine","/w/index.php?title=Homospermidine&action=edit&redlink=1","/w/index.php?title=Retronecine&action=edit&redlink=1","#cite_note-ref35-45","/w/index.php?title=Retronecine&action=edit&redlink=1","#cite_note-ref45-50","#cite_note-51","/wiki/Esters","#cite_note-ref45-50","/w/index.php?title=Platyphylline&action=edit&redlink=1","#cite_note-ref45-50","/wiki/Loline_alkaloids","/wiki/Neotyphodium","/wiki/Proline","/wiki/Homoserine","#cite_note-Blankenship-52","#cite_note-Faulkner_et_al_2006-53","#cite_note-Schardl_et_al_2007-54","/wiki/Piperidine","#cite_note-55","/wiki/File:Piperidin.svg","//upload.wikimedia.org/wikipedia/commons/thumb/5/54/Piperidin.svg/50px-Piperidin.svg.png","/wiki/Lysine","/wiki/Cadaverine","#cite_note-56","/w/index.php?title=Sedamine&action=edit&redlink=1","/wiki/Piperine","#cite_note-ref24-36","#cite_note-57","/wiki/Octanoic_acid","/wiki/Coniine","#cite_note-ref25-37","/wiki/Coniine","#cite_note-ref25-37","/wiki/Quinolizidine","#cite_note-ref57-58","#cite_note-59","/wiki/File:Quinolizidine.svg","//upload.wikimedia.org/wikipedia/commons/thumb/c/c2/Quinolizidine.svg/80px-Quinolizidine.svg.png","/wiki/Lupinine","/wiki/Lysine","/wiki/Cadaverine","#cite_note-60","/wiki/Lupinine","#cite_note-ref57-58","/wiki/Cytisine","/wiki/Cytisine","#cite_note-ref57-58","/wiki/Sparteine","/wiki/Sparteine","/w/index.php?title=Lupanine&action=edit&redlink=1","/w/index.php?title=Anahygrine&action=edit&redlink=1","#cite_note-ref57-58","/wiki/Matrine","#cite_note-ref57-58","#cite_note-61","#cite_note-62","/w/index.php?title=Ormosanine&action=edit&redlink=1","#cite_note-ref57-58","#cite_note-63","/wiki/Indolizidine","#cite_note-64","/wiki/File:Indolizidine.svg","//upload.wikimedia.org/wikipedia/commons/thumb/a/ae/Indolizidine.svg/80px-Indolizidine.svg.png","/wiki/Lysine","/wiki/Alpha-Aminoadipic_acid","/wiki/Pipecolic_acid","#cite_note-65","/wiki/Swainsonine","/wiki/Castanospermine","#cite_note-66","/wiki/Pyridine","#cite_note-ref72-67","#cite_note-ref73-68","/wiki/File:Pyridine.svg","//upload.wikimedia.org/wikipedia/commons/thumb/5/55/Pyridine.svg/50px-Pyridine.svg.png","/wiki/Nicotinic_acid","#cite_note-ref74-69","/wiki/Trigonelline","/wiki/Arecoline","#cite_note-ref72-67","#cite_note-ref76-70","/wiki/Nicotine","/wiki/Nornicotine","/wiki/Anabasine","#cite_note-ref72-67","#cite_note-ref76-70","/wiki/Actinidine","#cite_note-71","/wiki/Sesquiterpene","/wiki/Nicotinic_acid","/wiki/Isoleucine","#cite_note-Aniszewski_110-12","#cite_note-ref73-68","#cite_note-ref74-69","/wiki/Isoquinoline","#cite_note-Hesse_36-72","/wiki/File:Isoquinoline_numbered.svg","//upload.wikimedia.org/wikipedia/commons/thumb/2/2d/Isoquinoline_numbered.svg/90px-Isoquinoline_numbered.svg.png","#cite_note-XimE:_izoxinolin-73","/wiki/Tyrosine","/wiki/Phenylalanine","/wiki/Dopamine","/wiki/Tyramine","#cite_note-74","#cite_note-Begley-75","#cite_note-Hesse_36-72","#cite_note-XimE:_izoxinolin-73","#cite_note-Saxton_122-76","#cite_note-Saxton_122-76","#cite_note-XimE:_izoxinolin-73","#cite_note-XimE:_izoxinolin-73","#cite_note-Hesse_54-77","#cite_note-ref83-78","#cite_note-ref83-78","#cite_note-79","/wiki/Papaverine","/wiki/Laudanosine","/w/index.php?title=Cularine&action=edit&redlink=1","#cite_note-ref86-80","#cite_note-ref86-80","/wiki/Pavine_(molecule)","#cite_note-ref88-81","/wiki/Amurensine","#cite_note-ref88-81","#cite_note-ref90-82","#cite_note-XimE:_izoxinolin-73","#cite_note-XimE:_izoxinolin-73","/wiki/Berberine","/wiki/Canadine","#cite_note-ref91-83","#cite_note-XimE:_izoxinolin-73","/wiki/Hydrastine","/wiki/Narcotine","#cite_note-84","#cite_note-XimE:_izoxinolin-73","#cite_note-ref88-81","/wiki/Psychotria_ipecacuanha","#cite_note-ref94-85","#cite_note-ref94-85","#cite_note-XimE:_izoxinolin-73","#cite_note-ref96-86","/wiki/Aporphine","#cite_note-XimE:_izoxinolin-73","/wiki/Glaucine","#cite_note-87","#cite_note-XimE:_izoxinolin-73","#cite_note-XimE:_izoxinolin-73","#cite_note-ref90-82","#cite_note-ref99-88","#cite_note-ref99-88","#cite_note-ref99-88","#cite_note-ref86-80","/wiki/Morphine","#cite_note-ref103-89","/wiki/Morphine","/wiki/Codeine","/wiki/Thebaine","/wiki/Sinomenine","#cite_note-ref104-90","#cite_note-91","#cite_note-ref103-89","#cite_note-XimE:_izoxinolin-73","#cite_note-XimE:_izoxinolin-73","#cite_note-XimE:_izoxinolin-73","#cite_note-92","/wiki/Amaryllis","#cite_note-93","/wiki/Lycorine","/wiki/Galantamine","#cite_note-94","/wiki/Erythrina","#cite_note-Hesse_54-77","#cite_note-Hesse_54-77","/wiki/Phenanthrene","#cite_note-XimE:_izoxinolin-73","#cite_note-XimE:_izoxinolin-73","#cite_note-ref91-83","/w/index.php?title=Protopin&action=edit&redlink=1","#cite_note-XimE:_izoxinolin-73","#cite_note-ref96-86","#cite_note-XimE:_izoxinolin-73","#cite_note-XimE:_izoxinolin-73","/wiki/Oxazole","#cite_note-Plemenkov_241-95","/wiki/File:Oxazole_structure.svg","//upload.wikimedia.org/wikipedia/commons/thumb/e/ea/Oxazole_structure.svg/80px-Oxazole_structure.svg.png","/wiki/Tyrosine","/wiki/Tyramine","#cite_note-96","#cite_note-97","/wiki/Isoxazole","/wiki/File:Isoxazole_structure.png","//upload.wikimedia.org/wikipedia/commons/thumb/8/89/Isoxazole_structure.png/80px-Isoxazole_structure.png","/wiki/Ibotenic_acid","/wiki/Muscimol","/wiki/Thiazole","#cite_note-ref114-98","/wiki/File:Thiazole_structure.svg","//upload.wikimedia.org/wikipedia/commons/thumb/2/28/Thiazole_structure.svg/80px-Thiazole_structure.svg.png","/wiki/1-Deoxy-D-xylulose_5-phosphate","/wiki/Tyrosine","/wiki/Cysteine","#cite_note-99","#cite_note-ref114-98","#cite_note-100","/wiki/Quinazoline","#cite_note-101","/wiki/File:Quinazoline_numbered.svg","//upload.wikimedia.org/wikipedia/commons/thumb/9/9c/Quinazoline_numbered.svg/90px-Quinazoline_numbered.svg.png","/wiki/Anthranilic_acid","/wiki/Phenylalanine","/wiki/Ornithine","#cite_note-102","/wiki/Febrifugine","#cite_note-ref120-103","#cite_note-ref120-103","/w/index.php?title=Vazicine&action=edit&redlink=1","#cite_note-Plemenkov_241-95","/wiki/Acridine","#cite_note-Plemenkov_241-95","/wiki/File:Acridine.svg","//upload.wikimedia.org/wikipedia/commons/thumb/4/46/Acridine.svg/100px-Acridine.svg.png","/wiki/Anthranilic_acid","#cite_note-104","/w/index.php?title=Acronicine&action=edit&redlink=1","#cite_note-105","#cite_note-106","/wiki/Quinoline","#cite_note-107","#cite_note-ref126-108","/wiki/File:Quinoline_numbered.svg","//upload.wikimedia.org/wikipedia/commons/thumb/e/e0/Quinoline_numbered.svg/90px-Quinoline_numbered.svg.png","/wiki/Quinolones","/wiki/Anthranilic_acid","#cite_note-ref127-109","/w/index.php?title=Echinopsine&action=edit&redlink=1","#cite_note-ref126-108","#cite_note-110","#cite_note-111","#cite_note-ref126-108","#cite_note-ref131-112","/w/index.php?title=Dictamnine&action=edit&redlink=1","#cite_note-ref126-108","#cite_note-113","#cite_note-114","/wiki/Quinine","/wiki/Tryptophan","/wiki/Tryptamine","/w/index.php?title=Strictosidine&action=edit&redlink=1","/wiki/Secologanin","/w/index.php?title=Cinhoninon&action=edit&redlink=1","#cite_note-Begley-75","#cite_note-ref127-109","/wiki/Quinine","/wiki/Quinidine","/wiki/Cinchonine","#cite_note-ref131-112","/wiki/Indole","#cite_note-ref104-90","/wiki/File:Indole_numbered.svg","//upload.wikimedia.org/wikipedia/commons/thumb/d/db/Indole_numbered.svg/100px-Indole_numbered.svg.png","/wiki/Indole_alkaloids","#cite_note-ref140-115","/wiki/Tryptophan","/wiki/Tryptamine","#cite_note-ref141-116","/wiki/Serotonin","/wiki/Psilocybin","/wiki/Dimethyltryptamine","/wiki/Bufotenin","#cite_note-117","#cite_note-118","/wiki/Beta-carboline","#cite_note-119","/wiki/Harmine","/wiki/Harmaline","#cite_note-ref140-115","#cite_note-ref152-120","/wiki/Physostigmine","#cite_note-ref152-120","/wiki/Ergoline","#cite_note-ref104-90","/wiki/Tryptophan","/w/index.php?title=Paspalic_acid&action=edit&redlink=1","/wiki/Lysergic_acid","#cite_note-ref152-120","/wiki/Ergotamine","#cite_note-121","#cite_note-ref141-116","/wiki/Tryptophan","/wiki/Tryptamine","/w/index.php?title=Strictosidine&action=edit&redlink=1","/wiki/Secologanin","#cite_note-ref141-116","/wiki/Ajmaline","/wiki/Yohimbine","/wiki/Reserpine","/wiki/Mitragynine","#cite_note-122","#cite_note-123","/wiki/Strychnine","/wiki/Strychnine","/wiki/Brucine","/w/index.php?title=Vomicine&action=edit&redlink=1","#cite_note-124","/wiki/Iboga","#cite_note-ref141-116","/wiki/Ibogamine","/wiki/Ibogaine","/wiki/Voacangine","#cite_note-ref141-116","/wiki/Aspidosperma","#cite_note-ref141-116","/wiki/Vincamine","/wiki/Vinca_alkaloids","#cite_note-125","#cite_note-126","/wiki/Imidazole","#cite_note-Plemenkov_241-95","/wiki/File:Imidazole_structure.svg","//upload.wikimedia.org/wikipedia/commons/thumb/7/7b/Imidazole_structure.svg/50px-Imidazole_structure.svg.png","/wiki/Histidine","#cite_note-Aniszewski_104-127","/wiki/Histamine","#cite_note-Plemenkov_241-95","#cite_note-Aniszewski_104-127","/wiki/Purine","#cite_note-128","/wiki/File:9H-Purine.svg","//upload.wikimedia.org/wikipedia/commons/thumb/a/a3/9H-Purine.svg/90px-9H-Purine.svg.png","/wiki/Xanthosine","/wiki/Xanthine","/wiki/Theobromine","/wiki/Caffeine","#cite_note-Begley-75","/wiki/Caffeine","/wiki/Theobromine","/wiki/Theophylline","/wiki/Saxitoxin","#cite_note-129","#cite_note-130","/wiki/Phenylethylamine","#cite_note-ref90-82","/wiki/File:Phenylethylamine_numbered.svg","//upload.wikimedia.org/wikipedia/commons/thumb/e/e8/Phenylethylamine_numbered.svg/110px-Phenylethylamine_numbered.svg.png","/wiki/Tyrosine","/wiki/Phenylalanine","/w/index.php?title=Dioxyphenilalanine&action=edit&redlink=1","/wiki/Dopamine","/wiki/Adrenaline","/wiki/Mescaline","/wiki/Tyrosine","/wiki/Tyramine","/wiki/Cathinone","/wiki/Ephedrine","/wiki/Pseudoephedrine","#cite_note-Aniszewski_110-12","#cite_note-ref31-42","#cite_note-131","/wiki/Tyramine","/wiki/Ephedrine","/wiki/Pseudoephedrine","/wiki/Mescaline","/wiki/Cathinone","/wiki/Catecholamines","/wiki/Adrenaline","/wiki/Noradrenaline","/wiki/Dopamine","#cite_note-Aniszewski_110-12","#cite_note-132","/wiki/Colchicine","#cite_note-ref179-133","/wiki/File:Colchicine.svg","//upload.wikimedia.org/wikipedia/commons/thumb/2/20/Colchicine.svg/120px-Colchicine.svg.png","/wiki/Tyrosine","/wiki/Phenylalanine","/wiki/Dopamine","/w/index.php?title=Autumnaline&action=edit&redlink=1","/wiki/Colchicine","#cite_note-134","/wiki/Colchicine","#cite_note-ref179-133","/wiki/Muscarine","#cite_note-ref182-135","/wiki/File:Muscarine.svg","//upload.wikimedia.org/wikipedia/commons/thumb/e/e3/Muscarine.svg/100px-Muscarine.svg.png","/wiki/Glutamic_acid","/wiki/Pyruvic_acid","#cite_note-136","/wiki/Muscarine","#cite_note-ref182-135","#cite_note-ref185-137","/wiki/File:Benzylamine.svg","//upload.wikimedia.org/wikipedia/commons/thumb/3/36/Benzylamine.svg/90px-Benzylamine.svg.png","/wiki/Phenylalanine","/wiki/Valine","/wiki/Leucine","/wiki/Isoleucine","#cite_note-138","/wiki/Capsaicin","/wiki/Dihydrocapsaicin","#cite_note-ref185-137","#cite_note-139","/wiki/Putrescine","#cite_note-ref189-140","/wiki/File:Putrescine.svg","//upload.wikimedia.org/wikipedia/commons/thumb/0/07/Putrescine.svg/90px-Putrescine.svg.png","/wiki/Ornithine","/wiki/Putrescine","/wiki/Spermidine","/wiki/Spermine","#cite_note-141","#cite_note-ref189-140","/wiki/Spermidine","#cite_note-ref189-140","/wiki/File:Spermidine.svg","//upload.wikimedia.org/wikipedia/commons/thumb/7/70/Spermidine.svg/110px-Spermidine.svg.png","#cite_note-ref189-140","/wiki/Spermine","#cite_note-ref189-140","/wiki/File:Spermine.svg","//upload.wikimedia.org/wikipedia/commons/thumb/d/db/Spermine.svg/130px-Spermine.svg.png","#cite_note-ref189-140","#cite_note-ref27-38","#cite_note-ref196-142","#cite_note-ref27-38","#cite_note-ref27-38","/w/index.php?title=Ziziphine&action=edit&redlink=1","#cite_note-ref27-38","#cite_note-ref27-38","#cite_note-ref196-142","#cite_note-ref196-142","#cite_note-ref27-38","#cite_note-ref196-142","#cite_note-ref27-38","#cite_note-ref27-38","#cite_note-ref196-142","#cite_note-ref23-35","#cite_note-ref196-142","/wiki/Terpenes","/wiki/Steroids","#cite_note-ref23-35","/wiki/File:Isoprene.svg","//upload.wikimedia.org/wikipedia/commons/thumb/5/50/Isoprene.svg/80px-Isoprene.svg.png","/wiki/Mevalonic_acid","/w/index.php?title=Izopentenilpyrophosfate&action=edit&redlink=1","/wiki/Geranyl_pyrophosphate","#cite_note-143","#cite_note-144","/wiki/Aconitine","/wiki/Delphinine","#cite_note-ref23-35","#cite_note-145","/wiki/Steroids","#cite_note-146","/wiki/File:Cyclopentenophenanthrene.svg","//upload.wikimedia.org/wikipedia/commons/thumb/9/98/Cyclopentenophenanthrene.svg/100px-Cyclopentenophenanthrene.svg.png","/wiki/Cholesterol","/wiki/Arginine","#cite_note-147","/wiki/Solanidine","/wiki/Batrachotoxin","#cite_note-148","/w/index.php?title=Alkaloid&action=edit&section=4","/wiki/File:Cyclopelamb2.jpg","//upload.wikimedia.org/wikipedia/commons/thumb/c/c7/Cyclopelamb2.jpg/220px-Cyclopelamb2.jpg","/wiki/File:Cyclopelamb2.jpg","//bits.wikimedia.org/static-1.21wmf11/skins/common/images/magnify-clip.png","/wiki/Veratrum_californicum","/wiki/Cyclopia","/wiki/Cyclopamine","/wiki/Nicotine","#cite_note-149","/wiki/Coniine","#cite_note-BSE:_koniin-25","#cite_note-ref222-150","/wiki/Berberine","/wiki/Sanguinarine","#cite_note-ref222-150","/wiki/Theobromine","/wiki/Theophylline","/wiki/Amphoteric","#cite_note-ref225-151","/wiki/Organic_solvent","/wiki/Diethyl_ether","/wiki/Chloroform","/wiki/1,2-dichloroethane","/wiki/Caffeine","#cite_note-152","/wiki/Cocaine","#cite_note-153","/wiki/Codeine","#cite_note-154","/wiki/Nicotine","#cite_note-155","/wiki/Morphine","#cite_note-156","/wiki/Yohimbine","#cite_note-157","/wiki/Alcohol","/wiki/Scopolamine","#cite_note-ref222-150","#cite_note-158","/wiki/Cyclopamine","/wiki/Veratrum_californicum","/wiki/Cyclopia","#cite_note-159","/w/index.php?title=Alkaloid&action=edit&section=5","/wiki/File:Strychnos_nux-vomica_-_K%C3%B6hler%E2%80%93s_Medizinal-Pflanzen-266.jpg","//upload.wikimedia.org/wikipedia/commons/thumb/6/66/Strychnos_nux-vomica_-_K%C3%B6hler%E2%80%93s_Medizinal-Pflanzen-266.jpg/220px-Strychnos_nux-vomica_-_K%C3%B6hler%E2%80%93s_Medizinal-Pflanzen-266.jpg","/wiki/File:Strychnos_nux-vomica_-_K%C3%B6hler%E2%80%93s_Medizinal-Pflanzen-266.jpg","//bits.wikimedia.org/static-1.21wmf11/skins/common/images/magnify-clip.png","/wiki/Strychnine_tree","/wiki/Strychnine","/wiki/Brucine","/wiki/Anabolism","/wiki/Vascular_plant","#cite_note-160","#cite_note-161","#cite_note-Hesse_4-162","/wiki/Black_henbane","/wiki/Fruit","/wiki/Seed","/wiki/Strychnine_tree","/wiki/Rauwolfia_serpentina","/wiki/Cinchona","#cite_note-163","#cite_note-164","/wiki/Fungi","/wiki/Psilocybin","/wiki/Psilocybe","/wiki/Bufotenin","#cite_note-Hesse_5-17","#cite_note-165","/wiki/Amines","/wiki/Adrenaline","/wiki/Serotonin","#cite_note-166","/w/index.php?title=Alkaloid&action=edit&section=6","/wiki/File:Piperine_crystals.jpg","//upload.wikimedia.org/wikipedia/commons/thumb/2/26/Piperine_crystals.jpg/220px-Piperine_crystals.jpg","/wiki/File:Piperine_crystals.jpg","//bits.wikimedia.org/static-1.21wmf11/skins/common/images/magnify-clip.png","/wiki/Piperine","/wiki/Black_pepper","#cite_note-Hesse_116-167","#cite_note-ref236-168","#cite_note-Hesse_116-167","#cite_note-169","#cite_note-Hesse_116-167","#cite_note-ref236-168","/wiki/Acetic_acid","#cite_note-Hesse_116-167","#cite_note-170","/wiki/Distillation","#cite_note-171","/w/index.php?title=Alkaloid&action=edit&section=7","/wiki/Amino_acid","/wiki/Ornithine","/wiki/Lysine","/wiki/Phenylalanine","/wiki/Tyrosine","/wiki/Tryptophan","/wiki/Histidine","/wiki/Aspartic_acid","/wiki/Anthranilic_acid","#cite_note-Plemenkov_253-172","/wiki/Nicotinic_acid","#cite_note-Begley-75","/wiki/Schiff_bases","/wiki/Mannich_reaction","#cite_note-Plemenkov_253-172","/w/index.php?title=Alkaloid&action=edit&section=8","/wiki/Schiff_base","#cite_note-173","#cite_note-Dewick_19-174","/wiki/File:Schiff_base_formation.svg","//upload.wikimedia.org/wikipedia/commons/thumb/4/49/Schiff_base_formation.svg/500px-Schiff_base_formation.svg.png","#cite_note-Plemenkov_253-172","#cite_note-ref19-31","/wiki/File:Schiff_base_formation_intramolecular.svg","//upload.wikimedia.org/wikipedia/commons/thumb/d/d0/Schiff_base_formation_intramolecular.svg/227px-Schiff_base_formation_intramolecular.svg.png","/w/index.php?title=Alkaloid&action=edit&section=9","/wiki/Mannich_reaction","/wiki/Carbonyl","/wiki/Carbanion","/wiki/Nucleophilic_addition","#cite_note-Dewick_19-174","/wiki/File:Mannich.png","//upload.wikimedia.org/wikipedia/commons/4/46/Mannich.png","#cite_note-175","#cite_note-176","/wiki/File:Mannich_reaction_intramolecular.svg","//upload.wikimedia.org/wikipedia/commons/thumb/5/5d/Mannich_reaction_intramolecular.svg/252px-Mannich_reaction_intramolecular.svg.png","/w/index.php?title=Alkaloid&action=edit&section=10","/wiki/Dimer_(chemistry)","/wiki/Trimer_(chemistry)","/wiki/Tetramer","#cite_note-177","/wiki/Mannich_reaction","/wiki/Michael_reaction","/wiki/Lactone","/wiki/File:Voacamine_chemical_structure.png","//upload.wikimedia.org/wikipedia/commons/thumb/7/75/Voacamine_chemical_structure.png/202px-Voacamine_chemical_structure.png","/wiki/Voacamine","/wiki/File:Villalstonine.svg","//upload.wikimedia.org/wikipedia/commons/thumb/b/b8/Villalstonine.svg/114px-Villalstonine.svg.png","/w/index.php?title=Villalstonine&action=edit&redlink=1","/wiki/File:Toxiferine_I.png","//upload.wikimedia.org/wikipedia/commons/thumb/0/01/Toxiferine_I.png/132px-Toxiferine_I.png","/wiki/Toxiferine","/wiki/File:Dauricine.svg","//upload.wikimedia.org/wikipedia/commons/thumb/5/5e/Dauricine.svg/220px-Dauricine.svg.png","/wiki/Dauricine","/wiki/File:Tubocurarine.svg","//upload.wikimedia.org/wikipedia/commons/thumb/e/ee/Tubocurarine.svg/178px-Tubocurarine.svg.png","/wiki/Tubocurarine","/wiki/File:Carpaine.png","//upload.wikimedia.org/wikipedia/commons/thumb/3/34/Carpaine.png/168px-Carpaine.png","/wiki/Carpaine","/w/index.php?title=Alkaloid&action=edit&section=11","#cite_note-178","/wiki/Nitrogen","/wiki/Metabolism","/wiki/Urea","#cite_note-Meyers-8","/wiki/Aporphine","/w/index.php?title=Liriodenine&action=edit&redlink=1","/wiki/Liriodendron_tulipifera","/wiki/Chordate","#cite_note-179","/wiki/Serotonin","/wiki/Dopamine","/wiki/Histamine","/wiki/Neurotransmitter","#cite_note-180","/w/index.php?title=Alkaloid&action=edit&section=12","/w/index.php?title=Alkaloid&action=edit&section=13","#cite_note-181","#cite_note-Meyers-8","#cite_note-182","/wiki/Ajmaline","/wiki/Antiarrhythmic_agent","/wiki/Atropine","/wiki/Scopolamine","/wiki/Hyoscyamine","/wiki/Anticholinergic","/wiki/Caffeine","/wiki/Stimulant","/wiki/Diuretic","/wiki/Adenosine_receptor","/wiki/Codeine","/wiki/Cough_medicine","/wiki/Analgesic","/wiki/Colchicine","/wiki/Gout","/wiki/Emetine","/wiki/Antiprotozoal_agent","/wiki/Ergoline","/wiki/Sympathomimetics","/wiki/Morphine","/wiki/Analgesic","/wiki/Nicotine","/wiki/Stimulant","/wiki/Nicotinic_agonist","/wiki/Physostigmine","/wiki/Acetylcholinesterase","/wiki/Quinidine","/wiki/Quinine","/wiki/Reserpine","/wiki/Antihypertensive_drug","/wiki/Tubocurarine","/wiki/Vinblastine","/wiki/Vincristine","/wiki/Chemotherapy","/wiki/Vincamine","/wiki/Vasodilation","/wiki/Antihypertensive_drug","/wiki/Yohimbine","/wiki/Stimulant","/wiki/Aphrodisiac","#cite_note-183","/wiki/Naloxone","/wiki/Opioid_receptor","/wiki/Receptor_antagonist","/wiki/Thebaine","/wiki/Opium","#cite_note-184","/wiki/File:Thebaine_skeletal.svg","//upload.wikimedia.org/wikipedia/commons/thumb/1/1f/Thebaine_skeletal.svg/128px-Thebaine_skeletal.svg.png","/wiki/Thebaine","/wiki/File:Naloxone.svg","//upload.wikimedia.org/wikipedia/commons/thumb/2/2f/Naloxone.svg/145px-Naloxone.svg.png","/wiki/Naloxone","/w/index.php?title=Alkaloid&action=edit&section=14","/wiki/Pesticide","/wiki/Anabasine","/wiki/Insecticide","#cite_note-185","/w/index.php?title=Alkaloid&action=edit&section=15","/wiki/Psychoactive_drug","/wiki/Cocaine","/wiki/Cathinone","/wiki/Stimulant","/wiki/Central_nervous_system","#cite_note-186","#cite_note-187","/wiki/Mescaline","/wiki/Psilocybin","/wiki/Dimethyltryptamine","/wiki/Ibogaine","/wiki/Hallucinogen","#cite_note-188","#cite_note-189","/wiki/Morphine","/wiki/Codeine","#cite_note-190","/wiki/Precursor_(chemistry)","/wiki/Ephedrine","/wiki/Pseudoephedrine","/wiki/Methcathinone","/wiki/Methamphetamine","#cite_note-191","/w/index.php?title=Alkaloid&action=edit&section=16","/wiki/Amine","/wiki/Base_(chemistry)","/wiki/Natural_products","/wiki/Secondary_metabolite","/wiki/Palau%27amine","/w/index.php?title=Alkaloid&action=edit&section=17","#cite_ref-14","/w/index.php?title=Alkaloid&action=edit&section=18","#cite_ref-1","http://books.google.com/?id=MtOiLVWBn8cC&pg=PA20","/wiki/International_Standard_Book_Number","/wiki/Special:BookSources/3-7643-8335-6","http://books.google.com/?id=MtOiLVWBn8cC&pg=PA20","#cite_ref-goldbook.iupac.org_2-0","#cite_ref-goldbook.iupac.org_2-1","http://goldbook.iupac.org/A00220.html","/wiki/Special:BookSources/0967855098","/wiki/Digital_object_identifier","http://dx.doi.org/10.1351%2Fgoldbook","#cite_ref-3","/wiki/Academic_Press","#cite_ref-4","http://books.google.com/books?id=caTqdbD7j4AC&pg=PA51","/wiki/Special:BookSources/1566702232","#cite_ref-XimE:_alkaloidy_5-0","#cite_ref-XimE:_alkaloidy_5-1","#cite_ref-XimE:_alkaloidy_5-2","#cite_ref-XimE:_alkaloidy_5-3","http://www.xumuk.ru/encyklopedia/119.html","#cite_ref-6","http://science.howstuffworks.com/alkaloid-info.htm","http://science.howstuffworks.com/alkaloid-info.htm","#cite_ref-Rhoades1979_7-0","/wiki/International_Standard_Book_Number","/wiki/Special:BookSources/0-12-597180-X","#cite_ref-Meyers_8-0","#cite_ref-Meyers_8-1","#cite_ref-Meyers_8-2","/wiki/Special:BookSources/0122274113","#cite_ref-9","http://books.google.com/books?id=wV2T41nGFc4C&pg=PA30","/wiki/Special:BookSources/0849329760","#cite_ref-10","http://books.google.com/books?id=0X4cQus2gz8C&pg=PA433","/wiki/Special:BookSources/0763704326","#cite_ref-11","http://books.google.com/books?id=1B6ijcTkD5EC&pg=PA644","/wiki/Special:BookSources/8122414591","#cite_ref-Aniszewski_110_12-0","#cite_ref-Aniszewski_110_12-1","#cite_ref-Aniszewski_110_12-2","#cite_ref-Aniszewski_110_12-3","#cite_ref-13","http://de.wikipedia.org/wiki/Carl_Friedrich_Wilhelm_Mei%C3%9Fner","#cite_ref-15","#cite_ref-16","http://books.google.com/books?id=-9fUAAAAMAAJ&pg=PA213#v=onepage&q&f=false","#cite_ref-Hesse_5_17-0","#cite_ref-Hesse_5_17-1","#cite_ref-18","https://webspace.yale.edu/chem125/125/history99/5Valence/Nomenclature/alkanenames.html","#cite_ref-19","#cite_ref-Aniszewski_182_20-0","#cite_ref-Aniszewski_182_20-1","#cite_ref-21","#cite_ref-22","#cite_ref-23","#cite_ref-24","#cite_ref-BSE:_koniin_25-0","#cite_ref-BSE:_koniin_25-1","http://slovari.yandex.ru/dict/bse/article/00036/77600.htm","#cite_ref-26","#cite_ref-27","#cite_ref-ref15_28-0","#cite_ref-ref15_28-1","#cite_ref-29","#cite_ref-30","#cite_ref-ref19_31-0","#cite_ref-ref19_31-1","#cite_ref-32","#cite_ref-ref21_33-0","#cite_ref-ref21_33-1","#cite_ref-34","#cite_ref-ref23_35-0","#cite_ref-ref23_35-1","#cite_ref-ref23_35-2","#cite_ref-ref23_35-3","#cite_ref-ref24_36-0","#cite_ref-ref24_36-1","#cite_ref-ref25_37-0","#cite_ref-ref25_37-1","#cite_ref-ref25_37-2","#cite_ref-ref27_38-0","#cite_ref-ref27_38-1","#cite_ref-ref27_38-2","#cite_ref-ref27_38-3","#cite_ref-ref27_38-4","#cite_ref-ref27_38-5","#cite_ref-ref27_38-6","#cite_ref-ref27_38-7","#cite_ref-ref27_38-8","/wiki/Digital_object_identifier","http://dx.doi.org/10.1039%2FNP9971400075","/wiki/PubMed_Identifier","//www.ncbi.nlm.nih.gov/pubmed/9121730","#cite_ref-39","#cite_ref-40","#cite_ref-ref30_41-0","#cite_ref-ref30_41-1","#cite_ref-ref31_42-0","#cite_ref-ref31_42-1","#cite_ref-43","#cite_ref-ref34_44-0","#cite_ref-ref34_44-1","#cite_ref-ref34_44-2","#cite_ref-ref35_45-0","#cite_ref-ref35_45-1","#cite_ref-ref35_45-2","#cite_ref-46","#cite_ref-ref38_47-0","#cite_ref-ref38_47-1","#cite_ref-ref38_47-2","http://www.xumuk.ru/encyklopedia/2/4609.html","#cite_ref-48","#cite_ref-49","#cite_ref-ref45_50-0","#cite_ref-ref45_50-1","#cite_ref-ref45_50-2","#cite_ref-ref45_50-3","http://www.xumuk.ru/encyklopedia/2/3370.html","#cite_ref-51","#cite_ref-Blankenship_52-0","/wiki/Digital_object_identifier","http://dx.doi.org/10.1002%2Fcbic.200400327","/wiki/PubMed_Identifier","//www.ncbi.nlm.nih.gov/pubmed/15861432","#cite_ref-Faulkner_et_al_2006_53-0","/wiki/Digital_object_identifier","http://dx.doi.org/10.1002%2Fcbic.200600066","/wiki/PubMed_Identifier","//www.ncbi.nlm.nih.gov/pubmed/16755627","#cite_ref-Schardl_et_al_2007_54-0","/wiki/Phytochemistry_(journal)","/wiki/Digital_object_identifier","http://dx.doi.org/10.1016%2Fj.phytochem.2007.01.010","/wiki/PubMed_Identifier","//www.ncbi.nlm.nih.gov/pubmed/17346759","#cite_ref-55","#cite_ref-56","#cite_ref-57","#cite_ref-ref57_58-0","#cite_ref-ref57_58-1","#cite_ref-ref57_58-2","#cite_ref-ref57_58-3","#cite_ref-ref57_58-4","#cite_ref-ref57_58-5","http://www.xumuk.ru/encyklopedia/2/5011.html","#cite_ref-59","#cite_ref-60","#cite_ref-61","#cite_ref-62","/wiki/Digital_object_identifier","http://dx.doi.org/10.1039%2Fb208137g","#cite_ref-63","#cite_ref-64","#cite_ref-65","#cite_ref-66","#cite_ref-ref72_67-0","#cite_ref-ref72_67-1","#cite_ref-ref72_67-2","#cite_ref-ref73_68-0","#cite_ref-ref73_68-1","http://www.xumuk.ru/encyklopedia/2/3336.html","#cite_ref-ref74_69-0","#cite_ref-ref74_69-1","#cite_ref-ref76_70-0","#cite_ref-ref76_70-1","#cite_ref-71","#cite_ref-Hesse_36_72-0","#cite_ref-Hesse_36_72-1","#cite_ref-XimE:_izoxinolin_73-0","#cite_ref-XimE:_izoxinolin_73-1","#cite_ref-XimE:_izoxinolin_73-2","#cite_ref-XimE:_izoxinolin_73-3","#cite_ref-XimE:_izoxinolin_73-4","#cite_ref-XimE:_izoxinolin_73-5","#cite_ref-XimE:_izoxinolin_73-6","#cite_ref-XimE:_izoxinolin_73-7","#cite_ref-XimE:_izoxinolin_73-8","#cite_ref-XimE:_izoxinolin_73-9","#cite_ref-XimE:_izoxinolin_73-10","#cite_ref-XimE:_izoxinolin_73-11","#cite_ref-XimE:_izoxinolin_73-12","#cite_ref-XimE:_izoxinolin_73-13","#cite_ref-XimE:_izoxinolin_73-14","#cite_ref-XimE:_izoxinolin_73-15","#cite_ref-XimE:_izoxinolin_73-16","#cite_ref-XimE:_izoxinolin_73-17","#cite_ref-XimE:_izoxinolin_73-18","#cite_ref-XimE:_izoxinolin_73-19","http://www.xumuk.ru/encyklopedia/1642.html","#cite_ref-74","#cite_ref-Begley_75-0","#cite_ref-Begley_75-1","#cite_ref-Begley_75-2","#cite_ref-Begley_75-3","#cite_ref-Saxton_122_76-0","#cite_ref-Saxton_122_76-1","#cite_ref-Hesse_54_77-0","#cite_ref-Hesse_54_77-1","#cite_ref-Hesse_54_77-2","#cite_ref-ref83_78-0","#cite_ref-ref83_78-1","#cite_ref-79","#cite_ref-ref86_80-0","#cite_ref-ref86_80-1","#cite_ref-ref86_80-2","#cite_ref-ref88_81-0","#cite_ref-ref88_81-1","#cite_ref-ref88_81-2","#cite_ref-ref90_82-0","#cite_ref-ref90_82-1","#cite_ref-ref90_82-2","/wiki/Digital_object_identifier","http://dx.doi.org/10.1039%2FNP9971400387","/wiki/PubMed_Identifier","//www.ncbi.nlm.nih.gov/pubmed/9281839","#cite_ref-ref91_83-0","#cite_ref-ref91_83-1","#cite_ref-84","#cite_ref-ref94_85-0","#cite_ref-ref94_85-1","#cite_ref-ref96_86-0","#cite_ref-ref96_86-1","#cite_ref-87","#cite_ref-ref99_88-0","#cite_ref-ref99_88-1","#cite_ref-ref99_88-2","#cite_ref-ref103_89-0","#cite_ref-ref103_89-1","#cite_ref-ref104_90-0","#cite_ref-ref104_90-1","#cite_ref-ref104_90-2","#cite_ref-91","#cite_ref-92","#cite_ref-93","#cite_ref-94","#cite_ref-Plemenkov_241_95-0","#cite_ref-Plemenkov_241_95-1","#cite_ref-Plemenkov_241_95-2","#cite_ref-Plemenkov_241_95-3","#cite_ref-Plemenkov_241_95-4","#cite_ref-96","#cite_ref-97","#cite_ref-ref114_98-0","#cite_ref-ref114_98-1","#cite_ref-99","#cite_ref-100","http://www.rsc.org/publishing/journals/NP/article.asp?doi=a809403i","/wiki/Digital_object_identifier","http://dx.doi.org/10.1039%2Fa809403i","/wiki/PubMed_Identifier","//www.ncbi.nlm.nih.gov/pubmed/10714899","#cite_ref-101","http://www.xumuk.ru/encyklopedia/2/5003.html","#cite_ref-102","#cite_ref-ref120_103-0","#cite_ref-ref120_103-1","#cite_ref-104","http://www.rsc.org/publishing/journals/NP/article.asp?doi=a705734b","/wiki/Digital_object_identifier","http://dx.doi.org/10.1039%2Fa705734b","#cite_ref-105","#cite_ref-106","#cite_ref-107","#cite_ref-ref126_108-0","#cite_ref-ref126_108-1","#cite_ref-ref126_108-2","#cite_ref-ref126_108-3","http://www.xumuk.ru/encyklopedia/2/5014.html","#cite_ref-ref127_109-0","#cite_ref-ref127_109-1","#cite_ref-110","#cite_ref-111","#cite_ref-ref131_112-0","#cite_ref-ref131_112-1","#cite_ref-113","#cite_ref-114","#cite_ref-ref140_115-0","#cite_ref-ref140_115-1","#cite_ref-ref141_116-0","#cite_ref-ref141_116-1","#cite_ref-ref141_116-2","#cite_ref-ref141_116-3","#cite_ref-ref141_116-4","#cite_ref-ref141_116-5","#cite_ref-117","#cite_ref-118","#cite_ref-119","#cite_ref-ref152_120-0","#cite_ref-ref152_120-1","#cite_ref-ref152_120-2","#cite_ref-121","#cite_ref-122","#cite_ref-123","#cite_ref-124","#cite_ref-125","#cite_ref-126","#cite_ref-Aniszewski_104_127-0","#cite_ref-Aniszewski_104_127-1","#cite_ref-128","#cite_ref-129","#cite_ref-130","#cite_ref-131","http://www.plantcyc.org:1555/PLANT/NEW-IMAGE?type=NIL&object=PWY-5883","/wiki/Wikipedia:Link_rot","#cite_ref-132","#cite_ref-ref179_133-0","#cite_ref-ref179_133-1","http://www.xumuk.ru/encyklopedia/2069.html","#cite_ref-134","#cite_ref-ref182_135-0","#cite_ref-ref182_135-1","#cite_ref-136","#cite_ref-ref185_137-0","#cite_ref-ref185_137-1","#cite_ref-138","#cite_ref-139","#cite_ref-ref189_140-0","#cite_ref-ref189_140-1","#cite_ref-ref189_140-2","#cite_ref-ref189_140-3","#cite_ref-ref189_140-4","#cite_ref-ref189_140-5","#cite_ref-141","http://www.chem.qmul.ac.uk/iubmb/enzyme/reaction/misc/spermine.html","#cite_ref-ref196_142-0","#cite_ref-ref196_142-1","#cite_ref-ref196_142-2","#cite_ref-ref196_142-3","#cite_ref-ref196_142-4","#cite_ref-ref196_142-5","#cite_ref-143","http://www.xumuk.ru/encyklopedia/2/4392.html","#cite_ref-144","#cite_ref-145","http://www.rsc.org/publishing/journals/NP/article.asp?doi=NP9971400191","/wiki/Digital_object_identifier","http://dx.doi.org/10.1039%2Fnp9971400191","/wiki/PubMed_Identifier","//www.ncbi.nlm.nih.gov/pubmed/9149410","#cite_ref-146","#cite_ref-147","#cite_ref-148","#cite_ref-149","http://slovari.yandex.ru/dict/bse/article/00052/84600.htm","#cite_ref-ref222_150-0","#cite_ref-ref222_150-1","#cite_ref-ref222_150-2","#cite_ref-ref225_151-0","http://books.google.com/books?id=Rgs_rVOceZwC&pg=PA140","/wiki/Special:BookSources/0849326478","#cite_ref-152","http://www.drugbank.ca/drugs/DB00201","http://www.drugbank.ca/drugs/DB00201","#cite_ref-153","http://www.drugbank.ca/drugs/DB00907","http://www.drugbank.ca/drugs/DB00907","#cite_ref-154","http://www.drugbank.ca/drugs/DB00318","http://www.drugbank.ca/drugs/DB00318","#cite_ref-155","http://www.drugbank.ca/drugs/DB00184","http://www.drugbank.ca/drugs/DB00184","#cite_ref-156","http://www.drugbank.ca/drugs/DB00295","http://www.drugbank.ca/drugs/DB00295","#cite_ref-157","http://www.drugbank.ca/drugs/DB01392","http://www.drugbank.ca/drugs/DB01392","/wiki/Wikipedia:Link_rot","#cite_ref-158","#cite_ref-159","http://books.google.com/?id=nixyqfGIGHcC&pg=PA362","/wiki/International_Standard_Book_Number","/wiki/Special:BookSources/0-85199-614-0","http://books.google.com/?id=nixyqfGIGHcC&pg=PA362","#cite_ref-160","#cite_ref-161","#cite_ref-Hesse_4_162-0","#cite_ref-163","#cite_ref-164","#cite_ref-165","#cite_ref-166","#cite_ref-Hesse_116_167-0","#cite_ref-Hesse_116_167-1","#cite_ref-Hesse_116_167-2","#cite_ref-Hesse_116_167-3","#cite_ref-ref236_168-0","#cite_ref-ref236_168-1","#cite_ref-169","#cite_ref-170","#cite_ref-171","#cite_ref-Plemenkov_253_172-0","#cite_ref-Plemenkov_253_172-1","#cite_ref-Plemenkov_253_172-2","#cite_ref-173","#cite_ref-Dewick_19_174-0","#cite_ref-Dewick_19_174-1","#cite_ref-175","#cite_ref-176","#cite_ref-177","#cite_ref-178","#cite_ref-179","#cite_ref-180","#cite_ref-181","#cite_ref-182","#cite_ref-183","#cite_ref-184","#cite_ref-185","http://books.google.com/books?id=fPiRSsUOpLEC&pg=PA21","/wiki/Special:BookSources/044498903X","#cite_ref-186","#cite_ref-187","#cite_ref-188","#cite_ref-189","#cite_ref-190","#cite_ref-191","/w/index.php?title=Alkaloid&action=edit&section=19","//upload.wikimedia.org/wikipedia/en/thumb/4/4a/Commons-logo.svg/30px-Commons-logo.svg.png","//commons.wikimedia.org/wiki/Alkaloid","/wiki/Elsevier","/wiki/International_Standard_Book_Number","/wiki/Special:BookSources/978-0-444-52736-3","/wiki/Digital_object_identifier","http://dx.doi.org/10.1002%2Fcbic.200900262","/wiki/International_Standard_Book_Number","/wiki/Special:BookSources/978-0-471-75477-0","/wiki/International_Standard_Book_Number","/wiki/Special:BookSources/0-471-49640-5","/wiki/International_Standard_Book_Number","/wiki/Special:BookSources/978-3-527-31521-5","/wiki/International_Standard_Book_Number","/wiki/Special:BookSources/978-3-906390-24-6","http://www.cnshb.ru/AKDiL/0048/base/RA/140004.shtm","http://www.cnshb.ru/AKDiL/0048/base/RA/140004.shtm","/wiki/Template:Alkaloids","/wiki/Template_talk:Alkaloids","//en.wikipedia.org/w/index.php?title=Template:Alkaloids&action=edit","/wiki/Indole","/wiki/5-MeO-DMT","/wiki/Dimethyltryptamine","/wiki/Harmala_alkaloid","/wiki/Psilocin","/wiki/Psilocybin","/wiki/Reserpine","/wiki/Serotonin","/wiki/Tryptamine","/wiki/Yohimbine","/wiki/Phenethylamine","/wiki/Amphetamine","/wiki/Cathinone","/wiki/Dopamine","/wiki/Ephedrine","/wiki/Mescaline","/wiki/Methamphetamine","/wiki/Phenethylamine","/wiki/Tyramine","/wiki/Purine","/wiki/Caffeine","/wiki/Theobromine","/wiki/Theophylline","/wiki/Pyridine","/wiki/Coniine","/wiki/Pyrrolidine","/wiki/Nicotine","/wiki/Quinoline","/wiki/Quinine","/wiki/Isoquinoline","/wiki/Codeine","/wiki/Morphine","/wiki/Tropane","/wiki/Atropine","/wiki/Cocaine","/wiki/Hyoscyamine","/wiki/Scopolamine","/wiki/Terpenoid","/wiki/Aconitine","/wiki/Solanine","/wiki/Betaine","/wiki/Choline","/wiki/Muscarine","/wiki/Biochemistry","/wiki/Template:Metabolism","/wiki/Template:Carbohydrates","/wiki/Template:Alcohols","/wiki/Template:Glycoproteins","/wiki/Template:Glycosides","/wiki/Template:Lipids","/wiki/Template:Eicosanoids","/wiki/Template:Fatty_acids","/wiki/Template:Fatty-acid_metabolism_intermediates","/wiki/Template:Phospholipids","/wiki/Template:Sphingolipids","/wiki/Template:Cholesterol_and_steroid_intermediates","/wiki/Template:Nucleic_acids","/wiki/Template:Nucleobases,_nucleosides,_and_nucleotides","/wiki/Template:Nucleotide_metabolism_intermediates","/wiki/Template:Protein_topics","/wiki/Template:AminoAcids","/wiki/Template:Amino_acid_metabolism_intermediates","/wiki/Template:Tetrapyrroles","/wiki/Template:Heme_metabolism_intermediates","http://en.wikipedia.org/w/index.php?title=Alkaloid&oldid=544167022","/wiki/Help:Categories","/wiki/Category:Metabolism","/wiki/Category:Alkaloids","/wiki/Category:All_articles_with_dead_external_links","/wiki/Category:Articles_with_dead_external_links_from_March_2013","/wiki/Category:Articles_containing_German_language_text","/wiki/Category:Articles_containing_Latin_language_text","/wiki/Category:Articles_containing_Greek_language_text","/w/index.php?title=Special:UserLogin&returnto=Alkaloid&type=signup","/w/index.php?title=Special:UserLogin&returnto=Alkaloid","/wiki/Alkaloid","/wiki/Talk:Alkaloid","#","/wiki/Alkaloid","/w/index.php?title=Alkaloid&action=edit","/w/index.php?title=Alkaloid&action=history","#","/w/index.php","//bits.wikimedia.org/static-1.21wmf11/skins/vector/images/search-ltr.png?303-4","/wiki/Main_Page","/wiki/Main_Page","/wiki/Portal:Contents","/wiki/Portal:Featured_content","/wiki/Portal:Current_events","/wiki/Special:Random","//donate.wikimedia.org/wiki/Special:FundraiserRedirector?utm_source=donate&utm_medium=sidebar&utm_campaign=C13_en.wikipedia.org&uselang=en","/wiki/Help:Contents","/wiki/Wikipedia:About","/wiki/Wikipedia:Community_portal","/wiki/Special:RecentChanges","/wiki/Wikipedia:Contact_us","/wiki/Special:WhatLinksHere/Alkaloid","/wiki/Special:RecentChangesLinked/Alkaloid","/wiki/Wikipedia:File_Upload_Wizard","/wiki/Special:SpecialPages","/w/index.php?title=Alkaloid&oldid=544167022","/w/index.php?title=Alkaloid&action=info","/w/index.php?title=Special:Cite&page=Alkaloid&id=544167022","/w/index.php?title=Special:Book&bookcmd=book_creator&referer=Alkaloid","/w/index.php?title=Special:Book&bookcmd=render_article&arttitle=Alkaloid&oldid=544167022&writer=rl","/w/index.php?title=Alkaloid&printable=yes","//af.wikipedia.org/wiki/Alkalo%C3%AFde","//ar.wikipedia.org/wiki/%D8%B4%D8%A8%D9%87_%D9%82%D9%84%D9%88%D9%8A","//az.wikipedia.org/wiki/Alkaloidl%C9%99r","//bn.wikipedia.org/wiki/%E0%A6%89%E0%A6%AA%E0%A6%95%E0%A7%8D%E0%A6%B7%E0%A6%BE%E0%A6%B0","//be.wikipedia.org/wiki/%D0%90%D0%BB%D0%BA%D0%B0%D0%BB%D0%BE%D1%96%D0%B4%D1%8B","//bg.wikipedia.org/wiki/%D0%90%D0%BB%D0%BA%D0%B0%D0%BB%D0%BE%D0%B8%D0%B4","//bs.wikipedia.org/wiki/Alkaloid","//ca.wikipedia.org/wiki/Alcaloide","//cs.wikipedia.org/wiki/Alkaloidy","//da.wikipedia.org/wiki/Alkaloid","//de.wikipedia.org/wiki/Alkaloide","//et.wikipedia.org/wiki/Alkaloidid","//el.wikipedia.org/wiki/%CE%91%CE%BB%CE%BA%CE%B1%CE%BB%CE%BF%CE%B5%CE%B9%CE%B4%CE%AE","//es.wikipedia.org/wiki/Alcaloide","//eo.wikipedia.org/wiki/Alkaloido","//fa.wikipedia.org/wiki/%D8%A2%D9%84%DA%A9%D8%A7%D9%84%D9%88%D8%A6%DB%8C%D8%AF","//fr.wikipedia.org/wiki/Alcalo%C3%AFde","//ga.wikipedia.org/wiki/Alcal%C3%B3ideach","//gv.wikipedia.org/wiki/Alkaloyd","//gl.wikipedia.org/wiki/Alcaloide","//ko.wikipedia.org/wiki/%EC%95%8C%EC%B9%BC%EB%A1%9C%EC%9D%B4%EB%93%9C","//hy.wikipedia.org/wiki/%D4%B1%D5%AC%D5%AF%D5%A1%D5%AC%D5%B8%D5%AB%D5%A4%D5%B6%D5%A5%D6%80","//hi.wikipedia.org/wiki/%E0%A4%8F%E0%A4%B2%E0%A5%8D%E0%A4%95%E0%A4%B2%E0%A5%89%E0%A4%8F%E0%A4%A1","//hr.wikipedia.org/wiki/Alkaloid","//io.wikipedia.org/wiki/Alkaloido","//id.wikipedia.org/wiki/Alkaloid","//is.wikipedia.org/wiki/Beiskjuefni","//it.wikipedia.org/wiki/Alcaloidi","//he.wikipedia.org/wiki/%D7%90%D7%9C%D7%A7%D7%9C%D7%95%D7%90%D7%99%D7%93","//jv.wikipedia.org/wiki/Alkaloid","//ka.wikipedia.org/wiki/%E1%83%90%E1%83%9A%E1%83%99%E1%83%90%E1%83%9A%E1%83%9D%E1%83%98%E1%83%93%E1%83%94%E1%83%91%E1%83%98","//kk.wikipedia.org/wiki/%D0%90%D0%BB%D0%BA%D0%B0%D0%BB%D0%BE%D0%B8%D0%B4%D1%82%D0%B0%D1%80","//ky.wikipedia.org/wiki/%D0%90%D0%BB%D0%BA%D0%B0%D0%BB%D0%BE%D0%B8%D0%B4%D0%B4%D0%B5%D1%80","//lv.wikipedia.org/wiki/Alkalo%C4%ABdi","//lt.wikipedia.org/wiki/Alkaloidas","//hu.wikipedia.org/wiki/Alkaloidok","//mk.wikipedia.org/wiki/%D0%90%D0%BB%D0%BA%D0%B0%D0%BB%D0%BE%D0%B8%D0%B4","//nl.wikipedia.org/wiki/Alkalo%C3%AFde","//ja.wikipedia.org/wiki/%E3%82%A2%E3%83%AB%E3%82%AB%E3%83%AD%E3%82%A4%E3%83%89","//no.wikipedia.org/wiki/Alkaloid","//nn.wikipedia.org/wiki/Alkaloid","//oc.wikipedia.org/wiki/Alcalo%C3%AFde","//ps.wikipedia.org/wiki/%D8%A7%D9%84%D9%82%D9%84%D9%88%D9%8A%D8%AF","//pl.wikipedia.org/wiki/Alkaloidy","//pt.wikipedia.org/wiki/Alcaloide","//ro.wikipedia.org/wiki/Alcaloid","//ru.wikipedia.org/wiki/%D0%90%D0%BB%D0%BA%D0%B0%D0%BB%D0%BE%D0%B8%D0%B4%D1%8B","//sq.wikipedia.org/wiki/Alkaloidet","//simple.wikipedia.org/wiki/Alkaloid","//sk.wikipedia.org/wiki/Alkaloid","//sl.wikipedia.org/wiki/Alkaloid","//sr.wikipedia.org/wiki/%D0%90%D0%BB%D0%BA%D0%B0%D0%BB%D0%BE%D0%B8%D0%B4","//sh.wikipedia.org/wiki/Alkaloid","//su.wikipedia.org/wiki/Alkaloid","//fi.wikipedia.org/wiki/Alkaloidit","//sv.wikipedia.org/wiki/Alkaloid","//th.wikipedia.org/wiki/%E0%B8%AD%E0%B8%B1%E0%B8%A5%E0%B8%84%E0%B8%B2%E0%B8%A5%E0%B8%AD%E0%B8%A2%E0%B8%94%E0%B9%8C","//tr.wikipedia.org/wiki/Alkaloid","//uk.wikipedia.org/wiki/%D0%90%D0%BB%D0%BA%D0%B0%D0%BB%D0%BE%D1%97%D0%B4%D0%B8","//vi.wikipedia.org/wiki/Ancaloit","//zh.wikipedia.org/wiki/%E7%94%9F%E7%89%A9%E9%B9%BC","//www.wikidata.org/wiki/Special:ItemByTitle/enwiki/Alkaloid","//en.wikipedia.org/wiki/Wikipedia:Text_of_Creative_Commons_Attribution-ShareAlike_3.0_Unported_License","//creativecommons.org/licenses/by-sa/3.0/","//wikimediafoundation.org/wiki/Terms_of_Use","//www.wikimediafoundation.org/","//en.wikipedia.org/wiki/Wikipedia:Contact_us","//wikimediafoundation.org/wiki/Privacy_policy","/wiki/Wikipedia:About","/wiki/Wikipedia:General_disclaimer","http://en.m.wikipedia.org/wiki/Alkaloid","//wikimediafoundation.org/","//bits.wikimedia.org/images/wikimedia-button.png","//www.mediawiki.org/","//bits.wikimedia.org/static-1.21wmf11/skins/common/images/poweredby_mediawiki_88x31.png","//bits.wikimedia.org/en.wikipedia.org/load.php?debug=false&lang=en&modules=skins.vector&only=scripts&skin=vector&*","/w/index.php?title=MediaWiki:Gadget-ReferenceTooltips.js&action=raw&ctype=text/javascript&508635914","//bits.wikimedia.org/en.wikipedia.org/load.php?debug=false&lang=en&modules=site&only=scripts&skin=vector&*"],"instances":["chemistry","chemistry","mythology","chemistry","chemistry","molecule"],"pdf":[],"categories":["Alkaloids|*"],"headings":["Naming","History","Classification","Properties","Distribution in nature","Extraction","Biosynthesis","Dimer alkaloids","The biological role","Applications","See also","Notes","References","Bibliography"],"image":["//upload.wikimedia.org/wikipedia/commons/thumb/d/d6/Papaver_somniferum_01.jpg/250px-Papaver_somniferum_01.jpg","//bits.wikimedia.org/static-1.21wmf11/skins/common/images/magnify-clip.png","//upload.wikimedia.org/wikipedia/commons/thumb/f/f5/Meissner_alkalod_definition_article_1819.png/160px-Meissner_alkalod_definition_article_1819.png","//bits.wikimedia.org/static-1.21wmf11/skins/common/images/magnify-clip.png","//upload.wikimedia.org/wikipedia/commons/thumb/5/59/Friedrich_Wilhelm_Adam_Sertuerner.jpg/220px-Friedrich_Wilhelm_Adam_Sertuerner.jpg","//bits.wikimedia.org/static-1.21wmf11/skins/common/images/magnify-clip.png","//upload.wikimedia.org/wikipedia/commons/thumb/6/6b/Bufotenin.svg/160px-Bufotenin.svg.png","//bits.wikimedia.org/static-1.21wmf11/skins/common/images/magnify-clip.png","//upload.wikimedia.org/wikipedia/commons/thumb/7/70/Nicotine.svg/160px-Nicotine.svg.png","//bits.wikimedia.org/static-1.21wmf11/skins/common/images/magnify-clip.png","//upload.wikimedia.org/wikipedia/commons/thumb/e/e1/Pyrrolidine_structure.svg/50px-Pyrrolidine_structure.svg.png","//upload.wikimedia.org/wikipedia/commons/thumb/e/e2/Tropane_numbered.svg/100px-Tropane_numbered.svg.png","//upload.wikimedia.org/wikipedia/commons/thumb/8/84/Pyrrolizidine.svg/80px-Pyrrolizidine.svg.png","//upload.wikimedia.org/wikipedia/commons/thumb/5/54/Piperidin.svg/50px-Piperidin.svg.png","//upload.wikimedia.org/wikipedia/commons/thumb/c/c2/Quinolizidine.svg/80px-Quinolizidine.svg.png","//upload.wikimedia.org/wikipedia/commons/thumb/a/ae/Indolizidine.svg/80px-Indolizidine.svg.png","//upload.wikimedia.org/wikipedia/commons/thumb/5/55/Pyridine.svg/50px-Pyridine.svg.png","//upload.wikimedia.org/wikipedia/commons/thumb/2/2d/Isoquinoline_numbered.svg/90px-Isoquinoline_numbered.svg.png","//upload.wikimedia.org/wikipedia/commons/thumb/e/ea/Oxazole_structure.svg/80px-Oxazole_structure.svg.png","//upload.wikimedia.org/wikipedia/commons/thumb/8/89/Isoxazole_structure.png/80px-Isoxazole_structure.png","//upload.wikimedia.org/wikipedia/commons/thumb/2/28/Thiazole_structure.svg/80px-Thiazole_structure.svg.png","//upload.wikimedia.org/wikipedia/commons/thumb/9/9c/Quinazoline_numbered.svg/90px-Quinazoline_numbered.svg.png","//upload.wikimedia.org/wikipedia/commons/thumb/4/46/Acridine.svg/100px-Acridine.svg.png","//upload.wikimedia.org/wikipedia/commons/thumb/e/e0/Quinoline_numbered.svg/90px-Quinoline_numbered.svg.png","//upload.wikimedia.org/wikipedia/commons/thumb/d/db/Indole_numbered.svg/100px-Indole_numbered.svg.png","//upload.wikimedia.org/wikipedia/commons/thumb/7/7b/Imidazole_structure.svg/50px-Imidazole_structure.svg.png","//upload.wikimedia.org/wikipedia/commons/thumb/a/a3/9H-Purine.svg/90px-9H-Purine.svg.png","//upload.wikimedia.org/wikipedia/commons/thumb/e/e8/Phenylethylamine_numbered.svg/110px-Phenylethylamine_numbered.svg.png","//upload.wikimedia.org/wikipedia/commons/thumb/2/20/Colchicine.svg/120px-Colchicine.svg.png","//upload.wikimedia.org/wikipedia/commons/thumb/e/e3/Muscarine.svg/100px-Muscarine.svg.png","//upload.wikimedia.org/wikipedia/commons/thumb/3/36/Benzylamine.svg/90px-Benzylamine.svg.png","//upload.wikimedia.org/wikipedia/commons/thumb/0/07/Putrescine.svg/90px-Putrescine.svg.png","//upload.wikimedia.org/wikipedia/commons/thumb/7/70/Spermidine.svg/110px-Spermidine.svg.png","//upload.wikimedia.org/wikipedia/commons/thumb/d/db/Spermine.svg/130px-Spermine.svg.png","//upload.wikimedia.org/wikipedia/commons/thumb/5/50/Isoprene.svg/80px-Isoprene.svg.png","//upload.wikimedia.org/wikipedia/commons/thumb/9/98/Cyclopentenophenanthrene.svg/100px-Cyclopentenophenanthrene.svg.png","//upload.wikimedia.org/wikipedia/commons/thumb/c/c7/Cyclopelamb2.jpg/220px-Cyclopelamb2.jpg","//bits.wikimedia.org/static-1.21wmf11/skins/common/images/magnify-clip.png","//upload.wikimedia.org/wikipedia/commons/thumb/6/66/Strychnos_nux-vomica_-_K%C3%B6hler%E2%80%93s_Medizinal-Pflanzen-266.jpg/220px-Strychnos_nux-vomica_-_K%C3%B6hler%E2%80%93s_Medizinal-Pflanzen-266.jpg","//bits.wikimedia.org/static-1.21wmf11/skins/common/images/magnify-clip.png","//upload.wikimedia.org/wikipedia/commons/thumb/2/26/Piperine_crystals.jpg/220px-Piperine_crystals.jpg","//bits.wikimedia.org/static-1.21wmf11/skins/common/images/magnify-clip.png","//upload.wikimedia.org/wikipedia/commons/thumb/4/49/Schiff_base_formation.svg/500px-Schiff_base_formation.svg.png","//upload.wikimedia.org/wikipedia/commons/thumb/d/d0/Schiff_base_formation_intramolecular.svg/227px-Schiff_base_formation_intramolecular.svg.png","//upload.wikimedia.org/wikipedia/commons/4/46/Mannich.png","//upload.wikimedia.org/wikipedia/commons/thumb/5/5d/Mannich_reaction_intramolecular.svg/252px-Mannich_reaction_intramolecular.svg.png","//upload.wikimedia.org/wikipedia/commons/thumb/7/75/Voacamine_chemical_structure.png/202px-Voacamine_chemical_structure.png","//upload.wikimedia.org/wikipedia/commons/thumb/b/b8/Villalstonine.svg/114px-Villalstonine.svg.png","//upload.wikimedia.org/wikipedia/commons/thumb/0/01/Toxiferine_I.png/132px-Toxiferine_I.png","//upload.wikimedia.org/wikipedia/commons/thumb/5/5e/Dauricine.svg/220px-Dauricine.svg.png","//upload.wikimedia.org/wikipedia/commons/thumb/e/ee/Tubocurarine.svg/178px-Tubocurarine.svg.png","//upload.wikimedia.org/wikipedia/commons/thumb/3/34/Carpaine.png/168px-Carpaine.png","//upload.wikimedia.org/wikipedia/commons/thumb/1/1f/Thebaine_skeletal.svg/128px-Thebaine_skeletal.svg.png","//upload.wikimedia.org/wikipedia/commons/thumb/2/2f/Naloxone.svg/145px-Naloxone.svg.png","//upload.wikimedia.org/wikipedia/en/thumb/4/4a/Commons-logo.svg/30px-Commons-logo.svg.png","//bits.wikimedia.org/static-1.21wmf11/skins/vector/images/search-ltr.png?303-4","//bits.wikimedia.org/images/wikimedia-button.png","//bits.wikimedia.org/static-1.21wmf11/skins/common/images/poweredby_mediawiki_88x31.png"],"tags":[["base","chemistry"],["bitter","taste#bitterness"],["morpheus","mythology"],["pavine","molecule"],["dimer","chemistry"],["trimer","chemistry"],["precursor","chemistry"],["base","chemistry"]],"members":["dimer","base","morpheus","trimer","precursor","pavine","bitter"],"related":["Opium_poppies","Chemical_compound","Base_(chemistry)","Nitrogen","Acid","Academic_Press","Carbon","Hydrogen","Nitrogen","Oxygen","Sulfur","Chlorine","Bromine","Phosphorus","Bacteria","Fungus","Plant","Animal","Natural_product","Secondary_metabolite","Acid-base_extraction","Toxicity","Pharmacology","Medication","Recreational_drug","Entheogenic","Local_anesthetic","Stimulant","Cocaine","Psilocin","Caffeine","Nicotine","Analgesic","Morphine","Berberine","Vincristine","Reserpine","Galantamine","Atropine","Vincamine","Quinidine","Ephedrine","Antimalarial_drug","Quinine","Amino_acid","Peptides","Proteins","Nucleotides","Nucleic_acid","Amine","Antibiotics","Alicyclic_compound","Mescaline","Serotonin","Dopamine","Amine","Albert_Ladenburg","Atropine","Atropa_belladonna","Strychnine","Strychnine_tree","Vinca","Morphine","Opium","Mesopotamia","Homer","Ephedra","Opium_poppy","Coca","South_America","Extracts","Aconitine","Tubocurarine","Friedrich_Sertürner","Morpheus_(mythology)","Ancient_Greece","Joseph_Louis_Gay-Lussac","Pierre_Joseph_Pelletier","Joseph_Bienaimé_Caventou","Quinine","Strychnine","Xanthine","Atropine","Caffeine","Coniine","Nicotine","Colchicine","Sparteine","Cocaine","Albert_Ladenburg","Coniine","Acetaldehyde","Sodium","Spectroscopy","Chromatography","Indole","Tryptophan","Pyridine","Pyrrolidine","Indole","Isoquinoline","Pyridine","Ornithine","Lysine","Tyrosine","Tryptophan","Nicotine","Nicotinamide","Pyrrolidine","Nitrogen","Heterocycle","Amino_acid","Atropine","Nicotine","Morphine","Terpene","Evonine","Ergotamine","Coniine","Coniceine","Nitrogen","Mescaline","Adrenaline","Ephedrine","Putrescine","Spermidine","Spermine","Terpene","Steroid","Purine","Caffeine","Theobromine","Theophylline","Ephedrine","Cathinone","Phenylalanine","Transamination","Galantamine","Isoquinoline","Pyrrolidine","Ornithine","Arginine","Putrescine","Cuscohygrine","Hygrine","Tropane","Ornithine","Arginine","Putrescine","Atropine","Scopolamine","Hyoscyamine","Cocaine","Ecgonine","Pyrrolizidine","Ornithine","Arginine","Putrescine","Homospermidine","Retronecine","Retronecine","Esters","Platyphylline","Loline_alkaloids","Neotyphodium","Proline","Homoserine","Piperidine","Lysine","Cadaverine","Sedamine","Piperine","Octanoic_acid","Coniine","Coniine","Quinolizidine","Lupinine","Lysine","Cadaverine","Lupinine","Cytisine","Cytisine","Sparteine","Sparteine","Lupanine","Anahygrine","Matrine","Ormosanine","Indolizidine","Lysine","Alpha-Aminoadipic_acid","Pipecolic_acid","Swainsonine","Castanospermine","Pyridine","Nicotinic_acid","Trigonelline","Arecoline","Nicotine","Nornicotine","Anabasine","Actinidine","Sesquiterpene","Nicotinic_acid","Isoleucine","Isoquinoline","Tyrosine","Phenylalanine","Dopamine","Tyramine","Papaverine","Laudanosine","Cularine","Pavine_(molecule)","Amurensine","Berberine","Canadine","Hydrastine","Narcotine","Psychotria_ipecacuanha","Aporphine","Glaucine","Morphine","Morphine","Codeine","Thebaine","Sinomenine","Amaryllis","Lycorine","Galantamine","Erythrina","Phenanthrene","Protopin","Oxazole","Tyrosine","Tyramine","Isoxazole","Ibotenic_acid","Muscimol","Thiazole","1-Deoxy-D-xylulose_5-phosphate","Tyrosine","Cysteine","Quinazoline","Anthranilic_acid","Phenylalanine","Ornithine","Febrifugine","Vazicine","Acridine","Anthranilic_acid","Acronicine","Quinoline","Quinolones","Anthranilic_acid","Echinopsine","Dictamnine","Quinine","Tryptophan","Tryptamine","Strictosidine","Secologanin","Cinhoninon","Quinine","Quinidine","Cinchonine","Indole","Tryptophan","Tryptamine","Serotonin","Psilocybin","Dimethyltryptamine","Bufotenin","Beta-carboline","Harmine","Harmaline","Physostigmine","Ergoline","Tryptophan","Paspalic_acid","Lysergic_acid","Ergotamine","Tryptophan","Tryptamine","Strictosidine","Secologanin","Ajmaline","Yohimbine","Reserpine","Mitragynine","Strychnine","Strychnine","Brucine","Vomicine","Iboga","Ibogamine","Ibogaine","Voacangine","Aspidosperma","Vincamine","Vinca_alkaloids","Imidazole","Histidine","Histamine","Purine","Xanthosine","Xanthine","Theobromine","Caffeine","Caffeine","Theobromine","Theophylline","Saxitoxin","Phenylethylamine","Tyrosine","Phenylalanine","Dioxyphenilalanine","Dopamine","Adrenaline","Mescaline","Tyrosine","Tyramine","Cathinone","Ephedrine","Pseudoephedrine","Tyramine","Ephedrine","Pseudoephedrine","Mescaline","Cathinone","Catecholamines","Adrenaline","Noradrenaline","Dopamine","Colchicine","Tyrosine","Phenylalanine","Dopamine","Autumnaline","Colchicine","Colchicine","Muscarine","Glutamic_acid","Pyruvic_acid","Muscarine","Phenylalanine","Valine","Leucine","Isoleucine","Capsaicin","Dihydrocapsaicin","Putrescine","Ornithine","Putrescine","Spermidine","Spermine","Spermidine","Spermine","Ziziphine","Mevalonic_acid","Izopentenilpyrophosfate","Geranyl_pyrophosphate","Aconitine","Delphinine","Steroids","Cholesterol","Arginine","Solanidine","Batrachotoxin","Cyclopia","Cyclopamine","Nicotine","Coniine","Berberine","Sanguinarine","Theobromine","Theophylline","Amphoteric","Organic_solvent","Diethyl_ether","Chloroform","1,2-dichloroethane","Caffeine","Cocaine","Codeine","Nicotine","Morphine","Yohimbine","Alcohol","Scopolamine","Cyclopamine","Veratrum_californicum","Cyclopia","Strychnine","Brucine","Anabolism","Vascular_plant","Black_henbane","Fruit","Seed","Strychnine_tree","Rauwolfia_serpentina","Cinchona","Fungi","Psilocybin","Psilocybe","Bufotenin","Amines","Adrenaline","Serotonin","Black_pepper","Acetic_acid","Distillation","Amino_acid","Ornithine","Lysine","Phenylalanine","Tyrosine","Tryptophan","Histidine","Aspartic_acid","Anthranilic_acid","Nicotinic_acid","Schiff_bases","Mannich_reaction","Carbonyl","Carbanion","Nucleophilic_addition","Dimer_(chemistry)","Trimer_(chemistry)","Tetramer","Mannich_reaction","Michael_reaction","Lactone","Voacamine","Villalstonine","Toxiferine","Dauricine","Tubocurarine","Carpaine","Nitrogen","Metabolism","Urea","Aporphine","Liriodenine","Liriodendron_tulipifera","Chordate","Serotonin","Dopamine","Histamine","Neurotransmitter","Ajmaline","Antiarrhythmic_agent","Atropine","Scopolamine","Hyoscyamine","Anticholinergic","Caffeine","Stimulant","Diuretic","Adenosine_receptor","Codeine","Cough_medicine","Analgesic","Colchicine","Gout","Emetine","Antiprotozoal_agent","Ergoline","Sympathomimetics","Morphine","Analgesic","Nicotine","Stimulant","Nicotinic_agonist","Physostigmine","Acetylcholinesterase","Quinidine","Quinine","Reserpine","Antihypertensive_drug","Tubocurarine","Vinblastine","Vincristine","Chemotherapy","Vincamine","Vasodilation","Antihypertensive_drug","Yohimbine","Stimulant","Aphrodisiac","Naloxone","Opioid_receptor","Receptor_antagonist","Thebaine","Opium","Thebaine","Naloxone","Pesticide","Anabasine","Insecticide","Psychoactive_drug","Cocaine","Cathinone","Stimulant","Central_nervous_system","Mescaline","Psilocybin","Dimethyltryptamine","Ibogaine","Hallucinogen","Morphine","Codeine","Precursor_(chemistry)","Ephedrine","Pseudoephedrine","Methcathinone","Methamphetamine","Amine","Base_(chemistry)","Natural_products","Secondary_metabolite","Palau'amine"]}