{"cursor":"7040","size":15,"audio":[],"currentlang":"en","article":"\n'Wilhelm Heinrich Westphal' (3 March 1882 in Hamburg – 5 June 1978 in\nBerlin) was a German physicist. From 1918, he was a professor at the University\nof Berlin. During the period 1922 to 1924, he was also an expert adviser to the\nPrussian Ministry of Science, Arts and Culture. From 1928, he was simultaneously\na professor at the University of Berlin and the Technical University of Berlin.\nHis position at the former ended when it fell in the Russian sector at the close\nof World War II, but he achieved emeritus status at the latter in 1955.\n","linknr":139,"url":"Wilhelm_Westphal","recorded":1364156263,"links":["/w/index.php?title=Wilhelm_Westphal&action=edit","/w/index.php?title=Wilhelm_Westphal&action=edit","//en.wikipedia.org/apple-touch-icon.png","//bits.wikimedia.org/favicon/wikipedia.ico","/w/opensearch_desc.php","//en.wikipedia.org/w/api.php?action=rsd","//creativecommons.org/licenses/by-sa/3.0/","/w/index.php?title=Special:RecentChanges&feed=atom","//bits.wikimedia.org/en.wikipedia.org/load.php?debug=false&lang=en&modules=ext.gadget.DRN-wizard%2CReferenceTooltips%2Ccharinsert%2Cteahouse%7Cext.wikihiero%7Cmediawiki.legacy.commonPrint%2Cshared%7Cmw.PopUpMediaTransform%7Cskins.vector&only=styles&skin=vector&*","//bits.wikimedia.org/en.wikipedia.org/load.php?debug=false&lang=en&modules=site&only=styles&skin=vector&*","//bits.wikimedia.org/en.wikipedia.org/load.php?debug=false&lang=en&modules=startup&only=scripts&skin=vector&*","//bits.wikimedia.org/geoiplookup","//meta.wikimedia.org","#mw-head","#p-search","/wiki/File:Westphal,Wilhelm_1935_Stuttgart.jpg","//upload.wikimedia.org/wikipedia/commons/9/91/Westphal%2CWilhelm_1935_Stuttgart.jpg","/wiki/File:Westphal,Wilhelm_1935_Stuttgart.jpg","//bits.wikimedia.org/static-1.21wmf10/skins/common/images/magnify-clip.png","/wiki/Hamburg","/wiki/Berlin","/wiki/Germany","#Education","#Career","#Books_by_Westphal","#Selected_literature_by_Westphal","#Bibliography","#References","/w/index.php?title=Wilhelm_Westphal&action=edit&section=1","/wiki/Gelehrtenschule_des_Johanneums","/wiki/University_of_Bonn","/wiki/Ludwig_Maximilian_University_of_Munich","/wiki/University_of_Stuttgart","/wiki/Humboldt_University_of_Berlin","/wiki/Wehnelt_cylinder","#cite_note-Hentschel_1996-1","/w/index.php?title=Wilhelm_Westphal&action=edit&section=2","/wiki/Heinrich_Rubens","/wiki/Habilitation","/wiki/Privatdozent","/wiki/World_War_I","#cite_note-Hentschel_1996-1","#cite_note-Garbuny.2C_1979.2C_100-2","/wiki/Gustav_Hertz","/wiki/Ferdinand_Kurlbaum","/wiki/Technical_University_of_Berlin","/wiki/World_War_II","#cite_note-Garbuny.2C_1979.2C_100-2","#cite_note-3","#cite_note-4","/wiki/Technical_University_of_Berlin","#cite_note-Hentschel_1996-1","#cite_note-Hentschel_1996-1","#cite_note-Garbuny.2C_1979.2C_100-2","/w/index.php?title=Wilhelm_Westphal&action=edit&section=3","#cite_note-Garbuny.2C_1979.2C_100-2","#cite_note-5","#cite_note-6","/w/index.php?title=Wilhelm_Westphal&action=edit&section=4","/wiki/Physikalische_Bl%C3%A4tter","/w/index.php?title=Wilhelm_Westphal&action=edit&section=5","http://link.aip.org/getpdf/servlet/GetPDFServlet?filetype=pdf&id=PHTOAD000032000001000100000001&bypassSSO=1","/w/index.php?title=Wilhelm_Westphal&action=edit&section=6","#cite_ref-Hentschel_1996_1-0","#cite_ref-Hentschel_1996_1-1","#cite_ref-Hentschel_1996_1-2","#cite_ref-Hentschel_1996_1-3","#cite_ref-Garbuny.2C_1979.2C_100_2-0","#cite_ref-Garbuny.2C_1979.2C_100_2-1","#cite_ref-Garbuny.2C_1979.2C_100_2-2","#cite_ref-Garbuny.2C_1979.2C_100_2-3","#cite_ref-3","#cite_ref-4","#cite_ref-5","#cite_ref-6","/wiki/Authority_control","/wiki/Virtual_International_Authority_File","http://viaf.org/viaf/67239894","/wiki/Wikipedia:Persondata","/wiki/Hamburg","http://en.wikipedia.org/w/index.php?title=Wilhelm_Westphal&oldid=543304717","/wiki/Help:Categories","/wiki/Category:1882_births","/wiki/Category:1978_deaths","/wiki/Category:People_from_Hamburg","/wiki/Category:German_physicists","/wiki/Category:Berlin_Institute_of_Technology_faculty","/wiki/Category:Wikipedia_articles_with_VIAF_identifiers","/w/index.php?title=Special:UserLogin&returnto=Wilhelm+Westphal&type=signup","/w/index.php?title=Special:UserLogin&returnto=Wilhelm+Westphal","/wiki/Wilhelm_Westphal","/wiki/Talk:Wilhelm_Westphal","#","/wiki/Wilhelm_Westphal","/w/index.php?title=Wilhelm_Westphal&action=edit","/w/index.php?title=Wilhelm_Westphal&action=history","#","/w/index.php","//bits.wikimedia.org/static-1.21wmf11/skins/vector/images/search-ltr.png?303-4","/wiki/Main_Page","/wiki/Main_Page","/wiki/Portal:Contents","/wiki/Portal:Featured_content","/wiki/Portal:Current_events","/wiki/Special:Random","//donate.wikimedia.org/wiki/Special:FundraiserRedirector?utm_source=donate&utm_medium=sidebar&utm_campaign=C13_en.wikipedia.org&uselang=en","/wiki/Help:Contents","/wiki/Wikipedia:About","/wiki/Wikipedia:Community_portal","/wiki/Special:RecentChanges","/wiki/Wikipedia:Contact_us","/wiki/Special:WhatLinksHere/Wilhelm_Westphal","/wiki/Special:RecentChangesLinked/Wilhelm_Westphal","/wiki/Wikipedia:File_Upload_Wizard","/wiki/Special:SpecialPages","/w/index.php?title=Wilhelm_Westphal&oldid=543304717","/w/index.php?title=Wilhelm_Westphal&action=info","/w/index.php?title=Special:Cite&page=Wilhelm_Westphal&id=543304717","/w/index.php?title=Special:Book&bookcmd=book_creator&referer=Wilhelm+Westphal","/w/index.php?title=Special:Book&bookcmd=render_article&arttitle=Wilhelm+Westphal&oldid=543304717&writer=rl","/w/index.php?title=Wilhelm_Westphal&printable=yes","//de.wikipedia.org/wiki/Wilhelm_Westphal_(Physiker)","//pt.wikipedia.org/wiki/Wilhelm_Westphal","//www.wikidata.org/wiki/Special:ItemByTitle/enwiki/Wilhelm Westphal","//en.wikipedia.org/wiki/Wikipedia:Text_of_Creative_Commons_Attribution-ShareAlike_3.0_Unported_License","//creativecommons.org/licenses/by-sa/3.0/","//wikimediafoundation.org/wiki/Terms_of_Use","//www.wikimediafoundation.org/","//en.wikipedia.org/wiki/Wikipedia:Contact_us","//wikimediafoundation.org/wiki/Privacy_policy","/wiki/Wikipedia:About","/wiki/Wikipedia:General_disclaimer","http://en.m.wikipedia.org/wiki/Wilhelm_Westphal","//wikimediafoundation.org/","//bits.wikimedia.org/images/wikimedia-button.png","//www.mediawiki.org/","//bits.wikimedia.org/static-1.21wmf11/skins/common/images/poweredby_mediawiki_88x31.png","//bits.wikimedia.org/en.wikipedia.org/load.php?debug=false&lang=en&modules=skins.vector&only=scripts&skin=vector&*","/w/index.php?title=MediaWiki:Gadget-ReferenceTooltips.js&action=raw&ctype=text/javascript&508635914","//bits.wikimedia.org/en.wikipedia.org/load.php?debug=false&lang=en&modules=site&only=scripts&skin=vector&*"],"instances":[],"pdf":[],"categories":["1882 births","1978 deaths","People from Hamburg","German physicists","Berlin Institute of Technology faculty"],"headings":["Education","Career","Books by Westphal","Selected literature by Westphal","Bibliography","References"],"image":["//upload.wikimedia.org/wikipedia/commons/9/91/Westphal%2CWilhelm_1935_Stuttgart.jpg","//bits.wikimedia.org/static-1.21wmf10/skins/common/images/magnify-clip.png","//bits.wikimedia.org/static-1.21wmf11/skins/vector/images/search-ltr.png?303-4","//bits.wikimedia.org/images/wikimedia-button.png","//bits.wikimedia.org/static-1.21wmf11/skins/common/images/poweredby_mediawiki_88x31.png"],"tags":[],"members":[],"related":["Hamburg","Berlin","Germany","Gelehrtenschule_des_Johanneums","Wehnelt_cylinder","Heinrich_Rubens","World_War_I","Gustav_Hertz","Ferdinand_Kurlbaum","World_War_II","Hamburg"]}