{"cursor":"15132","size":15,"audio":[],"currentlang":"en","article":"\n{{Infobox Anatomy | Name = Epithelium | Latin = Epithelium| GraySubject = |\nGrayPage = | Image = | Caption =\nEpithelium | Image2 = | Caption2 = | Precursor = | System = | Artery = | Vein =\n| Nerve = | Lymph = | MeshName = | MeshNumber = | Code = | }} 'Epithelium' is\none of the four basic types of animal tissue, along with connective tissue,\nmuscle tissue and nervous tissue. Epithelial tissues line the cavities and\nsurfaces of structures throughout the body, and also form many glands. Functions\nof epithelial cells include secretion, selective absorption, protection,\ntranscellular transport and detection of sensation. In Greek \"á¼ÏÎ¯\" (\"epi\") means\n\"on\" or \"upon\", and \"Î¸Î·Î»Î®\" (\"thÄlÄ\") means\n\"nipple\". [http://en.wiktionary.org/wiki/epithelium Epitheium at\nWiktionary] Epithelial layers are avascular, so they must receive\nnourishment via diffusion of substances from the underlying connective tissue,\nthrough the basement membrane. Freshney, 2002: [http://books.google.com/books?id=KqKNxeWlU6MC&pg=PA3 p.\n3] Epithelia can also be organized into clusters of cells that function as\nexocrine and endocrine glands.\n","linknr":497,"url":"epithelium","recorded":1363437139,"links":["/w/index.php?title=Epithelium&action=edit","/w/index.php?title=Epithelium&action=edit","//en.wikipedia.org/apple-touch-icon.png","//bits.wikimedia.org/favicon/wikipedia.ico","/w/opensearch_desc.php","//en.wikipedia.org/w/api.php?action=rsd","//creativecommons.org/licenses/by-sa/3.0/","/w/index.php?title=Special:RecentChanges&feed=atom","//bits.wikimedia.org/en.wikipedia.org/load.php?debug=false&lang=en&modules=ext.gadget.DRN-wizard%2CReferenceTooltips%2Ccharinsert%2Cteahouse%7Cext.wikihiero%7Cmediawiki.legacy.commonPrint%2Cshared%7Cmw.PopUpMediaTransform%7Cskins.vector&only=styles&skin=vector&*","//bits.wikimedia.org/en.wikipedia.org/load.php?debug=false&lang=en&modules=site&only=styles&skin=vector&*","//bits.wikimedia.org/en.wikipedia.org/load.php?debug=false&lang=en&modules=startup&only=scripts&skin=vector&*","//bits.wikimedia.org/geoiplookup","//meta.wikimedia.org","#mw-head","#p-search","/wiki/Pileipellis","/wiki/Latin","/wiki/Terminologia_Histologica","http://www.unifr.ch/ifaa/Public/EntryPage/ViewTH/THh200.html","/wiki/Animal","/wiki/Tissue_(biology)","/wiki/Connective_tissue","/wiki/Muscle_tissue","/wiki/Nervous_tissue","/wiki/Body_cavities","/wiki/Glands","/wiki/Transcellular_transport","#cite_note-1","/wiki/Avascular","/wiki/Basement_membrane","#cite_note-Eurell-2006-p18-2","#cite_note-p._3-3","#Structure","#Basement_membrane","#Cell_junctions","#Classification","#Simple_epithelium","#Functions","#Secretory_epithelia","#Sensing_the_extracellular_environment","#Embryological_development","#Growing_in_culture","#Location","#Additional_images","#See_also","#References","#Notes","#Bibliography","#Further_reading","/w/index.php?title=Epithelium&action=edit&section=1","/wiki/Tight_junctions","/wiki/Desmosomes","#cite_note-marieb-p103-104-4","/w/index.php?title=Epithelium&action=edit&section=2","/wiki/Basement_membrane","/wiki/Scaffolding","#cite_note-5","/wiki/Innervated","/wiki/Avascular","#cite_note-Eurell-2006-p18-2","#cite_note-p._3-3","/w/index.php?title=Epithelium&action=edit&section=3","/wiki/Cell_junctions","/wiki/Paracellular_transport","/wiki/Wikipedia:Citation_needed","/w/index.php?title=Epithelium&action=edit&section=4","/wiki/File:Illu_epithelium.jpg","//upload.wikimedia.org/wikipedia/commons/thumb/8/8f/Illu_epithelium.jpg/350px-Illu_epithelium.jpg","/wiki/File:Illu_epithelium.jpg","//bits.wikimedia.org/static-1.21wmf11/skins/common/images/magnify-clip.png","#cite_note-Eurell-2006-p18-2","#cite_note-marieb-p103-104-4","#cite_note-6","/wiki/Simple_epithelium","#cite_note-7","/wiki/Stratified_epithelium_(disambiguation)","#cite_note-vanLommel-2002-p97-8","#Simple_columnar_epithelium","/wiki/Pseudostratified_epithelium","#cite_note-9","/wiki/Squamous_epithelium","/wiki/Cuboidal_epithelium","/wiki/Columnar_epithelium","/wiki/Transitional_epithelium","#cite_note-10","/w/index.php?title=Epithelium&action=edit&section=5","/wiki/Basement_membrane","#cite_note-marieb-p103-104-4","#cite_note-marieb-p103-104-4","/w/index.php?title=Epithelium&action=edit&section=6","/wiki/Radiation","/wiki/Toxins","/wiki/Trauma_(medicine)","/wiki/Body_cavity","/wiki/Glandular_epithelium","#cite_note-11","http://www.ncbi.nlm.nih.gov/books/NBK26868/","/w/index.php?title=Epithelium&action=edit&section=7","/wiki/Glands","/wiki/Endocrine_glands","/wiki/Exocrine_glands","/wiki/Integument","/wiki/Ectoderm","/wiki/Cuticle","#cite_note-Kristensen.26Georges2003-12","/wiki/Chitin","/w/index.php?title=Epithelium&action=edit&section=8","/wiki/Cilium","/wiki/Lumen_(anatomy)","/wiki/Cilium","/wiki/Mechanosensation","/wiki/Secretion","/wiki/Motility","#cite_note-Adams2008-13","/w/index.php?title=Epithelium&action=edit&section=9","/wiki/Germ_layers","/wiki/Wikipedia:Citation_needed","/wiki/Ectoderm","/wiki/Epidermis_(skin)","/wiki/Endoderm","/wiki/Human_gastrointestinal_tract","/wiki/Mesoderm","/wiki/Body_cavities","/wiki/Pathologists","/wiki/Endothelium","/wiki/Mesothelium","/wiki/Sarcoma","/wiki/Carcinoma","/wiki/Wikipedia:Citation_needed","/w/index.php?title=Epithelium&action=edit&section=10","/wiki/Cytokeratin","#cite_note-14","/w/index.php?title=Epithelium&action=edit&section=11","/wiki/Skin","/wiki/Lumen_(anatomy)","/wiki/Skin","/wiki/Squamous_epithelium","/wiki/Epidermis_(skin)","/wiki/Wikipedia:Citation_needed","/wiki/Epidermis_(skin)","/wiki/Lung","/wiki/Human_gastrointestinal_tract","/wiki/Exocrine_gland","/wiki/Endocrine_system","/wiki/Cornea","/wiki/Endothelium","/wiki/Blood_vessel","/wiki/Heart","/wiki/Lymphatic_system","/wiki/Mesothelium","/wiki/Pericardium","/wiki/Pleural_cavity","/wiki/Peritoneum","/wiki/Wikipedia:Citation_needed","/wiki/Blood_vessel","/wiki/Endothelium","/wiki/Duct_(anatomy)","/wiki/Submandibular_gland","/wiki/Gingiva","/wiki/Tongue","/wiki/Hard_palate","/wiki/Oesophagus","/wiki/Stomach","/wiki/Small_intestine","/wiki/Intestinal_epithelium","/wiki/Large_intestine","/wiki/Intestinal_epithelium","/wiki/Rectum","/wiki/Anus","/wiki/Hilton%27s_white_line","/wiki/Hilton%27s_white_line","/wiki/Gallbladder","/wiki/Thyroid","/wiki/Ependyma","/wiki/Lymph_vessel","/wiki/Endothelium","/wiki/Human_skin","/wiki/Sweat_gland","/wiki/Mesothelium","/wiki/Body_cavities","/wiki/Mesothelium","/wiki/Ovaries","/wiki/Germinal_epithelium_(female)","/wiki/Fallopian_tubes","/wiki/Endometrium","/wiki/Uterus","/wiki/Cervix","/wiki/Endocervix","/wiki/Cervix","/wiki/Ectocervix","/wiki/Vagina","/wiki/Labia_majora","/wiki/Tubuli_recti","/wiki/Germinal_epithelium_(male)","/wiki/Rete_testis","/wiki/Ductuli_efferentes","/wiki/Epididymis","/wiki/Stereocilia","/wiki/Vas_deferens","/wiki/Ejaculatory_duct","/wiki/Bulbourethral_glands","/wiki/Seminal_vesicle","/wiki/Oropharynx","/wiki/Larynx","/wiki/Respiratory_epithelium","/wiki/Larynx","/wiki/True_vocal_cords","/wiki/Vertebrate_trachea","/wiki/Respiratory_epithelium","/wiki/Respiratory_bronchioles","/wiki/Cornea","/wiki/Corneal_epithelium","/wiki/Human_nose","/wiki/Olfactory_epithelium","/wiki/Kidney","/wiki/Proximal_convoluted_tubule","/wiki/Kidney","/wiki/Ascending_thin_limb","/wiki/Kidney","/wiki/Distal_convoluted_tubule","/wiki/Kidney","/wiki/Collecting_duct","/wiki/Renal_pelvis","/wiki/Urothelium","/wiki/Ureter","/wiki/Urothelium","/wiki/Urinary_bladder","/wiki/Urothelium","/wiki/Prostatic_urethra","/wiki/Urothelium","/wiki/Membranous_urethra","/wiki/Penile_urethra","/wiki/External_urethral_orifice_(disambiguation)","/w/index.php?title=Epithelium&action=edit&section=12","/wiki/File:Dogsquamos100x.jpg","//upload.wikimedia.org/wikipedia/commons/thumb/3/31/Dogsquamos100x.jpg/120px-Dogsquamos100x.jpg","/wiki/File:Cheekcells_stained.jpg","//upload.wikimedia.org/wikipedia/commons/thumb/3/36/Cheekcells_stained.jpg/120px-Cheekcells_stained.jpg","/w/index.php?title=Epithelium&action=edit&section=13","//upload.wikimedia.org/wikipedia/commons/thumb/f/f8/Wiktionary-logo-en.svg/37px-Wiktionary-logo-en.svg.png","//en.wiktionary.org/wiki/Special:Search/epithelium","/wiki/Blastula","/wiki/Gastrulation","/wiki/Skin_cancer","/w/index.php?title=Epithelium&action=edit&section=14","/w/index.php?title=Epithelium&action=edit&section=15","#cite_ref-1","http://en.wiktionary.org/wiki/epithelium","#cite_ref-Eurell-2006-p18_2-0","#cite_ref-Eurell-2006-p18_2-1","#cite_ref-Eurell-2006-p18_2-2","http://books.google.com/books?id=FnS4uiOlRT0C&pyg=PA18","/wiki/International_Standard_Book_Number","/wiki/Special:BookSources/978-0-7817-4148-4","http://books.google.com/books?id=FnS4uiOlRT0C&pyg=PA18","#cite_ref-p._3_3-0","#cite_ref-p._3_3-1","http://books.google.com/books?id=KqKNxeWlU6MC&pg=PA3","#cite_ref-marieb-p103-104_4-0","#cite_ref-marieb-p103-104_4-1","#cite_ref-marieb-p103-104_4-2","#cite_ref-marieb-p103-104_4-3","/wiki/International_Standard_Book_Number","/wiki/Special:BookSources/0-8053-4281-8","#cite_ref-5","http://books.google.com/books?id=chs_lilPFLwC&pg=PA55","/wiki/International_Standard_Book_Number","/wiki/Special:BookSources/978-0-7817-5317-3","http://books.google.com/books?id=chs_lilPFLwC&pg=PA55","#cite_ref-6","http://books.google.com/books?id=T9bb4T422j8C&pg=PA8","/wiki/International_Standard_Book_Number","/wiki/Special:BookSources/978-3-13-533306-9","http://books.google.com/books?id=T9bb4T422j8C&pg=PA8","#cite_ref-7","http://books.google.com/books?id=EvYjLNKLu9sC&pg=PA94","#cite_ref-vanLommel-2002-p97_8-0","http://books.google.com/books?id=EvYjLNKLu9sC&pg=PA97","#cite_ref-9","http://books.google.com/books?id=fGonan0UwhQC&pg=PA9","/wiki/International_Standard_Book_Number","/wiki/Special:BookSources/978-0-683-30644-6","http://books.google.com/books?id=fGonan0UwhQC&pg=PA9","#cite_ref-10","http://www.anatomyone.com/a/epithelial-cells/","http://www.anatomyone.com/a/epithelial-cells/","#cite_ref-11","http://books.google.com/books?id=EvYjLNKLu9sC&pg=PA91","#cite_ref-Kristensen.26Georges2003_12-0","http://books.google.com/books?id=5w8FgSGuH34C&pg=PA484","/wiki/International_Standard_Book_Number","/wiki/Special:BookSources/978-3-11-016210-3","http://books.google.com/books?id=5w8FgSGuH34C&pg=PA484","#cite_ref-Adams2008_13-0","http://jmg.bmj.com/cgi/content/full/45/5/257","/wiki/Ciliopathy","/wiki/Digital_object_identifier","http://dx.doi.org/10.1136%2Fjmg","/wiki/PubMed_Identifier","//www.ncbi.nlm.nih.gov/pubmed/18178628","http://jmg.bmj.com/cgi/content/full/45/5/257","#cite_ref-14","http://books.google.com/books?id=KqKNxeWlU6MC&pg=PA9","/w/index.php?title=Epithelium&action=edit&section=16","http://books.google.com/books?id=KqKNxeWlU6MC&pg=PA1","/wiki/International_Standard_Book_Number","/wiki/Special:BookSources/978-0-471-40121-6","http://books.google.com/books?id=KqKNxeWlU6MC&pg=PA1","http://books.google.com/books?id=EvYjLNKLu9sC","/wiki/International_Standard_Book_Number","/wiki/Special:BookSources/978-1-4020-7257-4","http://books.google.com/books?id=EvYjLNKLu9sC","/w/index.php?title=Epithelium&action=edit&section=17","/wiki/Digital_object_identifier","http://dx.doi.org/10.1002%2Fbies.20797","/wiki/PubMed_Identifier","//www.ncbi.nlm.nih.gov/pubmed/18693268","http://books.google.com/books?id=RM-FVY47NEgC","/wiki/International_Standard_Book_Number","/wiki/Special:BookSources/978-0-12-153356-4","http://books.google.com/books?id=RM-FVY47NEgC","/wiki/Digital_object_identifier","http://dx.doi.org/10.1002%2Fbies.20722","/wiki/PubMed_Identifier","//www.ncbi.nlm.nih.gov/pubmed/18293365","http://www.jbc.org/cgi/pmidlookup?view=long&pmid=17635904","/wiki/Digital_object_identifier","http://dx.doi.org/10.1074%2Fjbc.R700026200","/wiki/PubMed_Identifier","//www.ncbi.nlm.nih.gov/pubmed/17635904","http://www.jbc.org/cgi/pmidlookup?view=long&pmid=17635904","/wiki/Template:Biological_tissue","/w/index.php?title=Template_talk:Biological_tissue&action=edit&redlink=1","//en.wikipedia.org/w/index.php?title=Template:Biological_tissue&action=edit","/wiki/Tissue_(biology)","/wiki/Animal","/wiki/Connective_tissue","/wiki/Muscle","/wiki/Nervous_tissue","/wiki/Plant","/wiki/Epidermis_(botany)","/wiki/Vascular_tissue","/wiki/Ground_tissue","/wiki/Template:Epithelial_proteins","/wiki/Template_talk:Epithelial_proteins","//en.wikipedia.org/w/index.php?title=Template:Epithelial_proteins&action=edit","/wiki/Histology","/wiki/Terminologia_Histologica","/wiki/Cell_junction","/wiki/Cell_adhesion_molecule","/wiki/Adherens_junction","/wiki/Cadherin","/wiki/Desmosome","/wiki/Desmoglein","/wiki/Ion_channel","/wiki/Gap_junction","/wiki/Connexon","/wiki/Connexin","/wiki/Cytoskeleton","/wiki/Desmosome","/wiki/Desmoplakin","/wiki/Plakoglobin","/wiki/Tonofibril","/wiki/Membrane_protein","/wiki/Tight_junction","/wiki/Claudin","/wiki/Occludin","/wiki/MARVELD2","/wiki/Cell_junction","/wiki/Basal_lamina","/wiki/Hemidesmosome","/wiki/Tonofibril","/wiki/Focal_adhesion","/wiki/Costamere","/wiki/Cilium","/wiki/Kinocilium","/wiki/Microvillus","/wiki/Stereocilia","/wiki/STRC","/wiki/Template:Biochemistry_metanavs","/wiki/Template:Cellular_structures","/wiki/Template:Peroxisomal_proteins","/wiki/Template:Cytoskeletal_proteins","/wiki/Template:Centrosome","/wiki/Template:Epithelial_proteins","/wiki/Template:Ciliary_proteins","/wiki/Template:Mitochondrial_proteins","/wiki/Template:Nucleus","/wiki/Template:Chromosome_genetics","http://en.wikipedia.org/w/index.php?title=Epithelium&oldid=541856138","/wiki/Help:Categories","/wiki/Category:Epithelium","/wiki/Category:All_articles_with_unsourced_statements","/wiki/Category:Articles_with_unsourced_statements_from_January_2011","/w/index.php?title=Special:UserLogin&returnto=Epithelium&type=signup","/w/index.php?title=Special:UserLogin&returnto=Epithelium","/wiki/Epithelium","/wiki/Talk:Epithelium","#","/wiki/Epithelium","/w/index.php?title=Epithelium&action=edit","/w/index.php?title=Epithelium&action=history","#","/w/index.php","//bits.wikimedia.org/static-1.21wmf11/skins/vector/images/search-ltr.png?303-4","/wiki/Main_Page","/wiki/Main_Page","/wiki/Portal:Contents","/wiki/Portal:Featured_content","/wiki/Portal:Current_events","/wiki/Special:Random","//donate.wikimedia.org/wiki/Special:FundraiserRedirector?utm_source=donate&utm_medium=sidebar&utm_campaign=C13_en.wikipedia.org&uselang=en","/wiki/Help:Contents","/wiki/Wikipedia:About","/wiki/Wikipedia:Community_portal","/wiki/Special:RecentChanges","/wiki/Wikipedia:Contact_us","/wiki/Special:WhatLinksHere/Epithelium","/wiki/Special:RecentChangesLinked/Epithelium","/wiki/Wikipedia:File_Upload_Wizard","/wiki/Special:SpecialPages","/w/index.php?title=Epithelium&oldid=541856138","/w/index.php?title=Epithelium&action=info","/w/index.php?title=Special:Cite&page=Epithelium&id=541856138","/w/index.php?title=Special:Book&bookcmd=book_creator&referer=Epithelium","/w/index.php?title=Special:Book&bookcmd=render_article&arttitle=Epithelium&oldid=541856138&writer=rl","/w/index.php?title=Epithelium&printable=yes","//af.wikipedia.org/wiki/Epiteelweefsel","//ar.wikipedia.org/wiki/%D9%86%D8%B3%D9%8A%D8%AC_%D8%B8%D9%87%D8%A7%D8%B1%D9%8A","//be.wikipedia.org/wiki/%D0%AD%D0%BF%D1%96%D1%82%D1%8D%D0%BB%D1%96%D0%B9","//bg.wikipedia.org/wiki/%D0%95%D0%BF%D0%B8%D1%82%D0%B5%D0%BB%D0%BD%D0%B0_%D1%82%D1%8A%D0%BA%D0%B0%D0%BD","//ca.wikipedia.org/wiki/Teixit_epitelial","//cs.wikipedia.org/wiki/Epitelov%C3%A1_tk%C3%A1%C5%88","//da.wikipedia.org/wiki/Epitel","//de.wikipedia.org/wiki/Epithel","//el.wikipedia.org/wiki/%CE%95%CF%80%CE%B9%CE%B8%CE%B7%CE%BB%CE%B9%CE%B1%CE%BA%CF%8C%CF%82_%CE%B9%CF%83%CF%84%CF%8C%CF%82","//es.wikipedia.org/wiki/Epitelio","//eo.wikipedia.org/wiki/Epitelio","//eu.wikipedia.org/wiki/Epitelio","//fa.wikipedia.org/wiki/%D8%A8%D8%A7%D9%81%D8%AA_%D9%BE%D9%88%D8%B4%D8%B4%DB%8C","//fr.wikipedia.org/wiki/%C3%89pith%C3%A9lium","//gl.wikipedia.org/wiki/Epitelio","//ko.wikipedia.org/wiki/%EC%83%81%ED%94%BC%EC%84%B8%ED%8F%AC","//hi.wikipedia.org/wiki/%E0%A4%89%E0%A4%AA%E0%A4%95%E0%A4%B2%E0%A4%BE_%E0%A4%8A%E0%A4%A4%E0%A4%95","//hr.wikipedia.org/wiki/Epitelno_tkivo","//io.wikipedia.org/wiki/Epitelio","//id.wikipedia.org/wiki/Jaringan_epitel","//it.wikipedia.org/wiki/Tessuto_epiteliale","//he.wikipedia.org/wiki/%D7%90%D7%A4%D7%99%D7%AA%D7%9C","//jv.wikipedia.org/wiki/Jaringan_epitel","//ka.wikipedia.org/wiki/%E1%83%94%E1%83%9E%E1%83%98%E1%83%97%E1%83%94%E1%83%9A%E1%83%98%E1%83%A3%E1%83%9B%E1%83%98","//kk.wikipedia.org/wiki/%D0%AD%D0%BF%D0%B8%D1%82%D0%B5%D0%BB%D0%B8%D0%B9_%D2%B1%D0%BB%D0%BF%D0%B0%D1%81%D1%8B","//lv.wikipedia.org/wiki/Epit%C4%93lijaudi","//lt.wikipedia.org/wiki/Epitelinis_audinys","//ms.wikipedia.org/wiki/Epitelium","//nl.wikipedia.org/wiki/Epitheel","//ja.wikipedia.org/wiki/%E4%B8%8A%E7%9A%AE%E7%B4%B0%E8%83%9E","//no.wikipedia.org/wiki/Epitel","//nn.wikipedia.org/wiki/Epitel","//nds.wikipedia.org/wiki/Epithel","//pl.wikipedia.org/wiki/Tkanka_nab%C5%82onkowa","//pt.wikipedia.org/wiki/Epit%C3%A9lio","//ro.wikipedia.org/wiki/%C8%9Aesut_epitelial","//ru.wikipedia.org/wiki/%D0%AD%D0%BF%D0%B8%D1%82%D0%B5%D0%BB%D0%B8%D0%B9","//simple.wikipedia.org/wiki/Epithelium","//sk.wikipedia.org/wiki/Epitel","//sl.wikipedia.org/wiki/Krovno_tkivo","//sr.wikipedia.org/wiki/%D0%95%D0%BF%D0%B8%D1%82%D0%B5%D0%BB%D1%81%D0%BA%D0%BE_%D1%82%D0%BA%D0%B8%D0%B2%D0%BE","//sh.wikipedia.org/wiki/Epitelsko_tkivo","//su.wikipedia.org/wiki/Jaringan_Epitel","//fi.wikipedia.org/wiki/Epiteelikudos","//sv.wikipedia.org/wiki/Epitel","//ta.wikipedia.org/wiki/%E0%AE%AA%E0%AF%81%E0%AE%B1%E0%AE%B5%E0%AE%A3%E0%AE%BF%E0%AE%AF%E0%AE%BF%E0%AE%B4%E0%AF%88%E0%AE%AF%E0%AE%AE%E0%AF%8D","//te.wikipedia.org/wiki/%E0%B0%89%E0%B0%AA%E0%B0%95%E0%B0%B3%E0%B0%BE_%E0%B0%95%E0%B0%A3%E0%B0%9C%E0%B0%BE%E0%B0%B2%E0%B0%AE%E0%B1%81","//th.wikipedia.org/wiki/%E0%B9%80%E0%B8%99%E0%B8%B7%E0%B9%89%E0%B8%AD%E0%B9%80%E0%B8%A2%E0%B8%B7%E0%B9%88%E0%B8%AD%E0%B8%9A%E0%B8%B8%E0%B8%9C%E0%B8%B4%E0%B8%A7","//tg.wikipedia.org/wiki/%D0%91%D0%BE%D1%84%D1%82%D0%B0%D0%B8_%D1%8D%D0%BF%D0%B8%D1%82%D0%B5%D0%BB%D3%A3","//tr.wikipedia.org/wiki/Epitel","//uk.wikipedia.org/wiki/%D0%95%D0%BF%D1%96%D1%82%D0%B5%D0%BB%D1%96%D0%B9","//ur.wikipedia.org/wiki/%D8%B8%DB%81%D8%A7%D8%B1%DB%81","//vi.wikipedia.org/wiki/Bi%E1%BB%83u_m%C3%B4","//zh.wikipedia.org/wiki/%E4%B8%8A%E7%9A%AE%E7%B5%84%E7%B9%94","//www.wikidata.org/wiki/Special:ItemByTitle/enwiki/Epithelium","//en.wikipedia.org/wiki/Wikipedia:Text_of_Creative_Commons_Attribution-ShareAlike_3.0_Unported_License","//creativecommons.org/licenses/by-sa/3.0/","//wikimediafoundation.org/wiki/Terms_of_Use","//www.wikimediafoundation.org/","//en.wikipedia.org/wiki/Wikipedia:Contact_us","//wikimediafoundation.org/wiki/Privacy_policy","/wiki/Wikipedia:About","/wiki/Wikipedia:General_disclaimer","http://en.m.wikipedia.org/wiki/Epithelium","//wikimediafoundation.org/","//bits.wikimedia.org/images/wikimedia-button.png","//www.mediawiki.org/","//bits.wikimedia.org/static-1.21wmf11/skins/common/images/poweredby_mediawiki_88x31.png","//bits.wikimedia.org/en.wikipedia.org/load.php?debug=false&lang=en&modules=skins.vector&only=scripts&skin=vector&*","/w/index.php?title=MediaWiki:Gadget-ReferenceTooltips.js&action=raw&ctype=text/javascript&508635914","//bits.wikimedia.org/en.wikipedia.org/load.php?debug=false&lang=en&modules=site&only=scripts&skin=vector&*"],"instances":["medicine","disambiguation","biology","skin","anatomy"],"pdf":[],"categories":["Epithelium"],"headings":["Structure","Classification","Functions","Embryological development","Growing in culture","Location","Additional images","See also","References","Further reading"],"image":["//upload.wikimedia.org/wikipedia/commons/thumb/8/8f/Illu_epithelium.jpg/350px-Illu_epithelium.jpg","//bits.wikimedia.org/static-1.21wmf11/skins/common/images/magnify-clip.png","//upload.wikimedia.org/wikipedia/commons/thumb/3/31/Dogsquamos100x.jpg/120px-Dogsquamos100x.jpg","//upload.wikimedia.org/wikipedia/commons/thumb/3/36/Cheekcells_stained.jpg/120px-Cheekcells_stained.jpg","//upload.wikimedia.org/wikipedia/commons/thumb/f/f8/Wiktionary-logo-en.svg/37px-Wiktionary-logo-en.svg.png","//bits.wikimedia.org/static-1.21wmf11/skins/vector/images/search-ltr.png?303-4","//bits.wikimedia.org/images/wikimedia-button.png","//bits.wikimedia.org/static-1.21wmf11/skins/common/images/poweredby_mediawiki_88x31.png"],"tags":[["tissue","biology"],["stratified_epithelium","disambiguation"],["trauma","medicine"],["lumen","anatomy"],["epidermis","skin"],["lumen","anatomy"],["epidermis","skin"],["epidermis","skin"]],"members":["trauma","stratified_epithelium","tissue","epidermis","lumen"],"related":["Animal","Tissue_(biology)","Connective_tissue","Muscle_tissue","Nervous_tissue","Body_cavities","Glands","Transcellular_transport","Avascular","Basement_membrane","Tight_junctions","Desmosomes","Basement_membrane","Scaffolding","Innervated","Avascular","Cell_junctions","Paracellular_transport","Simple_epithelium","Stratified_epithelium_(disambiguation)","Pseudostratified_epithelium","Squamous_epithelium","Cuboidal_epithelium","Columnar_epithelium","Transitional_epithelium","Basement_membrane","Radiation","Toxins","Trauma_(medicine)","Body_cavity","Glandular_epithelium","Glands","Endocrine_glands","Exocrine_glands","Integument","Epithelium","Ectoderm","Cuticle","Chitin","Cilium","Lumen_(anatomy)","Cilium","Mechanosensation","Secretion","Motility","Germ_layers","Ectoderm","Epidermis_(skin)","Endoderm","Human_gastrointestinal_tract","Mesoderm","Body_cavities","Pathologists","Endothelium","Mesothelium","Sarcoma","Carcinoma","Cytokeratin","Skin","Lumen_(anatomy)","Skin","Squamous_epithelium","Epidermis_(skin)","Epidermis_(skin)","Lung","Human_gastrointestinal_tract","Exocrine_gland","Endocrine_system","Cornea","Endothelium","Blood_vessel","Heart","Lymphatic_system","Mesothelium","Pericardium","Pleural_cavity","Peritoneum","Blastula","Gastrulation","Skin_cancer"]}