{"cursor":"20","size":15,"audio":[],"currentlang":"en","article":"#REDIRECTmutagen\n","linknr":630,"url":"Mutagens","recorded":1362664888,"links":68,"instances":[],"pdf":["http://www.esp.org/foundations/genetics/classical/holdings/m/hjm-1927a.pdf","http://www.esp.org/foundations/genetics/classical/holdings/m/hjm-1927a.pdf","http://www.pnas.org/cgi/reprint/22/10/579.pdf","http://www.pnas.org/cgi/reprint/22/10/579.pdf","http://potency.lbl.gov/pdfs/MutatRes88.pdf","http://potency.lbl.gov/pdfs/MutatRes88.pdf","http://mutage.oxfordjournals.org/content/26/3/455.full.pdf","http://mutage.oxfordjournals.org/content/26/3/455.full.pdf","http://ntp.niehs.nih.gov/ntp/htdocs/lt_rpts/tr389.pdf","http://www.glutathioneexperts.com/pdfs/glutathione-heavy-metal-1.pdf","http://www.glutathioneexperts.com/pdfs/glutathione-heavy-metal-1.pdf","http://ec.europa.eu/food/fs/sc/scf/out154_en.pdf","http://ec.europa.eu/food/fs/sc/scf/out154_en.pdf"],"categories":[],"headings":[],"image":["//upload.wikimedia.org/wikipedia/commons/thumb/d/d8/Benzopyrene_DNA_adduct_1JDG.png/200px-Benzopyrene_DNA_adduct_1JDG.png","//bits.wikimedia.org/static-1.21wmf10/skins/common/images/magnify-clip.png","//upload.wikimedia.org/wikipedia/commons/thumb/9/91/Fruits_veggies.png/220px-Fruits_veggies.png","//bits.wikimedia.org/static-1.21wmf10/skins/common/images/magnify-clip.png","//bits.wikimedia.org/static-1.21wmf10/skins/vector/images/search-ltr.png?303-4","//bits.wikimedia.org/images/wikimedia-button.png","//bits.wikimedia.org/static-1.21wmf10/skins/common/images/poweredby_mediawiki_88x31.png"],"tags":[],"members":[],"related":["Mutagen"]}