{"cursor":"1780","size":15,"audio":[],"currentlang":"en","article":"'Robert Parker' may refer to:\n\n*Robert Parker (minister) (1564â1614), English Puritan scholar and divine *Sir\nRobert Parker, 1st Baronet (c. 1655â1691), English politician; Member of\nParliament for Hastings, 1679â1685 *Robert Parker (judge) (1796â1865), lawyer,\njudge and politician in New Brunswick *Robert Parker (musician) (1847â1937), New\nZealand organist, choirmaster and conductor *Robert Parker, Baron Parker of\nWaddington (1857â1918), British law lord *Robert Parker (dancer) English\nprincipal dancer at Birmingham Royal Ballet *Robert Parker (historian) (born\n1950), Wykeham Professor of Ancient History at Oxford University *Robert Parker\n(singer) (born 1930), American R&B singer *Robert Parker (sound engineer)\n(1936â2004), Australian sound engineer and broadcaster *Robert A. Parker (born\n1936), astronaut *Robert B. Parker (1932â2010), author of the Spenser detective\nnovels *Col. Robert Parker, ring name of wrestler Robert Fuller *Robert Hunt\nParker (1892â1969), American jurist *Robert Ladislav Parker, American\ngeophysicist and mathematician *Robert LeRoy Parker (1866â1908?), birth name of\nButch Cassidy *Robert M. Parker, Jr. (born 1947), American wine critic *Robert\nManley Parker (born 1937), American judge *Robert Townley Parker, British Member\nof Parliament for Preston *Robert W. Parker (born 1960), American composer\n*Robert W. Parker (general), U.S. Air Force general *Robert Parker (water polo)\n(born 1987), British water polo player *Robert D. Parker, American businessman\n","linknr":104,"url":"Robert_Parker_(disambiguation)","recorded":1363545355,"links":["/w/index.php?title=Robert_Parker&action=edit","/w/index.php?title=Robert_Parker&action=edit","//en.wikipedia.org/apple-touch-icon.png","//bits.wikimedia.org/favicon/wikipedia.ico","/w/opensearch_desc.php","//en.wikipedia.org/w/api.php?action=rsd","//creativecommons.org/licenses/by-sa/3.0/","/w/index.php?title=Special:RecentChanges&feed=atom","/wiki/Robert_Parker","//bits.wikimedia.org/en.wikipedia.org/load.php?debug=false&lang=en&modules=ext.gadget.DRN-wizard%2CReferenceTooltips%2Ccharinsert%2Cteahouse%7Cext.wikihiero%7Cmediawiki.legacy.commonPrint%2Cshared%7Cmw.PopUpMediaTransform%7Cskins.vector&only=styles&skin=vector&*","//bits.wikimedia.org/en.wikipedia.org/load.php?debug=false&lang=en&modules=site&only=styles&skin=vector&*","//bits.wikimedia.org/en.wikipedia.org/load.php?debug=false&lang=en&modules=startup&only=scripts&skin=vector&*","//bits.wikimedia.org/geoiplookup","//meta.wikimedia.org","/w/index.php?title=Robert_Parker_(disambiguation)&redirect=no","#mw-head","#p-search","/wiki/Robert_Parker_(minister)","/wiki/Sir_Robert_Parker,_1st_Baronet","/wiki/Robert_Parker_(judge)","/wiki/Robert_Parker_(musician)","/wiki/Robert_Parker,_Baron_Parker_of_Waddington","/wiki/Robert_Parker_(dancer)","/wiki/Robert_Parker_(historian)","/wiki/Robert_Parker_(singer)","/wiki/Robert_Parker_(sound_engineer)","/wiki/Robert_A._Parker","/wiki/Robert_B._Parker","/wiki/Robert_Fuller","/wiki/Robert_Hunt_Parker","/wiki/Robert_Ladislav_Parker","/wiki/Butch_Cassidy","/wiki/Robert_M._Parker,_Jr.","/wiki/Robert_Manley_Parker","/w/index.php?title=Robert_Townley_Parker&action=edit&redlink=1","/wiki/Preston_(UK_Parliament_constituency)","/wiki/Robert_W._Parker","/wiki/Robert_W._Parker_(general)","/wiki/Robert_Parker_(water_polo)","/wiki/Robert_D._Parker","/w/index.php?title=Robert_Parker&action=edit&section=1","/wiki/Rob_Parker_(disambiguation)","/wiki/Bobby_Parker_(disambiguation)","/wiki/Bob_Parker_(disambiguation)","/wiki/File:Disambig_gray.svg","//upload.wikimedia.org/wikipedia/en/thumb/5/5f/Disambig_gray.svg/30px-Disambig_gray.svg.png","/wiki/Help:Disambiguation","//en.wikipedia.org/w/index.php?title=Special:Whatlinkshere/Robert_Parker&namespace=0","http://en.wikipedia.org/w/index.php?title=Robert_Parker&oldid=543531215","/wiki/Help:Categories","/wiki/Category:Human_name_disambiguation_pages","/wiki/Category:All_article_disambiguation_pages","/wiki/Category:All_disambiguation_pages","/w/index.php?title=Special:UserLogin&returnto=Robert+Parker&type=signup","/w/index.php?title=Special:UserLogin&returnto=Robert+Parker","/wiki/Robert_Parker","/wiki/Talk:Robert_Parker","#","/wiki/Robert_Parker","/w/index.php?title=Robert_Parker&action=edit","/w/index.php?title=Robert_Parker&action=history","#","/w/index.php","//bits.wikimedia.org/static-1.21wmf11/skins/vector/images/search-ltr.png?303-4","/wiki/Main_Page","/wiki/Main_Page","/wiki/Portal:Contents","/wiki/Portal:Featured_content","/wiki/Portal:Current_events","/wiki/Special:Random","//donate.wikimedia.org/wiki/Special:FundraiserRedirector?utm_source=donate&utm_medium=sidebar&utm_campaign=C13_en.wikipedia.org&uselang=en","/wiki/Help:Contents","/wiki/Wikipedia:About","/wiki/Wikipedia:Community_portal","/wiki/Special:RecentChanges","/wiki/Wikipedia:Contact_us","/wiki/Special:WhatLinksHere/Robert_Parker","/wiki/Special:RecentChangesLinked/Robert_Parker","/wiki/Wikipedia:File_Upload_Wizard","/wiki/Special:SpecialPages","/w/index.php?title=Robert_Parker&oldid=543531215","/w/index.php?title=Robert_Parker&action=info","/w/index.php?title=Special:Cite&page=Robert_Parker&id=543531215","/w/index.php?title=Special:Book&bookcmd=book_creator&referer=Robert+Parker","/w/index.php?title=Special:Book&bookcmd=render_article&arttitle=Robert+Parker&oldid=543531215&writer=rl","/w/index.php?title=Robert_Parker&printable=yes","//de.wikipedia.org/wiki/Robert_Parker_(Begriffskl%C3%A4rung)","//fr.wikipedia.org/wiki/Robert_Parker","//www.wikidata.org/wiki/Special:ItemByTitle/enwiki/Robert Parker","//en.wikipedia.org/wiki/Wikipedia:Text_of_Creative_Commons_Attribution-ShareAlike_3.0_Unported_License","//creativecommons.org/licenses/by-sa/3.0/","//wikimediafoundation.org/wiki/Terms_of_Use","//www.wikimediafoundation.org/","//en.wikipedia.org/wiki/Wikipedia:Contact_us","//wikimediafoundation.org/wiki/Privacy_policy","/wiki/Wikipedia:About","/wiki/Wikipedia:General_disclaimer","http://en.m.wikipedia.org/wiki/Robert_Parker","//wikimediafoundation.org/","//bits.wikimedia.org/images/wikimedia-button.png","//www.mediawiki.org/","//bits.wikimedia.org/static-1.21wmf11/skins/common/images/poweredby_mediawiki_88x31.png","//bits.wikimedia.org/en.wikipedia.org/load.php?debug=false&lang=en&modules=skins.vector&only=scripts&skin=vector&*","/w/index.php?title=MediaWiki:Gadget-ReferenceTooltips.js&action=raw&ctype=text/javascript&508635914","//bits.wikimedia.org/en.wikipedia.org/load.php?debug=false&lang=en&modules=site&only=scripts&skin=vector&*"],"instances":["water_polo","uk_parliament_constituency","disambiguation","disambiguation","disambiguation","general"],"pdf":[],"categories":[],"headings":["See also"],"image":["//upload.wikimedia.org/wikipedia/en/thumb/5/5f/Disambig_gray.svg/30px-Disambig_gray.svg.png","//bits.wikimedia.org/static-1.21wmf11/skins/vector/images/search-ltr.png?303-4","//bits.wikimedia.org/images/wikimedia-button.png","//bits.wikimedia.org/static-1.21wmf11/skins/common/images/poweredby_mediawiki_88x31.png"],"tags":[["robert_parker","minister"],["robert_parker","judge"],["robert_parker","musician"],["robert_parker","dancer"],["robert_parker","historian"],["robert_parker","singer"],["robert_parker","sound_engineer"],["preston","uk_parliament_constituency"],["robert_w._parker","general"],["robert_parker","water_polo"],["rob_parker","disambiguation"],["bobby_parker","disambiguation"],["bob_parker","disambiguation"]],"members":["robert_parker","preston","bob_parker","bobby_parker","rob_parker"],"related":["Robert_Parker_(minister)","Sir_Robert_Parker,_1st_Baronet","Robert_Parker_(judge)","Robert_Parker_(musician)","Robert_Parker,_Baron_Parker_of_Waddington","Robert_Parker_(dancer)","Robert_Parker_(historian)","Robert_Parker_(singer)","Robert_Parker_(sound_engineer)","Robert_A._Parker","Robert_B._Parker","Robert_Fuller","Robert_Hunt_Parker","Robert_Ladislav_Parker","Butch_Cassidy","Robert_M._Parker,_Jr.","Robert_Manley_Parker","Robert_Townley_Parker","Preston_(UK_Parliament_constituency)","Robert_W._Parker","Robert_W._Parker_(general)","Robert_Parker_(water_polo)","Robert_D._Parker","Rob_Parker_(disambiguation)","Bobby_Parker_(disambiguation)","Bob_Parker_(disambiguation)"]}