{"cursor":"13027","size":15,"audio":[],"currentlang":"en","article":"{| class=\"wikitable\" style=\"margin: 0 0 0 0.5em; float: right;\"\n! Values of R Units (V P T â1\n! n â1 )\n|- [http://physics.nist.gov/cgi-bin/cuu/Value?r 2010 CODATA\n|recommended value of R] J K â1 mol â1 -\n|\n|  eV K â1 mol â1 -\n|\n| L atm K â1 mol â1 -\n|\n| cal K â1 mol â1 -\n|\n| kcal K â1 mol â1 -\n|\n| erg K â1 mol â1 -\n|\n| L kPa K â1 mol â1 -\n|\n| cm 3 kPa K â1 mol â1 -\n|\n| m 3 Pa K â1 mol â1 -\n|\n| cm 3 MPa K â1 mol â1 -\n|\n| m 3 bar K â1 mol â1 -\n|\n| m 3 atm K â1 mol â1 -\n|\n| cm 3 atm K â1 mol â1 -\n|\n|  m 3 kgf/cm 2 K â1 mol â1 -\n|\n| L bar K â1 mol â1 -\n|\n| L mmHg K â1   mol â1 -\n|\n| L Torr K â1   mol â1 -\n|\n| ft lbf K â1 g-mol â1 -\n|\n| ft lbf R â1 lb-mol â1 -\n|\n| ft 3 psi R â1 lb-mol â1 -\n|\n| ft 3 atm R â1 lb-mol â1 -\n|\n| ft 3 atm K â1 lb-mol â1 -\n|\n| ft 3  mmHg K â1 lb-mol â1 -\n|\n| Btu lb-mol â1 R â1 - }\nThe 'gas constant' (also known as the 'molar', 'universal', or 'ideal gas\nconstant', denoted by the symbol R or R ) is a physical constant which is featured in many\nfundamental equations in the physical sciences, such as the ideal gas law and\nthe Nernst equation. It is equivalent to the Boltzmann constant, but expressed\nin units of energy (i.e. the pressure-volume product) per temperature increment\nper [[mole (unit)|mole]] (rather than energy per temperature increment per\nparticle). The constant is also a combination of the constants from Boyle's Law,\nCharles's Law, Avogadro's Law, and Gay-Lussac's Law.\n\nPhysically, the gas constant is the constant of proportionality that happens to\nrelate the energy scale in physics to the temperature scale, when a mole of\nparticles at the stated temperature is being considered. Thus, the value of the\ngas constant ultimately derives from historical decisions and accidents in the\nsetting of the energy and temperature scales, plus similar historical setting of\nthe value of the molar scale used for the counting of particles. The last factor\nis not a consideration in the value of the Boltzmann constant, which does a\nsimilar job of equating linear energy and temperature scales.\n\nThe gas constant value is\n: R=8.314\\,4621(75)~\\frac{\\mathrm{J}}{\\mathrm{mol~K}}\nThe two digits in parentheses are the uncertainty (standard deviation) in the\nlast two digits of the value. The relative uncertainty is 9.1. Some have\nsuggested that it might be appropriate to name the symbol R the 'Regnault\nconstant' in honor of the French chemist Henri Victor Regnault, whose accurate\nexperimental data was used to calculate the early value of the constant;\nhowever, the exact reason for the original representation of the constant by the\nletter R is elusive. {{cite journal |url=\nhttp://pubs.acs.org/doi/abs/10.1021/ed080p731 |title=The Universal Gas Constant\nR |last=Jensen |first=William B. |journal= J. Chem. Educ. |volume= 80 |issue= 7\n|month=July |year=2003 |pages=731 |doi=10.1021/ed080p731|bibcode =\n2003JChEd..80..731J }} {{cite web |url= http://-\nwww.che.uc.edu/jensen/W.%20B.%20Jensen/Reprints/100.%20Gas%20Constant.pdf\n|title=Ask the Historian: The Universal Gas Constant - Why is it represented by\nthe letter R?}}\n\nThe gas constant occurs in the ideal gas law, as follows:\n: PV = nRT = m R_{\\rm specific} T \\,\\!\nwhere P is the absolute pressure (SI unit pascals), V is the volume of gas (SI\nunit cubic metres), n is the chemical amount of gas (SI unit moles), and T is\nthe thermodynamic temperature (SI unit kelvins). The gas constant is expressed\nin the same physical units as molar entropy and molar heat capacity.\n","linknr":260,"url":"Gas_constant","recorded":1362504987,"links":52,"instances":["unit","unit","mass","mass","unit","unit","unit"],"pdf":["http://www.che.uc.edu/jensen/W.%20B.%20Jensen/Reprints/100.%20Gas%20Constant.pdf","http://www.che.uc.edu/jensen/W.%20B.%20Jensen/Reprints/100.%20Gas%20Constant.pdf","http://ntrs.nasa.gov/archive/nasa/casi.ntrs.nasa.gov/19770009539_1977009539.pdf"],"categories":["Ideal gas","Physical constants","Amount of substance"],"headings":["Dimensions of ''R''","Relationship with the Boltzmann constant","Measurement","Specific gas constant","U.S. Standard Atmosphere","Individual gas constants","References","External links"],"image":["//upload.wikimedia.org/math/6/8/b/68b8e15fb83cb60381ac60892bdc4dfd.png","//upload.wikimedia.org/math/3/f/4/3f44fc8e29c37b314b1e55be7cbb1479.png","//upload.wikimedia.org/math/f/9/6/f96f157e8849f1f4e4901c474a34a9dc.png","//upload.wikimedia.org/math/8/2/1/821fb119b4aa4a19384a934da2221156.png","//upload.wikimedia.org/math/0/c/9/0c93da6649fa3c05dbb5e7b074aa48b9.png","//upload.wikimedia.org/math/6/4/7/647ecf12e77d99cf721b50fab1e5c6ec.png","//upload.wikimedia.org/math/f/6/4/f649f75f588820f6a4346ff9e6f2d8cb.png","//upload.wikimedia.org/math/f/8/5/f850793873b4661f5f9d57b77b2a0ae1.png","//upload.wikimedia.org/math/7/8/2/7824fad6b7e634bf61e0b0d3ec181875.png","//bits.wikimedia.org/static-1.21wmf9/skins/vector/images/search-ltr.png?303-4","//bits.wikimedia.org/images/wikimedia-button.png","//bits.wikimedia.org/static-1.21wmf9/skins/common/images/poweredby_mediawiki_88x31.png"],"tags":[["mole","unit"],["mole","unit"],["atmosphere","unit"],["pascal","unit"],["pascal","unit"],["pascal","unit"],["bar","unit"],["atm","unit"],["atm","unit"],["mole","unit"],["mole","unit"],["pound","mass"],["slug","mass"],["pascal","unit"]],"members":["bar","atm","slug","pound","atmosphere","mole","pascal"],"related":["Ideal_gas_law","Joule","Kelvin","Mole_(unit)","Electron_Volt","Kelvin","Mole_(unit)","Liter","Atmosphere_(unit)","Calorie","Kilocalorie","Erg","Pascal_(unit)","Cubic_centimeter","Pascal_(unit)","Cubic_metre","Pascal_(unit)","Cubic_centimeter","Megapascal","Bar_(unit)","Atm_(unit)","Atm_(unit)","Kilogram-force_per_square_centimetre","MmHg","Torr","Foot-pound_force","Mole_(unit)","Rankine_scale","Pound_mole","Cubic_foot","Pound_per_square_inch","British_thermal_unit","Physical_constant","Ideal_gas_law","Nernst_equation","Boltzmann_constant","Energy","Temperature","Boyle's_Law","Charles's_Law","Avogadro's_Law","Gay-Lussac's_Law","Constant_of_proportionality","Mole_(unit)","Boltzmann_constant","Bracket","Measurement_uncertainty","Standard_deviation","French_people","Chemist","Henri_Victor_Regnault","Ideal_gas_law","Pressure","Amount_of_substance","Thermodynamic_temperature","Entropy","Heat_capacity","Avogadro's_number","Boltzmann_constant","Avogadro_constant","Speed_of_sound","Argon","Kelvin","Pressure","Extrapolation","Heat_capacity_ratio","Pound-force","Pound_(mass)","Pound-force","Slug_(mass)","Molar_mass","U.S._Standard_Atmosphere","International_Organization_for_Standardization","Pascal_(unit)","Molar_mass"]}