{"cursor":"376","size":15,"audio":[],"currentlang":"en","article":"'Hiltunen' is a Finnish surname. Notable people with the surname include:\n\n* Eila Hiltunen (1922â2003), Finnish sculptor\n* Jukka Hiltunen (born 1955), Finnish actor\n* Onni Hiltunen (1895â1971), Finnish politician\n* Petri Hiltunen (born 1967), Finnish cartoonist and illustrator\n","linknr":78,"url":"hiltunen","recorded":1364059298,"links":["/w/index.php?title=Hiltunen&action=edit","/w/index.php?title=Hiltunen&action=edit","//en.wikipedia.org/apple-touch-icon.png","//bits.wikimedia.org/favicon/wikipedia.ico","/w/opensearch_desc.php","//en.wikipedia.org/w/api.php?action=rsd","//creativecommons.org/licenses/by-sa/3.0/","/w/index.php?title=Special:RecentChanges&feed=atom","//bits.wikimedia.org/en.wikipedia.org/load.php?debug=false&lang=en&modules=ext.gadget.DRN-wizard%2CReferenceTooltips%2Ccharinsert%2Cteahouse%7Cext.wikihiero%7Cmediawiki.legacy.commonPrint%2Cshared%7Cmw.PopUpMediaTransform%7Cskins.vector&only=styles&skin=vector&*","//bits.wikimedia.org/en.wikipedia.org/load.php?debug=false&lang=en&modules=site&only=styles&skin=vector&*","//bits.wikimedia.org/en.wikipedia.org/load.php?debug=false&lang=en&modules=startup&only=scripts&skin=vector&*","//bits.wikimedia.org/geoiplookup","//meta.wikimedia.org","#mw-head","#p-search","/wiki/Eila_Hiltunen","/wiki/Jukka_Hiltunen","/wiki/Onni_Hiltunen","/wiki/Petri_Hiltunen","//upload.wikimedia.org/wikipedia/commons/thumb/9/99/WPanthroponymy.svg/30px-WPanthroponymy.svg.png","/wiki/Surname","//en.wikipedia.org/w/index.php?title=Special:WhatLinksHere/Hiltunen&namespace=0","/wiki/Wikipedia:Linking","/wiki/Given_name","http://en.wikipedia.org/w/index.php?title=Hiltunen&oldid=544594581","/wiki/Help:Categories","/wiki/Category:Surnames","/wiki/Category:Finnish-language_surnames","/wiki/Category:All_set_index_articles","/w/index.php?title=Special:UserLogin&returnto=Hiltunen&type=signup","/w/index.php?title=Special:UserLogin&returnto=Hiltunen","/wiki/Hiltunen","/w/index.php?title=Talk:Hiltunen&action=edit&redlink=1","#","/wiki/Hiltunen","/w/index.php?title=Hiltunen&action=edit","/w/index.php?title=Hiltunen&action=history","#","/w/index.php","//bits.wikimedia.org/static-1.21wmf11/skins/vector/images/search-ltr.png?303-4","/wiki/Main_Page","/wiki/Main_Page","/wiki/Portal:Contents","/wiki/Portal:Featured_content","/wiki/Portal:Current_events","/wiki/Special:Random","//donate.wikimedia.org/wiki/Special:FundraiserRedirector?utm_source=donate&utm_medium=sidebar&utm_campaign=C13_en.wikipedia.org&uselang=en","/wiki/Help:Contents","/wiki/Wikipedia:About","/wiki/Wikipedia:Community_portal","/wiki/Special:RecentChanges","/wiki/Wikipedia:Contact_us","/wiki/Special:WhatLinksHere/Hiltunen","/wiki/Special:RecentChangesLinked/Hiltunen","/wiki/Wikipedia:File_Upload_Wizard","/wiki/Special:SpecialPages","/w/index.php?title=Hiltunen&oldid=544594581","/w/index.php?title=Hiltunen&action=info","/w/index.php?title=Special:Cite&page=Hiltunen&id=544594581","/w/index.php?title=Special:Book&bookcmd=book_creator&referer=Hiltunen","/w/index.php?title=Special:Book&bookcmd=render_article&arttitle=Hiltunen&oldid=544594581&writer=rl","/w/index.php?title=Hiltunen&printable=yes","//fi.wikipedia.org/wiki/Hiltunen","//en.wikipedia.org/wiki/Wikipedia:Text_of_Creative_Commons_Attribution-ShareAlike_3.0_Unported_License","//creativecommons.org/licenses/by-sa/3.0/","//wikimediafoundation.org/wiki/Terms_of_Use","//www.wikimediafoundation.org/","//en.wikipedia.org/wiki/Wikipedia:Contact_us","//wikimediafoundation.org/wiki/Privacy_policy","/wiki/Wikipedia:About","/wiki/Wikipedia:General_disclaimer","http://en.m.wikipedia.org/wiki/Hiltunen","//wikimediafoundation.org/","//bits.wikimedia.org/images/wikimedia-button.png","//www.mediawiki.org/","//bits.wikimedia.org/static-1.21wmf11/skins/common/images/poweredby_mediawiki_88x31.png","//bits.wikimedia.org/en.wikipedia.org/load.php?debug=false&lang=en&modules=skins.vector&only=scripts&skin=vector&*","/w/index.php?title=MediaWiki:Gadget-ReferenceTooltips.js&action=raw&ctype=text/javascript&508635914","//bits.wikimedia.org/en.wikipedia.org/load.php?debug=false&lang=en&modules=site&only=scripts&skin=vector&*"],"instances":[],"pdf":[],"categories":["Finnish-language surnames"],"headings":[],"image":["//upload.wikimedia.org/wikipedia/commons/thumb/9/99/WPanthroponymy.svg/30px-WPanthroponymy.svg.png","//bits.wikimedia.org/static-1.21wmf11/skins/vector/images/search-ltr.png?303-4","//bits.wikimedia.org/images/wikimedia-button.png","//bits.wikimedia.org/static-1.21wmf11/skins/common/images/poweredby_mediawiki_88x31.png"],"tags":[],"members":[],"related":["Eila_Hiltunen","Jukka_Hiltunen","Onni_Hiltunen","Petri_Hiltunen"]}