{"cursor":"66417","size":15,"audio":[],"currentlang":"en","article":"\n\nAn 'atomic orbital' is a mathematical function that describes the wave-like\nbehavior of either one electron or a pair of electrons in an atom.\nThis function can be used to calculate the probability of finding any electron\nof an atom in any specific region around the atom's nucleus. The term may also\nrefer to the physical region where the electron can be calculated to be, as\ndefined by the particular mathematical form of the orbital.\n\nEach orbital in an atom is characterized by a unique set of values of the three\nquantum numbers , , and , which correspond to the electron's energy, angular\nmomentum, and an angular momentum vector component, respectively. Any orbital\ncan be occupied by a maximum of two electrons, each with its own spin quantum\nnumber. The simple names 's orbital', 'p orbital', 'd orbital' and 'f orbital'\nrefer to orbitals with angular momentum quantum number and respectively. These\nnames, together with the value of , are used to describe the electron\nconfigurations. They are derived from the characteristics of their spectroscopic\nlines: 's'harp, 'p'rincipal, 'd'iffuse, and 'f'undamental, the rest being named\nin alphabetical order (omitting j). {{Cite book\n| first=David | last=Griffiths | year=1995 title=Introduction to Quantum\n| Mechanics | pages=190â191 publisher=Prentice Hall isbn=0-13-124405-\n| 1}} {{Cite book first=Ira| last=Levine | year=2000 title=Quantum\n| Chemistry | edition=5 | pages=144â145 publisher=Prentice Hall isbn=0-13-685512-\n| 1}}\n\nAtomic orbitals are the basic building blocks of the 'atomic orbital model'\n(alternatively known as the electron cloud or wave mechanics model), a modern\nframework for visualizing the submicroscopic behavior of electrons in matter. In\nthis model the electron cloud of a multi-electron atom may be seen as being\nbuilt up (in approximation) in an electron configuration that is a product of\nsimpler hydrogen-like atomic orbitals. The repeating periodicity of the blocks\nof 2, 6, 10, and 14 elements within sections of the periodic table arises\nnaturally from the total number of electrons which occupy a complete set of 's',\n'p', 'd' and 'f' atomic orbitals, respectively.\n","linknr":751,"url":"D-orbital","recorded":1362512820,"links":119,"instances":["element","physics","wave_propagation","mathematics","chemistry","quantum_mechanics"],"pdf":["http://media.wiley.com/product_data/excerpt/81/04716802/0471680281.pdf","http://media.wiley.com/product_data/excerpt/81/04716802/0471680281.pdf"],"categories":["Atomic physics","Chemical bonding","Electron states","Quantum chemistry"],"headings":["Electron properties","History","Orbital names","Hydrogen-like orbitals","Quantum numbers","Shapes of orbitals","Orbital energy","Electron placement and the periodic table","Transitions between orbitals","See also","References","Further reading","External links"],"image":["//upload.wikimedia.org/wikipedia/commons/2/2d/Neon_orbitals.JPG","//bits.wikimedia.org/static-1.21wmf10/skins/common/images/magnify-clip.png","//upload.wikimedia.org/wikipedia/commons/thumb/5/55/Bohr-atom-PAR.svg/220px-Bohr-atom-PAR.svg.png","//bits.wikimedia.org/static-1.21wmf10/skins/common/images/magnify-clip.png","//upload.wikimedia.org/math/1/0/0/100e4dadfa92f13d9b4b72385c7913cc.png","//upload.wikimedia.org/math/4/4/3/443abd83b99a9975be4cb967e8674e8b.png","//upload.wikimedia.org/math/7/6/5/765e744b9afd67ba493db99c5aa53405.png","//upload.wikimedia.org/math/7/6/5/765e744b9afd67ba493db99c5aa53405.png","//upload.wikimedia.org/math/1/0/e/10e95d0fb3d7f8f2b4dd864596ee1421.png","//upload.wikimedia.org/math/c/3/6/c36e77e86567c76e7efa76624bb42b9c.png","//upload.wikimedia.org/math/3/3/4/334ce9eb79df1178b0380461c9eaa09e.png","//upload.wikimedia.org/math/e/0/a/e0a0f4428850e25e0951547f05d85a4c.png","//upload.wikimedia.org/math/c/3/6/c36e77e86567c76e7efa76624bb42b9c.png","//upload.wikimedia.org/math/2/d/8/2d80d3507fafa69f623444e80153608b.png","//upload.wikimedia.org/math/c/3/6/c36e77e86567c76e7efa76624bb42b9c.png","//upload.wikimedia.org/math/4/6/5/46501c5dbf53d50f36f7b59b68b5dd34.png","//upload.wikimedia.org/math/7/b/8/7b8b965ad4bca0e41ab51de7b31363a1.png","//upload.wikimedia.org/math/3/3/4/334ce9eb79df1178b0380461c9eaa09e.png","//upload.wikimedia.org/math/7/b/8/7b8b965ad4bca0e41ab51de7b31363a1.png","//upload.wikimedia.org/math/3/3/4/334ce9eb79df1178b0380461c9eaa09e.png","//upload.wikimedia.org/math/c/3/0/c303081f7a16f603112b0375bdc84883.png","//upload.wikimedia.org/math/7/6/5/765e744b9afd67ba493db99c5aa53405.png","//upload.wikimedia.org/math/f/5/e/f5ea41bfc771e6e2cbf230762040a3fd.png","//upload.wikimedia.org/math/b/9/5/b9513a7ce8622433903a38800ce59423.png","//upload.wikimedia.org/math/7/1/1/7118daa8de5cec73c48849bd2f6175f2.png","//upload.wikimedia.org/wikipedia/commons/thumb/a/a4/HydrogenOrbitalsN6L0M0.png/220px-HydrogenOrbitalsN6L0M0.png","//bits.wikimedia.org/static-1.21wmf10/skins/common/images/magnify-clip.png","//upload.wikimedia.org/math/7/6/5/765e744b9afd67ba493db99c5aa53405.png","//upload.wikimedia.org/wikipedia/commons/thumb/e/e1/D_orbitals.svg/250px-D_orbitals.svg.png","//bits.wikimedia.org/static-1.21wmf10/skins/common/images/magnify-clip.png","//upload.wikimedia.org/wikipedia/commons/thumb/1/1d/S1M0.png/50px-S1M0.png","//upload.wikimedia.org/wikipedia/commons/thumb/8/8f/S2M0.png/50px-S2M0.png","//upload.wikimedia.org/wikipedia/commons/thumb/d/d4/P2M0.png/50px-P2M0.png","//upload.wikimedia.org/wikipedia/commons/thumb/5/5a/P2M1.png/50px-P2M1.png","//upload.wikimedia.org/wikipedia/commons/thumb/8/89/P2M-1.png/50px-P2M-1.png","//upload.wikimedia.org/wikipedia/commons/thumb/a/ae/S3M0.png/50px-S3M0.png","//upload.wikimedia.org/wikipedia/commons/thumb/2/2d/P3M0.png/50px-P3M0.png","//upload.wikimedia.org/wikipedia/commons/thumb/e/e6/P3M1.png/50px-P3M1.png","//upload.wikimedia.org/wikipedia/commons/thumb/2/2e/P3M-1.png/50px-P3M-1.png","//upload.wikimedia.org/wikipedia/commons/thumb/5/57/D3M0.png/50px-D3M0.png","//upload.wikimedia.org/wikipedia/commons/thumb/5/5b/D3M1.png/50px-D3M1.png","//upload.wikimedia.org/wikipedia/commons/thumb/e/e3/D3M-1.png/50px-D3M-1.png","//upload.wikimedia.org/wikipedia/commons/thumb/4/45/D3M2.png/50px-D3M2.png","//upload.wikimedia.org/wikipedia/commons/thumb/9/9b/D3M-2.png/50px-D3M-2.png","//upload.wikimedia.org/wikipedia/commons/thumb/9/99/S4M0.png/50px-S4M0.png","//upload.wikimedia.org/wikipedia/commons/thumb/8/8f/P4M0.png/50px-P4M0.png","//upload.wikimedia.org/wikipedia/commons/thumb/a/a9/P4M1.png/50px-P4M1.png","//upload.wikimedia.org/wikipedia/commons/thumb/9/92/P4M-1.png/50px-P4M-1.png","//upload.wikimedia.org/wikipedia/commons/thumb/1/14/D4M0.png/50px-D4M0.png","//upload.wikimedia.org/wikipedia/commons/thumb/c/c7/D4M1.png/50px-D4M1.png","//upload.wikimedia.org/wikipedia/commons/thumb/d/d2/D4M-1.png/50px-D4M-1.png","//upload.wikimedia.org/wikipedia/commons/thumb/2/28/D4M2.png/50px-D4M2.png","//upload.wikimedia.org/wikipedia/commons/thumb/4/44/D4M-2.png/50px-D4M-2.png","//upload.wikimedia.org/wikipedia/commons/thumb/e/e7/F4M0.png/40px-F4M0.png","//upload.wikimedia.org/wikipedia/commons/thumb/c/c7/F4M1.png/40px-F4M1.png","//upload.wikimedia.org/wikipedia/commons/thumb/1/12/F4M-1.png/40px-F4M-1.png","//upload.wikimedia.org/wikipedia/commons/thumb/8/86/F4M2.png/40px-F4M2.png","//upload.wikimedia.org/wikipedia/commons/thumb/5/5a/F4M-2.png/40px-F4M-2.png","//upload.wikimedia.org/wikipedia/commons/thumb/a/a5/F4M3.png/40px-F4M3.png","//upload.wikimedia.org/wikipedia/commons/thumb/3/3f/F4M-3.png/40px-F4M-3.png","//upload.wikimedia.org/wikipedia/commons/thumb/6/68/S5M0.png/50px-S5M0.png","//upload.wikimedia.org/wikipedia/commons/thumb/2/20/P5M0.png/50px-P5M0.png","//upload.wikimedia.org/wikipedia/commons/thumb/f/f7/P5M1.png/50px-P5M1.png","//upload.wikimedia.org/wikipedia/commons/thumb/4/49/P5M-1.png/50px-P5M-1.png","//upload.wikimedia.org/wikipedia/commons/thumb/7/73/D5M0.png/50px-D5M0.png","//upload.wikimedia.org/wikipedia/commons/thumb/3/3e/D5M1.png/50px-D5M1.png","//upload.wikimedia.org/wikipedia/commons/thumb/9/94/D5M-1.png/50px-D5M-1.png","//upload.wikimedia.org/wikipedia/commons/thumb/9/94/D5M2.png/50px-D5M2.png","//upload.wikimedia.org/wikipedia/commons/thumb/3/33/D5M-2.png/50px-D5M-2.png","//upload.wikimedia.org/wikipedia/commons/thumb/8/8a/S6M0.png/50px-S6M0.png","//upload.wikimedia.org/wikipedia/commons/thumb/2/2f/P6M0.png/50px-P6M0.png","//upload.wikimedia.org/wikipedia/commons/thumb/2/2c/P6M1.png/50px-P6M1.png","//upload.wikimedia.org/wikipedia/commons/thumb/8/82/P6M-1.png/50px-P6M-1.png","//upload.wikimedia.org/wikipedia/commons/thumb/5/57/S7M0.png/50px-S7M0.png","//upload.wikimedia.org/wikipedia/commons/thumb/1/15/Drum_vibration_mode01.gif/200px-Drum_vibration_mode01.gif","//upload.wikimedia.org/math/4/7/b/47bedb6a112956a4a000bd99ca751cdd.png","//upload.wikimedia.org/wikipedia/commons/thumb/7/7a/Drum_vibration_mode02.gif/200px-Drum_vibration_mode02.gif","//upload.wikimedia.org/math/0/4/9/049e526acdd4077ec7519800919f9993.png","//upload.wikimedia.org/wikipedia/commons/thumb/2/23/Drum_vibration_mode03.gif/200px-Drum_vibration_mode03.gif","//upload.wikimedia.org/math/5/b/4/5b41b52d399569d38abd0d18ceb5ab86.png","//upload.wikimedia.org/wikipedia/commons/thumb/3/3c/Drum_vibration_mode11.gif/200px-Drum_vibration_mode11.gif","//upload.wikimedia.org/math/4/9/3/49365419352588f90c8d9a69c471dfcf.png","//upload.wikimedia.org/wikipedia/commons/thumb/e/e9/Drum_vibration_mode12.gif/200px-Drum_vibration_mode12.gif","//upload.wikimedia.org/math/8/b/e/8be5403d2a23451261ac7a5435e4d250.png","//upload.wikimedia.org/wikipedia/commons/thumb/c/c4/Drum_vibration_mode13.gif/200px-Drum_vibration_mode13.gif","//upload.wikimedia.org/math/0/2/2/022928e4ff6b6bde06cb104e81608d15.png","//upload.wikimedia.org/wikipedia/commons/thumb/6/6e/Drum_vibration_mode21.gif/200px-Drum_vibration_mode21.gif","//upload.wikimedia.org/math/3/e/5/3e5887fbc7cf416461d03c33887c0586.png","//upload.wikimedia.org/wikipedia/commons/thumb/6/6f/Drum_vibration_mode22.gif/200px-Drum_vibration_mode22.gif","//upload.wikimedia.org/math/3/3/9/33991355bbd7baab0e8282b4cfd75dca.png","//upload.wikimedia.org/wikipedia/commons/thumb/1/1f/Drum_vibration_mode23.gif/200px-Drum_vibration_mode23.gif","//upload.wikimedia.org/math/4/3/a/43a6f565e70417ff4f5fed2fe7dda843.png","//upload.wikimedia.org/math/7/b/8/7b8b965ad4bca0e41ab51de7b31363a1.png","//upload.wikimedia.org/math/6/d/2/6d24e2bc97c5e4283dd8e34674afe7ea.png","//upload.wikimedia.org/math/7/b/8/7b8b965ad4bca0e41ab51de7b31363a1.png","//upload.wikimedia.org/math/7/b/8/7b8b965ad4bca0e41ab51de7b31363a1.png","//upload.wikimedia.org/math/7/b/8/7b8b965ad4bca0e41ab51de7b31363a1.png","//upload.wikimedia.org/math/3/3/4/334ce9eb79df1178b0380461c9eaa09e.png","//upload.wikimedia.org/math/7/b/8/7b8b965ad4bca0e41ab51de7b31363a1.png","//upload.wikimedia.org/math/7/b/8/7b8b965ad4bca0e41ab51de7b31363a1.png","//upload.wikimedia.org/math/3/3/4/334ce9eb79df1178b0380461c9eaa09e.png","//upload.wikimedia.org/math/3/3/4/334ce9eb79df1178b0380461c9eaa09e.png","//upload.wikimedia.org/math/3/6/3/363fec1a1f325a6c230814184fea10c2.png","//upload.wikimedia.org/math/5/2/c/52c909865274b3880328b8fc4253d2a5.png","//upload.wikimedia.org/math/3/3/4/334ce9eb79df1178b0380461c9eaa09e.png","//upload.wikimedia.org/math/7/b/8/7b8b965ad4bca0e41ab51de7b31363a1.png","//upload.wikimedia.org/math/7/b/8/7b8b965ad4bca0e41ab51de7b31363a1.png","//upload.wikimedia.org/math/3/3/4/334ce9eb79df1178b0380461c9eaa09e.png","//upload.wikimedia.org/wikipedia/commons/thumb/1/11/Electron_orbitals.svg/350px-Electron_orbitals.svg.png","//bits.wikimedia.org/static-1.21wmf10/skins/common/images/magnify-clip.png","//upload.wikimedia.org/math/8/6/5/865c0c0b4ab0e063e5caa3387c1a8741.png","//upload.wikimedia.org/math/8/6/5/865c0c0b4ab0e063e5caa3387c1a8741.png","//upload.wikimedia.org/math/c/e/8/ce83066f1802bef0057a2a02998f2583.png","//upload.wikimedia.org/math/b/c/c/bccfc7022dfb945174d9bcebad2297bb.png","//upload.wikimedia.org/wikipedia/commons/thumb/8/89/Symbol_book_class2.svg/16px-Symbol_book_class2.svg.png","//upload.wikimedia.org/wikipedia/en/thumb/4/48/Folder_Hexagonal_Icon.svg/16px-Folder_Hexagonal_Icon.svg.png","//upload.wikimedia.org/wikipedia/en/thumb/f/fd/Portal-puzzle.svg/16px-Portal-puzzle.svg.png","//bits.wikimedia.org/static-1.21wmf10/skins/vector/images/search-ltr.png?303-4","//bits.wikimedia.org/images/wikimedia-button.png","//bits.wikimedia.org/static-1.21wmf10/skins/common/images/poweredby_mediawiki_88x31.png"],"tags":[["hamiltonian","quantum_mechanics"],["basis_set","chemistry"],["spin","physics"],["interference","wave_propagation"],["ball","mathematics"],["mercury","element"]],"members":["mercury","spin","interference","ball","basis_set","hamiltonian"],"related":["Mathematical_function","Electron","Atom","Atomic_nucleus","Quantum_numbers","Energy","Angular_momentum","Vector_component","Spin_quantum_number","Electron_configuration","Spectroscopic_lines","Electron_configuration","Hydrogen_atom","Chemical_element","Periodic_table","Quantum_mechanics","Wave–particle_duality","Standing_wave","Harmonics","Fundamental_frequency","Photon","Quantum_mechanics","Eigenstate","Hamiltonian_(quantum_mechanics)","Configuration_interaction","Basis_set_(chemistry)","Linear_combination","Slater_determinant","Spin_(physics)","Roger_Penrose","London_dispersion_force","Atomic_physics","Atomic_spectral_line","Atomic_electron_transition","Quantum_state","Quantum_number","Term_symbol","Neon","Configuration_interaction","Atomic_electron_transition","Fermion","Pauli_exclusion_principle","Electron_correlation","Hartree–Fock","Molecular_orbital_theory","Schrödinger_equation","Hydrogen-like_atom","Coordinate_system","Spherical_coordinates","Cartesian_coordinate_system","Spherical_harmonics","Exponential_function","Slater-type_orbital","Gaussian_orbital","Robert_Mulliken","Physical_Review","Niels_Bohr","Hantaro_Nagaoka","Quantum_mechanics","J.J._Thomson","Philosophical_Magazine","Plum_pudding_model","Hantaro_Nagaoka","Saturnian_model","Ernest_Rutherford","Niels_Bohr","Bohr_model","Einstein","Photoelectric_effect","Emission_spectra","Absorption_spectra","Bohr_model","Matter_waves","Quantum_mechanics","De_Broglie","Schrödinger_equation","Hydrogen-like_atom","Hydrogen","Helium","Argon","Modern_physics","Quantum_mechanics","Pauli_Exclusion_Principle","Werner_Heisenberg","Uncertainty_principle","Zeitschrift_für_Physik_A","Niels_Bohr","Wave_packet","Erwin_Schrödinger","Linus_Pauling","Robert_S._Mulliken","Max_Born","Probability_distribution","Principal_quantum_number","Angular_quantum_number","X-ray_notation","Hydrogen_atom","Ion","Eigenstates","Hamiltonian_operator","Hydrogen_atom","Principal_quantum_number","Azimuthal_quantum_number","Magnetic_quantum_number","Periodic_table","Quantum_state","Linear_combination","Linear_combination_of_atomic_orbitals_molecular_orbital_method","Bohr_model","Electron_shell","Electron_subshell","Principal_quantum_number","Positive_integer","Azimuthal_quantum_number","Magnetic_quantum_number","Spin_quantum_number","Pauli_exclusion_principle","Stern–Gerlach_experiment","Zeitschrift_für_Physik","Contour_line","Absolute_value","Wave_function","Interference_(wave_propagation)","Orbital_eccentricity","Complex_number","Ball_(mathematics)","Ellipsoid","Point_of_tangency","Atomic_nucleus","Dumbbell","Electron_shell","Torus","Spherical_harmonics","Cubic_harmonic","Radium","Wave_function","Spherical_harmonics","Vibrations_of_a_circular_drum","Heisenberg_uncertainty_principle","Antinode","Black_hole","Orbital_eccentricity","Electron_capture","Internal_conversion","Hydrogen-like_atom","Quantum_electrodynamics","Lamb_shift","Energy_level","Molecular_orbital","Madelung_rule","Pauli_exclusion_principle","Spin_quantum_number","Spin_quantum_number","Photon","Periodic_table","Niels_Bohr","Periodic_table","Periodic_table_block","Lithium","Beryllium","Sodium","Magnesium","Atomic_number","Mercury_(element)","Gold","Caesium","Bohr_Model","Fine-structure_constant","Dirac_equation","Unbounded","Untriseptium","Richard_Feynman","Feynmanium","Extension_of_the_periodic_table_beyond_the_seventh_period","Atomic_electron_configuration_table","Condensed_matter_physics","Electron_configuration","Energy_level","Hund's_rules","Molecular_orbital","Quantum_chemistry","Quantum_chemistry_computer_programs","Solid_state_physics","Orbital_resonance"]}