{"cursor":"1862","size":15,"audio":[],"currentlang":"en","article":"'Krieger' may refer to:\n* Krieger (crater), a lunar crater\n* \"Krieger\" (song), a 2003 song by And One\n","linknr":115,"url":"krieger","recorded":1364193761,"links":["/w/index.php?title=Krieger&action=edit","/w/index.php?title=Krieger&action=edit","//en.wikipedia.org/apple-touch-icon.png","//bits.wikimedia.org/favicon/wikipedia.ico","/w/opensearch_desc.php","//en.wikipedia.org/w/api.php?action=rsd","//creativecommons.org/licenses/by-sa/3.0/","/w/index.php?title=Special:RecentChanges&feed=atom","//bits.wikimedia.org/en.wikipedia.org/load.php?debug=false&lang=en&modules=ext.gadget.DRN-wizard%2CReferenceTooltips%2Ccharinsert%2Cteahouse%7Cext.wikihiero%7Cmediawiki.legacy.commonPrint%2Cshared%7Cmw.PopUpMediaTransform%7Cskins.vector&only=styles&skin=vector&*","//bits.wikimedia.org/en.wikipedia.org/load.php?debug=false&lang=en&modules=site&only=styles&skin=vector&*","//bits.wikimedia.org/en.wikipedia.org/load.php?debug=false&lang=en&modules=startup&only=scripts&skin=vector&*","//bits.wikimedia.org/geoiplookup","//meta.wikimedia.org","#mw-head","#p-search","/wiki/Krieger_(crater)","/wiki/Krieger_(song)","/w/index.php?title=Krieger&action=edit&section=1","/wiki/Adam_Krieger","/wiki/Ali_Krieger","/wiki/Andreas_Krieger","/wiki/Andreas_Frederik_Krieger","/wiki/Byron_Krieger","/wiki/Cecilia_Krieger","/wiki/Cornell_Krieger","/wiki/Eduard_Krieger","/wiki/Eduardo_Krieger","/wiki/Hans_Krieger","/wiki/Helmut_Krieger","/wiki/Henry_Krieger","/wiki/Johan_Cornelius_Krieger","/wiki/Johann_Krieger","/wiki/Johann_Nepomuk_Krieger","/wiki/Johann_Philipp_Krieger","/wiki/Joseph_Krieger","/wiki/Murray_Krieger","/wiki/Pascal_Krieger","/wiki/Robby_Krieger","/wiki/Solly_Krieger","/wiki/Ulrich_Krieger","/w/index.php?title=Krieger&action=edit&section=2","/wiki/Artix_Entertainment","/wiki/Courtney_A._Krieger","/wiki/Archer_(TV_series)","/w/index.php?title=Krieger&action=edit&section=3","/wiki/.kkrieger","/wiki/Maschinen_Krieger_ZbV_3000","/wiki/Kr%C3%BCger","/wiki/File:Disambig_gray.svg","//upload.wikimedia.org/wikipedia/en/thumb/5/5f/Disambig_gray.svg/30px-Disambig_gray.svg.png","/wiki/Help:Disambiguation","//en.wikipedia.org/w/index.php?title=Special:WhatLinksHere/Krieger&namespace=0","http://en.wikipedia.org/w/index.php?title=Krieger&oldid=540508958","/wiki/Help:Categories","/wiki/Category:Disambiguation_pages","/wiki/Category:Disambiguation_pages_with_surname-holder_lists","/wiki/Category:All_article_disambiguation_pages","/wiki/Category:All_disambiguation_pages","/w/index.php?title=Special:UserLogin&returnto=Krieger&type=signup","/w/index.php?title=Special:UserLogin&returnto=Krieger","/wiki/Krieger","/wiki/Talk:Krieger","#","/wiki/Krieger","/w/index.php?title=Krieger&action=edit","/w/index.php?title=Krieger&action=history","#","/w/index.php","//bits.wikimedia.org/static-1.21wmf11/skins/vector/images/search-ltr.png?303-4","/wiki/Main_Page","/wiki/Main_Page","/wiki/Portal:Contents","/wiki/Portal:Featured_content","/wiki/Portal:Current_events","/wiki/Special:Random","//donate.wikimedia.org/wiki/Special:FundraiserRedirector?utm_source=donate&utm_medium=sidebar&utm_campaign=C13_en.wikipedia.org&uselang=en","/wiki/Help:Contents","/wiki/Wikipedia:About","/wiki/Wikipedia:Community_portal","/wiki/Special:RecentChanges","/wiki/Wikipedia:Contact_us","/wiki/Special:WhatLinksHere/Krieger","/wiki/Special:RecentChangesLinked/Krieger","/wiki/Wikipedia:File_Upload_Wizard","/wiki/Special:SpecialPages","/w/index.php?title=Krieger&oldid=540508958","/w/index.php?title=Krieger&action=info","/w/index.php?title=Special:Cite&page=Krieger&id=540508958","/w/index.php?title=Special:Book&bookcmd=book_creator&referer=Krieger","/w/index.php?title=Special:Book&bookcmd=render_article&arttitle=Krieger&oldid=540508958&writer=rl","/w/index.php?title=Krieger&printable=yes","//cs.wikipedia.org/wiki/Krieger","//da.wikipedia.org/wiki/Krieger","//de.wikipedia.org/wiki/Krieger","//nl.wikipedia.org/wiki/Krieger","//nn.wikipedia.org/wiki/Krieger","//pt.wikipedia.org/wiki/Krieger","//ru.wikipedia.org/wiki/%D0%9A%D1%80%D0%B8%D0%B3%D0%B5%D1%80","//uk.wikipedia.org/wiki/%D0%9A%D1%80%D1%96%D0%B3%D0%B5%D1%80","//www.wikidata.org/wiki/Special:ItemByTitle/enwiki/Krieger","//en.wikipedia.org/wiki/Wikipedia:Text_of_Creative_Commons_Attribution-ShareAlike_3.0_Unported_License","//creativecommons.org/licenses/by-sa/3.0/","//wikimediafoundation.org/wiki/Terms_of_Use","//www.wikimediafoundation.org/","//en.wikipedia.org/wiki/Wikipedia:Contact_us","//wikimediafoundation.org/wiki/Privacy_policy","/wiki/Wikipedia:About","/wiki/Wikipedia:General_disclaimer","http://en.m.wikipedia.org/wiki/Krieger","//wikimediafoundation.org/","//bits.wikimedia.org/images/wikimedia-button.png","//www.mediawiki.org/","//bits.wikimedia.org/static-1.21wmf11/skins/common/images/poweredby_mediawiki_88x31.png","//bits.wikimedia.org/en.wikipedia.org/load.php?debug=false&lang=en&modules=skins.vector&only=scripts&skin=vector&*","/w/index.php?title=MediaWiki:Gadget-ReferenceTooltips.js&action=raw&ctype=text/javascript&508635914","//bits.wikimedia.org/en.wikipedia.org/load.php?debug=false&lang=en&modules=site&only=scripts&skin=vector&*"],"instances":["tv_series","song"],"pdf":[],"categories":[],"headings":["People with the surname","See also"],"image":["//upload.wikimedia.org/wikipedia/en/thumb/5/5f/Disambig_gray.svg/30px-Disambig_gray.svg.png","//bits.wikimedia.org/static-1.21wmf11/skins/vector/images/search-ltr.png?303-4","//bits.wikimedia.org/images/wikimedia-button.png","//bits.wikimedia.org/static-1.21wmf11/skins/common/images/poweredby_mediawiki_88x31.png"],"tags":[["krieger","crater"],["krieger","song"],["archer","tv_series"]],"members":["archer","krieger"],"related":["Krieger_(crater)","Krieger_(song)","Adam_Krieger","Ali_Krieger","Andreas_Krieger","Andreas_Frederik_Krieger","Byron_Krieger","Cecilia_Krieger","Cornell_Krieger","Eduard_Krieger","Eduardo_Krieger","Hans_Krieger","Helmut_Krieger","Henry_Krieger","Johan_Cornelius_Krieger","Johann_Krieger","Johann_Nepomuk_Krieger","Johann_Philipp_Krieger","Joseph_Krieger","Murray_Krieger","Pascal_Krieger","Robby_Krieger","Solly_Krieger","Ulrich_Krieger","Courtney_A._Krieger","Archer_(TV_series)","Maschinen_Krieger_ZbV_3000","Krüger"]}