{"cursor":"2417","size":15,"audio":[],"currentlang":"en","article":"There exist a number of competitions and prizes to reward distinguished\ncontributions and to encourage developments in biotechnology.\n","linknr":105,"url":"Competitions_and_prizes_in_biotechnology","recorded":1362504035,"links":11,"instances":["company"],"pdf":[],"categories":["Biology awards","Medicine awards","Biotechnology","Challenge awards"],"headings":["Inducement prizes","Recognition prizes","See also","References"],"image":["//bits.wikimedia.org/static-1.21wmf10/skins/vector/images/search-ltr.png?303-4","//bits.wikimedia.org/images/wikimedia-button.png","//bits.wikimedia.org/static-1.21wmf10/skins/common/images/poweredby_mediawiki_88x31.png"],"tags":[["illumina","company"]],"members":["illumina"],"related":["Biotechnology","Archon_X_Prize","Prize4Life","Amyotrophic_lateral_sclerosis","Prize4Life","People_for_Ethical_Treatment_of_Animals","Illumina_(company)","Gruber_Prize_in_Genetics","Nobel_Prize_in_Physiology_or_Medicine","Swedish_krona","Inducement_prize_contest","Golden_Eurydice_Award"]}