{"cursor":"7997","size":15,"audio":[],"currentlang":"en","article":"'Structural isomerism', or 'constitutional isomerism' (per IUPAC), is a form of\nisomerism in which molecules with the same molecular formula have bonded\ntogether in different orders, as opposed to stereoisomerism. Clark, Jim.\n\"Structural isomerism\" in Chemguide, n.l., '2000', December 7\n[http://www.chemguide.co.uk/basicorg/isomerism/structural.html Web\narticle] There are multiple synonyms for constitutional isomers.\n\nThree categories of constitutional isomers are skeletal, positional, and\nfunctional isomers. Positional isomers are also called regioisomers. Tautomers\nare subcategory of functional isomers.\n","linknr":193,"url":"Structural_isomerism","recorded":1362579382,"links":41,"instances":[],"pdf":[],"categories":["Isomerism"],"headings":["Chain isomerism","Position isomerism","Functional group isomerism","Isomer counting","References"],"image":["//upload.wikimedia.org/wikipedia/commons/thumb/3/38/Pentane-2D-Skeletal.svg/125px-Pentane-2D-Skeletal.svg.png","//upload.wikimedia.org/wikipedia/commons/thumb/4/41/2-methylbutane-2D-skeletal.svg/125px-2-methylbutane-2D-skeletal.svg.png","//upload.wikimedia.org/wikipedia/commons/thumb/3/3f/Neopentane-2D-skeletal.png/100px-Neopentane-2D-skeletal.png","//upload.wikimedia.org/wikipedia/commons/thumb/9/91/Pentan-1-ol-2D-skeletal.png/125px-Pentan-1-ol-2D-skeletal.png","//upload.wikimedia.org/wikipedia/commons/thumb/e/ea/Pentan-2-ol-2D-skeletal.png/125px-Pentan-2-ol-2D-skeletal.png","//upload.wikimedia.org/wikipedia/commons/thumb/7/7d/Pentan-3-ol-2D-skeletal.png/125px-Pentan-3-ol-2D-skeletal.png","//upload.wikimedia.org/wikipedia/commons/thumb/9/9c/2%2C3-Xylenol.svg/100px-2%2C3-Xylenol.svg.png","//upload.wikimedia.org/wikipedia/commons/thumb/9/9b/2%2C4-Xylenol.svg/100px-2%2C4-Xylenol.svg.png","//upload.wikimedia.org/wikipedia/commons/thumb/c/cc/2%2C5-dimethylphenol.png/125px-2%2C5-dimethylphenol.png","//upload.wikimedia.org/wikipedia/commons/thumb/e/e3/2%2C6-dimethylphenol.png/125px-2%2C6-dimethylphenol.png","//upload.wikimedia.org/wikipedia/commons/thumb/d/db/3%2C4-Xylenol.svg/100px-3%2C4-Xylenol.svg.png","//upload.wikimedia.org/wikipedia/commons/thumb/8/8e/3%2C5-Xylenol.svg/125px-3%2C5-Xylenol.svg.png","//upload.wikimedia.org/wikipedia/commons/thumb/4/45/Cyclohexane-2D-skeletal.svg/75px-Cyclohexane-2D-skeletal.svg.png","//upload.wikimedia.org/wikipedia/commons/thumb/b/b2/1-hexene.svg/125px-1-hexene.svg.png","//upload.wikimedia.org/wikipedia/commons/thumb/2/24/Allyl-alcohol.png/80px-Allyl-alcohol.png","//upload.wikimedia.org/wikipedia/commons/thumb/4/46/Cyclopropanol.svg/60px-Cyclopropanol.svg.png","//upload.wikimedia.org/wikipedia/commons/thumb/9/9d/Propanal-skeletal.png/60px-Propanal-skeletal.png","//upload.wikimedia.org/wikipedia/commons/thumb/f/fb/Acetone-2D-skeletal.svg/60px-Acetone-2D-skeletal.svg.png","//upload.wikimedia.org/wikipedia/commons/thumb/a/ac/Oxetane.png/40px-Oxetane.png","//upload.wikimedia.org/wikipedia/commons/thumb/7/70/PropyleneOxide.png/60px-PropyleneOxide.png","//upload.wikimedia.org/wikipedia/commons/thumb/b/b6/Methylvinylether.png/80px-Methylvinylether.png","//bits.wikimedia.org/static-1.21wmf10/skins/vector/images/search-ltr.png?303-4","//bits.wikimedia.org/images/wikimedia-button.png","//bits.wikimedia.org/static-1.21wmf10/skins/common/images/poweredby_mediawiki_88x31.png"],"tags":[],"members":[],"related":["IUPAC","Isomerism","Molecule","Molecular_formula","Stereoisomerism","Tautomer","Pentane","Isopentane","Neopentane","Pentane","Isopentane","Neopentane","Functional_group","Substituent","Alcohol","N-pentane","1-Pentanol","2-Pentanol","3-Pentanol","Aromatic","Phenol","Cresol","Xylenol","Xylenol","Functional_groups","Molecular_formula","Cyclohexane","1-hexene","Cycloalkane","Alkene","Cyclohexane","1-hexene","Dimethyl_ether","Ethanol","Ether","Isomer","Carbon","Oxygen","Hydrogen","Alcohol","Functional_isomer","Infrared_spectroscopy","Infrared","Infrared","C3H6O","Enol","Tautomer","Chemical_compound","Molecular_structure","Melting_point","Boiling_point","Allyl_alcohol","Cyclopropanol","Propionaldehyde","Acetone","Oxetane","Propylene_oxide","Enantiomers","Methyl_vinyl_ether"]}