{"cursor":"4896","size":15,"audio":[],"currentlang":"en","article":"\n\nIn Mexican cuisine, 'pico de gallo' (, literally [[rooster]]'s [[beak]]), also\ncalled 'ensalada fresca', is a fresh, uncooked mixture made from chopped tomato,\nwhite onion, and chilis (typically jalapeÃ±os or serranos). Other ingredients may\nalso be added, such as shrimp, avocado, lime juice or apple cider vinegar, fresh\ncilantro (coriander leaf), cucumber, radish or firm fruit such as mango. It is\nusually eaten with totopos\n\nPico de gallo can be used in much the same way as other salads, Kenyan\nKachumbari, or Indian chutneys, but since it contains less liquid, it can also\nbe used as a main ingredient in dishes such as tacos and fajitas.\n\nThe tomato-based variety is widely known as 'ensalada picada' (minced/chopped\nsauce). In Mexico it is sometimes called 'ensalada mexicana' (Mexican salad).\nBecause the colors of the red tomato, white onion, green chili are reminiscent\nof the colors of the Mexican flag, it is also sometimes called 'ensalada\nbandera' (flag salad).\n\nIn many regions of Mexico the term refers to any of a variety of salads\n(including fruit salads), salsa, or fillings made with tomato, tomatillo,\navocado, melon, orange, jÃ­cama, cucumber, papaya, or mild chilis. The\ningredients are tossed in lime juice and either hot sauce or chamoy, then\nsprinkled with a salty chili powder.\n\nPico de gallo is a popular snack in Mexico, and usually sold outside schools.\n","linknr":223,"url":"Pico_de_gallo","recorded":1364031264,"links":["/w/index.php?title=Pico_de_gallo&action=edit","/w/index.php?title=Pico_de_gallo&action=edit","//en.wikipedia.org/apple-touch-icon.png","//bits.wikimedia.org/favicon/wikipedia.ico","/w/opensearch_desc.php","//en.wikipedia.org/w/api.php?action=rsd","//creativecommons.org/licenses/by-sa/3.0/","/w/index.php?title=Special:RecentChanges&feed=atom","//bits.wikimedia.org/en.wikipedia.org/load.php?debug=false&lang=en&modules=ext.gadget.DRN-wizard%2CReferenceTooltips%2Ccharinsert%2Cteahouse%7Cext.wikihiero%7Cmediawiki.legacy.commonPrint%2Cshared%7Cmw.PopUpMediaTransform%7Cskins.vector&only=styles&skin=vector&*","//bits.wikimedia.org/en.wikipedia.org/load.php?debug=false&lang=en&modules=site&only=styles&skin=vector&*","//bits.wikimedia.org/en.wikipedia.org/load.php?debug=false&lang=en&modules=startup&only=scripts&skin=vector&*","//bits.wikimedia.org/geoiplookup","//meta.wikimedia.org","#mw-head","#p-search","/wiki/File:Ensalada_Mexicana.jpg","//upload.wikimedia.org/wikipedia/commons/thumb/1/18/Ensalada_Mexicana.jpg/275px-Ensalada_Mexicana.jpg","/wiki/File:Ensalada_Mexicana.jpg","//bits.wikimedia.org/static-1.21wmf11/skins/common/images/magnify-clip.png","/wiki/Mexican_cuisine","/wiki/Help:IPA_for_Spanish","/wiki/Rooster","/wiki/Beak","/wiki/Tomato","/wiki/Onion","/wiki/Chili_pepper","/wiki/Jalape%C3%B1o","/wiki/Serrano_pepper","/wiki/Shrimp","/wiki/Avocado","/wiki/Lime_(fruit)","/wiki/Coriander#Leaves","/wiki/Cucumber","/wiki/Radish","/wiki/Mango","/wiki/Totopo","/wiki/Salads","/wiki/Kenyan","/wiki/Kachumbari","/wiki/India","/wiki/Chutney","/wiki/Taco","/wiki/Fajita","/wiki/Mincing","/wiki/Sauce","/wiki/Flag_of_Mexico","/wiki/Wikipedia:Citation_needed","/wiki/Salad","/wiki/Fruit_salad","/wiki/Salsa","/wiki/Filling_(cooking)","/wiki/Tomato","/wiki/Tomatillo","/wiki/Avocado","/wiki/Melon","/wiki/Orange_(fruit)","/wiki/J%C3%ADcama","/wiki/Papaya","/wiki/Hot_sauce","/wiki/Chamoy","/wiki/Chili_powder","/wiki/Wikipedia:Citation_needed","/wiki/Wikipedia:Citation_needed","#Etymology","#Health_issues","#See_also","#References","#External_links","/w/index.php?title=Pico_de_gallo&action=edit&section=1","/wiki/Food_writer","/wiki/Sharon_Tyler_Herbst","#cite_note-1","/wiki/Thumb","/wiki/Forefinger","/wiki/Rick_Bayless","/wiki/Bird_feed","#cite_note-2","/w/index.php?title=Pico_de_gallo&action=edit&section=2","/wiki/Salsa_(sauce)","/wiki/United_States","#cite_note-3","/wiki/Salmonella","#cite_note-4","#cite_note-5","/w/index.php?title=Pico_de_gallo&action=edit&section=3","/wiki/Salad","/wiki/Pebre","/wiki/Chile","/w/index.php?title=Pico_de_gallo&action=edit&section=4","#cite_ref-1","/wiki/Sharon_Tyler_Herbst","/wiki/Food_Lover%27s_Companion","http://www.epicurious.com/tools/fooddictionary/search?query=pico+de+gallo","#cite_ref-2","#cite_ref-3","http://www.cdc.gov/media/pressrel/2010/r100712.htm","http://www.cdc.gov/media/pressrel/2010/r100712.htm","#cite_ref-4","http://www.usatoday.com/news/health/2010-07-13-Salsa14_ST_N.htm","#cite_ref-5","/wiki/PubMed_Identifier","//www.ncbi.nlm.nih.gov/pubmed/18756191","/w/index.php?title=Pico_de_gallo&action=edit&section=5","//upload.wikimedia.org/wikipedia/commons/thumb/d/df/Wikibooks-logo-en-noslogan.svg/16px-Wikibooks-logo-en-noslogan.svg.png","//en.wikibooks.org/wiki/Cookbook:Pico_de_Gallo","/wiki/Template:Latin_America_and_the_Caribbean_topic","/wiki/Template_talk:Latin_America_and_the_Caribbean_topic","//en.wikipedia.org/w/index.php?title=Template:Latin_America_and_the_Caribbean_topic&action=edit","/wiki/Cuisine_of_Latin_America_and_the_Caribbean","/wiki/North_America","/wiki/Cuisine_of_Mexico","/wiki/File:Map-Latin_America_and_Caribbean.png","//upload.wikimedia.org/wikipedia/commons/thumb/7/7d/Map-Latin_America_and_Caribbean.png/70px-Map-Latin_America_and_Caribbean.png","/wiki/Central_America","/wiki/Cuisine_of_Belize","/wiki/Cuisine_of_Costa_Rica","/wiki/Cuisine_of_El_Salvador","/wiki/Cuisine_of_Guatemala","/wiki/Cuisine_of_Honduras","/wiki/Cuisine_of_Nicaragua","/wiki/Cuisine_of_Panama","/wiki/Caribbean","/wiki/Cuisine_of_Antigua_and_Barbuda","/w/index.php?title=Cuisine_of_Bahamas&action=edit&redlink=1","/w/index.php?title=Cuisine_of_Barbados&action=edit&redlink=1","/wiki/Cuisine_of_Cuba","/wiki/Cuisine_of_Dominica","/wiki/Cuisine_of_the_Dominican_Republic","/wiki/Cuisine_of_Grenada","/wiki/Cuisine_of_Haiti","/wiki/Cuisine_of_Jamaica","/wiki/Cuisine_of_Puerto_Rico","/w/index.php?title=Cuisine_of_Saint_Kitts_and_Nevis&action=edit&redlink=1","/wiki/Cuisine_of_Saint_Lucia","/w/index.php?title=Cuisine_of_Saint_Vincent_and_the_Grenadines&action=edit&redlink=1","/wiki/Cuisine_of_Trinidad_and_Tobago","/wiki/South_America","/wiki/Cuisine_of_Argentina","/wiki/Cuisine_of_Bolivia","/wiki/Cuisine_of_Brazil","/wiki/Cuisine_of_Chile","/wiki/Cuisine_of_Colombia","/wiki/Cuisine_of_Ecuador","/wiki/Cuisine_of_Guyana","/wiki/Cuisine_of_Paraguay","/wiki/Cuisine_of_Peru","/wiki/Cuisine_of_Suriname","/wiki/Cuisine_of_Uruguay","/wiki/Cuisine_of_Venezuela","/wiki/Dependent_territory","http://en.wikipedia.org/w/index.php?title=Pico_de_gallo&oldid=542540314","/wiki/Help:Categories","/wiki/Category:Salads","/wiki/Category:Cuisine_of_the_Southwestern_United_States","/wiki/Category:Cuisine_of_the_Western_United_States","/wiki/Category:Mexican_garnish","/wiki/Category:New_Mexican_cuisine","/wiki/Category:Tex-Mex_cuisine","/wiki/Category:Tomato_products","/wiki/Category:All_articles_with_unsourced_statements","/wiki/Category:Articles_with_unsourced_statements_from_December_2012","/w/index.php?title=Special:UserLogin&returnto=Pico+de+gallo&type=signup","/w/index.php?title=Special:UserLogin&returnto=Pico+de+gallo","/wiki/Pico_de_gallo","/wiki/Talk:Pico_de_gallo","#","/wiki/Pico_de_gallo","/w/index.php?title=Pico_de_gallo&action=edit","/w/index.php?title=Pico_de_gallo&action=history","#","/w/index.php","//bits.wikimedia.org/static-1.21wmf11/skins/vector/images/search-ltr.png?303-4","/wiki/Main_Page","/wiki/Main_Page","/wiki/Portal:Contents","/wiki/Portal:Featured_content","/wiki/Portal:Current_events","/wiki/Special:Random","//donate.wikimedia.org/wiki/Special:FundraiserRedirector?utm_source=donate&utm_medium=sidebar&utm_campaign=C13_en.wikipedia.org&uselang=en","/wiki/Help:Contents","/wiki/Wikipedia:About","/wiki/Wikipedia:Community_portal","/wiki/Special:RecentChanges","/wiki/Wikipedia:Contact_us","/wiki/Special:WhatLinksHere/Pico_de_gallo","/wiki/Special:RecentChangesLinked/Pico_de_gallo","/wiki/Wikipedia:File_Upload_Wizard","/wiki/Special:SpecialPages","/w/index.php?title=Pico_de_gallo&oldid=542540314","/w/index.php?title=Pico_de_gallo&action=info","/w/index.php?title=Special:Cite&page=Pico_de_gallo&id=542540314","/w/index.php?title=Special:Book&bookcmd=book_creator&referer=Pico+de+gallo","/w/index.php?title=Special:Book&bookcmd=render_article&arttitle=Pico+de+gallo&oldid=542540314&writer=rl","/w/index.php?title=Pico_de_gallo&printable=yes","//be.wikipedia.org/wiki/%D0%9F%D1%96%D0%BA%D0%B0-%D0%B4%D1%8D-%D0%B3%D0%B0%D0%BB%D1%8C%D1%8F","//be-x-old.wikipedia.org/wiki/%D0%9F%D1%96%D0%BA%D0%B0-%D0%B4%D1%8D-%D0%B3%D0%B0%D0%BB%D1%8C%D1%8F","//ca.wikipedia.org/wiki/Pico_de_gallo","//de.wikipedia.org/wiki/Pico_de_gallo","//es.wikipedia.org/wiki/Pico_de_gallo","//fr.wikipedia.org/wiki/Pico_de_gallo","//ko.wikipedia.org/wiki/%ED%94%BC%EC%BD%94_%EB%8D%B0_%EA%B0%80%EC%9A%94","//nl.wikipedia.org/wiki/Pico_de_gallo","//ja.wikipedia.org/wiki/%E3%83%94%E3%82%B3%E3%83%BB%E3%83%87%E3%83%BB%E3%82%AC%E3%83%A8","//pt.wikipedia.org/wiki/Pico_de_gallo","//ru.wikipedia.org/wiki/%D0%9F%D0%B8%D0%BA%D0%BE-%D0%B4%D0%B5-%D0%B3%D0%B0%D0%BB%D1%8C%D0%BE","//simple.wikipedia.org/wiki/Pico_de_gallo","//sv.wikipedia.org/wiki/Pico_de_gallo","//www.wikidata.org/wiki/Special:ItemByTitle/enwiki/Pico de gallo","//en.wikipedia.org/wiki/Wikipedia:Text_of_Creative_Commons_Attribution-ShareAlike_3.0_Unported_License","//creativecommons.org/licenses/by-sa/3.0/","//wikimediafoundation.org/wiki/Terms_of_Use","//www.wikimediafoundation.org/","//en.wikipedia.org/wiki/Wikipedia:Contact_us","//wikimediafoundation.org/wiki/Privacy_policy","/wiki/Wikipedia:About","/wiki/Wikipedia:General_disclaimer","http://en.m.wikipedia.org/wiki/Pico_de_gallo","//wikimediafoundation.org/","//bits.wikimedia.org/images/wikimedia-button.png","//www.mediawiki.org/","//bits.wikimedia.org/static-1.21wmf11/skins/common/images/poweredby_mediawiki_88x31.png","//bits.wikimedia.org/en.wikipedia.org/load.php?debug=false&lang=en&modules=skins.vector&only=scripts&skin=vector&*","/w/index.php?title=MediaWiki:Gadget-ReferenceTooltips.js&action=raw&ctype=text/javascript&508635914","//bits.wikimedia.org/en.wikipedia.org/load.php?debug=false&lang=en&modules=site&only=scripts&skin=vector&*"],"instances":["cooking","fruit","fruit"],"pdf":[],"categories":["Salads","Cuisine of the Southwestern United States","Cuisine of the Western United States","Mexican garnish","New Mexican cuisine","Tex-Mex cuisine","Tomato products"],"headings":["Etymology","Health issues","See also","References","External links"],"image":["//upload.wikimedia.org/wikipedia/commons/thumb/1/18/Ensalada_Mexicana.jpg/275px-Ensalada_Mexicana.jpg","//bits.wikimedia.org/static-1.21wmf11/skins/common/images/magnify-clip.png","//upload.wikimedia.org/wikipedia/commons/thumb/d/df/Wikibooks-logo-en-noslogan.svg/16px-Wikibooks-logo-en-noslogan.svg.png","//upload.wikimedia.org/wikipedia/commons/thumb/7/7d/Map-Latin_America_and_Caribbean.png/70px-Map-Latin_America_and_Caribbean.png","//bits.wikimedia.org/static-1.21wmf11/skins/vector/images/search-ltr.png?303-4","//bits.wikimedia.org/images/wikimedia-button.png","//bits.wikimedia.org/static-1.21wmf11/skins/common/images/poweredby_mediawiki_88x31.png"],"tags":[["lime","fruit"],["filling","cooking"],["orange","fruit"]],"members":["filling","orange","lime"],"related":["Mexican_cuisine","Tomato","Onion","Chili_pepper","Jalapeño","Serrano_pepper","Shrimp","Avocado","Lime_(fruit)","Cucumber","Radish","Mango","Totopo","Salads","Kenyan","Kachumbari","India","Chutney","Taco","Fajita","Mincing","Sauce","Flag_of_Mexico","Salad","Fruit_salad","Salsa","Filling_(cooking)","Tomato","Tomatillo","Avocado","Melon","Orange_(fruit)","Jícama","Papaya","Hot_sauce","Chamoy","Chili_powder","Food_writer","Sharon_Tyler_Herbst","Sharon_Tyler_Herbst","Food_Lover's_Companion","Thumb","Forefinger","Rick_Bayless","Bird_feed","United_States","Salad","Pebre","Chile"]}