{"cursor":"19397","size":15,"audio":[],"currentlang":"en","article":"\n'Infection' is the invasion of a host organism's bodily tissues by disease-\ncausing organisms, their multiplication, and the reaction of host tissues to\nthese organisms and the toxins they produce. [http://medical-\ndictionary.thefreedictionary.com/infection Definition of \"infection\" from\nseveral medical dictionaries] - Retrieved on 2012-04-03 Infections are\ncaused by microorganisms such as viruses, prions, bacteria, and viroids, and\nlarger organisms like macroparasites and fungi.\n\nHosts can fight infections using their immune system. Mammalian hosts react to\ninfections with an innate response, often involving inflammation, followed by an\nadaptive response. Pharmaceuticals can also help fight infections.\n\nThe branch of medicine that focuses on infections and pathogens is infectious\ndisease medicine.\n","linknr":542,"url":"infections","recorded":1363398438,"links":["/w/index.php?title=Infection&action=edit","/w/index.php?title=Infection&action=edit","//en.wikipedia.org/apple-touch-icon.png","//bits.wikimedia.org/favicon/wikipedia.ico","/w/opensearch_desc.php","//en.wikipedia.org/w/api.php?action=rsd","//creativecommons.org/licenses/by-sa/3.0/","/w/index.php?title=Special:RecentChanges&feed=atom","/wiki/Infection","//bits.wikimedia.org/en.wikipedia.org/load.php?debug=false&lang=en&modules=ext.gadget.DRN-wizard%2CReferenceTooltips%2Ccharinsert%2Cteahouse%7Cext.wikihiero%7Cmediawiki.legacy.commonPrint%2Cshared%7Cmw.PopUpMediaTransform%7Cskins.vector&only=styles&skin=vector&*","//bits.wikimedia.org/en.wikipedia.org/load.php?debug=false&lang=en&modules=site&only=styles&skin=vector&*","//bits.wikimedia.org/en.wikipedia.org/load.php?debug=false&lang=en&modules=startup&only=scripts&skin=vector&*","//bits.wikimedia.org/geoiplookup","//meta.wikimedia.org","/w/index.php?title=Infections&redirect=no","#mw-head","#p-search","/wiki/Infection_(disambiguation)","/wiki/Host_(biology)","/wiki/Body","/wiki/Tissue_(biology)","/wiki/Disease","/wiki/Organism","/wiki/Toxin","#cite_note-1","/wiki/Virus","/wiki/Prion","/wiki/Bacteria","/wiki/Viroid","/wiki/Macroparasite","/wiki/Fungus","/wiki/Immune_system","/wiki/Mammal","/wiki/Innate_immune_system","/wiki/Inflammation","/wiki/Adaptive_immune_system","/wiki/Medicine","/wiki/Infectious_disease","#Classification","#Primary_and_secondary_infections","#Occult_infection","#Diagnostic_approach","#Signs_and_symptoms","#Bacterial_or_viral","#Pathophysiology","#Colonization","#Disease","#Transmission","#Treatment_and_prevention","#Fossil_record","#See_also","#References","#External_links","/w/index.php?title=Infection&action=edit&section=1","/wiki/Symptom","/wiki/Medical_sign","/wiki/Latent_infection","#cite_note-2","/wiki/Acute_(medicine)","/wiki/Chronic_(medicine)","/w/index.php?title=Infection&action=edit&section=2","/wiki/Herpes_labialis#Presentation","/wiki/Wikipedia:Disputed_statement","/wiki/Talk:Infection#Dubious","/wiki/Acute_HIV_infection","/w/index.php?title=Infection&action=edit&section=3","/w/index.php?title=Fran_Giampietro&action=edit&redlink=1","/w/index.php?title=Infection&action=edit&section=4","/wiki/Pathognomic","/wiki/Blood","/wiki/Urine","/wiki/Sputum","/wiki/Chest_radiograph","/wiki/Human_feces","/wiki/Cerebrospinal_fluid","/wiki/Cyanosis","/wiki/Petechial_rash","#cite_note-Lancet10-3","#cite_note-Lancet10-3","/w/index.php?title=Infection&action=edit&section=5","/wiki/Fatigue_(medical)","/wiki/Fever","/wiki/Skin_rash","/wiki/Coughing","/wiki/Runny_nose","/w/index.php?title=Infection&action=edit&section=6","#cite_note-nipa-4","/wiki/Antibiotics","/wiki/Viral_infection","/wiki/Bacterial_infection","/wiki/Conjunctivitis","#cite_note-nipa-4","/wiki/Ear_infection","#cite_note-nipa-4","/wiki/Wikipedia:Citation_needed","/wiki/Pathogenic_viruses","/wiki/Pathogenic_bacteria","/w/index.php?title=Infection&action=edit&section=7","#cite_note-5","#cite_note-6","/w/index.php?title=Infection&action=edit&section=8","/wiki/Immune_system","/wiki/Mucous_membrane","/wiki/Oral_cavity","/wiki/Wound","/wiki/Multicellular_organism","/wiki/Mutualism_(biology)","/wiki/Commensal","/wiki/Anaerobic_organism","/wiki/Mammal","/wiki/Colon_(anatomy)","/wiki/Staphylococcus","/wiki/Human_skin","/wiki/Virulent","/wiki/Corynebacteria","/wiki/Viridans_streptococci","/wiki/Wound_healing","/wiki/Virulence","/wiki/Immune_system","/wiki/Staphylococcus","/wiki/Sterile_technique","/wiki/Joint","/wiki/Peritoneum","#cite_note-7","/w/index.php?title=Infection&action=edit&section=9","/wiki/Disease","/wiki/Microrganism","/wiki/Clostridium_tetani","/wiki/Staphylococcus","/wiki/Polio","/wiki/Wikipedia:Citation_needed","/wiki/Prion","/wiki/Bovine_spongiform_encephalopathy","/wiki/Creutzfeldt%E2%80%93Jakob_disease","#cite_note-8","/w/index.php?title=Infection&action=edit&section=10","/wiki/Ixodes","#cite_note-9","/wiki/Vibrio_cholerae","/wiki/Giardia","/wiki/Rotavirus","/wiki/Entameba_histolytica","/wiki/Escherichia_coli","/wiki/Tape_worm","#cite_note-10","/wiki/Gastroenteritis","/wiki/Horizontal_transmission","/wiki/Vertical_transmission","#cite_note-11","/w/index.php?title=Infection&action=edit&section=11","/wiki/Hygiene","/wiki/Antibiotic","#cite_note-12","/wiki/Topical","#cite_note-13","/wiki/Human_brain","/wiki/Intravenous_therapy","/wiki/Antibiotic_resistance","/wiki/Penicillin","/wiki/Cephalosporin","/wiki/Aminoglycoside","/wiki/Macrolide","/wiki/Quinolone","/wiki/Tetracycline","#cite_note-14","/wiki/Hand_washing","#cite_note-15","/wiki/Opportunistic_infection","/wiki/Clostridium_difficile","#cite_note-16","/wiki/Vaccination","/w/index.php?title=Infection&action=edit&section=12","/wiki/Paleopathology","/wiki/File:Herrerasaurus1.JPG","//upload.wikimedia.org/wikipedia/commons/thumb/d/db/Herrerasaurus1.JPG/150px-Herrerasaurus1.JPG","/wiki/File:Herrerasaurus1.JPG","//bits.wikimedia.org/static-1.21wmf11/skins/common/images/magnify-clip.png","/wiki/Herrerasaurus","/wiki/Paleopathologists","/wiki/Herrerasaurus_ischigualastensis","/wiki/Acrocanthosaurus","/wiki/Allosaurus","/wiki/Tyrannosaurus","/wiki/Kirtland_Formation","#cite_note-molnar-pathology-17","/w/index.php?title=Infection&action=edit&section=13","/wiki/Antiseptic","/wiki/Autoinfection","/wiki/Coinfection","/wiki/Hand_infection","/wiki/Infection_control","/wiki/Infectious_disease","/wiki/List_of_infectious_diseases","/wiki/Multiplicity_of_infection","/wiki/Opportunistic_infection","/wiki/Routes_of_infection","/wiki/Ubi_pus,_ibi_evacua","/wiki/Pus","/w/index.php?title=Infection&action=edit&section=14","#cite_ref-1","http://medical-dictionary.thefreedictionary.com/infection","#cite_ref-2","/wiki/International_Standard_Book_Number","/wiki/Special:BookSources/3-13-131991-7","#cite_ref-Lancet10_3-0","#cite_ref-Lancet10_3-1","/wiki/Digital_object_identifier","http://dx.doi.org/10.1016%2FS0140-6736%2809%2962000-6","/wiki/PubMed_Identifier","//www.ncbi.nlm.nih.gov/pubmed/20132979","#cite_ref-nipa_4-0","#cite_ref-nipa_4-1","#cite_ref-nipa_4-2","http://www.antibiotics-info.org/bact02.asp","#cite_ref-5","http://www.infectioncycle.com/","#cite_ref-6","http://science.education.nih.gov/supplements/nih1/diseases/guide/understanding1.htm","#cite_ref-7","//www.ncbi.nlm.nih.gov/pubmed/22318282?dopt=Abstract","#cite_ref-8","http://www.persistentinfection.net/","#cite_ref-9","http://www.ecomii.com/science/encyclopedia/animal-virus","#cite_ref-10","http://www.fungusfocus.com/html/flukes.htm","#cite_ref-11","http://www.andrew.cmu.edu/user/berget/Education/AIDS/AIDS.www.html","#cite_ref-12","#cite_ref-13","http://bacterialinfectioncauses.com/antibiotics.html/antibiotics","#cite_ref-14","http://www.who.int/vaccine_research/diseases/soa_bacterial/en/index2.html","#cite_ref-15","http://science.education.nih.gov/supplements/nih1/diseases/guide/fig4-longdesc.htm","#cite_ref-16","http://www.emedicinehealth.com/script/main/art.asp?articlekey=60067","#cite_ref-molnar-pathology_17-0","/w/index.php?title=Infection&action=edit&section=15","http://www.vrc.nih.gov","http://www.infectionwatch.info","http://www.woundsite.info","/wiki/Template:Pathology","/wiki/Template_talk:Pathology","//en.wikipedia.org/w/index.php?title=Template:Pathology&action=edit","/wiki/Medicine","/wiki/Pathology","/wiki/Disease","/wiki/Neoplasia","/wiki/Hemodynamics","/wiki/Ischemia","/wiki/Inflammation","/wiki/Wound_healing","/wiki/Programmed_cell_death","/wiki/Necrosis","/wiki/Liquefactive_necrosis","/wiki/Coagulative_necrosis","/wiki/Caseous_necrosis","/wiki/Fat_necrosis","/wiki/Apoptosis","/wiki/Pyknosis","/wiki/Karyorrhexis","/wiki/Karyolysis","/wiki/Cellular_adaptation","/wiki/Atrophy","/wiki/Hypertrophy","/wiki/Hyperplasia","/wiki/Dysplasia","/wiki/Metaplasia","/wiki/Squamous_metaplasia","/wiki/Glandular_metaplasia","/wiki/Pigment","/wiki/Hemosiderin","/wiki/Lipochrome","/wiki/Lipofuscin","/wiki/Melanin","/wiki/Steatosis","/wiki/Anatomical_pathology","/wiki/Surgical_pathology","/wiki/Cytopathology","/wiki/Autopsy","/wiki/Molecular_pathology","/wiki/Forensic_pathology","/wiki/Dental_pathology","/wiki/Gross_examination","/wiki/Histopathology","/wiki/Immunohistochemistry","/wiki/Electron_microscopy","/wiki/Immunofluorescence","/wiki/Fluorescent_in_situ_hybridization","/wiki/Clinical_pathology","/wiki/Clinical_chemistry","/wiki/Hematopathology","/wiki/Transfusion_medicine","/wiki/Medical_microbiology","/wiki/Diagnostic_immunology","/wiki/Immunopathology","/wiki/Enzyme_assay","/wiki/Mass_spectrometry","/wiki/Chromatography","/wiki/Flow_cytometry","/wiki/Blood_bank","/wiki/Microbiological_culture","/wiki/Serology","/wiki/Myocardial_infarction_pathology","/wiki/Template:Medical_conditions","/wiki/Template_talk:Medical_conditions","//en.wikipedia.org/w/index.php?title=Template:Medical_conditions&action=edit","/wiki/Pathology","/wiki/Disease","/wiki/Syndrome","/wiki/Sequence_(medicine)","/wiki/Symptom","/wiki/Medical_sign","/wiki/Trauma_(medicine)","/wiki/ICD-10_Chapter_I:_Certain_infectious_and_parasitic_diseases","/wiki/List_of_ICD-9_codes_001%E2%80%93139:_infectious_and_parasitic_diseases","/wiki/Infectious_disease","/wiki/Pathogenic_bacteria","/wiki/Gram-positive_bacterial_infection","/wiki/Gram-negative_bacterial_infection","/wiki/Virus_disease","/wiki/Parasitic_disease","/wiki/Protozoan_infection","/wiki/Helminthiasis","/wiki/Ectoparasitic_infestation","/wiki/Mycosis","/wiki/Zoonosis","/wiki/Cancer","/wiki/ICD-10_Chapter_II:_Neoplasms","/wiki/List_of_ICD-9_codes_140%E2%80%93239:_neoplasms","/wiki/Tumor","/wiki/Myeloid","/wiki/Hematologic_disease","/wiki/ICD-10_Chapter_III:_Diseases_of_the_blood_and_blood-forming_organs,_and_certain_disorders_involving_the_immune_mechanism","/wiki/List_of_ICD-9_codes_280%E2%80%93289:_diseases_of_the_blood_and_blood-forming_organs","/wiki/Anemia","/wiki/Coagulopathy","/wiki/Lymphatic_system","/wiki/Immune_disorder","/wiki/ICD-10_Chapter_III:_Diseases_of_the_blood_and_blood-forming_organs,_and_certain_disorders_involving_the_immune_mechanism","/wiki/List_of_ICD-9_codes_240%E2%80%93279:_endocrine,_nutritional_and_metabolic_diseases,_and_immunity_disorders#Other_metabolic_and_immunity_disorders_.28270.E2.80.93279.29","/wiki/Immunodeficiency","/wiki/Immunoproliferative_disorder","/wiki/Hypersensitivity","/wiki/ICD-10_Chapter_IV:_Endocrine,_nutritional_and_metabolic_diseases","/wiki/List_of_ICD-9_codes_240%E2%80%93279:_endocrine,_nutritional_and_metabolic_diseases,_and_immunity_disorders","/wiki/Endocrine_disease","/wiki/Nutrition_disorder","/wiki/Inborn_error_of_metabolism","/wiki/ICD-10_Chapter_V:_Mental_and_behavioural_disorders","/wiki/List_of_ICD-9_codes_290%E2%80%93319:_mental_disorders","/wiki/Mental_disorder","/wiki/ICD-10_Chapter_VI:_Diseases_of_the_nervous_system","/wiki/List_of_ICD-9_codes_320%E2%80%93359:_diseases_of_the_nervous_system","/wiki/Nervous_system_disease","/wiki/Central_nervous_system_disease","/wiki/Peripheral_neuropathy","/wiki/Neuromuscular_disease","/wiki/ICD-10_Chapter_VII:_Diseases_of_the_eye,_adnexa","/wiki/List_of_ICD-9_codes_360%E2%80%93389:_diseases_of_the_sense_organs","/wiki/Eye_disease","/wiki/Ear_disease","/wiki/ICD-10_Chapter_IX:_Diseases_of_the_circulatory_system","/wiki/List_of_ICD-9_codes_390%E2%80%93459:_diseases_of_the_circulatory_system","/wiki/Cardiovascular_disease","/wiki/Heart_disease","/wiki/Vascular_disease","/wiki/ICD-10_Chapter_X:_Diseases_of_the_respiratory_system","/wiki/List_of_ICD-9_codes_460%E2%80%93519:_diseases_of_the_respiratory_system","/wiki/Respiratory_disease","/wiki/Obstructive_lung_disease","/wiki/Restrictive_lung_disease","/wiki/Pneumonia","/wiki/ICD-10_Chapter_XI:_Diseases_of_the_digestive_system","/wiki/List_of_ICD-9_codes_520%E2%80%93579:_diseases_of_the_digestive_system","/wiki/Stomatognathic_disease","/wiki/Tooth_disease","/wiki/Digestive_disease","/wiki/Esophageal_disease","/wiki/Stomach_disease","/wiki/Enteropathy","/wiki/Liver_disease","/wiki/Pancreatic_disease","/wiki/ICD-10_Chapter_XII:_Diseases_of_the_skin_and_subcutaneous_tissue","/wiki/List_of_ICD-9_codes_680%E2%80%93709:_diseases_of_the_skin_and_subcutaneous_tissue","/wiki/Skin_disease","/wiki/Skin_appendage","/wiki/Nail_disease","/wiki/Hair_disease","/wiki/Sweat_gland_disease","/wiki/ICD-10_Chapter_XIII:_Diseases_of_the_musculoskeletal_system_and_connective_tissue","/wiki/List_of_ICD-9_codes_710%E2%80%93739:_diseases_of_the_musculoskeletal_system_and_connective_tissue","/wiki/Musculoskeletal_disorder","/wiki/Myopathy","/wiki/Arthropathy","/wiki/Osteochondropathy","/wiki/Bone_disease","/wiki/Chondropathy","/wiki/ICD-10_Chapter_XIV:_Diseases_of_the_genitourinary_system","/wiki/List_of_ICD-9_codes_580%E2%80%93629:_diseases_of_the_genitourinary_system","/wiki/Urologic_disease","/wiki/Nephropathy","/wiki/Urinary_bladder_disease","/wiki/Male_genital_disease","/wiki/Breast_disease","/wiki/Female_genital_disease","/wiki/ICD-10_Chapter_XV:_Pregnancy,_childbirth_and_the_puerperium","/wiki/List_of_ICD-9_codes_630%E2%80%93679:_complications_of_pregnancy,_childbirth,_and_the_puerperium","/wiki/Complications_of_pregnancy","/wiki/Obstetric_labor_complication","/wiki/Puerperal_disorder","/wiki/ICD-10_Chapter_XVI:_Certain_conditions_originating_in_the_perinatal_period","/wiki/List_of_ICD-9_codes_760%E2%80%93779:_certain_conditions_originating_in_the_perinatal_period","/wiki/Fetal_disease","/wiki/ICD-10_Chapter_XVII:_Congenital_malformations,_deformations_and_chromosomal_abnormalities","/wiki/List_of_ICD-9_codes_740%E2%80%93759:_congenital_anomalies","/wiki/Congenital_disorder","/wiki/Congenital_abnormality","/wiki/ICD-10_Chapter_XVIII:_Symptoms,_signs_and_abnormal_clinical_and_laboratory_findings","/wiki/List_of_ICD-9_codes_780%E2%80%93799:_symptoms,_signs,_and_ill-defined_conditions","/wiki/Syndrome","/wiki/Medical_sign","/wiki/List_of_eponymous_medical_signs","/wiki/ICD-10_Chapter_XIX:_Injury,_poisoning_and_certain_other_consequences_of_external_causes","/wiki/List_of_ICD-9_codes_800%E2%80%93999:_injury_and_poisoning","/wiki/Bone_fracture","/wiki/Joint_dislocation","/wiki/Sprain","/wiki/Strain_(injury)","/wiki/Subluxation","/wiki/Head_injury","/wiki/Chest_trauma","/wiki/Poison","http://en.wikipedia.org/w/index.php?title=Infection&oldid=544232406","/wiki/Help:Categories","/wiki/Category:Infectious_diseases","/wiki/Category:All_accuracy_disputes","/wiki/Category:Articles_with_disputed_statements_from_December_2011","/wiki/Category:All_articles_with_unsourced_statements","/wiki/Category:Articles_with_unsourced_statements_from_May_2009","/wiki/Category:Articles_with_unsourced_statements_from_October_2010","/w/index.php?title=Special:UserLogin&returnto=Infection&type=signup","/w/index.php?title=Special:UserLogin&returnto=Infection","/wiki/Infection","/wiki/Talk:Infection","#","/wiki/Infection","/w/index.php?title=Infection&action=edit","/w/index.php?title=Infection&action=history","#","/w/index.php","//bits.wikimedia.org/static-1.21wmf11/skins/vector/images/search-ltr.png?303-4","/wiki/Main_Page","/wiki/Main_Page","/wiki/Portal:Contents","/wiki/Portal:Featured_content","/wiki/Portal:Current_events","/wiki/Special:Random","//donate.wikimedia.org/wiki/Special:FundraiserRedirector?utm_source=donate&utm_medium=sidebar&utm_campaign=C13_en.wikipedia.org&uselang=en","/wiki/Help:Contents","/wiki/Wikipedia:About","/wiki/Wikipedia:Community_portal","/wiki/Special:RecentChanges","/wiki/Wikipedia:Contact_us","/wiki/Special:WhatLinksHere/Infection","/wiki/Special:RecentChangesLinked/Infection","/wiki/Wikipedia:File_Upload_Wizard","/wiki/Special:SpecialPages","/w/index.php?title=Infection&oldid=544232406","/w/index.php?title=Infection&action=info","/w/index.php?title=Special:Cite&page=Infection&id=544232406","/w/index.php?title=Special:Book&bookcmd=book_creator&referer=Infection","/w/index.php?title=Special:Book&bookcmd=render_article&arttitle=Infection&oldid=544232406&writer=rl","/w/index.php?title=Infection&printable=yes","//ar.wikipedia.org/wiki/%D8%B9%D8%AF%D9%88%D9%89","//ay.wikipedia.org/wiki/A%C3%B1ata","//az.wikipedia.org/wiki/%C4%B0nfeksiya","//be.wikipedia.org/wiki/%D0%86%D0%BD%D1%84%D0%B5%D0%BA%D1%86%D1%8B%D1%8F","//be-x-old.wikipedia.org/wiki/%D0%86%D0%BD%D1%84%D1%8D%D0%BA%D1%86%D1%8B%D1%8F","//bg.wikipedia.org/wiki/%D0%98%D0%BD%D1%84%D0%B5%D0%BA%D1%86%D0%B8%D1%8F","//ca.wikipedia.org/wiki/Infecci%C3%B3","//da.wikipedia.org/wiki/Infektion","//de.wikipedia.org/wiki/Infektion","//nv.wikipedia.org/wiki/Ii%CA%BCn%C3%B3t%CA%BC%C4%AF%CC%81%C4%AF%CC%81","//et.wikipedia.org/wiki/Infektsioon","//el.wikipedia.org/wiki/%CE%9B%CE%BF%CE%AF%CE%BC%CF%89%CE%BE%CE%B7","//es.wikipedia.org/wiki/Infecci%C3%B3n","//eo.wikipedia.org/wiki/Infekto","//eu.wikipedia.org/wiki/Infekzio","//fa.wikipedia.org/wiki/%D8%B9%D9%81%D9%88%D9%86%D8%AA","//ko.wikipedia.org/wiki/%EA%B0%90%EC%97%BC","//hi.wikipedia.org/wiki/%E0%A4%B8%E0%A4%82%E0%A4%95%E0%A5%8D%E0%A4%B0%E0%A4%AE%E0%A4%A3","//hr.wikipedia.org/wiki/Zaraza","//io.wikipedia.org/wiki/Infekto","//id.wikipedia.org/wiki/Infeksi","//it.wikipedia.org/wiki/Infezione","//he.wikipedia.org/wiki/%D7%96%D7%99%D7%94%D7%95%D7%9D_(%D7%A8%D7%A4%D7%95%D7%90%D7%94)","//kn.wikipedia.org/wiki/%E0%B2%B8%E0%B3%8B%E0%B2%82%E0%B2%95%E0%B3%81","//ka.wikipedia.org/wiki/%E1%83%98%E1%83%9C%E1%83%A4%E1%83%94%E1%83%A5%E1%83%AA%E1%83%98%E1%83%90","//kk.wikipedia.org/wiki/%D0%96%D2%B1%D2%9B%D1%82%D1%8B%D1%80%D1%83","//ht.wikipedia.org/wiki/Enfeksyon","//ky.wikipedia.org/wiki/%D0%98%D0%BD%D1%84%D0%B5%D0%BA%D1%86%D0%B8%D1%8F","//la.wikipedia.org/wiki/Contagio","//lv.wikipedia.org/wiki/Infekcija","//mk.wikipedia.org/wiki/%D0%98%D0%BD%D1%84%D0%B5%D0%BA%D1%86%D0%B8%D1%98%D0%B0","//nl.wikipedia.org/wiki/Infectie","//ja.wikipedia.org/wiki/%E6%84%9F%E6%9F%93","//no.wikipedia.org/wiki/Infeksjon","//nn.wikipedia.org/wiki/Infeksjon","//pnb.wikipedia.org/wiki/%D8%A7%D9%86%D9%81%DB%8C%DA%A9%D8%B4%D9%86","//pl.wikipedia.org/wiki/Zaka%C5%BCenie","//pt.wikipedia.org/wiki/Infec%C3%A7%C3%A3o","//ru.wikipedia.org/wiki/%D0%98%D0%BD%D1%84%D0%B5%D0%BA%D1%86%D0%B8%D1%8F","//simple.wikipedia.org/wiki/Infection","//sl.wikipedia.org/wiki/Oku%C5%BEba","//sr.wikipedia.org/wiki/%D0%98%D0%BD%D1%84%D0%B5%D0%BA%D1%86%D0%B8%D1%98%D0%B0","//fi.wikipedia.org/wiki/Infektio","//sv.wikipedia.org/wiki/Infektion","//tl.wikipedia.org/wiki/Pagkakahawa","//ta.wikipedia.org/wiki/%E0%AE%A8%E0%AF%8B%E0%AE%AF%E0%AF%8D%E0%AE%A4%E0%AF%8D%E0%AE%A4%E0%AF%8A%E0%AE%B1%E0%AF%8D%E0%AE%B1%E0%AF%81","//th.wikipedia.org/wiki/%E0%B8%81%E0%B8%B2%E0%B8%A3%E0%B8%95%E0%B8%B4%E0%B8%94%E0%B9%80%E0%B8%8A%E0%B8%B7%E0%B9%89%E0%B8%AD","//uk.wikipedia.org/wiki/%D0%86%D0%BD%D1%84%D0%B5%D0%BA%D1%86%D1%96%D1%8F","//ur.wikipedia.org/wiki/%D8%B9%D8%AF%D9%88%DB%8C","//yi.wikipedia.org/wiki/%D7%90%D7%99%D7%A0%D7%A4%D7%A2%D7%A7%D7%A6%D7%99%D7%A2","//zh.wikipedia.org/wiki/%E6%84%9F%E6%9F%93","//www.wikidata.org/wiki/Special:ItemByTitle/enwiki/Infection","//en.wikipedia.org/wiki/Wikipedia:Text_of_Creative_Commons_Attribution-ShareAlike_3.0_Unported_License","//creativecommons.org/licenses/by-sa/3.0/","//wikimediafoundation.org/wiki/Terms_of_Use","//www.wikimediafoundation.org/","//en.wikipedia.org/wiki/Wikipedia:Contact_us","//wikimediafoundation.org/wiki/Privacy_policy","/wiki/Wikipedia:About","/wiki/Wikipedia:General_disclaimer","http://en.m.wikipedia.org/wiki/Infection","//wikimediafoundation.org/","//bits.wikimedia.org/images/wikimedia-button.png","//www.mediawiki.org/","//bits.wikimedia.org/static-1.21wmf11/skins/common/images/poweredby_mediawiki_88x31.png","//bits.wikimedia.org/en.wikipedia.org/load.php?debug=false&lang=en&modules=skins.vector&only=scripts&skin=vector&*","/w/index.php?title=MediaWiki:Gadget-ReferenceTooltips.js&action=raw&ctype=text/javascript&508635914","//bits.wikimedia.org/en.wikipedia.org/load.php?debug=false&lang=en&modules=site&only=scripts&skin=vector&*"],"instances":["anatomy","biology","medical","medicine","biology","biology"],"pdf":[],"categories":["Infectious diseases"],"headings":["Classification","Diagnostic approach","Signs and symptoms","Pathophysiology","Treatment and prevention","Fossil record","See also","References","External links"],"image":["//upload.wikimedia.org/wikipedia/commons/thumb/d/db/Herrerasaurus1.JPG/150px-Herrerasaurus1.JPG","//bits.wikimedia.org/static-1.21wmf11/skins/common/images/magnify-clip.png","//bits.wikimedia.org/static-1.21wmf11/skins/vector/images/search-ltr.png?303-4","//bits.wikimedia.org/images/wikimedia-button.png","//bits.wikimedia.org/static-1.21wmf11/skins/common/images/poweredby_mediawiki_88x31.png"],"tags":[["host","biology"],["tissue","biology"],["chronic","medicine"],["fatigue","medical"],["mutualism","biology"],["colon","anatomy"]],"members":["colon","mutualism","fatigue","chronic","tissue","host"],"related":["Host_(biology)","Body","Tissue_(biology)","Disease","Organism","Toxin","Virus","Prion","Bacteria","Viroid","Macroparasite","Fungus","Immune_system","Mammal","Innate_immune_system","Inflammation","Adaptive_immune_system","Medicine","Infectious_disease","Symptom","Medical_sign","Chronic_(medicine)","Acute_HIV_infection","Fran_Giampietro","Pathognomic","Blood","Urine","Sputum","Chest_radiograph","Human_feces","Cerebrospinal_fluid","Cyanosis","Petechial_rash","Fatigue_(medical)","Fever","Skin_rash","Coughing","Runny_nose","Antibiotics","Viral_infection","Bacterial_infection","Conjunctivitis","Ear_infection","Pathogenic_viruses","Pathogenic_bacteria","Immune_system","Mucous_membrane","Oral_cavity","Wound","Multicellular_organism","Mutualism_(biology)","Commensal","Anaerobic_organism","Mammal","Colon_(anatomy)","Staphylococcus","Human_skin","Virulent","Wound_healing","Virulence","Immune_system","Staphylococcus","Sterile_technique","Joint","Peritoneum","Disease","Microrganism","Clostridium_tetani","Staphylococcus","Polio","Prion","Bovine_spongiform_encephalopathy","Creutzfeldt–Jakob_disease","Ixodes","Rotavirus","Tape_worm","Gastroenteritis","Horizontal_transmission","Vertical_transmission","Hygiene","Antibiotic","Topical","Human_brain","Intravenous_therapy","Antibiotic_resistance","Penicillin","Cephalosporin","Aminoglycoside","Macrolide","Quinolone","Tetracycline","Hand_washing","Opportunistic_infection","Clostridium_difficile","Vaccination","Paleopathologists","Kirtland_Formation","Antiseptic","Autoinfection","Coinfection","Hand_infection","Infection_control","Infectious_disease","List_of_infectious_diseases","Multiplicity_of_infection","Opportunistic_infection","Routes_of_infection","Ubi_pus,_ibi_evacua","Pus"]}