{"cursor":"482","size":15,"audio":[],"currentlang":"en","article":"\n'Dramatica' may refer to:\n\n*Drama, from the Greek term Dramatikos *Dramatica Theory of Story Structure, a\nnarrative theory of story and basis of the Dramatica software *Dramatico, a\nrecord label founded by Mike Batt around 2003 *\"Dramatica\", the 8th song on\n[[Vapor Transmission]], 2000 album by the synth rock band Orgy *[[Encyclopedia\nDramatica]], a satirical wiki\n","linknr":84,"url":"Dramatica_(disambiguation)","recorded":1363422873,"links":["/w/index.php?title=Dramatica&action=edit","/w/index.php?title=Dramatica&action=edit","//en.wikipedia.org/apple-touch-icon.png","//bits.wikimedia.org/favicon/wikipedia.ico","/w/opensearch_desc.php","//en.wikipedia.org/w/api.php?action=rsd","//creativecommons.org/licenses/by-sa/3.0/","/w/index.php?title=Special:RecentChanges&feed=atom","/wiki/Dramatica","//bits.wikimedia.org/en.wikipedia.org/load.php?debug=false&lang=en&modules=ext.gadget.DRN-wizard%2CReferenceTooltips%2Ccharinsert%2Cteahouse%7Cext.wikihiero%7Cmediawiki.legacy.commonPrint%2Cshared%7Cmw.PopUpMediaTransform%7Cskins.vector&only=styles&skin=vector&*","//bits.wikimedia.org/en.wikipedia.org/load.php?debug=false&lang=en&modules=site&only=styles&skin=vector&*","//bits.wikimedia.org/en.wikipedia.org/load.php?debug=false&lang=en&modules=startup&only=scripts&skin=vector&*","//bits.wikimedia.org/geoiplookup","//meta.wikimedia.org","/w/index.php?title=Dramatica_(disambiguation)&redirect=no","#mw-head","#p-search","//upload.wikimedia.org/wikipedia/commons/thumb/f/f8/Wiktionary-logo-en.svg/37px-Wiktionary-logo-en.svg.png","//en.wiktionary.org/wiki/dram%C3%A1tico","/wiki/Drama","/wiki/Dramatica_Theory_of_Story_Structure","/wiki/Dramatico","/wiki/Vapor_Transmission","/wiki/Encyclopedia_Dramatica","/wiki/Wiki","/w/index.php?title=Dramatica&action=edit&section=1","/wiki/Dramatic_(disambiguation)","/wiki/File:Disambig_gray.svg","//upload.wikimedia.org/wikipedia/en/thumb/5/5f/Disambig_gray.svg/30px-Disambig_gray.svg.png","/wiki/Help:Disambiguation","//en.wikipedia.org/w/index.php?title=Special:WhatLinksHere/Dramatica&namespace=0","http://en.wikipedia.org/w/index.php?title=Dramatica&oldid=415079410","/wiki/Help:Categories","/wiki/Category:Disambiguation_pages","/wiki/Category:All_article_disambiguation_pages","/wiki/Category:All_disambiguation_pages","/w/index.php?title=Special:UserLogin&returnto=Dramatica&type=signup","/w/index.php?title=Special:UserLogin&returnto=Dramatica","/wiki/Dramatica","/wiki/Talk:Dramatica","#","/wiki/Dramatica","/w/index.php?title=Dramatica&action=edit","/w/index.php?title=Dramatica&action=history","#","/w/index.php","//bits.wikimedia.org/static-1.21wmf11/skins/vector/images/search-ltr.png?303-4","/wiki/Main_Page","/wiki/Main_Page","/wiki/Portal:Contents","/wiki/Portal:Featured_content","/wiki/Portal:Current_events","/wiki/Special:Random","//donate.wikimedia.org/wiki/Special:FundraiserRedirector?utm_source=donate&utm_medium=sidebar&utm_campaign=C13_en.wikipedia.org&uselang=en","/wiki/Help:Contents","/wiki/Wikipedia:About","/wiki/Wikipedia:Community_portal","/wiki/Special:RecentChanges","/wiki/Wikipedia:Contact_us","/wiki/Special:WhatLinksHere/Dramatica","/wiki/Special:RecentChangesLinked/Dramatica","/wiki/Wikipedia:File_Upload_Wizard","/wiki/Special:SpecialPages","/w/index.php?title=Dramatica&oldid=415079410","/w/index.php?title=Dramatica&action=info","/w/index.php?title=Special:Cite&page=Dramatica&id=415079410","/w/index.php?title=Special:Book&bookcmd=book_creator&referer=Dramatica","/w/index.php?title=Special:Book&bookcmd=render_article&arttitle=Dramatica&oldid=415079410&writer=rl","/w/index.php?title=Dramatica&printable=yes","//en.wikipedia.org/wiki/Wikipedia:Text_of_Creative_Commons_Attribution-ShareAlike_3.0_Unported_License","//creativecommons.org/licenses/by-sa/3.0/","//wikimediafoundation.org/wiki/Terms_of_Use","//www.wikimediafoundation.org/","//en.wikipedia.org/wiki/Wikipedia:Contact_us","//wikimediafoundation.org/wiki/Privacy_policy","/wiki/Wikipedia:About","/wiki/Wikipedia:General_disclaimer","http://en.m.wikipedia.org/wiki/Dramatica","//wikimediafoundation.org/","//bits.wikimedia.org/images/wikimedia-button.png","//www.mediawiki.org/","//bits.wikimedia.org/static-1.21wmf11/skins/common/images/poweredby_mediawiki_88x31.png","//bits.wikimedia.org/en.wikipedia.org/load.php?debug=false&lang=en&modules=skins.vector&only=scripts&skin=vector&*","/w/index.php?title=MediaWiki:Gadget-ReferenceTooltips.js&action=raw&ctype=text/javascript&508635914","//bits.wikimedia.org/en.wikipedia.org/load.php?debug=false&lang=en&modules=site&only=scripts&skin=vector&*"],"instances":["disambiguation"],"pdf":[],"categories":[],"headings":["See also"],"image":["//upload.wikimedia.org/wikipedia/commons/thumb/f/f8/Wiktionary-logo-en.svg/37px-Wiktionary-logo-en.svg.png","//upload.wikimedia.org/wikipedia/en/thumb/5/5f/Disambig_gray.svg/30px-Disambig_gray.svg.png","//bits.wikimedia.org/static-1.21wmf11/skins/vector/images/search-ltr.png?303-4","//bits.wikimedia.org/images/wikimedia-button.png","//bits.wikimedia.org/static-1.21wmf11/skins/common/images/poweredby_mediawiki_88x31.png"],"tags":[["dramatic","disambiguation"]],"members":["dramatic"],"related":["Drama","Dramatica_Theory_of_Story_Structure","Dramatico","Wiki","Dramatic_(disambiguation)"]}