{"cursor":"12932","size":15,"audio":[],"currentlang":"en","article":"\n{{Infobox musical artist \n| name = Buono! image = image_size = 550 px background = group_or_band alias =\n| genre = Pop, pop rock, pop punk, power pop, teen pop origin = Japan\n| years_active = âpresent label = Pony Canyon (2007â2010) Zetima (2011â)\n| associated_acts = Berryz Kobo Cute Shugo Chara Egg! Hello!\n| Project Kids website = [http://www.helloproject.com/buono/ Buono! official\n| site] current_members = Momoko Tsugunaga Miyabi Natsuyaki Airi\n| Suzuki past_members =\n}}\n\n is a Hello! Project unit consisting of three members: Momoko Tsugunaga and\n Miyabi Natsuyaki from Berryz Koubou, and Airi Suzuki from Cute. The name\n translates into \"good!\" (from Italian), but in Japan has come to connote an\n association with food, as in \"delicious\". All three members of Buono! originate\n from Chiba Prefecture.\n","linknr":484,"url":"buono","recorded":1364183030,"links":["/w/index.php?title=Buono!&action=edit","/w/index.php?title=Buono!&action=edit","//en.wikipedia.org/apple-touch-icon.png","//bits.wikimedia.org/favicon/wikipedia.ico","/w/opensearch_desc.php","//en.wikipedia.org/w/api.php?action=rsd","//creativecommons.org/licenses/by-sa/3.0/","/w/index.php?title=Special:RecentChanges&feed=atom","/wiki/Buono!","//bits.wikimedia.org/en.wikipedia.org/load.php?debug=false&lang=en&modules=ext.gadget.DRN-wizard%2CReferenceTooltips%2Ccharinsert%2Cteahouse%7Cext.wikihiero%7Cmediawiki.legacy.commonPrint%2Cshared%7Cmw.PopUpMediaTransform%7Cskins.vector&only=styles&skin=vector&*","//bits.wikimedia.org/en.wikipedia.org/load.php?debug=false&lang=en&modules=site&only=styles&skin=vector&*","//bits.wikimedia.org/en.wikipedia.org/load.php?debug=false&lang=en&modules=startup&only=scripts&skin=vector&*","//bits.wikimedia.org/geoiplookup","//meta.wikimedia.org","/w/index.php?title=Buono&redirect=no","#mw-head","#p-search","/wiki/Buono_(disambiguation)","/wiki/Japan","/wiki/Music_genre","/wiki/Pop_music","/wiki/Pop_rock","/wiki/Pop_punk","/wiki/Power_pop","/wiki/Teen_pop","/wiki/Record_label","/wiki/Pony_Canyon","/wiki/Zetima","/wiki/Berryz_Kobo","/wiki/Cute_(Japanese_band)","/wiki/Shugo_Chara_Egg!","/wiki/Hello!_Project_Kids","http://www.helloproject.com/buono/","/wiki/Momoko_Tsugunaga","/wiki/Miyabi_Natsuyaki","/wiki/Airi_Suzuki","/wiki/Help:Installing_Japanese_character_sets","/wiki/Hello!_Project","/wiki/Momoko_Tsugunaga","/wiki/Miyabi_Natsuyaki","/wiki/Berryz_Koubou","/wiki/Airi_Suzuki","/wiki/Cute_(Japanese_band)","/wiki/Italian_language","/wiki/Chiba_Prefecture","#Members","#History","#Discography","#Albums","#Mini_albums","#Compilations","#Singles","#DVDs","#Concerts","#Commercials_and_infomercials","#References","#External_links","/w/index.php?title=Buono!&action=edit&section=1","/wiki/Momoko_Tsugunaga","/wiki/Help:Installing_Japanese_character_sets","/wiki/Berryz_Kobo","/wiki/Miyabi_Natsuyaki","/wiki/Help:Installing_Japanese_character_sets","/wiki/Airi_Suzuki","/wiki/Help:Installing_Japanese_character_sets","/wiki/Cute_(Japanese_band)","/w/index.php?title=Buono!&action=edit&section=2","/wiki/Nakayoshi","/wiki/Sunshine_City,_Tokyo","/wiki/Kokoro_no_Tamago","/wiki/Honto_no_Jibun","/wiki/Anime","/wiki/Shugo_Chara!","/wiki/Shugo_Chara_Egg!","/wiki/Guardians_4","/wiki/Stockholm","/wiki/Sweden","#cite_note-1","#cite_note-2","/wiki/Pony_Canyon","/wiki/Zetima","/wiki/Paris","/wiki/France","/wiki/Rino_Sashihara","/wiki/AKB48","/wiki/Nippon_Budokan","/wiki/Idoling!!!","/wiki/Shiritsu_Ebisu_Ch%C5%ABgaku","/wiki/Super_Girls","/wiki/Tokyo_Girls%27_Style","/wiki/Nogizaka46","/wiki/Passpo","/wiki/Momoiro_Clover_Z","/wiki/Watarirouka_Hashiritai_7","#cite_note-3","#cite_note-4","/w/index.php?title=Buono!&action=edit&section=3","/w/index.php?title=Buono!&action=edit&section=4","/wiki/Oricon","/wiki/Oricon","/wiki/Caf%C3%A9_Buono!","#cite_note-5","/wiki/Buono!_2","/wiki/Help:Installing_Japanese_character_sets","#cite_note-6","/wiki/We_Are_Buono!","/wiki/Help:Installing_Japanese_character_sets","#cite_note-7","/w/index.php?title=Buono!&action=edit&section=5","/wiki/Oricon","/wiki/Oricon","/wiki/Partenza","/wiki/Help:Installing_Japanese_character_sets","#cite_note-8","/wiki/Sherbet_(Buono!_album)","/w/index.php?title=Buono!&action=edit&section=6","/wiki/Oricon","/wiki/Oricon","#cite_note-9","/w/index.php?title=Buono!&action=edit&section=7","/wiki/Oricon","/wiki/Oricon","/wiki/Honto_no_Jibun","/wiki/Help:Installing_Japanese_character_sets","#cite_note-10","/wiki/Renai_Rider","/wiki/Help:Installing_Japanese_character_sets","#cite_note-11","/wiki/Kiss!_Kiss!_Kiss!","#cite_note-12","/wiki/Gachinko_de_Ik%C5%8D!","/wiki/Help:Installing_Japanese_character_sets","#cite_note-13","/wiki/Rottara_Rottara","/wiki/Help:Installing_Japanese_character_sets","#cite_note-14","/wiki/Co-no-mi-chi","/wiki/Help:Installing_Japanese_character_sets","#cite_note-15","/wiki/My_Boy_(Buono!_song)","#cite_note-16","/wiki/Take_It_Easy!","#cite_note-17","/wiki/Bravo_Bravo","/wiki/Help:Installing_Japanese_character_sets","#cite_note-18","/wiki/Our_Songs","#cite_note-19","/wiki/Help:Installing_Japanese_character_sets","#cite_note-20","/wiki/Help:Installing_Japanese_character_sets","#cite_note-21","/wiki/Hatsukoi_Cider_/_DEEP_MIND","/wiki/Help:Installing_Japanese_character_sets","#cite_note-22","/w/index.php?title=Buono!&action=edit&section=8","/w/index.php?title=Buono!&action=edit&section=9","/wiki/Help:Installing_Japanese_character_sets","/w/index.php?title=Buono!&action=edit&section=10","/wiki/Pizza-La","/wiki/Piranha_3D","/wiki/Pizza-La","/w/index.php?title=Buono!&action=edit&section=11","#cite_ref-1","http://www.hello-online.org/index.php?act=helloonline&CODE=article&topic=757","http://www.hello-online.org/index.php?act=helloonline&CODE=article&topic=757","#cite_ref-2","http://www.hello-online.org/index.php?act=helloonline&CODE=article&topic=821","http://www.hello-online.org/index.php?act=helloonline&CODE=article&topic=821","#cite_ref-3","http://natalie.mu/music/news/71786","/wiki/Natalie_(website)","http://natalie.mu/music/news/71786","#cite_ref-4","http://news.mynavi.jp/news/2012/11/02/182/","/w/index.php?title=My_Navi&action=edit&redlink=1","http://news.mynavi.jp/news/2012/11/02/182/","#cite_ref-5","http://www.helloproject.com/discography/buono/a_001.html","http://www.helloproject.com/discography/buono/a_001.html","#cite_ref-6","http://www.helloproject.com/discography/buono/a_002.html","http://www.helloproject.com/discography/buono/a_002.html","#cite_ref-7","http://www.helloproject.com/discography/buono/a_003.html","http://www.helloproject.com/discography/buono/a_003.html","#cite_ref-8","http://www.helloproject.com/discography/buono/a_006.html","http://www.helloproject.com/discography/buono/a_006.html","#cite_ref-9","http://www.helloproject.com/discography/buono/a_005.html","http://www.helloproject.com/discography/buono/a_005.html","#cite_ref-10","http://www.helloproject.com/discography/buono/s_001.html","http://www.helloproject.com/discography/buono/s_001.html","#cite_ref-11","http://www.helloproject.com/discography/buono/s_002.html","http://www.helloproject.com/discography/buono/s_002.html","#cite_ref-12","http://www.helloproject.com/discography/buono/s_003.html","http://www.helloproject.com/discography/buono/s_003.html","#cite_ref-13","http://www.helloproject.com/discography/buono/s_004.html","http://www.helloproject.com/discography/buono/s_004.html","#cite_ref-14","http://www.helloproject.com/discography/buono/s_005.html","http://www.helloproject.com/discography/buono/s_005.html","#cite_ref-15","http://www.helloproject.com/discography/buono/s_006.html","http://www.helloproject.com/discography/buono/s_006.html","#cite_ref-16","http://www.helloproject.com/discography/buono/s_007.html","http://www.helloproject.com/discography/buono/s_007.html","#cite_ref-17","http://www.helloproject.com/discography/buono/s_008.html","http://www.helloproject.com/discography/buono/s_008.html","#cite_ref-18","http://www.helloproject.com/discography/buono/s_009.html","http://www.helloproject.com/discography/buono/s_009.html","#cite_ref-19","http://www.helloproject.com/discography/buono/s_010.html","http://www.helloproject.com/discography/buono/s_010.html","#cite_ref-20","http://www.helloproject.com/discography/buono/s_011.html","http://www.helloproject.com/discography/buono/s_011.html","#cite_ref-21","http://www.helloproject.com/discography/buono/s_012.html","http://www.helloproject.com/discography/buono/s_012.html","#cite_ref-22","http://www.gomen-nasai.com","http://www.gomen-nasai.com","/w/index.php?title=Buono!&action=edit&section=12","http://www.youtube.com/buonochannel","http://buono-net.com/","http://ameblo.jp/viva-buono","http://www.helloproject.com/buono/","http://www.helloproject.com/newslist/buono_07210005.html","http://shugo-chara.com","/wiki/Template:Buono!","/wiki/Template_talk:Buono!","//en.wikipedia.org/w/index.php?title=Template:Buono!&action=edit","/wiki/Airi_Suzuki","/wiki/Cute_(Japanese_band)","/wiki/Miyabi_Natsuyaki","/wiki/Berryz_Kobo","/wiki/Momoko_Tsugunaga","/wiki/Honto_no_Jibun","/wiki/Ren%27ai_Rider","/wiki/Kiss!_Kiss!_Kiss!","/wiki/Gachinko_de_Ik%C5%8D!","/wiki/Rottara_Rottara","/wiki/Co-no-Mi-chi","/wiki/My_Boy_(Buono!_song)","/wiki/Take_It_Easy!","/wiki/Bravo_Bravo_(song)","/wiki/Our_Songs","/w/index.php?title=Zass%C5%8D_no_Uta&action=edit&redlink=1","/w/index.php?title=Natsu_Dakara!&action=edit&redlink=1","/wiki/Hatsukoi_Cider_/_Deep_Mind","/wiki/Caf%C3%A9_Buono!","/wiki/Buono!2","/wiki/We_Are_Buono!","/wiki/Partenza","/wiki/Sherbet_(EP)","/w/index.php?title=The_Best_Buono!&action=edit&redlink=1","/wiki/Berryz_Kobo","/wiki/Cute_(Japanese_band)","/wiki/Hello!_Project","/wiki/Shugo_Chara!","/wiki/Template:Hello!_Project","/wiki/Template_talk:Hello!_Project","//en.wikipedia.org/w/index.php?title=Template:Hello!_Project&action=edit","/wiki/Hello!_Project","/wiki/Morning_Musume","/wiki/Sayumi_Michishige","/wiki/Reina_Tanaka","/wiki/Mizuki_Fukumura","/wiki/Erina_Ikuta","/wiki/Riho_Sayashi","/wiki/Kanon_Suzuki","/wiki/Haruna_Iikubo","/wiki/Ayumi_Ishida_(Morning_Musume_member)","/wiki/Masaki_Sato","/wiki/Haruka_Kudo_(singer)","/wiki/Sakura_Oda","/wiki/Berryz_Kobo","/wiki/Saki_Shimizu","/wiki/Momoko_Tsugunaga","/wiki/Chinami_Tokunaga","/wiki/Maasa_Sudo","/wiki/Miyabi_Natsuyaki","/wiki/Yurina_Kumai","/wiki/Risako_Sugaya","/wiki/Cute_(Japanese_band)","/wiki/Maimi_Yajima","/wiki/Saki_Nakajima_(singer)","/wiki/Airi_Suzuki","/wiki/Chisato_Okai","/wiki/Mai_Hagiwara","/wiki/S/mileage","/wiki/Ayaka_Wada","/wiki/Kanon_Fukuda","/wiki/Kana_Nakanishi","/wiki/Akari_Takeuchi","/wiki/Rina_Katsuta","/wiki/Meimi_Tamura","/wiki/Aika_Mitsui","/wiki/Hello!_Pro_Egg","/w/index.php?title=Rie_Kaneko&action=edit&redlink=1","/wiki/Karin_Miyamoto","/w/index.php?title=Sayuki_Takagi&action=edit&redlink=1","/w/index.php?title=Nanami_Tanabe&action=edit&redlink=1","/w/index.php?title=Kurumi_Yoshihashi&action=edit&redlink=1","/w/index.php?title=Natsumi_Taguchi&action=edit&redlink=1","/w/index.php?title=Ayano_Hamaura&action=edit&redlink=1","/w/index.php?title=Aina_Otsuka&action=edit&redlink=1","/w/index.php?title=Rena_Ogawa&action=edit&redlink=1","/w/index.php?title=Fuyuka_Kosuga&action=edit&redlink=1","/w/index.php?title=Akari_Uemura&action=edit&redlink=1","/w/index.php?title=Mizuki_Murota&action=edit&redlink=1","/w/index.php?title=Rise_Okamura&action=edit&redlink=1","/w/index.php?title=Riko_Yamagishi&action=edit&redlink=1","/w/index.php?title=Minami_Nomura&action=edit&redlink=1","/w/index.php?title=Tomoko_Kanazawa&action=edit&redlink=1","/w/index.php?title=Reina_Ichioka&action=edit&redlink=1","/w/index.php?title=Kaede_Kaga&action=edit&redlink=1","/w/index.php?title=Yumeno_Kishimoto&action=edit&redlink=1","/w/index.php?title=Maria_Makino&action=edit&redlink=1","/w/index.php?title=Sakurako_Wada&action=edit&redlink=1","/wiki/Aa!","/w/index.php?title=Athena_%26_Robikerotts&action=edit&redlink=1","/wiki/Coconuts_Musume","/wiki/Country_Musume","/wiki/Def.Diva","/wiki/Ecomoni","/wiki/GAM_(group)","/wiki/Gomatt%C5%8D","/wiki/Guardians_4","/wiki/H.P._All_Stars","/wiki/High-King","/wiki/Hello!_Project_shuffle_units","/wiki/Koharu_Kusumi","/wiki/Kira_Pika","/wiki/Lilpri","/wiki/MilkyWay","/wiki/Minimoni","/wiki/Morning_Musume_Sakuragumi","/wiki/Morning_Musume_Otomegumi","/wiki/Morning_Musume_Tanj%C5%8D_10nen_Kinentai","/w/index.php?title=Natsumi_Abe_%26_Maimi_Yajima_(Cute)&action=edit&redlink=1","/wiki/Nochiura_Natsumi","/wiki/Petitmoni","/w/index.php?title=Pocky_Girls&action=edit&redlink=1","/w/index.php?title=Sheki_Dol&action=edit&redlink=1","/wiki/Shugo_Chara_Egg!","/wiki/Taiy%C5%8D_to_Ciscomoon","/wiki/Tanpopo","/wiki/Romans_(group)","/wiki/V-u-den","/w/index.php?title=Venus_Mousse&action=edit&redlink=1","/wiki/W_(group)","/wiki/ZYX","/wiki/Melon_Kinenbi","/wiki/Ongaku_Gatas","/w/index.php?title=The_Possible_(group)&action=edit&redlink=1","/wiki/Ice_Creamusume","/w/index.php?title=Si-Na&action=edit&redlink=1","/w/index.php?title=Francis_%26_Aiko&action=edit&redlink=1","/wiki/Michiyo_Heike","/w/index.php?title=Chinatsu_Miyoshi&action=edit&redlink=1","/wiki/Yuki_Maeda","/wiki/Aya_Matsuura","/wiki/Atsuko_Inaba","/wiki/Yuko_Nakazawa","/w/index.php?title=Rika_Ishii&action=edit&redlink=1","/wiki/Miki_Fujimoto","/wiki/Maki_Goto","/wiki/Kei_Yasuda","/wiki/Natsumi_Abe","/wiki/Kaori_Iida","/wiki/Mari_Yaguchi","/wiki/Makoto_Ogawa","/wiki/Nozomi_Tsuji","/wiki/Hitomi_Yoshizawa","/wiki/Asami_Konno","/wiki/Rika_Ishikawa","/wiki/Erika_Miyoshi","/wiki/Yui_Okada","/wiki/Erina_Mano","/wiki/Dream_Morning_Musume","/wiki/Gatas_Brilhantes_H.P.","/wiki/Hello!_Project#Former_artists_and_groups","/wiki/Haromoni@","/wiki/Hello!_Morning","/wiki/Hello_Pro!_Time","/wiki/Hello!_Project_Kids","/wiki/Kirarin_Revolution","/wiki/Single_V","/wiki/Tsunku","/w/index.php?title=Up-Front_Works&action=edit&redlink=1","/wiki/Yorosen!","/wiki/Busu_ni_Naranai_Tetsugaku","/wiki/S%C5%ABgaku_Joshi_Gakuen","http://en.wikipedia.org/w/index.php?title=Buono!&oldid=544917487","/wiki/Help:Categories","/wiki/Category:Buono!","/wiki/Category:Japanese_girl_groups","/wiki/Category:Japanese_idol_groups","/wiki/Category:Hello!_Project_groups","/wiki/Category:Japanese_pop_music_groups","/wiki/Category:Japanese_rock_music_groups","/wiki/Category:Japanese_pop_rock_music_groups","/wiki/Category:Musical_groups_established_in_2007","/wiki/Category:2007_establishments_in_Japan","/wiki/Category:Musical_groups_from_Tokyo","/wiki/Category:Child_musical_groups","/wiki/Category:Articles_with_hCards","/wiki/Category:Articles_containing_Japanese_language_text","/wiki/Category:Articles_with_Japanese_language_external_links","/w/index.php?title=Special:UserLogin&returnto=Buono%21&type=signup","/w/index.php?title=Special:UserLogin&returnto=Buono%21","/wiki/Buono!","/wiki/Talk:Buono!","#","/wiki/Buono!","/w/index.php?title=Buono!&action=edit","/w/index.php?title=Buono!&action=history","#","/w/index.php","//bits.wikimedia.org/static-1.21wmf11/skins/vector/images/search-ltr.png?303-4","/wiki/Main_Page","/wiki/Main_Page","/wiki/Portal:Contents","/wiki/Portal:Featured_content","/wiki/Portal:Current_events","/wiki/Special:Random","//donate.wikimedia.org/wiki/Special:FundraiserRedirector?utm_source=donate&utm_medium=sidebar&utm_campaign=C13_en.wikipedia.org&uselang=en","/wiki/Help:Contents","/wiki/Wikipedia:About","/wiki/Wikipedia:Community_portal","/wiki/Special:RecentChanges","/wiki/Wikipedia:Contact_us","/wiki/Special:WhatLinksHere/Buono!","/wiki/Special:RecentChangesLinked/Buono!","/wiki/Wikipedia:File_Upload_Wizard","/wiki/Special:SpecialPages","/w/index.php?title=Buono!&oldid=544917487","/w/index.php?title=Buono!&action=info","/w/index.php?title=Special:Cite&page=Buono%21&id=544917487","/w/index.php?title=Special:Book&bookcmd=book_creator&referer=Buono%21","/w/index.php?title=Special:Book&bookcmd=render_article&arttitle=Buono%21&oldid=544917487&writer=rl","/w/index.php?title=Buono!&printable=yes","//bg.wikipedia.org/wiki/%D0%91%D0%BE%D0%BD%D0%BE!","//de.wikipedia.org/wiki/Buono!","//es.wikipedia.org/wiki/Buono!","//fr.wikipedia.org/wiki/Buono!","//gl.wikipedia.org/wiki/Buono!","//ko.wikipedia.org/wiki/Buono!","//id.wikipedia.org/wiki/Buono!","//it.wikipedia.org/wiki/Buono!","//ms.wikipedia.org/wiki/Buono!","//ja.wikipedia.org/wiki/Buono!","//pl.wikipedia.org/wiki/Buono!","//pt.wikipedia.org/wiki/Buono!","//ru.wikipedia.org/wiki/Buono!","//fi.wikipedia.org/wiki/Buono!","//th.wikipedia.org/wiki/%E0%B9%82%E0%B8%9A%E0%B9%82%E0%B8%99!","//zh.wikipedia.org/wiki/Buono!","//www.wikidata.org/wiki/Special:ItemByTitle/enwiki/Buono!","//en.wikipedia.org/wiki/Wikipedia:Text_of_Creative_Commons_Attribution-ShareAlike_3.0_Unported_License","//creativecommons.org/licenses/by-sa/3.0/","//wikimediafoundation.org/wiki/Terms_of_Use","//www.wikimediafoundation.org/","//en.wikipedia.org/wiki/Wikipedia:Contact_us","//wikimediafoundation.org/wiki/Privacy_policy","/wiki/Wikipedia:About","/wiki/Wikipedia:General_disclaimer","http://en.m.wikipedia.org/wiki/Buono!","//wikimediafoundation.org/","//bits.wikimedia.org/images/wikimedia-button.png","//www.mediawiki.org/","//bits.wikimedia.org/static-1.21wmf11/skins/common/images/poweredby_mediawiki_88x31.png","//bits.wikimedia.org/en.wikipedia.org/load.php?debug=false&lang=en&modules=skins.vector&only=scripts&skin=vector&*","/w/index.php?title=MediaWiki:Gadget-ReferenceTooltips.js&action=raw&ctype=text/javascript&508635914","//bits.wikimedia.org/en.wikipedia.org/load.php?debug=false&lang=en&modules=site&only=scripts&skin=vector&*"],"instances":["japanese_band"],"pdf":[],"categories":["Buono!|","Japanese girl groups","Japanese idol groups","Hello! Project groups","Japanese pop music groups","Japanese rock music groups","Japanese pop rock music groups","Musical groups established in 2007","2007 establishments in Japan","Musical groups from Tokyo","Child musical groups"],"headings":["Members","History","Discography","DVDs","Commercials and infomercials","References","External links"],"image":["//bits.wikimedia.org/static-1.21wmf11/skins/vector/images/search-ltr.png?303-4","//bits.wikimedia.org/images/wikimedia-button.png","//bits.wikimedia.org/static-1.21wmf11/skins/common/images/poweredby_mediawiki_88x31.png"],"tags":[["cute","japanese_band"],["cute","japanese_band"],["cute","japanese_band"],["my_boy","buono!_song"]],"members":["my_boy","cute"],"related":["Pop_music","Pop_rock","Pop_punk","Power_pop","Teen_pop","Japan","Pony_Canyon","Zetima","Berryz_Kobo","Cute_(Japanese_band)","Shugo_Chara_Egg!","Hello!_Project_Kids","Momoko_Tsugunaga","Miyabi_Natsuyaki","Airi_Suzuki","Hello!_Project","Momoko_Tsugunaga","Miyabi_Natsuyaki","Berryz_Koubou","Airi_Suzuki","Cute_(Japanese_band)","Italian_language","Chiba_Prefecture","Berryz_Kobo","Cute_(Japanese_band)","Sunshine_City,_Tokyo","Kokoro_no_Tamago","Honto_no_Jibun","Anime","Shugo_Chara_Egg!","Guardians_4","Stockholm","Sweden","Pony_Canyon","Zetima","Paris","France","Rino_Sashihara","AKB48","Nippon_Budokan","Idoling!!!","Shiritsu_Ebisu_Chūgaku","Super_Girls","Tokyo_Girls'_Style","Nogizaka46","Passpo","Momoiro_Clover_Z","Watarirouka_Hashiritai_7","Oricon","Oricon","Oricon","Oricon","Oricon","Oricon","Oricon","Oricon","Kiss!_Kiss!_Kiss!","My_Boy_(Buono!_song)","Take_It_Easy!","Our_Songs","Pizza-La","Piranha_3D","Pizza-La"]}