{"cursor":"803","size":15,"audio":[],"currentlang":"en","article":"'Kem' may refer to:\n","linknr":103,"url":"Kem_(disambiguation)","recorded":1363400995,"links":["/w/index.php?title=Kem&action=edit","/w/index.php?title=Kem&action=edit","//en.wikipedia.org/apple-touch-icon.png","//bits.wikimedia.org/favicon/wikipedia.ico","/w/opensearch_desc.php","//en.wikipedia.org/w/api.php?action=rsd","//creativecommons.org/licenses/by-sa/3.0/","/w/index.php?title=Special:RecentChanges&feed=atom","/wiki/Kem","//bits.wikimedia.org/en.wikipedia.org/load.php?debug=false&lang=en&modules=ext.gadget.DRN-wizard%2CReferenceTooltips%2Ccharinsert%2Cteahouse%7Cext.wikihiero%7Cmediawiki.legacy.commonPrint%2Cshared%7Cmw.PopUpMediaTransform%7Cskins.vector&only=styles&skin=vector&*","//bits.wikimedia.org/en.wikipedia.org/load.php?debug=false&lang=en&modules=site&only=styles&skin=vector&*","//bits.wikimedia.org/en.wikipedia.org/load.php?debug=false&lang=en&modules=startup&only=scripts&skin=vector&*","//bits.wikimedia.org/geoiplookup","//meta.wikimedia.org","/w/index.php?title=Kem_(disambiguation)&redirect=no","#mw-head","#p-search","/w/index.php?title=Kem&action=edit&section=1","/wiki/Kem,_Iran","/wiki/Kem,_Russia","/w/index.php?title=Kem,_Uganda&action=edit&redlink=1","/w/index.php?title=KEM,Akola,_Maharashtra&action=edit&redlink=1","/w/index.php?title=Kem_(crater)&action=edit&redlink=1","/wiki/King_Edward_Mine","/wiki/Kem_River","/wiki/Kemi-Tornio_Airport","/wiki/Kemi_railway_station","/w/index.php?title=Kem&action=edit&section=2","/wiki/Kem_(singer)","/w/index.php?title=Kem_(Producer/DJ)&action=edit&redlink=1","/wiki/Breakbeat","/w/index.php?title=Kem&action=edit&section=3","/wiki/Flatbed_editor","/wiki/Kill_Em_All","/wiki/United_States_Playing_Card_Company","/wiki/File:Disambig_gray.svg","//upload.wikimedia.org/wikipedia/en/thumb/5/5f/Disambig_gray.svg/30px-Disambig_gray.svg.png","/wiki/Help:Disambiguation","//en.wikipedia.org/w/index.php?title=Special:WhatLinksHere/Kem&namespace=0","http://en.wikipedia.org/w/index.php?title=Kem&oldid=540485724","/wiki/Help:Categories","/wiki/Category:Disambiguation_pages","/wiki/Category:Place_name_disambiguation_pages","/wiki/Category:All_article_disambiguation_pages","/wiki/Category:All_disambiguation_pages","/w/index.php?title=Special:UserLogin&returnto=Kem&type=signup","/w/index.php?title=Special:UserLogin&returnto=Kem","/wiki/Kem","/wiki/Talk:Kem","#","/wiki/Kem","/w/index.php?title=Kem&action=edit","/w/index.php?title=Kem&action=history","#","/w/index.php","//bits.wikimedia.org/static-1.21wmf11/skins/vector/images/search-ltr.png?303-4","/wiki/Main_Page","/wiki/Main_Page","/wiki/Portal:Contents","/wiki/Portal:Featured_content","/wiki/Portal:Current_events","/wiki/Special:Random","//donate.wikimedia.org/wiki/Special:FundraiserRedirector?utm_source=donate&utm_medium=sidebar&utm_campaign=C13_en.wikipedia.org&uselang=en","/wiki/Help:Contents","/wiki/Wikipedia:About","/wiki/Wikipedia:Community_portal","/wiki/Special:RecentChanges","/wiki/Wikipedia:Contact_us","/wiki/Special:WhatLinksHere/Kem","/wiki/Special:RecentChangesLinked/Kem","/wiki/Wikipedia:File_Upload_Wizard","/wiki/Special:SpecialPages","/w/index.php?title=Kem&oldid=540485724","/w/index.php?title=Kem&action=info","/w/index.php?title=Special:Cite&page=Kem&id=540485724","/w/index.php?title=Special:Book&bookcmd=book_creator&referer=Kem","/w/index.php?title=Special:Book&bookcmd=render_article&arttitle=Kem&oldid=540485724&writer=rl","/w/index.php?title=Kem&printable=yes","//de.wikipedia.org/wiki/KEM","//es.wikipedia.org/wiki/Kem_(desambiguaci%C3%B3n)","//fr.wikipedia.org/wiki/Kem","//it.wikipedia.org/wiki/KEM","//nl.wikipedia.org/wiki/Kem","//ja.wikipedia.org/wiki/KEM","//pl.wikipedia.org/wiki/Kem","//sco.wikipedia.org/wiki/Kem","//fi.wikipedia.org/wiki/Kem","//www.wikidata.org/wiki/Special:ItemByTitle/enwiki/Kem","//en.wikipedia.org/wiki/Wikipedia:Text_of_Creative_Commons_Attribution-ShareAlike_3.0_Unported_License","//creativecommons.org/licenses/by-sa/3.0/","//wikimediafoundation.org/wiki/Terms_of_Use","//www.wikimediafoundation.org/","//en.wikipedia.org/wiki/Wikipedia:Contact_us","//wikimediafoundation.org/wiki/Privacy_policy","/wiki/Wikipedia:About","/wiki/Wikipedia:General_disclaimer","http://en.m.wikipedia.org/wiki/Kem","//wikimediafoundation.org/","//bits.wikimedia.org/images/wikimedia-button.png","//www.mediawiki.org/","//bits.wikimedia.org/static-1.21wmf11/skins/common/images/poweredby_mediawiki_88x31.png","//bits.wikimedia.org/en.wikipedia.org/load.php?debug=false&lang=en&modules=skins.vector&only=scripts&skin=vector&*","/w/index.php?title=MediaWiki:Gadget-ReferenceTooltips.js&action=raw&ctype=text/javascript&508635914","//bits.wikimedia.org/en.wikipedia.org/load.php?debug=false&lang=en&modules=site&only=scripts&skin=vector&*"],"instances":[],"pdf":[],"categories":[],"headings":["Places","People","Other"],"image":["//upload.wikimedia.org/wikipedia/en/thumb/5/5f/Disambig_gray.svg/30px-Disambig_gray.svg.png","//bits.wikimedia.org/static-1.21wmf11/skins/vector/images/search-ltr.png?303-4","//bits.wikimedia.org/images/wikimedia-button.png","//bits.wikimedia.org/static-1.21wmf11/skins/common/images/poweredby_mediawiki_88x31.png"],"tags":[["kem","crater"],["kem","singer"],["kem","producer/dj"]],"members":["kem"],"related":["Kem,_Iran","Kem,_Russia","Kem,_Uganda","KEM,Akola,_Maharashtra","Kem_(crater)","King_Edward_Mine","Kem_River","Kemi-Tornio_Airport","Kemi_railway_station","Kem_(singer)","Kem_(Producer/DJ)","Breakbeat","Flatbed_editor","Kill_Em_All","United_States_Playing_Card_Company"]}