{"cursor":"603","size":15,"audio":[],"currentlang":"en","article":"\n\n'Exclusion' may refer to:\n\n*Expulsion (academia), exclusion from school or college *Exclusion Bill, 17th\ncentury attempt to ensure a Protestant succession in England *Diagnosis of\nexclusion, medical diagnosis by elimination *Exclusionary rule, legal principle\nin the United States\n","linknr":87,"url":"exclusion","recorded":1363413659,"links":["/w/index.php?title=Exclusion&action=edit","/w/index.php?title=Exclusion&action=edit","//en.wikipedia.org/apple-touch-icon.png","//bits.wikimedia.org/favicon/wikipedia.ico","/w/opensearch_desc.php","//en.wikipedia.org/w/api.php?action=rsd","//creativecommons.org/licenses/by-sa/3.0/","/w/index.php?title=Special:RecentChanges&feed=atom","//bits.wikimedia.org/en.wikipedia.org/load.php?debug=false&lang=en&modules=ext.gadget.DRN-wizard%2CReferenceTooltips%2Ccharinsert%2Cteahouse%7Cext.wikihiero%7Cmediawiki.legacy.commonPrint%2Cshared%7Cmw.PopUpMediaTransform%7Cskins.vector&only=styles&skin=vector&*","//bits.wikimedia.org/en.wikipedia.org/load.php?debug=false&lang=en&modules=site&only=styles&skin=vector&*","//bits.wikimedia.org/en.wikipedia.org/load.php?debug=false&lang=en&modules=startup&only=scripts&skin=vector&*","//bits.wikimedia.org/geoiplookup","//meta.wikimedia.org","#mw-head","#p-search","/wiki/Wikipedia:Template_inclusion","//upload.wikimedia.org/wikipedia/commons/thumb/f/f8/Wiktionary-logo-en.svg/37px-Wiktionary-logo-en.svg.png","//en.wiktionary.org/wiki/exclusion","/wiki/Expulsion_(academia)","/wiki/Exclusion_Bill","/wiki/Diagnosis_of_exclusion","/wiki/Exclusionary_rule","/w/index.php?title=Exclusion&action=edit&section=1","/wiki/Inclusion_(disambiguation)","/wiki/Inclusive_(disambiguation)","/wiki/Exclusive_(disambiguation)","/wiki/Transclusion","/wiki/Outcast","/wiki/File:Disambig_gray.svg","//upload.wikimedia.org/wikipedia/en/thumb/5/5f/Disambig_gray.svg/30px-Disambig_gray.svg.png","/wiki/Help:Disambiguation","//en.wikipedia.org/w/index.php?title=Special:WhatLinksHere/Exclusion&namespace=0","http://en.wikipedia.org/w/index.php?title=Exclusion&oldid=384791721","/wiki/Help:Categories","/wiki/Category:Disambiguation_pages","/wiki/Category:All_article_disambiguation_pages","/wiki/Category:All_disambiguation_pages","/w/index.php?title=Special:UserLogin&returnto=Exclusion&type=signup","/w/index.php?title=Special:UserLogin&returnto=Exclusion","/wiki/Exclusion","/wiki/Talk:Exclusion","#","/wiki/Exclusion","/w/index.php?title=Exclusion&action=edit","/w/index.php?title=Exclusion&action=history","#","/w/index.php","//bits.wikimedia.org/static-1.21wmf10/skins/vector/images/search-ltr.png?303-4","/wiki/Main_Page","/wiki/Main_Page","/wiki/Portal:Contents","/wiki/Portal:Featured_content","/wiki/Portal:Current_events","/wiki/Special:Random","//donate.wikimedia.org/wiki/Special:FundraiserRedirector?utm_source=donate&utm_medium=sidebar&utm_campaign=C13_en.wikipedia.org&uselang=en","/wiki/Help:Contents","/wiki/Wikipedia:About","/wiki/Wikipedia:Community_portal","/wiki/Special:RecentChanges","/wiki/Wikipedia:Contact_us","/wiki/Special:WhatLinksHere/Exclusion","/wiki/Special:RecentChangesLinked/Exclusion","/wiki/Wikipedia:File_Upload_Wizard","/wiki/Special:SpecialPages","/w/index.php?title=Exclusion&oldid=384791721","/w/index.php?title=Exclusion&action=info","/w/index.php?title=Special:Cite&page=Exclusion&id=384791721","/w/index.php?title=Special:Book&bookcmd=book_creator&referer=Exclusion","/w/index.php?title=Special:Book&bookcmd=render_article&arttitle=Exclusion&oldid=384791721&writer=rl","/w/index.php?title=Exclusion&printable=yes","//nl.wikipedia.org/wiki/Uitsluiting","//www.wikidata.org/wiki/Special:ItemByTitle/enwiki/Exclusion","//en.wikipedia.org/wiki/Wikipedia:Text_of_Creative_Commons_Attribution-ShareAlike_3.0_Unported_License","//creativecommons.org/licenses/by-sa/3.0/","//wikimediafoundation.org/wiki/Terms_of_Use","//www.wikimediafoundation.org/","//en.wikipedia.org/wiki/Wikipedia:Contact_us","//wikimediafoundation.org/wiki/Privacy_policy","/wiki/Wikipedia:About","/wiki/Wikipedia:General_disclaimer","http://en.m.wikipedia.org/wiki/Exclusion","//wikimediafoundation.org/","//bits.wikimedia.org/images/wikimedia-button.png","//www.mediawiki.org/","//bits.wikimedia.org/static-1.21wmf10/skins/common/images/poweredby_mediawiki_88x31.png","//bits.wikimedia.org/en.wikipedia.org/load.php?debug=false&lang=en&modules=skins.vector&only=scripts&skin=vector&*","/w/index.php?title=MediaWiki:Gadget-ReferenceTooltips.js&action=raw&ctype=text/javascript&508635914","//bits.wikimedia.org/en.wikipedia.org/load.php?debug=false&lang=en&modules=site&only=scripts&skin=vector&*"],"instances":["disambiguation","disambiguation","disambiguation","academia"],"pdf":[],"categories":[],"headings":["See also"],"image":["//upload.wikimedia.org/wikipedia/commons/thumb/f/f8/Wiktionary-logo-en.svg/37px-Wiktionary-logo-en.svg.png","//upload.wikimedia.org/wikipedia/en/thumb/5/5f/Disambig_gray.svg/30px-Disambig_gray.svg.png","//bits.wikimedia.org/static-1.21wmf10/skins/vector/images/search-ltr.png?303-4","//bits.wikimedia.org/images/wikimedia-button.png","//bits.wikimedia.org/static-1.21wmf10/skins/common/images/poweredby_mediawiki_88x31.png"],"tags":[["expulsion","academia"],["inclusion","disambiguation"],["inclusive","disambiguation"],["exclusive","disambiguation"]],"members":["inclusive","inclusion","exclusive","expulsion"],"related":["Expulsion_(academia)","Exclusion_Bill","Diagnosis_of_exclusion","Exclusionary_rule","Inclusion_(disambiguation)","Inclusive_(disambiguation)","Exclusive_(disambiguation)","Transclusion","Outcast"]}