{"cursor":"31377","size":15,"audio":[],"currentlang":"en","article":"\n\n\n\n'Houston Heights' (often referred to simply as \"'The Heights'\") is a community\nlocated in northwest-central Houston, Texas (USA). \"The Heights\" is often\nreferred to colloquially to describe a larger collection of neighborhoods\nadjacent to and including the actual Houston Heights. However, Houston Heights\nhas its own history, distinct from Norhill and Woodland Heights.\n","linknr":681,"url":"Houston_Heights","recorded":1364059277,"links":["/w/index.php?title=Houston_Heights&action=edit","/w/index.php?title=Houston_Heights&action=edit","//en.wikipedia.org/apple-touch-icon.png","//bits.wikimedia.org/favicon/wikipedia.ico","/w/opensearch_desc.php","//en.wikipedia.org/w/api.php?action=rsd","//creativecommons.org/licenses/by-sa/3.0/","/w/index.php?title=Special:RecentChanges&feed=atom","//bits.wikimedia.org/en.wikipedia.org/load.php?debug=false&lang=en&modules=ext.gadget.DRN-wizard%2CReferenceTooltips%2Ccharinsert%2Cteahouse%7Cext.wikihiero%7Cmediawiki.legacy.commonPrint%2Cshared%7Cmw.PopUpMediaTransform%7Cskins.vector&only=styles&skin=vector&*","//bits.wikimedia.org/en.wikipedia.org/load.php?debug=false&lang=en&modules=site&only=styles&skin=vector&*","//bits.wikimedia.org/en.wikipedia.org/load.php?debug=false&lang=en&modules=startup&only=scripts&skin=vector&*","//bits.wikimedia.org/geoiplookup","//meta.wikimedia.org","#mw-head","#p-search","/wiki/Geographic_coordinate_system","http://toolserver.org/~geohack/geohack.php?pagename=Houston_Heights&params=29.79807_N_-95.39783_E_type:city_region:US-TX","/wiki/File:HeightsTheater.JPG","//upload.wikimedia.org/wikipedia/commons/thumb/8/8a/HeightsTheater.JPG/220px-HeightsTheater.JPG","/wiki/File:HeightsTheater.JPG","//bits.wikimedia.org/static-1.21wmf11/skins/common/images/magnify-clip.png","/wiki/Houston","/wiki/Texas","/wiki/United_States","/wiki/Norhill,_Houston","/wiki/Woodland_Heights,_Houston","#History","#Cityscape","#Government_and_infrastructure","#Local_government","#County.2C_state.2C_and_federal_representation","#Demographics","#Racial_Breakdown","#Age_Breakdown","#Transportation","#Culture","#Education","#Colleges_and_universities","#Primary_and_secondary_schools","#History_of_schools_in_the_Houston_Heights","#Gallery_of_schools","#Public_libraries","#Parks_and_recreation","#Community_Information","#See_also","#References","#External_links","/w/index.php?title=Houston_Heights&action=edit&section=1","/wiki/File:HoustonHeightsFormerCityHall.JPG","//upload.wikimedia.org/wikipedia/commons/thumb/7/7b/HoustonHeightsFormerCityHall.JPG/220px-HoustonHeightsFormerCityHall.JPG","/wiki/File:HoustonHeightsFormerCityHall.JPG","//bits.wikimedia.org/static-1.21wmf11/skins/common/images/magnify-clip.png","/wiki/Houston_Heights_Fire_Station","/wiki/File:Houston_Fire_Station_14.jpeg","//upload.wikimedia.org/wikipedia/commons/thumb/1/1b/Houston_Fire_Station_14.jpeg/220px-Houston_Fire_Station_14.jpeg","/wiki/File:Houston_Fire_Station_14.jpeg","//bits.wikimedia.org/static-1.21wmf11/skins/common/images/magnify-clip.png","/wiki/File:Map_of_Houston_Heights.jpg","//upload.wikimedia.org/wikipedia/commons/thumb/5/50/Map_of_Houston_Heights.jpg/220px-Map_of_Houston_Heights.jpg","/wiki/File:Map_of_Houston_Heights.jpg","//bits.wikimedia.org/static-1.21wmf11/skins/common/images/magnify-clip.png","/wiki/United_States_dollar","/wiki/Streetcar_suburb","#cite_note-History-1","/wiki/World_War_II","#cite_note-NatGeo-2","#cite_note-History-1","/wiki/Dean_Corll","#cite_note-Bardsley-3","#cite_note-4","#cite_note-5","/wiki/Interstate_610","/wiki/Gentrification","/wiki/Bellaire,_Texas","/wiki/Neartown_Houston","/wiki/Upper_Kirby","/wiki/Jail","#cite_note-6","#cite_note-7","/w/index.php?title=Houston_Heights&action=edit&section=2","/wiki/Planned_community","/wiki/Downtown_Houston","/wiki/National_Geographic_(magazine)","#cite_note-NatGeo-2","/wiki/Austin,_Texas","#cite_note-8","/wiki/University_of_Houston","#cite_note-9","/w/index.php?title=Houston_Heights&action=edit&section=3","/w/index.php?title=Houston_Heights&action=edit&section=4","/wiki/File:HoustonFireStation15Heights.JPG","//upload.wikimedia.org/wikipedia/commons/thumb/0/0f/HoustonFireStation15Heights.JPG/220px-HoustonFireStation15Heights.JPG","/wiki/File:HoustonFireStation15Heights.JPG","//bits.wikimedia.org/static-1.21wmf11/skins/common/images/magnify-clip.png","/wiki/Alcohol","#cite_note-10","#cite_note-NatGeo-2","/wiki/File:Backyard_of_Station_14.jpg","//upload.wikimedia.org/wikipedia/commons/thumb/8/84/Backyard_of_Station_14.jpg/220px-Backyard_of_Station_14.jpg","/wiki/File:Backyard_of_Station_14.jpg","//bits.wikimedia.org/static-1.21wmf11/skins/common/images/magnify-clip.png","/wiki/Houston_Fire_Department","/wiki/Northside,_Houston","#cite_note-11","#cite_note-NorthsideMap-12","#cite_note-13","#cite_note-14","/wiki/Houston_Police_Department","#cite_note-15","#cite_note-VIPCops-16","/wiki/File:HeightsPoliceStorefrontHoustonTX.JPG","//upload.wikimedia.org/wikipedia/commons/thumb/1/14/HeightsPoliceStorefrontHoustonTX.JPG/220px-HeightsPoliceStorefrontHoustonTX.JPG","/wiki/File:HeightsPoliceStorefrontHoustonTX.JPG","//bits.wikimedia.org/static-1.21wmf11/skins/common/images/magnify-clip.png","/wiki/Houston_City_Council","#cite_note-17","#cite_note-Heightsmap-18","#cite_note-19","/wiki/Montrose,_Houston","/wiki/Rice_University","/wiki/Houston_Chronicle","#cite_note-MoranCityCounc-20","#cite_note-21","#cite_note-22","/wiki/Houston_Chronicle","#cite_note-23","/w/index.php?title=Houston_Heights&action=edit&section=5","/wiki/File:HeightsPostOfficeHoustonTX.JPG","//upload.wikimedia.org/wikipedia/commons/thumb/e/e6/HeightsPostOfficeHoustonTX.JPG/220px-HeightsPostOfficeHoustonTX.JPG","/wiki/File:HeightsPostOfficeHoustonTX.JPG","//bits.wikimedia.org/static-1.21wmf11/skins/common/images/magnify-clip.png","/wiki/United_States_Postal_Service","#cite_note-24","/w/index.php?title=Houston_Heights&action=edit&section=6","/wiki/University_of_Houston","#cite_note-25","/wiki/National_Geographic_(magazine)","#cite_note-NatGeo-2","http://www.houstontx.gov/planning/suprnbhds/landuse/sn15lu.html","http://www.houstonheights.org/map.htm","#cite_note-autogenerated1-26","/w/index.php?title=Houston_Heights&action=edit&section=7","#cite_note-autogenerated1-26","#cite_note-autogenerated1-26","/w/index.php?title=Houston_Heights&action=edit&section=8","#cite_note-autogenerated1-26","#cite_note-autogenerated1-26","/w/index.php?title=Houston_Heights&action=edit&section=9","/wiki/File:HeightsTransitCenter.JPG","//upload.wikimedia.org/wikipedia/commons/thumb/6/6a/HeightsTransitCenter.JPG/220px-HeightsTransitCenter.JPG","/wiki/File:HeightsTransitCenter.JPG","//bits.wikimedia.org/static-1.21wmf11/skins/common/images/magnify-clip.png","/wiki/Metropolitan_Transit_Authority_of_Harris_County,_Texas","#cite_note-27","/w/index.php?title=Houston_Heights&action=edit&section=10","/wiki/National_Geographic_Traveler","#cite_note-NatGeo-2","#cite_note-28","/w/index.php?title=Houston_Heights&action=edit&section=11","/w/index.php?title=Houston_Heights&action=edit&section=12","/wiki/Houston_Community_College","/wiki/Gulf_Coast_Bible_College","/wiki/Oklahoma_City,_Oklahoma","#cite_note-Newchristiancollege-29","/w/index.php?title=Houston_Heights&action=edit&section=13","/wiki/File:HoustonReaganHighSchool.JPG","//upload.wikimedia.org/wikipedia/commons/thumb/d/d1/HoustonReaganHighSchool.JPG/220px-HoustonReaganHighSchool.JPG","/wiki/File:HoustonReaganHighSchool.JPG","//bits.wikimedia.org/static-1.21wmf11/skins/common/images/magnify-clip.png","/wiki/Reagan_High_School_(Houston)","/wiki/Houston_Independent_School_District","#cite_note-Heightsmap-18","#cite_note-30","#cite_note-31","#cite_note-32","#cite_note-33","#cite_note-34","/wiki/Harvard_Elementary_School_(Texas)","#cite_note-35","#cite_note-36","#cite_note-37","#cite_note-38","#cite_note-39","#cite_note-40","#cite_note-41","#cite_note-42","/wiki/Reagan_High_School_(Houston)","/wiki/Waltrip_High_School","#cite_note-43","#cite_note-44","/wiki/English_as_a_foreign_or_second_language","#cite_note-45","#cite_note-46","/wiki/Mandarin_Chinese_Language_Immersion_Magnet_School","/wiki/Bellaire,_Texas","#cite_note-47","/wiki/Charter_school","http://www.greatschools.net/modperl/browse_school/tx/8547","/wiki/Houston_Heights_High_School","http://www.newschoolheights.org/about.cfm","/w/index.php?title=Houston_Outdoor_Learning_Academy&action=edit&redlink=1","#cite_note-48","/w/index.php?title=Houston_Heights&action=edit&section=14","/wiki/File:HamiltonMiddleHouston.JPG","//upload.wikimedia.org/wikipedia/commons/thumb/8/8d/HamiltonMiddleHouston.JPG/220px-HamiltonMiddleHouston.JPG","/wiki/File:HamiltonMiddleHouston.JPG","//bits.wikimedia.org/static-1.21wmf11/skins/common/images/magnify-clip.png","#cite_note-Hajovsky-49","#cite_note-SchoolHistoriesHoustonISD-50","#cite_note-Hajovsky-49","#cite_note-SchoolHistoriesHoustonISD-50","#cite_note-Hajovsky-49","#cite_note-SchoolHistoriesHoustonISD-50","#cite_note-Hajovsky-49","#cite_note-51","#cite_note-SchoolHistoriesHoustonISD-50","#cite_note-52","#cite_note-53","#cite_note-54","#cite_note-Hajovsky-49","#cite_note-Cooleydemoed-55","/w/index.php?title=Houston_Heights&action=edit&section=15","/wiki/File:HarvardESHoustonTX.JPG","//upload.wikimedia.org/wikipedia/commons/thumb/c/cf/HarvardESHoustonTX.JPG/120px-HarvardESHoustonTX.JPG","/wiki/Harvard_Elementary_School_(Texas)","/wiki/File:FieldElementaryHouston.JPG","//upload.wikimedia.org/wikipedia/commons/thumb/2/27/FieldElementaryHouston.JPG/120px-FieldElementaryHouston.JPG","/w/index.php?title=Houston_Heights&action=edit&section=16","/wiki/File:HoustonHeightsLibrary.JPG","//upload.wikimedia.org/wikipedia/commons/thumb/6/67/HoustonHeightsLibrary.JPG/220px-HoustonHeightsLibrary.JPG","/wiki/File:HoustonHeightsLibrary.JPG","//bits.wikimedia.org/static-1.21wmf11/skins/common/images/magnify-clip.png","/wiki/Houston_Public_Library","/wiki/Houston_Public_Library","#cite_note-56","/wiki/Blaxploitation","/wiki/Sugar_Hill_(1974_film)","/wiki/Wikipedia:Citation_needed","/w/index.php?title=Houston_Heights&action=edit&section=17","/wiki/File:MilroyParkHoustonTX.JPG","//upload.wikimedia.org/wikipedia/commons/thumb/f/ff/MilroyParkHoustonTX.JPG/220px-MilroyParkHoustonTX.JPG","/wiki/File:MilroyParkHoustonTX.JPG","//bits.wikimedia.org/static-1.21wmf11/skins/common/images/magnify-clip.png","#cite_note-57","#cite_note-58","#cite_note-59","/wiki/World_War_II","#cite_note-NatGeo-2","/w/index.php?title=Houston_Heights&action=edit&section=18","#cite_note-60","#cite_note-61","/wiki/File:Marmion_Park,_The_Heights,_Houston.jpg","//upload.wikimedia.org/wikipedia/commons/thumb/1/1b/Marmion_Park%2C_The_Heights%2C_Houston.jpg/220px-Marmion_Park%2C_The_Heights%2C_Houston.jpg","/wiki/File:Marmion_Park,_The_Heights,_Houston.jpg","//bits.wikimedia.org/static-1.21wmf11/skins/common/images/magnify-clip.png","#cite_note-62","#cite_note-63","/wiki/File:Houston_Heights_Woman%27s_Club_house.jpg","//upload.wikimedia.org/wikipedia/commons/thumb/c/cb/Houston_Heights_Woman%27s_Club_house.jpg/220px-Houston_Heights_Woman%27s_Club_house.jpg","/wiki/File:Houston_Heights_Woman%27s_Club_house.jpg","//bits.wikimedia.org/static-1.21wmf11/skins/common/images/magnify-clip.png","/w/index.php?title=Houston_Heights&action=edit&section=19","/wiki/File:Flag_of_Houston,_Texas.png","//upload.wikimedia.org/wikipedia/commons/thumb/f/f7/Flag_of_Houston%2C_Texas.png/32px-Flag_of_Houston%2C_Texas.png","/wiki/Portal:Houston","/wiki/History_of_Houston","/wiki/Districts_and_communities_of_Houston","/wiki/Geographic_areas_of_Houston","/w/index.php?title=Houston_Heights&action=edit&section=20","#cite_ref-History_1-0","#cite_ref-History_1-1","http://www.houstonheights.org/overview.htm","#cite_ref-NatGeo_2-0","#cite_ref-NatGeo_2-1","#cite_ref-NatGeo_2-2","#cite_ref-NatGeo_2-3","#cite_ref-NatGeo_2-4","#cite_ref-NatGeo_2-5","http://traveler.nationalgeographic.com/2010/03/on-foot/houston-interactive","/wiki/National_Geographic_(magazine)","#cite_ref-Bardsley_3-0","http://www.trutv.com/library/crime/serial_killers/predators/corll/5b.html","#cite_ref-4","http://www.chron.com/CDA/archives/archive.mpl?id=1991_768298","/wiki/Houston_Chronicle","#cite_ref-5","http://www.houstonheights.org/abouthha.htm","#cite_ref-6","http://www.houstonheights.org/firestation.htm","#cite_ref-7","http://www.chron.com/disp/story.mpl/business/6752371.html","/wiki/Houston_Chronicle","#cite_ref-8","/wiki/Houston_Press","http://www.houstonpress.com/2011-06-09/news/finding-austin/7/","#cite_ref-9","http://www.chron.com/business/article/Inner-Loop-Finding-happiness-as-an-Inner-Looper-1665242.php","/wiki/Houston_Chronicle","#cite_ref-10","http://www.houstontx.gov/planning/planning_studies/ludem/pdf/chap5_area03.pdf","#cite_ref-11","http://www.houstontx.gov/fire/firestations/station15.html","#cite_ref-NorthsideMap_12-0","http://www.greaternorthside.org/_dl/gnmd_map.pdf","/wiki/Greater_Northside_Management_District","#cite_ref-13","http://www.houstontx.gov/fire/firestations/index.html","#cite_ref-14","http://www.houstontx.gov/fire/firestations/station15.html","#cite_ref-15","http://www.houstontx.gov/police/cs/beatpages/central.htm","#cite_ref-VIPCops_16-0","http://www.houstontx.gov/police/vip/vip_cops.htm","#cite_ref-17","http://www.houstontx.gov/council/maps2012/c.pdf","#cite_ref-Heightsmap_18-0","#cite_ref-Heightsmap_18-1","http://www.houstonheights.org/map.htm","#cite_ref-19","http://www.houstontx.gov/council/maps2012/h.pdf","#cite_ref-MoranCityCounc_20-0","http://www.chron.com/news/houston-texas/article/Only-2-city-incumbents-lack-opponents-2159927.php","/wiki/Houston_Chronicle","#cite_ref-21","http://www.chron.com/opinion/editorials/article/Jigsaw-puzzle-Creating-two-new-Houston-City-1684234.php","/wiki/Houston_Chronicle","#cite_ref-22","http://blogs.houstonpress.com/hairballs/2011/04/city_council_redistricting_map.php","/wiki/Houston_Press","#cite_ref-23","http://www.chron.com/CDA/archives/archive.mpl?id=1989_663585","/wiki/Houston_Chronicle","#cite_ref-24","http://usps.whitepages.com/service/post_office/16579?p=1&service_name=post_office&z=77008","/wiki/United_States_Postal_Service","#cite_ref-25","http://ssrn.com/abstract=149458","#cite_ref-autogenerated1_26-0","#cite_ref-autogenerated1_26-1","#cite_ref-autogenerated1_26-2","#cite_ref-autogenerated1_26-3","#cite_ref-autogenerated1_26-4","http://www.houstontx.gov/planning/suprnbhds/2001_demog/15_greaterheights.htm","#cite_ref-27","http://www.houstonbikeways.org/index.php/bikeways/65-mkt-sp-rails-to-trails","#cite_ref-28","http://www.imdb.com/title/tt0128445","#cite_ref-Newchristiancollege_29-0","http://www.chron.com/CDA/archives/archive.mpl/1985_35005/ecumenism-the-byword-on-high-rise-college-campus.html","/wiki/Houston_Chronicle","#cite_ref-30","http://www.houstonisd.org/HISDConnectDS/v/index.jsp?vgnextoid=b591745faf105110VgnVCM10000028147fa6RCRD&vgnextchannel=245b2f796138c010VgnVCM10000052147fa6RCRD","/wiki/Houston_Independent_School_District","#cite_ref-31","http://www.houstonisd.org/HISDConnectEnglish/Home/Board%20of%20Education/Trustees/BoardDistrict_1Map.pdf","/wiki/Houston_Independent_School_District","#cite_ref-32","http://www.houstonisd.org/HISDConnectDS/v/index.jsp?vgnextoid=a36be26e79e0e010VgnVCM10000028147fa6RCRD","/wiki/Houston_Independent_School_District","#cite_ref-33","http://web.archive.org/web/20050702234526/http://www.houstonisd.org/","/wiki/Houston_Independent_School_District","#cite_ref-34","http://web.archive.org/web/20011127030319/www.houstonisd.org/districts/NorthCentral.htm","/wiki/Houston_Independent_School_District","#cite_ref-35","http://dept.houstonisd.org/ab/schoolboundarymaps/CrockettES.pdf","/wiki/Houston_Independent_School_District","#cite_ref-36","http://dept.houstonisd.org/ab/schoolboundarymaps/FieldES.pdf","/wiki/Houston_Independent_School_District","#cite_ref-37","http://dept.houstonisd.org/ab/schoolboundarymaps/HarvardES.pdf","/wiki/Houston_Independent_School_District","#cite_ref-38","http://dept.houstonisd.org/ab/schoolboundarymaps/HelmsES.pdf","/wiki/Houston_Independent_School_District","#cite_ref-39","http://dept.houstonisd.org/ab/schoolboundarymaps/LoveES.pdf","/wiki/Houston_Independent_School_District","#cite_ref-40","http://dept.houstonisd.org/ab/schoolboundarymaps/SinclairES.pdf","/wiki/Houston_Independent_School_District","#cite_ref-41","http://dept.houstonisd.org/ab/schoolboundarymaps/HamiltonMS.pdf","/wiki/Houston_Independent_School_District","#cite_ref-42","http://dept.houstonisd.org/ab/schoolboundarymaps/HoggMS.pdf","/wiki/Houston_Independent_School_District","#cite_ref-43","http://dept.houstonisd.org/ab/schoolboundarymaps/ReaganHS.pdf","/wiki/Houston_Independent_School_District","#cite_ref-44","http://dept.houstonisd.org/ab/schoolboundarymaps/WaltripHS.pdf","/wiki/Houston_Independent_School_District","#cite_ref-45","/wiki/Houston_Press","http://www.houstonpress.com/2001-04-12/news/secrets-of-a-vanguard-parent/","#cite_ref-46","http://houstonisd.org/HISDConnectDS/v/index.jsp?vgnextoid=5dc6e8e64ae14310VgnVCM10000028147fa6RCRD&vgnextchannel=1e236a23fcc4d210VgnVCM10000028147fa6RCRD","/wiki/Houston_Independent_School_District","#cite_ref-47","http://houstonisd.org/HISDConnectDS/v/index.jsp?vgnextoid=71a4d95967615310VgnVCM10000028147fa6RCRD&vgnextchannel=051bdfb83de94310VgnVCM10000028147fa6RCRD","http://www.webcitation.org/65IyT3nfu","http://media.houstonisd.org/communications/Longtail/images/BOEM_ChineseSch_PR.pdf","http://www.webcitation.org/65IyQdogc","/wiki/Houston_Independent_School_District","#cite_ref-48","http://www.chron.com/neighborhood/heights-news/article/Teachers-to-create-independent-Heights-school-2203483.php","/wiki/Houston_Chronicle","#cite_ref-Hajovsky_49-0","#cite_ref-Hajovsky_49-1","#cite_ref-Hajovsky_49-2","#cite_ref-Hajovsky_49-3","#cite_ref-Hajovsky_49-4","http://www.ultimateheights.com/stories/218814-end-of-cooley-school-an-end-of-an-era","/wiki/Houston_Chronicle","#cite_ref-SchoolHistoriesHoustonISD_50-0","#cite_ref-SchoolHistoriesHoustonISD_50-1","#cite_ref-SchoolHistoriesHoustonISD_50-2","#cite_ref-SchoolHistoriesHoustonISD_50-3","http://www.houstonisd.org/HISDConnectDS/v/index.jsp?vgnextoid=0afe09c28afc3110VgnVCM10000028147fa6RCRD&vgnextchannel=2e2b2f796138c010VgnVCM10000052147fa6RCRD","/wiki/Houston_Independent_School_District","#cite_ref-51","http://web.archive.org/web/19970630192140/http://www.houston.isd.tenet.edu/MAX.HTM","/wiki/Houston_Independent_School_District","#cite_ref-52","http://www.click2houston.com/education/2987280/detail.html","/wiki/KPRC-TV","#cite_ref-53","http://web.archive.org/web/20030220142218/http://dept.houstonisd.org/ab/images2/EIGHTH.JPG","/wiki/Houston_Independent_School_District","#cite_ref-54","http://www.chron.com/news/houston-texas/article/HISD-adopts-plan-for-promotions-shuts-4-schools-1573160.php","/wiki/Houston_Chronicle","#cite_ref-Cooleydemoed_55-0","http://blogs.chron.com/primeproperty/2010/12/new_homes_to_replace_cooley_sc.html","/wiki/Houston_Chronicle","#cite_ref-56","http://www.houstonlibrary.org/branches/hei_home.html","/wiki/Houston_Public_Library","#cite_ref-57","http://www.houstontx.gov/parks/ouparksG-N.html","#cite_ref-58","http://www.houstontx.gov/parks/cc-milroy.html","#cite_ref-59","http://www.houstontx.gov/parks/cc-love.html","#cite_ref-60","http://www.houstonheights.org/index.htm","#cite_ref-61","http://www.houstonheights.org/marmionparkrental.htm","#cite_ref-62","http://www.houstonheightswomansclub.com/","#cite_ref-63","http://atlas.thc.state.tx.us","/w/index.php?title=Houston_Heights&action=edit&section=21","//upload.wikimedia.org/wikipedia/en/thumb/4/4a/Commons-logo.svg/30px-Commons-logo.svg.png","//commons.wikimedia.org/wiki/Category:Houston_Heights","http://www.houstonheights.org/index.htm","http://www.operaintheheights.org","/wiki/Incarnate_Word_Academy_(Houston)","http://community.rice.edu/focusresources/books/agatha/index.html","/w/index.php?title=Premier_Printing_Company&action=edit&redlink=1","/wiki/Rice_University","http://community.rice.edu/focusresources/reference/fox.html","/wiki/Rice_University","/wiki/Template:Houston","/wiki/Template_talk:Houston","//en.wikipedia.org/w/index.php?title=Template:Houston&action=edit","/wiki/File:Flag_of_Houston,_Texas.svg","//upload.wikimedia.org/wikipedia/commons/thumb/7/7f/Flag_of_Houston%2C_Texas.svg/22px-Flag_of_Houston%2C_Texas.svg.png","/wiki/Houston","/wiki/History_of_Houston","/wiki/Geography_of_Houston","/wiki/Climate_of_Houston","/wiki/Politics_of_Houston","/wiki/List_of_mayors_of_Houston","/wiki/Economy_of_Houston","/wiki/Demographics_of_Houston","/wiki/Culture_of_Houston","/wiki/Architecture_of_Houston","/wiki/Transportation_in_Houston","/wiki/Education_in_Houston","/wiki/Nicknames_of_Houston","/wiki/Sister_cities_of_Houston","/wiki/Houston_Theater_District","/wiki/Bayou_Place","/wiki/Downtown_Aquarium,_Houston","/wiki/Houston_Museum_District","/wiki/Houston_Zoo","/wiki/Hermann_Park","/wiki/San_Jacinto_Battleground_State_Historic_Site","/wiki/Kemah_Boardwalk","/wiki/Space_Center_Houston","/wiki/SplashTown_Waterpark_Houston","/wiki/The_Galleria_(Houston)","/wiki/Gerald_D._Hines_Waterwall_Park","/wiki/Memorial_Park,_Houston","/wiki/Discovery_Green","/wiki/The_Orange_Show","/wiki/Lee_and_Joe_Jamail_Skatepark","/wiki/University_of_Houston","/wiki/Downtown_Houston","/wiki/Uptown_Houston","/wiki/Texas_Medical_Center","/wiki/Greenway_Plaza","/wiki/Houston_Energy_Corridor","/wiki/Westchase,_Houston","/wiki/Memorial_City,_Houston","/wiki/Greenspoint,_Houston","/wiki/List_of_companies_in_Houston","/wiki/Acres_Homes,_Houston","/wiki/Addicks,_Houston","/wiki/Alief,_Houston","/wiki/Almeda,_Houston","/wiki/Bordersville,_Houston","/wiki/Boulevard_Oaks,_Houston","/wiki/Braeburn,_Houston","/wiki/Braeswood_Place,_Houston","/wiki/Brays_Oaks,_Houston","/wiki/Blue_Ridge,_Houston","/wiki/Chinatown,_Houston","/wiki/Clear_Lake_City_(Greater_Houston)","/wiki/Denver_Harbor,_Houston","/wiki/East_Downtown_Houston","/wiki/East_End,_Houston","/wiki/East_Houston,_Houston","/wiki/Forum_Park,_Houston","/wiki/Genoa,_Houston","/wiki/Glenbrook_Valley,_Houston","/wiki/Greater_Sharpstown,_Houston","/wiki/Gulfton,_Houston","/wiki/Harrisburg,_Houston","/wiki/Hiram_Clarke,_Houston","/wiki/Independence_Heights,_Houston","/wiki/Inwood_Forest,_Houston","/wiki/Kingwood,_Houston","/wiki/Link_Valley,_Houston","/wiki/Magnolia_Park,_Houston","/wiki/Maplewood,_Houston","/wiki/Meyerland,_Houston","/wiki/Midtown,_Houston","/wiki/Montrose_District,_Houston","/wiki/Houston_Museum_District","/wiki/Neartown_Houston","/wiki/Near_Northwest,_Texas","/wiki/North_Shore,_Houston","/wiki/Northside,_Houston","/wiki/Oak_Forest,_Houston","/wiki/River_Oaks,_Houston","/wiki/Riverside_Terrace,_Houston","/wiki/South_Park,_Houston","/wiki/Spring_Branch,_Houston","/wiki/Sunnyside,_Houston","/wiki/Upper_Kirby","/wiki/First_Ward,_Houston","/wiki/Second_Ward,_Houston","/wiki/Third_Ward,_Houston","/wiki/Fourth_Ward,_Houston","/wiki/Fifth_Ward,_Houston","/wiki/Sixth_Ward,_Houston","/wiki/The_six_wards_of_Houston","/wiki/Afton_Oaks,_Houston","/wiki/Brentwood,_Houston","/wiki/Briargrove_Park,_Houston","/wiki/Broadacres,_Houston","/wiki/City_Park,_Houston","/wiki/Clinton_Park,_Houston","/wiki/Cloverland,_Houston","/wiki/Corinthian_Pointe,_Houston","/wiki/Cottage_Grove,_Houston","/wiki/Crestwood/Glen_Cove,_Houston","/wiki/Eastwood,_Houston","/wiki/Garden_Oaks,_Houston","/wiki/Glenshire,_Houston","/wiki/Highland_Village,_Houston","/wiki/Houston_Gardens,_Houston","/wiki/Idylwood,_Houston","/wiki/Kashmere_Gardens,_Houston","/wiki/Larchmont,_Houston","/wiki/Magnolia_Grove,_Houston","/wiki/Montrose,_Houston","/wiki/Morningside_Place,_Houston","/wiki/Near_Northside,_Houston","/wiki/Nottingham_Forest,_Houston","/wiki/Old_Braeswood,_Houston","/wiki/Pecan_Park,_Houston","/wiki/Port_Houston,_Houston","/wiki/Rice_Military,_Houston","/wiki/Richmond_Strip","/wiki/Robindell,_Houston","/wiki/Royal_Oaks_Country_Club","/wiki/Settegast,_Houston","/wiki/Shadyside,_Houston","/wiki/Sharpstown,_Houston","/wiki/Shenandoah,_Houston","/wiki/Southampton,_Houston","/wiki/Southcrest,_Houston","/wiki/Southgate,_Houston","/wiki/Stablewood,_Houston","/wiki/St._George_Place,_Houston","/wiki/Sunset_Terrace/Montclair,_Houston","/wiki/Tanglewood,_Houston","/wiki/University_Oaks,_Houston","/wiki/Walnut_Bend,_Houston","/wiki/Westbury,_Houston","/wiki/West_End_(Houston)","/wiki/West_Oaks,_Houston","/wiki/Westmoreland,_Houston","/wiki/Willow_Meadows,_Houston","/wiki/Willowbend,_Houston","/wiki/Windsor_Village,_Houston","/wiki/Woodland_Heights,_Houston","/wiki/List_of_Houston_neighborhoods","/wiki/University_of_Houston","/wiki/University_of_Houston%E2%80%93Clear_Lake","/wiki/University_of_Houston%E2%80%93Downtown","/wiki/Texas_Southern_University","/wiki/Rice_University","/wiki/Houston_Baptist_University","/wiki/University_of_St._Thomas_(Texas)","/wiki/Houston_Community_College_System","/wiki/Lone_Star_College_System","/wiki/San_Jacinto_College","/wiki/List_of_colleges_and_universities_in_Houston","/wiki/List_of_museums_in_the_Texas_Gulf_Coast","http://en.wikipedia.org/w/index.php?title=Houston_Heights&oldid=544149627","/wiki/Help:Categories","/wiki/Category:Neighborhoods_in_Houston,_Texas","/wiki/Category:Streetcar_suburbs","/wiki/Category:All_articles_with_unsourced_statements","/wiki/Category:Articles_with_unsourced_statements_from_January_2009","/w/index.php?title=Special:UserLogin&returnto=Houston+Heights&type=signup","/w/index.php?title=Special:UserLogin&returnto=Houston+Heights","/wiki/Houston_Heights","/wiki/Talk:Houston_Heights","#","/wiki/Houston_Heights","/w/index.php?title=Houston_Heights&action=edit","/w/index.php?title=Houston_Heights&action=history","#","/w/index.php","//bits.wikimedia.org/static-1.21wmf11/skins/vector/images/search-ltr.png?303-4","/wiki/Main_Page","/wiki/Main_Page","/wiki/Portal:Contents","/wiki/Portal:Featured_content","/wiki/Portal:Current_events","/wiki/Special:Random","//donate.wikimedia.org/wiki/Special:FundraiserRedirector?utm_source=donate&utm_medium=sidebar&utm_campaign=C13_en.wikipedia.org&uselang=en","/wiki/Help:Contents","/wiki/Wikipedia:About","/wiki/Wikipedia:Community_portal","/wiki/Special:RecentChanges","/wiki/Wikipedia:Contact_us","/wiki/Special:WhatLinksHere/Houston_Heights","/wiki/Special:RecentChangesLinked/Houston_Heights","/wiki/Wikipedia:File_Upload_Wizard","/wiki/Special:SpecialPages","/w/index.php?title=Houston_Heights&oldid=544149627","/w/index.php?title=Houston_Heights&action=info","/w/index.php?title=Special:Cite&page=Houston_Heights&id=544149627","/w/index.php?title=Special:Book&bookcmd=book_creator&referer=Houston+Heights","/w/index.php?title=Special:Book&bookcmd=render_article&arttitle=Houston+Heights&oldid=544149627&writer=rl","/w/index.php?title=Houston_Heights&printable=yes","//fr.wikipedia.org/wiki/Houston_Heights","//www.wikidata.org/wiki/Special:ItemByTitle/enwiki/Houston Heights","//en.wikipedia.org/wiki/Wikipedia:Text_of_Creative_Commons_Attribution-ShareAlike_3.0_Unported_License","//creativecommons.org/licenses/by-sa/3.0/","//wikimediafoundation.org/wiki/Terms_of_Use","//www.wikimediafoundation.org/","//wikimediafoundation.org/wiki/Privacy_policy","/wiki/Wikipedia:About","/wiki/Wikipedia:General_disclaimer","http://en.m.wikipedia.org/wiki/Houston_Heights","//wikimediafoundation.org/","//bits.wikimedia.org/images/wikimedia-button.png","//www.mediawiki.org/","//bits.wikimedia.org/static-1.21wmf11/skins/common/images/poweredby_mediawiki_88x31.png","//bits.wikimedia.org/en.wikipedia.org/load.php?debug=false&lang=en&modules=skins.vector&only=scripts&skin=vector&*","/w/index.php?title=MediaWiki:Gadget-ReferenceTooltips.js&action=raw&ctype=text/javascript&508635914","//bits.wikimedia.org/en.wikipedia.org/load.php?debug=false&lang=en&modules=site&only=scripts&skin=vector&*"],"instances":["houston","texas","houston"],"pdf":["http://www.houstontx.gov/planning/planning_studies/ludem/pdf/chap5_area03.pdf","http://www.greaternorthside.org/_dl/gnmd_map.pdf","http://www.houstontx.gov/council/maps2012/c.pdf","http://www.houstontx.gov/council/maps2012/h.pdf","http://www.houstonisd.org/HISDConnectEnglish/Home/Board%20of%20Education/Trustees/BoardDistrict_1Map.pdf","http://dept.houstonisd.org/ab/schoolboundarymaps/CrockettES.pdf","http://dept.houstonisd.org/ab/schoolboundarymaps/FieldES.pdf","http://dept.houstonisd.org/ab/schoolboundarymaps/HarvardES.pdf","http://dept.houstonisd.org/ab/schoolboundarymaps/HelmsES.pdf","http://dept.houstonisd.org/ab/schoolboundarymaps/LoveES.pdf","http://dept.houstonisd.org/ab/schoolboundarymaps/SinclairES.pdf","http://dept.houstonisd.org/ab/schoolboundarymaps/HamiltonMS.pdf","http://dept.houstonisd.org/ab/schoolboundarymaps/HoggMS.pdf","http://dept.houstonisd.org/ab/schoolboundarymaps/ReaganHS.pdf","http://dept.houstonisd.org/ab/schoolboundarymaps/WaltripHS.pdf","http://media.houstonisd.org/communications/Longtail/images/BOEM_ChineseSch_PR.pdf"],"categories":["Neighborhoods in Houston, Texas","Streetcar suburbs"],"headings":["History","Cityscape","Government and infrastructure","Demographics","Transportation","Culture","Education","Parks and recreation","Community Information","See also","References","External links"],"image":["//upload.wikimedia.org/wikipedia/commons/thumb/8/8a/HeightsTheater.JPG/220px-HeightsTheater.JPG","//bits.wikimedia.org/static-1.21wmf11/skins/common/images/magnify-clip.png","//upload.wikimedia.org/wikipedia/commons/thumb/7/7b/HoustonHeightsFormerCityHall.JPG/220px-HoustonHeightsFormerCityHall.JPG","//bits.wikimedia.org/static-1.21wmf11/skins/common/images/magnify-clip.png","//upload.wikimedia.org/wikipedia/commons/thumb/1/1b/Houston_Fire_Station_14.jpeg/220px-Houston_Fire_Station_14.jpeg","//bits.wikimedia.org/static-1.21wmf11/skins/common/images/magnify-clip.png","//upload.wikimedia.org/wikipedia/commons/thumb/5/50/Map_of_Houston_Heights.jpg/220px-Map_of_Houston_Heights.jpg","//bits.wikimedia.org/static-1.21wmf11/skins/common/images/magnify-clip.png","//upload.wikimedia.org/wikipedia/commons/thumb/0/0f/HoustonFireStation15Heights.JPG/220px-HoustonFireStation15Heights.JPG","//bits.wikimedia.org/static-1.21wmf11/skins/common/images/magnify-clip.png","//upload.wikimedia.org/wikipedia/commons/thumb/8/84/Backyard_of_Station_14.jpg/220px-Backyard_of_Station_14.jpg","//bits.wikimedia.org/static-1.21wmf11/skins/common/images/magnify-clip.png","//upload.wikimedia.org/wikipedia/commons/thumb/1/14/HeightsPoliceStorefrontHoustonTX.JPG/220px-HeightsPoliceStorefrontHoustonTX.JPG","//bits.wikimedia.org/static-1.21wmf11/skins/common/images/magnify-clip.png","//upload.wikimedia.org/wikipedia/commons/thumb/e/e6/HeightsPostOfficeHoustonTX.JPG/220px-HeightsPostOfficeHoustonTX.JPG","//bits.wikimedia.org/static-1.21wmf11/skins/common/images/magnify-clip.png","//upload.wikimedia.org/wikipedia/commons/thumb/6/6a/HeightsTransitCenter.JPG/220px-HeightsTransitCenter.JPG","//bits.wikimedia.org/static-1.21wmf11/skins/common/images/magnify-clip.png","//upload.wikimedia.org/wikipedia/commons/thumb/d/d1/HoustonReaganHighSchool.JPG/220px-HoustonReaganHighSchool.JPG","//bits.wikimedia.org/static-1.21wmf11/skins/common/images/magnify-clip.png","//upload.wikimedia.org/wikipedia/commons/thumb/8/8d/HamiltonMiddleHouston.JPG/220px-HamiltonMiddleHouston.JPG","//bits.wikimedia.org/static-1.21wmf11/skins/common/images/magnify-clip.png","//upload.wikimedia.org/wikipedia/commons/thumb/c/cf/HarvardESHoustonTX.JPG/120px-HarvardESHoustonTX.JPG","//upload.wikimedia.org/wikipedia/commons/thumb/2/27/FieldElementaryHouston.JPG/120px-FieldElementaryHouston.JPG","//upload.wikimedia.org/wikipedia/commons/thumb/6/67/HoustonHeightsLibrary.JPG/220px-HoustonHeightsLibrary.JPG","//bits.wikimedia.org/static-1.21wmf11/skins/common/images/magnify-clip.png","//upload.wikimedia.org/wikipedia/commons/thumb/f/ff/MilroyParkHoustonTX.JPG/220px-MilroyParkHoustonTX.JPG","//bits.wikimedia.org/static-1.21wmf11/skins/common/images/magnify-clip.png","//upload.wikimedia.org/wikipedia/commons/thumb/1/1b/Marmion_Park%2C_The_Heights%2C_Houston.jpg/220px-Marmion_Park%2C_The_Heights%2C_Houston.jpg","//bits.wikimedia.org/static-1.21wmf11/skins/common/images/magnify-clip.png","//upload.wikimedia.org/wikipedia/commons/thumb/c/cb/Houston_Heights_Woman%27s_Club_house.jpg/220px-Houston_Heights_Woman%27s_Club_house.jpg","//bits.wikimedia.org/static-1.21wmf11/skins/common/images/magnify-clip.png","//upload.wikimedia.org/wikipedia/commons/thumb/f/f7/Flag_of_Houston%2C_Texas.png/32px-Flag_of_Houston%2C_Texas.png","//upload.wikimedia.org/wikipedia/en/thumb/4/4a/Commons-logo.svg/30px-Commons-logo.svg.png","//upload.wikimedia.org/wikipedia/commons/thumb/7/7f/Flag_of_Houston%2C_Texas.svg/22px-Flag_of_Houston%2C_Texas.svg.png","//bits.wikimedia.org/static-1.21wmf11/skins/vector/images/search-ltr.png?303-4","//bits.wikimedia.org/images/wikimedia-button.png","//bits.wikimedia.org/static-1.21wmf11/skins/common/images/poweredby_mediawiki_88x31.png"],"tags":[["harvard_elementary_school","texas"],["reagan_high_school","houston"],["harvard_elementary_school","texas"],["incarnate_word_academy","houston"]],"members":["reagan_high_school","harvard_elementary_school","incarnate_word_academy"],"related":["Houston","Texas","United_States","Norhill,_Houston","Woodland_Heights,_Houston","United_States_dollar","Streetcar_suburb","World_War_II","Dean_Corll","Interstate_610","Gentrification","Bellaire,_Texas","Neartown_Houston","Upper_Kirby","Jail","Planned_community","Downtown_Houston","Austin,_Texas","University_of_Houston","Alcohol","Houston_Fire_Department","Northside,_Houston","Greater_Northside_Management_District","Houston_Police_Department","Houston_City_Council","Montrose,_Houston","Rice_University","United_States_Postal_Service","University_of_Houston","Metropolitan_Transit_Authority_of_Harris_County,_Texas","Houston_Community_College","Gulf_Coast_Bible_College","Oklahoma_City,_Oklahoma","Houston_Independent_School_District","Harvard_Elementary_School_(Texas)","Reagan_High_School_(Houston)","Waltrip_High_School","English_as_a_foreign_or_second_language","Houston_Independent_School_District","Mandarin_Chinese_Language_Immersion_Magnet_School","Bellaire,_Texas","Houston_Independent_School_District","Charter_school","Houston_Heights_High_School","Houston_Outdoor_Learning_Academy","Houston_Independent_School_District","Harvard_Elementary_School_(Texas)","Houston_Public_Library","Blaxploitation","World_War_II","History_of_Houston","Districts_and_communities_of_Houston","Geographic_areas_of_Houston","Incarnate_Word_Academy_(Houston)","Premier_Printing_Company","Rice_University","Rice_University"]}