{"cursor":"3926","size":15,"audio":[],"currentlang":"en","article":"\n\n\"'Integument'\" is a general term in biology that refers most commonly to the\nnatural covering of an organism or an organ, such as its skin, husk, shell, or\nrind.\n\nIt derives from integumentum, which means \"a covering\" in Latin. In a\ntransferred or figurative sense, it could mean a cloak or a disguise. In English \"integument\" is a fairly modern\nword, its origin having been traced back to the early seventeenth century.\nIt can mean a material or layer with which anything is enclosed, clothed,\nor covered in the sense of \"clad\" or \"coated\", as with a skin or husk.\n","linknr":118,"url":"integument","recorded":1364146463,"links":["/w/index.php?title=Integument&action=edit","/w/index.php?title=Integument&action=edit","//en.wikipedia.org/apple-touch-icon.png","//bits.wikimedia.org/favicon/wikipedia.ico","/w/opensearch_desc.php","//en.wikipedia.org/w/api.php?action=rsd","//creativecommons.org/licenses/by-sa/3.0/","/w/index.php?title=Special:RecentChanges&feed=atom","//bits.wikimedia.org/en.wikipedia.org/load.php?debug=false&lang=en&modules=ext.gadget.DRN-wizard%2CReferenceTooltips%2Ccharinsert%2Cteahouse%7Cext.wikihiero%7Cmediawiki.legacy.commonPrint%2Cshared%7Cmw.PopUpMediaTransform%7Cskins.vector&only=styles&skin=vector&*","//bits.wikimedia.org/en.wikipedia.org/load.php?debug=false&lang=en&modules=site&only=styles&skin=vector&*","//bits.wikimedia.org/en.wikipedia.org/load.php?debug=false&lang=en&modules=startup&only=scripts&skin=vector&*","//bits.wikimedia.org/geoiplookup","//meta.wikimedia.org","#mw-head","#p-search","#cite_note-isbn0-19-861271-0-1","/wiki/Latin","#cite_note-Latin_Cassel-2","#cite_note-isbn0-19-861271-0-1","#Botanical_usage","#Zoological_usage","#Derivative_terms_and_sundry_usages","#References","/w/index.php?title=Integument&action=edit&section=1","/wiki/Botany","/wiki/Ovule#Integuments.2C_chivai_and_chalaza","/wiki/Seed","/w/index.php?title=Integument&action=edit&section=2","/wiki/Zoology","/wiki/Integumentary_system","/wiki/Skin","/wiki/Epithelium","/wiki/Ectoderm","/wiki/Cuticle","#cite_note-Kristensen.26Georges2003-3","/wiki/Chitin","/w/index.php?title=Integument&action=edit&section=3","#cite_note-BotGloss-4","#cite_note-5","/wiki/Connective_tissue_in_skeletal_muscle","/wiki/Dorsal_artery_of_the_penis","/wiki/Flensing","/wiki/Flesh","/wiki/Herzog_%26_de_Meuron","/wiki/Integumentary_system","/wiki/Cat_anatomy#Muscles","/wiki/Mosasaur#Soft_tissue","/wiki/Seed","/w/index.php?title=Integument&action=edit&section=4","#cite_ref-isbn0-19-861271-0_1-0","#cite_ref-isbn0-19-861271-0_1-1","/wiki/International_Standard_Book_Number","/wiki/Special:BookSources/0-19-861271-0","#cite_ref-Latin_Cassel_2-0","#cite_ref-Kristensen.26Georges2003_3-0","http://books.google.com/books?id=5w8FgSGuH34C&pg=PA484","/wiki/International_Standard_Book_Number","/wiki/Special:BookSources/978-3-11-016210-3","http://books.google.com/books?id=5w8FgSGuH34C&pg=PA484","#cite_ref-BotGloss_4-0","#cite_ref-5","/wiki/International_Standard_Book_Number","/wiki/Special:BookSources/0-550-13202-3","http://en.wikipedia.org/w/index.php?title=Integument&oldid=538244380","/wiki/Help:Categories","/wiki/Category:Animal_anatomy","/wiki/Category:Skin","/wiki/Category:Organs","/wiki/Category:Plant_anatomy","/w/index.php?title=Special:UserLogin&returnto=Integument&type=signup","/w/index.php?title=Special:UserLogin&returnto=Integument","/wiki/Integument","/wiki/Talk:Integument","#","/wiki/Integument","/w/index.php?title=Integument&action=edit","/w/index.php?title=Integument&action=history","#","/w/index.php","//bits.wikimedia.org/static-1.21wmf11/skins/vector/images/search-ltr.png?303-4","/wiki/Main_Page","/wiki/Main_Page","/wiki/Portal:Contents","/wiki/Portal:Featured_content","/wiki/Portal:Current_events","/wiki/Special:Random","//donate.wikimedia.org/wiki/Special:FundraiserRedirector?utm_source=donate&utm_medium=sidebar&utm_campaign=C13_en.wikipedia.org&uselang=en","/wiki/Help:Contents","/wiki/Wikipedia:About","/wiki/Wikipedia:Community_portal","/wiki/Special:RecentChanges","/wiki/Wikipedia:Contact_us","/wiki/Special:WhatLinksHere/Integument","/wiki/Special:RecentChangesLinked/Integument","/wiki/Wikipedia:File_Upload_Wizard","/wiki/Special:SpecialPages","/w/index.php?title=Integument&oldid=538244380","/w/index.php?title=Integument&action=info","/w/index.php?title=Special:Cite&page=Integument&id=538244380","/w/index.php?title=Special:Book&bookcmd=book_creator&referer=Integument","/w/index.php?title=Special:Book&bookcmd=render_article&arttitle=Integument&oldid=538244380&writer=rl","/w/index.php?title=Integument&printable=yes","//sv.wikipedia.org/wiki/Integument","//en.wikipedia.org/wiki/Wikipedia:Text_of_Creative_Commons_Attribution-ShareAlike_3.0_Unported_License","//creativecommons.org/licenses/by-sa/3.0/","//wikimediafoundation.org/wiki/Terms_of_Use","//www.wikimediafoundation.org/","//en.wikipedia.org/wiki/Wikipedia:Contact_us","//wikimediafoundation.org/wiki/Privacy_policy","/wiki/Wikipedia:About","/wiki/Wikipedia:General_disclaimer","http://en.m.wikipedia.org/wiki/Integument","//wikimediafoundation.org/","//bits.wikimedia.org/images/wikimedia-button.png","//www.mediawiki.org/","//bits.wikimedia.org/static-1.21wmf11/skins/common/images/poweredby_mediawiki_88x31.png","//bits.wikimedia.org/en.wikipedia.org/load.php?debug=false&lang=en&modules=skins.vector&only=scripts&skin=vector&*","/w/index.php?title=MediaWiki:Gadget-ReferenceTooltips.js&action=raw&ctype=text/javascript&508635914","//bits.wikimedia.org/en.wikipedia.org/load.php?debug=false&lang=en&modules=site&only=scripts&skin=vector&*"],"instances":[],"pdf":[],"categories":["Animal anatomy","Skin","Organs","Plant anatomy"],"headings":["Botanical usage","Zoological usage","Derivative terms and sundry usages","References"],"image":["//bits.wikimedia.org/static-1.21wmf11/skins/vector/images/search-ltr.png?303-4","//bits.wikimedia.org/images/wikimedia-button.png","//bits.wikimedia.org/static-1.21wmf11/skins/common/images/poweredby_mediawiki_88x31.png"],"tags":[],"members":[],"related":["Latin","Botany","Seed","Zoology","Integumentary_system","Skin","Integument","Epithelium","Ectoderm","Cuticle","Chitin","Connective_tissue_in_skeletal_muscle","Dorsal_artery_of_the_penis","Flensing","Flesh","Herzog_&_de_Meuron","Integumentary_system","Seed"]}