{"cursor":"5595","size":15,"audio":[],"currentlang":"en","article":"\n\n\n'Loop diuretics' are diuretics that act on the ascending loop of Henle in the\nkidney. They are primarily used in medicine to treat hypertension and edema\noften due to congestive heart failure or renal insufficiency. While thiazide\ndiuretics are more effective in patients with normal kidney function, loop\ndiuretics are more effective in patients with impaired kidney function.\n","linknr":309,"url":"Loop_diuretics","recorded":1363502261,"links":["/w/index.php?title=Loop_diuretic&action=edit","/w/index.php?title=Loop_diuretic&action=edit","//en.wikipedia.org/apple-touch-icon.png","//bits.wikimedia.org/favicon/wikipedia.ico","/w/opensearch_desc.php","//en.wikipedia.org/w/api.php?action=rsd","//creativecommons.org/licenses/by-sa/3.0/","/w/index.php?title=Special:RecentChanges&feed=atom","/wiki/Loop_diuretic","//bits.wikimedia.org/en.wikipedia.org/load.php?debug=false&lang=en&modules=ext.gadget.DRN-wizard%2CReferenceTooltips%2Ccharinsert%2Cteahouse%7Cext.wikihiero%7Cmediawiki.legacy.commonPrint%2Cshared%7Cmw.PopUpMediaTransform%7Cskins.vector&only=styles&skin=vector&*","//bits.wikimedia.org/en.wikipedia.org/load.php?debug=false&lang=en&modules=site&only=styles&skin=vector&*","//bits.wikimedia.org/en.wikipedia.org/load.php?debug=false&lang=en&modules=startup&only=scripts&skin=vector&*","//bits.wikimedia.org/geoiplookup","//meta.wikimedia.org","/w/index.php?title=Loop_diuretics&redirect=no","#mw-head","#p-search","//upload.wikimedia.org/wikipedia/en/thumb/9/99/Question_book-new.svg/50px-Question_book-new.svg.png","//en.wikipedia.org/w/index.php?title=Loop_diuretic&action=edit","/wiki/Help:Introduction_to_referencing/1","/wiki/Template:Citation_needed","/wiki/Wikipedia:Verifiability#Burden_of_evidence","/wiki/File:Loop_diuretics.svg","//upload.wikimedia.org/wikipedia/commons/thumb/9/93/Loop_diuretics.svg/220px-Loop_diuretics.svg.png","/wiki/File:Loop_diuretics.svg","//bits.wikimedia.org/static-1.21wmf11/skins/common/images/magnify-clip.png","/wiki/Diuretic","/wiki/Loop_of_Henle","/wiki/Kidney","/wiki/Medicine","/wiki/Hypertension","/wiki/Edema","/wiki/Congestive_heart_failure","/wiki/Renal_insufficiency","/wiki/Thiazide","#Mechanism_of_action","#Clinical_use","#Loop_diuretic_resistance","#Adverse_effects","#Examples_of_loop_diuretics","#References","#External_links","/w/index.php?title=Loop_diuretic&action=edit&section=1","/wiki/Na-K-2Cl_symporter","/wiki/Cotransporter","/wiki/Loop_of_Henle","/wiki/Magnesium","/wiki/Calcium","/wiki/Tonicity#Hypertonicity","/wiki/Renal_medulla","/wiki/Osmotic_pressure","/wiki/Collecting_duct_system","/wiki/Urine","/wiki/Ameliorate","/wiki/Edema","/w/index.php?title=Loop_diuretic&action=edit&section=2","#cite_note-AMH2004-1","/wiki/Heart_failure","/wiki/Cirrhosis","/wiki/Renal_impairment","/wiki/Nephrotic_syndrome","/wiki/Hypertension","/wiki/Cerebral_edema","/wiki/Pulmonary_edema","/wiki/Forced_diuresis","/wiki/Intravenous","/wiki/Hypercalcemia","#cite_note-AMH2004-1","/w/index.php?title=Loop_diuretic&action=edit&section=3","/wiki/Glomerular_filtration_rate","/wiki/Non-steroidal_anti-inflammatory_drug","/wiki/Thiazide","/wiki/Hydrochlorothiazide","/wiki/Glucocorticoids","/wiki/Heart_failure","#cite_note-2","#cite_note-3","/w/index.php?title=Loop_diuretic&action=edit&section=4","/wiki/Electrolyte","/wiki/Hyponatremia","/wiki/Hypokalemia","/wiki/Hypomagnesemia","/wiki/Dehydration","/wiki/Hyperuricemia","/wiki/Gout","/wiki/Dizziness","/wiki/Postural_hypotension","/wiki/Fainting","#cite_note-AMH2004-1","/wiki/Dyslipidemia","/wiki/Creatinine","/wiki/Rash","/wiki/Ototoxicity","/wiki/Ear","/wiki/Tinnitus","/wiki/Vertigo_(medical)","/wiki/Deafness","/wiki/NSAID","/wiki/ACE_inhibitor","#cite_note-4","/w/index.php?title=Loop_diuretic&action=edit&section=5","/wiki/Furosemide","/wiki/Bumetanide","/wiki/Ethacrynic_acid","/wiki/Torsemide","/w/index.php?title=Loop_diuretic&action=edit&section=6","#cite_ref-AMH2004_1-0","#cite_ref-AMH2004_1-1","#cite_ref-AMH2004_1-2","http://www.amh.net.au/","/wiki/Australian_Medicines_Handbook","/wiki/International_Standard_Book_Number","/wiki/Special:BookSources/0-9578521-4-2","http://www.amh.net.au/","#cite_ref-2","/wiki/PubMed_Identifier","//www.ncbi.nlm.nih.gov/pubmed/17876376","#cite_ref-3","/wiki/PubMed_Identifier","//www.ncbi.nlm.nih.gov/pubmed/21406321","#cite_ref-4","/wiki/PubMed_Identifier","//www.ncbi.nlm.nih.gov/pubmed/10772593","/w/index.php?title=Loop_diuretic&action=edit&section=7","http://www.fpnotebook.com/cv/pharm/lpdrtc.htm","http://www.nlm.nih.gov/cgi/mesh/2011/MB_cgi?mode=&term=Loop+Diuretics","/wiki/Medical_Subject_Headings","/wiki/Template:Diuretics","/wiki/Template_talk:Diuretics","//en.wikipedia.org/w/index.php?title=Template:Diuretics&action=edit","/wiki/Antihypertensive_drug","/wiki/Diuretic","/wiki/ATC_code_C03","/wiki/Sulfonamide_(medicine)","/wiki/Etacrynic_acid","/wiki/Carbonic_anhydrase_inhibitor","/wiki/Proximal_tubule","/wiki/Acetazolamide","/wiki/Na-K-Cl_cotransporter","/wiki/Thick_ascending_limb_of_loop_of_Henle","/wiki/Furosemide","/wiki/Bumetanide","/wiki/Etacrynic_acid","/wiki/Etozoline","/wiki/Muzolimine","/wiki/Piretanide","/wiki/Tienilic_acid","/wiki/Torasemide","/wiki/Thiazide","/wiki/Sodium-chloride_symporter","/wiki/Distal_convoluted_tubule","/wiki/Diuretic#Calcium-sparing_diuretics","/wiki/Hydrochlorothiazide","/wiki/Bendroflumethiazide","/wiki/Hydroflumethiazide","/wiki/Chlorothiazide","/wiki/Polythiazide","/wiki/Trichlormethiazide","/wiki/Cyclopenthiazide","/wiki/Methyclothiazide","/wiki/Cyclothiazide","/wiki/Mebutizide","/wiki/Thiazide-like_diuretic","/wiki/Distal_convoluted_tubule","/wiki/Quinethazone","/wiki/Clopamide","/wiki/Chlortalidone","/wiki/Mefruside","/wiki/Clofenamide","/wiki/Metolazone","/wiki/Meticrane","/wiki/Xipamide","/wiki/Indapamide","/wiki/Clorexolone","/wiki/Fenquizone","/wiki/Potassium-sparing_diuretic","/wiki/Collecting_duct_system","/wiki/Epithelial_sodium_channel_blocker","/wiki/Amiloride","/wiki/Triamterene","/wiki/Benzamil","/wiki/Aldosterone_antagonist","/wiki/Spironolactone","/wiki/Eplerenone","/wiki/Potassium_canrenoate","/wiki/Canrenone","/wiki/Osmotic_diuretic","/wiki/Proximal_tubule","/wiki/Descending_limb_of_loop_of_Henle","/wiki/Mannitol","/wiki/Urea","/wiki/Vasopressin_receptor_antagonist","/wiki/Distal_convoluted_tubule","/wiki/Collecting_duct","/wiki/Vasopressin_receptor_antagonist#Vaptans","/wiki/Conivaptan","/wiki/Mozavaptan","/wiki/Satavaptan","/wiki/Tolvaptan","/wiki/Vasopressin_receptor_antagonist#Tetracyclines","/wiki/Demeclocycline","/wiki/Mercurial_diuretic","/wiki/Mersalyl","/wiki/Meralluride","/wiki/Theobromine","/wiki/Cicletanine","/wiki/List_of_World_Health_Organization_Essential_Medicines","/wiki/List_of_withdrawn_drugs","/wiki/Clinical_trial","/wiki/Clinical_trial#Phase_III","/wiki/Clinical_trial#Phase_II","/wiki/Template:Medicine_navs","/wiki/Circulatory_system","/wiki/Template:Arteries_and_veins","/wiki/Template:Arteries_of_head_and_neck","/wiki/Template:Arteries_of_upper_limbs","/wiki/Template:Arteries_of_thorax","/wiki/Template:Arteries_of_abdomen","/wiki/Template:Arteries_of_lower_limbs","/wiki/Template:Veins_of_the_head_and_neck","/wiki/Template:Veins_of_the_upper_extremity","/wiki/Template:Veins_of_the_thorax_and_vertebral_column","/wiki/Template:Veins_of_the_abdomen_and_pelvis","/wiki/Template:Veins_of_the_lower_extremity","/wiki/Template:Cardiovascular_physiology","/wiki/Template:Development_of_circulatory_system","/wiki/Template:Human_cell_types_derived_primarily_from_mesoderm","/wiki/Template:Angiogenic_proteins","/wiki/Template:Vascular_diseases","/wiki/Template:Systemic_vasculitis","/wiki/Template:Congenital_vascular_defects","/wiki/Template:Lymphatic_vessel_disease","/wiki/Template:Vascular_tumors","/wiki/Template:Cardiovascular_system_symptoms_and_signs","/wiki/Template:Eponymous_medical_signs_for_cardiovascular_system","/wiki/Template:Chest_trauma","/wiki/Template:Vascular_procedures","/wiki/Template:Sympatholytic_antihypertensives","/wiki/Template:Nonsympatholytic_vasodilatory_antihypertensives","/wiki/Template:Diuretics","/wiki/Template:Peripheral_vasodilators","/wiki/Template:Vasoprotectives","/wiki/Template:Beta_blockers","/wiki/Template:Calcium_channel_blockers","/wiki/Template:Agents_acting_on_the_renin-angiotensin_system","http://en.wikipedia.org/w/index.php?title=Loop_diuretic&oldid=543535754","/wiki/Help:Categories","/wiki/Category:Loop_diuretics","/wiki/Category:Articles_needing_additional_references_from_August_2008","/wiki/Category:All_articles_needing_additional_references","/w/index.php?title=Special:UserLogin&returnto=Loop+diuretic&type=signup","/w/index.php?title=Special:UserLogin&returnto=Loop+diuretic","/wiki/Loop_diuretic","/wiki/Talk:Loop_diuretic","#","/wiki/Loop_diuretic","/w/index.php?title=Loop_diuretic&action=edit","/w/index.php?title=Loop_diuretic&action=history","#","/w/index.php","//bits.wikimedia.org/static-1.21wmf11/skins/vector/images/search-ltr.png?303-4","/wiki/Main_Page","/wiki/Main_Page","/wiki/Portal:Contents","/wiki/Portal:Featured_content","/wiki/Portal:Current_events","/wiki/Special:Random","//donate.wikimedia.org/wiki/Special:FundraiserRedirector?utm_source=donate&utm_medium=sidebar&utm_campaign=C13_en.wikipedia.org&uselang=en","/wiki/Help:Contents","/wiki/Wikipedia:About","/wiki/Wikipedia:Community_portal","/wiki/Special:RecentChanges","/wiki/Wikipedia:Contact_us","/wiki/Special:WhatLinksHere/Loop_diuretic","/wiki/Special:RecentChangesLinked/Loop_diuretic","/wiki/Wikipedia:File_Upload_Wizard","/wiki/Special:SpecialPages","/w/index.php?title=Loop_diuretic&oldid=543535754","/w/index.php?title=Loop_diuretic&action=info","/w/index.php?title=Special:Cite&page=Loop_diuretic&id=543535754","/w/index.php?title=Special:Book&bookcmd=book_creator&referer=Loop+diuretic","/w/index.php?title=Special:Book&bookcmd=render_article&arttitle=Loop+diuretic&oldid=543535754&writer=rl","/w/index.php?title=Loop_diuretic&printable=yes","//de.wikipedia.org/wiki/Schleifendiuretika","//es.wikipedia.org/wiki/Diur%C3%A9tico_de_asa","//eu.wikipedia.org/wiki/Henle-lakioko_diuretiko","//fa.wikipedia.org/wiki/%D9%85%D8%AF%D8%B1%D9%87%D8%A7%DB%8C_%D9%84%D9%88%D9%BE_%D9%87%D9%86%D9%84%D9%87","//fr.wikipedia.org/wiki/Diur%C3%A9tique_de_l%27anse","//it.wikipedia.org/wiki/Diuretici_dell%27ansa","//he.wikipedia.org/wiki/%D7%9E%D7%A9%D7%AA%D7%9F_%D7%9C%D7%95%D7%9C%D7%90%D7%94","//nl.wikipedia.org/wiki/Lisdiureticum","//pl.wikipedia.org/wiki/Diuretyki_p%C4%99tlowe","//pt.wikipedia.org/wiki/Diur%C3%A9tico_da_ansa","//www.wikidata.org/wiki/Special:ItemByTitle/enwiki/Loop diuretic","//en.wikipedia.org/wiki/Wikipedia:Text_of_Creative_Commons_Attribution-ShareAlike_3.0_Unported_License","//creativecommons.org/licenses/by-sa/3.0/","//wikimediafoundation.org/wiki/Terms_of_Use","//www.wikimediafoundation.org/","//en.wikipedia.org/wiki/Wikipedia:Contact_us","//wikimediafoundation.org/wiki/Privacy_policy","/wiki/Wikipedia:About","/wiki/Wikipedia:General_disclaimer","http://en.m.wikipedia.org/wiki/Loop_diuretic","//wikimediafoundation.org/","//bits.wikimedia.org/images/wikimedia-button.png","//www.mediawiki.org/","//bits.wikimedia.org/static-1.21wmf11/skins/common/images/poweredby_mediawiki_88x31.png","//bits.wikimedia.org/en.wikipedia.org/load.php?debug=false&lang=en&modules=skins.vector&only=scripts&skin=vector&*","/w/index.php?title=MediaWiki:Gadget-ReferenceTooltips.js&action=raw&ctype=text/javascript&508635914","//bits.wikimedia.org/en.wikipedia.org/load.php?debug=false&lang=en&modules=site&only=scripts&skin=vector&*"],"instances":["medical"],"pdf":[],"categories":["Loop diuretics|*"],"headings":["Mechanism of action","Clinical use","Loop diuretic resistance","Adverse effects","Examples of loop diuretics","References","External links"],"image":["//upload.wikimedia.org/wikipedia/en/thumb/9/99/Question_book-new.svg/50px-Question_book-new.svg.png","//upload.wikimedia.org/wikipedia/commons/thumb/9/93/Loop_diuretics.svg/220px-Loop_diuretics.svg.png","//bits.wikimedia.org/static-1.21wmf11/skins/common/images/magnify-clip.png","//bits.wikimedia.org/static-1.21wmf11/skins/vector/images/search-ltr.png?303-4","//bits.wikimedia.org/images/wikimedia-button.png","//bits.wikimedia.org/static-1.21wmf11/skins/common/images/poweredby_mediawiki_88x31.png"],"tags":[["vertigo","medical"]],"members":["vertigo"],"related":["Diuretic","Loop_of_Henle","Kidney","Medicine","Hypertension","Edema","Congestive_heart_failure","Renal_insufficiency","Thiazide","Na-K-2Cl_symporter","Cotransporter","Loop_of_Henle","Magnesium","Calcium","Renal_medulla","Osmotic_pressure","Collecting_duct_system","Urine","Ameliorate","Edema","Heart_failure","Cirrhosis","Renal_impairment","Nephrotic_syndrome","Hypertension","Cerebral_edema","Pulmonary_edema","Forced_diuresis","Intravenous","Hypercalcemia","Glomerular_filtration_rate","Non-steroidal_anti-inflammatory_drug","Thiazide","Hydrochlorothiazide","Glucocorticoids","Heart_failure","Electrolyte","Hyponatremia","Hypokalemia","Hypomagnesemia","Dehydration","Hyperuricemia","Gout","Dizziness","Postural_hypotension","Fainting","Dyslipidemia","Creatinine","Rash","Ototoxicity","Ear","Tinnitus","Vertigo_(medical)","Deafness","NSAID","ACE_inhibitor","Furosemide","Bumetanide","Ethacrynic_acid","Torsemide"]}