{"cursor":"3686","size":15,"audio":[],"currentlang":"en","article":"\n\n{{Infobox company |company_logo= |company_name = Infinite Computer Solutions\n|company_type = Public company |traded_as= |location_city = Bangalore,\nIndia|title=corpo |foundation = 1999 |industry = IT Services IT consulting\n|revenue = (FY 2011â12) |operating_income = (FY\n2011â12) |net_income = (FY 2011â12) |key_people = Sanjay\nGovil (Chairman) Upinder Zutshi (chief executive officer and managing\ndirector) |homepage = }}\n\n'Infinite Computer Solutions' ( ) was founded in 1999 by Sanjay Govil. Infinite\nis listed on the Bombay Stock Exchange and the National Stock Exchange of India.\n\nInfinite offers consulting and information technology services to companies in\nthe BFSI, Telecom, Media & Content, Energy & Utilities, and Healthcare fields.\nIts services include Infrastructure Management, Application Management, Mobility\n& Messaging, and Product Engineering.\n\nIn 2007, Infinite acquired US-based telecom firm Comnet\nInternational. In 2010, Infinite and Motorola entered a strategic\nalliance with Motorola where Infinite would take on Motorola's messaging\nbusiness. This created the wholly owned subsidiary Infinite Convergence\nSolutions.\n\nInfinite was ranked No. 5 in [[Dataquest]]'s 2010 \"India's 20 best IT\nemployers.\" In August 2011 [[Forbes]] named Infinite one of their\n\"Asia's 200 Best Under a Billion\" companies.\n","linknr":143,"url":"Infinite_Computer_Solutions","recorded":1364166796,"links":["/w/index.php?title=Infinite_Computer_Solutions&action=edit","/w/index.php?title=Infinite_Computer_Solutions&action=edit","//en.wikipedia.org/apple-touch-icon.png","//bits.wikimedia.org/favicon/wikipedia.ico","/w/opensearch_desc.php","//en.wikipedia.org/w/api.php?action=rsd","//creativecommons.org/licenses/by-sa/3.0/","/w/index.php?title=Special:RecentChanges&feed=atom","//bits.wikimedia.org/en.wikipedia.org/load.php?debug=false&lang=en&modules=ext.gadget.DRN-wizard%2CReferenceTooltips%2Ccharinsert%2Cteahouse%7Cext.wikihiero%7Cmediawiki.legacy.commonPrint%2Cshared%7Cmw.PopUpMediaTransform%7Cskins.vector&only=styles&skin=vector&*","//bits.wikimedia.org/en.wikipedia.org/load.php?debug=false&lang=en&modules=site&only=styles&skin=vector&*","//bits.wikimedia.org/en.wikipedia.org/load.php?debug=false&lang=en&modules=startup&only=scripts&skin=vector&*","//bits.wikimedia.org/geoiplookup","//meta.wikimedia.org","#mw-head","#p-search","/wiki/File:Infinite_Computer_Solutions_logo.svg","//upload.wikimedia.org/wikipedia/en/thumb/5/5b/Infinite_Computer_Solutions_logo.svg/180px-Infinite_Computer_Solutions_logo.svg.png","/wiki/Types_of_business_entity","/wiki/Ticker_symbol","/wiki/Bombay_Stock_Exchange","http://www.bseindia.com/bseplus/StockReach/AdvanceStockReach.aspx?scripcode=533154","/wiki/National_Stock_Exchange_of_India","http://www.nseindia.com/marketinfo/companyinfo/companysearch.jsp?cons=INFINITE&section=7","/wiki/IT_service_management","/wiki/Information_technology_consulting","/wiki/Bangalore","/w/index.php?title=Sanjay_Govil&action=edit&redlink=1","//upload.wikimedia.org/wikipedia/commons/thumb/b/b0/Increase2.svg/11px-Increase2.svg.png","/wiki/Indian_rupee","//upload.wikimedia.org/wikipedia/commons/thumb/e/ee/Indian_Rupee_symbol.svg/7px-Indian_Rupee_symbol.svg.png","#cite_note-1","/wiki/Earnings_before_interest_and_taxes","//upload.wikimedia.org/wikipedia/commons/thumb/b/b0/Increase2.svg/11px-Increase2.svg.png","/wiki/Indian_rupee","//upload.wikimedia.org/wikipedia/commons/thumb/e/ee/Indian_Rupee_symbol.svg/7px-Indian_Rupee_symbol.svg.png","/wiki/Net_income","//upload.wikimedia.org/wikipedia/commons/thumb/b/b0/Increase2.svg/11px-Increase2.svg.png","/wiki/Indian_rupee","//upload.wikimedia.org/wikipedia/commons/thumb/e/ee/Indian_Rupee_symbol.svg/7px-Indian_Rupee_symbol.svg.png","http://www.infinite.com","/wiki/Bombay_Stock_Exchange","http://www.bseindia.com/bseplus/StockReach/AdvanceStockReach.aspx?scripcode=533154","/wiki/National_Stock_Exchange_of_India","http://www.nseindia.com/marketinfo/companyinfo/companysearch.jsp?cons=INFINITE&section=7","/wiki/Bombay_Stock_Exchange","/wiki/National_Stock_Exchange_of_India","/wiki/Consultant","/wiki/BFSI","/wiki/Telecommunication","/w/index.php?title=Mass_media_%26_Content&action=edit&redlink=1","/w/index.php?title=Energy_%26_Public_utility&action=edit&redlink=1","/w/index.php?title=Infrastructure_Management&action=edit&redlink=1","/wiki/Application_Management","/w/index.php?title=Mobility_%26_Messaging&action=edit&redlink=1","#cite_note-2","#cite_note-3","#cite_note-4","/wiki/Wikipedia:Citation_needed","/wiki/Dataquest","#cite_note-5","/wiki/Forbes","#cite_note-6","/w/index.php?title=Infinite_Computer_Solutions&action=edit&section=1","#cite_ref-1","http://www.infinite.com/downloads/Cl%2041-consol.pdf","http://www.infinite.com/downloads/Cl%2041-consol.pdf","#cite_ref-2","http://economictimes.indiatimes.com/articleshow/5414553.cms","/wiki/The_Economic_Times","#cite_ref-3","http://www.financialexpress.com/news/infinite-to-invest-rs-20-cr-in-bangalore-facility/77604/0","/wiki/The_Financial_Express","#cite_ref-4","http://www.thehindubusinessline.com/2007/09/29/stories/2007092950730400.htm","/wiki/Business_Line","#cite_ref-5","http://business.rediff.com/slide-show/2010/sep/22/slide-show-1-tech-20-best-it-employers-in-india.htm","/wiki/Rediff.com","http://business.rediff.com/slide-show/2010/sep/22/slide-show-1-tech-20-best-it-employers-in-india.htm","#cite_ref-6","http://www.forbes.com/lists/2011/24/best-under-a-billion-11_Infinite-Computer-Solutions_MPAN.html","/wiki/Forbes","http://www.forbes.com/lists/2011/24/best-under-a-billion-11_Infinite-Computer-Solutions_MPAN.html","/w/index.php?title=Infinite_Computer_Solutions&action=edit&section=2","http://www.infinite.com","http://www.comneti.com","http://en.wikipedia.org/w/index.php?title=Infinite_Computer_Solutions&oldid=543798899","/wiki/Help:Categories","/wiki/Category:Companies_based_in_Bangalore","/wiki/Category:Companies_established_in_1999","/wiki/Category:International_information_technology_consulting_firms","/wiki/Category:Use_British_English_from_March_2013","/wiki/Category:Use_dmy_dates_from_March_2013","/wiki/Category:All_articles_with_unsourced_statements","/wiki/Category:Articles_with_unsourced_statements_from_June_2012","/w/index.php?title=Special:UserLogin&returnto=Infinite+Computer+Solutions&type=signup","/w/index.php?title=Special:UserLogin&returnto=Infinite+Computer+Solutions","/wiki/Infinite_Computer_Solutions","/wiki/Talk:Infinite_Computer_Solutions","#","/wiki/Infinite_Computer_Solutions","/w/index.php?title=Infinite_Computer_Solutions&action=edit","/w/index.php?title=Infinite_Computer_Solutions&action=history","#","/w/index.php","//bits.wikimedia.org/static-1.21wmf11/skins/vector/images/search-ltr.png?303-4","/wiki/Main_Page","/wiki/Main_Page","/wiki/Portal:Contents","/wiki/Portal:Featured_content","/wiki/Portal:Current_events","/wiki/Special:Random","//donate.wikimedia.org/wiki/Special:FundraiserRedirector?utm_source=donate&utm_medium=sidebar&utm_campaign=C13_en.wikipedia.org&uselang=en","/wiki/Help:Contents","/wiki/Wikipedia:About","/wiki/Wikipedia:Community_portal","/wiki/Special:RecentChanges","/wiki/Wikipedia:Contact_us","/wiki/Special:WhatLinksHere/Infinite_Computer_Solutions","/wiki/Special:RecentChangesLinked/Infinite_Computer_Solutions","/wiki/Wikipedia:File_Upload_Wizard","/wiki/Special:SpecialPages","/w/index.php?title=Infinite_Computer_Solutions&oldid=543798899","/w/index.php?title=Infinite_Computer_Solutions&action=info","/w/index.php?title=Special:Cite&page=Infinite_Computer_Solutions&id=543798899","/w/index.php?title=Special:Book&bookcmd=book_creator&referer=Infinite+Computer+Solutions","/w/index.php?title=Special:Book&bookcmd=render_article&arttitle=Infinite+Computer+Solutions&oldid=543798899&writer=rl","/w/index.php?title=Infinite_Computer_Solutions&printable=yes","//en.wikipedia.org/wiki/Wikipedia:Text_of_Creative_Commons_Attribution-ShareAlike_3.0_Unported_License","//creativecommons.org/licenses/by-sa/3.0/","//wikimediafoundation.org/wiki/Terms_of_Use","//www.wikimediafoundation.org/","//en.wikipedia.org/wiki/Wikipedia:Contact_us","//wikimediafoundation.org/wiki/Privacy_policy","/wiki/Wikipedia:About","/wiki/Wikipedia:General_disclaimer","http://en.m.wikipedia.org/wiki/Infinite_Computer_Solutions","//wikimediafoundation.org/","//bits.wikimedia.org/images/wikimedia-button.png","//www.mediawiki.org/","//bits.wikimedia.org/static-1.21wmf11/skins/common/images/poweredby_mediawiki_88x31.png","//bits.wikimedia.org/en.wikipedia.org/load.php?debug=false&lang=en&modules=skins.vector&only=scripts&skin=vector&*","/w/index.php?title=MediaWiki:Gadget-ReferenceTooltips.js&action=raw&ctype=text/javascript&508635914","//bits.wikimedia.org/en.wikipedia.org/load.php?debug=false&lang=en&modules=site&only=scripts&skin=vector&*"],"instances":[],"pdf":["http://www.infinite.com/downloads/Cl%2041-consol.pdf","http://www.infinite.com/downloads/Cl%2041-consol.pdf"],"categories":["Companies based in Bangalore","Companies established in 1999","International information technology consulting firms"],"headings":["References","External links"],"image":["//upload.wikimedia.org/wikipedia/en/thumb/5/5b/Infinite_Computer_Solutions_logo.svg/180px-Infinite_Computer_Solutions_logo.svg.png","//upload.wikimedia.org/wikipedia/commons/thumb/b/b0/Increase2.svg/11px-Increase2.svg.png","//upload.wikimedia.org/wikipedia/commons/thumb/e/ee/Indian_Rupee_symbol.svg/7px-Indian_Rupee_symbol.svg.png","//upload.wikimedia.org/wikipedia/commons/thumb/b/b0/Increase2.svg/11px-Increase2.svg.png","//upload.wikimedia.org/wikipedia/commons/thumb/e/ee/Indian_Rupee_symbol.svg/7px-Indian_Rupee_symbol.svg.png","//upload.wikimedia.org/wikipedia/commons/thumb/b/b0/Increase2.svg/11px-Increase2.svg.png","//upload.wikimedia.org/wikipedia/commons/thumb/e/ee/Indian_Rupee_symbol.svg/7px-Indian_Rupee_symbol.svg.png","//bits.wikimedia.org/static-1.21wmf11/skins/vector/images/search-ltr.png?303-4","//bits.wikimedia.org/images/wikimedia-button.png","//bits.wikimedia.org/static-1.21wmf11/skins/common/images/poweredby_mediawiki_88x31.png"],"tags":[],"members":[],"related":["Bangalore","IT_service_management","Information_technology_consulting","Sanjay_Govil","Bombay_Stock_Exchange","National_Stock_Exchange_of_India","Consultant","BFSI","Telecommunication","Mass_media_&_Content","Energy_&_Public_utility","Infrastructure_Management","Application_Management","Mobility_&_Messaging"]}