{"cursor":"7461","size":15,"audio":[],"currentlang":"en","article":"\n-C glider as seen by the pilot in flight. The yaw string and slip-skid indicator\nball show a slight slip with a positive sideslip angle.]] The 'yaw string', also\nknown as a 'slip string', is a simple device for indicating a slip or skid in an\naircraft in flight. It performs the same function as the slip-skid indicator\nball, but is more sensitive, and does not require the pilot to look down at the\ninstrument panel. {{cite book\n | last = Reichmann first = Helmut editor = Lert, Peter title = Cross Country\n | Soaring (Streckensegelflug) year = 1988 origyear = 1975 edition = English\n | publisher = Soaring Society of America id = LCCCN 77-86598 page = 77\n }} Technically, it measures sideslip angle, not yaw angle, {{cite web\n| url = http://www.av8n.com/how/htm/multi.html#@default1498 title = See How It\n| Flies accessdate = 2007-01-21 author = Denker, John S. year = 2002 quote = The\n| slip string is commonly referred to as a \"yaw string\", even though it measures\n| the slip angle, not the yaw angle (i.e. heading)....\n}} but this indicates how the aircraft must be yawed to return the\nsideslip angle to zero.\n\nIt is typically constructed from a short piece or tuft of yarn placed in the\nfree air stream where it is visible to the pilot. {{cite book\n | title = Glider Flying Handbook year = 2003 publisher = U.S. Federal Aviation\n | Administration location = U.S. Government Printing Office, Washington D.C. id\n | = FAA-8083-13_GFH page = 4â14\n | url=http://www.faa.gov/library/manuals/aircraft/glider_handbook/\n }} In closed cockpit aircraft, it is usually taped to the aircraft\n canopy. It may also be mounted on the aircraft's nose, either directly on the\n skin, or elevated on a mast, in which case it may also be fitted with a small\n paper cone at the trailing end. {{cite book\n | last = Selvidge first = Harner, S.D. editor = Licher, Rose Marie others =\n | title = American Soaring Handbook origyear = 1963 edition = 2nd year = 1976\n | publisher = Soaring Society of America id = LCCCN 59-15668 pages = 30â31\n | chapter = Ch. 7 : Equipment I\n }} They are commonly used on gliders, but may also be found on jet\n aircraft (especially fighters), ultralight aircraft, light-sport aircraft,\n autogyros, {{cite book\n | title = Rotorcraft Flying Handbook year = 2000 publisher = U.S. Federal\n | Aviation Administration location = U.S. Government Printing Office,\n | Washington D.C. id = FAA-8083-21 page = 18â4 url=http://www.faa.gov/library/manuals/aircraft/media/faa-h-8083-\n | 21.pdf\n }} airplanes and helicopters. Its usefulness on airplanes with a tractor\n configuration (single propeller at the nose) is limited because the propeller\n creates turbulence and the spiral slipstream displaces the string to one\n side. {{cite web\n| url = http://www.challengers101.com/YawString.html title = The Yaw String\n| accessdate = 2007-01-21 author = Hurt, George\n}}\n\nThe yaw string is considered a primary flight reference instrument on gliders,\nwhich must be flown with near zero sideslip angle to reduce drag as much as\npossible. It is valued for its high sensitivity, and the fact that it is\npresented in a head-up display. Even the most sophisticated modern racing\nsailplanes are fitted with yaw strings by their pilots, who reference them\nconstantly throughout the flight.\n","linknr":199,"url":"Yaw_string","recorded":1364049978,"links":["/w/index.php?title=Yaw_string&action=edit","/w/index.php?title=Yaw_string&action=edit","//en.wikipedia.org/apple-touch-icon.png","//bits.wikimedia.org/favicon/wikipedia.ico","/w/opensearch_desc.php","//en.wikipedia.org/w/api.php?action=rsd","//creativecommons.org/licenses/by-sa/3.0/","/w/index.php?title=Special:RecentChanges&feed=atom","//bits.wikimedia.org/en.wikipedia.org/load.php?debug=false&lang=en&modules=ext.gadget.DRN-wizard%2CReferenceTooltips%2Ccharinsert%2Cteahouse%7Cext.wikihiero%7Cmediawiki.legacy.commonPrint%2Cshared%7Cmw.PopUpMediaTransform%7Cskins.vector&only=styles&skin=vector&*","//bits.wikimedia.org/en.wikipedia.org/load.php?debug=false&lang=en&modules=site&only=styles&skin=vector&*","//bits.wikimedia.org/en.wikipedia.org/load.php?debug=false&lang=en&modules=startup&only=scripts&skin=vector&*","//bits.wikimedia.org/geoiplookup","//meta.wikimedia.org","#mw-head","#p-search","/wiki/Yo-yo","/wiki/File:Glider_Instrument_Panel.png","//upload.wikimedia.org/wikipedia/commons/thumb/5/50/Glider_Instrument_Panel.png/220px-Glider_Instrument_Panel.png","/wiki/File:Glider_Instrument_Panel.png","//bits.wikimedia.org/static-1.21wmf11/skins/common/images/magnify-clip.png","/wiki/Schempp-Hirth_Janus","/wiki/Glider_(sailplane)","/wiki/Slip-skid_indicator","/wiki/Slip_(aircraft)","/wiki/Sideslip_angle","/wiki/Slip_(aerodynamic)","/wiki/Skid_(aerodynamic)","/wiki/Aircraft","/wiki/Slip-skid_indicator","#cite_note-1","/wiki/Sideslip_angle","/wiki/Yaw_angle","#cite_note-2","/wiki/Tuft_(aeronautics)","#cite_note-3","/wiki/Canopy_(aircraft)","#cite_note-4","/wiki/Jet_aircraft","/wiki/Fighter_aircraft","/wiki/Ultralight_aircraft","/wiki/Light-sport_aircraft","/wiki/Autogyro","#cite_note-5","/wiki/Airplanes","/wiki/Helicopters","/wiki/Tractor_configuration","/wiki/Propeller_(aircraft)","/wiki/Spiral_slipstream","#cite_note-6","/wiki/Glider_(sailplane)","/wiki/Drag_(physics)","/wiki/Head-up_display","#History","#Use_on_powered_aircraft","#See_also","#References","/w/index.php?title=Yaw_string&action=edit&section=1","/wiki/Flight_instruments","/wiki/Wright_Brothers","/wiki/Wright_Glider","#cite_note-7","#cite_note-8","/wiki/Glenn_Curtiss","/wiki/File:FAA-8083-3A_Fig_12-16.PNG","//upload.wikimedia.org/wikipedia/commons/thumb/0/0a/FAA-8083-3A_Fig_12-16.PNG/220px-FAA-8083-3A_Fig_12-16.PNG","/wiki/File:FAA-8083-3A_Fig_12-16.PNG","//bits.wikimedia.org/static-1.21wmf11/skins/common/images/magnify-clip.png","/w/index.php?title=Yaw_string&action=edit&section=2","/wiki/Lockheed_U-2","/wiki/Surveillance_aircraft","#cite_note-9","/wiki/Slip-skid_indicator","#cite_note-10","/wiki/Asymmetrical_thrust","#cite_note-11","/w/index.php?title=Yaw_string&action=edit&section=3","/wiki/Glider_(sailplane)","/wiki/Gliding","/wiki/Sideslip_angle","/wiki/Slip_(aerodynamic)","/wiki/Tuft","/wiki/Critical_engine","/w/index.php?title=Yaw_string&action=edit&section=4","#cite_ref-1","#cite_ref-2","http://www.av8n.com/how/htm/multi.html#@default1498","http://www.av8n.com/how/htm/multi.html#@default1498","#cite_ref-3","http://www.faa.gov/library/manuals/aircraft/glider_handbook/","http://www.faa.gov/library/manuals/aircraft/glider_handbook/","#cite_ref-4","#cite_ref-5","http://www.faa.gov/library/manuals/aircraft/media/faa-h-8083-21.pdf","http://www.faa.gov/library/manuals/aircraft/media/faa-h-8083-21.pdf","#cite_ref-6","http://www.challengers101.com/YawString.html","http://www.challengers101.com/YawString.html","#cite_ref-7","http://www.first-to-fly.com/Adventure/Hangar/gliderrep.htm","http://www.first-to-fly.com/Adventure/Hangar/gliderrep.htm","#cite_ref-8","http://www.wgc.mb.ca/sac/freeflight/95_01.pdf","/wiki/International_Standard_Serial_Number","//www.worldcat.org/issn/0827","#cite_ref-9","http://www.barryschiff.com/high_flight.htm","http://www.barryschiff.com/high_flight.htm","#cite_ref-10","/wiki/International_Standard_Book_Number","/wiki/Special:BookSources/0-07-142139-4","#cite_ref-11","http://www.faa.gov/library/manuals/aircraft/airplane_handbook/","http://www.faa.gov/library/manuals/aircraft/airplane_handbook/","//upload.wikimedia.org/wikipedia/en/thumb/6/62/PD-icon.svg/12px-PD-icon.svg.png","/wiki/Copyright_status_of_work_by_the_U.S._government","/wiki/United_States_Government","http://www.faa.gov/library/manuals/aviation/instrument_flying_handbook/","/wiki/Template:Flight_instruments","/wiki/Template_talk:Flight_instruments","//en.wikipedia.org/w/index.php?title=Template:Flight_instruments&action=edit","/wiki/Flight_instruments","/wiki/Pitot-static_system","/wiki/Altimeter","/wiki/Airspeed_indicator","/wiki/Machmeter","/wiki/Variometer","/wiki/Gyroscope","/wiki/Attitude_indicator","/wiki/Heading_indicator","/wiki/Horizontal_situation_indicator","/wiki/Turn_and_bank_indicator","/wiki/Turn_coordinator","/wiki/Turn_indicator","/wiki/Horizontal_situation_indicator","/wiki/Course_deviation_indicator","/wiki/Inertial_navigation_system","/wiki/Compass","/wiki/Space_Integrated_GPS/INS","/wiki/Satellite_navigation","/wiki/Air_data_inertial_reference_unit","/wiki/Electronic_Flight_Instrument_System","/wiki/Glass_cockpit","/wiki/V_speeds","http://en.wikipedia.org/w/index.php?title=Yaw_string&oldid=544658615","/wiki/Help:Categories","/wiki/Category:Aircraft_instruments","/wiki/Category:Gliding","/wiki/Category:Wikipedia_articles_incorporating_text_from_public_domain_works_of_the_United_States_Government","/w/index.php?title=Special:UserLogin&returnto=Yaw+string&type=signup","/w/index.php?title=Special:UserLogin&returnto=Yaw+string","/wiki/Yaw_string","/wiki/Talk:Yaw_string","#","/wiki/Yaw_string","/w/index.php?title=Yaw_string&action=edit","/w/index.php?title=Yaw_string&action=history","#","/w/index.php","//bits.wikimedia.org/static-1.21wmf11/skins/vector/images/search-ltr.png?303-4","/wiki/Main_Page","/wiki/Main_Page","/wiki/Portal:Contents","/wiki/Portal:Featured_content","/wiki/Portal:Current_events","/wiki/Special:Random","//donate.wikimedia.org/wiki/Special:FundraiserRedirector?utm_source=donate&utm_medium=sidebar&utm_campaign=C13_en.wikipedia.org&uselang=en","/wiki/Help:Contents","/wiki/Wikipedia:About","/wiki/Wikipedia:Community_portal","/wiki/Special:RecentChanges","/wiki/Wikipedia:Contact_us","/wiki/Special:WhatLinksHere/Yaw_string","/wiki/Special:RecentChangesLinked/Yaw_string","/wiki/Wikipedia:File_Upload_Wizard","/wiki/Special:SpecialPages","/w/index.php?title=Yaw_string&oldid=544658615","/w/index.php?title=Yaw_string&action=info","/w/index.php?title=Special:Cite&page=Yaw_string&id=544658615","/w/index.php?title=Special:Book&bookcmd=book_creator&referer=Yaw+string","/w/index.php?title=Special:Book&bookcmd=render_article&arttitle=Yaw+string&oldid=544658615&writer=rl","/w/index.php?title=Yaw_string&printable=yes","//de.wikipedia.org/wiki/Faden_(Segelflug)","//pl.wikipedia.org/wiki/Icek_(%C5%BCeglarstwo)","//www.wikidata.org/wiki/Special:ItemByTitle/enwiki/Yaw string","//en.wikipedia.org/wiki/Wikipedia:Text_of_Creative_Commons_Attribution-ShareAlike_3.0_Unported_License","//creativecommons.org/licenses/by-sa/3.0/","//wikimediafoundation.org/wiki/Terms_of_Use","//www.wikimediafoundation.org/","//en.wikipedia.org/wiki/Wikipedia:Contact_us","//wikimediafoundation.org/wiki/Privacy_policy","/wiki/Wikipedia:About","/wiki/Wikipedia:General_disclaimer","http://en.m.wikipedia.org/wiki/Yaw_string","//wikimediafoundation.org/","//bits.wikimedia.org/images/wikimedia-button.png","//www.mediawiki.org/","//bits.wikimedia.org/static-1.21wmf11/skins/common/images/poweredby_mediawiki_88x31.png","//bits.wikimedia.org/en.wikipedia.org/load.php?debug=false&lang=en&modules=skins.vector&only=scripts&skin=vector&*","/w/index.php?title=MediaWiki:Gadget-ReferenceTooltips.js&action=raw&ctype=text/javascript&508635914","//bits.wikimedia.org/en.wikipedia.org/load.php?debug=false&lang=en&modules=site&only=scripts&skin=vector&*"],"instances":["physics","aircraft","aeronautics","aerodynamic","aerodynamic","sailplane","aircraft"],"pdf":["http://www.faa.gov/library/manuals/aircraft/media/faa-h-8083-21.pdf","http://www.faa.gov/library/manuals/aircraft/media/faa-h-8083-21.pdf","http://www.wgc.mb.ca/sac/freeflight/95_01.pdf"],"categories":["Aircraft instruments","Gliding"],"headings":["History","Use on powered aircraft","See also","References"],"image":["//upload.wikimedia.org/wikipedia/commons/thumb/5/50/Glider_Instrument_Panel.png/220px-Glider_Instrument_Panel.png","//bits.wikimedia.org/static-1.21wmf11/skins/common/images/magnify-clip.png","//upload.wikimedia.org/wikipedia/commons/thumb/0/0a/FAA-8083-3A_Fig_12-16.PNG/220px-FAA-8083-3A_Fig_12-16.PNG","//bits.wikimedia.org/static-1.21wmf11/skins/common/images/magnify-clip.png","//upload.wikimedia.org/wikipedia/en/thumb/6/62/PD-icon.svg/12px-PD-icon.svg.png","//bits.wikimedia.org/static-1.21wmf11/skins/vector/images/search-ltr.png?303-4","//bits.wikimedia.org/images/wikimedia-button.png","//bits.wikimedia.org/static-1.21wmf11/skins/common/images/poweredby_mediawiki_88x31.png"],"tags":[["glider","sailplane"],["slip","aircraft"],["slip","aerodynamic"],["skid","aerodynamic"],["tuft","aeronautics"],["canopy","aircraft"],["propeller","aircraft"],["glider","sailplane"],["drag","physics"],["glider","sailplane"],["slip","aerodynamic"]],"members":["drag","canopy","tuft","skid","slip","glider","propeller"],"related":["Glider_(sailplane)","Slip-skid_indicator","Slip_(aircraft)","Sideslip_angle","Slip_(aerodynamic)","Skid_(aerodynamic)","Aircraft","Slip-skid_indicator","Sideslip_angle","Yaw_angle","Tuft_(aeronautics)","Canopy_(aircraft)","Jet_aircraft","Fighter_aircraft","Ultralight_aircraft","Light-sport_aircraft","Autogyro","Airplanes","Helicopters","Tractor_configuration","Propeller_(aircraft)","Spiral_slipstream","Glider_(sailplane)","Drag_(physics)","Head-up_display","Flight_instruments","Wright_Brothers","Wright_Glider","Glenn_Curtiss","Lockheed_U-2","Surveillance_aircraft","Slip-skid_indicator","Asymmetrical_thrust","Glider_(sailplane)","Gliding","Sideslip_angle","Slip_(aerodynamic)","Tuft","Critical_engine"]}