{"cursor":"3520","size":15,"audio":[],"currentlang":"en","article":"\n\n{{Infobox given name\n| name = Oliver image = Mort de Roland.jpg image_size = caption = Mort de\n| Roland, depicting the death of Roland in [[The Song of Roland]]. One part of\n| the story tells how Roland's best friend, Olivier, died with him.\n| pronunciation = gender = masculine meaning = region = Carolingian Empire\n| language = pos. Germanic; pos. Latin Usage = Croatian, Czech, Danish, Serbian,\n| Russian, Estonian, Finnish, English, Slovak, Macedonian, Swedish, Norwegian\n| origin = alternative spelling = nickname = related names = Noll; Oilbhreis;\n| OilibhÃ©ar; Olivier; Ollie; Olghar; Oliver name day = derived = popularity =\n| footnotes =\n}} The masculine given name 'Oliver' is of Germanic origin. The name (French:\nOlivier) was first used by one of Charlemagne's retainers—Olivier. The\nname is said to have been derived from the Late Latin olivarius, meaning \"olive\ntree\"; however, the names of Charlemagne's other retainers were of Germanic\norigin, and it is thought that the name is also a form of a Germanic name. It is\nsuggested that the name could thus be a form of Olaf. The name, Oliver, was\nbrought to England by the Normans. . The webpage cited the\nfollowing book: \n","linknr":143,"url":"Oliver_(given_name)","recorded":1364229081,"links":["//en.wikipedia.org/apple-touch-icon.png","//bits.wikimedia.org/favicon/wikipedia.ico","/w/opensearch_desc.php","//en.wikipedia.org/w/api.php?action=rsd","//creativecommons.org/licenses/by-sa/3.0/","/w/index.php?title=Special:RecentChanges&feed=atom","//bits.wikimedia.org/en.wikipedia.org/load.php?debug=false&lang=en&modules=ext.gadget.DRN-wizard%2CReferenceTooltips%2Ccharinsert%2Cteahouse%7Cext.wikihiero%7Cmediawiki.legacy.commonPrint%2Cshared%7Cmw.PopUpMediaTransform%7Cskins.vector&only=styles&skin=vector&*","//bits.wikimedia.org/en.wikipedia.org/load.php?debug=false&lang=en&modules=site&only=styles&skin=vector&*","//bits.wikimedia.org/en.wikipedia.org/load.php?debug=false&lang=en&modules=startup&only=scripts&skin=vector&*","//bits.wikimedia.org/geoiplookup","//meta.wikimedia.org","#mw-head","#p-search","/wiki/Wikipedia:Protection_policy#semi","//upload.wikimedia.org/wikipedia/commons/thumb/f/fc/Padlock-silver.svg/20px-Padlock-silver.svg.png","/wiki/Oliver_(disambiguation)","/wiki/File:Mort_de_Roland.jpg","//upload.wikimedia.org/wikipedia/commons/thumb/1/18/Mort_de_Roland.jpg/220px-Mort_de_Roland.jpg","/wiki/Roland","/wiki/The_Song_of_Roland","/wiki/Oliver_(paladin)","/wiki/Language","/wiki/Carolingian_Empire","/wiki/Oliver_(surname)","//upload.wikimedia.org/wikipedia/commons/thumb/f/f8/Wiktionary-logo-en.svg/37px-Wiktionary-logo-en.svg.png","//en.wiktionary.org/wiki/Oliver","/wiki/Given_name","/wiki/Germanic_language","/wiki/French_language","/wiki/Charlemagne","/wiki/Oliver_(paladin)","/wiki/Late_Latin","/wiki/England","/wiki/Norman_people","#cite_note-firstn-1","#Pet_forms","#In_other_languages","#See_also","#References","/wiki/Pet_form","#cite_note-firstn-1","//upload.wikimedia.org/wikipedia/en/thumb/9/99/Question_book-new.svg/50px-Question_book-new.svg.png","//en.wikipedia.org/w/index.php?title=Oliver_(given_name)&action=edit","/wiki/Help:Introduction_to_referencing/1","/wiki/Template:Citation_needed","/wiki/Wikipedia:Verifiability#Burden_of_evidence","/wiki/Croatian_language","/wiki/Czech_language","/wiki/Danish_language","/wiki/Dutch_language","/wiki/Estonian_language","/wiki/Finnish_language","/wiki/French_language","/wiki/Olivier","/wiki/Frisian_languages","/wiki/German_language","/wiki/Hungarian_language","/wiki/Irish_language","/wiki/Italian_language","/wiki/Latin","#cite_note-2","/wiki/Norwegian_language","/wiki/Portuguese_language","/wiki/Scottish_Gaelic","#cite_note-3","/wiki/Serbian_language","/wiki/Spanish_language","/wiki/Swedish_language","/wiki/Turkish_language","/wiki/Special:PrefixIndex/Oliver","/wiki/Special:Search/intitle:Oliver","#cite_ref-firstn_1-0","#cite_ref-firstn_1-1","http://www.ancestry.com/learn/facts/default.aspx","/wiki/Ancestry.com","http://www.ancestry.com/learn/facts/default.aspx","/wiki/Oxford_University_Press","/wiki/International_Standard_Book_Number","/wiki/Special:BookSources/0-19-280050-7","#cite_ref-2","//en.wikipedia.org/wiki/la:Olivarius_Cromwell","#cite_ref-3","/wiki/Routledge","/wiki/International_Standard_Book_Number","/wiki/Special:BookSources/0-203-22259-8","http://en.wikipedia.org/w/index.php?title=Oliver_(given_name)&oldid=537177880","/wiki/Help:Categories","/wiki/Category:English_masculine_given_names","/wiki/Category:Wikipedia_pages_semi-protected_against_vandalism","/wiki/Category:Articles_needing_additional_references_from_October_2010","/wiki/Category:All_articles_needing_additional_references","/wiki/Category:Use_dmy_dates_from_October_2010","/w/index.php?title=Special:UserLogin&returnto=Oliver+%28given+name%29&type=signup","/w/index.php?title=Special:UserLogin&returnto=Oliver+%28given+name%29","/wiki/Oliver_(given_name)","/wiki/Talk:Oliver_(given_name)","#","/wiki/Oliver_(given_name)","/w/index.php?title=Oliver_(given_name)&action=edit","/w/index.php?title=Oliver_(given_name)&action=history","#","/w/index.php","//bits.wikimedia.org/static-1.21wmf11/skins/vector/images/search-ltr.png?303-4","/wiki/Main_Page","/wiki/Main_Page","/wiki/Portal:Contents","/wiki/Portal:Featured_content","/wiki/Portal:Current_events","/wiki/Special:Random","//donate.wikimedia.org/wiki/Special:FundraiserRedirector?utm_source=donate&utm_medium=sidebar&utm_campaign=C13_en.wikipedia.org&uselang=en","/wiki/Help:Contents","/wiki/Wikipedia:About","/wiki/Wikipedia:Community_portal","/wiki/Special:RecentChanges","/wiki/Wikipedia:Contact_us","/wiki/Special:WhatLinksHere/Oliver_(given_name)","/wiki/Special:RecentChangesLinked/Oliver_(given_name)","/wiki/Wikipedia:File_Upload_Wizard","/wiki/Special:SpecialPages","/w/index.php?title=Oliver_(given_name)&oldid=537177880","/w/index.php?title=Oliver_(given_name)&action=info","/w/index.php?title=Special:Cite&page=Oliver_%28given_name%29&id=537177880","/w/index.php?title=Special:Book&bookcmd=book_creator&referer=Oliver+%28given+name%29","/w/index.php?title=Special:Book&bookcmd=render_article&arttitle=Oliver+%28given+name%29&oldid=537177880&writer=rl","/w/index.php?title=Oliver_(given_name)&printable=yes","//br.wikipedia.org/wiki/Olier","//sv.wikipedia.org/wiki/Oliver","//www.wikidata.org/wiki/Special:ItemByTitle/enwiki/Oliver (given name)","//en.wikipedia.org/wiki/Wikipedia:Text_of_Creative_Commons_Attribution-ShareAlike_3.0_Unported_License","//creativecommons.org/licenses/by-sa/3.0/","//wikimediafoundation.org/wiki/Terms_of_Use","//www.wikimediafoundation.org/","//en.wikipedia.org/wiki/Wikipedia:Contact_us","//wikimediafoundation.org/wiki/Privacy_policy","/wiki/Wikipedia:About","/wiki/Wikipedia:General_disclaimer","http://en.m.wikipedia.org/wiki/Oliver_(given_name)","//wikimediafoundation.org/","//bits.wikimedia.org/images/wikimedia-button.png","//www.mediawiki.org/","//bits.wikimedia.org/static-1.21wmf11/skins/common/images/poweredby_mediawiki_88x31.png","//bits.wikimedia.org/en.wikipedia.org/load.php?debug=false&lang=en&modules=skins.vector&only=scripts&skin=vector&*","/w/index.php?title=MediaWiki:Gadget-ReferenceTooltips.js&action=raw&ctype=text/javascript&508635914","//bits.wikimedia.org/en.wikipedia.org/load.php?debug=false&lang=en&modules=site&only=scripts&skin=vector&*"],"instances":["paladin"],"pdf":[],"categories":["English masculine given names"],"headings":["Pet forms","In other languages","See also","References"],"image":["//upload.wikimedia.org/wikipedia/commons/thumb/f/fc/Padlock-silver.svg/20px-Padlock-silver.svg.png","//upload.wikimedia.org/wikipedia/commons/thumb/1/18/Mort_de_Roland.jpg/220px-Mort_de_Roland.jpg","//upload.wikimedia.org/wikipedia/commons/thumb/f/f8/Wiktionary-logo-en.svg/37px-Wiktionary-logo-en.svg.png","//upload.wikimedia.org/wikipedia/en/thumb/9/99/Question_book-new.svg/50px-Question_book-new.svg.png","//bits.wikimedia.org/static-1.21wmf11/skins/vector/images/search-ltr.png?303-4","//bits.wikimedia.org/images/wikimedia-button.png","//bits.wikimedia.org/static-1.21wmf11/skins/common/images/poweredby_mediawiki_88x31.png"],"tags":[["oliver","paladin"],["oliver","surname"],["oliver","paladin"]],"members":["oliver"],"related":["Roland","Oliver_(paladin)","Carolingian_Empire","Croatian","Czech","Danish","Serbian","Russian","Estonian","Finnish","English","Slovak","Macedonian","Swedish","Norwegian","Oliver_(surname)","Given_name","Germanic_language","French_language","Charlemagne","Oliver_(paladin)","Late_Latin","England","Norman_people","Pet_form","Croatian_language","Czech_language","Danish_language","Dutch_language","Estonian_language","Finnish_language","French_language","Frisian_languages","German_language","Hungarian_language","Irish_language","Italian_language","Latin","Norwegian_language","Portuguese_language","Scottish_Gaelic","Serbian_language","Spanish_language","Swedish_language","Turkish_language"]}