{"cursor":"9423","size":15,"audio":[],"currentlang":"en","article":"\nThe '[[United Mexican States]]', commonly known as Mexico, is a federation\ncomprising thirty-one States and one Federal District, commonly known as Mexico\nCity. The Head of Government of the Federal District is not considered a\ngovernorship, but the position is included on this list of governors for the\nsake of completeness. Article 115 of the current Federal Constitution states\nthat for their internal government, the States shall adopt the popular,\nrepresentative, republican form of government, with the free Municipality as the\nbasis of their territorial division and political and administrative\norganization. All the governors of the States may not hold office for more than\nsix years. The election of governors of the States and the local legislatures\nshall be direct and in the manner prescribed by their respective electoral laws.\nThe governors of the States who hold office by regular or special election may\nnot, in any case or for any reason, again occupy that office in an interim,\nprovisional or substitute character, or be in charge of that office in any\ncapacity. The constitutional governor of a State must be a Mexican citizen by\nbirth and a native of the State or with actual residence therein for not less\nthan five years immediately preceding the day of the election.\n","linknr":550,"url":"List_of_Mexican_state_governors","recorded":1364122217,"links":["/w/index.php?title=List_of_Mexican_state_governors&action=edit","/w/index.php?title=List_of_Mexican_state_governors&action=edit","//en.wikipedia.org/apple-touch-icon.png","//bits.wikimedia.org/favicon/wikipedia.ico","/w/opensearch_desc.php","//en.wikipedia.org/w/api.php?action=rsd","//creativecommons.org/licenses/by-sa/3.0/","/w/index.php?title=Special:RecentChanges&feed=atom","//bits.wikimedia.org/en.wikipedia.org/load.php?debug=false&lang=en&modules=ext.gadget.DRN-wizard%2CReferenceTooltips%2Ccharinsert%2Cteahouse%7Cext.wikihiero%7Cmediawiki.legacy.commonPrint%2Cshared%7Cmw.PopUpMediaTransform%7Cskins.vector&only=styles&skin=vector&*","//bits.wikimedia.org/en.wikipedia.org/load.php?debug=false&lang=en&modules=site&only=styles&skin=vector&*","//bits.wikimedia.org/en.wikipedia.org/load.php?debug=false&lang=en&modules=startup&only=scripts&skin=vector&*","//bits.wikimedia.org/geoiplookup","//meta.wikimedia.org","#mw-head","#p-search","/wiki/File:Mexico_Governors_map.svg","//upload.wikimedia.org/wikipedia/commons/thumb/8/88/Mexico_Governors_map.svg/390px-Mexico_Governors_map.svg.png","/wiki/File:Mexico_Governors_map.svg","//bits.wikimedia.org/static-1.21wmf11/skins/common/images/magnify-clip.png","/wiki/United_Mexican_States","/wiki/Mexico","/wiki/Federation","/wiki/Political_divisions_of_Mexico","/wiki/Federal_District","/wiki/Mexico_City","/wiki/Head_of_Government_of_the_Federal_District","/wiki/Constitution_of_Mexico","/wiki/Mexican_people","/w/index.php?title=List_of_Mexican_state_governors&action=edit&section=1","/wiki/Mexico","/wiki/File:Seal_of_the_Government_of_Mexico.svg","//upload.wikimedia.org/wikipedia/commons/thumb/9/90/Seal_of_the_Government_of_Mexico.svg/125px-Seal_of_the_Government_of_Mexico.svg.png","/wiki/Politics_of_Mexico","/wiki/President_of_Mexico","/wiki/President_of_Mexico","/wiki/List_of_heads_of_state_of_Mexico","/wiki/Enrique_Pe%C3%B1a_Nieto","/wiki/Cabinet_of_Mexico","/wiki/Congress_of_Mexico","/wiki/Congress_of_Mexico","/wiki/LX_Legislature_of_the_Mexican_Congress","/wiki/Senate_(Mexico)","/wiki/Chamber_of_Deputies_(Mexico)","/wiki/Supreme_Court_of_Justice_of_the_Nation","/wiki/List_of_political_parties_in_Mexico","/wiki/Elections_in_Mexico","/wiki/Supreme_Court_of_Justice_of_the_Nation","/wiki/Supreme_Court_of_Justice_of_the_Nation","/wiki/Federal_Electoral_Tribunal","/wiki/Federal_Electoral_Districts_of_Mexico","/wiki/Political_divisions_of_Mexico","/wiki/Political_divisions_of_Mexico","/wiki/Municipalities_of_Mexico","/wiki/Elections_in_Mexico","/wiki/Elections_in_Mexico","/wiki/Mexican_general_election,_1988","/wiki/Mexican_legislative_election,_1991","/wiki/Mexican_general_election,_1994","/wiki/Mexican_legislative_election,_1997","/wiki/Mexican_general_election,_2000","/wiki/Mexican_elections,_2003","/wiki/Mexican_elections,_2004","/wiki/Mexican_elections,_2005","/wiki/Mexican_elections,_2006","/wiki/Mexican_elections,_2007","/wiki/Mexican_elections,_2008","/wiki/Mexican_elections,_2009","/wiki/Mexican_gubernatorial_elections,_2010","/wiki/Mexican_general_election,_2012","/wiki/Federal_Electoral_Institute","/wiki/List_of_political_parties_in_Mexico","/wiki/Institutional_Revolutionary_Party","/wiki/National_Action_Party_(Mexico)","/wiki/Party_of_the_Democratic_Revolution","/wiki/Labor_Party_(Mexico)","/wiki/Ecologist_Green_Party_of_Mexico","/wiki/Citizens%27_Movement_(Mexico)","/wiki/New_Alliance_Party_(Mexico)","/wiki/Cabinet_of_Mexico","/w/index.php?title=Cabinet_of_Agust%C3%ADn_de_Iturbide&action=edit&redlink=1","/w/index.php?title=Cabinet_of_Guadalupe_Victoria&action=edit&redlink=1","/w/index.php?title=Cabinet_of_Vicente_Guerrero&action=edit&redlink=1","/w/index.php?title=Cabinet_of_Venustiano_Carranza&action=edit&redlink=1","/w/index.php?title=Cabinet_of_Adolfo_de_la_Huerta&action=edit&redlink=1","/w/index.php?title=Cabinet_of_%C3%81lvaro_Obreg%C3%B3n&action=edit&redlink=1","/w/index.php?title=Cabinet_of_Plutarco_El%C3%ADas_Calles&action=edit&redlink=1","/w/index.php?title=Cabinet_of_Emilio_Portes_Gil&action=edit&redlink=1","/w/index.php?title=Cabinet_of_Pascual_Ortiz_Rubio&action=edit&redlink=1","/w/index.php?title=Cabinet_of_Abelardo_L._Rodr%C3%ADguez&action=edit&redlink=1","/w/index.php?title=Cabinet_of_L%C3%A1zaro_C%C3%A1rdenas&action=edit&redlink=1","/w/index.php?title=Cabinet_of_Manuel_%C3%81vila_Camacho&action=edit&redlink=1","/w/index.php?title=Cabinet_of_Miguel_Alem%C3%A1n_Vald%C3%A9s&action=edit&redlink=1","/w/index.php?title=Cabinet_of_Adolfo_Ruiz_Cortines&action=edit&redlink=1","/w/index.php?title=Cabinet_of_Adolfo_L%C3%B3pez_Mateos&action=edit&redlink=1","/w/index.php?title=Cabinet_of_Gustavo_D%C3%ADaz_Ordaz&action=edit&redlink=1","/w/index.php?title=Cabinet_of_Luis_Echeverr%C3%ADa&action=edit&redlink=1","/w/index.php?title=Cabinet_of_Jos%C3%A9_L%C3%B3pez_Portillo&action=edit&redlink=1","/w/index.php?title=Cabinet_of_Miguel_de_la_Madrid&action=edit&redlink=1","/w/index.php?title=Cabinet_of_Carlos_Salinas_de_Gortari&action=edit&redlink=1","/wiki/Cabinet_of_Ernesto_Zedillo","/w/index.php?title=Cabinet_of_Vicente_Fox&action=edit&redlink=1","/wiki/Cabinet_of_Felipe_Calder%C3%B3n","/w/index.php?title=Cabinet_of_Enrique_Pe%C3%B1a_Nieto&action=edit&redlink=1","/wiki/Constitution_of_Mexico","/wiki/Constitutions_of_Mexico","/wiki/Federal_government_of_Mexico","/wiki/Foreign_relations_of_Mexico","/wiki/LGBT_rights_in_Mexico","/wiki/Human_rights_in_Mexico","/wiki/List_of_political_parties_in_Mexico","/wiki/Political_divisions_of_Mexico","/wiki/Capital_punishment_in_Mexico","/wiki/Gun_politics_in_Mexico","/wiki/Outline_of_political_science#Politics_by_region","//commons.wikimedia.org/wiki/Atlas_of_Mexico","//upload.wikimedia.org/wikipedia/en/thumb/0/01/A_coloured_voting_box.svg/16px-A_coloured_voting_box.svg.png","/wiki/Portal:Politics","/wiki/Template:Politics_of_Mexico","/wiki/Template_talk:Politics_of_Mexico","//en.wikipedia.org/w/index.php?title=Template:Politics_of_Mexico&action=edit","//upload.wikimedia.org/wikipedia/commons/thumb/1/1b/Flag_of_Aguascalientes.svg/22px-Flag_of_Aguascalientes.svg.png","/wiki/Aguascalientes","/wiki/Carlos_Lozano_de_la_Torre","/wiki/File:PRI_Party_(Mexico).svg","//upload.wikimedia.org/wikipedia/commons/thumb/5/5f/PRI_Party_%28Mexico%29.svg/25px-PRI_Party_%28Mexico%29.svg.png","//upload.wikimedia.org/wikipedia/commons/thumb/2/27/Flag_of_Baja_California.svg/22px-Flag_of_Baja_California.svg.png","/wiki/Baja_California","/wiki/Jos%C3%A9_Guadalupe_Osuna_Mill%C3%A1n","/wiki/File:PAN_Party_(Mexico).svg","//upload.wikimedia.org/wikipedia/commons/thumb/d/d0/PAN_Party_%28Mexico%29.svg/25px-PAN_Party_%28Mexico%29.svg.png","//upload.wikimedia.org/wikipedia/commons/thumb/9/9c/Flag_of_Baja_California_Sur.svg/22px-Flag_of_Baja_California_Sur.svg.png","/wiki/Baja_California_Sur","/wiki/Marcos_Covarrubias_Villase%C3%B1or","/wiki/File:PAN_Party_(Mexico).svg","//upload.wikimedia.org/wikipedia/commons/thumb/d/d0/PAN_Party_%28Mexico%29.svg/25px-PAN_Party_%28Mexico%29.svg.png","//upload.wikimedia.org/wikipedia/commons/thumb/3/37/Flag_of_Campeche.svg/22px-Flag_of_Campeche.svg.png","/wiki/Campeche","/wiki/Fernando_Ortega_Bern%C3%A9s","/wiki/File:PRI_Party_(Mexico).svg","//upload.wikimedia.org/wikipedia/commons/thumb/5/5f/PRI_Party_%28Mexico%29.svg/25px-PRI_Party_%28Mexico%29.svg.png","//upload.wikimedia.org/wikipedia/commons/thumb/1/1a/Flag_of_Chiapas.svg/22px-Flag_of_Chiapas.svg.png","/wiki/Chiapas","/w/index.php?title=Manuel_Velasco_Coello&action=edit&redlink=1","/wiki/File:PVE_Party_(Mexico).svg","//upload.wikimedia.org/wikipedia/commons/thumb/9/96/PVE_Party_%28Mexico%29.svg/25px-PVE_Party_%28Mexico%29.svg.png","//upload.wikimedia.org/wikipedia/commons/thumb/1/1b/Flag_of_Chihuahua.svg/22px-Flag_of_Chihuahua.svg.png","/wiki/Chihuahua_(state)","/wiki/C%C3%A9sar_Horacio_Duarte_J%C3%A1quez","/wiki/File:PRI_Party_(Mexico).svg","//upload.wikimedia.org/wikipedia/commons/thumb/5/5f/PRI_Party_%28Mexico%29.svg/25px-PRI_Party_%28Mexico%29.svg.png","//upload.wikimedia.org/wikipedia/commons/thumb/d/d2/Flag_of_Coahuila.svg/22px-Flag_of_Coahuila.svg.png","/wiki/Coahuila","/wiki/Rub%C3%A9n_Moreira_Valdez","/wiki/File:PRI_Party_(Mexico).svg","//upload.wikimedia.org/wikipedia/commons/thumb/5/5f/PRI_Party_%28Mexico%29.svg/25px-PRI_Party_%28Mexico%29.svg.png","//upload.wikimedia.org/wikipedia/commons/thumb/5/52/Flag_of_Colima.svg/22px-Flag_of_Colima.svg.png","/wiki/Colima","/wiki/Mario_Anguiano_Moreno","/wiki/File:PRI_Party_(Mexico).svg","//upload.wikimedia.org/wikipedia/commons/thumb/5/5f/PRI_Party_%28Mexico%29.svg/25px-PRI_Party_%28Mexico%29.svg.png","//upload.wikimedia.org/wikipedia/commons/thumb/2/26/Flag_of_Durango.png/22px-Flag_of_Durango.png","/wiki/Durango","/wiki/Jorge_Herrera_Caldera","/wiki/File:PRI_Party_(Mexico).svg","//upload.wikimedia.org/wikipedia/commons/thumb/5/5f/PRI_Party_%28Mexico%29.svg/25px-PRI_Party_%28Mexico%29.svg.png","//upload.wikimedia.org/wikipedia/commons/thumb/c/c7/Flag_of_Mexican_Federal_District.svg/22px-Flag_of_Mexican_Federal_District.svg.png","/wiki/Mexico_City","/wiki/Miguel_%C3%81ngel_Mancera","/wiki/File:PRD_Party_(Mexico).svg","//upload.wikimedia.org/wikipedia/commons/thumb/b/b1/PRD_Party_%28Mexico%29.svg/25px-PRD_Party_%28Mexico%29.svg.png","//upload.wikimedia.org/wikipedia/commons/thumb/e/ed/Flag_of_Guanajuato.png/22px-Flag_of_Guanajuato.png","/wiki/Guanajuato","/w/index.php?title=Miguel_M%C3%A1rquez_M%C3%A1rquez&action=edit&redlink=1","/wiki/File:PAN_Party_(Mexico).svg","//upload.wikimedia.org/wikipedia/commons/thumb/d/d0/PAN_Party_%28Mexico%29.svg/25px-PAN_Party_%28Mexico%29.svg.png","//upload.wikimedia.org/wikipedia/commons/thumb/b/b8/Flag_of_Guerrero.svg/22px-Flag_of_Guerrero.svg.png","/wiki/Guerrero","/w/index.php?title=%C3%81ngel_Aguirre_Rivero&action=edit&redlink=1","/wiki/File:PRD_Party_(Mexico).svg","//upload.wikimedia.org/wikipedia/commons/thumb/b/b1/PRD_Party_%28Mexico%29.svg/25px-PRD_Party_%28Mexico%29.svg.png","//upload.wikimedia.org/wikipedia/commons/thumb/0/0d/Flag_of_Hidalgo.svg/22px-Flag_of_Hidalgo.svg.png","/wiki/Hidalgo_(state)","/wiki/Jose_Francisco_Olvera_Ruiz","/wiki/File:PRI_Party_(Mexico).svg","//upload.wikimedia.org/wikipedia/commons/thumb/5/5f/PRI_Party_%28Mexico%29.svg/25px-PRI_Party_%28Mexico%29.svg.png","//upload.wikimedia.org/wikipedia/commons/thumb/2/2b/Flag_of_Jalisco.svg/22px-Flag_of_Jalisco.svg.png","/wiki/Jalisco","/w/index.php?title=Arist%C3%B3teles_Sandoval&action=edit&redlink=1","/wiki/File:PRI_Party_(Mexico).svg","//upload.wikimedia.org/wikipedia/commons/thumb/5/5f/PRI_Party_%28Mexico%29.svg/25px-PRI_Party_%28Mexico%29.svg.png","//upload.wikimedia.org/wikipedia/commons/thumb/3/38/Flag_of_Mexico_%28state%29.svg/22px-Flag_of_Mexico_%28state%29.svg.png","/wiki/State_of_Mexico","/wiki/Eruviel_%C3%81vila_Villegas","/wiki/File:PRI_Party_(Mexico).svg","//upload.wikimedia.org/wikipedia/commons/thumb/5/5f/PRI_Party_%28Mexico%29.svg/25px-PRI_Party_%28Mexico%29.svg.png","//upload.wikimedia.org/wikipedia/commons/thumb/0/02/Flag_of_Michoacan.svg/22px-Flag_of_Michoacan.svg.png","/wiki/Michoac%C3%A1n","/wiki/Fausto_Vallejo","/wiki/File:PRI_Party_(Mexico).svg","//upload.wikimedia.org/wikipedia/commons/thumb/5/5f/PRI_Party_%28Mexico%29.svg/25px-PRI_Party_%28Mexico%29.svg.png","//upload.wikimedia.org/wikipedia/commons/thumb/f/fd/Flag_of_Morelos.svg/22px-Flag_of_Morelos.svg.png","/wiki/Morelos","/wiki/Graco_Ram%C3%ADrez","/wiki/File:PRD_Party_(Mexico).svg","//upload.wikimedia.org/wikipedia/commons/thumb/b/b1/PRD_Party_%28Mexico%29.svg/25px-PRD_Party_%28Mexico%29.svg.png","//upload.wikimedia.org/wikipedia/commons/thumb/a/ac/Flag_of_Nayarit.svg/22px-Flag_of_Nayarit.svg.png","/wiki/Nayarit","/w/index.php?title=Roberto_Sandoval_Casta%C3%B1eda&action=edit&redlink=1","/wiki/File:PRI_Party_(Mexico).svg","//upload.wikimedia.org/wikipedia/commons/thumb/5/5f/PRI_Party_%28Mexico%29.svg/25px-PRI_Party_%28Mexico%29.svg.png","//upload.wikimedia.org/wikipedia/commons/thumb/8/80/Flag_of_Nuevo_Leon.svg/22px-Flag_of_Nuevo_Leon.svg.png","/wiki/Nuevo_Le%C3%B3n","/wiki/Rodrigo_Medina_de_la_Cruz","/wiki/File:PRI_Party_(Mexico).svg","//upload.wikimedia.org/wikipedia/commons/thumb/5/5f/PRI_Party_%28Mexico%29.svg/25px-PRI_Party_%28Mexico%29.svg.png","//upload.wikimedia.org/wikipedia/commons/thumb/b/b2/Flag_of_Oaxaca.svg/22px-Flag_of_Oaxaca.svg.png","/wiki/Oaxaca","/wiki/Gabino_Cu%C3%A9_Monteagudo","/wiki/File:PMC_Party_(Mexico).svg","//upload.wikimedia.org/wikipedia/commons/thumb/2/26/PMC_Party_%28Mexico%29.svg/25px-PMC_Party_%28Mexico%29.svg.png","//upload.wikimedia.org/wikipedia/commons/thumb/c/cd/Flag_of_Puebla.svg/22px-Flag_of_Puebla.svg.png","/wiki/Puebla","/w/index.php?title=Rafael_Moreno_Valle&action=edit&redlink=1","/wiki/File:PAN_Party_(Mexico).svg","//upload.wikimedia.org/wikipedia/commons/thumb/d/d0/PAN_Party_%28Mexico%29.svg/25px-PAN_Party_%28Mexico%29.svg.png","//upload.wikimedia.org/wikipedia/commons/thumb/1/18/Flag_of_Queretaro.svg/22px-Flag_of_Queretaro.svg.png","/wiki/Quer%C3%A9taro","/wiki/Jos%C3%A9_Eduardo_Calzada_Rovirosa","/wiki/File:PRI_Party_(Mexico).svg","//upload.wikimedia.org/wikipedia/commons/thumb/5/5f/PRI_Party_%28Mexico%29.svg/25px-PRI_Party_%28Mexico%29.svg.png","//upload.wikimedia.org/wikipedia/commons/thumb/a/a0/Flag_of_Quintana_Roo.svg/22px-Flag_of_Quintana_Roo.svg.png","/wiki/Quintana_Roo","/wiki/Roberto_Borge_Angulo","/wiki/File:PRI_Party_(Mexico).svg","//upload.wikimedia.org/wikipedia/commons/thumb/5/5f/PRI_Party_%28Mexico%29.svg/25px-PRI_Party_%28Mexico%29.svg.png","//upload.wikimedia.org/wikipedia/commons/thumb/9/99/Flag_of_San_Luis_Potosi.svg/22px-Flag_of_San_Luis_Potosi.svg.png","/wiki/San_Luis_Potos%C3%AD","/wiki/Fernando_Toranzo_Fern%C3%A1ndez","/wiki/File:PRI_Party_(Mexico).svg","//upload.wikimedia.org/wikipedia/commons/thumb/5/5f/PRI_Party_%28Mexico%29.svg/25px-PRI_Party_%28Mexico%29.svg.png","//upload.wikimedia.org/wikipedia/commons/thumb/c/cc/Flag_of_Sinaloa.svg/22px-Flag_of_Sinaloa.svg.png","/wiki/Sinaloa","/wiki/Mario_L%C3%B3pez_Valdez","/wiki/File:PAN_Party_(Mexico).svg","//upload.wikimedia.org/wikipedia/commons/thumb/d/d0/PAN_Party_%28Mexico%29.svg/25px-PAN_Party_%28Mexico%29.svg.png","//upload.wikimedia.org/wikipedia/commons/thumb/6/69/Flag_of_Sonora.svg/22px-Flag_of_Sonora.svg.png","/wiki/Sonora","/wiki/Guillermo_Padr%C3%A9s_El%C3%ADas","/wiki/File:PAN_Party_(Mexico).svg","//upload.wikimedia.org/wikipedia/commons/thumb/d/d0/PAN_Party_%28Mexico%29.svg/25px-PAN_Party_%28Mexico%29.svg.png","//upload.wikimedia.org/wikipedia/commons/thumb/b/b3/Flag_of_Tabasco.svg/22px-Flag_of_Tabasco.svg.png","/wiki/Tabasco","/w/index.php?title=Arturo_N%C3%BA%C3%B1ez_Jim%C3%A9nez&action=edit&redlink=1","/wiki/File:PRD_Party_(Mexico).svg","//upload.wikimedia.org/wikipedia/commons/thumb/b/b1/PRD_Party_%28Mexico%29.svg/25px-PRD_Party_%28Mexico%29.svg.png","//upload.wikimedia.org/wikipedia/commons/thumb/9/9f/Flag_of_Tamaulipas.svg/22px-Flag_of_Tamaulipas.svg.png","/wiki/Tamaulipas","/wiki/Egidio_Torre_Cant%C3%BA","/wiki/File:PRI_Party_(Mexico).svg","//upload.wikimedia.org/wikipedia/commons/thumb/5/5f/PRI_Party_%28Mexico%29.svg/25px-PRI_Party_%28Mexico%29.svg.png","//upload.wikimedia.org/wikipedia/commons/thumb/2/26/Flag_of_Tlaxcala.svg/22px-Flag_of_Tlaxcala.svg.png","/wiki/Tlaxcala","/w/index.php?title=Mariano_Gonz%C3%A1lez_Zarur&action=edit&redlink=1","/wiki/File:PRI_Party_(Mexico).svg","//upload.wikimedia.org/wikipedia/commons/thumb/5/5f/PRI_Party_%28Mexico%29.svg/25px-PRI_Party_%28Mexico%29.svg.png","//upload.wikimedia.org/wikipedia/commons/thumb/6/6a/Flag_of_Veracruz.svg/22px-Flag_of_Veracruz.svg.png","/wiki/Veracruz","/w/index.php?title=Javier_Duarte_de_Ochoa&action=edit&redlink=1","/wiki/File:PRI_Party_(Mexico).svg","//upload.wikimedia.org/wikipedia/commons/thumb/5/5f/PRI_Party_%28Mexico%29.svg/25px-PRI_Party_%28Mexico%29.svg.png","//upload.wikimedia.org/wikipedia/commons/thumb/9/9b/Flag_of_Yucatan.svg/22px-Flag_of_Yucatan.svg.png","/wiki/Yucat%C3%A1n","/w/index.php?title=Rolando_Zapata_Bello&action=edit&redlink=1","/wiki/File:PRI_Party_(Mexico).svg","//upload.wikimedia.org/wikipedia/commons/thumb/5/5f/PRI_Party_%28Mexico%29.svg/25px-PRI_Party_%28Mexico%29.svg.png","//upload.wikimedia.org/wikipedia/commons/thumb/9/96/Mexico_stateflags_Zacatecas.png/22px-Mexico_stateflags_Zacatecas.png","/wiki/Zacatecas","/wiki/Miguel_Alonso_Reyes","/wiki/File:PRI_Party_(Mexico).svg","//upload.wikimedia.org/wikipedia/commons/thumb/5/5f/PRI_Party_%28Mexico%29.svg/25px-PRI_Party_%28Mexico%29.svg.png","/w/index.php?title=List_of_Mexican_state_governors&action=edit&section=2","/w/index.php?title=List_of_Mexican_state_governors&action=edit&section=3","/wiki/File:Flag_of_Mexico.svg","//upload.wikimedia.org/wikipedia/commons/thumb/f/fc/Flag_of_Mexico.svg/32px-Flag_of_Mexico.svg.png","/wiki/Portal:Mexico","http://www.alaingarcia.net/conozca/gobernadores.htm","http://www.alaingarcia.net/conozca/gobernadores_calendario.htm","/wiki/Template:Governors_of_Mexican_states","/w/index.php?title=Template_talk:Governors_of_Mexican_states&action=edit&redlink=1","//en.wikipedia.org/w/index.php?title=Template:Governors_of_Mexican_states&action=edit","/wiki/Governor_of_Aguascalientes","/wiki/Governor_of_Baja_California","/wiki/Governor_of_Baja_California_Sur","/wiki/Governor_of_Campeche","/wiki/Governor_of_Chiapas","/wiki/Governor_of_Chihuahua","/wiki/Governor_of_Coahuila","/wiki/Governor_of_Colima","/wiki/Governor_of_Durango","/wiki/Governor_of_Guanajuato","/wiki/Governor_of_Guerrero","/wiki/Governor_of_Hidalgo","/wiki/Governor_of_Jalisco","/wiki/Governor_of_Michoac%C3%A1n","/wiki/Governor_of_Morelos","/wiki/Governor_of_Nayarit","/wiki/Governor_of_Nuevo_Le%C3%B3n","/wiki/Governor_of_Oaxaca","/wiki/Governor_of_Puebla","/wiki/Governor_of_Quer%C3%A9taro","/wiki/Governor_of_Quintana_Roo","/wiki/Governor_of_San_Luis_Potos%C3%AD","/wiki/Governor_of_Sinaloa","/wiki/Governor_of_Sonora","/wiki/Governor_of_the_State_of_Mexico","/wiki/Governor_of_Tabasco","/wiki/Governor_of_Tamaulipas","/wiki/Governor_of_Tlaxcala","/wiki/Governor_of_Veracruz","/wiki/Governor_of_Yucat%C3%A1n","/wiki/Governor_of_Zacatecas","/wiki/Template:Current_Mexican_governors","/wiki/Template_talk:Current_Mexican_governors","//en.wikipedia.org/w/index.php?title=Template:Current_Mexican_governors&action=edit","/wiki/Governor_of_Aguascalientes","/wiki/Governor_of_Baja_California","/wiki/Governor_of_Baja_California_Sur","/wiki/Governor_of_Campeche","/wiki/Governor_of_Chiapas","/wiki/Governor_of_Chihuahua","/wiki/Governor_of_Coahuila","/wiki/Governor_of_Colima","/wiki/Governor_of_Durango","/wiki/Governor_of_Guanajuato","/wiki/Governor_of_Guerrero","/wiki/Carlos_Lozano_de_la_Torre","/wiki/Jos%C3%A9_Guadalupe_Osuna_Mill%C3%A1n","/wiki/Marcos_Covarrubias_Villase%C3%B1or","/wiki/Fernando_Ortega_Bern%C3%A9s","/w/index.php?title=Manuel_Velasco_Coello&action=edit&redlink=1","/wiki/C%C3%A9sar_Horacio_Duarte_J%C3%A1quez","/wiki/Rub%C3%A9n_Moreira_Valdez","/wiki/Mario_Anguiano_Moreno","/wiki/Jorge_Herrera_Caldera","/w/index.php?title=Miguel_M%C3%A1rquez_M%C3%A1rquez&action=edit&redlink=1","/w/index.php?title=%C3%81ngel_Aguirre_Rivero&action=edit&redlink=1","/wiki/Governor_of_Hidalgo","/wiki/Governor_of_Jalisco","/wiki/Governor_of_Michoac%C3%A1n","/wiki/Governor_of_Morelos","/wiki/Governor_of_Nayarit","/wiki/Governor_of_Nuevo_Le%C3%B3n","/wiki/Governor_of_Oaxaca","/wiki/Governor_of_Puebla","/wiki/Governor_of_Quer%C3%A9taro","/wiki/Governor_of_Quintana_Roo","/wiki/Francisco_Olvera_Ruiz","/wiki/Emilio_Gonz%C3%A1lez_M%C3%A1rquez","/wiki/Fausto_Vallejo","/wiki/Graco_Ram%C3%ADrez","/wiki/Ney_Gonz%C3%A1lez_S%C3%A1nchez","/wiki/Rodrigo_Medina_de_la_Cruz","/wiki/Gabino_Cu%C3%A9_Monteagudo","/w/index.php?title=Rafael_Moreno_Valle&action=edit&redlink=1","/wiki/Jos%C3%A9_Eduardo_Calzada_Rovirosa","/wiki/Roberto_Borge_Angulo","/wiki/Governor_of_San_Luis_Potos%C3%AD","/wiki/Governor_of_Sinaloa","/wiki/Governor_of_Sonora","/wiki/Governor_of_the_State_of_Mexico","/wiki/Governor_of_Tabasco","/wiki/Governor_of_Tamaulipas","/wiki/Governor_of_Tlaxcala","/wiki/Governor_of_Veracruz","/wiki/Governor_of_Yucat%C3%A1n","/wiki/Governor_of_Zacatecas","/wiki/Fernando_Toranzo_Fern%C3%A1ndez","/wiki/Mario_L%C3%B3pez_Valdez","/wiki/Guillermo_Padr%C3%A9s_El%C3%ADas","/wiki/Eruviel_%C3%81vila","/w/index.php?title=Arturo_N%C3%BA%C3%B1ez_Jim%C3%A9nez&action=edit&redlink=1","/wiki/Egidio_Torre_Cant%C3%BA","/wiki/H%C3%A9ctor_Ortiz_Ortiz","/w/index.php?title=Javier_Duarte_de_Ochoa&action=edit&redlink=1","/w/index.php?title=Rolando_Zapata_Bello&action=edit&redlink=1","/wiki/Miguel_Alonso_Reyes","/wiki/List_of_heads_of_government_of_the_Mexican_Federal_District","/wiki/Miguel_%C3%81ngel_Mancera","/wiki/Template:Mexico_topics","/wiki/Template_talk:Mexico_topics","//en.wikipedia.org/w/index.php?title=Template:Mexico_topics&action=edit","/wiki/Mexico","/wiki/History_of_Mexico","/wiki/Indigenous_peoples_in_Mexico","/wiki/Colonial_Mexico","/wiki/Mexican_War_of_Independence","/wiki/First_Mexican_Empire","/wiki/Mexican-American_War","/wiki/Reform_War","/wiki/French_intervention_in_Mexico","/wiki/Second_Mexican_Empire","/wiki/Porfirio_D%C3%ADaz","/wiki/Mexican_Revolution","/wiki/List_of_wettest_tropical_cyclones_by_country#Mexico","/wiki/Geography_of_Mexico","/wiki/List_of_cities_in_Mexico","/wiki/Extreme_points_of_Mexico","/wiki/List_of_islands_of_Mexico","/wiki/Metropolitan_areas_of_Mexico","/wiki/List_of_mountains_in_Mexico","/wiki/Mexican_Protected_Natural_Areas","/wiki/Administrative_divisions_of_Mexico","/wiki/Congress_of_Mexico","/wiki/Constitution_of_Mexico","/wiki/Elections_in_Mexico","/wiki/Federal_government_of_Mexico","/wiki/Foreign_relations_of_Mexico","/wiki/Human_rights_in_Mexico","/wiki/LGBT_rights_in_Mexico","/wiki/Law_enforcement_in_Mexico","/wiki/Mexican_Armed_Forces","/wiki/Politics_of_Mexico","/wiki/List_of_political_parties_in_Mexico","/wiki/President_of_Mexico","/wiki/Supreme_Court_of_Justice_of_the_Nation","/wiki/Economy_of_Mexico","/wiki/Cars_in_Mexico","/wiki/Bank_of_Mexico","/wiki/List_of_Mexican_companies","/wiki/Economic_history_of_Mexico","/wiki/North_American_Free_Trade_Agreement","/wiki/Mexican_peso","/wiki/Petroleum_industry_in_Mexico","/wiki/Science_and_technology_in_Mexico","/wiki/Bolsa_Mexicana_de_Valores","/wiki/Telecommunications_in_Mexico","/wiki/Tourism_in_Mexico","/wiki/Transportation_in_Mexico","/wiki/Category:Mexican_society","/wiki/Crime_in_Mexico","/wiki/Demographics_of_Mexico","/wiki/Education_in_Mexico","/wiki/Health_care_in_Mexico","/wiki/Mexican_people","/wiki/Poverty_in_Mexico","/wiki/Religion_in_Mexico","/wiki/Water_supply_and_sanitation_in_Mexico","/wiki/Culture_of_Mexico","/wiki/Architecture_of_Mexico","/wiki/Cinema_of_Mexico","/wiki/Mexican_cuisine","/wiki/List_of_Mexican_flags","/wiki/Languages_of_Mexico","/wiki/Mexican_literature","/wiki/Music_of_Mexico","/wiki/Public_holidays_in_Mexico","/wiki/Sports_in_Mexico","/wiki/Outline_of_Mexico","/wiki/Index_of_Mexico-related_articles","/wiki/Book:Mexico","/wiki/Category:Mexico","/wiki/Portal:Mexico","/wiki/Wikipedia:WikiProject_Mexico","/wiki/Template:Indicators_of_Mexican_States","/w/index.php?title=Template_talk:Indicators_of_Mexican_States&action=edit&redlink=1","//en.wikipedia.org/w/index.php?title=Template:Indicators_of_Mexican_States&action=edit","//upload.wikimedia.org/wikipedia/commons/thumb/2/2a/Coat_of_arms_of_Mexico.svg/20px-Coat_of_arms_of_Mexico.svg.png","/wiki/Mexico","/wiki/States_of_Mexico","/wiki/List_of_Mexican_states_by_area","/wiki/List_of_Mexican_states_by_population_growth_rate","/wiki/List_of_Mexican_states_by_population","/w/index.php?title=List_of_Mexican_states_by_historical_population&action=edit&redlink=1","/wiki/List_of_Mexican_states_by_population_density","/wiki/List_of_Mexican_states_by_fertility_rate","/wiki/List_of_Mexican_states_by_Human_Development_Index","/wiki/List_of_Mexican_states_by_homicides","/wiki/List_of_Mexican_states_by_infant_mortality","/wiki/List_of_Mexican_states_by_life_expectancy","/wiki/List_of_Mexican_states_by_literacy_rate","/wiki/Administrative_divisions_of_Mexico","/wiki/List_of_Mexican_states_by_date_of_statehood","/wiki/List_of_Mexican_states_by_GDP","/wiki/List_of_Mexican_states_by_poverty_rate","/wiki/List_of_Mexican_states_by_unemployment","/wiki/Coat_of_arms_of_Mexico","/wiki/List_of_Mexican_flags","/wiki/List_of_Mexican_states_by_indigenous-speaking_population","/wiki/Irreligion_in_Mexico","http://en.wikipedia.org/w/index.php?title=List_of_Mexican_state_governors&oldid=543165714","/wiki/Help:Categories","/wiki/Category:Mexican_state_governors","/wiki/Category:Lists_of_current_office-holders_of_country_subdivisions","/wiki/Category:States_of_Mexico","/wiki/Category:Lists_of_governors","/wiki/Category:Lists_of_political_office-holders_in_Mexico","/wiki/Category:Lists_of_governors_of_States_of_Mexico","/wiki/Category:Articles_with_Spanish_language_external_links","/w/index.php?title=Special:UserLogin&returnto=List+of+Mexican+state+governors&type=signup","/w/index.php?title=Special:UserLogin&returnto=List+of+Mexican+state+governors","/wiki/List_of_Mexican_state_governors","/wiki/Talk:List_of_Mexican_state_governors","#","/wiki/List_of_Mexican_state_governors","/w/index.php?title=List_of_Mexican_state_governors&action=edit","/w/index.php?title=List_of_Mexican_state_governors&action=history","#","/w/index.php","//bits.wikimedia.org/static-1.21wmf11/skins/vector/images/search-ltr.png?303-4","/wiki/Main_Page","/wiki/Main_Page","/wiki/Portal:Contents","/wiki/Portal:Featured_content","/wiki/Portal:Current_events","/wiki/Special:Random","//donate.wikimedia.org/wiki/Special:FundraiserRedirector?utm_source=donate&utm_medium=sidebar&utm_campaign=C13_en.wikipedia.org&uselang=en","/wiki/Help:Contents","/wiki/Wikipedia:About","/wiki/Wikipedia:Community_portal","/wiki/Special:RecentChanges","/wiki/Wikipedia:Contact_us","/wiki/Special:WhatLinksHere/List_of_Mexican_state_governors","/wiki/Special:RecentChangesLinked/List_of_Mexican_state_governors","/wiki/Wikipedia:File_Upload_Wizard","/wiki/Special:SpecialPages","/w/index.php?title=List_of_Mexican_state_governors&oldid=543165714","/w/index.php?title=List_of_Mexican_state_governors&action=info","/w/index.php?title=Special:Cite&page=List_of_Mexican_state_governors&id=543165714","/w/index.php?title=Special:Book&bookcmd=book_creator&referer=List+of+Mexican+state+governors","/w/index.php?title=Special:Book&bookcmd=render_article&arttitle=List+of+Mexican+state+governors&oldid=543165714&writer=rl","/w/index.php?title=List_of_Mexican_state_governors&printable=yes","//de.wikipedia.org/wiki/Liste_der_Gouverneure_der_mexikanischen_Bundesstaaten","//es.wikipedia.org/wiki/Anexo:Gobernadores_de_M%C3%A9xico","//fr.wikipedia.org/wiki/Liste_des_gouverneurs_des_%C3%89tats_du_Mexique","//www.wikidata.org/wiki/Special:ItemByTitle/enwiki/List of Mexican state governors","//en.wikipedia.org/wiki/Wikipedia:Text_of_Creative_Commons_Attribution-ShareAlike_3.0_Unported_License","//creativecommons.org/licenses/by-sa/3.0/","//wikimediafoundation.org/wiki/Terms_of_Use","//www.wikimediafoundation.org/","//en.wikipedia.org/wiki/Wikipedia:Contact_us","//wikimediafoundation.org/wiki/Privacy_policy","/wiki/Wikipedia:About","/wiki/Wikipedia:General_disclaimer","http://en.m.wikipedia.org/wiki/List_of_Mexican_state_governors","//wikimediafoundation.org/","//bits.wikimedia.org/images/wikimedia-button.png","//www.mediawiki.org/","//bits.wikimedia.org/static-1.21wmf11/skins/common/images/poweredby_mediawiki_88x31.png","//bits.wikimedia.org/en.wikipedia.org/load.php?debug=false&lang=en&modules=skins.vector&only=scripts&skin=vector&*","/w/index.php?title=MediaWiki:Gadget-ReferenceTooltips.js&action=raw&ctype=text/javascript&508635914","//bits.wikimedia.org/en.wikipedia.org/load.php?debug=false&lang=en&modules=site&only=scripts&skin=vector&*"],"instances":[],"pdf":[],"categories":["Mexican state governors|","Lists of current office-holders of country subdivisions|Mexican governors","States of Mexico| Governors","Lists of governors|Mexican states","Lists of political office-holders in Mexico|State governors","Lists of governors of States of Mexico|"],"headings":["State Governors and Head of Government","References","External links"],"image":["//upload.wikimedia.org/wikipedia/commons/thumb/8/88/Mexico_Governors_map.svg/390px-Mexico_Governors_map.svg.png","//bits.wikimedia.org/static-1.21wmf11/skins/common/images/magnify-clip.png","//upload.wikimedia.org/wikipedia/commons/thumb/9/90/Seal_of_the_Government_of_Mexico.svg/125px-Seal_of_the_Government_of_Mexico.svg.png","//upload.wikimedia.org/wikipedia/en/thumb/0/01/A_coloured_voting_box.svg/16px-A_coloured_voting_box.svg.png","//upload.wikimedia.org/wikipedia/commons/thumb/1/1b/Flag_of_Aguascalientes.svg/22px-Flag_of_Aguascalientes.svg.png","//upload.wikimedia.org/wikipedia/commons/thumb/5/5f/PRI_Party_%28Mexico%29.svg/25px-PRI_Party_%28Mexico%29.svg.png","//upload.wikimedia.org/wikipedia/commons/thumb/2/27/Flag_of_Baja_California.svg/22px-Flag_of_Baja_California.svg.png","//upload.wikimedia.org/wikipedia/commons/thumb/d/d0/PAN_Party_%28Mexico%29.svg/25px-PAN_Party_%28Mexico%29.svg.png","//upload.wikimedia.org/wikipedia/commons/thumb/9/9c/Flag_of_Baja_California_Sur.svg/22px-Flag_of_Baja_California_Sur.svg.png","//upload.wikimedia.org/wikipedia/commons/thumb/d/d0/PAN_Party_%28Mexico%29.svg/25px-PAN_Party_%28Mexico%29.svg.png","//upload.wikimedia.org/wikipedia/commons/thumb/3/37/Flag_of_Campeche.svg/22px-Flag_of_Campeche.svg.png","//upload.wikimedia.org/wikipedia/commons/thumb/5/5f/PRI_Party_%28Mexico%29.svg/25px-PRI_Party_%28Mexico%29.svg.png","//upload.wikimedia.org/wikipedia/commons/thumb/1/1a/Flag_of_Chiapas.svg/22px-Flag_of_Chiapas.svg.png","//upload.wikimedia.org/wikipedia/commons/thumb/9/96/PVE_Party_%28Mexico%29.svg/25px-PVE_Party_%28Mexico%29.svg.png","//upload.wikimedia.org/wikipedia/commons/thumb/1/1b/Flag_of_Chihuahua.svg/22px-Flag_of_Chihuahua.svg.png","//upload.wikimedia.org/wikipedia/commons/thumb/5/5f/PRI_Party_%28Mexico%29.svg/25px-PRI_Party_%28Mexico%29.svg.png","//upload.wikimedia.org/wikipedia/commons/thumb/d/d2/Flag_of_Coahuila.svg/22px-Flag_of_Coahuila.svg.png","//upload.wikimedia.org/wikipedia/commons/thumb/5/5f/PRI_Party_%28Mexico%29.svg/25px-PRI_Party_%28Mexico%29.svg.png","//upload.wikimedia.org/wikipedia/commons/thumb/5/52/Flag_of_Colima.svg/22px-Flag_of_Colima.svg.png","//upload.wikimedia.org/wikipedia/commons/thumb/5/5f/PRI_Party_%28Mexico%29.svg/25px-PRI_Party_%28Mexico%29.svg.png","//upload.wikimedia.org/wikipedia/commons/thumb/2/26/Flag_of_Durango.png/22px-Flag_of_Durango.png","//upload.wikimedia.org/wikipedia/commons/thumb/5/5f/PRI_Party_%28Mexico%29.svg/25px-PRI_Party_%28Mexico%29.svg.png","//upload.wikimedia.org/wikipedia/commons/thumb/c/c7/Flag_of_Mexican_Federal_District.svg/22px-Flag_of_Mexican_Federal_District.svg.png","//upload.wikimedia.org/wikipedia/commons/thumb/b/b1/PRD_Party_%28Mexico%29.svg/25px-PRD_Party_%28Mexico%29.svg.png","//upload.wikimedia.org/wikipedia/commons/thumb/e/ed/Flag_of_Guanajuato.png/22px-Flag_of_Guanajuato.png","//upload.wikimedia.org/wikipedia/commons/thumb/d/d0/PAN_Party_%28Mexico%29.svg/25px-PAN_Party_%28Mexico%29.svg.png","//upload.wikimedia.org/wikipedia/commons/thumb/b/b8/Flag_of_Guerrero.svg/22px-Flag_of_Guerrero.svg.png","//upload.wikimedia.org/wikipedia/commons/thumb/b/b1/PRD_Party_%28Mexico%29.svg/25px-PRD_Party_%28Mexico%29.svg.png","//upload.wikimedia.org/wikipedia/commons/thumb/0/0d/Flag_of_Hidalgo.svg/22px-Flag_of_Hidalgo.svg.png","//upload.wikimedia.org/wikipedia/commons/thumb/5/5f/PRI_Party_%28Mexico%29.svg/25px-PRI_Party_%28Mexico%29.svg.png","//upload.wikimedia.org/wikipedia/commons/thumb/2/2b/Flag_of_Jalisco.svg/22px-Flag_of_Jalisco.svg.png","//upload.wikimedia.org/wikipedia/commons/thumb/5/5f/PRI_Party_%28Mexico%29.svg/25px-PRI_Party_%28Mexico%29.svg.png","//upload.wikimedia.org/wikipedia/commons/thumb/3/38/Flag_of_Mexico_%28state%29.svg/22px-Flag_of_Mexico_%28state%29.svg.png","//upload.wikimedia.org/wikipedia/commons/thumb/5/5f/PRI_Party_%28Mexico%29.svg/25px-PRI_Party_%28Mexico%29.svg.png","//upload.wikimedia.org/wikipedia/commons/thumb/0/02/Flag_of_Michoacan.svg/22px-Flag_of_Michoacan.svg.png","//upload.wikimedia.org/wikipedia/commons/thumb/5/5f/PRI_Party_%28Mexico%29.svg/25px-PRI_Party_%28Mexico%29.svg.png","//upload.wikimedia.org/wikipedia/commons/thumb/f/fd/Flag_of_Morelos.svg/22px-Flag_of_Morelos.svg.png","//upload.wikimedia.org/wikipedia/commons/thumb/b/b1/PRD_Party_%28Mexico%29.svg/25px-PRD_Party_%28Mexico%29.svg.png","//upload.wikimedia.org/wikipedia/commons/thumb/a/ac/Flag_of_Nayarit.svg/22px-Flag_of_Nayarit.svg.png","//upload.wikimedia.org/wikipedia/commons/thumb/5/5f/PRI_Party_%28Mexico%29.svg/25px-PRI_Party_%28Mexico%29.svg.png","//upload.wikimedia.org/wikipedia/commons/thumb/8/80/Flag_of_Nuevo_Leon.svg/22px-Flag_of_Nuevo_Leon.svg.png","//upload.wikimedia.org/wikipedia/commons/thumb/5/5f/PRI_Party_%28Mexico%29.svg/25px-PRI_Party_%28Mexico%29.svg.png","//upload.wikimedia.org/wikipedia/commons/thumb/b/b2/Flag_of_Oaxaca.svg/22px-Flag_of_Oaxaca.svg.png","//upload.wikimedia.org/wikipedia/commons/thumb/2/26/PMC_Party_%28Mexico%29.svg/25px-PMC_Party_%28Mexico%29.svg.png","//upload.wikimedia.org/wikipedia/commons/thumb/c/cd/Flag_of_Puebla.svg/22px-Flag_of_Puebla.svg.png","//upload.wikimedia.org/wikipedia/commons/thumb/d/d0/PAN_Party_%28Mexico%29.svg/25px-PAN_Party_%28Mexico%29.svg.png","//upload.wikimedia.org/wikipedia/commons/thumb/1/18/Flag_of_Queretaro.svg/22px-Flag_of_Queretaro.svg.png","//upload.wikimedia.org/wikipedia/commons/thumb/5/5f/PRI_Party_%28Mexico%29.svg/25px-PRI_Party_%28Mexico%29.svg.png","//upload.wikimedia.org/wikipedia/commons/thumb/a/a0/Flag_of_Quintana_Roo.svg/22px-Flag_of_Quintana_Roo.svg.png","//upload.wikimedia.org/wikipedia/commons/thumb/5/5f/PRI_Party_%28Mexico%29.svg/25px-PRI_Party_%28Mexico%29.svg.png","//upload.wikimedia.org/wikipedia/commons/thumb/9/99/Flag_of_San_Luis_Potosi.svg/22px-Flag_of_San_Luis_Potosi.svg.png","//upload.wikimedia.org/wikipedia/commons/thumb/5/5f/PRI_Party_%28Mexico%29.svg/25px-PRI_Party_%28Mexico%29.svg.png","//upload.wikimedia.org/wikipedia/commons/thumb/c/cc/Flag_of_Sinaloa.svg/22px-Flag_of_Sinaloa.svg.png","//upload.wikimedia.org/wikipedia/commons/thumb/d/d0/PAN_Party_%28Mexico%29.svg/25px-PAN_Party_%28Mexico%29.svg.png","//upload.wikimedia.org/wikipedia/commons/thumb/6/69/Flag_of_Sonora.svg/22px-Flag_of_Sonora.svg.png","//upload.wikimedia.org/wikipedia/commons/thumb/d/d0/PAN_Party_%28Mexico%29.svg/25px-PAN_Party_%28Mexico%29.svg.png","//upload.wikimedia.org/wikipedia/commons/thumb/b/b3/Flag_of_Tabasco.svg/22px-Flag_of_Tabasco.svg.png","//upload.wikimedia.org/wikipedia/commons/thumb/b/b1/PRD_Party_%28Mexico%29.svg/25px-PRD_Party_%28Mexico%29.svg.png","//upload.wikimedia.org/wikipedia/commons/thumb/9/9f/Flag_of_Tamaulipas.svg/22px-Flag_of_Tamaulipas.svg.png","//upload.wikimedia.org/wikipedia/commons/thumb/5/5f/PRI_Party_%28Mexico%29.svg/25px-PRI_Party_%28Mexico%29.svg.png","//upload.wikimedia.org/wikipedia/commons/thumb/2/26/Flag_of_Tlaxcala.svg/22px-Flag_of_Tlaxcala.svg.png","//upload.wikimedia.org/wikipedia/commons/thumb/5/5f/PRI_Party_%28Mexico%29.svg/25px-PRI_Party_%28Mexico%29.svg.png","//upload.wikimedia.org/wikipedia/commons/thumb/6/6a/Flag_of_Veracruz.svg/22px-Flag_of_Veracruz.svg.png","//upload.wikimedia.org/wikipedia/commons/thumb/5/5f/PRI_Party_%28Mexico%29.svg/25px-PRI_Party_%28Mexico%29.svg.png","//upload.wikimedia.org/wikipedia/commons/thumb/9/9b/Flag_of_Yucatan.svg/22px-Flag_of_Yucatan.svg.png","//upload.wikimedia.org/wikipedia/commons/thumb/5/5f/PRI_Party_%28Mexico%29.svg/25px-PRI_Party_%28Mexico%29.svg.png","//upload.wikimedia.org/wikipedia/commons/thumb/9/96/Mexico_stateflags_Zacatecas.png/22px-Mexico_stateflags_Zacatecas.png","//upload.wikimedia.org/wikipedia/commons/thumb/5/5f/PRI_Party_%28Mexico%29.svg/25px-PRI_Party_%28Mexico%29.svg.png","//upload.wikimedia.org/wikipedia/commons/thumb/f/fc/Flag_of_Mexico.svg/32px-Flag_of_Mexico.svg.png","//upload.wikimedia.org/wikipedia/commons/thumb/2/2a/Coat_of_arms_of_Mexico.svg/20px-Coat_of_arms_of_Mexico.svg.png","//bits.wikimedia.org/static-1.21wmf11/skins/vector/images/search-ltr.png?303-4","//bits.wikimedia.org/images/wikimedia-button.png","//bits.wikimedia.org/static-1.21wmf11/skins/common/images/poweredby_mediawiki_88x31.png"],"tags":[],"members":[],"related":["Mexico","Federation","Political_divisions_of_Mexico","Federal_District","Mexico_City","Head_of_Government_of_the_Federal_District","Constitution_of_Mexico","Mexican_people","Carlos_Lozano_de_la_Torre","José_Guadalupe_Osuna_Millán","Marcos_Covarrubias_Villaseñor","Fernando_Ortega_Bernés","Manuel_Velasco_Coello","César_Horacio_Duarte_Jáquez","Rubén_Moreira_Valdez","Mario_Anguiano_Moreno","Jorge_Herrera_Caldera","Miguel_Ángel_Mancera","Miguel_Márquez_Márquez","Ángel_Aguirre_Rivero","Jose_Francisco_Olvera_Ruiz","Aristóteles_Sandoval","Eruviel_Ávila_Villegas","Fausto_Vallejo","Graco_Ramírez","Roberto_Sandoval_Castañeda","Rodrigo_Medina_de_la_Cruz","Gabino_Cué_Monteagudo","Rafael_Moreno_Valle","José_Eduardo_Calzada_Rovirosa","Roberto_Borge_Angulo","Fernando_Toranzo_Fernández","Mario_López_Valdez","Guillermo_Padrés_Elías","Arturo_Núñez_Jiménez","Egidio_Torre_Cantú","Mariano_González_Zarur","Javier_Duarte_de_Ochoa","Rolando_Zapata_Bello","Miguel_Alonso_Reyes"]}