{"cursor":"5356","size":15,"audio":[],"currentlang":"en","article":"In mathematics, 'Shannon's expansion' or the 'Shannon decomposition' is a method\nby which a Boolean function can be represented by the sum of two sub-functions\nof the original. Although it is often credited to Claude Shannon, Boole proved\nthis much earlier. Shannon is credited with many other important aspects of\nBoolean algebra.\n","linknr":131,"url":"Shannon_expansion","recorded":1362560830,"links":14,"instances":["mathematics","mathematics","logic"],"pdf":["http://www1.cs.columbia.edu/~sedwards/papers/soviani2007optimizing.pdf"],"categories":["Boolean algebra"],"headings":["Expansion","Expanding and minimizing","See also","Notes","External links"],"image":["//upload.wikimedia.org/math/7/7/6/776e1c9d9d84ce2d7e9fd12acf19b132.png","//upload.wikimedia.org/math/8/0/0/800618943025315f869e4e1f09471012.png","//upload.wikimedia.org/math/0/3/1/031a4a0901cfef55c54f49518f6baf29.png","//upload.wikimedia.org/math/d/d/e/dde54c0944832d5780eb7b338baf436a.png","//upload.wikimedia.org/math/8/0/0/800618943025315f869e4e1f09471012.png","//upload.wikimedia.org/math/8/0/0/800618943025315f869e4e1f09471012.png","//upload.wikimedia.org/math/9/d/d/9dd4e461268c8034f5c8564e155c67a6.png","//upload.wikimedia.org/math/9/d/d/9dd4e461268c8034f5c8564e155c67a6.png","//upload.wikimedia.org/math/c/4/c/c4ca4238a0b923820dcc509a6f75849b.png","//upload.wikimedia.org/math/9/d/d/9dd4e461268c8034f5c8564e155c67a6.png","//upload.wikimedia.org/math/c/f/c/cfcd208495d565ef66e7dff9f98764da.png","//upload.wikimedia.org/math/d/8/7/d873ff143890c3164a0f3a3256e84cb4.png","//upload.wikimedia.org/math/7/e/3/7e3df572e5c05e1249e025e15810e1d6.png","//upload.wikimedia.org/math/7/5/f/75f0c0bcad0394f44b9122f896fe4867.png","//upload.wikimedia.org/math/e/4/1/e41a64fe80b587250c2613c9f2e03661.png","//upload.wikimedia.org/math/2/0/5/205026c3a436398742550d2c39ad8cee.png","//upload.wikimedia.org/math/9/e/4/9e419586fb626502222d563dad936aa3.png","//upload.wikimedia.org/math/0/e/5/0e59e5f143112aa4a14a2554563c4134.png","//upload.wikimedia.org/math/e/7/c/e7cfa92efa8f3788b810bbb194a7f2d7.png","//upload.wikimedia.org/math/3/4/2/342926024dd7677adcd1f61b7a26726d.png","//upload.wikimedia.org/math/d/d/c/ddc4f1ee38bb0f7982a8223a26b55833.png","//upload.wikimedia.org/math/4/d/0/4d02cca230f546ca605866880493296b.png","//upload.wikimedia.org/math/7/7/4/77421668d8fc62233794b8667b6443a8.png","//bits.wikimedia.org/static-1.21wmf10/skins/vector/images/search-ltr.png?303-4","//bits.wikimedia.org/images/wikimedia-button.png","//bits.wikimedia.org/static-1.21wmf10/skins/common/images/poweredby_mediawiki_88x31.png"],"tags":[["boolean_algebra","logic"],["identity","mathematics"],["boolean_algebra","logic"],["variable","mathematics"]],"members":["variable","identity","boolean_algebra"],"related":["Boolean_function","Claude_Shannon","Boole","Boolean_algebra_(logic)","Boolean_function","Identity_(mathematics)","Boolean_algebra_(logic)","Binary_decision_diagram","Boolean_satisfiability_problem","Computer_engineering","Formal_verification","Variable_(mathematics)","Distributive_property","Associative_property","Commutative_property","Multiplexer","Truth_value","Mathematics"]}