{"cursor":"668","size":15,"audio":[],"currentlang":"en","article":"'[[Whitehaven]]' is a town on the coast of Cumbria, England.\n\n'Whitehaven' may also refer to:\n\n;Cumbria *Whitehaven (UK Parliament constituency), 1832–1983 *Whitehaven\nrailway station *Whitehaven RLFC, a rugby league team *Whitehaven A.F.C., an\namateur football club\n\n;Canada *Whitehaven, Ottawa, Ontario\n\n;United States *Whitehaven, Maryland **Whitehaven Historic District **Whitehaven\nHotel, a historic building *Whitehaven, Memphis, Tennessee *White Haven,\nPennsylvania *Ulysses S. Grant National Historic Site, also known as White Haven\n\n;Australia *Whitehaven beach, on Whitsunday Island\n","linknr":87,"url":"Whitehaven_(disambiguation)","recorded":1364130246,"links":["/w/index.php?title=Whitehaven_(disambiguation)&action=edit","/w/index.php?title=Whitehaven_(disambiguation)&action=edit","//en.wikipedia.org/apple-touch-icon.png","//bits.wikimedia.org/favicon/wikipedia.ico","/w/opensearch_desc.php","//en.wikipedia.org/w/api.php?action=rsd","//creativecommons.org/licenses/by-sa/3.0/","/w/index.php?title=Special:RecentChanges&feed=atom","//bits.wikimedia.org/en.wikipedia.org/load.php?debug=false&lang=en&modules=ext.gadget.DRN-wizard%2CReferenceTooltips%2Ccharinsert%2Cteahouse%7Cext.wikihiero%7Cmediawiki.legacy.commonPrint%2Cshared%7Cmw.PopUpMediaTransform%7Cskins.vector&only=styles&skin=vector&*","//bits.wikimedia.org/en.wikipedia.org/load.php?debug=false&lang=en&modules=site&only=styles&skin=vector&*","//bits.wikimedia.org/en.wikipedia.org/load.php?debug=false&lang=en&modules=startup&only=scripts&skin=vector&*","//bits.wikimedia.org/geoiplookup","//meta.wikimedia.org","#mw-head","#p-search","/wiki/Whitehaven","/wiki/Whitehaven_(UK_Parliament_constituency)","/wiki/Whitehaven_railway_station","/wiki/Whitehaven_RLFC","/wiki/Whitehaven_A.F.C.","/wiki/Whitehaven,_Ottawa","/wiki/Whitehaven,_Maryland","/wiki/Whitehaven_Historic_District","/wiki/Whitehaven_Hotel","/wiki/Whitehaven,_Memphis","/wiki/White_Haven,_Pennsylvania","/wiki/Ulysses_S._Grant_National_Historic_Site","/wiki/Whitehaven_beach","/wiki/File:Disambig_gray.svg","//upload.wikimedia.org/wikipedia/en/thumb/5/5f/Disambig_gray.svg/30px-Disambig_gray.svg.png","/wiki/Help:Disambiguation","//en.wikipedia.org/w/index.php?title=Special:WhatLinksHere/Whitehaven_(disambiguation)&namespace=0","http://en.wikipedia.org/w/index.php?title=Whitehaven_(disambiguation)&oldid=545638979","/wiki/Help:Categories","/wiki/Category:Disambiguation_pages","/wiki/Category:All_article_disambiguation_pages","/wiki/Category:All_disambiguation_pages","/w/index.php?title=Special:UserLogin&returnto=Whitehaven+%28disambiguation%29&type=signup","/w/index.php?title=Special:UserLogin&returnto=Whitehaven+%28disambiguation%29","/wiki/Whitehaven_(disambiguation)","/w/index.php?title=Talk:Whitehaven_(disambiguation)&action=edit&redlink=1","#","/wiki/Whitehaven_(disambiguation)","/w/index.php?title=Whitehaven_(disambiguation)&action=edit","/w/index.php?title=Whitehaven_(disambiguation)&action=history","#","/w/index.php","//bits.wikimedia.org/static-1.21wmf11/skins/vector/images/search-ltr.png?303-4","/wiki/Main_Page","/wiki/Main_Page","/wiki/Portal:Contents","/wiki/Portal:Featured_content","/wiki/Portal:Current_events","/wiki/Special:Random","//donate.wikimedia.org/wiki/Special:FundraiserRedirector?utm_source=donate&utm_medium=sidebar&utm_campaign=C13_en.wikipedia.org&uselang=en","/wiki/Help:Contents","/wiki/Wikipedia:About","/wiki/Wikipedia:Community_portal","/wiki/Special:RecentChanges","/wiki/Wikipedia:Contact_us","/wiki/Special:WhatLinksHere/Whitehaven_(disambiguation)","/wiki/Special:RecentChangesLinked/Whitehaven_(disambiguation)","/wiki/Wikipedia:File_Upload_Wizard","/wiki/Special:SpecialPages","/w/index.php?title=Whitehaven_(disambiguation)&oldid=545638979","/w/index.php?title=Whitehaven_(disambiguation)&action=info","/w/index.php?title=Special:Cite&page=Whitehaven_%28disambiguation%29&id=545638979","/w/index.php?title=Special:Book&bookcmd=book_creator&referer=Whitehaven+%28disambiguation%29","/w/index.php?title=Special:Book&bookcmd=render_article&arttitle=Whitehaven+%28disambiguation%29&oldid=545638979&writer=rl","/w/index.php?title=Whitehaven_(disambiguation)&printable=yes","//ru.wikipedia.org/wiki/%D0%A3%D0%B0%D0%B9%D1%82%D1%85%D0%B5%D0%B9%D0%B2%D0%B5%D0%BD","//www.wikidata.org/wiki/Special:ItemByTitle/enwiki/Whitehaven (disambiguation)","//en.wikipedia.org/wiki/Wikipedia:Text_of_Creative_Commons_Attribution-ShareAlike_3.0_Unported_License","//creativecommons.org/licenses/by-sa/3.0/","//wikimediafoundation.org/wiki/Terms_of_Use","//www.wikimediafoundation.org/","//en.wikipedia.org/wiki/Wikipedia:Contact_us","//wikimediafoundation.org/wiki/Privacy_policy","/wiki/Wikipedia:About","/wiki/Wikipedia:General_disclaimer","http://en.m.wikipedia.org/wiki/Whitehaven_(disambiguation)","//wikimediafoundation.org/","//bits.wikimedia.org/images/wikimedia-button.png","//www.mediawiki.org/","//bits.wikimedia.org/static-1.21wmf11/skins/common/images/poweredby_mediawiki_88x31.png","//bits.wikimedia.org/en.wikipedia.org/load.php?debug=false&lang=en&modules=skins.vector&only=scripts&skin=vector&*","/w/index.php?title=MediaWiki:Gadget-ReferenceTooltips.js&action=raw&ctype=text/javascript&508635914","//bits.wikimedia.org/en.wikipedia.org/load.php?debug=false&lang=en&modules=site&only=scripts&skin=vector&*"],"instances":["uk_parliament_constituency"],"pdf":[],"categories":[],"headings":[],"image":["//upload.wikimedia.org/wikipedia/en/thumb/5/5f/Disambig_gray.svg/30px-Disambig_gray.svg.png","//bits.wikimedia.org/static-1.21wmf11/skins/vector/images/search-ltr.png?303-4","//bits.wikimedia.org/images/wikimedia-button.png","//bits.wikimedia.org/static-1.21wmf11/skins/common/images/poweredby_mediawiki_88x31.png"],"tags":[["whitehaven","uk_parliament_constituency"]],"members":["whitehaven"],"related":["Whitehaven_(UK_Parliament_constituency)","Whitehaven_railway_station","Whitehaven_RLFC","Whitehaven_A.F.C.","Whitehaven,_Ottawa","Whitehaven,_Maryland","Whitehaven_Historic_District","Whitehaven_Hotel","Whitehaven,_Memphis","White_Haven,_Pennsylvania","Ulysses_S._Grant_National_Historic_Site","Whitehaven_beach"]}