{"cursor":"346","size":15,"audio":[],"currentlang":"en","article":"\n\nA 'stratigraphic section' is a sequence of layers of rocks in the order they\nwere deposited.\n","linknr":91,"url":"Stratigraphic_section","recorded":1362671736,"links":18,"instances":["geology","geology"],"pdf":[],"categories":["Stratigraphy"],"headings":[],"image":["//upload.wikimedia.org/wikipedia/en/thumb/9/99/Question_book-new.svg/50px-Question_book-new.svg.png","//upload.wikimedia.org/wikipedia/commons/thumb/e/e7/WikiProject_Geology.svg/30px-WikiProject_Geology.svg.png","//bits.wikimedia.org/static-1.21wmf10/skins/vector/images/search-ltr.png?303-4","//bits.wikimedia.org/images/wikimedia-button.png","//bits.wikimedia.org/static-1.21wmf10/skins/common/images/poweredby_mediawiki_88x31.png"],"tags":[["rock","geology"],["deposition","geology"]],"members":["deposition","rock"],"related":["Stratum","Rock_(geology)","Deposition_(geology)"]}