{"cursor":"3882","size":15,"audio":[],"currentlang":"en","article":"{{taxobox |image = Osmanthus heterophyllus1.jpg |image_caption = Osmanthus\nheterophyllus in flower |regnum = Plantae |unranked_divisio = Angiosperms\n|unranked_classis = Eudicots |unranked_ordo = Asterids |ordo = Lamiales |familia\n= Oleaceae |tribus = Oleeae |genus = 'Osmanthus' |genus_authority = Lour.\n|subdivision_ranks = Species |subdivision = About 30 species; see text. }}\n\n'Osmanthus' () Sunset Western Garden Book, 1995:606â607 is a genus of\nabout 30 species of flowering plants in the family Oleaceae, mostly native to\nthe warm temperate zone, from the Caucasus east to Japan, with one species (O.\namericanus) occurring in the southeastern United States, from Texas to Virginia.\nIt is sometimes included in [[Nestegis]].\n\nOsmanthus range in size from shrubs to small trees, tall. The leaves are\nopposite, evergreen, and simple, with an entire, serrated or coarsely toothed\nmargin. The flowers are produced in spring, summer or autumn, each flower being\nabout 1 cm long, white, with a four-lobed tubular-based corolla ('petals').\nThe flowers grow in small panicles, and in several species have a strong\nfragrance. The fruit is a small (10-15 mm), hard-skinned dark blue to\npurple drupe containing a single seed.\n\n;Selected species *[[Osmanthus americanus]] - Devilwood Osmanthus or Devilwood\n*[[Osmanthus armatus]] *[[Osmanthus decorus]] - Caucasian Osmanthus *[[Osmanthus\ndelavayi]] - Delavay's Osmanthus *[[Osmanthus fragrans]] - Sweet Osmanthus,\nSweet Olive, Fragrant Tea Olive *[[Osmanthus heterophyllus]] - Chinese Osmanthus\n*[[Osmanthus serrulatus]] *[[Osmanthus suavis]] *[[Osmanthus yunnanensis]] -\nYunnan Osmanthus\n\n;Garden hybrids *Osmanthus Ã burkwoodii (O. delavayi Ã O. decorus) *Osmanthus Ã\nfortunei (O. fragrans Ã O. heterophyllus)\n","linknr":157,"url":"Osmanthus","recorded":1364139063,"links":["/w/index.php?title=Osmanthus&action=edit","/w/index.php?title=Osmanthus&action=edit","//en.wikipedia.org/apple-touch-icon.png","//bits.wikimedia.org/favicon/wikipedia.ico","/w/opensearch_desc.php","//en.wikipedia.org/w/api.php?action=rsd","//creativecommons.org/licenses/by-sa/3.0/","/w/index.php?title=Special:RecentChanges&feed=atom","//bits.wikimedia.org/en.wikipedia.org/load.php?debug=false&lang=en&modules=ext.gadget.DRN-wizard%2CReferenceTooltips%2Ccharinsert%2Cteahouse%7Cext.wikihiero%7Cmediawiki.legacy.commonPrint%2Cshared%7Cmw.PopUpMediaTransform%7Cskins.vector&only=styles&skin=vector&*","//bits.wikimedia.org/en.wikipedia.org/load.php?debug=false&lang=en&modules=site&only=styles&skin=vector&*","//bits.wikimedia.org/en.wikipedia.org/load.php?debug=false&lang=en&modules=startup&only=scripts&skin=vector&*","//bits.wikimedia.org/geoiplookup","//meta.wikimedia.org","#mw-head","#p-search","/wiki/File:Osmanthus_heterophyllus1.jpg","//upload.wikimedia.org/wikipedia/commons/thumb/1/13/Osmanthus_heterophyllus1.jpg/220px-Osmanthus_heterophyllus1.jpg","/wiki/Biological_classification","/wiki/Plant","/wiki/Flowering_plant","/wiki/Eudicots","/wiki/Asterids","/wiki/Lamiales","/wiki/Oleaceae","/wiki/Oleeae","/wiki/Jo%C3%A3o_de_Loureiro","/wiki/Help:IPA_for_English","/wiki/Help:IPA_for_English#Key","/wiki/Help:IPA_for_English#Key","/wiki/Help:IPA_for_English#Key","/wiki/Help:IPA_for_English#Key","/wiki/Help:IPA_for_English#Key","/wiki/Help:IPA_for_English#Key","/wiki/Help:IPA_for_English#Key","/wiki/Help:IPA_for_English#Key","/wiki/Help:IPA_for_English#Key","/wiki/Help:IPA_for_English","#cite_note-1","/wiki/Genus","/wiki/Species","/wiki/Flowering_plant","/wiki/Family_(biology)","/wiki/Native_plant","/wiki/Temperateness","/wiki/Nestegis","/wiki/Shrub","/wiki/Tree","/wiki/Leaf","/wiki/Evergreen","/wiki/Flower","/wiki/Panicle","/wiki/Fruit","/wiki/Drupe","/wiki/Seed","/wiki/Osmanthus_americanus","/w/index.php?title=Osmanthus_armatus&action=edit&redlink=1","/w/index.php?title=Osmanthus_decorus&action=edit&redlink=1","/wiki/Osmanthus_delavayi","/wiki/Osmanthus_fragrans","/wiki/Osmanthus_heterophyllus","/w/index.php?title=Osmanthus_serrulatus&action=edit&redlink=1","/w/index.php?title=Osmanthus_suavis&action=edit&redlink=1","/w/index.php?title=Osmanthus_yunnanensis&action=edit&redlink=1","/w/index.php?title=Osmanthus&action=edit&section=1","/wiki/Park","/wiki/Garden","/wiki/Hybrid_(biology)","/wiki/Cultivar","/wiki/Chinese_language","/wiki/Pinyin","/wiki/Chinese_language","/wiki/Pinyin","/wiki/Jasmine","/wiki/Traditional_Chinese_medicine","#cite_note-2","/wiki/File:Osmanthus_decorus.jpg","//upload.wikimedia.org/wikipedia/en/thumb/8/86/Osmanthus_decorus.jpg/220px-Osmanthus_decorus.jpg","/wiki/File:Osmanthus_decorus.jpg","//bits.wikimedia.org/static-1.21wmf11/skins/common/images/magnify-clip.png","/w/index.php?title=Osmanthus&action=edit&section=2","#cite_ref-1","#cite_ref-2","http://www.livestrong.com/article/275855-what-are-the-health-benefits-of-osmanthus-tea?","http://www.livestrong.com/article/275855-what-are-the-health-benefits-of-osmanthus-tea","/w/index.php?title=Osmanthus&action=edit&section=3","//upload.wikimedia.org/wikipedia/commons/thumb/d/df/Wikispecies-logo.svg/34px-Wikispecies-logo.svg.png","/wiki/Wikispecies","//species.wikimedia.org/wiki/Special:Search/Osmanthus","//upload.wikimedia.org/wikipedia/en/thumb/4/4a/Commons-logo.svg/30px-Commons-logo.svg.png","//commons.wikimedia.org/wiki/Osmanthus","http://en.wikipedia.org/w/index.php?title=Osmanthus&oldid=540642032","/wiki/Help:Categories","/wiki/Category:Osmanthus","/wiki/Category:Articles_with_%27species%27_microformats","/wiki/Category:Articles_containing_Chinese_language_text","/w/index.php?title=Special:UserLogin&returnto=Osmanthus&type=signup","/w/index.php?title=Special:UserLogin&returnto=Osmanthus","/wiki/Osmanthus","/wiki/Talk:Osmanthus","#","/wiki/Osmanthus","/w/index.php?title=Osmanthus&action=edit","/w/index.php?title=Osmanthus&action=history","#","/w/index.php","//bits.wikimedia.org/static-1.21wmf11/skins/vector/images/search-ltr.png?303-4","/wiki/Main_Page","/wiki/Main_Page","/wiki/Portal:Contents","/wiki/Portal:Featured_content","/wiki/Portal:Current_events","/wiki/Special:Random","//donate.wikimedia.org/wiki/Special:FundraiserRedirector?utm_source=donate&utm_medium=sidebar&utm_campaign=C13_en.wikipedia.org&uselang=en","/wiki/Help:Contents","/wiki/Wikipedia:About","/wiki/Wikipedia:Community_portal","/wiki/Special:RecentChanges","/wiki/Wikipedia:Contact_us","/wiki/Special:WhatLinksHere/Osmanthus","/wiki/Special:RecentChangesLinked/Osmanthus","/wiki/Wikipedia:File_Upload_Wizard","/wiki/Special:SpecialPages","/w/index.php?title=Osmanthus&oldid=540642032","/w/index.php?title=Osmanthus&action=info","/w/index.php?title=Special:Cite&page=Osmanthus&id=540642032","/w/index.php?title=Special:Book&bookcmd=book_creator&referer=Osmanthus","/w/index.php?title=Special:Book&bookcmd=render_article&arttitle=Osmanthus&oldid=540642032&writer=rl","/w/index.php?title=Osmanthus&printable=yes","//ca.wikipedia.org/wiki/Osmanthus","//cs.wikipedia.org/wiki/Vonokv%C4%9Btka","//da.wikipedia.org/wiki/Osmanthus","//de.wikipedia.org/wiki/Duftbl%C3%BCten","//es.wikipedia.org/wiki/Osmanthus","//fr.wikipedia.org/wiki/Osmanthus","//hi.wikipedia.org/wiki/%E0%A4%93%E0%A4%9C%E0%A4%BC%E0%A4%AE%E0%A5%88%E0%A4%A8%E0%A4%A5%E0%A4%B8","//it.wikipedia.org/wiki/Osmanthus","//ja.wikipedia.org/wiki/%E3%83%A2%E3%82%AF%E3%82%BB%E3%82%A4%E5%B1%9E","//pt.wikipedia.org/wiki/Osmanthus","//ru.wikipedia.org/wiki/%D0%9E%D1%81%D0%BC%D0%B0%D0%BD%D1%82%D1%83%D1%81","//vi.wikipedia.org/wiki/Chi_M%E1%BB%99c_t%C3%AA","//zh.wikipedia.org/wiki/%E6%9C%A8%E6%A8%A8%E5%B1%9E","//www.wikidata.org/wiki/Special:ItemByTitle/enwiki/Osmanthus","//en.wikipedia.org/wiki/Wikipedia:Text_of_Creative_Commons_Attribution-ShareAlike_3.0_Unported_License","//creativecommons.org/licenses/by-sa/3.0/","//wikimediafoundation.org/wiki/Terms_of_Use","//www.wikimediafoundation.org/","//en.wikipedia.org/wiki/Wikipedia:Contact_us","//wikimediafoundation.org/wiki/Privacy_policy","/wiki/Wikipedia:About","/wiki/Wikipedia:General_disclaimer","http://en.m.wikipedia.org/wiki/Osmanthus","//wikimediafoundation.org/","//bits.wikimedia.org/images/wikimedia-button.png","//www.mediawiki.org/","//bits.wikimedia.org/static-1.21wmf11/skins/common/images/poweredby_mediawiki_88x31.png","//bits.wikimedia.org/en.wikipedia.org/load.php?debug=false&lang=en&modules=skins.vector&only=scripts&skin=vector&*","/w/index.php?title=MediaWiki:Gadget-ReferenceTooltips.js&action=raw&ctype=text/javascript&508635914","//bits.wikimedia.org/en.wikipedia.org/load.php?debug=false&lang=en&modules=site&only=scripts&skin=vector&*"],"instances":["biology","biology"],"pdf":[],"categories":["Osmanthus|"],"headings":["Cultivation and uses","References","External links"],"image":["//upload.wikimedia.org/wikipedia/commons/thumb/1/13/Osmanthus_heterophyllus1.jpg/220px-Osmanthus_heterophyllus1.jpg","//upload.wikimedia.org/wikipedia/en/thumb/8/86/Osmanthus_decorus.jpg/220px-Osmanthus_decorus.jpg","//bits.wikimedia.org/static-1.21wmf11/skins/common/images/magnify-clip.png","//upload.wikimedia.org/wikipedia/commons/thumb/d/df/Wikispecies-logo.svg/34px-Wikispecies-logo.svg.png","//upload.wikimedia.org/wikipedia/en/thumb/4/4a/Commons-logo.svg/30px-Commons-logo.svg.png","//bits.wikimedia.org/static-1.21wmf11/skins/vector/images/search-ltr.png?303-4","//bits.wikimedia.org/images/wikimedia-button.png","//bits.wikimedia.org/static-1.21wmf11/skins/common/images/poweredby_mediawiki_88x31.png"],"tags":[["family","biology"],["hybrid","biology"]],"members":["hybrid","family"],"related":["Plant","Flowering_plant","Eudicots","Asterids","Lamiales","Oleaceae","Oleeae","João_de_Loureiro","Genus","Species","Flowering_plant","Family_(biology)","Native_plant","Temperateness","Shrub","Tree","Leaf","Evergreen","Flower","Panicle","Fruit","Drupe","Seed","Park","Garden","Hybrid_(biology)","Cultivar","Jasmine","Traditional_Chinese_medicine"]}