{"cursor":"11776","size":15,"audio":[],"currentlang":"en","article":"{{Infobox University |name = Ogden-Weber Applied Technology College |image =\n|established = 1971 |type = Public, Two-Year Technical College |endowment =\n|staff = |president = Collette R. Mercier |students = |city = Ogden |state = UT\n|country = USA |coor = |campus = Urban |free_label |free |colors = OWATC Red and\nBlack |website = [http://www.owatc.edu/ www.owatc.edu] |affiliations = UCAT,\nUtah System of Higher Education }}\n\n'OgdenâWeber Applied Technology College' (also referred to as ' 'Ogden-Weber\nTech College'' or ' 'OWATC'') is a technical college located in Ogden, Utah,\nUSA. It is the largest of the eight regional campuses that comprise the Utah\nCollege of Applied Technology (UCAT). The college offers open-entry, open-exit,\ncompetency-based education targeted at technical skills and job placement (also\ncalled ''Career and Technical Education'').\n\nOgdenâWeber Applied Technology College is accredited by the Commission of the\nCouncil on Occupational Education. The [http://www.owatc.edu/academics/programs/health-occupations/medical-\nassistant/ Medical Assistant Program] is accredited by the\n[http://www.caahep.org/ Commission on Accreditation of Allied Health Education\nPrograms](CAAHEP). The [http://www.owatc.edu/academics/programs/health-occupations/dental-\nassisting/ Dental Assistant Program] is accredited by the\n[http://www.ada.org/prof/ed/accred/commission/index.asp American Dental\nAssociation (ADA) Commission on Dental Accreditation]. The [http://www.owatc.edu/academics/programs/health-occupations/practical-\nnursing/ Practical Nursing Program] is accredited by the [http://www.nln.org/\nNational League for Nursing] (NLN).\n","linknr":246,"url":"Ogden-Weber_Applied_Technology_College","recorded":1364035591,"links":["/w/index.php?title=Ogden%E2%80%93Weber_Applied_Technology_College&action=edit","/w/index.php?title=Ogden%E2%80%93Weber_Applied_Technology_College&action=edit","//en.wikipedia.org/apple-touch-icon.png","//bits.wikimedia.org/favicon/wikipedia.ico","/w/opensearch_desc.php","//en.wikipedia.org/w/api.php?action=rsd","//creativecommons.org/licenses/by-sa/3.0/","/w/index.php?title=Special:RecentChanges&feed=atom","/wiki/Ogden%E2%80%93Weber_Applied_Technology_College","//bits.wikimedia.org/en.wikipedia.org/load.php?debug=false&lang=en&modules=ext.gadget.DRN-wizard%2CReferenceTooltips%2Ccharinsert%2Cteahouse%7Cext.wikihiero%7Cmediawiki.legacy.commonPrint%2Cshared%7Cmw.PopUpMediaTransform%7Cskins.vector&only=styles&skin=vector&*","//bits.wikimedia.org/en.wikipedia.org/load.php?debug=false&lang=en&modules=site&only=styles&skin=vector&*","//bits.wikimedia.org/en.wikipedia.org/load.php?debug=false&lang=en&modules=startup&only=scripts&skin=vector&*","//bits.wikimedia.org/geoiplookup","//meta.wikimedia.org","/w/index.php?title=Ogden-Weber_Applied_Technology_College&redirect=no","#mw-head","#p-search","/wiki/File:OWATC_Logo.jpg","//upload.wikimedia.org/wikipedia/en/thumb/3/39/OWATC_Logo.jpg/150px-OWATC_Logo.jpg","/wiki/University_president","/wiki/Ogden,_Utah","/wiki/Utah","/wiki/United_States","http://toolserver.org/~geohack/geohack.php?pagename=Ogden%E2%80%93Weber_Applied_Technology_College&params=41_15_49_N_111_58_14_W_type:landmark_region:US-UT","/wiki/Geographic_coordinate_system","http://toolserver.org/~geohack/geohack.php?pagename=Ogden%E2%80%93Weber_Applied_Technology_College&params=41_15_49_N_111_58_14_W_type:landmark_region:US-UT","/wiki/Urban_area","/wiki/School_colors","/wiki/Utah_College_of_Applied_Technology","/wiki/Utah_System_of_Higher_Education","http://www.owatc.edu/","/wiki/Technical_college","/wiki/Ogden,_Utah","/wiki/Utah_College_of_Applied_Technology","/wiki/Vocational_Education","/wiki/Council_on_Occupational_Education","http://www.owatc.edu/academics/programs/health-occupations/medical-assistant/","http://www.caahep.org/","http://www.owatc.edu/academics/programs/health-occupations/dental-assisting/","http://www.ada.org/prof/ed/accred/commission/index.asp","http://www.owatc.edu/academics/programs/health-occupations/practical-nursing/","http://www.nln.org/","#History","#Location","#Program_Areas","#Business_and_Information_Technology","#Construction_Technology","#Health_Technology","#Manufacturing_Technology","#Service_Technology","#External_links","#References","/w/index.php?title=Ogden%E2%80%93Weber_Applied_Technology_College&action=edit&section=1","/wiki/File:OWATCClocktower.jpg","//upload.wikimedia.org/wikipedia/en/thumb/8/80/OWATCClocktower.jpg/220px-OWATCClocktower.jpg","/wiki/File:OWATCClocktower.jpg","//bits.wikimedia.org/static-1.21wmf11/skins/common/images/magnify-clip.png","/wiki/Utah_State_Industrial_School","/wiki/Ogden_Military_Academy","#cite_note-1","/w/index.php?title=Ogden%E2%80%93Weber_Applied_Technology_College&action=edit&section=2","/wiki/File:Owatcsign.JPG","//upload.wikimedia.org/wikipedia/en/thumb/9/91/Owatcsign.JPG/220px-Owatcsign.JPG","/wiki/File:Owatcsign.JPG","//bits.wikimedia.org/static-1.21wmf11/skins/common/images/magnify-clip.png","/wiki/File:Roy_Open_House_2008-6.jpg","//upload.wikimedia.org/wikipedia/en/thumb/6/64/Roy_Open_House_2008-6.jpg/220px-Roy_Open_House_2008-6.jpg","/wiki/File:Roy_Open_House_2008-6.jpg","//bits.wikimedia.org/static-1.21wmf11/skins/common/images/magnify-clip.png","/wiki/File:OWATC_BDO_Campus.JPG","//upload.wikimedia.org/wikipedia/en/thumb/e/ee/OWATC_BDO_Campus.JPG/220px-OWATC_BDO_Campus.JPG","/wiki/File:OWATC_BDO_Campus.JPG","//bits.wikimedia.org/static-1.21wmf11/skins/common/images/magnify-clip.png","/wiki/File:LeanCenter10_07-370.jpg","//upload.wikimedia.org/wikipedia/en/thumb/c/c1/LeanCenter10_07-370.jpg/220px-LeanCenter10_07-370.jpg","/wiki/File:LeanCenter10_07-370.jpg","//bits.wikimedia.org/static-1.21wmf11/skins/common/images/magnify-clip.png","/wiki/Ogden,_Utah","/wiki/Roy,_Utah","/wiki/Business_Depot_Ogden","/wiki/Business_Depot_Ogden","/w/index.php?title=Ogden%E2%80%93Weber_Applied_Technology_College&action=edit&section=3","http://www.owatc.edu/academics/programs/","/w/index.php?title=Ogden%E2%80%93Weber_Applied_Technology_College&action=edit&section=4","http://www.owatc.edu/academics/programs/business-it/","http://www.owatc.edu/academics/programs/business-it/3d-modeling-and-animation/","http://www.owatc.edu/academics/programs/business-it/accounting-technician/","http://www.owatc.edu/academics/programs/business-it/business-adminstrative-support-i/","http://www.owatc.edu/academics/programs/business-it/business-administrative-support-ii/","http://www.owatc.edu/academics/programs/business-it/graphic-design/","http://www.owatc.edu/academics/programs/business-it/information-technology/","http://www.owatc.edu/academics/programs/business-it/mortgage-officer/","http://www.owatc.edu/academics/programs/business-it/principal-lending-manager/","http://www.owatc.edu/academics/programs/business-it/pc-technician/","http://www.owatc.edu/academics/programs/business-it/real-estate-agent/","http://www.owatc.edu/academics/programs/business-it/real-estate-broker/","http://www.owatc.edu/academics/programs/business-it/small-business-management/","http://www.owatc.edu/academics/programs/business-it/web-designer/","http://www.owatc.edu/academics/programs/business-it/web-developer/","/w/index.php?title=Ogden%E2%80%93Weber_Applied_Technology_College&action=edit&section=5","http://www.owatc.edu/academics/programs/construction-technology/","http://www.owatc.edu/academics/programs/construction-technology/construction-technology/","http://www.owatc.edu/academics/programs/construction-technology/carpenter-apprentice/","http://www.owatc.edu/academics/programs/construction-technology/computer-aided-drafting-and-design/","http://www.owatc.edu/academics/programs/construction-technology/drafting/","http://www.owatc.edu/academics/programs/construction-technology/electrician-apprentice/","http://www.owatc.edu/academics/programs/construction-technology/electrician-apprentice-union/","http://www.owatc.edu/academics/programs/construction-technology/electrician-trades-preparation/","http://www.owatc.edu/academics/programs/construction-technology/hvacr-service-technician-apprentice/","http://www.owatc.edu/academics/programs/construction-technology/hvac-service-technology/","http://www.owatc.edu/academics/programs/construction-technology/interior-design-drafting/","http://www.owatc.edu/academics/programs/construction-technology/plumber-apprentice/","http://www.owatc.edu/academics/programs/construction-technology/voice-data-video-technician-apprentice-union/","/w/index.php?title=Ogden%E2%80%93Weber_Applied_Technology_College&action=edit&section=6","http://www.owatc.edu/academics/programs/health-occupations/","http://www.owatc.edu/academics/programs/health-occupations/dental-assisting/","http://www.owatc.edu/academics/programs/health-occupations/dental-office-administration/","http://www.owatc.edu/academics/programs/health-occupations/medical-assistant/","http://www.owatc.edu/academics/programs/health-occupations/medical-coder/","http://www.owatc.edu/academics/programs/health-occupations/medical-office-administration/","http://www.owatc.edu/academics/programs/health-occupations/medical-transcription/","http://www.owatc.edu/academics/programs/health-occupations/nursing-assistant/","http://www.owatc.edu/academics/programs/health-occupations/pharmacy-technician/","http://www.owatc.edu/academics/programs/health-occupations/phlebotomy-technician/","http://www.owatc.edu/academics/programs/health-occupations/practical-nursing/","/w/index.php?title=Ogden%E2%80%93Weber_Applied_Technology_College&action=edit&section=7","http://www.owatc.edu/academics/programs/manufacturing-technology/","http://www.owatc.edu/academics/programs/manufacturing-technology/biomedical-equipment-technician/","http://www.owatc.edu/academics/programs/manufacturing-technology/composites-technology/","http://www.owatc.edu/academics/programs/manufacturing-technology/industrial-automation-maintenance/","http://www.owatc.edu/academics/programs/manufacturing-technology/machinist-apprentice/","http://www.owatc.edu/academics/programs/manufacturing-technology/machinist-level-1/","http://www.owatc.edu/academics/programs/manufacturing-technology/machinist-level-2/","http://www.owatc.edu/academics/programs/manufacturing-technology/machinist-level-3/","http://www.owatc.edu/academics/programs/manufacturing-technology/maintenance-mechanic-apprentice/","http://www.owatc.edu/academics/programs/manufacturing-technology/sheet-metal-fabricator/","http://www.owatc.edu/academics/programs/manufacturing-technology/sheet-metal-worker-apprentice/","http://www.owatc.edu/academics/programs/manufacturing-technology/sheet-metal-worker-union-apprentice/","http://www.owatc.edu/academics/programs/manufacturing-technology/electronics/","http://www.owatc.edu/academics/programs/manufacturing-technology/welding-production/","http://www.owatc.edu/academics/programs/manufacturing-technology/welding-advanced/","/w/index.php?title=Ogden%E2%80%93Weber_Applied_Technology_College&action=edit&section=8","http://www.owatc.edu/academics/programs/service-technology/","http://www.owatc.edu/academics/programs/service-technology/barbering/","http://www.owatc.edu/academics/programs/service-technology/cosmetology/","http://www.owatc.edu/academics/programs/service-technology/culinary-arts/","http://www.owatc.edu/academics/programs/service-technology/driver-education-theory-class/","http://www.owatc.edu/academics/programs/service-technology/math/","http://www.owatc.edu/academics/programs/service-technology/nail-technician/","http://www.owatc.edu/academics/programs/service-technology/technical-educator/","/w/index.php?title=Ogden%E2%80%93Weber_Applied_Technology_College&action=edit&section=9","http://www.ucat.edu/","http://www.utahsbr.edu/","http://www.council.org/","/w/index.php?title=Ogden%E2%80%93Weber_Applied_Technology_College&action=edit&section=10","#cite_ref-1","http://www.owatc.edu/about-us/about-owatc/","/wiki/Template:Utahcolleges","/wiki/Template_talk:Utahcolleges","//en.wikipedia.org/w/index.php?title=Template:Utahcolleges&action=edit","/wiki/List_of_colleges_and_universities_in_Utah","/wiki/Utah","/wiki/University_of_Utah","/wiki/Utah_State_University","/wiki/Dixie_State_University","/wiki/Southern_Utah_University","/wiki/Utah_Valley_University","/wiki/Weber_State_University","/wiki/USU-Brigham_City","/wiki/USU-Tooele","/wiki/USU-Uintah_Basin","/wiki/Salt_Lake_Community_College","/wiki/Snow_College","/wiki/USU-College_of_Eastern_Utah","/wiki/Bridgerland_Applied_Technology_College","/wiki/Davis_Applied_Technology_College","/wiki/Dixie_Applied_Technology_College","/wiki/Mountainland_Applied_Technology_College","/wiki/Southwest_Applied_Technology_College","/wiki/Tooele_Applied_Technology_College","/wiki/Uintah_Basin_Applied_Technology_College","/wiki/Brigham_Young_University","/wiki/Broadview_University","/wiki/Eagle_Gate_College","/wiki/LDS_Business_College","/wiki/Nightingale_College_Utah","/wiki/Provo_College","/wiki/Stevens%E2%80%93Henager_College","/wiki/Westminster_College,_Salt_Lake_City","/wiki/Utah_System_of_Higher_Education","/wiki/Utah_College_of_Applied_Technology","http://en.wikipedia.org/w/index.php?title=Ogden–Weber_Applied_Technology_College&oldid=439723168","/wiki/Help:Categories","/wiki/Category:Universities_and_colleges_in_Utah","/wiki/Category:Educational_institutions_established_in_1971","/wiki/Category:Utah_College_of_Applied_Technology_Colleges","/wiki/Category:Educational_institutions_established_in_2001","/wiki/Category:Universities_and_colleges_in_Weber_County,_Utah","/w/index.php?title=Special:UserLogin&returnto=Ogden%E2%80%93Weber+Applied+Technology+College&type=signup","/w/index.php?title=Special:UserLogin&returnto=Ogden%E2%80%93Weber+Applied+Technology+College","/wiki/Ogden%E2%80%93Weber_Applied_Technology_College","/wiki/Talk:Ogden%E2%80%93Weber_Applied_Technology_College","#","/wiki/Ogden%E2%80%93Weber_Applied_Technology_College","/w/index.php?title=Ogden%E2%80%93Weber_Applied_Technology_College&action=edit","/w/index.php?title=Ogden%E2%80%93Weber_Applied_Technology_College&action=history","#","/w/index.php","//bits.wikimedia.org/static-1.21wmf11/skins/vector/images/search-ltr.png?303-4","/wiki/Main_Page","/wiki/Main_Page","/wiki/Portal:Contents","/wiki/Portal:Featured_content","/wiki/Portal:Current_events","/wiki/Special:Random","//donate.wikimedia.org/wiki/Special:FundraiserRedirector?utm_source=donate&utm_medium=sidebar&utm_campaign=C13_en.wikipedia.org&uselang=en","/wiki/Help:Contents","/wiki/Wikipedia:About","/wiki/Wikipedia:Community_portal","/wiki/Special:RecentChanges","/wiki/Wikipedia:Contact_us","/wiki/Special:WhatLinksHere/Ogden%E2%80%93Weber_Applied_Technology_College","/wiki/Special:RecentChangesLinked/Ogden%E2%80%93Weber_Applied_Technology_College","/wiki/Wikipedia:File_Upload_Wizard","/wiki/Special:SpecialPages","/w/index.php?title=Ogden%E2%80%93Weber_Applied_Technology_College&oldid=439723168","/w/index.php?title=Ogden%E2%80%93Weber_Applied_Technology_College&action=info","/w/index.php?title=Special:Cite&page=Ogden%E2%80%93Weber_Applied_Technology_College&id=439723168","/w/index.php?title=Special:Book&bookcmd=book_creator&referer=Ogden%E2%80%93Weber+Applied+Technology+College","/w/index.php?title=Special:Book&bookcmd=render_article&arttitle=Ogden%E2%80%93Weber+Applied+Technology+College&oldid=439723168&writer=rl","/w/index.php?title=Ogden%E2%80%93Weber_Applied_Technology_College&printable=yes","//en.wikipedia.org/wiki/Wikipedia:Text_of_Creative_Commons_Attribution-ShareAlike_3.0_Unported_License","//creativecommons.org/licenses/by-sa/3.0/","//wikimediafoundation.org/wiki/Terms_of_Use","//www.wikimediafoundation.org/","//en.wikipedia.org/wiki/Wikipedia:Contact_us","//wikimediafoundation.org/wiki/Privacy_policy","/wiki/Wikipedia:About","/wiki/Wikipedia:General_disclaimer","http://en.m.wikipedia.org/wiki/Ogden%E2%80%93Weber_Applied_Technology_College","//wikimediafoundation.org/","//bits.wikimedia.org/images/wikimedia-button.png","//www.mediawiki.org/","//bits.wikimedia.org/static-1.21wmf11/skins/common/images/poweredby_mediawiki_88x31.png","//bits.wikimedia.org/en.wikipedia.org/load.php?debug=false&lang=en&modules=skins.vector&only=scripts&skin=vector&*","/w/index.php?title=MediaWiki:Gadget-ReferenceTooltips.js&action=raw&ctype=text/javascript&508635914","//bits.wikimedia.org/en.wikipedia.org/load.php?debug=false&lang=en&modules=site&only=scripts&skin=vector&*"],"instances":[],"pdf":[],"categories":["Universities and colleges in Utah|O","Educational institutions established in 1971","Utah College of Applied Technology Colleges","Educational institutions established in 2001","Universities and colleges in Weber County, Utah"],"headings":["History","Location","[http://www.owatc.edu/academics/programs/ Program Areas]","External links","References"],"image":["//upload.wikimedia.org/wikipedia/en/thumb/3/39/OWATC_Logo.jpg/150px-OWATC_Logo.jpg","//upload.wikimedia.org/wikipedia/en/thumb/8/80/OWATCClocktower.jpg/220px-OWATCClocktower.jpg","//bits.wikimedia.org/static-1.21wmf11/skins/common/images/magnify-clip.png","//upload.wikimedia.org/wikipedia/en/thumb/9/91/Owatcsign.JPG/220px-Owatcsign.JPG","//bits.wikimedia.org/static-1.21wmf11/skins/common/images/magnify-clip.png","//upload.wikimedia.org/wikipedia/en/thumb/6/64/Roy_Open_House_2008-6.jpg/220px-Roy_Open_House_2008-6.jpg","//bits.wikimedia.org/static-1.21wmf11/skins/common/images/magnify-clip.png","//upload.wikimedia.org/wikipedia/en/thumb/e/ee/OWATC_BDO_Campus.JPG/220px-OWATC_BDO_Campus.JPG","//bits.wikimedia.org/static-1.21wmf11/skins/common/images/magnify-clip.png","//upload.wikimedia.org/wikipedia/en/thumb/c/c1/LeanCenter10_07-370.jpg/220px-LeanCenter10_07-370.jpg","//bits.wikimedia.org/static-1.21wmf11/skins/common/images/magnify-clip.png","//bits.wikimedia.org/static-1.21wmf11/skins/vector/images/search-ltr.png?303-4","//bits.wikimedia.org/images/wikimedia-button.png","//bits.wikimedia.org/static-1.21wmf11/skins/common/images/poweredby_mediawiki_88x31.png"],"tags":[],"members":[],"related":["Ogden,_Utah","Utah","United_States","Urban_area","Utah_College_of_Applied_Technology","Utah_System_of_Higher_Education","Technical_college","Ogden,_Utah","Utah_College_of_Applied_Technology","Vocational_Education","Council_on_Occupational_Education","Utah_State_Industrial_School","Ogden_Military_Academy","Ogden,_Utah","Roy,_Utah","Business_Depot_Ogden","Business_Depot_Ogden"]}