{"cursor":"5878","size":15,"audio":[],"currentlang":"en","article":"{{chinese |c=å°º  |p=chÇ |w=ch'ih  |poj=chhioh\n |y=chek3 |j=cek3 }}\n\nThe 'chi' () is a traditional Chinese unit of length, approximately equal to one\nfoot. Its length is derived from the length of human forearm Shuowen Jiezi,\n\"å°ºï¼åå¯¸ä¹ï¼äººæå´ååå¨èä¸ºå¯¸å£ãåå¯¸ä¸ºå°ºï¼æä»¥ææ¥è§ç©äºä¹ã\" and has first appeared during the Shang\nDynasty approximately 3,000 years ago. Since then it has spread to and been\nadopted by other East Asian cultures, such as Japan, Korea and Vietnam. It is\nfurther divided into 10 smaller units called ''cun'' (), analogous to an inch;\n10 chi make up one zhang ().\n\n{{Unit of length |name=chi (China) |m= |accuracy=3  }}\n\n{{Unit of length |name=chek (Hong Kong) |m=0.371475 |accuracy=5  }}\n\n{{Unit of length |name=chi (Taiwan) |m= |accuracy=3  }}\n","linknr":186,"url":"Zhang_(unit)","recorded":1363412434,"links":["/w/index.php?title=Chi_(unit)&action=edit","/w/index.php?title=Chi_(unit)&action=edit","//en.wikipedia.org/apple-touch-icon.png","//bits.wikimedia.org/favicon/wikipedia.ico","/w/opensearch_desc.php","//en.wikipedia.org/w/api.php?action=rsd","//creativecommons.org/licenses/by-sa/3.0/","/w/index.php?title=Special:RecentChanges&feed=atom","/wiki/Chi_(unit)","//bits.wikimedia.org/en.wikipedia.org/load.php?debug=false&lang=en&modules=ext.gadget.DRN-wizard%2CReferenceTooltips%2Ccharinsert%2Cteahouse%7Cext.wikihiero%7Cmediawiki.legacy.commonPrint%2Cshared%7Cmw.PopUpMediaTransform%7Cskins.vector&only=styles&skin=vector&*","//bits.wikimedia.org/en.wikipedia.org/load.php?debug=false&lang=en&modules=site&only=styles&skin=vector&*","//bits.wikimedia.org/en.wikipedia.org/load.php?debug=false&lang=en&modules=startup&only=scripts&skin=vector&*","//bits.wikimedia.org/geoiplookup","//meta.wikimedia.org","/w/index.php?title=Zhang_(unit)&redirect=no","#mw-head","#p-search","/wiki/Chinese_language","/wiki/Mandarin_Chinese","/wiki/Pinyin","/wiki/Wade%E2%80%93Giles","/wiki/Min_Chinese","/wiki/Hokkien","/wiki/Pe%CC%8Dh-%C5%8De-j%C4%AB","/wiki/Yue_Chinese","/wiki/Jyutping","/wiki/Yale_Romanization#Cantonese","/wiki/Chinese_language","/wiki/Hanyu_Pinyin","/wiki/Wade%E2%80%93Giles","/wiki/Jyutping","/wiki/Chinese_units_of_measurement","/wiki/Length","/wiki/Foot_(length)","#cite_note-1","/wiki/Shang_Dynasty","/wiki/Cun_(length)","/wiki/Chinese_language","/wiki/Hanyu_Pinyin","/wiki/Wade%E2%80%93Giles","/wiki/Jyutping","/wiki/Inch","/wiki/Chinese_language","/wiki/Hanyu_Pinyin","/wiki/Wade%E2%80%93Giles","/wiki/Jyutping","/wiki/International_System_of_Units","/wiki/Metre","/wiki/Millimetre","/wiki/United_States_customary_units","/wiki/Imperial_units","/wiki/Foot_(unit)","/wiki/Inch","/wiki/International_System_of_Units","/wiki/Metre","/wiki/Millimetre","/wiki/United_States_customary_units","/wiki/Imperial_units","/wiki/Foot_(unit)","/wiki/Inch","/wiki/International_System_of_Units","/wiki/Metre","/wiki/Millimetre","/wiki/United_States_customary_units","/wiki/Imperial_units","/wiki/Foot_(unit)","/wiki/Inch","#Modern_values","#Historical_values","#Art_of_Bowling","#Usage_in_Chinese","#See_also","#References","#External_links","/w/index.php?title=Chi_(unit)&action=edit&section=1","/wiki/People%27s_Republic_of_China","/wiki/Hong_Kong_SAR","/wiki/Cantonese_language","#cite_note-2","#cite_note-3","/wiki/Taiwanese_units_of_measurement","/wiki/Shaku_(unit)","/w/index.php?title=Chi_(unit)&action=edit&section=2","/wiki/Rulers","/wiki/Qin_Dynasty","/wiki/Han_Dynasty","/wiki/Eastern_Wu","/wiki/Cao_Wei","#cite_note-4","/wiki/Warring_States","#cite_note-5","/wiki/Degree_(angle)","#cite_note-6","/wiki/Guangzhou","#cite_note-7","/w/index.php?title=Chi_(unit)&action=edit&section=3","/w/index.php?title=Chi_(unit)&action=edit&section=4","/wiki/File:Hong_Kong_ruler_close-up_002.jpg","//upload.wikimedia.org/wikipedia/commons/thumb/5/5a/Hong_Kong_ruler_close-up_002.jpg/220px-Hong_Kong_ruler_close-up_002.jpg","/wiki/File:Hong_Kong_ruler_close-up_002.jpg","//bits.wikimedia.org/static-1.21wmf10/skins/common/images/magnify-clip.png","/wiki/Chinese_language","//en.wiktionary.org/wiki/%E5%BE%97%E5%AF%B8%E8%BF%9B%E5%B0%BA","/wiki/Simplified_Chinese_characters","/wiki/Traditional_Chinese_characters","/w/index.php?title=Chi_(unit)&action=edit&section=5","/wiki/Shaku_(unit)","/wiki/Japanese_language","/wiki/Chinese_units_of_measurement","/wiki/Taiwanese_units_of_measurement","/w/index.php?title=Chi_(unit)&action=edit&section=6","#cite_ref-1","/wiki/Shuowen_Jiezi","#cite_ref-2","http://www.legislation.gov.hk/blis_ind.nsf/0/4ed2ff0cf02f2fd9c82564760077af3c?OpenDocument","#cite_ref-3","http://www.hklii.hk/hk/legis/en/reg/68A/sch.html","#cite_ref-4","/wiki/International_Standard_Book_Number","/wiki/Special:BookSources/0-19-853936-3","#cite_ref-5","/wiki/International_Standard_Book_Number","/wiki/Special:BookSources/0-253-34028-4","#cite_ref-6","http://adsabs.harvard.edu/abs/1987AcASn..28..397L","#cite_ref-7","/w/index.php?title=Chi_(unit)&action=edit&section=7","//upload.wikimedia.org/wikipedia/commons/thumb/f/f8/Wiktionary-logo-en.svg/37px-Wiktionary-logo-en.svg.png","//en.wiktionary.org/wiki/chi","//en.wiktionary.org/wiki/chek","//en.wiktionary.org/wiki/%E5%B0%BA","http://en.wikipedia.org/w/index.php?title=Chi_(unit)&oldid=525716628","/wiki/Help:Categories","/wiki/Category:Units_of_length","/wiki/Category:Articles_containing_Chinese_language_text","/wiki/Category:Articles_containing_simplified_Chinese_language_text","/wiki/Category:Articles_containing_traditional_Chinese_language_text","/w/index.php?title=Special:UserLogin&returnto=Chi+%28unit%29&type=signup","/w/index.php?title=Special:UserLogin&returnto=Chi+%28unit%29","/wiki/Chi_(unit)","/wiki/Talk:Chi_(unit)","#","/wiki/Chi_(unit)","/w/index.php?title=Chi_(unit)&action=edit","/w/index.php?title=Chi_(unit)&action=history","#","/w/index.php","//bits.wikimedia.org/static-1.21wmf11/skins/vector/images/search-ltr.png?303-4","/wiki/Main_Page","/wiki/Main_Page","/wiki/Portal:Contents","/wiki/Portal:Featured_content","/wiki/Portal:Current_events","/wiki/Special:Random","//donate.wikimedia.org/wiki/Special:FundraiserRedirector?utm_source=donate&utm_medium=sidebar&utm_campaign=C13_en.wikipedia.org&uselang=en","/wiki/Help:Contents","/wiki/Wikipedia:About","/wiki/Wikipedia:Community_portal","/wiki/Special:RecentChanges","/wiki/Wikipedia:Contact_us","/wiki/Special:WhatLinksHere/Chi_(unit)","/wiki/Special:RecentChangesLinked/Chi_(unit)","/wiki/Wikipedia:File_Upload_Wizard","/wiki/Special:SpecialPages","/w/index.php?title=Chi_(unit)&oldid=525716628","/w/index.php?title=Chi_(unit)&action=info","/w/index.php?title=Special:Cite&page=Chi_%28unit%29&id=525716628","/w/index.php?title=Special:Book&bookcmd=book_creator&referer=Chi+%28unit%29","/w/index.php?title=Special:Book&bookcmd=render_article&arttitle=Chi+%28unit%29&oldid=525716628&writer=rl","/w/index.php?title=Chi_(unit)&printable=yes","//zh.wikipedia.org/wiki/%E5%B0%BA","//en.wikipedia.org/wiki/Wikipedia:Text_of_Creative_Commons_Attribution-ShareAlike_3.0_Unported_License","//creativecommons.org/licenses/by-sa/3.0/","//wikimediafoundation.org/wiki/Terms_of_Use","//www.wikimediafoundation.org/","//en.wikipedia.org/wiki/Wikipedia:Contact_us","//wikimediafoundation.org/wiki/Privacy_policy","/wiki/Wikipedia:About","/wiki/Wikipedia:General_disclaimer","http://en.m.wikipedia.org/wiki/Chi_(unit)","//wikimediafoundation.org/","//bits.wikimedia.org/images/wikimedia-button.png","//www.mediawiki.org/","//bits.wikimedia.org/static-1.21wmf11/skins/common/images/poweredby_mediawiki_88x31.png","//bits.wikimedia.org/en.wikipedia.org/load.php?debug=false&lang=en&modules=skins.vector&only=scripts&skin=vector&*","/w/index.php?title=MediaWiki:Gadget-ReferenceTooltips.js&action=raw&ctype=text/javascript&508635914","//bits.wikimedia.org/en.wikipedia.org/load.php?debug=false&lang=en&modules=site&only=scripts&skin=vector&*"],"instances":["angle","length","length","unit"],"pdf":[],"categories":["Units of length"],"headings":["Modern values","Historical values","Art of Bowling","Usage in Chinese","See also","References","External links"],"image":["//upload.wikimedia.org/wikipedia/commons/thumb/5/5a/Hong_Kong_ruler_close-up_002.jpg/220px-Hong_Kong_ruler_close-up_002.jpg","//bits.wikimedia.org/static-1.21wmf10/skins/common/images/magnify-clip.png","//upload.wikimedia.org/wikipedia/commons/thumb/f/f8/Wiktionary-logo-en.svg/37px-Wiktionary-logo-en.svg.png","//bits.wikimedia.org/static-1.21wmf11/skins/vector/images/search-ltr.png?303-4","//bits.wikimedia.org/images/wikimedia-button.png","//bits.wikimedia.org/static-1.21wmf11/skins/common/images/poweredby_mediawiki_88x31.png"],"tags":[["foot","length"],["cun","length"],["degree","angle"],["shaku","unit"]],"members":["degree","foot","cun","shaku"],"related":["Chinese_units_of_measurement","Length","Foot_(length)","Shuowen_Jiezi","Shang_Dynasty","Cun_(length)","Inch","People's_Republic_of_China","Hong_Kong_SAR","Cantonese_language","Taiwanese_units_of_measurement","Rulers","Qin_Dynasty","Han_Dynasty","Eastern_Wu","Cao_Wei","Warring_States","Degree_(angle)","Guangzhou","Shaku_(unit)","Japanese_language","Chinese_units_of_measurement","Taiwanese_units_of_measurement"]}