{"cursor":"6498","size":15,"audio":[],"currentlang":"en","article":"\n\n{{Infobox film\n| name = Hum image = Humfilm.jpg image_size = caption = Theatrical release\n| poster director = Mukul S. Anand producer = Romesh Sharma story = Ravi\n| Kapoor Mohan Kaul screenplay = Ravi Kapoor Mohan Kaul starring = Amitabh\n| Bachchan Rajinikanth Govinda Kimi Katkar Shilpa Shirodkar Kader\n| Khan Danny Denzongpa Anupam Kher music = Laxmikant-Pyarelal\n| cinematography = W. B. Rao editing = Kuldeep Mehan K. Ravi Kumar studio =\n| distributor = Dharma Productions released = February 1, 1991 runtime = 171\n| mins country = India language = Hindi budget = preceded_by = followed_by =\n| website =\n}}\n\n'Hum' (Hindi:à¤¹à¤®; English: We/Us) is a 1991 Hindi Language film directed by Mukul\nS. Anand. It stars Amitabh Bachchan, Rajinikanth, Govinda, Kimi Katkar, Shilpa\nShirodkar, Deepa Sahi, Danny Denzongpa, Anupam Kher and Kader Khan. This was the\nlast successful film for Bachchan in the early 90s before he announced his\ntemporary retirement immediately after the release of this film for five years.\nHe also won the Filmfare Best Actor Award in 1992. The film ranked second in top\ngrossers of 1991 at the Box Office and was declared a hit. \n","linknr":181,"url":"Hum_(film)","recorded":1363454349,"links":["/w/index.php?title=Hum_(film)&action=edit","/w/index.php?title=Hum_(film)&action=edit","//en.wikipedia.org/apple-touch-icon.png","//bits.wikimedia.org/favicon/wikipedia.ico","/w/opensearch_desc.php","//en.wikipedia.org/w/api.php?action=rsd","//creativecommons.org/licenses/by-sa/3.0/","/w/index.php?title=Special:RecentChanges&feed=atom","//bits.wikimedia.org/en.wikipedia.org/load.php?debug=false&lang=en&modules=ext.gadget.DRN-wizard%2CReferenceTooltips%2Ccharinsert%2Cteahouse%7Cext.wikihiero%7Cmediawiki.legacy.commonPrint%2Cshared%7Cmw.PopUpMediaTransform%7Cskins.vector&only=styles&skin=vector&*","//bits.wikimedia.org/en.wikipedia.org/load.php?debug=false&lang=en&modules=site&only=styles&skin=vector&*","//bits.wikimedia.org/en.wikipedia.org/load.php?debug=false&lang=en&modules=startup&only=scripts&skin=vector&*","//bits.wikimedia.org/geoiplookup","//meta.wikimedia.org","#mw-head","#p-search","//upload.wikimedia.org/wikipedia/en/thumb/9/99/Question_book-new.svg/50px-Question_book-new.svg.png","//en.wikipedia.org/w/index.php?title=Hum_(film)&action=edit","/wiki/Help:Introduction_to_referencing/1","/wiki/Template:Citation_needed","/wiki/Wikipedia:Verifiability#Burden_of_evidence","/wiki/File:Humfilm.jpg","//upload.wikimedia.org/wikipedia/en/1/1e/Humfilm.jpg","/wiki/Mukul_S._Anand","/wiki/Romesh_Sharma","/wiki/Ravi_Kapoor","/wiki/Mohan_Kaul","/wiki/Amitabh_Bachchan","/wiki/Rajinikanth","/wiki/Govinda","/wiki/Kimi_Katkar","/wiki/Shilpa_Shirodkar","/wiki/Kader_Khan","/wiki/Danny_Denzongpa","/wiki/Anupam_Kher","/wiki/Laxmikant-Pyarelal","/wiki/Dharma_Productions","/wiki/Hindi_language","/wiki/Hindi","/wiki/English_language","/wiki/Hindi_Language","/wiki/Mukul_S._Anand","/wiki/Amitabh_Bachchan","/wiki/Rajinikanth","/wiki/Govinda","/wiki/Kimi_Katkar","/wiki/Shilpa_Shirodkar","/wiki/Deepa_Sahi","/wiki/Danny_Denzongpa","/wiki/Anupam_Kher","/wiki/Kader_Khan","/wiki/Filmfare_Best_Actor_Award","#cite_note-1","#Plot","#Cast","#Production","#Tracks_list","#References","#External_links","/w/index.php?title=Hum_(film)&action=edit&section=1","/wiki/Amitabh_Bachchan","/wiki/Danny_Denzongpa","/wiki/Kimi_Katkar","/wiki/Romesh_Sharma","/w/index.php?title=Deepak_Shirke&action=edit&redlink=1","/wiki/Anupam_Kher","/wiki/Rajinikanth","/wiki/Govinda","/wiki/Deepa_Sahi","/wiki/Kader_Khan","/wiki/Shilpa_Shirodkar","/w/index.php?title=Hum_(film)&action=edit&section=2","/wiki/Amitabh_Bachchan","/wiki/Rajinikanth","/wiki/Govinda","/wiki/Kimi_Katkar","/wiki/Deepa_Sahi","/wiki/Shilpa_Shirodkar","/wiki/Danny_Denzongpa","/wiki/Anupam_Kher","/wiki/Kader_Khan","/wiki/Romesh_Sharma","/wiki/Annu_Kapoor","/w/index.php?title=Deepak_Shirke&action=edit&redlink=1","/w/index.php?title=Shiva_Rindan&action=edit&redlink=1","/w/index.php?title=Asha_Sharma&action=edit&redlink=1","/w/index.php?title=Guddi_Maruti&action=edit&redlink=1","/wiki/Viju_Khote","/wiki/Shammi","/w/index.php?title=Baby_Tabassum&action=edit&redlink=1","/w/index.php?title=Hum_(film)&action=edit&section=3","/wiki/Mumbai","/wiki/Bangalore","/wiki/Ooty","/wiki/Mauritius","/w/index.php?title=Hum_(film)&action=edit&section=4","/wiki/Udit_Narayan","/wiki/Alka_Yagnik","/wiki/Sudesh_Bhosle","/wiki/Mohammad_Aziz","/w/index.php?title=Sonali_Vajpayee&action=edit&redlink=1","/wiki/Alka_Yagnik","/w/index.php?title=Vinay_Mandke&action=edit&redlink=1","/wiki/Sudesh_Bhonsle","/wiki/Alka_Yagnik","/w/index.php?title=Vinay_Mandke&action=edit&redlink=1","/wiki/Sudesh_Bhonsle","/wiki/Mohammad_Aziz","/wiki/Sudesh_Bhonsle","/wiki/Kavita_Krishnamurthy","/wiki/Mohammad_Aziz","/w/index.php?title=Shobha_Joshi&action=edit&redlink=1","/wiki/Kavita_Krishnamurthy","/wiki/Amit_Kumar","/wiki/Alka_Yagnik","/w/index.php?title=Hum_(film)&action=edit&section=5","#cite_ref-1","http://www.boxofficeindia.com/showProd.php?itemCat=197&catName=MTk5MQ==","http://www.boxofficeindia.com/showProd.php?itemCat=197&catName=MTk5MQ==","/w/index.php?title=Hum_(film)&action=edit&section=6","http://www.imdb.com/title/tt0102071/","/wiki/Internet_Movie_Database","http://en.wikipedia.org/w/index.php?title=Hum_(film)&oldid=541669193","/wiki/Help:Categories","/wiki/Category:Hindi-language_films","/wiki/Category:1991_films","/wiki/Category:Indian_films","/wiki/Category:Compositions_by_Laxmikant-Pyarelal","/wiki/Category:Articles_needing_additional_references_from_April_2010","/wiki/Category:All_articles_needing_additional_references","/w/index.php?title=Special:UserLogin&returnto=Hum+%28film%29&type=signup","/w/index.php?title=Special:UserLogin&returnto=Hum+%28film%29","/wiki/Hum_(film)","/wiki/Talk:Hum_(film)","#","/wiki/Hum_(film)","/w/index.php?title=Hum_(film)&action=edit","/w/index.php?title=Hum_(film)&action=history","#","/w/index.php","//bits.wikimedia.org/static-1.21wmf11/skins/vector/images/search-ltr.png?303-4","/wiki/Main_Page","/wiki/Main_Page","/wiki/Portal:Contents","/wiki/Portal:Featured_content","/wiki/Portal:Current_events","/wiki/Special:Random","//donate.wikimedia.org/wiki/Special:FundraiserRedirector?utm_source=donate&utm_medium=sidebar&utm_campaign=C13_en.wikipedia.org&uselang=en","/wiki/Help:Contents","/wiki/Wikipedia:About","/wiki/Wikipedia:Community_portal","/wiki/Special:RecentChanges","/wiki/Wikipedia:Contact_us","/wiki/Special:WhatLinksHere/Hum_(film)","/wiki/Special:RecentChangesLinked/Hum_(film)","/wiki/Wikipedia:File_Upload_Wizard","/wiki/Special:SpecialPages","/w/index.php?title=Hum_(film)&oldid=541669193","/w/index.php?title=Hum_(film)&action=info","/w/index.php?title=Special:Cite&page=Hum_%28film%29&id=541669193","/w/index.php?title=Special:Book&bookcmd=book_creator&referer=Hum+%28film%29","/w/index.php?title=Special:Book&bookcmd=render_article&arttitle=Hum+%28film%29&oldid=541669193&writer=rl","/w/index.php?title=Hum_(film)&printable=yes","//hi.wikipedia.org/wiki/%E0%A4%B9%E0%A4%AE_(1991_%E0%A4%AB%E0%A4%BC%E0%A4%BF%E0%A4%B2%E0%A5%8D%E0%A4%AE)","//mr.wikipedia.org/wiki/%E0%A4%B9%E0%A4%AE_(%E0%A4%9A%E0%A4%BF%E0%A4%A4%E0%A5%8D%E0%A4%B0%E0%A4%AA%E0%A4%9F)","//new.wikipedia.org/wiki/%E0%A4%B9%E0%A4%AE_(%E0%A4%B8%E0%A4%A8%E0%A5%8D_%E0%A5%A7%E0%A5%AF%E0%A5%AF%E0%A5%A7%E0%A4%AF%E0%A4%BE_%E0%A4%B8%E0%A4%82%E0%A4%95%E0%A4%BF%E0%A4%AA%E0%A4%BE)","//www.wikidata.org/wiki/Special:ItemByTitle/enwiki/Hum (film)","//en.wikipedia.org/wiki/Wikipedia:Text_of_Creative_Commons_Attribution-ShareAlike_3.0_Unported_License","//creativecommons.org/licenses/by-sa/3.0/","//wikimediafoundation.org/wiki/Terms_of_Use","//www.wikimediafoundation.org/","//en.wikipedia.org/wiki/Wikipedia:Contact_us","//wikimediafoundation.org/wiki/Privacy_policy","/wiki/Wikipedia:About","/wiki/Wikipedia:General_disclaimer","http://en.m.wikipedia.org/wiki/Hum_(film)","//wikimediafoundation.org/","//bits.wikimedia.org/images/wikimedia-button.png","//www.mediawiki.org/","//bits.wikimedia.org/static-1.21wmf11/skins/common/images/poweredby_mediawiki_88x31.png","//bits.wikimedia.org/en.wikipedia.org/load.php?debug=false&lang=en&modules=skins.vector&only=scripts&skin=vector&*","/w/index.php?title=MediaWiki:Gadget-ReferenceTooltips.js&action=raw&ctype=text/javascript&508635914","//bits.wikimedia.org/en.wikipedia.org/load.php?debug=false&lang=en&modules=site&only=scripts&skin=vector&*"],"instances":[],"pdf":[],"categories":["1991 films","Hindi-language films","Indian films","Compositions by Laxmikant-Pyarelal"],"headings":["Plot","Cast","Production","Tracks list","References","External links"],"image":["//upload.wikimedia.org/wikipedia/en/thumb/9/99/Question_book-new.svg/50px-Question_book-new.svg.png","//upload.wikimedia.org/wikipedia/en/1/1e/Humfilm.jpg","//bits.wikimedia.org/static-1.21wmf11/skins/vector/images/search-ltr.png?303-4","//bits.wikimedia.org/images/wikimedia-button.png","//bits.wikimedia.org/static-1.21wmf11/skins/common/images/poweredby_mediawiki_88x31.png"],"tags":[],"members":[],"related":["Mukul_S._Anand","Romesh_Sharma","Ravi_Kapoor","Mohan_Kaul","Amitabh_Bachchan","Rajinikanth","Govinda","Kimi_Katkar","Shilpa_Shirodkar","Kader_Khan","Danny_Denzongpa","Anupam_Kher","Laxmikant-Pyarelal","Dharma_Productions","Hindi","English_language","Hindi_Language","Mukul_S._Anand","Amitabh_Bachchan","Rajinikanth","Govinda","Kimi_Katkar","Shilpa_Shirodkar","Deepa_Sahi","Danny_Denzongpa","Anupam_Kher","Kader_Khan","Filmfare_Best_Actor_Award","Amitabh_Bachchan","Danny_Denzongpa","Kimi_Katkar","Romesh_Sharma","Deepak_Shirke","Anupam_Kher","Rajinikanth","Govinda","Deepa_Sahi","Kader_Khan","Shilpa_Shirodkar","Amitabh_Bachchan","Rajinikanth","Govinda","Kimi_Katkar","Deepa_Sahi","Shilpa_Shirodkar","Danny_Denzongpa","Anupam_Kher","Kader_Khan","Romesh_Sharma","Annu_Kapoor","Deepak_Shirke","Shiva_Rindan","Asha_Sharma","Guddi_Maruti","Viju_Khote","Shammi","Baby_Tabassum","Mumbai","Bangalore","Ooty","Mauritius","Udit_Narayan","Alka_Yagnik","Sudesh_Bhosle","Mohammad_Aziz","Sonali_Vajpayee","Alka_Yagnik","Vinay_Mandke","Sudesh_Bhonsle","Alka_Yagnik","Vinay_Mandke","Sudesh_Bhonsle","Mohammad_Aziz","Sudesh_Bhonsle","Kavita_Krishnamurthy","Mohammad_Aziz","Shobha_Joshi","Kavita_Krishnamurthy","Amit_Kumar","Alka_Yagnik"]}