{"cursor":"10192","size":15,"audio":["//upload.wikimedia.org/wikipedia/commons/d/d6/Sauerland.ogg"],"currentlang":"en","article":"\n\n, Germany]] The 'Sauerland' [] is a rural, hilly area spreading across most of\nthe south-eastern part of North Rhine-Westphalia, in parts heavily forested\nand, apart from the major valleys, sparsely inhabited. For these reasons, it\nhas been chosen as the first place in Germany to reintroduce the Wisent (or\nEuropean bison).\n\nThe Sauerland is the largest tourist region in North Rhine-\nWestphalia, [http://en.sauerland.com/sauerland/reisethemen Travel themes],\nsauerland.com in particular for mountain biking & cycling, water sports\nand scenic recreation. The town and Skiliftkarussell of Winterberg in the\nHochsauerlandkreis is a major winter sport resort.\n","linknr":375,"url":"Sauerland","recorded":1364138590,"links":["/w/index.php?title=Sauerland&action=edit","/w/index.php?title=Sauerland&action=edit","//en.wikipedia.org/apple-touch-icon.png","//bits.wikimedia.org/favicon/wikipedia.ico","/w/opensearch_desc.php","//en.wikipedia.org/w/api.php?action=rsd","//creativecommons.org/licenses/by-sa/3.0/","/w/index.php?title=Special:RecentChanges&feed=atom","//bits.wikimedia.org/en.wikipedia.org/load.php?debug=false&lang=en&modules=ext.gadget.DRN-wizard%2CReferenceTooltips%2Ccharinsert%2Cteahouse%7Cext.wikihiero%7Cmediawiki.legacy.commonPrint%2Cshared%7Cmw.PopUpMediaTransform%7Cskins.vector&only=styles&skin=vector&*","//bits.wikimedia.org/en.wikipedia.org/load.php?debug=false&lang=en&modules=site&only=styles&skin=vector&*","//bits.wikimedia.org/en.wikipedia.org/load.php?debug=false&lang=en&modules=startup&only=scripts&skin=vector&*","//bits.wikimedia.org/geoiplookup","//meta.wikimedia.org","#mw-head","#p-search","/wiki/Sauerland_(disambiguation)","/wiki/File:Sauerland.jpg","//upload.wikimedia.org/wikipedia/commons/thumb/1/1e/Sauerland.jpg/220px-Sauerland.jpg","/wiki/File:Sauerland.jpg","//bits.wikimedia.org/static-1.21wmf10/skins/common/images/magnify-clip.png","/wiki/File:Locator_map_Sauerland_in_Germany.svg","//upload.wikimedia.org/wikipedia/commons/thumb/4/4f/Locator_map_Sauerland_in_Germany.svg/220px-Locator_map_Sauerland_in_Germany.svg.png","/wiki/File:Locator_map_Sauerland_in_Germany.svg","//bits.wikimedia.org/static-1.21wmf10/skins/common/images/magnify-clip.png","/wiki/North_Rhine-Westphalia","/wiki/File:Sauerland.ogg","//upload.wikimedia.org/wikipedia/commons/thumb/8/8a/Loudspeaker.svg/11px-Loudspeaker.svg.png","//upload.wikimedia.org/wikipedia/commons/d/d6/Sauerland.ogg","/wiki/Wikipedia:Media_help","/wiki/File:Sauerland.ogg","/wiki/North_Rhine-Westphalia","/wiki/Forest","/wiki/Wisent","#cite_note-1","/wiki/Skiliftkarussell_Winterberg","/wiki/Winterberg","/wiki/Hochsauerlandkreis","/wiki/Winter_sport","#Etymology","#History","#Geography","#Dams_and_reservoirs_.28lakes.29","#Geology","#Towns_and_municipalities","#Hochsauerlandkreis","#M.C3.A4rkischer_Kreis","#Olpe","#Soest","#Waldeck-Frankenberg","#Economy","#Tourism","#Transport","#See_also","#References","#External_links","/w/index.php?title=Sauerland&action=edit&section=1","#cite_note-2","/wiki/German_language","/wiki/Old_Saxon","/w/index.php?title=Sauerland&action=edit&section=2","/wiki/Mark_(county)","/wiki/Altena","/wiki/Arnsberg","/wiki/Duchy_of_Westphalia","/wiki/Archbishop_of_Cologne","/wiki/Electorate_of_Cologne","/wiki/Limburg_an_der_Lenne","/wiki/Lenne","/wiki/Napoleonic_Wars","/wiki/Prussia","/wiki/Province_of_Westphalia","/wiki/World_War_II","/wiki/North_Rhine-Westphalia","/wiki/M%C3%A4rkischer_Kreis","/wiki/Olpe_(district)","/wiki/Hochsauerland","/wiki/Hesse","/wiki/Waldeck-Frankenberg","/wiki/Geomorphology","/w/index.php?title=Sauerland&action=edit&section=3","/wiki/File:Sauerland2-Manoftours2.png","//upload.wikimedia.org/wikipedia/commons/thumb/4/4b/Sauerland2-Manoftours2.png/550px-Sauerland2-Manoftours2.png","/wiki/File:Sauerland2-Manoftours2.png","//bits.wikimedia.org/static-1.21wmf10/skins/common/images/magnify-clip.png","/wiki/File:OlpeKreis-Biggesee1-Asio.JPG","//upload.wikimedia.org/wikipedia/commons/thumb/e/e2/OlpeKreis-Biggesee1-Asio.JPG/220px-OlpeKreis-Biggesee1-Asio.JPG","/wiki/File:OlpeKreis-Biggesee1-Asio.JPG","//bits.wikimedia.org/static-1.21wmf10/skins/common/images/magnify-clip.png","/wiki/Biggesee","/wiki/Olpe,_Germany","/wiki/Attendorn","/wiki/File:Sundern-Amecke,_Germany.jpg","//upload.wikimedia.org/wikipedia/commons/thumb/4/4e/Sundern-Amecke%2C_Germany.jpg/220px-Sundern-Amecke%2C_Germany.jpg","/wiki/File:Sundern-Amecke,_Germany.jpg","//bits.wikimedia.org/static-1.21wmf10/skins/common/images/magnify-clip.png","/wiki/Sorpe_Reservoir","/wiki/Hochsauerland","/wiki/Bergisches_Land","/wiki/Siegerland","/wiki/Teutoburg_Forest","/wiki/Ruhr_(river)","/wiki/Lenne","/wiki/Dam","/wiki/Ruhr_area","/wiki/M%C3%B6hne_Reservoir","/wiki/Biggesee","/wiki/Langenberg_(Rothaargebirge)","/wiki/Olsberg,_Germany","/wiki/Kahler_Asten","/wiki/Winterberg","/wiki/Rothaargebirge","/w/index.php?title=Sauerland&action=edit&section=4","/wiki/Sorpesee","/wiki/Biggesee","/wiki/Hennesee","/w/index.php?title=Listertalsperre&action=edit&redlink=1","/wiki/Diemelsee","/wiki/M%C3%B6hnesee","/w/index.php?title=Sauerland&action=edit&section=5","/wiki/Rhine_Massif","/wiki/Westerwald","/wiki/Siegerland","/wiki/Rhine","/wiki/Eifel","/wiki/Hautes_Fagnes","/wiki/Hunsr%C3%BCck","/wiki/Fold_(geology)","/wiki/Fault_(geology)","/wiki/Variscan_orogeny","/wiki/Carboniferous","/wiki/Peneplain","/wiki/Permian","/wiki/Tectonic_uplift","#cite_note-3","/wiki/Devonian","/wiki/Slate","/wiki/Sandstone","/wiki/Greywacke","/wiki/Limestone","/wiki/Reef","/wiki/Karst_topography","/wiki/Attendorn","/wiki/Balve","/wiki/Lead","/wiki/Zinc","/wiki/Silver","/wiki/Ore","/wiki/Meggen","/wiki/Quartzite","/w/index.php?title=Sauerland&action=edit&section=6","/wiki/File:Balve,_20070915.jpg","//upload.wikimedia.org/wikipedia/commons/thumb/2/28/Balve%2C_20070915.jpg/220px-Balve%2C_20070915.jpg","/wiki/File:Balve,_20070915.jpg","//bits.wikimedia.org/static-1.21wmf10/skins/common/images/magnify-clip.png","/wiki/Balve","/wiki/File:Altena_Burg_20051030.jpg","//upload.wikimedia.org/wikipedia/commons/thumb/3/36/Altena_Burg_20051030.jpg/220px-Altena_Burg_20051030.jpg","/wiki/File:Altena_Burg_20051030.jpg","//bits.wikimedia.org/static-1.21wmf10/skins/common/images/magnify-clip.png","/wiki/Altena_Castle","/wiki/Lenne","/wiki/Altena","/wiki/File:Schmallenberg_Innenstadt_und_Unterstadt.jpg","//upload.wikimedia.org/wikipedia/commons/thumb/8/81/Schmallenberg_Innenstadt_und_Unterstadt.jpg/220px-Schmallenberg_Innenstadt_und_Unterstadt.jpg","/wiki/File:Schmallenberg_Innenstadt_und_Unterstadt.jpg","//bits.wikimedia.org/static-1.21wmf10/skins/common/images/magnify-clip.png","/wiki/Schmallenberg","/wiki/Iserlohn","/wiki/L%C3%BCdenscheid","/wiki/Arnsberg","/wiki/Meschede","/wiki/Bestwig","/w/index.php?title=Sauerland&action=edit&section=7","/wiki/File:Hochsauerlandkreis_flag.jpg","//upload.wikimedia.org/wikipedia/commons/thumb/e/eb/Hochsauerlandkreis_flag.jpg/22px-Hochsauerlandkreis_flag.jpg","/wiki/Hochsauerlandkreis","/wiki/Arnsberg","/wiki/Brilon","/wiki/Hallenberg","/wiki/Marsberg","/wiki/Medebach","/wiki/Meschede","/wiki/Olsberg,_Germany","/wiki/Schmallenberg","/wiki/Sundern","/wiki/Winterberg","/wiki/Bestwig","/wiki/Eslohe","/w/index.php?title=Sauerland&action=edit&section=8","/wiki/File:Flagge_des_M%C3%A4rkischer_Kreises.gif","//upload.wikimedia.org/wikipedia/commons/thumb/6/61/Flagge_des_M%C3%A4rkischer_Kreises.gif/22px-Flagge_des_M%C3%A4rkischer_Kreises.gif","/wiki/M%C3%A4rkischer_Kreis","/wiki/Altena","/wiki/Balve","/wiki/Halver","/wiki/Hemer","/wiki/Herscheid","/wiki/Iserlohn","/wiki/Kierspe","/wiki/L%C3%BCdenscheid","/wiki/Meinerzhagen","/wiki/Menden_(Sauerland)","/wiki/Nachrodt-Wiblingwerde","/wiki/Neuenrade","/wiki/Plettenberg","/wiki/Schalksm%C3%BChle","/wiki/Werdohl","/w/index.php?title=Sauerland&action=edit&section=9","/wiki/File:Kreis_Olpe_flag.jpg","//upload.wikimedia.org/wikipedia/commons/thumb/1/1f/Kreis_Olpe_flag.jpg/22px-Kreis_Olpe_flag.jpg","/wiki/Olpe_(district)","/wiki/Attendorn","/wiki/Drolshagen","/wiki/Lennestadt","/wiki/Olpe,_Germany","/wiki/Finnentrop","/wiki/Kirchhundem","/wiki/Wenden_(Sauerland)","/w/index.php?title=Sauerland&action=edit&section=10","/wiki/File:Kreis_Soest_flag.jpg","//upload.wikimedia.org/wikipedia/commons/thumb/3/31/Kreis_Soest_flag.jpg/22px-Kreis_Soest_flag.jpg","/wiki/Soest_(district)","/wiki/Ense","/wiki/M%C3%B6hnesee","/wiki/R%C3%BCthen","/wiki/Warstein","/w/index.php?title=Sauerland&action=edit&section=11","/wiki/File:Missing_flag.png","//upload.wikimedia.org/wikipedia/commons/thumb/2/2f/Missing_flag.png/22px-Missing_flag.png","/wiki/Waldeck-Frankenberg","/wiki/Upland_(Hesse)","/w/index.php?title=Sauerland&action=edit&section=12","/wiki/Ruhr_area","/wiki/Coal","/wiki/Heavy_industry","/wiki/Altena","/wiki/Warsteiner","/w/index.php?title=Sauerland&action=edit&section=13","/wiki/File:Dechenh%C3%B6hle.JPG","//upload.wikimedia.org/wikipedia/commons/thumb/e/ea/Dechenh%C3%B6hle.JPG/220px-Dechenh%C3%B6hle.JPG","/wiki/File:Dechenh%C3%B6hle.JPG","//bits.wikimedia.org/static-1.21wmf10/skins/common/images/magnify-clip.png","/wiki/Dechen_Cave","/wiki/Iserlohn","/wiki/Ruhr_Area","/wiki/Netherlands","#cite_note-4","/wiki/Winterberg","/wiki/Willingen","/w/index.php?title=Fort_Fun&action=edit&redlink=1","/wiki/Balve_Cave","/wiki/Balve","/wiki/Attendorn","/w/index.php?title=Sauerland&action=edit&section=14","/wiki/BAB_4","/wiki/Cologne","/wiki/BAB_45","/wiki/BAB_46","/wiki/Dortmund","/wiki/Kassel","/wiki/Frankfurt","/wiki/Rhine-Main","/wiki/Sauerlandlinie","/wiki/Dortmund_Airport","/wiki/Bundesautobahn_4","//upload.wikimedia.org/wikipedia/commons/thumb/c/c5/Bundesautobahn_4_number.svg/24px-Bundesautobahn_4_number.svg.png","/wiki/Bundesautobahn_4","/wiki/Bundesautobahn_44","//upload.wikimedia.org/wikipedia/commons/thumb/f/f6/Bundesautobahn_44_number.svg/24px-Bundesautobahn_44_number.svg.png","/wiki/Bundesautobahn_44","/wiki/Bundesautobahn_45","//upload.wikimedia.org/wikipedia/commons/thumb/6/65/Bundesautobahn_45_number.svg/24px-Bundesautobahn_45_number.svg.png","/wiki/Bundesautobahn_45","/wiki/Sauerlandlinie","/wiki/Bundesautobahn_46","//upload.wikimedia.org/wikipedia/commons/thumb/f/fd/Bundesautobahn_46_number.svg/24px-Bundesautobahn_46_number.svg.png","/wiki/Bundesautobahn_46","/w/index.php?title=Sauerland&action=edit&section=15","/wiki/File:Flag_of_North_Rhine-Westphalia.svg","//upload.wikimedia.org/wikipedia/commons/thumb/8/84/Flag_of_North_Rhine-Westphalia.svg/32px-Flag_of_North_Rhine-Westphalia.svg.png","/wiki/Portal:NRW","/wiki/Arnsberg_Forest_Nature_Park","/wiki/Sauerl%C3%A4nder_Heimatbund","/wiki/List_of_castles_in_North_Rhine-Westphalia","/wiki/List_of_nature_parks_in_Germany","/w/index.php?title=Sauerland&action=edit&section=16","#cite_ref-1","http://en.sauerland.com/sauerland/reisethemen","#cite_ref-2","#cite_ref-3","/wiki/Special:BookSources/3510651499","#cite_ref-4","http://www.ich-geh-wandern.de/sauerland","/w/index.php?title=Sauerland&action=edit&section=17","//upload.wikimedia.org/wikipedia/en/thumb/4/4a/Commons-logo.svg/30px-Commons-logo.svg.png","//commons.wikimedia.org/wiki/Sauerland","http://en.sauerland.com/","http://www.sauerland-bilder.de/","http://www.alterbergbau.com","http://en.wikipedia.org/w/index.php?title=Sauerland&oldid=543374356","/wiki/Help:Categories","/wiki/Category:Sauerland","/wiki/Category:Mountains_and_hills_of_North_Rhine-Westphalia","/wiki/Category:Westphalia_culture","/wiki/Category:Regions_of_North_Rhine-Westphalia","/wiki/Category:Regions_of_Germany","/wiki/Category:Rhenish_Massif","/wiki/Category:Articles_with_German_language_external_links","/wiki/Category:Articles_with_Dutch_language_external_links","/wiki/Category:North_Rhine-Westphalia_articles_missing_geocoordinate_data","/wiki/Category:All_articles_needing_coordinates","/w/index.php?title=Special:UserLogin&returnto=Sauerland&type=signup","/w/index.php?title=Special:UserLogin&returnto=Sauerland","/wiki/Sauerland","/wiki/Talk:Sauerland","#","/wiki/Sauerland","/w/index.php?title=Sauerland&action=edit","/w/index.php?title=Sauerland&action=history","#","/w/index.php","//bits.wikimedia.org/static-1.21wmf11/skins/vector/images/search-ltr.png?303-4","/wiki/Main_Page","/wiki/Main_Page","/wiki/Portal:Contents","/wiki/Portal:Featured_content","/wiki/Portal:Current_events","/wiki/Special:Random","//donate.wikimedia.org/wiki/Special:FundraiserRedirector?utm_source=donate&utm_medium=sidebar&utm_campaign=C13_en.wikipedia.org&uselang=en","/wiki/Help:Contents","/wiki/Wikipedia:About","/wiki/Wikipedia:Community_portal","/wiki/Special:RecentChanges","/wiki/Wikipedia:Contact_us","/wiki/Special:WhatLinksHere/Sauerland","/wiki/Special:RecentChangesLinked/Sauerland","/wiki/Wikipedia:File_Upload_Wizard","/wiki/Special:SpecialPages","/w/index.php?title=Sauerland&oldid=543374356","/w/index.php?title=Sauerland&action=info","/w/index.php?title=Special:Cite&page=Sauerland&id=543374356","/w/index.php?title=Special:Book&bookcmd=book_creator&referer=Sauerland","/w/index.php?title=Special:Book&bookcmd=render_article&arttitle=Sauerland&oldid=543374356&writer=rl","/w/index.php?title=Sauerland&printable=yes","//da.wikipedia.org/wiki/Sauerland","//de.wikipedia.org/wiki/Sauerland","//es.wikipedia.org/wiki/Sauerland","//eo.wikipedia.org/wiki/Sauerland","//fr.wikipedia.org/wiki/Sauerland","//it.wikipedia.org/wiki/Sauerland","//nl.wikipedia.org/wiki/Sauerland","//nds-nl.wikipedia.org/wiki/Zoerlaand","//no.wikipedia.org/wiki/Sauerland","//nn.wikipedia.org/wiki/Sauerland","//pl.wikipedia.org/wiki/Sauerland","//ro.wikipedia.org/wiki/Sauerland","//ru.wikipedia.org/wiki/%D0%97%D0%B0%D1%83%D1%8D%D1%80%D0%BB%D0%B0%D0%BD%D0%B4","//sv.wikipedia.org/wiki/Sauerland","//uk.wikipedia.org/wiki/%D0%97%D0%B0%D1%83%D0%B5%D1%80%D0%BB%D0%B0%D0%BD%D0%B4","//www.wikidata.org/wiki/Special:ItemByTitle/enwiki/Sauerland","//en.wikipedia.org/wiki/Wikipedia:Text_of_Creative_Commons_Attribution-ShareAlike_3.0_Unported_License","//creativecommons.org/licenses/by-sa/3.0/","//wikimediafoundation.org/wiki/Terms_of_Use","//www.wikimediafoundation.org/","//en.wikipedia.org/wiki/Wikipedia:Contact_us","//wikimediafoundation.org/wiki/Privacy_policy","/wiki/Wikipedia:About","/wiki/Wikipedia:General_disclaimer","http://en.m.wikipedia.org/wiki/Sauerland","//wikimediafoundation.org/","//bits.wikimedia.org/images/wikimedia-button.png","//www.mediawiki.org/","//bits.wikimedia.org/static-1.21wmf11/skins/common/images/poweredby_mediawiki_88x31.png","//bits.wikimedia.org/en.wikipedia.org/load.php?debug=false&lang=en&modules=skins.vector&only=scripts&skin=vector&*","/w/index.php?title=MediaWiki:Gadget-ReferenceTooltips.js&action=raw&ctype=text/javascript&508635914","//bits.wikimedia.org/en.wikipedia.org/load.php?debug=false&lang=en&modules=site&only=scripts&skin=vector&*"],"instances":["geology","hesse","river","county","sauerland","sauerland","district","geology"],"pdf":[],"categories":["Sauerland|","Mountains and hills of North Rhine-Westphalia","Westphalia culture","Regions of North Rhine-Westphalia","Regions of Germany","Rhenish Massif"],"headings":["Etymology","History","Geography","Towns and municipalities","Economy","See also","References","External links"],"image":["//upload.wikimedia.org/wikipedia/commons/thumb/1/1e/Sauerland.jpg/220px-Sauerland.jpg","//bits.wikimedia.org/static-1.21wmf10/skins/common/images/magnify-clip.png","//upload.wikimedia.org/wikipedia/commons/thumb/4/4f/Locator_map_Sauerland_in_Germany.svg/220px-Locator_map_Sauerland_in_Germany.svg.png","//bits.wikimedia.org/static-1.21wmf10/skins/common/images/magnify-clip.png","//upload.wikimedia.org/wikipedia/commons/thumb/8/8a/Loudspeaker.svg/11px-Loudspeaker.svg.png","//upload.wikimedia.org/wikipedia/commons/thumb/4/4b/Sauerland2-Manoftours2.png/550px-Sauerland2-Manoftours2.png","//bits.wikimedia.org/static-1.21wmf10/skins/common/images/magnify-clip.png","//upload.wikimedia.org/wikipedia/commons/thumb/e/e2/OlpeKreis-Biggesee1-Asio.JPG/220px-OlpeKreis-Biggesee1-Asio.JPG","//bits.wikimedia.org/static-1.21wmf10/skins/common/images/magnify-clip.png","//upload.wikimedia.org/wikipedia/commons/thumb/4/4e/Sundern-Amecke%2C_Germany.jpg/220px-Sundern-Amecke%2C_Germany.jpg","//bits.wikimedia.org/static-1.21wmf10/skins/common/images/magnify-clip.png","//upload.wikimedia.org/wikipedia/commons/thumb/2/28/Balve%2C_20070915.jpg/220px-Balve%2C_20070915.jpg","//bits.wikimedia.org/static-1.21wmf10/skins/common/images/magnify-clip.png","//upload.wikimedia.org/wikipedia/commons/thumb/3/36/Altena_Burg_20051030.jpg/220px-Altena_Burg_20051030.jpg","//bits.wikimedia.org/static-1.21wmf10/skins/common/images/magnify-clip.png","//upload.wikimedia.org/wikipedia/commons/thumb/8/81/Schmallenberg_Innenstadt_und_Unterstadt.jpg/220px-Schmallenberg_Innenstadt_und_Unterstadt.jpg","//bits.wikimedia.org/static-1.21wmf10/skins/common/images/magnify-clip.png","//upload.wikimedia.org/wikipedia/commons/thumb/e/eb/Hochsauerlandkreis_flag.jpg/22px-Hochsauerlandkreis_flag.jpg","//upload.wikimedia.org/wikipedia/commons/thumb/6/61/Flagge_des_M%C3%A4rkischer_Kreises.gif/22px-Flagge_des_M%C3%A4rkischer_Kreises.gif","//upload.wikimedia.org/wikipedia/commons/thumb/1/1f/Kreis_Olpe_flag.jpg/22px-Kreis_Olpe_flag.jpg","//upload.wikimedia.org/wikipedia/commons/thumb/3/31/Kreis_Soest_flag.jpg/22px-Kreis_Soest_flag.jpg","//upload.wikimedia.org/wikipedia/commons/thumb/2/2f/Missing_flag.png/22px-Missing_flag.png","//upload.wikimedia.org/wikipedia/commons/thumb/e/ea/Dechenh%C3%B6hle.JPG/220px-Dechenh%C3%B6hle.JPG","//bits.wikimedia.org/static-1.21wmf10/skins/common/images/magnify-clip.png","//upload.wikimedia.org/wikipedia/commons/thumb/c/c5/Bundesautobahn_4_number.svg/24px-Bundesautobahn_4_number.svg.png","//upload.wikimedia.org/wikipedia/commons/thumb/f/f6/Bundesautobahn_44_number.svg/24px-Bundesautobahn_44_number.svg.png","//upload.wikimedia.org/wikipedia/commons/thumb/6/65/Bundesautobahn_45_number.svg/24px-Bundesautobahn_45_number.svg.png","//upload.wikimedia.org/wikipedia/commons/thumb/f/fd/Bundesautobahn_46_number.svg/24px-Bundesautobahn_46_number.svg.png","//upload.wikimedia.org/wikipedia/commons/thumb/8/84/Flag_of_North_Rhine-Westphalia.svg/32px-Flag_of_North_Rhine-Westphalia.svg.png","//upload.wikimedia.org/wikipedia/en/thumb/4/4a/Commons-logo.svg/30px-Commons-logo.svg.png","//bits.wikimedia.org/static-1.21wmf11/skins/vector/images/search-ltr.png?303-4","//bits.wikimedia.org/images/wikimedia-button.png","//bits.wikimedia.org/static-1.21wmf11/skins/common/images/poweredby_mediawiki_88x31.png"],"tags":[["mark","county"],["olpe","district"],["ruhr","river"],["fold","geology"],["fault","geology"],["menden","sauerland"],["wenden","sauerland"],["upland","hesse"]],"members":["fold","upland","ruhr","mark","wenden","menden","olpe","fault"],"related":["North_Rhine-Westphalia","Forest","Wisent","Skiliftkarussell_Winterberg","Winterberg","Hochsauerlandkreis","Winter_sport","German_language","Old_Saxon","Mark_(county)","Altena","Arnsberg","Duchy_of_Westphalia","Archbishop_of_Cologne","Electorate_of_Cologne","Limburg_an_der_Lenne","Lenne","Napoleonic_Wars","Prussia","Province_of_Westphalia","World_War_II","North_Rhine-Westphalia","Märkischer_Kreis","Olpe_(district)","Hochsauerland","Hesse","Waldeck-Frankenberg","Geomorphology","Olpe,_Germany","Attendorn","Hochsauerland","Bergisches_Land","Siegerland","Teutoburg_Forest","Ruhr_(river)","Lenne","Dam","Ruhr_area","Möhne_Reservoir","Biggesee","Olsberg,_Germany","Winterberg","Rothaargebirge","Sorpesee","Biggesee","Hennesee","Listertalsperre","Diemelsee","Möhnesee","Westerwald","Siegerland","Rhine","Eifel","Hautes_Fagnes","Hunsrück","Fold_(geology)","Fault_(geology)","Variscan_orogeny","Carboniferous","Peneplain","Permian","Tectonic_uplift","Devonian","Slate","Sandstone","Greywacke","Limestone","Reef","Karst_topography","Attendorn","Balve","Lead","Zinc","Silver","Ore","Meggen","Quartzite","Lenne","Altena","Iserlohn","Lüdenscheid","Arnsberg","Meschede","Bestwig","Arnsberg","Brilon","Hallenberg","Marsberg","Medebach","Meschede","Olsberg,_Germany","Schmallenberg","Sundern","Winterberg","Bestwig","Eslohe","Altena","Balve","Halver","Hemer","Herscheid","Iserlohn","Kierspe","Lüdenscheid","Meinerzhagen","Menden_(Sauerland)","Nachrodt-Wiblingwerde","Neuenrade","Plettenberg","Schalksmühle","Werdohl","Attendorn","Drolshagen","Lennestadt","Olpe,_Germany","Finnentrop","Kirchhundem","Wenden_(Sauerland)","Ense","Möhnesee","Rüthen","Warstein","Upland_(Hesse)","Ruhr_area","Coal","Heavy_industry","Altena","Warsteiner","Iserlohn","Ruhr_Area","Netherlands","Winterberg","Willingen","Fort_Fun","Balve_Cave","Balve","Attendorn","BAB_4","Cologne","BAB_45","BAB_46","Dortmund","Kassel","Frankfurt","Rhine-Main","Sauerlandlinie","Dortmund_Airport","Bundesautobahn_4","Bundesautobahn_44","Bundesautobahn_45","Bundesautobahn_46","Arnsberg_Forest_Nature_Park","Sauerländer_Heimatbund","List_of_castles_in_North_Rhine-Westphalia","List_of_nature_parks_in_Germany"]}