{"cursor":"48063","size":15,"audio":[],"currentlang":"en","article":"\n\n\n\n'Quidditch' is a fictional competitive sport in the wizarding world of the\n''Harry Potter'' universe, and is from the series of children's novels and\nmovies. It is an extremely rough but very popular semi-contact sport, played by\nwizards and witches. Matches are played between two teams of seven players\nriding flying broomsticks, using four balls and six elevated ring-shaped goals,\nthree on each side of the Quidditch pitch (field). In the Harry Potter universe,\nQuidditch holds a fervent following similar to the position that association\nfootball holds as a globally popular sport.\n\nThe sport is monumental throughout the wizarding world. Harry plays an important\nposition for his house team at Hogwarts: he is the seeker and becomes the\ncaptain in his sixth year there. Regional and international competitions are\nmentioned throughout the series. In [[Goblet of Fire]], Quidditch at Hogwarts is\ncancelled for the Tri-Wizard Tournament, but Harry and the Weasleys attend the\nQuidditch World Cup. In addition, Harry uses his Quidditch skills to capture a\ngolden egg from a dragon called the Hungarian Horntail (in the first task of the\nTri-Wizard Tournament), to capture a flying key in [[Harry Potter and the\nPhilosopher's Stone|Philosopher's Stone]], and on two key occasions in [[Deathly\nHallows]] â getting hold of Ravenclaw's Diadem, and during the final fight with\nVoldemort â the \"unerring skill of the Seeker\" is useful to him in snatching the\nElder Wand out of the air. Harry Potter has owned two broomsticks, the Nimbus\n2000 and the Firebolt, both of which are destroyed by the series' end.\n\nThe game has been adopted in the real world in the form of Muggle Quidditch.\n","linknr":756,"url":"Quidditch","recorded":1364130645,"links":["/w/index.php?title=Quidditch&action=edit","/w/index.php?title=Quidditch&action=edit","//en.wikipedia.org/apple-touch-icon.png","//bits.wikimedia.org/favicon/wikipedia.ico","/w/opensearch_desc.php","//en.wikipedia.org/w/api.php?action=rsd","//creativecommons.org/licenses/by-sa/3.0/","/w/index.php?title=Special:RecentChanges&feed=atom","//bits.wikimedia.org/en.wikipedia.org/load.php?debug=false&lang=en&modules=ext.gadget.DRN-wizard%2CReferenceTooltips%2Ccharinsert%2Cteahouse%7Cext.wikihiero%7Cmediawiki.legacy.commonPrint%2Cshared%7Cmw.PopUpMediaTransform%7Cskins.vector&only=styles&skin=vector&*","//bits.wikimedia.org/en.wikipedia.org/load.php?debug=false&lang=en&modules=site&only=styles&skin=vector&*","//bits.wikimedia.org/en.wikipedia.org/load.php?debug=false&lang=en&modules=startup&only=scripts&skin=vector&*","//bits.wikimedia.org/geoiplookup","//meta.wikimedia.org","#mw-head","#p-search","/wiki/Muggle_Quidditch","//upload.wikimedia.org/wikipedia/en/f/f4/Ambox_content.png","/wiki/Wikipedia:Manual_of_Style/Writing_about_fiction","//en.wikipedia.org/w/index.php?title=Quidditch&action=edit","/wiki/Wikipedia:Manual_of_Style/Writing_about_fiction","/wiki/Harry_Potter_universe","/wiki/Semi-contact","/wiki/Association_football","/wiki/Gryffindor","/wiki/Hogwarts","#Players","/wiki/Goblet_of_Fire","/wiki/Harry_Potter_and_the_Philosopher%27s_Stone","/wiki/Deathly_Hallows","/wiki/Nimbus_2000","/wiki/Firebolt","/wiki/Muggle_Quidditch","#Players_and_equipment","#Pitches","#Quidditch_Balls","#Quaffle","#Bludgers","#The_Golden_Snitch","#Players","#Broomsticks","#Game_progression","#Rules","#Fouls","#History","#Ancient_games","#Evolution_of_Quidditch","#History_of_the_Snitch","#Quidditch_pitch","#Quidditch_in_the_Harry_Potter_books","#Hogwarts_Quidditch_Cup","#Hogwarts_teams","#Years_1.E2.80.933","#Year_5","#Year_6","#Harry.27s_performance_as_Seeker","#Professional_Quidditch_teams","#Bulgarian_national_and_Irish_national_teams","#Quidditch_in_the_films_and_video_games","#Quodpot","#Non-fictional_Quidditch","#Quidditch_video_games","#See_also","#References","#External_links","/w/index.php?title=Quidditch&action=edit&section=1","/w/index.php?title=Quidditch&action=edit&section=2","/wiki/Hogwarts","/wiki/Quidditch_World_Cup","/wiki/Harry_Potter_and_the_Goblet_of_Fire_(film)","/w/index.php?title=Quidditch&action=edit&section=3","/wiki/File:Quidditch_balls.jpg","//upload.wikimedia.org/wikipedia/en/thumb/3/32/Quidditch_balls.jpg/200px-Quidditch_balls.jpg","/wiki/File:Quidditch_balls.jpg","//bits.wikimedia.org/static-1.21wmf11/skins/common/images/magnify-clip.png","/wiki/Harry_Potter_and_the_Philosopher%27s_Stone_(film)","/wiki/The_Golden_Snitch","/w/index.php?title=Quidditch&action=edit&section=4","/wiki/Tetrahedron","/wiki/Quidditch_Through_the_Ages","/w/index.php?title=Quidditch&action=edit&section=5","/wiki/Inertia","/w/index.php?title=Quidditch&action=edit&section=6","/wiki/File:SnitchHP1.jpg","//upload.wikimedia.org/wikipedia/en/thumb/e/e9/SnitchHP1.jpg/200px-SnitchHP1.jpg","/wiki/File:SnitchHP1.jpg","//bits.wikimedia.org/static-1.21wmf11/skins/common/images/magnify-clip.png","/wiki/Quidditch_Through_The_Ages","/wiki/Harry_Potter_and_the_Deathly_Hallows","/wiki/Godric%27s_Hollow","/wiki/Hummingbird","/wiki/Fantastic_Beasts_and_Where_to_Find_Them","/wiki/Harry_Potter_and_the_Deathly_Hallows","/wiki/Magical_objects_in_Harry_Potter#Resurrection_Stone","/w/index.php?title=Quidditch&action=edit&section=7","#Quaffle","#Bludgers","/wiki/Baseball_bat","#Quaffle","#Quaffle","#The_Golden_Snitch","/wiki/List_of_supporting_Harry_Potter_characters#Viktor_Krum","/wiki/Goblet_of_Fire","/wiki/Harry_Potter_(Character)","/w/index.php?title=Quidditch&action=edit&section=8","/wiki/USS_Firebolt_(PC-10)","/wiki/Magical_Objects_in_Harry_Potter#Broomsticks","/wiki/Lucius_Malfoy","/wiki/Slytherin","/wiki/Draco_Malfoy","/wiki/Atmosphere","/wiki/Sirius_Black","/wiki/Quidditch_Through_the_Ages","/wiki/Atlantic_Ocean","/wiki/Harry_Potter_and_the_Prisoner_of_Azkaban","/wiki/Madam_Hooch","/w/index.php?title=Quidditch&action=edit&section=9","/wiki/Ginny_Weasley","/wiki/Dolores_Umbridge","/wiki/Viktor_Krum","/wiki/Harry_Potter_and_the_Goblet_of_Fire","/wiki/Quidditch_Through_the_Ages","/wiki/Harry_Potter_and_the_Philosopher%27s_Stone","/w/index.php?title=Quidditch&action=edit&section=10","/wiki/Department_of_Magical_Games_and_Sports","/wiki/Harry_Potter_films","/wiki/Ice_hockey","/wiki/Quidditch_Through_the_Ages","/w/index.php?title=Quidditch&action=edit&section=11","/wiki/Harry_Potter_and_the_Prisoner_of_Azkaban","/wiki/Ronald_Weasley","/wiki/Harry_Potter_and_the_Half-Blood_Prince","/wiki/Zacharias_Smith","/wiki/Marcus_Flint","/wiki/Harry_Potter:_Quidditch_World_Cup","/w/index.php?title=Quidditch&action=edit&section=12","/wiki/Quidditch_Through_the_Ages","/w/index.php?title=Quidditch&action=edit&section=13","/wiki/Dragon","/wiki/Urinary_bladder","#cite_note-HPL-1","#cite_note-HPL-1","/wiki/Scotland","/wiki/Cauldron","#cite_note-HPL-1","/wiki/Jousting","#cite_note-HPL-1","/wiki/Pig%27s_bladder","#cite_note-HPL-1","/w/index.php?title=Quidditch&action=edit&section=14","/wiki/Barrel","/w/index.php?title=Quidditch&action=edit&section=15","/wiki/Quidditch_Through_the_Ages","/wiki/Kent","/wiki/Money_in_Harry_Potter","/wiki/Spells_in_Harry_Potter#Accio_.28Summoning_Charm.29","/wiki/Bowman_Wright","/wiki/Godric%27s_Hollow","/w/index.php?title=Quidditch&action=edit&section=16","/wiki/File:Stadium_dive.jpg","//upload.wikimedia.org/wikipedia/en/thumb/9/9a/Stadium_dive.jpg/220px-Stadium_dive.jpg","/wiki/File:Stadium_dive.jpg","//bits.wikimedia.org/static-1.21wmf11/skins/common/images/magnify-clip.png","/wiki/Harry_Potter_and_the_Goblet_of_Fire_(film)","#cite_note-Whisp_2001_32-2","/w/index.php?title=Quidditch&action=edit&section=17","/w/index.php?title=Quidditch&action=edit&section=18","/wiki/Ravenclaw","/wiki/Harry_Potter_and_the_Philosopher%27s_Stone","/wiki/Harry_Potter_and_the_Chamber_of_Secrets","/wiki/Gryffindor","/wiki/Harry_Potter_and_the_Prisoner_of_Azkaban","/wiki/Harry_Potter_and_the_Goblet_of_Fire","/wiki/Gryffindor","/wiki/Harry_Potter_and_the_Order_of_the_Phoenix","/wiki/Gryffindor","/wiki/Harry_Potter_and_the_Half-Blood_Prince","/wiki/Harry_Potter_and_the_Deathly_Hallows","/w/index.php?title=Quidditch&action=edit&section=19","/wiki/Hogwarts_houses","/w/index.php?title=Quidditch&action=edit&section=20","/wiki/Supporting_Harry_Potter_characters#Oliver_Wood","/wiki/Angelina_Johnson","/wiki/Katie_Bell_(Harry_Potter)","/wiki/Alicia_Spinnet","/wiki/Fred_Weasley","/wiki/George_Weasley","/wiki/Harry_Potter_(character)","/wiki/Triwizard_Tournament","/w/index.php?title=Quidditch&action=edit&section=21","/wiki/Ron_Weasley","/wiki/Angelina_Johnson","/wiki/Katie_Bell_(Harry_Potter)","/wiki/Alicia_Spinnet","/wiki/Fred_Weasley","/wiki/Jack_Sloper","/wiki/George_Weasley","/wiki/Andrew_Kirke","/wiki/Harry_Potter","/wiki/Ginny_Weasley","/wiki/Dolores_Umbridge","/w/index.php?title=Quidditch&action=edit&section=22","/wiki/Ron_Weasley","/wiki/Cormac_McLaggen","/wiki/Ginny_Weasley","/wiki/Dean_Thomas_(Harry_Potter)","/wiki/Katie_Bell_(Harry_Potter)","/wiki/Dean_Thomas_(Harry_Potter)","/wiki/Demelza_Robins","/wiki/Ritchie_Coote","/wiki/Jimmy_Peakes","/wiki/Harry_Potter","/wiki/Ginny_Weasley","/wiki/Albus_Dumbledore","/wiki/Severus_Snape","/w/index.php?title=Quidditch&action=edit&section=23","/wiki/Dementors","/wiki/List_of_Harry_Potter_supporting_characters#Cedric_Diggory","/w/index.php?title=Quidditch&action=edit&section=24","/wiki/Quidditch_Through_the_Ages","/wiki/United_Kingdom","//upload.wikimedia.org/wikipedia/en/thumb/a/ae/Flag_of_the_United_Kingdom.svg/22px-Flag_of_the_United_Kingdom.svg.png","#cite_note-Whisp_2001_32-2","/wiki/Appleby,_Lincolnshire","/wiki/United_Kingdom","//upload.wikimedia.org/wikipedia/en/thumb/a/ae/Flag_of_the_United_Kingdom.svg/22px-Flag_of_the_United_Kingdom.svg.png","#cite_note-3","/wiki/Chudleigh","/wiki/United_Kingdom","//upload.wikimedia.org/wikipedia/en/thumb/a/ae/Flag_of_the_United_Kingdom.svg/22px-Flag_of_the_United_Kingdom.svg.png","#cite_note-4","/wiki/Falmouth,_Cornwall","/wiki/United_Kingdom","//upload.wikimedia.org/wikipedia/en/thumb/a/ae/Flag_of_the_United_Kingdom.svg/22px-Flag_of_the_United_Kingdom.svg.png","#cite_note-Whisp_2001_36-5","/wiki/Albus_Dumbledore","/wiki/United_Kingdom","//upload.wikimedia.org/wikipedia/en/thumb/a/ae/Flag_of_the_United_Kingdom.svg/22px-Flag_of_the_United_Kingdom.svg.png","#cite_note-Whisp_2001_37-6","/wiki/Tutshill","/wiki/United_Kingdom","//upload.wikimedia.org/wikipedia/en/thumb/a/ae/Flag_of_the_United_Kingdom.svg/22px-Flag_of_the_United_Kingdom.svg.png","#cite_note-7","/wiki/Wimborne_Minster","/wiki/Ludo_Bagman","/wiki/United_Kingdom","//upload.wikimedia.org/wikipedia/en/thumb/a/ae/Flag_of_the_United_Kingdom.svg/22px-Flag_of_the_United_Kingdom.svg.png","#cite_note-8","/wiki/Ballycastle,_County_Antrim","/wiki/Republic_of_Ireland","//upload.wikimedia.org/wikipedia/commons/thumb/4/45/Flag_of_Ireland.svg/22px-Flag_of_Ireland.svg.png","#cite_note-9","/wiki/Kenmare","/wiki/United_Kingdom","//upload.wikimedia.org/wikipedia/en/thumb/a/ae/Flag_of_the_United_Kingdom.svg/22px-Flag_of_the_United_Kingdom.svg.png","#cite_note-10","/wiki/Montrose,_Angus","/wiki/United_Kingdom","//upload.wikimedia.org/wikipedia/en/thumb/a/ae/Flag_of_the_United_Kingdom.svg/22px-Flag_of_the_United_Kingdom.svg.png","#cite_note-Whisp_2001_36-5","/wiki/Portree","/wiki/United_Kingdom","//upload.wikimedia.org/wikipedia/en/thumb/a/ae/Flag_of_the_United_Kingdom.svg/22px-Flag_of_the_United_Kingdom.svg.png","#cite_note-Whisp_2001_37-6","/wiki/Wigtown","/wiki/United_Kingdom","//upload.wikimedia.org/wikipedia/en/thumb/a/ae/Flag_of_the_United_Kingdom.svg/22px-Flag_of_the_United_Kingdom.svg.png","#cite_note-WhispKennilworthy-11","/wiki/Caerphilly","/wiki/United_Kingdom","//upload.wikimedia.org/wikipedia/en/thumb/a/ae/Flag_of_the_United_Kingdom.svg/22px-Flag_of_the_United_Kingdom.svg.png","#cite_note-12","/wiki/Holyhead","/wiki/Ginny_Weasley","/wiki/Wikipedia:Citation_needed","/wiki/Australia","//upload.wikimedia.org/wikipedia/en/thumb/b/b9/Flag_of_Australia.svg/22px-Flag_of_Australia.svg.png","#cite_note-Whisp_2001_42-13","/wiki/Thundelarra","/wiki/Australia","//upload.wikimedia.org/wikipedia/en/thumb/b/b9/Flag_of_Australia.svg/22px-Flag_of_Australia.svg.png","#cite_note-Whisp_2001_42-13","/wiki/Wollongong,_New_South_Wales","/wiki/Bulgaria","//upload.wikimedia.org/wikipedia/commons/thumb/9/9a/Flag_of_Bulgaria.svg/22px-Flag_of_Bulgaria.svg.png","#cite_note-Whisp_2001_40-14","/wiki/Vratsa","/wiki/Canada","//upload.wikimedia.org/wikipedia/en/thumb/c/cf/Flag_of_Canada.svg/22px-Flag_of_Canada.svg.png","#cite_note-Whisp_2001_43-15","/wiki/Haileybury,_Ontario","/wiki/Canada","//upload.wikimedia.org/wikipedia/en/thumb/c/cf/Flag_of_Canada.svg/22px-Flag_of_Canada.svg.png","#cite_note-Whisp_2001_43-15","/wiki/Moose_Jaw","/wiki/Canada","//upload.wikimedia.org/wikipedia/en/thumb/c/cf/Flag_of_Canada.svg/22px-Flag_of_Canada.svg.png","#cite_note-Whisp_2001_43-15","/wiki/Stonewall,_Manitoba","/wiki/Ethiopia","//upload.wikimedia.org/wikipedia/commons/thumb/7/71/Flag_of_Ethiopia.svg/22px-Flag_of_Ethiopia.svg.png","#cite_note-Whisp_2001_43-15","/wiki/Gimbi","/wiki/France","//upload.wikimedia.org/wikipedia/en/thumb/c/c3/Flag_of_France.svg/22px-Flag_of_France.svg.png","#cite_note-Whisp_2001_40-14","/wiki/Quiberon","/wiki/Germany","//upload.wikimedia.org/wikipedia/en/thumb/b/ba/Flag_of_Germany.svg/22px-Flag_of_Germany.svg.png","#cite_note-Whisp_2001_41-16","/wiki/Heidelberg","/wiki/Japan","//upload.wikimedia.org/wikipedia/en/thumb/9/9e/Flag_of_Japan.svg/22px-Flag_of_Japan.svg.png","#cite_note-Whisp_2001_46-17","/wiki/Toyohashi,_Aichi","/wiki/Lithuania","//upload.wikimedia.org/wikipedia/commons/thumb/1/11/Flag_of_Lithuania.svg/22px-Flag_of_Lithuania.svg.png","/wiki/Lithuania","/wiki/Luxembourg","//upload.wikimedia.org/wikipedia/commons/thumb/d/da/Flag_of_Luxembourg.svg/22px-Flag_of_Luxembourg.svg.png","#cite_note-Whisp_2001_41-16","/wiki/Bigonville","/wiki/New_Zealand","//upload.wikimedia.org/wikipedia/commons/thumb/3/3e/Flag_of_New_Zealand.svg/22px-Flag_of_New_Zealand.svg.png","#cite_note-Whisp_2001_42-13","/wiki/Whale_Island,_New_Zealand","/wiki/Norway","//upload.wikimedia.org/wikipedia/commons/thumb/d/d9/Flag_of_Norway.svg/22px-Flag_of_Norway.svg.png","/wiki/K%C3%A1r%C3%A1%C5%A1johka_-_Karasjok","#cite_note-WhispKennilworthy-11","/wiki/Peru","//upload.wikimedia.org/wikipedia/commons/thumb/c/cf/Flag_of_Peru.svg/22px-Flag_of_Peru.svg.png","#cite_note-Whisp_2001_46-17","/wiki/Tarapoto","/wiki/Poland","//upload.wikimedia.org/wikipedia/en/thumb/1/12/Flag_of_Poland.svg/22px-Flag_of_Poland.svg.png","#cite_note-Whisp_2001_41-16","/wiki/Grodzisk","/wiki/Ambiguity","/wiki/Portugal","//upload.wikimedia.org/wikipedia/commons/thumb/5/5c/Flag_of_Portugal.svg/22px-Flag_of_Portugal.svg.png","#cite_note-Whisp_2001_41-16","/wiki/Braga","/wiki/Portugal","/wiki/Portugal","#cite_note-Whisp_2001_41-16","/wiki/United_Kingdom","//upload.wikimedia.org/wikipedia/en/thumb/a/ae/Flag_of_the_United_Kingdom.svg/22px-Flag_of_the_United_Kingdom.svg.png","/wiki/Banchory","/wiki/Tanzania","//upload.wikimedia.org/wikipedia/commons/thumb/3/38/Flag_of_Tanzania.svg/22px-Flag_of_Tanzania.svg.png","#cite_note-Whisp_2001_43-15","/wiki/Sumbawanga","/wiki/Togo","//upload.wikimedia.org/wikipedia/commons/thumb/6/68/Flag_of_Togo.svg/22px-Flag_of_Togo.svg.png","#cite_note-Whisp_2001_43-15","/wiki/Tchamba","/wiki/Uganda","//upload.wikimedia.org/wikipedia/commons/thumb/4/4e/Flag_of_Uganda.svg/22px-Flag_of_Uganda.svg.png","#cite_note-18","/wiki/Pader_District","/wiki/United_States","//upload.wikimedia.org/wikipedia/en/thumb/a/a4/Flag_of_the_United_States.svg/22px-Flag_of_the_United_States.svg.png","#cite_note-Whisp_2001_45-19","/wiki/Fitchburg,_Massachusetts","/w/index.php?title=Quidditch&action=edit&section=25","/wiki/Viktor_Krum","/wiki/Harry_Potter:_Quidditch_World_Cup","/w/index.php?title=Quidditch&action=edit&section=26","/wiki/File:Golden_snitch.JPG","//upload.wikimedia.org/wikipedia/commons/thumb/5/52/Golden_snitch.JPG/220px-Golden_snitch.JPG","/wiki/File:Golden_snitch.JPG","//bits.wikimedia.org/static-1.21wmf11/skins/common/images/magnify-clip.png","/wiki/The_Wizarding_World_of_Harry_Potter_(Islands_of_Adventure)","/wiki/Harry_Potter_and_the_Half-Blood_Prince_(film)","/wiki/Flying_wedge#Sports_usage","#cite_note-preview-20","/wiki/Harry_Potter_and_the_Order_of_the_Phoenix_(film)","/wiki/Harry_Potter_and_the_Deathly_Hallows_-_Part_1","/wiki/Harry_Potter_and_the_Goblet_of_Fire_(film)","/wiki/Harry_Potter_and_the_Deathly_Hallows_-_Part_2","/wiki/Harry_Potter:_Quidditch_World_Cup","/wiki/Harry_Potter_and_the_Forbidden_Journey","/wiki/The_Wizarding_World_of_Harry_Potter_(Islands_of_Adventure)","/wiki/Islands_of_Adventure","#cite_note-21","/w/index.php?title=Quidditch&action=edit&section=27","/wiki/Western_Hemisphere","/w/index.php?title=Quidditch&action=edit&section=28","/wiki/File:Quidditch_Lane,_Cambourne.jpg","//upload.wikimedia.org/wikipedia/commons/thumb/b/b3/Quidditch_Lane%2C_Cambourne.jpg/200px-Quidditch_Lane%2C_Cambourne.jpg","/wiki/File:Quidditch_Lane,_Cambourne.jpg","//bits.wikimedia.org/static-1.21wmf11/skins/common/images/magnify-clip.png","/wiki/Muggle_Quidditch","/wiki/Unicycle","#cite_note-22","/wiki/Cambridgeshire","#cite_note-23","/wiki/Polytechnic_School","/wiki/Emerson_College","#cite_note-24","/w/index.php?title=Quidditch&action=edit&section=29","/wiki/Harry_Potter:_Quidditch_World_Cup","/wiki/Harry_Potter_and_the_Philosopher%27s_Stone_(video_game)","/wiki/Harry_Potter_and_the_Chamber_of_Secrets_(video_game)","/wiki/Harry_Potter_and_the_Half-Blood_Prince_(video_game)","/wiki/Lego_Harry_Potter:_Years_1%E2%80%934","/wiki/Lego_Harry_Potter:_Years_5%E2%80%937","/w/index.php?title=Quidditch&action=edit&section=30","/wiki/File:HP_-_Harry_Potter_wordmark.svg","//upload.wikimedia.org/wikipedia/commons/thumb/9/9b/HP_-_Harry_Potter_wordmark.svg/26px-HP_-_Harry_Potter_wordmark.svg.png","/wiki/Portal:Harry_Potter","/wiki/List_of_fictional_sports","/w/index.php?title=Quidditch&action=edit&section=31","#cite_ref-HPL_1-0","#cite_ref-HPL_1-1","#cite_ref-HPL_1-2","#cite_ref-HPL_1-3","#cite_ref-HPL_1-4","http://www.hp-lexicon.org/wizworld/games.html","#cite_ref-Whisp_2001_32_2-0","#cite_ref-Whisp_2001_32_2-1","/wiki/Quidditch_Through_the_Ages","/wiki/International_Standard_Book_Number","/wiki/Special:BookSources/1-55192-454-4","#cite_ref-3","/wiki/Quidditch_Through_the_Ages","/wiki/International_Standard_Book_Number","/wiki/Special:BookSources/1-55192-454-4","#cite_ref-4","/wiki/Quidditch_Through_the_Ages","/wiki/International_Standard_Book_Number","/wiki/Special:BookSources/1-55192-454-4","#cite_ref-Whisp_2001_36_5-0","#cite_ref-Whisp_2001_36_5-1","/wiki/Quidditch_Through_the_Ages","/wiki/International_Standard_Book_Number","/wiki/Special:BookSources/1-55192-454-4","#cite_ref-Whisp_2001_37_6-0","#cite_ref-Whisp_2001_37_6-1","/wiki/Quidditch_Through_the_Ages","/wiki/International_Standard_Book_Number","/wiki/Special:BookSources/1-55192-454-4","#cite_ref-7","/wiki/Quidditch_Through_the_Ages","/wiki/International_Standard_Book_Number","/wiki/Special:BookSources/1-55192-454-4","#cite_ref-8","/wiki/Quidditch_Through_the_Ages","/wiki/International_Standard_Book_Number","/wiki/Special:BookSources/1-55192-454-4","#cite_ref-9","/wiki/Quidditch_Through_the_Ages","/wiki/International_Standard_Book_Number","/wiki/Special:BookSources/1-55192-454-4","#cite_ref-10","/wiki/Quidditch_Through_the_Ages","/wiki/International_Standard_Book_Number","/wiki/Special:BookSources/1-55192-454-4","#cite_ref-WhispKennilworthy_11-0","#cite_ref-WhispKennilworthy_11-1","/wiki/Quidditch_Through_the_Ages","/wiki/International_Standard_Book_Number","/wiki/Special:BookSources/1-55192-454-4","#cite_ref-12","/wiki/Quidditch_Through_the_Ages","/wiki/International_Standard_Book_Number","/wiki/Special:BookSources/1-55192-454-4","#cite_ref-Whisp_2001_42_13-0","#cite_ref-Whisp_2001_42_13-1","#cite_ref-Whisp_2001_42_13-2","/wiki/Quidditch_Through_the_Ages","/wiki/International_Standard_Book_Number","/wiki/Special:BookSources/1-55192-454-4","#cite_ref-Whisp_2001_40_14-0","#cite_ref-Whisp_2001_40_14-1","/wiki/Quidditch_Through_the_Ages","/wiki/International_Standard_Book_Number","/wiki/Special:BookSources/1-55192-454-4","#cite_ref-Whisp_2001_43_15-0","#cite_ref-Whisp_2001_43_15-1","#cite_ref-Whisp_2001_43_15-2","#cite_ref-Whisp_2001_43_15-3","#cite_ref-Whisp_2001_43_15-4","#cite_ref-Whisp_2001_43_15-5","/wiki/Quidditch_Through_the_Ages","/wiki/International_Standard_Book_Number","/wiki/Special:BookSources/1-55192-454-4","#cite_ref-Whisp_2001_41_16-0","#cite_ref-Whisp_2001_41_16-1","#cite_ref-Whisp_2001_41_16-2","#cite_ref-Whisp_2001_41_16-3","#cite_ref-Whisp_2001_41_16-4","/wiki/Quidditch_Through_the_Ages","/wiki/International_Standard_Book_Number","/wiki/Special:BookSources/1-55192-454-4","#cite_ref-Whisp_2001_46_17-0","#cite_ref-Whisp_2001_46_17-1","/wiki/Quidditch_Through_the_Ages","/wiki/International_Standard_Book_Number","/wiki/Special:BookSources/1-55192-454-4","#cite_ref-18","/wiki/Quidditch_Through_the_Ages","/wiki/International_Standard_Book_Number","/wiki/Special:BookSources/1-55192-454-4","#cite_ref-Whisp_2001_45_19-0","/wiki/Quidditch_Through_the_Ages","/wiki/International_Standard_Book_Number","/wiki/Special:BookSources/1-55192-454-4","#cite_ref-preview_20-0","http://www.mugglenet.com/movies/movie6/ejsreview.shtml","/wiki/MuggleNet","http://www.mugglenet.com/movies/movie6/ejsreview.shtml","#cite_ref-21","http://edition.cnn.com/2011/TRAVEL/04/06/wizarding.harry.potter.orlando/?hpt=C2","#cite_ref-22","http://www.uk.unicyclist.com/quidditchrules/rules.html","http://www.uk.unicyclist.com/quidditchrules/rules.html","#cite_ref-23","http://news.bbc.co.uk/1/hi/england/cambridgeshire/4675555.stm","#cite_ref-24","http://www.emerson.edu/news-events/emerson-college-today/emerson-makes-strong-showing-quidditch-world-cup","/wiki/J._K._Rowling","/wiki/Harry_Potter_and_the_Philosopher%27s_Stone","/wiki/Bloomsbury_Publishing","/wiki/Scholastic_Corporation","/wiki/Special:BookSources/0747532699","/wiki/Special:BookSources/0590353403","/wiki/J._K._Rowling","/wiki/Harry_Potter_and_the_Chamber_of_Secrets","/wiki/Bloomsbury_Publishing","/wiki/Scholastic_Corporation","/wiki/Special:BookSources/0747538492","/wiki/Special:BookSources/0439064864","/wiki/J._K._Rowling","/wiki/Minor_characters_associated_with_Quidditch#Kennilworthy_Whisp","/wiki/Quidditch_Through_the_Ages","/wiki/Bloomsbury_Publishing","/wiki/Scholastic_Corporation","/wiki/Special:BookSources/0613329740","/w/index.php?title=Quidditch&action=edit&section=32","//upload.wikimedia.org/wikipedia/en/thumb/4/4a/Commons-logo.svg/30px-Commons-logo.svg.png","//commons.wikimedia.org/wiki/Category:Quidditch","http://www.wikia.com/wiki/c:harrypotter:Quidditch","http://www.wikia.com/wiki/c:harrypotter","/wiki/Template:Harry_Potter","/wiki/Template_talk:Harry_Potter","//en.wikipedia.org/w/index.php?title=Template:Harry_Potter&action=edit","/wiki/Harry_Potter","/wiki/J._K._Rowling","/wiki/Harry_Potter_and_the_Philosopher%27s_Stone","/wiki/Harry_Potter_and_the_Philosopher%27s_Stone_(film)","/wiki/Harry_Potter_and_the_Philosopher%27s_Stone_(soundtrack)","/wiki/Harry_Potter_and_the_Philosopher%27s_Stone_(video_game)","/wiki/Harry_Potter_and_the_Chamber_of_Secrets","/wiki/Harry_Potter_and_the_Chamber_of_Secrets_(film)","/wiki/Harry_Potter_and_the_Chamber_of_Secrets_(soundtrack)","/wiki/Harry_Potter_and_the_Chamber_of_Secrets_(video_game)","/wiki/Harry_Potter_and_the_Prisoner_of_Azkaban","/wiki/Harry_Potter_and_the_Prisoner_of_Azkaban_(film)","/wiki/Harry_Potter_and_the_Prisoner_of_Azkaban_(soundtrack)","/wiki/Harry_Potter_and_the_Prisoner_of_Azkaban_(video_game)","/wiki/Harry_Potter_and_the_Goblet_of_Fire","/wiki/Harry_Potter_and_the_Goblet_of_Fire_(film)","/wiki/Harry_Potter_and_the_Goblet_of_Fire_(soundtrack)","/wiki/Harry_Potter_and_the_Goblet_of_Fire_(video_game)","/wiki/Harry_Potter_and_the_Order_of_the_Phoenix","/wiki/Harry_Potter_and_the_Order_of_the_Phoenix_(film)","/wiki/Harry_Potter_and_the_Order_of_the_Phoenix_(soundtrack)","/wiki/Harry_Potter_and_the_Order_of_the_Phoenix_(video_game)","/wiki/Harry_Potter_and_the_Half-Blood_Prince","/wiki/Harry_Potter_and_the_Half-Blood_Prince_(film)","/wiki/Harry_Potter_and_the_Half-Blood_Prince_(soundtrack)","/wiki/Harry_Potter_and_the_Half-Blood_Prince_(video_game)","/wiki/Harry_Potter_and_the_Deathly_Hallows","/wiki/Harry_Potter_and_the_Deathly_Hallows_%E2%80%93_Part_1","/wiki/Harry_Potter_and_the_Deathly_Hallows_%E2%80%93_Part_2","/wiki/Harry_Potter_and_the_Deathly_Hallows_%E2%80%93_Part_1_(soundtrack)","/wiki/Harry_Potter_and_the_Deathly_Hallows_%E2%80%93_Part_2_(soundtrack)","/wiki/Harry_Potter_and_the_Deathly_Hallows_%E2%80%93_Part_1_(video_game)","/wiki/Harry_Potter_and_the_Deathly_Hallows_%E2%80%93_Part_2_(video_game)","/wiki/List_of_Harry_Potter_characters","/wiki/Harry_Potter_(character)","/wiki/Ron_Weasley","/wiki/Hermione_Granger","/wiki/Lord_Voldemort","/wiki/Albus_Dumbledore","/wiki/Severus_Snape","/wiki/Rubeus_Hagrid","/wiki/Draco_Malfoy","/wiki/List_of_supporting_Harry_Potter_characters","/wiki/Hogwarts_staff","/wiki/Order_of_the_Phoenix_(fiction)","/wiki/Dumbledore%27s_Army","/wiki/Death_Eater","/wiki/Harry_Potter_universe","/wiki/Hogwarts","/wiki/Magic_in_Harry_Potter","/wiki/Magical_creatures_in_Harry_Potter","/wiki/Magical_objects_in_Harry_Potter","/wiki/Ministry_of_Magic","/wiki/Muggle","/wiki/Places_in_Harry_Potter","/wiki/List_of_spells_in_Harry_Potter","/wiki/Fantastic_Beasts_and_Where_to_Find_Them","/wiki/Quidditch_Through_the_Ages","/wiki/The_Tales_of_Beedle_the_Bard","/wiki/Harry_Potter_prequel","/wiki/Pottermore","/wiki/Harry_Potter_(film_series)","/wiki/List_of_Harry_Potter_cast_members","/wiki/Critical_response_to_the_Harry_Potter_films","/wiki/Music_of_the_Harry_Potter_films","/wiki/Production_of_Harry_Potter_and_the_Deathly_Hallows","/wiki/Theatrical_run_of_Harry_Potter_and_the_Deathly_Hallows_%E2%80%93_Part_2","/wiki/Harry_Potter:_Quidditch_World_Cup","/wiki/Lego_Harry_Potter","/wiki/Lego_Creator_Harry_Potter","/wiki/Lego_Harry_Potter:_Years_1%E2%80%934","/wiki/Lego_Harry_Potter:_Years_5%E2%80%937","/wiki/Book_of_Spells","/wiki/Harry_Potter_action_figures","/wiki/Harry_Potter_Trading_Card_Game","/wiki/List_of_Harry_Potter_theme_park_attractions","/wiki/The_Wizarding_World_of_Harry_Potter_(Islands_of_Adventure)","/wiki/Dragon_Challenge","/wiki/Flight_of_the_Hippogriff","/wiki/Harry_Potter_and_the_Forbidden_Journey","/wiki/The_Wizarding_World_of_Harry_Potter_(Universal_Studios_Hollywood)","/wiki/Harry_Potter_and_the_Forbidden_Journey","/wiki/Harry_Potter_Movie_Magic_Experience","/wiki/Warner_Bros._Studio_Tour_London","/wiki/List_of_Harry_Potter_related_topics","/wiki/Harry_Potter_fandom","/wiki/Harry_Potter_influences_and_analogues","/wiki/Legal_disputes_over_the_Harry_Potter_series","/wiki/Parodies_of_Harry_Potter","/wiki/Politics_of_Harry_Potter","/wiki/Religious_debates_over_the_Harry_Potter_series","/wiki/Harry_Potter_in_translation","//upload.wikimedia.org/wikipedia/commons/thumb/8/89/Symbol_book_class2.svg/16px-Symbol_book_class2.svg.png","/wiki/Book:Harry_Potter","//upload.wikimedia.org/wikipedia/en/thumb/4/48/Folder_Hexagonal_Icon.svg/16px-Folder_Hexagonal_Icon.svg.png","/wiki/Category:Harry_Potter","//upload.wikimedia.org/wikipedia/en/thumb/4/4a/Commons-logo.svg/12px-Commons-logo.svg.png","//commons.wikimedia.org/wiki/Category:Harry_Potter","//upload.wikimedia.org/wikipedia/en/thumb/f/fd/Portal-puzzle.svg/16px-Portal-puzzle.svg.png","/wiki/Portal:Harry_Potter","http://en.wikipedia.org/w/index.php?title=Quidditch&oldid=546100087","/wiki/Help:Categories","/wiki/Category:Harry_Potter_universe","/wiki/Category:Fictional_ball_games","/wiki/Category:Articles_that_need_to_differentiate_between_fact_and_fiction_from_February_2012","/wiki/Category:All_articles_that_need_to_differentiate_between_fact_and_fiction","/wiki/Category:Use_British_English_from_August_2011","/wiki/Category:All_articles_with_unsourced_statements","/wiki/Category:Articles_with_unsourced_statements_from_December_2010","/wiki/Category:Commons_category_template_with_no_category_set","/wiki/Category:Use_dmy_dates_from_August_2011","/w/index.php?title=Special:UserLogin&returnto=Quidditch&type=signup","/w/index.php?title=Special:UserLogin&returnto=Quidditch","/wiki/Quidditch","/wiki/Talk:Quidditch","#","/wiki/Quidditch","/w/index.php?title=Quidditch&action=edit","/w/index.php?title=Quidditch&action=history","#","/w/index.php","//bits.wikimedia.org/static-1.21wmf11/skins/vector/images/search-ltr.png?303-4","/wiki/Main_Page","/wiki/Main_Page","/wiki/Portal:Contents","/wiki/Portal:Featured_content","/wiki/Portal:Current_events","/wiki/Special:Random","//donate.wikimedia.org/wiki/Special:FundraiserRedirector?utm_source=donate&utm_medium=sidebar&utm_campaign=C13_en.wikipedia.org&uselang=en","/wiki/Help:Contents","/wiki/Wikipedia:About","/wiki/Wikipedia:Community_portal","/wiki/Special:RecentChanges","/wiki/Wikipedia:Contact_us","/wiki/Special:WhatLinksHere/Quidditch","/wiki/Special:RecentChangesLinked/Quidditch","/wiki/Wikipedia:File_Upload_Wizard","/wiki/Special:SpecialPages","/w/index.php?title=Quidditch&oldid=546100087","/w/index.php?title=Quidditch&action=info","/w/index.php?title=Special:Cite&page=Quidditch&id=546100087","/w/index.php?title=Special:Book&bookcmd=book_creator&referer=Quidditch","/w/index.php?title=Special:Book&bookcmd=render_article&arttitle=Quidditch&oldid=546100087&writer=rl","/w/index.php?title=Quidditch&printable=yes","//ar.wikipedia.org/wiki/%D9%83%D9%88%D9%8A%D8%AF%D8%AA%D8%B4","//bn.wikipedia.org/wiki/%E0%A6%95%E0%A7%81%E0%A6%87%E0%A6%A1%E0%A6%BF%E0%A6%9A","//bg.wikipedia.org/wiki/%D0%9A%D1%83%D0%B8%D0%B4%D0%B8%D1%87","//bs.wikipedia.org/wiki/Metloboj","//ca.wikipedia.org/wiki/Quidditch","//cs.wikipedia.org/wiki/Famfrp%C3%A1l","//da.wikipedia.org/wiki/Quidditch","//de.wikipedia.org/wiki/Begriffe_der_Harry-Potter-Romane#Quidditch","//et.wikipedia.org/wiki/Lendluudpall","//el.wikipedia.org/wiki/%CE%9A%CE%BF%CF%85%CE%AF%CE%BD%CF%84%CE%B9%CF%84%CF%82","//es.wikipedia.org/wiki/Quidditch","//eo.wikipedia.org/wiki/Quidditch","//eu.wikipedia.org/wiki/Quidditch","//fa.wikipedia.org/wiki/%DA%A9%D9%88%DB%8C%DB%8C%D8%AF%DB%8C%DA%86","//fr.wikipedia.org/wiki/Quidditch","//gd.wikipedia.org/wiki/Quidditch","//ko.wikipedia.org/wiki/%ED%80%B4%EB%94%94%EC%B9%98","//hy.wikipedia.org/wiki/%D5%94%D5%BE%D5%AB%D5%A4%D5%AB%D5%B9","//hi.wikipedia.org/wiki/%E0%A4%95%E0%A5%8D%E0%A4%B5%E0%A4%BF%E0%A4%A1%E0%A4%BF%E0%A4%9A","//hr.wikipedia.org/wiki/Metloboj","//id.wikipedia.org/wiki/Quidditch","//is.wikipedia.org/wiki/Quidditch","//it.wikipedia.org/wiki/Quidditch","//he.wikipedia.org/wiki/%D7%A7%D7%95%D7%95%D7%99%D7%93%D7%99%D7%A5%27","//ka.wikipedia.org/wiki/%E1%83%A5%E1%83%95%E1%83%98%E1%83%93%E1%83%98%E1%83%A9%E1%83%98","//lv.wikipedia.org/wiki/Kalambols","//lt.wikipedia.org/wiki/Kvidi%C4%8Das","//hu.wikipedia.org/wiki/Kviddics","//mk.wikipedia.org/wiki/%D0%9A%D0%B2%D0%B8%D0%B4%D0%B8%D1%87","//ms.wikipedia.org/wiki/Quidditch","//nl.wikipedia.org/wiki/Zwerkbal","//ja.wikipedia.org/wiki/%E3%82%AF%E3%82%A3%E3%83%87%E3%82%A3%E3%83%83%E3%83%81","//no.wikipedia.org/wiki/Rumpeldunk","//nn.wikipedia.org/wiki/Rumpeldunk","//pl.wikipedia.org/wiki/Quidditch","//pt.wikipedia.org/wiki/Quadribol","//ru.wikipedia.org/wiki/%D0%9A%D0%B2%D0%B8%D0%B4%D0%B4%D0%B8%D1%87","//sk.wikipedia.org/wiki/Metlobal","//sl.wikipedia.org/wiki/Quidditch","//sr.wikipedia.org/wiki/%D0%9A%D0%B2%D0%B8%D0%B4%D0%B8%D1%87","//sh.wikipedia.org/wiki/Quidditch","//fi.wikipedia.org/wiki/Huispaus","//sv.wikipedia.org/wiki/Quidditch","//th.wikipedia.org/wiki/%E0%B8%84%E0%B8%A7%E0%B8%B4%E0%B8%94%E0%B8%94%E0%B8%B4%E0%B8%8A","//tr.wikipedia.org/wiki/Quidditch","//uk.wikipedia.org/wiki/%D0%9A%D0%B2%D1%96%D0%B4%D0%B8%D1%87","//vi.wikipedia.org/wiki/Quidditch","//bat-smg.wikipedia.org/wiki/Kvidi%C4%8Dos","//zh.wikipedia.org/wiki/%E9%AD%81%E5%9C%B0%E5%A5%87","//www.wikidata.org/wiki/Special:ItemByTitle/enwiki/Quidditch","//en.wikipedia.org/wiki/Wikipedia:Text_of_Creative_Commons_Attribution-ShareAlike_3.0_Unported_License","//creativecommons.org/licenses/by-sa/3.0/","//wikimediafoundation.org/wiki/Terms_of_Use","//www.wikimediafoundation.org/","//en.wikipedia.org/wiki/Wikipedia:Contact_us","//wikimediafoundation.org/wiki/Privacy_policy","/wiki/Wikipedia:About","/wiki/Wikipedia:General_disclaimer","http://en.m.wikipedia.org/wiki/Quidditch","//wikimediafoundation.org/","//bits.wikimedia.org/images/wikimedia-button.png","//www.mediawiki.org/","//bits.wikimedia.org/static-1.21wmf11/skins/common/images/poweredby_mediawiki_88x31.png","//bits.wikimedia.org/en.wikipedia.org/load.php?debug=false&lang=en&modules=skins.vector&only=scripts&skin=vector&*","/w/index.php?title=MediaWiki:Gadget-ReferenceTooltips.js&action=raw&ctype=text/javascript&508635914","//bits.wikimedia.org/en.wikipedia.org/load.php?debug=false&lang=en&modules=site&only=scripts&skin=vector&*"],"instances":["islands_of_adventure","harry_potter","character","harry_potter"],"pdf":[],"categories":["Harry Potter universe","Fictional ball games"],"headings":["Players and equipment","Game progression","Rules","History","Quidditch in the ''Harry Potter'' books","Quidditch in the films and video games","Quodpot","Non-fictional Quidditch","See also","References","External links"],"image":["//upload.wikimedia.org/wikipedia/en/f/f4/Ambox_content.png","//upload.wikimedia.org/wikipedia/en/thumb/3/32/Quidditch_balls.jpg/200px-Quidditch_balls.jpg","//bits.wikimedia.org/static-1.21wmf11/skins/common/images/magnify-clip.png","//upload.wikimedia.org/wikipedia/en/thumb/e/e9/SnitchHP1.jpg/200px-SnitchHP1.jpg","//bits.wikimedia.org/static-1.21wmf11/skins/common/images/magnify-clip.png","//upload.wikimedia.org/wikipedia/en/thumb/9/9a/Stadium_dive.jpg/220px-Stadium_dive.jpg","//bits.wikimedia.org/static-1.21wmf11/skins/common/images/magnify-clip.png","//upload.wikimedia.org/wikipedia/en/thumb/a/ae/Flag_of_the_United_Kingdom.svg/22px-Flag_of_the_United_Kingdom.svg.png","//upload.wikimedia.org/wikipedia/en/thumb/a/ae/Flag_of_the_United_Kingdom.svg/22px-Flag_of_the_United_Kingdom.svg.png","//upload.wikimedia.org/wikipedia/en/thumb/a/ae/Flag_of_the_United_Kingdom.svg/22px-Flag_of_the_United_Kingdom.svg.png","//upload.wikimedia.org/wikipedia/en/thumb/a/ae/Flag_of_the_United_Kingdom.svg/22px-Flag_of_the_United_Kingdom.svg.png","//upload.wikimedia.org/wikipedia/en/thumb/a/ae/Flag_of_the_United_Kingdom.svg/22px-Flag_of_the_United_Kingdom.svg.png","//upload.wikimedia.org/wikipedia/en/thumb/a/ae/Flag_of_the_United_Kingdom.svg/22px-Flag_of_the_United_Kingdom.svg.png","//upload.wikimedia.org/wikipedia/en/thumb/a/ae/Flag_of_the_United_Kingdom.svg/22px-Flag_of_the_United_Kingdom.svg.png","//upload.wikimedia.org/wikipedia/commons/thumb/4/45/Flag_of_Ireland.svg/22px-Flag_of_Ireland.svg.png","//upload.wikimedia.org/wikipedia/en/thumb/a/ae/Flag_of_the_United_Kingdom.svg/22px-Flag_of_the_United_Kingdom.svg.png","//upload.wikimedia.org/wikipedia/en/thumb/a/ae/Flag_of_the_United_Kingdom.svg/22px-Flag_of_the_United_Kingdom.svg.png","//upload.wikimedia.org/wikipedia/en/thumb/a/ae/Flag_of_the_United_Kingdom.svg/22px-Flag_of_the_United_Kingdom.svg.png","//upload.wikimedia.org/wikipedia/en/thumb/a/ae/Flag_of_the_United_Kingdom.svg/22px-Flag_of_the_United_Kingdom.svg.png","//upload.wikimedia.org/wikipedia/en/thumb/a/ae/Flag_of_the_United_Kingdom.svg/22px-Flag_of_the_United_Kingdom.svg.png","//upload.wikimedia.org/wikipedia/en/thumb/b/b9/Flag_of_Australia.svg/22px-Flag_of_Australia.svg.png","//upload.wikimedia.org/wikipedia/en/thumb/b/b9/Flag_of_Australia.svg/22px-Flag_of_Australia.svg.png","//upload.wikimedia.org/wikipedia/commons/thumb/9/9a/Flag_of_Bulgaria.svg/22px-Flag_of_Bulgaria.svg.png","//upload.wikimedia.org/wikipedia/en/thumb/c/cf/Flag_of_Canada.svg/22px-Flag_of_Canada.svg.png","//upload.wikimedia.org/wikipedia/en/thumb/c/cf/Flag_of_Canada.svg/22px-Flag_of_Canada.svg.png","//upload.wikimedia.org/wikipedia/en/thumb/c/cf/Flag_of_Canada.svg/22px-Flag_of_Canada.svg.png","//upload.wikimedia.org/wikipedia/commons/thumb/7/71/Flag_of_Ethiopia.svg/22px-Flag_of_Ethiopia.svg.png","//upload.wikimedia.org/wikipedia/en/thumb/c/c3/Flag_of_France.svg/22px-Flag_of_France.svg.png","//upload.wikimedia.org/wikipedia/en/thumb/b/ba/Flag_of_Germany.svg/22px-Flag_of_Germany.svg.png","//upload.wikimedia.org/wikipedia/en/thumb/9/9e/Flag_of_Japan.svg/22px-Flag_of_Japan.svg.png","//upload.wikimedia.org/wikipedia/commons/thumb/1/11/Flag_of_Lithuania.svg/22px-Flag_of_Lithuania.svg.png","//upload.wikimedia.org/wikipedia/commons/thumb/d/da/Flag_of_Luxembourg.svg/22px-Flag_of_Luxembourg.svg.png","//upload.wikimedia.org/wikipedia/commons/thumb/3/3e/Flag_of_New_Zealand.svg/22px-Flag_of_New_Zealand.svg.png","//upload.wikimedia.org/wikipedia/commons/thumb/d/d9/Flag_of_Norway.svg/22px-Flag_of_Norway.svg.png","//upload.wikimedia.org/wikipedia/commons/thumb/c/cf/Flag_of_Peru.svg/22px-Flag_of_Peru.svg.png","//upload.wikimedia.org/wikipedia/en/thumb/1/12/Flag_of_Poland.svg/22px-Flag_of_Poland.svg.png","//upload.wikimedia.org/wikipedia/commons/thumb/5/5c/Flag_of_Portugal.svg/22px-Flag_of_Portugal.svg.png","//upload.wikimedia.org/wikipedia/en/thumb/a/ae/Flag_of_the_United_Kingdom.svg/22px-Flag_of_the_United_Kingdom.svg.png","//upload.wikimedia.org/wikipedia/commons/thumb/3/38/Flag_of_Tanzania.svg/22px-Flag_of_Tanzania.svg.png","//upload.wikimedia.org/wikipedia/commons/thumb/6/68/Flag_of_Togo.svg/22px-Flag_of_Togo.svg.png","//upload.wikimedia.org/wikipedia/commons/thumb/4/4e/Flag_of_Uganda.svg/22px-Flag_of_Uganda.svg.png","//upload.wikimedia.org/wikipedia/en/thumb/a/a4/Flag_of_the_United_States.svg/22px-Flag_of_the_United_States.svg.png","//upload.wikimedia.org/wikipedia/commons/thumb/5/52/Golden_snitch.JPG/220px-Golden_snitch.JPG","//bits.wikimedia.org/static-1.21wmf11/skins/common/images/magnify-clip.png","//upload.wikimedia.org/wikipedia/commons/thumb/b/b3/Quidditch_Lane%2C_Cambourne.jpg/200px-Quidditch_Lane%2C_Cambourne.jpg","//bits.wikimedia.org/static-1.21wmf11/skins/common/images/magnify-clip.png","//upload.wikimedia.org/wikipedia/commons/thumb/9/9b/HP_-_Harry_Potter_wordmark.svg/26px-HP_-_Harry_Potter_wordmark.svg.png","//upload.wikimedia.org/wikipedia/en/thumb/4/4a/Commons-logo.svg/30px-Commons-logo.svg.png","//upload.wikimedia.org/wikipedia/commons/thumb/8/89/Symbol_book_class2.svg/16px-Symbol_book_class2.svg.png","//upload.wikimedia.org/wikipedia/en/thumb/4/48/Folder_Hexagonal_Icon.svg/16px-Folder_Hexagonal_Icon.svg.png","//upload.wikimedia.org/wikipedia/en/thumb/4/4a/Commons-logo.svg/12px-Commons-logo.svg.png","//upload.wikimedia.org/wikipedia/en/thumb/f/fd/Portal-puzzle.svg/16px-Portal-puzzle.svg.png","//bits.wikimedia.org/static-1.21wmf11/skins/vector/images/search-ltr.png?303-4","//bits.wikimedia.org/images/wikimedia-button.png","//bits.wikimedia.org/static-1.21wmf11/skins/common/images/poweredby_mediawiki_88x31.png"],"tags":[["harry_potter","character"],["katie_bell","harry_potter"],["harry_potter","character"],["katie_bell","harry_potter"],["dean_thomas","harry_potter"],["katie_bell","harry_potter"],["dean_thomas","harry_potter"],["the_wizarding_world_of_harry_potter","islands_of_adventure"]],"members":["the_wizarding_world_of_harry_potter","dean_thomas","harry_potter","katie_bell"],"related":["Harry_Potter_universe","Semi-contact","Association_football","Gryffindor","Hogwarts","Nimbus_2000","Firebolt","Muggle_Quidditch","Hogwarts","Quidditch_World_Cup","The_Golden_Snitch","Tetrahedron","Inertia","Godric's_Hollow","Hummingbird","Baseball_bat","Harry_Potter_(Character)","Lucius_Malfoy","Slytherin","Draco_Malfoy","Atmosphere","Sirius_Black","Atlantic_Ocean","Harry_Potter_and_the_Prisoner_of_Azkaban","Madam_Hooch","Ginny_Weasley","Dolores_Umbridge","Viktor_Krum","Department_of_Magical_Games_and_Sports","Harry_Potter_films","Ice_hockey","Ronald_Weasley","Zacharias_Smith","Marcus_Flint","Dragon","Urinary_bladder","Scotland","Cauldron","Jousting","Pig's_bladder","Barrel","Kent","Money_in_Harry_Potter","Bowman_Wright","Godric's_Hollow","Ravenclaw","Harry_Potter_and_the_Philosopher's_Stone","Harry_Potter_and_the_Chamber_of_Secrets","Gryffindor","Harry_Potter_and_the_Prisoner_of_Azkaban","Harry_Potter_and_the_Goblet_of_Fire","Gryffindor","Harry_Potter_and_the_Order_of_the_Phoenix","Gryffindor","Harry_Potter_and_the_Half-Blood_Prince","Harry_Potter_and_the_Deathly_Hallows","Hogwarts_houses","Angelina_Johnson","Katie_Bell_(Harry_Potter)","Alicia_Spinnet","Fred_Weasley","George_Weasley","Harry_Potter_(character)","Triwizard_Tournament","Ron_Weasley","Angelina_Johnson","Katie_Bell_(Harry_Potter)","Alicia_Spinnet","Fred_Weasley","Jack_Sloper","George_Weasley","Andrew_Kirke","Harry_Potter","Ginny_Weasley","Dolores_Umbridge","Ron_Weasley","Cormac_McLaggen","Ginny_Weasley","Dean_Thomas_(Harry_Potter)","Katie_Bell_(Harry_Potter)","Dean_Thomas_(Harry_Potter)","Demelza_Robins","Ritchie_Coote","Jimmy_Peakes","Harry_Potter","Ginny_Weasley","Albus_Dumbledore","Severus_Snape","Dementors","Appleby,_Lincolnshire","Chudleigh","Falmouth,_Cornwall","Albus_Dumbledore","Tutshill","Wimborne_Minster","Ludo_Bagman","Ballycastle,_County_Antrim","Kenmare","Montrose,_Angus","Portree","Wigtown","Caerphilly","Holyhead","Ginny_Weasley","Thundelarra","Wollongong,_New_South_Wales","Vratsa","Haileybury,_Ontario","Moose_Jaw","Stonewall,_Manitoba","Gimbi","Quiberon","Heidelberg","Toyohashi,_Aichi","Lithuania","Bigonville","Whale_Island,_New_Zealand","Kárášjohka_-_Karasjok","Tarapoto","Grodzisk","Ambiguity","Braga","Portugal","Portugal","Banchory","Sumbawanga","Tchamba","Pader_District","Fitchburg,_Massachusetts","Viktor_Krum","Harry_Potter_and_the_Forbidden_Journey","The_Wizarding_World_of_Harry_Potter_(Islands_of_Adventure)","Islands_of_Adventure","Western_Hemisphere","Unicycle","Cambridgeshire","Polytechnic_School","Emerson_College","List_of_fictional_sports"]}