{"cursor":"33396","size":15,"audio":[],"currentlang":"en","article":"\n\n\n in Portsall'', north-west of Bretagne, France]]\n\nAn 'anchor' is a device, normally made of metal, that is used to connect a\nvessel to the bed of a body of water to prevent the craft from drifting due to\nwind or current. The word derives from Latin ancora, which itself comes from the\nGreek á¼Î³ÎºÏÏÎ± (ankura ). [http://oxforddictionaries.com/definition/anchor\nanchor], on Oxford Dictionaries [http://www.perseus.tufts.edu/hopper/-\ntext?doc=Perseus%3Atext%3A1999.04.0057%3Aentry%3Da%29%2Fgkura á¼Î³ÎºÏÏÎ±], Henry\nGeorge Liddell, Robert Scott, A Greek-English Lexicon, on Perseus\n\nAnchors can either be temporary or permanent. A permanent anchor is used in the\ncreation of a mooring, and is rarely moved; a specialist service is normally\nneeded to move or maintain it. Vessels carry one or more temporary anchors,\nwhich may be of different designs and weights.\n\nA sea anchor is a drogue, not in contact with the seabed, used to control a\ndrifting vessel.\n","linknr":438,"url":"Anchor","recorded":1364177377,"links":["/w/index.php?title=Anchor&action=edit","/w/index.php?title=Anchor&action=edit","//en.wikipedia.org/apple-touch-icon.png","//bits.wikimedia.org/favicon/wikipedia.ico","/w/opensearch_desc.php","//en.wikipedia.org/w/api.php?action=rsd","//creativecommons.org/licenses/by-sa/3.0/","/w/index.php?title=Special:RecentChanges&feed=atom","//bits.wikimedia.org/en.wikipedia.org/load.php?debug=false&lang=en&modules=ext.gadget.DRN-wizard%2CReferenceTooltips%2Ccharinsert%2Cteahouse%7Cext.wikihiero%7Cmediawiki.legacy.commonPrint%2Cshared%7Cmw.PopUpMediaTransform%7Cskins.vector&only=styles&skin=vector&*","//bits.wikimedia.org/en.wikipedia.org/load.php?debug=false&lang=en&modules=site&only=styles&skin=vector&*","//bits.wikimedia.org/en.wikipedia.org/load.php?debug=false&lang=en&modules=startup&only=scripts&skin=vector&*","//bits.wikimedia.org/geoiplookup","//meta.wikimedia.org","#mw-head","#p-search","/wiki/Boat_anchor_(computer_science)","/wiki/Anchor_(disambiguation)","//upload.wikimedia.org/wikipedia/en/thumb/9/99/Question_book-new.svg/50px-Question_book-new.svg.png","//en.wikipedia.org/w/index.php?title=Anchor&action=edit","/wiki/Help:Introduction_to_referencing/1","/wiki/Template:Citation_needed","/wiki/Wikipedia:Verifiability#Burden_of_evidence","/wiki/File:Amoco_Cadiz_anchor.jpg","//upload.wikimedia.org/wikipedia/commons/thumb/4/4f/Amoco_Cadiz_anchor.jpg/200px-Amoco_Cadiz_anchor.jpg","/wiki/File:Amoco_Cadiz_anchor.jpg","//bits.wikimedia.org/static-1.21wmf11/skins/common/images/magnify-clip.png","/wiki/Amoco_Cadiz","/wiki/Brittany_(administrative_region)","/wiki/Watercraft","/wiki/Seabed","/wiki/Leeway","/wiki/Ocean_current","/wiki/Latin","/wiki/Greek_language","#cite_note-1","#cite_note-2","/wiki/Mooring_(watercraft)#Permanent_anchor_mooring","/wiki/Sea_anchor","/wiki/Drogue","#Overview","#Evolution_of_the_anchor","#Admiralty_Pattern","#Stockless_anchor","#Small_boat_anchors","#Grapnel_anchor","#Herreshoff_anchor","#Northill_anchor","#CQR_.28secure.29_plough_anchor","#Delta_anchor","#Danforth_or_fluke_anchor","#Bruce_or_claw_anchor","#Recent_designs","#Other_temporary_anchors","#Permanent_anchors","#Mushroom_anchor","#Deadweight_anchor","#Screw_anchor","#Anchoring_gear","#Anchoring_techniques","#Using_an_anchor_weight.2C_kellet_or_sentinel","#Forked_moor","#Bow_and_stern","#Bahamian_moor","#Backing_an_anchor","#Kedging","#Club_hauling","#In_heraldry","#See_also","#Notes","#Bibliography","#External_links","/w/index.php?title=Anchor&action=edit&section=1","/wiki/File:Stockless_anchor_2_NT.PNG","//upload.wikimedia.org/wikipedia/commons/thumb/9/93/Stockless_anchor_2_NT.PNG/220px-Stockless_anchor_2_NT.PNG","/wiki/File:Stockless_anchor_2_NT.PNG","//bits.wikimedia.org/static-1.21wmf11/skins/common/images/magnify-clip.png","/wiki/Seabed","/w/index.php?title=Anchor_rode&action=edit&redlink=1","/wiki/Chain","/wiki/Cable","/wiki/Rope","/w/index.php?title=Anchor&action=edit&section=2","/wiki/Bronze_Age","#cite_note-3","/w/index.php?title=Anchor&action=edit&section=3","/wiki/File:Admiralty_anchor.JPG","//upload.wikimedia.org/wikipedia/commons/thumb/b/b3/Admiralty_anchor.JPG/220px-Admiralty_anchor.JPG","/wiki/File:Admiralty_anchor.JPG","//bits.wikimedia.org/static-1.21wmf11/skins/common/images/magnify-clip.png","/wiki/Admiralty","/wiki/Shackle","/wiki/Hawsepipe","/wiki/Cathead","/w/index.php?title=Anchor&action=edit&section=4","/wiki/File:Anchor,_England_-_scan01.jpg","//upload.wikimedia.org/wikipedia/commons/thumb/1/10/Anchor%2C_England_-_scan01.jpg/220px-Anchor%2C_England_-_scan01.jpg","/wiki/File:Anchor,_England_-_scan01.jpg","//bits.wikimedia.org/static-1.21wmf11/skins/common/images/magnify-clip.png","/wiki/File:Stockless_anchor_1_NT.PNG","//upload.wikimedia.org/wikipedia/commons/thumb/4/4d/Stockless_anchor_1_NT.PNG/220px-Stockless_anchor_1_NT.PNG","/wiki/File:Stockless_anchor_1_NT.PNG","//bits.wikimedia.org/static-1.21wmf11/skins/common/images/magnify-clip.png","/w/index.php?title=Anchor&action=edit&section=5","/wiki/Grapnels","/w/index.php?title=Anchor&action=edit&section=6","/w/index.php?title=Anchor&action=edit&section=7","/wiki/Lewis_Francis_Herreshoff","/w/index.php?title=Anchor&action=edit&section=8","/w/index.php?title=Anchor&action=edit&section=9","/wiki/File:Genuine_CQR.jpg","//upload.wikimedia.org/wikipedia/commons/thumb/f/fd/Genuine_CQR.jpg/220px-Genuine_CQR.jpg","/wiki/File:Genuine_CQR.jpg","//bits.wikimedia.org/static-1.21wmf11/skins/common/images/magnify-clip.png","/wiki/Plough","/wiki/Plowshare","/wiki/United_Kingdom","#cite_note-4","/wiki/Geoffrey_Ingram_Taylor","#cite_note-5","/w/index.php?title=Anchor&action=edit&section=10","#cite_note-6","/w/index.php?title=Anchor&action=edit&section=11","/wiki/File:Fluke_anchor-1-.gif","//upload.wikimedia.org/wikipedia/commons/7/75/Fluke_anchor-1-.gif","/wiki/File:Fluke_anchor-1-.gif","//bits.wikimedia.org/static-1.21wmf11/skins/common/images/magnify-clip.png","/wiki/Landing_craft","#cite_note-7","#cite_note-8","#cite_note-9","#cite_note-10","/w/index.php?title=Anchor&action=edit&section=12","/wiki/File:Genuine_Bruce_anchor.jpg","//upload.wikimedia.org/wikipedia/en/thumb/3/38/Genuine_Bruce_anchor.jpg/220px-Genuine_Bruce_anchor.jpg","/wiki/File:Genuine_Bruce_anchor.jpg","//bits.wikimedia.org/static-1.21wmf11/skins/common/images/magnify-clip.png","/wiki/Isle_of_Man","#cite_note-11","/wiki/Wikipedia:Citation_needed","/w/index.php?title=Anchor&action=edit&section=13","/wiki/File:Genuine_Rocna.jpg","//upload.wikimedia.org/wikipedia/commons/thumb/6/65/Genuine_Rocna.jpg/220px-Genuine_Rocna.jpg","/wiki/File:Genuine_Rocna.jpg","//bits.wikimedia.org/static-1.21wmf11/skins/common/images/magnify-clip.png","/wiki/Patent","#cite_note-12","#cite_note-13","#cite_note-14","#cite_note-15","/w/index.php?title=Anchor&action=edit&section=14","/wiki/Norfolk_Broads","/w/index.php?title=Anchor&action=edit&section=15","/wiki/Lightvessel","/wiki/Buoy","/wiki/Storm","/w/index.php?title=Anchor&action=edit&section=16","/wiki/File:Portsmouth_with_mushroom_anchor.jpg","//upload.wikimedia.org/wikipedia/commons/thumb/9/9b/Portsmouth_with_mushroom_anchor.jpg/220px-Portsmouth_with_mushroom_anchor.jpg","/wiki/File:Portsmouth_with_mushroom_anchor.jpg","//bits.wikimedia.org/static-1.21wmf11/skins/common/images/magnify-clip.png","/wiki/Lightvessel","/wiki/Virginia","/wiki/Robert_Stevenson_(civil_engineer)","/wiki/Lightvessel","/wiki/Inchcape","/wiki/Bell_Rock_Lighthouse","http://www.acegroup.com/us-en/assets/moorings.pdf","/w/index.php?title=Anchor&action=edit&section=17","/w/index.php?title=Anchor&action=edit&section=18","/w/index.php?title=Anchor&action=edit&section=19","/wiki/File:AS_HMAS_Canberra_1.jpg","//upload.wikimedia.org/wikipedia/commons/thumb/f/f6/AS_HMAS_Canberra_1.jpg/200px-AS_HMAS_Canberra_1.jpg","/wiki/File:AS_HMAS_Canberra_1.jpg","//bits.wikimedia.org/static-1.21wmf11/skins/common/images/magnify-clip.png","/wiki/HMAS_Canberra_(1927)","/wiki/Canberra","/wiki/Warping_(sailing)","/wiki/Mooring_(watercraft)","#cite_note-16","#cite_note-17","#cite_note-18","/w/index.php?title=Anchor&action=edit&section=20","/wiki/File:Polarstern_anchor-winch_hg.jpg","//upload.wikimedia.org/wikipedia/commons/thumb/7/7a/Polarstern_anchor-winch_hg.jpg/220px-Polarstern_anchor-winch_hg.jpg","/wiki/File:Polarstern_anchor-winch_hg.jpg","//bits.wikimedia.org/static-1.21wmf11/skins/common/images/magnify-clip.png","/wiki/RV_Polarstern","/wiki/File:Chain_markers.jpg","//upload.wikimedia.org/wikipedia/en/thumb/2/27/Chain_markers.jpg/220px-Chain_markers.jpg","/wiki/File:Chain_markers.jpg","//bits.wikimedia.org/static-1.21wmf11/skins/common/images/magnify-clip.png","/w/index.php?title=Anchor&action=edit&section=21","#cite_note-19","/w/index.php?title=Anchor&action=edit&section=22","/w/index.php?title=Anchor&action=edit&section=23","/w/index.php?title=Anchor&action=edit&section=24","/w/index.php?title=Anchor&action=edit&section=25","/w/index.php?title=Anchor&action=edit&section=26","/wiki/File:%D0%9F%D0%B0%D0%BC%D1%8F%D1%82%D0%BD%D0%B8%D0%BA_%D0%9F%D0%B5%D1%82%D1%80%D1%83_1.JPG","//upload.wikimedia.org/wikipedia/commons/thumb/5/58/%D0%9F%D0%B0%D0%BC%D1%8F%D1%82%D0%BD%D0%B8%D0%BA_%D0%9F%D0%B5%D1%82%D1%80%D1%83_1.JPG/250px-%D0%9F%D0%B0%D0%BC%D1%8F%D1%82%D0%BD%D0%B8%D0%BA_%D0%9F%D0%B5%D1%82%D1%80%D1%83_1.JPG","/wiki/File:%D0%9F%D0%B0%D0%BC%D1%8F%D1%82%D0%BD%D0%B8%D0%BA_%D0%9F%D0%B5%D1%82%D1%80%D1%83_1.JPG","//bits.wikimedia.org/static-1.21wmf11/skins/common/images/magnify-clip.png","/wiki/Voronezh","/wiki/Warping_(sailing)","/w/index.php?title=Anchor&action=edit&section=27","#cite_note-20","#cite_note-21","/w/index.php?title=Anchor&action=edit&section=28","/wiki/File:Triple_Entente.jpg","//upload.wikimedia.org/wikipedia/commons/thumb/0/0c/Triple_Entente.jpg/150px-Triple_Entente.jpg","/wiki/File:Triple_Entente.jpg","//bits.wikimedia.org/static-1.21wmf11/skins/common/images/magnify-clip.png","/wiki/Triple_Entente","/wiki/British_Empire","/wiki/Anchored_Cross","/wiki/Cross#As_emblems_and_symbols","/wiki/Pope_Clement_I","/wiki/Black_Sea","/wiki/Coat_of_arms","/wiki/Heraldry","/w/index.php?title=Anchor&action=edit&section=29","/wiki/Fouled_anchor","/wiki/History_of_the_anchor","/wiki/Anchor_coinage","/wiki/Sea_anchor","/w/index.php?title=Anchor&action=edit&section=30","#cite_ref-1","http://oxforddictionaries.com/definition/anchor","#cite_ref-2","http://www.perseus.tufts.edu/hopper/text?doc=Perseus%3Atext%3A1999.04.0057%3Aentry%3Da%29%2Fgkura","#cite_ref-3","/wiki/Special:BookSources/9780415026352","#cite_ref-4","http://worldwide.espacenet.com/textdoc?DB=EPODOC&IDX=us1974933","#cite_ref-5","/wiki/Geoffrey_Ingram_Taylor","/wiki/Digital_object_identifier","http://dx.doi.org/10.1017%2FS0022112086001040","#cite_ref-6","http://www.petersmith.net.nz/boat-anchors/old-generation-anchors.php","#cite_ref-7","#cite_ref-8","http://books.google.com/books?id=NB4uFQuUlnEC&pg=PA312&lpg=PA312","/wiki/International_Standard_Book_Number","/wiki/Special:BookSources/978-1-57409-093-2","#cite_ref-9","#cite_ref-10","#cite_ref-11","http://www.google.com/patents?vid=4397256","#cite_ref-12","/wiki/Special:BookSources/0071475087","#cite_ref-13","#cite_ref-14","/wiki/Special:BookSources/2914423462","#cite_ref-15","#cite_ref-16","http://www.wordnik.com/words/stream-anchor","#cite_ref-17","http://www.worldwidewords.org/weirdwords/ww-kil1.htm","#cite_ref-18","http://www.pussers.com/scuttlebutt/view/33","#cite_ref-19","/wiki/Special:BookSources/0870333488","#cite_ref-20","http://www.sjohistoriskasamfundet.se/LB/Nautica/Seamanship/Liardet/Liardet%281849%29_p72.html","#cite_ref-21","http://www.psych.usyd.edu.au/vbb/woronora/maritime/working.html","/w/index.php?title=Anchor&action=edit&section=31","/wiki/Special:BookSources/9780981517100","/wiki/Special:BookSources/0877429650","/wiki/Special:BookSources/0870335391","/wiki/Special:BookSources/019217522X","/wiki/Special:BookSources/0964603624","/wiki/Special:BookSources/0671674471","/w/index.php?title=Anchor&action=edit&section=32","//upload.wikimedia.org/wikipedia/en/thumb/4/4a/Commons-logo.svg/30px-Commons-logo.svg.png","//commons.wikimedia.org/wiki/Anchor","//upload.wikimedia.org/wikipedia/commons/thumb/f/f8/Wiktionary-logo-en.svg/37px-Wiktionary-logo-en.svg.png","//en.wiktionary.org/wiki/anchor","http://www.rocna.com/assets/Uploads/press0610wmsailtestingv2.pdf","http://www.practical-sailor.com/newspics/charts/29-23-Anchor.pdf","http://www.sailingthedream.com/Davey-Waikiki-Hawaii-Pink-Striped-Piece.html","http://www.biganchorproject.com/","/wiki/Template:Sailing_ship_elements","/wiki/Template_talk:Sailing_ship_elements","//en.wikipedia.org/w/index.php?title=Template:Sailing_ship_elements&action=edit","/wiki/Sailing_ship","/wiki/Aftercastle","/wiki/Anchor_windlass","/wiki/Beakhead","/wiki/Bilge","/wiki/Bilgeboard","/wiki/Boom_brake","/wiki/Bow_(ship)","/wiki/Bowsprit","/wiki/Capstan_(nautical)","/wiki/Cathead","/wiki/Centreboard","/wiki/Chains_(nautical)","/wiki/Cockpit_(sailing)","/wiki/Crow%27s_nest","/wiki/Daggerboard","/wiki/Deck_(ship)","/wiki/Figurehead_(object)","/wiki/Forecastle","/wiki/Gangway_(nautical)","/wiki/Gunwale","/wiki/Head_(watercraft)","/wiki/Hull_(watercraft)","/wiki/Jackline","/wiki/Jibboom","/wiki/Keel","/wiki/Canting_keel","/wiki/Kelson","/wiki/Leeboard","/wiki/Mast_(sailing)","/wiki/Orlop","/wiki/Poop_deck","/wiki/Prow","/wiki/Quarter_gallery","/wiki/Quarterdeck","/wiki/Rudder","/wiki/Ship%27s_wheel","/wiki/Skeg","/wiki/Stem_(ship)","/wiki/Stern","/wiki/Sternpost","/wiki/Strake","/wiki/Tiller","/wiki/Top_(sailing_ship)","/wiki/Transom_(nautical)","/wiki/Whipstaff","/wiki/Winch","http://en.wikipedia.org/w/index.php?title=Anchor&oldid=545018915","/wiki/Help:Categories","/wiki/Category:Watercraft_components","/wiki/Category:Articles_needing_additional_references_from_December_2011","/wiki/Category:All_articles_needing_additional_references","/wiki/Category:All_articles_with_unsourced_statements","/wiki/Category:Articles_with_unsourced_statements_from_October_2012","/w/index.php?title=Special:UserLogin&returnto=Anchor&type=signup","/w/index.php?title=Special:UserLogin&returnto=Anchor","/wiki/Anchor","/wiki/Talk:Anchor","#","/wiki/Anchor","/w/index.php?title=Anchor&action=edit","/w/index.php?title=Anchor&action=history","#","/w/index.php","//bits.wikimedia.org/static-1.21wmf11/skins/vector/images/search-ltr.png?303-4","/wiki/Main_Page","/wiki/Main_Page","/wiki/Portal:Contents","/wiki/Portal:Featured_content","/wiki/Portal:Current_events","/wiki/Special:Random","//donate.wikimedia.org/wiki/Special:FundraiserRedirector?utm_source=donate&utm_medium=sidebar&utm_campaign=C13_en.wikipedia.org&uselang=en","/wiki/Help:Contents","/wiki/Wikipedia:About","/wiki/Wikipedia:Community_portal","/wiki/Special:RecentChanges","/wiki/Wikipedia:Contact_us","/wiki/Special:WhatLinksHere/Anchor","/wiki/Special:RecentChangesLinked/Anchor","/wiki/Wikipedia:File_Upload_Wizard","/wiki/Special:SpecialPages","/w/index.php?title=Anchor&oldid=545018915","/w/index.php?title=Anchor&action=info","/w/index.php?title=Special:Cite&page=Anchor&id=545018915","/w/index.php?title=Special:Book&bookcmd=book_creator&referer=Anchor","/w/index.php?title=Special:Book&bookcmd=render_article&arttitle=Anchor&oldid=545018915&writer=rl","/w/index.php?title=Anchor&printable=yes","//ar.wikipedia.org/wiki/%D9%85%D8%B1%D8%B3%D8%A7%D8%A9","//be.wikipedia.org/wiki/%D0%AF%D0%BA%D0%B0%D1%80","//bg.wikipedia.org/wiki/%D0%9A%D0%BE%D1%82%D0%B2%D0%B0","//bs.wikipedia.org/wiki/Sidro","//ca.wikipedia.org/wiki/%C3%80ncora","//cs.wikipedia.org/wiki/Kotva","//cy.wikipedia.org/wiki/Angor","//da.wikipedia.org/wiki/Anker_(s%C3%B8fart)","//de.wikipedia.org/wiki/Anker","//et.wikipedia.org/wiki/Ankur","//el.wikipedia.org/wiki/%CE%86%CE%B3%CE%BA%CF%85%CF%81%CE%B1_%CF%80%CE%BB%CE%BF%CE%AF%CE%BF%CF%85","//es.wikipedia.org/wiki/Ancla","//eo.wikipedia.org/wiki/Ankro_(%C5%9Dipo)","//eu.wikipedia.org/wiki/Aingura","//fa.wikipedia.org/wiki/%D9%84%D9%86%DA%AF%D8%B1","//fr.wikipedia.org/wiki/Ancre_(mouillage)","//gd.wikipedia.org/wiki/Acair","//gl.wikipedia.org/wiki/%C3%81ncora","//ko.wikipedia.org/wiki/%EB%8B%BB","//hr.wikipedia.org/wiki/Sidro","//io.wikipedia.org/wiki/Ankro","//id.wikipedia.org/wiki/Jangkar","//it.wikipedia.org/wiki/%C3%80ncora","//he.wikipedia.org/wiki/%D7%A2%D7%95%D7%92%D7%9F","//sw.wikipedia.org/wiki/Nanga","//ku.wikipedia.org/wiki/Lenger","//la.wikipedia.org/wiki/Ancora","//lv.wikipedia.org/wiki/Enkurs","//lt.wikipedia.org/wiki/Inkaras","//ln.wikipedia.org/wiki/L%C3%B3ngo","//hu.wikipedia.org/wiki/Horgony","//ml.wikipedia.org/wiki/%E0%B4%A8%E0%B4%99%E0%B5%8D%E0%B4%95%E0%B5%82%E0%B4%B0%E0%B4%82","//ms.wikipedia.org/wiki/Sauh","//nl.wikipedia.org/wiki/Anker_(schip)","//ja.wikipedia.org/wiki/%E9%8C%A8","//no.wikipedia.org/wiki/Anker","//pl.wikipedia.org/wiki/Kotwica","//pt.wikipedia.org/wiki/%C3%82ncora","//ro.wikipedia.org/wiki/Ancor%C4%83","//ru.wikipedia.org/wiki/%D0%AF%D0%BA%D0%BE%D1%80%D1%8C","//scn.wikipedia.org/wiki/%C3%80ncura","//simple.wikipedia.org/wiki/Anchor","//sk.wikipedia.org/wiki/Lodn%C3%A1_kotva","//fi.wikipedia.org/wiki/Ankkuri","//sv.wikipedia.org/wiki/Ankare","//te.wikipedia.org/wiki/%E0%B0%B2%E0%B0%82%E0%B0%97%E0%B0%B0%E0%B1%81","//tr.wikipedia.org/wiki/%C3%87%C4%B1pa","//uk.wikipedia.org/wiki/%D0%AF%D0%BA%D1%96%D1%80","//zh.wikipedia.org/wiki/%E9%94%9A","//www.wikidata.org/wiki/Special:ItemByTitle/enwiki/Anchor","//en.wikipedia.org/wiki/Wikipedia:Text_of_Creative_Commons_Attribution-ShareAlike_3.0_Unported_License","//creativecommons.org/licenses/by-sa/3.0/","//wikimediafoundation.org/wiki/Terms_of_Use","//www.wikimediafoundation.org/","//en.wikipedia.org/wiki/Wikipedia:Contact_us","//wikimediafoundation.org/wiki/Privacy_policy","/wiki/Wikipedia:About","/wiki/Wikipedia:General_disclaimer","http://en.m.wikipedia.org/wiki/Anchor","//wikimediafoundation.org/","//bits.wikimedia.org/images/wikimedia-button.png","//www.mediawiki.org/","//bits.wikimedia.org/static-1.21wmf11/skins/common/images/poweredby_mediawiki_88x31.png","//bits.wikimedia.org/en.wikipedia.org/load.php?debug=false&lang=en&modules=skins.vector&only=scripts&skin=vector&*","/w/index.php?title=MediaWiki:Gadget-ReferenceTooltips.js&action=raw&ctype=text/javascript&508635914","//bits.wikimedia.org/en.wikipedia.org/load.php?debug=false&lang=en&modules=site&only=scripts&skin=vector&*"],"instances":["watercraft","sailing","administrative_region","civil_engineer"],"pdf":["http://www.acegroup.com/us-en/assets/moorings.pdf","http://www.rocna.com/assets/Uploads/press0610wmsailtestingv2.pdf","http://www.practical-sailor.com/newspics/charts/29-23-Anchor.pdf"],"categories":["Watercraft components"],"headings":["Overview","Evolution of the anchor","Small boat anchors","Permanent anchors","Anchoring gear","Anchoring techniques","In heraldry","See also","Notes","Bibliography","External links"],"image":["//upload.wikimedia.org/wikipedia/en/thumb/9/99/Question_book-new.svg/50px-Question_book-new.svg.png","//upload.wikimedia.org/wikipedia/commons/thumb/4/4f/Amoco_Cadiz_anchor.jpg/200px-Amoco_Cadiz_anchor.jpg","//bits.wikimedia.org/static-1.21wmf11/skins/common/images/magnify-clip.png","//upload.wikimedia.org/wikipedia/commons/thumb/9/93/Stockless_anchor_2_NT.PNG/220px-Stockless_anchor_2_NT.PNG","//bits.wikimedia.org/static-1.21wmf11/skins/common/images/magnify-clip.png","//upload.wikimedia.org/wikipedia/commons/thumb/b/b3/Admiralty_anchor.JPG/220px-Admiralty_anchor.JPG","//bits.wikimedia.org/static-1.21wmf11/skins/common/images/magnify-clip.png","//upload.wikimedia.org/wikipedia/commons/thumb/1/10/Anchor%2C_England_-_scan01.jpg/220px-Anchor%2C_England_-_scan01.jpg","//bits.wikimedia.org/static-1.21wmf11/skins/common/images/magnify-clip.png","//upload.wikimedia.org/wikipedia/commons/thumb/4/4d/Stockless_anchor_1_NT.PNG/220px-Stockless_anchor_1_NT.PNG","//bits.wikimedia.org/static-1.21wmf11/skins/common/images/magnify-clip.png","//upload.wikimedia.org/wikipedia/commons/thumb/f/fd/Genuine_CQR.jpg/220px-Genuine_CQR.jpg","//bits.wikimedia.org/static-1.21wmf11/skins/common/images/magnify-clip.png","//upload.wikimedia.org/wikipedia/commons/7/75/Fluke_anchor-1-.gif","//bits.wikimedia.org/static-1.21wmf11/skins/common/images/magnify-clip.png","//upload.wikimedia.org/wikipedia/en/thumb/3/38/Genuine_Bruce_anchor.jpg/220px-Genuine_Bruce_anchor.jpg","//bits.wikimedia.org/static-1.21wmf11/skins/common/images/magnify-clip.png","//upload.wikimedia.org/wikipedia/commons/thumb/6/65/Genuine_Rocna.jpg/220px-Genuine_Rocna.jpg","//bits.wikimedia.org/static-1.21wmf11/skins/common/images/magnify-clip.png","//upload.wikimedia.org/wikipedia/commons/thumb/9/9b/Portsmouth_with_mushroom_anchor.jpg/220px-Portsmouth_with_mushroom_anchor.jpg","//bits.wikimedia.org/static-1.21wmf11/skins/common/images/magnify-clip.png","//upload.wikimedia.org/wikipedia/commons/thumb/f/f6/AS_HMAS_Canberra_1.jpg/200px-AS_HMAS_Canberra_1.jpg","//bits.wikimedia.org/static-1.21wmf11/skins/common/images/magnify-clip.png","//upload.wikimedia.org/wikipedia/commons/thumb/7/7a/Polarstern_anchor-winch_hg.jpg/220px-Polarstern_anchor-winch_hg.jpg","//bits.wikimedia.org/static-1.21wmf11/skins/common/images/magnify-clip.png","//upload.wikimedia.org/wikipedia/en/thumb/2/27/Chain_markers.jpg/220px-Chain_markers.jpg","//bits.wikimedia.org/static-1.21wmf11/skins/common/images/magnify-clip.png","//upload.wikimedia.org/wikipedia/commons/thumb/5/58/%D0%9F%D0%B0%D0%BC%D1%8F%D1%82%D0%BD%D0%B8%D0%BA_%D0%9F%D0%B5%D1%82%D1%80%D1%83_1.JPG/250px-%D0%9F%D0%B0%D0%BC%D1%8F%D1%82%D0%BD%D0%B8%D0%BA_%D0%9F%D0%B5%D1%82%D1%80%D1%83_1.JPG","//bits.wikimedia.org/static-1.21wmf11/skins/common/images/magnify-clip.png","//upload.wikimedia.org/wikipedia/commons/thumb/0/0c/Triple_Entente.jpg/150px-Triple_Entente.jpg","//bits.wikimedia.org/static-1.21wmf11/skins/common/images/magnify-clip.png","//upload.wikimedia.org/wikipedia/en/thumb/4/4a/Commons-logo.svg/30px-Commons-logo.svg.png","//upload.wikimedia.org/wikipedia/commons/thumb/f/f8/Wiktionary-logo-en.svg/37px-Wiktionary-logo-en.svg.png","//bits.wikimedia.org/static-1.21wmf11/skins/vector/images/search-ltr.png?303-4","//bits.wikimedia.org/images/wikimedia-button.png","//bits.wikimedia.org/static-1.21wmf11/skins/common/images/poweredby_mediawiki_88x31.png"],"tags":[["brittany","administrative_region"],["mooring","watercraft#permanent_anchor_mooring"],["robert_stevenson","civil_engineer"],["warping","sailing"],["mooring","watercraft"]],"members":["mooring","warping","brittany","robert_stevenson"],"related":["Brittany_(administrative_region)","Watercraft","Seabed","Leeway","Ocean_current","Latin","Greek_language","Sea_anchor","Drogue","Seabed","Anchor_rode","Chain","Cable","Rope","Bronze_Age","Admiralty","Shackle","Hawsepipe","Cathead","Grapnels","Lewis_Francis_Herreshoff","Plough","Plowshare","United_Kingdom","Geoffrey_Ingram_Taylor","Landing_craft","Isle_of_Man","Patent","Norfolk_Broads","Lightvessel","Buoy","Storm","Virginia","Robert_Stevenson_(civil_engineer)","Lightvessel","Inchcape","Bell_Rock_Lighthouse","Canberra","Warping_(sailing)","Mooring_(watercraft)","British_Empire","Anchored_Cross","Pope_Clement_I","Black_Sea","Coat_of_arms","Heraldry","Fouled_anchor","History_of_the_anchor","Anchor_coinage","Sea_anchor"]}