{"cursor":"7482","size":15,"audio":[],"currentlang":"en","article":"{{Infobox settlement  |government_footnotes = |government_type = |leader_title = |leader_name =\n|leader_title1 = \n|leader_name1 = |leader_title2 = |leader_name2 = |leader_title3 = |leader_name3\n= |leader_title4 = |leader_name4 = |established_title = \n|established_date = |established_title2 = \n|established_date2 = |established_title3 = \n|established_date3 =  tags--> |elevation_m = 58 |elevation_ft = 190 ","linknr":160,"url":"Nicholls,_Georgia","recorded":1364196914,"links":["/w/index.php?title=Nicholls,_Georgia&action=edit","/w/index.php?title=Nicholls,_Georgia&action=edit","//en.wikipedia.org/apple-touch-icon.png","//bits.wikimedia.org/favicon/wikipedia.ico","/w/opensearch_desc.php","//en.wikipedia.org/w/api.php?action=rsd","//creativecommons.org/licenses/by-sa/3.0/","/w/index.php?title=Special:RecentChanges&feed=atom","//bits.wikimedia.org/en.wikipedia.org/load.php?debug=false&lang=en&modules=ext.gadget.DRN-wizard%2CReferenceTooltips%2Ccharinsert%2Cteahouse%7Cext.wikihiero%7Cmediawiki.legacy.commonPrint%2Cshared%7Cmw.PopUpMediaTransform%7Cskins.vector&only=styles&skin=vector&*","//bits.wikimedia.org/en.wikipedia.org/load.php?debug=false&lang=en&modules=site&only=styles&skin=vector&*","//bits.wikimedia.org/en.wikipedia.org/load.php?debug=false&lang=en&modules=startup&only=scripts&skin=vector&*","//bits.wikimedia.org/geoiplookup","//meta.wikimedia.org","#mw-head","#p-search","/wiki/City","/wiki/File:Coffee_County_Georgia_Incorporated_and_Unincorporated_areas_Nicholls_Highlighted.svg","//upload.wikimedia.org/wikipedia/commons/thumb/4/41/Coffee_County_Georgia_Incorporated_and_Unincorporated_areas_Nicholls_Highlighted.svg/250px-Coffee_County_Georgia_Incorporated_and_Unincorporated_areas_Nicholls_Highlighted.svg.png","/wiki/Coffee_County,_Georgia","/wiki/Georgia_(U.S._state)","http://toolserver.org/~geohack/geohack.php?pagename=Nicholls,_Georgia&params=31_31_1_N_82_38_16_W_region:US_type:city","/wiki/Geographic_coordinate_system","http://toolserver.org/~geohack/geohack.php?pagename=Nicholls,_Georgia&params=31_31_1_N_82_38_16_W_region:US_type:city","/wiki/List_of_countries","/wiki/United_States","/wiki/Political_divisions_of_the_United_States","/wiki/Georgia_(U.S._state)","/wiki/List_of_counties_in_Georgia_(U.S._state)","/wiki/Coffee_County,_Georgia","/wiki/Time_zone","/wiki/North_American_Eastern_Time_Zone","/wiki/UTC-5","/wiki/Daylight_saving_time","/wiki/UTC-4","/wiki/ZIP_code","/wiki/Telephone_numbering_plan","/wiki/Area_code_912","/wiki/Federal_Information_Processing_Standard","#cite_note-GR2-1","/wiki/Geographic_Names_Information_System","#cite_note-GR3-2","/wiki/Coffee_County,_Georgia","/wiki/Georgia_(U.S._state)","/wiki/United_States","#Geography","#Demographics","#Arena","#References","/w/index.php?title=Nicholls,_Georgia&action=edit&section=1","http://toolserver.org/~geohack/geohack.php?pagename=Nicholls,_Georgia&params=31_31_1_N_82_38_16_W_type:city","#cite_note-GR1-3","/wiki/United_States_Census_Bureau","/w/index.php?title=Nicholls,_Georgia&action=edit&section=2","/wiki/Census","#cite_note-GR2-1","/wiki/Population_density","/wiki/White_(U.S._Census)","/wiki/African_American_(U.S._Census)","/wiki/Native_American_(U.S._Census)","/wiki/Asian_(U.S._Census)","/wiki/Race_(United_States_Census)","/wiki/Hispanic_(U.S._Census)","/wiki/Latino_(U.S._Census)","/wiki/Marriage","/wiki/Per_capita_income","/wiki/Poverty_line","/w/index.php?title=Nicholls,_Georgia&action=edit&section=3","/wiki/Wikipedia:Citation_needed","/w/index.php?title=Nicholls,_Georgia&action=edit&section=4","#cite_ref-GR2_1-0","#cite_ref-GR2_1-1","http://factfinder.census.gov","/wiki/United_States_Census_Bureau","http://factfinder.census.gov","#cite_ref-GR3_2-0","http://geonames.usgs.gov","/wiki/United_States_Geological_Survey","http://geonames.usgs.gov","#cite_ref-GR1_3-0","http://www.census.gov/geo/www/gazetteer/gazette.html","/wiki/United_States_Census_Bureau","http://www.census.gov/geo/www/gazetteer/gazette.html","/wiki/Template:Coffee_County,_Georgia","/wiki/Template_talk:Coffee_County,_Georgia","//en.wikipedia.org/w/index.php?title=Template:Coffee_County,_Georgia&action=edit","/wiki/Coffee_County,_Georgia","/wiki/County_seat","/wiki/Douglas,_Georgia","/wiki/City","/wiki/Ambrose,_Georgia","/wiki/Broxton,_Georgia","/wiki/Douglas,_Georgia","//upload.wikimedia.org/wikipedia/commons/thumb/7/7a/Map_of_Georgia_highlighting_Coffee_County.svg/86px-Map_of_Georgia_highlighting_Coffee_County.svg.png","/wiki/Unincorporated_area","/wiki/Sapps_Still,_Georgia","/wiki/West_Green,_Georgia","http://en.wikipedia.org/w/index.php?title=Nicholls,_Georgia&oldid=543010184","/wiki/Help:Categories","/wiki/Category:Cities_in_Georgia_(U.S._state)","/wiki/Category:Populated_places_in_Coffee_County,_Georgia","/wiki/Category:All_articles_with_unsourced_statements","/wiki/Category:Articles_with_unsourced_statements_from_November_2007","/w/index.php?title=Special:UserLogin&returnto=Nicholls%2C+Georgia&type=signup","/w/index.php?title=Special:UserLogin&returnto=Nicholls%2C+Georgia","/wiki/Nicholls,_Georgia","/wiki/Talk:Nicholls,_Georgia","#","/wiki/Nicholls,_Georgia","/w/index.php?title=Nicholls,_Georgia&action=edit","/w/index.php?title=Nicholls,_Georgia&action=history","#","/w/index.php","//bits.wikimedia.org/static-1.21wmf11/skins/vector/images/search-ltr.png?303-4","/wiki/Main_Page","/wiki/Main_Page","/wiki/Portal:Contents","/wiki/Portal:Featured_content","/wiki/Portal:Current_events","/wiki/Special:Random","//donate.wikimedia.org/wiki/Special:FundraiserRedirector?utm_source=donate&utm_medium=sidebar&utm_campaign=C13_en.wikipedia.org&uselang=en","/wiki/Help:Contents","/wiki/Wikipedia:About","/wiki/Wikipedia:Community_portal","/wiki/Special:RecentChanges","/wiki/Wikipedia:Contact_us","/wiki/Special:WhatLinksHere/Nicholls,_Georgia","/wiki/Special:RecentChangesLinked/Nicholls,_Georgia","/wiki/Wikipedia:File_Upload_Wizard","/wiki/Special:SpecialPages","/w/index.php?title=Nicholls,_Georgia&oldid=543010184","/w/index.php?title=Nicholls,_Georgia&action=info","/w/index.php?title=Special:Cite&page=Nicholls%2C_Georgia&id=543010184","/w/index.php?title=Special:Book&bookcmd=book_creator&referer=Nicholls%2C+Georgia","/w/index.php?title=Special:Book&bookcmd=render_article&arttitle=Nicholls%2C+Georgia&oldid=543010184&writer=rl","/w/index.php?title=Nicholls,_Georgia&printable=yes","//ca.wikipedia.org/wiki/Nicholls","//es.wikipedia.org/wiki/Nicholls","//io.wikipedia.org/wiki/Nicholls,_Georgia","//ht.wikipedia.org/wiki/Nicholls,_Georgie","//nl.wikipedia.org/wiki/Nicholls","//uz.wikipedia.org/wiki/Nicholls_(Georgia)","//pt.wikipedia.org/wiki/Nicholls_(Ge%C3%B3rgia)","//sr.wikipedia.org/wiki/%D0%9D%D0%B8%D0%BA%D0%BE%D0%BB%D1%81_(%D0%8F%D0%BE%D1%80%D1%9F%D0%B8%D1%98%D0%B0)","//vo.wikipedia.org/wiki/Nicholls","//www.wikidata.org/wiki/Special:ItemByTitle/enwiki/Nicholls, Georgia","//en.wikipedia.org/wiki/Wikipedia:Text_of_Creative_Commons_Attribution-ShareAlike_3.0_Unported_License","//creativecommons.org/licenses/by-sa/3.0/","//wikimediafoundation.org/wiki/Terms_of_Use","//www.wikimediafoundation.org/","//en.wikipedia.org/wiki/Wikipedia:Contact_us","//wikimediafoundation.org/wiki/Privacy_policy","/wiki/Wikipedia:About","/wiki/Wikipedia:General_disclaimer","http://en.m.wikipedia.org/wiki/Nicholls,_Georgia","//wikimediafoundation.org/","//bits.wikimedia.org/images/wikimedia-button.png","//www.mediawiki.org/","//bits.wikimedia.org/static-1.21wmf11/skins/common/images/poweredby_mediawiki_88x31.png","//bits.wikimedia.org/en.wikipedia.org/load.php?debug=false&lang=en&modules=skins.vector&only=scripts&skin=vector&*","/w/index.php?title=MediaWiki:Gadget-ReferenceTooltips.js&action=raw&ctype=text/javascript&508635914","//bits.wikimedia.org/en.wikipedia.org/load.php?debug=false&lang=en&modules=site&only=scripts&skin=vector&*"],"instances":["united_states_census"],"pdf":[],"categories":["Cities in Georgia (U.S. state)","Populated places in Coffee County, Georgia"],"headings":["Geography","Demographics","Arena","References"],"image":["//upload.wikimedia.org/wikipedia/commons/thumb/4/41/Coffee_County_Georgia_Incorporated_and_Unincorporated_areas_Nicholls_Highlighted.svg/250px-Coffee_County_Georgia_Incorporated_and_Unincorporated_areas_Nicholls_Highlighted.svg.png","//upload.wikimedia.org/wikipedia/commons/thumb/7/7a/Map_of_Georgia_highlighting_Coffee_County.svg/86px-Map_of_Georgia_highlighting_Coffee_County.svg.png","//bits.wikimedia.org/static-1.21wmf11/skins/vector/images/search-ltr.png?303-4","//bits.wikimedia.org/images/wikimedia-button.png","//bits.wikimedia.org/static-1.21wmf11/skins/common/images/poweredby_mediawiki_88x31.png"],"tags":[["georgia","u.s._state"],["georgia","u.s._state"],["list_of_counties_in_georgia","u.s._state"],["georgia","u.s._state"],["white","u.s._census"],["african_american","u.s._census"],["native_american","u.s._census"],["asian","u.s._census"],["race","united_states_census"],["hispanic","u.s._census"],["latino","u.s._census"]],"members":["latino","hispanic","white","african_american","georgia","list_of_counties_in_georgia","native_american","asian","race"],"related":["City","Coffee_County,_Georgia","Georgia_(U.S._state)","List_of_countries","United_States","Political_divisions_of_the_United_States","Georgia_(U.S._state)","List_of_counties_in_Georgia_(U.S._state)","Coffee_County,_Georgia","North_American_Eastern_Time_Zone","ZIP_code","Area_code_912","Federal_Information_Processing_Standard","Geographic_Names_Information_System","Coffee_County,_Georgia","Georgia_(U.S._state)","United_States","United_States_Census_Bureau","Census","Population_density","White_(U.S._Census)","African_American_(U.S._Census)","Native_American_(U.S._Census)","Asian_(U.S._Census)","Race_(United_States_Census)","Hispanic_(U.S._Census)","Latino_(U.S._Census)","Marriage","Per_capita_income","Poverty_line"]}