{"cursor":"6372","size":15,"audio":[],"currentlang":"en","article":"\n\n'Kaufmann' is a surname with many variants such as 'Kauffmann', 'Kaufman', and\n'Kauffman'. In German, the name means [[merchant]]. It is the cognate of the\nEnglish Chapman (which had a similar meaning in the Middle Ages, though it\ndisappeared from modern English). \"Kaufmann\" may refer to:\n\n\n","linknr":219,"url":"Kaufmann","recorded":1363486421,"links":["/w/index.php?title=Kaufmann&action=edit","/w/index.php?title=Kaufmann&action=edit","//en.wikipedia.org/apple-touch-icon.png","//bits.wikimedia.org/favicon/wikipedia.ico","/w/opensearch_desc.php","//en.wikipedia.org/w/api.php?action=rsd","//creativecommons.org/licenses/by-sa/3.0/","/w/index.php?title=Special:RecentChanges&feed=atom","//bits.wikimedia.org/en.wikipedia.org/load.php?debug=false&lang=en&modules=ext.gadget.DRN-wizard%2CReferenceTooltips%2Ccharinsert%2Cteahouse%7Cext.wikihiero%7Cmediawiki.legacy.commonPrint%2Cshared%7Cmw.PopUpMediaTransform%7Cskins.vector&only=styles&skin=vector&*","//bits.wikimedia.org/en.wikipedia.org/load.php?debug=false&lang=en&modules=site&only=styles&skin=vector&*","//bits.wikimedia.org/en.wikipedia.org/load.php?debug=false&lang=en&modules=startup&only=scripts&skin=vector&*","//bits.wikimedia.org/geoiplookup","//meta.wikimedia.org","#mw-head","#p-search","//upload.wikimedia.org/wikipedia/commons/thumb/f/f8/Wiktionary-logo-en.svg/37px-Wiktionary-logo-en.svg.png","//en.wiktionary.org/wiki/Kaufmann","/wiki/File:Verteilung_Nachname_Kaufmann_DE.png","//upload.wikimedia.org/wikipedia/commons/thumb/5/5c/Verteilung_Nachname_Kaufmann_DE.png/250px-Verteilung_Nachname_Kaufmann_DE.png","/wiki/German_language","/wiki/Merchant","/wiki/Cognate","/wiki/Chapman_(surname)","#Kaufmann","#Kauffmann","#Kaufman","#Kauffman","#See_also","/w/index.php?title=Kaufmann&action=edit&section=1","/wiki/Aloys_P._Kaufmann","/wiki/St._Louis,_Missouri","/wiki/Christine_Kaufmann","/wiki/David_Kaufmann","/wiki/Edgar_J._Kaufmann","/wiki/Eduard_Kaufmann","/wiki/Eugen_Kaufmann","/wiki/Evan_Kaufmann","/wiki/Felix_Kaufmann","/wiki/Frank_Kaufmann","/wiki/Georg_Friedrich_Kaufmann","/wiki/Gordon_Kaufmann","/wiki/Hans_Kaufmann","/wiki/Jonas_Kaufmann","/wiki/Konstantin_Kaufmann","/wiki/Maurice_Kaufmann","/wiki/Klaus_Kaufmann","/wiki/List_of_Silent_Hill_characters","/wiki/Silent_Hill","/wiki/Oskar_Kaufmann","/wiki/Patricia_A._(Trish)_Kaufmann","/wiki/Peter_Kaufmann_(Manitoba_politician)","/wiki/Stefan_Kaufmann_(musician)","/wiki/Stefan_Kaufmann_(politician)","/wiki/Stefan_H.E._Kaufmann","/wiki/Sylvia-Yvonne_Kaufmann","/wiki/Walter_Kaufmann_(philosopher)","/wiki/Walter_Kaufmann_(composer)","/wiki/Walter_Kaufmann_(physicist)","/wiki/Yehezkel_Kaufmann","/wiki/Isaac_Kaufmann_Funk","/wiki/Kaufmann_Kohler","/wiki/Kaufmann%27s","/wiki/Abderhalden-Kaufmann-Lignac_syndrome","/wiki/Mount_Kaufmann","/wiki/Peak_Kaufmann","/wiki/Morgan_Kaufmann_Publishers","/wiki/Kaufmann_(typeface)","/w/index.php?title=Max_R._Kaufmann&action=edit&redlink=1","/w/index.php?title=Kaufmann&action=edit&section=2","/wiki/Angelica_Kauffmann","/wiki/Guinevere_Kauffmann","/wiki/L%C3%A9on_Kauffmann","/wiki/Prime_Minister_of_Luxembourg","/wiki/Stanley_Kauffmann","/wiki/The_New_Republic","/w/index.php?title=Kaufmann&action=edit&section=3","/wiki/Kaufman,_Texas","/wiki/Kaufman_County,_Texas","/wiki/Abraham_Kaufman","/wiki/Zionism","/wiki/Alan_S._Kaufman","/wiki/Andrew_Kaufman","/wiki/Andy_Kaufman","/wiki/Ariel_Durant","/wiki/Will_Durant","/wiki/Bel_Kaufman","/wiki/Up_the_Down_Staircase","/wiki/Sholom_Aleichem","/wiki/Benjamin_Kaufman_(Medal_of_Honor)","/wiki/World_War_I","/wiki/Boris_Kaufman","/wiki/Dziga_Vertov","/wiki/Brandon_Kaufman","/wiki/Bruria_Kaufman","/wiki/Charlie_Kaufman","/wiki/David_S._Kaufman","/wiki/David_Kaufman_(actor)","/wiki/David_Kaufman_(author)","/wiki/Denis_Abramovich_Kaufman","/wiki/Denis_Arkadievich_Kaufman","/wiki/Donald_Kaufman_(collector)","/wiki/Edward_E._%22Ted%22_Kaufman","/wiki/George_S._Kaufman","/wiki/Gerald_Kaufman","/wiki/Member_of_Parliament","/wiki/Harold_R._Kaufman","/wiki/Ion_source","/wiki/Henry_Kaufman","/wiki/Herbert_Kaufman","/wiki/Irving_Kaufman","/wiki/Irving_Kaufman_(singer)","/wiki/Isidor_Kaufman","/wiki/James_C._Kaufman","/wiki/Lloyd_Kaufman","/wiki/Louis_Kaufman","/wiki/Mel_Kaufman","/wiki/Washington_Redskins","/wiki/Millard_Kaufman","/wiki/Morris_Kaufman","/wiki/Mois%C3%A9s_Kaufman","/wiki/Murray_the_K","/wiki/Nadeen_L._Kaufman","/wiki/Nikolay_Kaufman","/wiki/Philip_Kaufman","/wiki/Philip_A._Kaufman","/wiki/Phil_Kaufman_Award","/wiki/Stephen_R._Kaufman","/wiki/Terrence_Kaufman","/wiki/Wendy_Kaufman","/wiki/William_E._Kaufman","/wiki/Dr._Kaufman","/wiki/Tomorrow_Never_Dies","/w/index.php?title=Kaufmann&action=edit&section=4","/wiki/Kauffman,_California","/wiki/Draper_Kauffman","/wiki/Elizabeth_Bush","/wiki/Ewing_Kauffman","/wiki/George_B._Kauffman","/wiki/Louis_Kauffman","/wiki/Marta_Kauffman","/wiki/Matthew_Kauffman","/wiki/Scott_Kauffman","/wiki/Stuart_Kauffman","/wiki/USS_Kauffman_(FFG-59)","/wiki/Kauffman%27s_Distillery_Covered_Bridge","/wiki/Kauffman_Stadium","/wiki/Ewing_Kauffman","/w/index.php?title=Kaufmann&action=edit&section=5","/wiki/Kofman","/wiki/Grossman","//upload.wikimedia.org/wikipedia/commons/thumb/9/99/WPanthroponymy.svg/30px-WPanthroponymy.svg.png","/wiki/Surname","//en.wikipedia.org/w/index.php?title=Special:WhatLinksHere/Kaufmann&namespace=0","/wiki/Wikipedia:Linking","/wiki/Given_name","http://en.wikipedia.org/w/index.php?title=Kaufmann&oldid=544199060","/wiki/Help:Categories","/wiki/Category:Surnames","/wiki/Category:German-language_surnames","/wiki/Category:Jewish_surnames","/wiki/Category:Occupational_surnames","/wiki/Category:All_set_index_articles","/w/index.php?title=Special:UserLogin&returnto=Kaufmann&type=signup","/w/index.php?title=Special:UserLogin&returnto=Kaufmann","/wiki/Kaufmann","/wiki/Talk:Kaufmann","#","/wiki/Kaufmann","/w/index.php?title=Kaufmann&action=edit","/w/index.php?title=Kaufmann&action=history","#","/w/index.php","//bits.wikimedia.org/static-1.21wmf11/skins/vector/images/search-ltr.png?303-4","/wiki/Main_Page","/wiki/Main_Page","/wiki/Portal:Contents","/wiki/Portal:Featured_content","/wiki/Portal:Current_events","/wiki/Special:Random","//donate.wikimedia.org/wiki/Special:FundraiserRedirector?utm_source=donate&utm_medium=sidebar&utm_campaign=C13_en.wikipedia.org&uselang=en","/wiki/Help:Contents","/wiki/Wikipedia:About","/wiki/Wikipedia:Community_portal","/wiki/Special:RecentChanges","/wiki/Wikipedia:Contact_us","/wiki/Special:WhatLinksHere/Kaufmann","/wiki/Special:RecentChangesLinked/Kaufmann","/wiki/Wikipedia:File_Upload_Wizard","/wiki/Special:SpecialPages","/w/index.php?title=Kaufmann&oldid=544199060","/w/index.php?title=Kaufmann&action=info","/w/index.php?title=Special:Cite&page=Kaufmann&id=544199060","/w/index.php?title=Special:Book&bookcmd=book_creator&referer=Kaufmann","/w/index.php?title=Special:Book&bookcmd=render_article&arttitle=Kaufmann&oldid=544199060&writer=rl","/w/index.php?title=Kaufmann&printable=yes","//de.wikipedia.org/wiki/Kaufmann_(Begriffskl%C3%A4rung)","//fr.wikipedia.org/wiki/Kaufmann","//hu.wikipedia.org/wiki/Kaufmann_(egy%C3%A9rtelm%C5%B1s%C3%ADt%C5%91_lap)","//nl.wikipedia.org/wiki/Kaufmann","//pl.wikipedia.org/wiki/Kaufmann","//pt.wikipedia.org/wiki/Kaufmann","//ro.wikipedia.org/wiki/Kaufmann","//fi.wikipedia.org/wiki/Kaufmann","//www.wikidata.org/wiki/Special:ItemByTitle/enwiki/Kaufmann","//en.wikipedia.org/wiki/Wikipedia:Text_of_Creative_Commons_Attribution-ShareAlike_3.0_Unported_License","//creativecommons.org/licenses/by-sa/3.0/","//wikimediafoundation.org/wiki/Terms_of_Use","//www.wikimediafoundation.org/","//en.wikipedia.org/wiki/Wikipedia:Contact_us","//wikimediafoundation.org/wiki/Privacy_policy","/wiki/Wikipedia:About","/wiki/Wikipedia:General_disclaimer","http://en.m.wikipedia.org/wiki/Kaufmann","//wikimediafoundation.org/","//bits.wikimedia.org/images/wikimedia-button.png","//www.mediawiki.org/","//bits.wikimedia.org/static-1.21wmf11/skins/common/images/poweredby_mediawiki_88x31.png","//bits.wikimedia.org/en.wikipedia.org/load.php?debug=false&lang=en&modules=skins.vector&only=scripts&skin=vector&*","/w/index.php?title=MediaWiki:Gadget-ReferenceTooltips.js&action=raw&ctype=text/javascript&508635914","//bits.wikimedia.org/en.wikipedia.org/load.php?debug=false&lang=en&modules=site&only=scripts&skin=vector&*"],"instances":["singer","physicist","manitoba_politician","collector","typeface","medal_of_honor","author","surname","trish_kaufmann","politician"],"pdf":[],"categories":["German-language surnames","Jewish surnames","Occupational surnames"],"headings":["Kaufmann","Kauffmann","Kaufman","Kauffman","See also"],"image":["//upload.wikimedia.org/wikipedia/commons/thumb/f/f8/Wiktionary-logo-en.svg/37px-Wiktionary-logo-en.svg.png","//upload.wikimedia.org/wikipedia/commons/thumb/5/5c/Verteilung_Nachname_Kaufmann_DE.png/250px-Verteilung_Nachname_Kaufmann_DE.png","//upload.wikimedia.org/wikipedia/commons/thumb/9/99/WPanthroponymy.svg/30px-WPanthroponymy.svg.png","//bits.wikimedia.org/static-1.21wmf11/skins/vector/images/search-ltr.png?303-4","//bits.wikimedia.org/images/wikimedia-button.png","//bits.wikimedia.org/static-1.21wmf11/skins/common/images/poweredby_mediawiki_88x31.png"],"tags":[["chapman","surname"],["patricia_a.","trish_kaufmann"],["peter_kaufmann","manitoba_politician"],["stefan_kaufmann","musician"],["stefan_kaufmann","politician"],["walter_kaufmann","philosopher"],["walter_kaufmann","composer"],["walter_kaufmann","physicist"],["kaufmann","typeface"],["benjamin_kaufman","medal_of_honor"],["david_kaufman","actor"],["david_kaufman","author"],["donald_kaufman","collector"],["irving_kaufman","singer"],["uss_kauffman","ffg-59"]],"members":["irving_kaufman","walter_kaufmann","peter_kaufmann","donald_kaufman","kaufmann","benjamin_kaufman","david_kaufman","uss_kauffman","chapman","stefan_kaufmann"],"related":["German_language","Cognate","Chapman_(surname)","Aloys_P._Kaufmann","St._Louis,_Missouri","Christine_Kaufmann","David_Kaufmann","Edgar_J._Kaufmann","Eduard_Kaufmann","Eugen_Kaufmann","Evan_Kaufmann","Felix_Kaufmann","Frank_Kaufmann","Georg_Friedrich_Kaufmann","Gordon_Kaufmann","Hans_Kaufmann","Jonas_Kaufmann","Konstantin_Kaufmann","Maurice_Kaufmann","Klaus_Kaufmann","List_of_Silent_Hill_characters","Silent_Hill","Oskar_Kaufmann","Patricia_A._(Trish)_Kaufmann","Peter_Kaufmann_(Manitoba_politician)","Stefan_Kaufmann_(musician)","Stefan_Kaufmann_(politician)","Stefan_H.E._Kaufmann","Sylvia-Yvonne_Kaufmann","Walter_Kaufmann_(philosopher)","Walter_Kaufmann_(composer)","Walter_Kaufmann_(physicist)","Yehezkel_Kaufmann","Isaac_Kaufmann_Funk","Kaufmann_Kohler","Kaufmann's","Abderhalden-Kaufmann-Lignac_syndrome","Mount_Kaufmann","Peak_Kaufmann","Morgan_Kaufmann_Publishers","Kaufmann_(typeface)","Max_R._Kaufmann","Angelica_Kauffmann","Guinevere_Kauffmann","Léon_Kauffmann","Prime_Minister_of_Luxembourg","Stanley_Kauffmann","The_New_Republic","Kaufman,_Texas","Kaufman_County,_Texas","Abraham_Kaufman","Zionism","Alan_S._Kaufman","Andrew_Kaufman","Andy_Kaufman","Ariel_Durant","Will_Durant","Bel_Kaufman","Up_the_Down_Staircase","Sholom_Aleichem","Benjamin_Kaufman_(Medal_of_Honor)","World_War_I","Boris_Kaufman","Dziga_Vertov","Brandon_Kaufman","Bruria_Kaufman","Charlie_Kaufman","David_S._Kaufman","David_Kaufman_(actor)","David_Kaufman_(author)","Denis_Abramovich_Kaufman","Denis_Arkadievich_Kaufman","Donald_Kaufman_(collector)","Edward_E._\"Ted\"_Kaufman","George_S._Kaufman","Gerald_Kaufman","Member_of_Parliament","Harold_R._Kaufman","Ion_source","Henry_Kaufman","Herbert_Kaufman","Irving_Kaufman","Irving_Kaufman_(singer)","Isidor_Kaufman","James_C._Kaufman","Lloyd_Kaufman","Louis_Kaufman","Mel_Kaufman","Washington_Redskins","Millard_Kaufman","Morris_Kaufman","Moisés_Kaufman","Murray_the_K","Nadeen_L._Kaufman","Nikolay_Kaufman","Philip_Kaufman","Philip_A._Kaufman","Phil_Kaufman_Award","Stephen_R._Kaufman","Terrence_Kaufman","Wendy_Kaufman","William_E._Kaufman","Dr._Kaufman","Kauffman,_California","Draper_Kauffman","Elizabeth_Bush","Ewing_Kauffman","George_B._Kauffman","Louis_Kauffman","Marta_Kauffman","Matthew_Kauffman","Scott_Kauffman","Stuart_Kauffman","USS_Kauffman_(FFG-59)","Kauffman's_Distillery_Covered_Bridge","Kauffman_Stadium","Ewing_Kauffman","Kofman","Grossman"]}