{"cursor":"17070","size":15,"audio":[],"currentlang":"en","article":"{{ infobox tool\n| name = image = Nails.jpg image size = caption = A pile of nails other_name =\n| classification = fastener types = used_with = wood inventor = manufacturer =\n| model = related =\n}}\n\nIn woodworking and construction, a 'nail' is a pin-shaped, sharp object of hard\nmetal or alloy used as a fastener. Formerly wrought iron, today's nails are\ntypically made of steel, often dipped or coated to prevent corrosion in harsh\nconditions or improve adhesion. Ordinary nails for wood are usually of a soft,\nlow-carbon or \"mild\" steel (about 0.1% carbon, the rest iron and perhaps a trace\nof silicon or manganese). Nails for concrete are harder, with 0.5-0.75% carbon.\n\nNails are typically driven into the workpiece by a hammer, a pneumatic nail\ngun, or a small explosive charge or primer. A nail holds materials together\nby friction in the axial direction and shear strength laterally. The point of\nthe nail is also sometimes bent over or clinched after driving to prevent\nfalling out.\n\nNails are made in a great variety of forms for specialized purposes. The most\ncommon is a wire nail. Other types of nails include pins, [[thumbtack|tack]]s,\nbrads, and spikes.\n","linknr":424,"url":"Nail_(fastener)","recorded":1364136171,"links":["/w/index.php?title=Nail_(fastener)&action=edit","/w/index.php?title=Nail_(fastener)&action=edit","//en.wikipedia.org/apple-touch-icon.png","//bits.wikimedia.org/favicon/wikipedia.ico","/w/opensearch_desc.php","//en.wikipedia.org/w/api.php?action=rsd","//creativecommons.org/licenses/by-sa/3.0/","/w/index.php?title=Special:RecentChanges&feed=atom","//bits.wikimedia.org/en.wikipedia.org/load.php?debug=false&lang=en&modules=ext.gadget.DRN-wizard%2CReferenceTooltips%2Ccharinsert%2Cteahouse%7Cext.wikihiero%7Cmediawiki.legacy.commonPrint%2Cshared%7Cmw.PopUpMediaTransform%7Cskins.vector&only=styles&skin=vector&*","//bits.wikimedia.org/en.wikipedia.org/load.php?debug=false&lang=en&modules=site&only=styles&skin=vector&*","//bits.wikimedia.org/en.wikipedia.org/load.php?debug=false&lang=en&modules=startup&only=scripts&skin=vector&*","//bits.wikimedia.org/geoiplookup","//meta.wikimedia.org","#mw-head","#p-search","/wiki/File:Nails.jpg","//upload.wikimedia.org/wikipedia/commons/thumb/8/8e/Nails.jpg/220px-Nails.jpg","/wiki/Woodworking","/wiki/Construction","/wiki/Pin","/wiki/Metal","/wiki/Fastener","/wiki/Wrought_iron","/wiki/Steel","/wiki/Corrosion","/wiki/Adhesion","/wiki/Wikipedia:Citation_needed","/wiki/Hammer","/wiki/Pneumatic","/wiki/Nail_gun","/wiki/Explosive","/wiki/Friction","/wiki/Shear_stress","/wiki/Thumbtack","#History","#Wrought-iron_nails","#Cut_nails","#Wire_nails","#Usage","#Sizes","#United_States_penny_sizes","#Terminology","#Nails_in_art","#See_also","#References","#External_links","/w/index.php?title=Nail_(fastener)&action=edit&section=1","/wiki/File:Nail_in_a_block_of_wood.jpg","//upload.wikimedia.org/wikipedia/commons/thumb/9/93/Nail_in_a_block_of_wood.jpg/170px-Nail_in_a_block_of_wood.jpg","/wiki/File:Nail_in_a_block_of_wood.jpg","//bits.wikimedia.org/static-1.21wmf11/skins/common/images/magnify-clip.png","/wiki/Hammer","/wiki/Wood","/w/index.php?title=Nail_(fastener)&action=edit&section=2","/wiki/Ancient_Egypt","/wiki/Bible","/wiki/David","/wiki/Solomon%27s_Temple","#cite_note-1","/wiki/Christ","/wiki/Rome","/wiki/Denarius","/w/index.php?title=Nail_(fastener)&action=edit&section=3","/wiki/Slitting_mill","/wiki/Rectangular","/wiki/Cross_section_(geometry)","/wiki/Balloon_framing","/wiki/Timber_framing","#cite_note-2","/wiki/Lumber","/wiki/Masonry","/w/index.php?title=Nail_(fastener)&action=edit&section=4","#cite_note-3","/wiki/Bessemer_process","/w/index.php?title=Nail_(fastener)&action=edit&section=5","/wiki/File:Spijkers_(Nails).jpg","//upload.wikimedia.org/wikipedia/commons/thumb/4/46/Spijkers_%28Nails%29.jpg/220px-Spijkers_%28Nails%29.jpg","/wiki/File:Spijkers_(Nails).jpg","//bits.wikimedia.org/static-1.21wmf11/skins/common/images/magnify-clip.png","/wiki/File:Horseshoe_nails_for_lead_came_glasswork_01.jpg","//upload.wikimedia.org/wikipedia/commons/thumb/d/d5/Horseshoe_nails_for_lead_came_glasswork_01.jpg/170px-Horseshoe_nails_for_lead_came_glasswork_01.jpg","/wiki/File:Horseshoe_nails_for_lead_came_glasswork_01.jpg","//bits.wikimedia.org/static-1.21wmf11/skins/common/images/magnify-clip.png","/wiki/File:Nail-makers_anvil.jpg","//upload.wikimedia.org/wikipedia/commons/thumb/8/8c/Nail-makers_anvil.jpg/170px-Nail-makers_anvil.jpg","/wiki/File:Nail-makers_anvil.jpg","//bits.wikimedia.org/static-1.21wmf11/skins/common/images/magnify-clip.png","/wiki/Black_Country_Living_Museum","/wiki/Fracture_mechanics","/wiki/Anisotropic","/wiki/Brass","/wiki/Canoe","/wiki/Carpet","//en.wiktionary.org/wiki/clout-nail","/wiki/Horseshoe","/wiki/Nail_bomb","/wiki/Rain_gutter","/wiki/HurriQuake","/wiki/Roof","/wiki/Hurricane_tie","/wiki/Wood_veneer","/w/index.php?title=Nail_(fastener)&action=edit&section=6","/wiki/United_States","/wiki/Metric_system","/w/index.php?title=Nail_(fastener)&action=edit&section=7","/wiki/United_States","/wiki/Wire_gauge","/wiki/England","#cite_note-4","#cite_note-5","#cite_note-6","#cite_note-7","/wiki/Denarius","/wiki/Penny","/wiki/United_Kingdom","/wiki/Decimalisation","/w/index.php?title=Nail_(fastener)&action=edit&section=8","/wiki/Galvanized","/wiki/Electrogalvanization","/wiki/Hot-dip_galvanizing","/wiki/Mechanical_plating","/wiki/File:Nagelfigur_Mannheim_1915.jpg","//upload.wikimedia.org/wikipedia/commons/thumb/f/f6/Nagelfigur_Mannheim_1915.jpg/170px-Nagelfigur_Mannheim_1915.jpg","/wiki/File:Nagelfigur_Mannheim_1915.jpg","//bits.wikimedia.org/static-1.21wmf11/skins/common/images/magnify-clip.png","/wiki/Mannheim","/wiki/Phosphate_conversion_coating","/wiki/Joint_compound","/w/index.php?title=Nail_(fastener)&action=edit&section=9","/wiki/Nail_Men","/wiki/World_War_I","/wiki/Boules","/w/index.php?title=Nail_(fastener)&action=edit&section=10","/wiki/Denailer","/wiki/Nails_(film)","/wiki/Rail_spike","/wiki/Screw","/w/index.php?title=Nail_(fastener)&action=edit&section=11","#cite_ref-1","#cite_ref-2","/wiki/Special:BookSources/0486264122","#cite_ref-3","#cite_ref-4","http://ed2.oed.com/cgi/display_main/00174661#00174661-mB.V.10","#cite_ref-5","/wiki/Oxford_English_Dictionary","#cite_ref-6","http://www.sizes.com/units/penny.htm","http://www.sizes.com/units/penny.htm","#cite_ref-7","http://www.sizes.com/units/penny.htm","/w/index.php?title=Nail_(fastener)&action=edit&section=12","//upload.wikimedia.org/wikipedia/en/thumb/4/4a/Commons-logo.svg/30px-Commons-logo.svg.png","//commons.wikimedia.org/wiki/Category:Metal_nails","//upload.wikimedia.org/wikipedia/commons/thumb/4/4c/Wikisource-logo.svg/38px-Wikisource-logo.svg.png","/wiki/Wikisource","/wiki/Encyclop%C3%A6dia_Britannica_Eleventh_Edition","//en.wikisource.org/wiki/1911_Encyclop%C3%A6dia_Britannica/Nail","http://www.diydata.com/materials/nails/nails.php","http://www.doityourself.com/stry/typesofnails","http://nl.youtube.com/watch?v=D83SX6jTo1k","/wiki/Template:Woodworking","/wiki/Template_talk:Woodworking","//en.wikipedia.org/w/index.php?title=Template:Woodworking&action=edit","/wiki/Woodworking","/wiki/Glossary_of_woodworking","/wiki/History_of_wood_carving","/wiki/Wood","/wiki/Lumber","/wiki/Wood_art","/wiki/Boat_building","/wiki/Bush_carpentry","/wiki/Cabinet_making","/wiki/Caning_(furniture)","/wiki/Carpentry","/wiki/Chainsaw_carving","/wiki/Chip_carving","/wiki/%C3%89b%C3%A9niste","/wiki/Fretwork","/wiki/Intarsia","/wiki/Japanese_carpentry","/wiki/Log_building","/wiki/Marquetry","/wiki/Parquetry","/wiki/Pyrography","/wiki/Relief_carving","/wiki/Root_carving","/wiki/Segmented_turning","/wiki/Ship_building","/wiki/Spindle_turning","/wiki/Timber_framing","/wiki/Whittling","/wiki/Wood_carving","/wiki/Woodturning","/wiki/List_of_woods","/wiki/Softwood","/wiki/Cedar_wood","/wiki/Tilia","/wiki/Pine","/wiki/Spruce","/wiki/Hardwood","/wiki/Fraxinus_excelsior","/wiki/Aspen","/wiki/Birch","/wiki/Cherry","/wiki/Elm","/wiki/Hazel","/wiki/Mahogany","/wiki/Maple","/wiki/Oak","/wiki/Teak","/wiki/Juglans","/wiki/Tool","/wiki/Saw","/wiki/Back_saw","/wiki/Bandsaw","/wiki/Bow_saw","/wiki/Buck_saw","/wiki/Chainsaw","/wiki/Circular_saw","/wiki/Coping_saw","/wiki/Crosscut_saw","/wiki/Frame_saw","/wiki/Fretsaw","/wiki/Jigsaw_(power_tool)","/wiki/Miter_saw","/wiki/Rip_saw","/wiki/Veneer_saw","/wiki/Whipsaw","/wiki/Abrasive","/wiki/Axe","/wiki/Chisel","/wiki/Drawknife","/wiki/Drill","/wiki/List_of_timber_framing_tools","/wiki/Mallet","/wiki/Mitre_box","/wiki/Plane_(tool)","/wiki/Rasp","/wiki/Sandpaper","/wiki/Vise","/wiki/Workbench_(woodworking)","/wiki/Woodworking_joints","/wiki/Birdsmouth_joint","/wiki/Bridle_joint","/wiki/Butt_joint","/wiki/Butterfly_joint","/wiki/Coping_(joinery)","/wiki/Crown_of_Thorns_(woodworking)","/wiki/Dado_(joinery)","/wiki/Dovetail_joint","/wiki/Finger_joint","/wiki/Groove_(joinery)","/wiki/Halved_joint","/wiki/Hammer-headed_tenon","/wiki/Knee_(construction)","/wiki/Lap_joint","/wiki/Mason%27s_mitre","/wiki/Miter_joint","/wiki/Mortise_and_tenon","/wiki/Rabbet","/wiki/Scarf_joint","/wiki/Splice_joint","/wiki/Tongue_and_groove","/wiki/Bead_(woodworking)","/wiki/Bevel","/wiki/Chamfer","/wiki/Ogee","/wiki/Ogive","/wiki/French_polish","/wiki/Heat_bending_of_wood","/wiki/Paint","/wiki/Steam_bending","/wiki/Varnish","/wiki/Wood_drying","/wiki/Wood_preservation","/wiki/Wood_stain","/wiki/Heat_treatment_of_wood#Heat_treatments","/wiki/American_Association_of_Woodturners","/wiki/Architectural_Woodwork_Institute","/wiki/British_Woodworking_Federation","/wiki/Building_and_Wood_Workers%27_International","/wiki/Caricature_Carvers_of_America","/wiki/International_Federation_of_Building_and_Wood_Workers","/wiki/National_Wood_Carvers_Association","/wiki/Society_of_Wood_Engravers","/wiki/Timber_Framers_Guild","//upload.wikimedia.org/wikipedia/en/thumb/4/48/Folder_Hexagonal_Icon.svg/16px-Folder_Hexagonal_Icon.svg.png","/wiki/Category:Woodworking","http://en.wikipedia.org/w/index.php?title=Nail_(fastener)&oldid=545137795","/wiki/Help:Categories","/wiki/Category:Fasteners","/wiki/Category:Woodworking","/wiki/Category:All_articles_with_unsourced_statements","/wiki/Category:Articles_with_unsourced_statements_from_April_2010","/w/index.php?title=Special:UserLogin&returnto=Nail+%28fastener%29&type=signup","/w/index.php?title=Special:UserLogin&returnto=Nail+%28fastener%29","/wiki/Nail_(fastener)","/wiki/Talk:Nail_(fastener)","#","/wiki/Nail_(fastener)","/w/index.php?title=Nail_(fastener)&action=edit","/w/index.php?title=Nail_(fastener)&action=history","#","/w/index.php","//bits.wikimedia.org/static-1.21wmf11/skins/vector/images/search-ltr.png?303-4","/wiki/Main_Page","/wiki/Main_Page","/wiki/Portal:Contents","/wiki/Portal:Featured_content","/wiki/Portal:Current_events","/wiki/Special:Random","//donate.wikimedia.org/wiki/Special:FundraiserRedirector?utm_source=donate&utm_medium=sidebar&utm_campaign=C13_en.wikipedia.org&uselang=en","/wiki/Help:Contents","/wiki/Wikipedia:About","/wiki/Wikipedia:Community_portal","/wiki/Special:RecentChanges","/wiki/Wikipedia:Contact_us","/wiki/Special:WhatLinksHere/Nail_(fastener)","/wiki/Special:RecentChangesLinked/Nail_(fastener)","/wiki/Wikipedia:File_Upload_Wizard","/wiki/Special:SpecialPages","/w/index.php?title=Nail_(fastener)&oldid=545137795","/w/index.php?title=Nail_(fastener)&action=info","/w/index.php?title=Special:Cite&page=Nail_%28fastener%29&id=545137795","/w/index.php?title=Special:Book&bookcmd=book_creator&referer=Nail+%28fastener%29","/w/index.php?title=Special:Book&bookcmd=render_article&arttitle=Nail+%28fastener%29&oldid=545137795&writer=rl","/w/index.php?title=Nail_(fastener)&printable=yes","//af.wikipedia.org/wiki/Spyker","//ar.wikipedia.org/wiki/%D9%85%D8%B3%D9%85%D8%A7%D8%B1","//arc.wikipedia.org/wiki/%DC%A8%DC%A8%DC%90_(%DC%A8%DC%A2%DC%A5%DC%AC%DC%90)","//az.wikipedia.org/wiki/Mismar","//bn.wikipedia.org/wiki/%E0%A6%AA%E0%A7%87%E0%A6%B0%E0%A7%87%E0%A6%95","//zh-min-nan.wikipedia.org/wiki/Teng-%C3%A1","//ba.wikipedia.org/wiki/%D2%A0%D0%B0%D2%99%D0%B0%D1%83","//be.wikipedia.org/wiki/%D0%A6%D0%B2%D1%96%D0%BA","//be-x-old.wikipedia.org/wiki/%D0%A6%D1%8C%D0%B2%D1%96%D0%BA","//bg.wikipedia.org/wiki/%D0%9F%D0%B8%D1%80%D0%BE%D0%BD","//bo.wikipedia.org/wiki/%E0%BD%A3%E0%BE%95%E0%BD%82%E0%BD%A6%E0%BC%8B%E0%BD%A0%E0%BD%9B%E0%BD%BA%E0%BD%A2%E0%BC%8D","//bs.wikipedia.org/wiki/Ekser","//ca.wikipedia.org/wiki/Clau_(falca)","//cv.wikipedia.org/wiki/%D0%9F%C4%83%D1%82%D0%B0","//cs.wikipedia.org/wiki/H%C5%99eb%C3%ADk","//cy.wikipedia.org/wiki/Hoelen","//da.wikipedia.org/wiki/S%C3%B8m","//de.wikipedia.org/wiki/Nagel","//el.wikipedia.org/wiki/%CE%9A%CE%B1%CF%81%CF%86%CE%AF","//eml.wikipedia.org/wiki/Ci%C3%B2ld","//es.wikipedia.org/wiki/Clavo_(objeto)","//eo.wikipedia.org/wiki/Najlo","//eu.wikipedia.org/wiki/Iltze","//fa.wikipedia.org/wiki/%D9%85%DB%8C%D8%AE","//fr.wikipedia.org/wiki/Clou","//ga.wikipedia.org/wiki/Tairne","//gl.wikipedia.org/wiki/Cravo","//xal.wikipedia.org/wiki/%D0%A5%D0%B0%D0%B4%D0%B0%D1%81%D0%BD","//ko.wikipedia.org/wiki/%EB%AA%BB","//hi.wikipedia.org/wiki/%E0%A4%95%E0%A5%80%E0%A4%B2","//hr.wikipedia.org/wiki/%C4%8Cavao","//io.wikipedia.org/wiki/Klovo","//id.wikipedia.org/wiki/Paku","//is.wikipedia.org/wiki/Nagli","//it.wikipedia.org/wiki/Chiodo","//he.wikipedia.org/wiki/%D7%9E%D7%A1%D7%9E%D7%A8","//jv.wikipedia.org/wiki/Paku","//sw.wikipedia.org/wiki/Msumari","//ku.wikipedia.org/wiki/Mix","//la.wikipedia.org/wiki/Clavus","//lv.wikipedia.org/wiki/Nagla","//lb.wikipedia.org/wiki/Nol_(Technik)","//lt.wikipedia.org/wiki/Vinis","//lmo.wikipedia.org/wiki/Ciod","//hu.wikipedia.org/wiki/Szeg_(r%C3%B6gz%C3%ADt%C5%91elem)","//ml.wikipedia.org/wiki/%E0%B4%86%E0%B4%A3%E0%B4%BF","//ms.wikipedia.org/wiki/Paku","//nl.wikipedia.org/wiki/Draadnagel","//ja.wikipedia.org/wiki/%E9%87%98","//no.wikipedia.org/wiki/Spiker","//nn.wikipedia.org/wiki/Spikar","//pl.wikipedia.org/wiki/Gw%C3%B3%C5%BAd%C5%BA","//pt.wikipedia.org/wiki/Prego","//ro.wikipedia.org/wiki/Cui_(pies%C4%83)","//qu.wikipedia.org/wiki/Takarpucha","//ru.wikipedia.org/wiki/%D0%93%D0%B2%D0%BE%D0%B7%D0%B4%D1%8C","//scn.wikipedia.org/wiki/Taccia","//simple.wikipedia.org/wiki/Nail","//sk.wikipedia.org/wiki/Klinec","//sl.wikipedia.org/wiki/%C5%BDebelj","//so.wikipedia.org/wiki/Musmaar","//sr.wikipedia.org/wiki/%D0%95%D0%BA%D1%81%D0%B5%D1%80","//sh.wikipedia.org/wiki/%C4%8Cavao","//su.wikipedia.org/wiki/Paku","//fi.wikipedia.org/wiki/Naula","//sv.wikipedia.org/wiki/Spik","//tl.wikipedia.org/wiki/Pako_(pangkabit)","//ta.wikipedia.org/wiki/%E0%AE%86%E0%AE%A3%E0%AE%BF","//te.wikipedia.org/wiki/%E0%B0%AE%E0%B1%87%E0%B0%95%E0%B1%81","//th.wikipedia.org/wiki/%E0%B8%95%E0%B8%B0%E0%B8%9B%E0%B8%B9","//chy.wikipedia.org/wiki/To%C3%B3neoh%C3%AB%C3%B6%27o","//tr.wikipedia.org/wiki/%C3%87ivi","//uk.wikipedia.org/wiki/%D0%A6%D0%B2%D1%8F%D1%85","//vi.wikipedia.org/wiki/%C4%90inh","//fiu-vro.wikipedia.org/wiki/Nag%C3%B5l","//wa.wikipedia.org/wiki/Cl%C3%A5","//war.wikipedia.org/wiki/Raysang","//yi.wikipedia.org/wiki/%D7%A0%D7%90%D7%92%D7%9C_(%D7%91%D7%95%D7%99%D7%A2%D7%9F)","//zh-yue.wikipedia.org/wiki/%E9%87%98","//zh.wikipedia.org/wiki/%E9%92%89%E5%AD%90","//www.wikidata.org/wiki/Special:ItemByTitle/enwiki/Nail (fastener)","//en.wikipedia.org/wiki/Wikipedia:Text_of_Creative_Commons_Attribution-ShareAlike_3.0_Unported_License","//creativecommons.org/licenses/by-sa/3.0/","//wikimediafoundation.org/wiki/Terms_of_Use","//www.wikimediafoundation.org/","//en.wikipedia.org/wiki/Wikipedia:Contact_us","//wikimediafoundation.org/wiki/Privacy_policy","/wiki/Wikipedia:About","/wiki/Wikipedia:General_disclaimer","http://en.m.wikipedia.org/wiki/Nail_(fastener)","//wikimediafoundation.org/","//bits.wikimedia.org/images/wikimedia-button.png","//www.mediawiki.org/","//bits.wikimedia.org/static-1.21wmf11/skins/common/images/poweredby_mediawiki_88x31.png","//bits.wikimedia.org/en.wikipedia.org/load.php?debug=false&lang=en&modules=skins.vector&only=scripts&skin=vector&*","/w/index.php?title=MediaWiki:Gadget-ReferenceTooltips.js&action=raw&ctype=text/javascript&508635914","//bits.wikimedia.org/en.wikipedia.org/load.php?debug=false&lang=en&modules=site&only=scripts&skin=vector&*"],"instances":["geometry","film"],"pdf":[],"categories":["Fasteners","Woodworking"],"headings":["History","Usage","Sizes","Terminology","Nails in art","See also","References","External links"],"image":["//upload.wikimedia.org/wikipedia/commons/thumb/8/8e/Nails.jpg/220px-Nails.jpg","//upload.wikimedia.org/wikipedia/commons/thumb/9/93/Nail_in_a_block_of_wood.jpg/170px-Nail_in_a_block_of_wood.jpg","//bits.wikimedia.org/static-1.21wmf11/skins/common/images/magnify-clip.png","//upload.wikimedia.org/wikipedia/commons/thumb/4/46/Spijkers_%28Nails%29.jpg/220px-Spijkers_%28Nails%29.jpg","//bits.wikimedia.org/static-1.21wmf11/skins/common/images/magnify-clip.png","//upload.wikimedia.org/wikipedia/commons/thumb/d/d5/Horseshoe_nails_for_lead_came_glasswork_01.jpg/170px-Horseshoe_nails_for_lead_came_glasswork_01.jpg","//bits.wikimedia.org/static-1.21wmf11/skins/common/images/magnify-clip.png","//upload.wikimedia.org/wikipedia/commons/thumb/8/8c/Nail-makers_anvil.jpg/170px-Nail-makers_anvil.jpg","//bits.wikimedia.org/static-1.21wmf11/skins/common/images/magnify-clip.png","//upload.wikimedia.org/wikipedia/commons/thumb/f/f6/Nagelfigur_Mannheim_1915.jpg/170px-Nagelfigur_Mannheim_1915.jpg","//bits.wikimedia.org/static-1.21wmf11/skins/common/images/magnify-clip.png","//upload.wikimedia.org/wikipedia/en/thumb/4/4a/Commons-logo.svg/30px-Commons-logo.svg.png","//upload.wikimedia.org/wikipedia/commons/thumb/4/4c/Wikisource-logo.svg/38px-Wikisource-logo.svg.png","//upload.wikimedia.org/wikipedia/en/thumb/4/48/Folder_Hexagonal_Icon.svg/16px-Folder_Hexagonal_Icon.svg.png","//bits.wikimedia.org/static-1.21wmf11/skins/vector/images/search-ltr.png?303-4","//bits.wikimedia.org/images/wikimedia-button.png","//bits.wikimedia.org/static-1.21wmf11/skins/common/images/poweredby_mediawiki_88x31.png"],"tags":[["cross_section","geometry"],["nails","film"]],"members":["cross_section","nails"],"related":["Woodworking","Construction","Pin","Metal","Fastener","Wrought_iron","Steel","Corrosion","Adhesion","Hammer","Pneumatic","Nail_gun","Explosive","Friction","Shear_stress","Wood","Ancient_Egypt","Bible","David","Solomon's_Temple","Christ","Rome","Denarius","Slitting_mill","Rectangular","Cross_section_(geometry)","Balloon_framing","Timber_framing","Lumber","Masonry","Bessemer_process","Fracture_mechanics","Anisotropic","Brass","Canoe","Carpet","Horseshoe","Nail_bomb","Rain_gutter","HurriQuake","Roof","Hurricane_tie","Wood_veneer","United_States","Metric_system","United_States","Wire_gauge","England","Penny","United_Kingdom","Decimalisation","Joint_compound","Nail_Men","World_War_I","Boules","Denailer","Nails_(film)","Rail_spike","Screw"]}