{"cursor":"1975","size":15,"audio":[],"currentlang":"en","article":"{{Infobox album\n| Name = Strain Type = studio Artist = Flesh Field Cover = Fleshfieldstrain.jpg\n| Released = November 8, 2004 Recorded = 2003 - 2004 Genre = Industrial Electronica Orchestrated Length = Label = Metropolis Records Dependent Records Producer = Ian Ross Last album = Belief Control (2001) This album ='Strain' (2004) Next album = [[Tyranny of the\n| Majority (Flesh Field album)|Tyranny of the Majority]] (2011) Misc =\n}}\n\n'Strain' is the third studio album by American industrial group, Flesh Field,\nwhich was released on November 8, 2004 on Metropolis Records. This is not only\nFlesh Field's debut album on Metropolis Records, but this is also their first\nalbum that features the vocals of Wendy Yanko after the departure of Rian Mille-\nr. http://vampirefreaks.com/content/comment.php?entry=24&t=Flesh+Field\n","linknr":91,"url":"Strain_(album)","recorded":1363353287,"links":["/w/index.php?title=Strain_(album)&action=edit","/w/index.php?title=Strain_(album)&action=edit","//en.wikipedia.org/apple-touch-icon.png","//bits.wikimedia.org/favicon/wikipedia.ico","/w/opensearch_desc.php","//en.wikipedia.org/w/api.php?action=rsd","//creativecommons.org/licenses/by-sa/3.0/","/w/index.php?title=Special:RecentChanges&feed=atom","//bits.wikimedia.org/en.wikipedia.org/load.php?debug=false&lang=en&modules=ext.gadget.DRN-wizard%2CReferenceTooltips%2Ccharinsert%2Cteahouse%7Cext.wikihiero%7Cmediawiki.legacy.commonPrint%2Cshared%7Cmw.PopUpMediaTransform%7Cskins.vector&only=styles&skin=vector&*","//bits.wikimedia.org/en.wikipedia.org/load.php?debug=false&lang=en&modules=site&only=styles&skin=vector&*","//bits.wikimedia.org/en.wikipedia.org/load.php?debug=false&lang=en&modules=startup&only=scripts&skin=vector&*","//bits.wikimedia.org/geoiplookup","//meta.wikimedia.org","#mw-head","#p-search","/wiki/File:Fleshfieldstrain.jpg","//upload.wikimedia.org/wikipedia/en/thumb/8/86/Fleshfieldstrain.jpg/220px-Fleshfieldstrain.jpg","/wiki/Studio_album","/wiki/Flesh_Field","/wiki/Music_genre","/wiki/Industrial_music","/wiki/Electronica","/wiki/Orchestrated","/wiki/Record_label","/wiki/Metropolis_Records","/wiki/Dependent_Records","/wiki/Record_producer","/wiki/Flesh_Field","/wiki/Tyranny_of_the_Majority_(Flesh_Field_album)","/wiki/Studio_album","/wiki/Industrial_music","/wiki/Flesh_Field","/wiki/Metropolis_Records","#cite_note-1","/w/index.php?title=Strain_(album)&action=edit&section=1","/w/index.php?title=Strain_(album)&action=edit&section=2","/w/index.php?title=Strain_(album)&action=edit&section=3","#cite_ref-1","http://vampirefreaks.com/content/comment.php?entry=24&t=Flesh+Field","http://en.wikipedia.org/w/index.php?title=Strain_(album)&oldid=511810039","/wiki/Help:Categories","/wiki/Category:2004_albums","/wiki/Category:Articles_with_hAudio_microformats","/w/index.php?title=Special:UserLogin&returnto=Strain+%28album%29&type=signup","/w/index.php?title=Special:UserLogin&returnto=Strain+%28album%29","/wiki/Strain_(album)","/w/index.php?title=Talk:Strain_(album)&action=edit&redlink=1","#","/wiki/Strain_(album)","/w/index.php?title=Strain_(album)&action=edit","/w/index.php?title=Strain_(album)&action=history","#","/w/index.php","//bits.wikimedia.org/static-1.21wmf11/skins/vector/images/search-ltr.png?303-4","/wiki/Main_Page","/wiki/Main_Page","/wiki/Portal:Contents","/wiki/Portal:Featured_content","/wiki/Portal:Current_events","/wiki/Special:Random","//donate.wikimedia.org/wiki/Special:FundraiserRedirector?utm_source=donate&utm_medium=sidebar&utm_campaign=C13_en.wikipedia.org&uselang=en","/wiki/Help:Contents","/wiki/Wikipedia:About","/wiki/Wikipedia:Community_portal","/wiki/Special:RecentChanges","/wiki/Wikipedia:Contact_us","/wiki/Special:WhatLinksHere/Strain_(album)","/wiki/Special:RecentChangesLinked/Strain_(album)","/wiki/Wikipedia:File_Upload_Wizard","/wiki/Special:SpecialPages","/w/index.php?title=Strain_(album)&oldid=511810039","/w/index.php?title=Strain_(album)&action=info","/w/index.php?title=Special:Cite&page=Strain_%28album%29&id=511810039","/w/index.php?title=Special:Book&bookcmd=book_creator&referer=Strain+%28album%29","/w/index.php?title=Special:Book&bookcmd=render_article&arttitle=Strain+%28album%29&oldid=511810039&writer=rl","/w/index.php?title=Strain_(album)&printable=yes","//en.wikipedia.org/wiki/Wikipedia:Text_of_Creative_Commons_Attribution-ShareAlike_3.0_Unported_License","//creativecommons.org/licenses/by-sa/3.0/","//wikimediafoundation.org/wiki/Terms_of_Use","//www.wikimediafoundation.org/","//en.wikipedia.org/wiki/Wikipedia:Contact_us","//wikimediafoundation.org/wiki/Privacy_policy","/wiki/Wikipedia:About","/wiki/Wikipedia:General_disclaimer","http://en.m.wikipedia.org/wiki/Strain_(album)","//wikimediafoundation.org/","//bits.wikimedia.org/images/wikimedia-button.png","//www.mediawiki.org/","//bits.wikimedia.org/static-1.21wmf11/skins/common/images/poweredby_mediawiki_88x31.png","//bits.wikimedia.org/en.wikipedia.org/load.php?debug=false&lang=en&modules=skins.vector&only=scripts&skin=vector&*","/w/index.php?title=MediaWiki:Gadget-ReferenceTooltips.js&action=raw&ctype=text/javascript&508635914","//bits.wikimedia.org/en.wikipedia.org/load.php?debug=false&lang=en&modules=site&only=scripts&skin=vector&*"],"instances":[],"pdf":[],"categories":["2004 albums"],"headings":["Track listing","Personnel","References"],"image":["//upload.wikimedia.org/wikipedia/en/thumb/8/86/Fleshfieldstrain.jpg/220px-Fleshfieldstrain.jpg","//bits.wikimedia.org/static-1.21wmf11/skins/vector/images/search-ltr.png?303-4","//bits.wikimedia.org/images/wikimedia-button.png","//bits.wikimedia.org/static-1.21wmf11/skins/common/images/poweredby_mediawiki_88x31.png"],"tags":[],"members":[],"related":["Flesh_Field","Industrial_music","Electronica","Orchestrated","Metropolis_Records","Dependent_Records","Studio_album","Industrial_music","Flesh_Field","Metropolis_Records"]}