{"cursor":"7798","size":15,"audio":[],"currentlang":"en","article":"{{Infobox settlement | official_name = Multifunction Polis | image_skyline = |\nimage_map =| mapsize = 250px| map_caption = | image_caption = | subdivision_type\n= City| subdivision_name = | leader_title = | leader_name = | area_note = |\narea_magnitude = | area_total_km2 = | area_land_km2 = | area_water_km2 = |\npopulation_as_of = Projected | population_total = 1000000 | population_metro = |\npopulation_density_km2 = |\n| timezone = utc =\n\nlatitude = | longitude = | website = | footnotes = | }} The 'Multifunction\nPolis' (MFP) was a controversial proposal for a planned community in Australia\nfirst proposed in 1987 which was abandoned in 1998.\n\nThe MFP was to have an initial population of over 100,000 and include futuristic\nvillages containing housing, education, employment and recreation.   A modern communication system was proposed to\nattract high tech industry. Asian investors were targeted as the source of funds\nfor infrastructure, with an emphasis on Japanese investors.\n\nSeveral locations were put forward and in 1990, a site north of Adelaide was\nselected. The proposal generated considerable opposition in Australia, and many\nviewed the project as a virtual Japanese settlement on Australian soil. However funding for the MFP never eventuated.\n","linknr":146,"url":"Multifunction_Polis","recorded":1364226649,"links":["/w/index.php?title=Multifunction_Polis&action=edit","/w/index.php?title=Multifunction_Polis&action=edit","//en.wikipedia.org/apple-touch-icon.png","//bits.wikimedia.org/favicon/wikipedia.ico","/w/opensearch_desc.php","//en.wikipedia.org/w/api.php?action=rsd","//creativecommons.org/licenses/by-sa/3.0/","/w/index.php?title=Special:RecentChanges&feed=atom","//bits.wikimedia.org/en.wikipedia.org/load.php?debug=false&lang=en&modules=ext.gadget.DRN-wizard%2CReferenceTooltips%2Ccharinsert%2Cteahouse%7Cext.wikihiero%7Cmediawiki.legacy.commonPrint%2Cshared%7Cmw.PopUpMediaTransform%7Cskins.vector&only=styles&skin=vector&*","//bits.wikimedia.org/en.wikipedia.org/load.php?debug=false&lang=en&modules=site&only=styles&skin=vector&*","//bits.wikimedia.org/en.wikipedia.org/load.php?debug=false&lang=en&modules=startup&only=scripts&skin=vector&*","//bits.wikimedia.org/geoiplookup","//meta.wikimedia.org","#mw-head","#p-search","/wiki/List_of_cities_in_Australia","/wiki/Planned_community","/wiki/Australia","#cite_note-Australian_failure-1","/wiki/Asian_people","/wiki/Japan","/wiki/Adelaide","#cite_note-Technopoles-2","#History","#Opposition_to_the_Multifunction_Polis","#Current_status","#References","/w/index.php?title=Multifunction_Polis&action=edit&section=1","/wiki/John_Button","/wiki/Canberra","#cite_note-Technopoles-2","#cite_note-Technopoles-2","#cite_note-Technopoles-2","/wiki/Gold_Coast,_Queensland","/wiki/Committee_For_Melbourne","/wiki/Melbourne_Docklands","#cite_note-3","/wiki/Adelaide","#cite_note-SMH_city-4","#cite_note-Technopoles-2","#cite_note-Technopoles-2","/wiki/South_Australia","/wiki/John_Olsen","#cite_note-Australian_failure-1","#cite_note-SMH_city-4","#cite_note-SMH_city-4","#cite_note-Australian_failure-1","#cite_note-Australian_failure-1","/w/index.php?title=Multifunction_Polis&action=edit&section=2","/wiki/Liberal_Party_of_Australia","/wiki/Andrew_Peacock","/wiki/Returned_and_Services_League_of_Australia","/wiki/Brigadier_Alf_Garland","#cite_note-Woomera-5","/wiki/The_Daily_Mirror_(Australia)","/wiki/Asian_people","#cite_note-Woomera-5","/wiki/Victoria_(Australia)","/wiki/Returned_and_Services_League_of_Australia","/wiki/Bruce_Ruxton","#cite_note-Good_Weekend-6","/w/index.php?title=Multifunction_Polis&action=edit&section=3","/wiki/Technology_Park_Adelaide","/wiki/Mawson_Lakes","/w/index.php?title=Multifunction_Polis&action=edit&section=4","#cite_ref-Australian_failure_1-0","#cite_ref-Australian_failure_1-1","#cite_ref-Australian_failure_1-2","#cite_ref-Australian_failure_1-3","/wiki/The_Australian","#cite_ref-Technopoles_2-0","#cite_ref-Technopoles_2-1","#cite_ref-Technopoles_2-2","#cite_ref-Technopoles_2-3","#cite_ref-Technopoles_2-4","#cite_ref-Technopoles_2-5","http://books.google.com/books?id=X78YaIfP1CoC&pg=PA273&lpg=PA273&dq=%22multifunctional+polis%22&source=web&ots=c6BNahguBe&sig=HBLAyokOc7zUGB2huEoNSSFZ7nk#PPA206,M1","/wiki/Routledge","/wiki/International_Standard_Book_Number","/wiki/Special:BookSources/0-415-10015-1","#cite_ref-3","#cite_ref-SMH_city_4-0","#cite_ref-SMH_city_4-1","#cite_ref-SMH_city_4-2","/wiki/The_Sydney_Morning_Herald","#cite_ref-Woomera_5-0","#cite_ref-Woomera_5-1","http://books.google.com/books?id=JPzMx64wXKUC&pg=PA107&lpg=PA107&dq=%22multifunctional+polis%22&source=web&ots=VdUmYfOnHB&sig=u0n_IAKGvTGqlt9gBYgADlnsSJ0","/wiki/Cambridge_University_Press","/wiki/International_Standard_Book_Number","/wiki/Special:BookSources/0-521-69789-1","#cite_ref-Good_Weekend_6-0","/wiki/Good_Weekend_(Sydney_Morning_Herald)","http://en.wikipedia.org/w/index.php?title=Multifunction_Polis&oldid=506191817","/wiki/Help:Categories","/wiki/Category:History_of_Adelaide","/wiki/Category:South_Australia_articles_missing_geocoordinate_data","/wiki/Category:All_articles_needing_coordinates","/w/index.php?title=Special:UserLogin&returnto=Multifunction+Polis&type=signup","/w/index.php?title=Special:UserLogin&returnto=Multifunction+Polis","/wiki/Multifunction_Polis","/wiki/Talk:Multifunction_Polis","#","/wiki/Multifunction_Polis","/w/index.php?title=Multifunction_Polis&action=edit","/w/index.php?title=Multifunction_Polis&action=history","#","/w/index.php","//bits.wikimedia.org/static-1.21wmf11/skins/vector/images/search-ltr.png?303-4","/wiki/Main_Page","/wiki/Main_Page","/wiki/Portal:Contents","/wiki/Portal:Featured_content","/wiki/Portal:Current_events","/wiki/Special:Random","//donate.wikimedia.org/wiki/Special:FundraiserRedirector?utm_source=donate&utm_medium=sidebar&utm_campaign=C13_en.wikipedia.org&uselang=en","/wiki/Help:Contents","/wiki/Wikipedia:About","/wiki/Wikipedia:Community_portal","/wiki/Special:RecentChanges","/wiki/Wikipedia:Contact_us","/wiki/Special:WhatLinksHere/Multifunction_Polis","/wiki/Special:RecentChangesLinked/Multifunction_Polis","/wiki/Wikipedia:File_Upload_Wizard","/wiki/Special:SpecialPages","/w/index.php?title=Multifunction_Polis&oldid=506191817","/w/index.php?title=Multifunction_Polis&action=info","/w/index.php?title=Special:Cite&page=Multifunction_Polis&id=506191817","/w/index.php?title=Special:Book&bookcmd=book_creator&referer=Multifunction+Polis","/w/index.php?title=Special:Book&bookcmd=render_article&arttitle=Multifunction+Polis&oldid=506191817&writer=rl","/w/index.php?title=Multifunction_Polis&printable=yes","//en.wikipedia.org/wiki/Wikipedia:Text_of_Creative_Commons_Attribution-ShareAlike_3.0_Unported_License","//creativecommons.org/licenses/by-sa/3.0/","//wikimediafoundation.org/wiki/Terms_of_Use","//www.wikimediafoundation.org/","//en.wikipedia.org/wiki/Wikipedia:Contact_us","//wikimediafoundation.org/wiki/Privacy_policy","/wiki/Wikipedia:About","/wiki/Wikipedia:General_disclaimer","http://en.m.wikipedia.org/wiki/Multifunction_Polis","//wikimediafoundation.org/","//bits.wikimedia.org/images/wikimedia-button.png","//www.mediawiki.org/","//bits.wikimedia.org/static-1.21wmf11/skins/common/images/poweredby_mediawiki_88x31.png","//bits.wikimedia.org/en.wikipedia.org/load.php?debug=false&lang=en&modules=skins.vector&only=scripts&skin=vector&*","/w/index.php?title=MediaWiki:Gadget-ReferenceTooltips.js&action=raw&ctype=text/javascript&508635914","//bits.wikimedia.org/en.wikipedia.org/load.php?debug=false&lang=en&modules=site&only=scripts&skin=vector&*"],"instances":["australia"],"pdf":[],"categories":["History of Adelaide"],"headings":["History","Opposition to the Multifunction Polis","Current status","References"],"image":["//bits.wikimedia.org/static-1.21wmf11/skins/vector/images/search-ltr.png?303-4","//bits.wikimedia.org/images/wikimedia-button.png","//bits.wikimedia.org/static-1.21wmf11/skins/common/images/poweredby_mediawiki_88x31.png"],"tags":[["victoria","australia"]],"members":["victoria"],"related":["List_of_cities_in_Australia","Planned_community","Australia","Asian_people","Japan","Adelaide","John_Button","Canberra","Gold_Coast,_Queensland","Committee_For_Melbourne","Melbourne_Docklands","Adelaide","South_Australia","John_Olsen","Liberal_Party_of_Australia","Andrew_Peacock","Returned_and_Services_League_of_Australia","Brigadier_Alf_Garland","Asian_people","Victoria_(Australia)","Returned_and_Services_League_of_Australia","Bruce_Ruxton","Technology_Park_Adelaide","Mawson_Lakes"]}