{"cursor":"6864","size":15,"audio":[],"currentlang":"en","article":"\n\n'Interferon beta' is a protein that in humans is encoded by the IFNB1 gene. It is a recombinant protein with antiviral, antibacterial,\nand anticancer properties.   {{PBB_Summary\n| section_title = summary_text =\n}}\n","linknr":453,"url":"IFNB1","recorded":1362504362,"links":20,"instances":[],"pdf":[],"categories":[],"headings":["References","Further reading"],"image":["//upload.wikimedia.org/wikipedia/commons/thumb/0/0f/Mergefrom.svg/50px-Mergefrom.svg.png","//upload.wikimedia.org/wikipedia/commons/thumb/0/0c/Protein_IFNB1_PDB_1au1.png/250px-Protein_IFNB1_PDB_1au1.png","//upload.wikimedia.org/wikipedia/commons/thumb/1/14/PBB_GE_IFNB1_208173_at_tn.png/250px-PBB_GE_IFNB1_208173_at_tn.png","//upload.wikimedia.org/wikipedia/commons/thumb/f/f0/PDB_1au1_EBI.jpg/180px-PDB_1au1_EBI.jpg","//upload.wikimedia.org/wikipedia/commons/thumb/6/61/DNA_stub.png/40px-DNA_stub.png","//bits.wikimedia.org/static-1.21wmf10/skins/vector/images/search-ltr.png?303-4","//bits.wikimedia.org/images/wikimedia-button.png","//bits.wikimedia.org/static-1.21wmf10/skins/common/images/poweredby_mediawiki_88x31.png"],"tags":[],"members":[],"related":["Protein","Gene"]}