{"cursor":"3554","size":15,"audio":[],"currentlang":"en","article":"\n{{Infobox single\n | Name = Engel Cover = Engel.jpg Artist = Rammstein featuring Bobo from Album =\n | Sehnsucht Released = 1 April 1997 Format = CD Recorded = Temple Studios,\n | Malta, 1997 Genre = Neue Deutsche HÃ¤rte Industrial metal Length = 4:24\n | Writer = Richard Z. Kruspe Label = Motor Producer = Jacob Hellner with\n | Rammstein Last single = \"Seemann\" (1996) This single = \"Engel\" (1997)\n | Next single = \"Du hast\" (1997)\n}}\n\n\"'Engel'\" (German for Angel) is a song by German Industrial metal band\nRammstein. The song is released as the first single from their second album\n[[Sehnsucht (Rammstein album)|Sehnsucht]]. An English version of Engel can be\nfound on US special editions of the Sehnsucht album.\n","linknr":219,"url":"Engel_(song)","recorded":1364144001,"links":["/w/index.php?title=Engel_(song)&action=edit","/w/index.php?title=Engel_(song)&action=edit","//en.wikipedia.org/apple-touch-icon.png","//bits.wikimedia.org/favicon/wikipedia.ico","/w/opensearch_desc.php","//en.wikipedia.org/w/api.php?action=rsd","//creativecommons.org/licenses/by-sa/3.0/","/w/index.php?title=Special:RecentChanges&feed=atom","//bits.wikimedia.org/en.wikipedia.org/load.php?debug=false&lang=en&modules=ext.gadget.DRN-wizard%2CReferenceTooltips%2Ccharinsert%2Cteahouse%7Cext.wikihiero%7Cmediawiki.legacy.commonPrint%2Cshared%7Cmw.PopUpMediaTransform%7Cskins.vector&only=styles&skin=vector&*","//bits.wikimedia.org/en.wikipedia.org/load.php?debug=false&lang=en&modules=site&only=styles&skin=vector&*","//bits.wikimedia.org/en.wikipedia.org/load.php?debug=false&lang=en&modules=startup&only=scripts&skin=vector&*","//bits.wikimedia.org/geoiplookup","//meta.wikimedia.org","#mw-head","#p-search","//upload.wikimedia.org/wikipedia/en/f/f4/Ambox_content.png","/wiki/Wikipedia:Notability_(music)","/wiki/Wikipedia:Identifying_reliable_sources","/wiki/Wikipedia:Merge","/wiki/Wikipedia:Redirect","/wiki/Wikipedia:Deletion_policy","http://www.google.com/search?as_eq=wikipedia&q=%22Engel+%28song%29%22&num=50","http://www.google.com/search?q=%22Engel+%28song%29%22&tbm=nws&tbs=ar:1","http://www.google.com/search?tbs=bks:1&q=%22Engel+%28song%29%22","http://scholar.google.com/scholar?q=%22Engel+%28song%29%22","http://www.jstor.org/action/doBasicSearch?Query=%22Engel+%28song%29%22&acc=on&wc=on","http://images.google.com/images?safe=off&as_rights=(cc_publicdomain%7ccc_attribute%7ccc_sharealike%7ccc_noncommercial%7ccc_nonderived)&q=%22Engel+%28song%29%22","/wiki/File:Engel.jpg","//upload.wikimedia.org/wikipedia/en/8/8f/Engel.jpg","/wiki/Single_(music)","/wiki/Rammstein","/wiki/Bobo_(singer)","/wiki/Sehnsucht_(Rammstein_album)","/wiki/CD","/wiki/Malta","/wiki/Music_genre","/wiki/Neue_Deutsche_H%C3%A4rte","/wiki/Industrial_metal","/wiki/Record_label","/wiki/Motor_Music_Records","/wiki/Songwriter","/wiki/Richard_Z._Kruspe","/wiki/Record_producer","/wiki/Jacob_Hellner","/wiki/Rammstein","/wiki/Rammstein","/wiki/Bobo_(singer)","/wiki/Seemann_(single)","/wiki/Du_hast","/wiki/German_language","/wiki/Industrial_metal","/wiki/Rammstein","/wiki/Sehnsucht_(Rammstein_album)","#Recording","#Music_video","#Live_performances","#Track_listings","#Single","#Fan_Edition","#External_links","/w/index.php?title=Engel_(song)&action=edit&section=1","/wiki/Bobo_(singer)","/wiki/Pop_music","/wiki/Bobo_in_White_Wooden_Houses","/w/index.php?title=Engel_(song)&action=edit&section=2","/wiki/From_Dusk_Till_Dawn","/wiki/Christian_Lorenz","/wiki/Paul_Landers","/w/index.php?title=Engel_(song)&action=edit&section=3","/wiki/Mutter","http://www.youtube.com/watch?v=M9YkX7pBRm8","/wiki/File:Till-ENGEL2.jpg","//upload.wikimedia.org/wikipedia/commons/thumb/2/20/Till-ENGEL2.jpg/220px-Till-ENGEL2.jpg","/wiki/File:Till-ENGEL2.jpg","//bits.wikimedia.org/static-1.21wmf11/skins/common/images/magnify-clip.png","/w/index.php?title=Engel_(song)&action=edit&section=4","/w/index.php?title=Engel_(song)&action=edit&section=5","/wiki/Radio_edit","/wiki/Instrumental","/w/index.php?title=Engel_(song)&action=edit&section=6","/w/index.php?title=Engel_(song)&action=edit&section=7","http://www.metrolyrics.com/wilder-wein-lyrics-rammstein.html","/wiki/MetroLyrics","/wiki/Template:Rammstein","/wiki/Template_talk:Rammstein","//en.wikipedia.org/w/index.php?title=Template:Rammstein&action=edit","/wiki/Rammstein","/wiki/Till_Lindemann","/wiki/Christoph_Schneider","/wiki/Richard_Z._Kruspe","/wiki/Oliver_Riedel","/wiki/Paul_Landers","/wiki/Christian_Lorenz","/wiki/Herzeleid","/wiki/Sehnsucht_(Rammstein_album)","/wiki/Mutter","/wiki/Reise,_Reise","/wiki/Rosenrot","/wiki/Liebe_ist_f%C3%BCr_alle_da","/wiki/Du_riechst_so_gut","/wiki/Seemann","/wiki/Du_hast","/wiki/Das_Model#Rammstein_version","/wiki/Du_riechst_so_gut#1998_re-release","/wiki/Stripped_(song)#Rammstein_cover","/wiki/Asche_zu_Asche","/wiki/Sonne_(Rammstein_song)","/wiki/Links_2-3-4","/wiki/Ich_will","/wiki/Mutter_(song)","/wiki/Feuer_frei!","/wiki/Mein_Teil","/wiki/Amerika_(song)","/wiki/Ohne_dich","/wiki/Keine_Lust","/wiki/Benzin","/wiki/Rosenrot_(song)","/wiki/Mann_gegen_Mann","/wiki/Pussy_(song)","/wiki/Ich_tu_dir_weh","/wiki/Haifisch","/wiki/Mein_Land","/wiki/Mein_Herz_brennt","/wiki/Original_Single_Kollektion","/wiki/Made_in_Germany_1995%E2%80%932011","/wiki/Live_aus_Berlin","/wiki/Lichtspielhaus","/wiki/V%C3%B6lkerball","/wiki/Herzeleid_Tour","/wiki/Sehnsucht_Tour","/wiki/Mutter_Tour","/wiki/Ahoi_Tour","/wiki/Liebe_ist_f%C3%BCr_alle_da_Tour","/wiki/Made_in_Germany_1995%E2%80%932011_(tour)","/wiki/Rammstein_discography","/wiki/Shtil_(Calm)#Till_Lindemann_and_Richard_Z._Kruspe_version","/wiki/Emigrate_(band)","/wiki/Feeling_B","/wiki/Rammstein_demos","//upload.wikimedia.org/wikipedia/commons/thumb/8/89/Symbol_book_class2.svg/16px-Symbol_book_class2.svg.png","/wiki/Book:Rammstein","//upload.wikimedia.org/wikipedia/en/thumb/4/48/Folder_Hexagonal_Icon.svg/16px-Folder_Hexagonal_Icon.svg.png","/wiki/Category:Rammstein","//upload.wikimedia.org/wikipedia/en/thumb/f/fd/Portal-puzzle.svg/16px-Portal-puzzle.svg.png","/wiki/Portal:Heavy_metal","http://en.wikipedia.org/w/index.php?title=Engel_(song)&oldid=543808384","/wiki/Help:Categories","/wiki/Category:Rammstein_songs","/wiki/Category:1997_singles","/wiki/Category:Articles_with_topics_of_unclear_notability_from_June_2012","/wiki/Category:All_articles_with_topics_of_unclear_notability","/w/index.php?title=Special:UserLogin&returnto=Engel+%28song%29&type=signup","/w/index.php?title=Special:UserLogin&returnto=Engel+%28song%29","/wiki/Engel_(song)","/wiki/Talk:Engel_(song)","#","/wiki/Engel_(song)","/w/index.php?title=Engel_(song)&action=edit","/w/index.php?title=Engel_(song)&action=history","#","/w/index.php","//bits.wikimedia.org/static-1.21wmf11/skins/vector/images/search-ltr.png?303-4","/wiki/Main_Page","/wiki/Main_Page","/wiki/Portal:Contents","/wiki/Portal:Featured_content","/wiki/Portal:Current_events","/wiki/Special:Random","//donate.wikimedia.org/wiki/Special:FundraiserRedirector?utm_source=donate&utm_medium=sidebar&utm_campaign=C13_en.wikipedia.org&uselang=en","/wiki/Help:Contents","/wiki/Wikipedia:About","/wiki/Wikipedia:Community_portal","/wiki/Special:RecentChanges","/wiki/Wikipedia:Contact_us","/wiki/Special:WhatLinksHere/Engel_(song)","/wiki/Special:RecentChangesLinked/Engel_(song)","/wiki/Wikipedia:File_Upload_Wizard","/wiki/Special:SpecialPages","/w/index.php?title=Engel_(song)&oldid=543808384","/w/index.php?title=Engel_(song)&action=info","/w/index.php?title=Special:Cite&page=Engel_%28song%29&id=543808384","/w/index.php?title=Special:Book&bookcmd=book_creator&referer=Engel+%28song%29","/w/index.php?title=Special:Book&bookcmd=render_article&arttitle=Engel+%28song%29&oldid=543808384&writer=rl","/w/index.php?title=Engel_(song)&printable=yes","//bg.wikipedia.org/wiki/Engel_(%D1%81%D0%B8%D0%BD%D0%B3%D1%8A%D0%BB)","//cs.wikipedia.org/wiki/Engel_(singl)","//es.wikipedia.org/wiki/Engel","//fa.wikipedia.org/wiki/%D9%81%D8%B1%D8%B4%D8%AA%D9%87_(%D8%AA%D8%B1%D8%A7%D9%86%D9%87)","//fr.wikipedia.org/wiki/Engel_(chanson)","//hy.wikipedia.org/wiki/Engel","//hr.wikipedia.org/wiki/Engel","//it.wikipedia.org/wiki/Engel","//lv.wikipedia.org/wiki/Engel","//hu.wikipedia.org/wiki/Engel","//nl.wikipedia.org/wiki/Engel_(single)","//pl.wikipedia.org/wiki/Engel","//pt.wikipedia.org/wiki/Engel","//ru.wikipedia.org/wiki/Engel_(%D0%BF%D0%B5%D1%81%D0%BD%D1%8F)","//fi.wikipedia.org/wiki/Engel_(kappale)","//sv.wikipedia.org/wiki/Engel_(singel)","//tr.wikipedia.org/wiki/Engel_(%C5%9Fark%C4%B1)","//uk.wikipedia.org/wiki/Engel","//zh.wikipedia.org/wiki/Engel_(%E6%AD%8C%E6%9B%B2)","//www.wikidata.org/wiki/Special:ItemByTitle/enwiki/Engel (song)","//en.wikipedia.org/wiki/Wikipedia:Text_of_Creative_Commons_Attribution-ShareAlike_3.0_Unported_License","//creativecommons.org/licenses/by-sa/3.0/","//wikimediafoundation.org/wiki/Terms_of_Use","//www.wikimediafoundation.org/","//en.wikipedia.org/wiki/Wikipedia:Contact_us","//wikimediafoundation.org/wiki/Privacy_policy","/wiki/Wikipedia:About","/wiki/Wikipedia:General_disclaimer","http://en.m.wikipedia.org/wiki/Engel_(song)","//wikimediafoundation.org/","//bits.wikimedia.org/images/wikimedia-button.png","//www.mediawiki.org/","//bits.wikimedia.org/static-1.21wmf11/skins/common/images/poweredby_mediawiki_88x31.png","//bits.wikimedia.org/en.wikipedia.org/load.php?debug=false&lang=en&modules=skins.vector&only=scripts&skin=vector&*","/w/index.php?title=MediaWiki:Gadget-ReferenceTooltips.js&action=raw&ctype=text/javascript&508635914","//bits.wikimedia.org/en.wikipedia.org/load.php?debug=false&lang=en&modules=site&only=scripts&skin=vector&*"],"instances":["rammstein_album","singer","single"],"pdf":[],"categories":["Rammstein songs","1997 singles"],"headings":["Recording","Music video","Live performances","Track listings","External links"],"image":["//upload.wikimedia.org/wikipedia/en/f/f4/Ambox_content.png","//upload.wikimedia.org/wikipedia/en/8/8f/Engel.jpg","//upload.wikimedia.org/wikipedia/commons/thumb/2/20/Till-ENGEL2.jpg/220px-Till-ENGEL2.jpg","//bits.wikimedia.org/static-1.21wmf11/skins/common/images/magnify-clip.png","//upload.wikimedia.org/wikipedia/commons/thumb/8/89/Symbol_book_class2.svg/16px-Symbol_book_class2.svg.png","//upload.wikimedia.org/wikipedia/en/thumb/4/48/Folder_Hexagonal_Icon.svg/16px-Folder_Hexagonal_Icon.svg.png","//upload.wikimedia.org/wikipedia/en/thumb/f/fd/Portal-puzzle.svg/16px-Portal-puzzle.svg.png","//bits.wikimedia.org/static-1.21wmf11/skins/vector/images/search-ltr.png?303-4","//bits.wikimedia.org/images/wikimedia-button.png","//bits.wikimedia.org/static-1.21wmf11/skins/common/images/poweredby_mediawiki_88x31.png"],"tags":[["bobo","singer"],["sehnsucht","rammstein_album"],["seemann","single"],["bobo","singer"]],"members":["sehnsucht","bobo","seemann"],"related":["Rammstein","Bobo_(singer)","Sehnsucht_(Rammstein_album)","CD","Malta","Neue_Deutsche_Härte","Industrial_metal","Richard_Z._Kruspe","Motor_Music_Records","Jacob_Hellner","Rammstein","Seemann_(single)","Du_hast","German_language","Industrial_metal","Rammstein","Bobo_(singer)","Pop_music","Bobo_in_White_Wooden_Houses","Christian_Lorenz","Paul_Landers","Mutter","Radio_edit","Instrumental"]}