{"cursor":"6360","size":15,"audio":[],"currentlang":"en","article":"\n'Ornamental grasses' are grasses grown as ornamental plants. They have become\nincreasingly popular in gardens in recent years.\n","linknr":218,"url":"Ornamental_grass","recorded":1364198217,"links":["/w/index.php?title=Ornamental_grass&action=edit","/w/index.php?title=Ornamental_grass&action=edit","//en.wikipedia.org/apple-touch-icon.png","//bits.wikimedia.org/favicon/wikipedia.ico","/w/opensearch_desc.php","//en.wikipedia.org/w/api.php?action=rsd","//creativecommons.org/licenses/by-sa/3.0/","/w/index.php?title=Special:RecentChanges&feed=atom","//bits.wikimedia.org/en.wikipedia.org/load.php?debug=false&lang=en&modules=ext.gadget.DRN-wizard%2CReferenceTooltips%2Ccharinsert%2Cteahouse%7Cext.wikihiero%7Cmediawiki.legacy.commonPrint%2Cshared%7Cmw.PopUpMediaTransform%7Cskins.vector&only=styles&skin=vector&*","//bits.wikimedia.org/en.wikipedia.org/load.php?debug=false&lang=en&modules=site&only=styles&skin=vector&*","//bits.wikimedia.org/en.wikipedia.org/load.php?debug=false&lang=en&modules=startup&only=scripts&skin=vector&*","//bits.wikimedia.org/geoiplookup","//meta.wikimedia.org","#mw-head","#p-search","/wiki/File:Question_book-new.svg","//upload.wikimedia.org/wikipedia/en/thumb/9/99/Question_book-new.svg/50px-Question_book-new.svg.png","/wiki/Wikipedia:Citing_sources","/wiki/Wikipedia:Verifiability","//en.wikipedia.org/w/index.php?title=Ornamental_grass&action=edit","/wiki/Help:Introduction_to_referencing/1","/wiki/Wikipedia:Verifiability#Burden_of_evidence","/wiki/Grass","/wiki/Ornamental_plant","/wiki/Garden","#Classifications","#Habits","#Examples","#Sedges","#See_also","#References","#Images","/w/index.php?title=Ornamental_grass&action=edit&section=1","/w/index.php?title=Ornamental_grass&action=edit&section=2","/wiki/Perennial_plant","/wiki/Root","/wiki/Energy","/wiki/Fall","/wiki/Bamboo","/wiki/Evergreen","/wiki/Annual_plant","/wiki/Bunch_grass","/wiki/Tussock_(grass)","/wiki/Cultivar","/wiki/Vegetative_reproduction","/wiki/Cortaderia_selloana","/wiki/Muhlenbergia_rigens","/wiki/Leymus_condensatus","/wiki/Natural_landscaping","/wiki/Native_plant","/wiki/Miscanthus","/wiki/Cloud","/wiki/Day","/wiki/Sunlight","/wiki/Pennisetum","/wiki/Stipa","/wiki/Wildland-urban_interface","/wiki/Invasive_species","/wiki/Cortaderia_jubata","/wiki/Pennisetum_setaceum","/wiki/Nassella","/w/index.php?title=Ornamental_grass&action=edit&section=3","/wiki/Agrostis_nebulosa","/w/index.php?title=Calamagrostis_%C3%97_acutiflora&action=edit&redlink=1","/wiki/Cultivar","#cite_note-RHSDatabase-1","/w/index.php?title=Calamagrostis_brachytricha&action=edit&redlink=1","/wiki/Award_of_Garden_Merit","#cite_note-RHSDatabase-1","/wiki/Calamagrostis_foliosa","/wiki/Cortaderia_selloana","#cite_note-RHSDatabase-1","/wiki/Tufted_Hair-grass","#cite_note-RHSDatabase-1","/wiki/Festuca_arundinacea","#cite_note-RHSDatabase-1","/wiki/Festuca_californica","/wiki/Festuca_glauca","#cite_note-RHSDatabase-1","/wiki/Festuca_idahoensis","/wiki/Festuca_ovina","#cite_note-RHSDatabase-1","/wiki/Festuca_rubra","#cite_note-RHSDatabase-1","/wiki/Blue_oat_grass","#cite_note-RHSDatabase-1","/wiki/Leymus_condensatus","/wiki/Melica_imperfecta","/wiki/Miscanthus_sinensis","#cite_note-RHSDatabase-1","/wiki/Muhlenbergia_rigens","/wiki/Panicum_virgatum","/wiki/Pennisetum_alopecuroides","#cite_note-RHSDatabase-1","/wiki/Pennisetum_setaceum","#cite_note-RHSDatabase-1","/wiki/Pennisetum_villosum","#cite_note-RHSDatabase-1","/wiki/Stipa_gigantea","#cite_note-RHSDatabase-1","/w/index.php?title=Stipa_tenuissima&action=edit&redlink=1","#cite_note-RHSDatabase-1","/w/index.php?title=Ornamental_grass&action=edit&section=4","/w/index.php?title=Carex_comans&action=edit&redlink=1","#cite_note-RHSDatabase-1","/w/index.php?title=Carex_elata&action=edit&redlink=1","#cite_note-RHSDatabase-1","/wiki/Carex_flacca","/w/index.php?title=Carex_oshimensis&action=edit&redlink=1","#cite_note-RHSDatabase-1","/wiki/Carex_pansa","/wiki/Carex_pendula","#cite_note-RHSDatabase-1","/wiki/Carex_praegracilis","/wiki/Carex_siderosticha","#cite_note-RHSDatabase-1","/wiki/Carex_spissa","/wiki/Carex","#cite_note-RHSDatabase-1","/w/index.php?title=Uncinia_rubra&action=edit&redlink=1","#cite_note-RHSDatabase-1","/w/index.php?title=Ornamental_grass&action=edit&section=5","/wiki/Bunch_grass","/wiki/Poaceae","/w/index.php?title=Ornamental_grass&action=edit&section=6","#cite_ref-RHSDatabase_1-0","#cite_ref-RHSDatabase_1-1","#cite_ref-RHSDatabase_1-2","#cite_ref-RHSDatabase_1-3","#cite_ref-RHSDatabase_1-4","#cite_ref-RHSDatabase_1-5","#cite_ref-RHSDatabase_1-6","#cite_ref-RHSDatabase_1-7","#cite_ref-RHSDatabase_1-8","#cite_ref-RHSDatabase_1-9","#cite_ref-RHSDatabase_1-10","#cite_ref-RHSDatabase_1-11","#cite_ref-RHSDatabase_1-12","#cite_ref-RHSDatabase_1-13","#cite_ref-RHSDatabase_1-14","#cite_ref-RHSDatabase_1-15","#cite_ref-RHSDatabase_1-16","#cite_ref-RHSDatabase_1-17","#cite_ref-RHSDatabase_1-18","#cite_ref-RHSDatabase_1-19","#cite_ref-RHSDatabase_1-20","#cite_ref-RHSDatabase_1-21","http://apps.rhs.org.uk/horticulturaldatabase","/w/index.php?title=Ornamental_grass&action=edit&section=7","/wiki/File:Calamagrostis_x_acutiflora_%27Karl_Foerster%27.jpg","//upload.wikimedia.org/wikipedia/commons/thumb/2/2c/Calamagrostis_x_acutiflora_%27Karl_Foerster%27.jpg/120px-Calamagrostis_x_acutiflora_%27Karl_Foerster%27.jpg","/wiki/File:Nationwide_Building_Society,_Piper%27s_Way,_Swindon_-_geograph.org.uk_-_602240.jpg","//upload.wikimedia.org/wikipedia/commons/thumb/1/1b/Nationwide_Building_Society%2C_Piper%27s_Way%2C_Swindon_-_geograph.org.uk_-_602240.jpg/90px-Nationwide_Building_Society%2C_Piper%27s_Way%2C_Swindon_-_geograph.org.uk_-_602240.jpg","/wiki/File:PampasGrass.jpg","//upload.wikimedia.org/wikipedia/commons/thumb/5/53/PampasGrass.jpg/77px-PampasGrass.jpg","/wiki/File:Ornamental_grasses_at_Blackbrook_Farm_-_geograph.org.uk_-_1546097.jpg","//upload.wikimedia.org/wikipedia/commons/thumb/f/fb/Ornamental_grasses_at_Blackbrook_Farm_-_geograph.org.uk_-_1546097.jpg/120px-Ornamental_grasses_at_Blackbrook_Farm_-_geograph.org.uk_-_1546097.jpg","/wiki/File:Minnesota_Landscape_Arboretum_1.jpg","//upload.wikimedia.org/wikipedia/commons/thumb/e/e6/Minnesota_Landscape_Arboretum_1.jpg/120px-Minnesota_Landscape_Arboretum_1.jpg","/wiki/File:WinterMiscanthus.jpg","//upload.wikimedia.org/wikipedia/commons/thumb/9/93/WinterMiscanthus.jpg/120px-WinterMiscanthus.jpg","http://en.wikipedia.org/w/index.php?title=Ornamental_grass&oldid=543945881","/wiki/Help:Categories","/wiki/Category:Grasses","/wiki/Category:Garden_plants","/wiki/Category:Articles_lacking_sources_from_March_2008","/wiki/Category:All_articles_lacking_sources","/w/index.php?title=Special:UserLogin&returnto=Ornamental+grass&type=signup","/w/index.php?title=Special:UserLogin&returnto=Ornamental+grass","/wiki/Ornamental_grass","/wiki/Talk:Ornamental_grass","#","/wiki/Ornamental_grass","/w/index.php?title=Ornamental_grass&action=edit","/w/index.php?title=Ornamental_grass&action=history","#","/w/index.php","//bits.wikimedia.org/static-1.21wmf11/skins/vector/images/search-ltr.png?303-4","/wiki/Main_Page","/wiki/Main_Page","/wiki/Portal:Contents","/wiki/Portal:Featured_content","/wiki/Portal:Current_events","/wiki/Special:Random","//donate.wikimedia.org/wiki/Special:FundraiserRedirector?utm_source=donate&utm_medium=sidebar&utm_campaign=C13_en.wikipedia.org&uselang=en","/wiki/Help:Contents","/wiki/Wikipedia:About","/wiki/Wikipedia:Community_portal","/wiki/Special:RecentChanges","/wiki/Wikipedia:Contact_us","/wiki/Special:WhatLinksHere/Ornamental_grass","/wiki/Special:RecentChangesLinked/Ornamental_grass","/wiki/Wikipedia:File_Upload_Wizard","/wiki/Special:SpecialPages","/w/index.php?title=Ornamental_grass&oldid=543945881","/w/index.php?title=Ornamental_grass&action=info","/w/index.php?title=Special:Cite&page=Ornamental_grass&id=543945881","/w/index.php?title=Special:Book&bookcmd=book_creator&referer=Ornamental+grass","/w/index.php?title=Special:Book&bookcmd=render_article&arttitle=Ornamental+grass&oldid=543945881&writer=rl","/w/index.php?title=Ornamental_grass&printable=yes","//fr.wikipedia.org/wiki/Gramin%C3%A9e_ornementale","//nl.wikipedia.org/wiki/Siergras","//www.wikidata.org/wiki/Special:ItemByTitle/enwiki/Ornamental grass","//en.wikipedia.org/wiki/Wikipedia:Text_of_Creative_Commons_Attribution-ShareAlike_3.0_Unported_License","//creativecommons.org/licenses/by-sa/3.0/","//wikimediafoundation.org/wiki/Terms_of_Use","//www.wikimediafoundation.org/","//en.wikipedia.org/wiki/Wikipedia:Contact_us","//wikimediafoundation.org/wiki/Privacy_policy","/wiki/Wikipedia:About","/wiki/Wikipedia:General_disclaimer","http://en.m.wikipedia.org/wiki/Ornamental_grass","//wikimediafoundation.org/","//bits.wikimedia.org/images/wikimedia-button.png","//www.mediawiki.org/","//bits.wikimedia.org/static-1.21wmf11/skins/common/images/poweredby_mediawiki_88x31.png","//bits.wikimedia.org/en.wikipedia.org/load.php?debug=false&lang=en&modules=skins.vector&only=scripts&skin=vector&*","/w/index.php?title=MediaWiki:Gadget-ReferenceTooltips.js&action=raw&ctype=text/javascript&508635914","//bits.wikimedia.org/en.wikipedia.org/load.php?debug=false&lang=en&modules=site&only=scripts&skin=vector&*"],"instances":["grass"],"pdf":[],"categories":["Grasses|","Garden plants|*"],"headings":["Classifications","Habits","Examples","See also","References","Images"],"image":["//upload.wikimedia.org/wikipedia/en/thumb/9/99/Question_book-new.svg/50px-Question_book-new.svg.png","//upload.wikimedia.org/wikipedia/commons/thumb/2/2c/Calamagrostis_x_acutiflora_%27Karl_Foerster%27.jpg/120px-Calamagrostis_x_acutiflora_%27Karl_Foerster%27.jpg","//upload.wikimedia.org/wikipedia/commons/thumb/1/1b/Nationwide_Building_Society%2C_Piper%27s_Way%2C_Swindon_-_geograph.org.uk_-_602240.jpg/90px-Nationwide_Building_Society%2C_Piper%27s_Way%2C_Swindon_-_geograph.org.uk_-_602240.jpg","//upload.wikimedia.org/wikipedia/commons/thumb/5/53/PampasGrass.jpg/77px-PampasGrass.jpg","//upload.wikimedia.org/wikipedia/commons/thumb/f/fb/Ornamental_grasses_at_Blackbrook_Farm_-_geograph.org.uk_-_1546097.jpg/120px-Ornamental_grasses_at_Blackbrook_Farm_-_geograph.org.uk_-_1546097.jpg","//upload.wikimedia.org/wikipedia/commons/thumb/e/e6/Minnesota_Landscape_Arboretum_1.jpg/120px-Minnesota_Landscape_Arboretum_1.jpg","//upload.wikimedia.org/wikipedia/commons/thumb/9/93/WinterMiscanthus.jpg/120px-WinterMiscanthus.jpg","//bits.wikimedia.org/static-1.21wmf11/skins/vector/images/search-ltr.png?303-4","//bits.wikimedia.org/images/wikimedia-button.png","//bits.wikimedia.org/static-1.21wmf11/skins/common/images/poweredby_mediawiki_88x31.png"],"tags":[["tussock","grass"]],"members":["tussock"],"related":["Grass","Ornamental_plant","Garden","Perennial_plant","Root","Energy","Fall","Bamboo","Evergreen","Annual_plant","Bunch_grass","Tussock_(grass)","Cultivar","Vegetative_reproduction","Natural_landscaping","Native_plant","Cloud","Day","Sunlight","Wildland-urban_interface","Invasive_species","Cultivar","Award_of_Garden_Merit","Bunch_grass","Poaceae"]}