{"cursor":"99846","size":15,"audio":[],"currentlang":"en","article":"Bot}}\n\n (2000) at the Expo 2005, a humanoid robot]] welding robots used in a factory]]\n\nA 'robot' is a mechanical or virtual artificial agent, usually an electro-\nmechanical machine that is guided by a computer program or electronic circuitry.\nRobots can be autonomous, semi-autonomous or remotely controlled and range from\nhumanoids such as ASIMO and TOPIO to nano robots, 'swarm' robots, and industrial\nrobots. By mimicking a lifelike appearance or automating movements, a robot may\nconvey a sense of intelligence or thought of its own. The branch of technology\nthat deals with robots is called robotics.\n\n As\nmechanical techniques developed through the Industrial age, more practical\napplications were proposed by Nikola Tesla, who in 1898 designed a radio-\ncontrolled boat.  Electronics\nevolved into the driving force of development with the advent of the first\nelectronic autonomous robots created by William Grey Walter in Bristol, England\nin 1948. The first digital and programmable robot was invented by George Devol\nin 1954 and was named the Unimate. It was sold to General Motors in 1961 where\nit was used to lift pieces of hot metal from die casting machines at the Inland\nFisher Guide Plant in the West Trenton section of Ewing Township, New\nJersey. Pearce, Jeremy. [http://www.nytimes.com/2011/08/16/business/george-devol-developer-of-robot-\narm-dies-at-99.html \"George C. Devol, Inventor of Robot Arm, Dies at 99\"], [[The\nNew York Times]], August 15, 2011. Accessed February 7, 2012. \"In 1961, General\nMotors put the first Unimate arm on an assembly line at the companyâs plant in\nEwing Township, N.J., a suburb of Trenton. The device was used to lift and stack\ndie-cast metal parts taken hot from their molds.\"\n\nRobots have replaced humans in the assistance of performing those repetitive and\ndangerous tasks which humans prefer not to do, or are unable to do due to size\nlimitations, or even those such as in outer space or at the bottom of the sea\nwhere humans could not survive the extreme environments.\n\n There are concerns about the increasing use of robots\nand their role in society. Robots are blamed for rising unemployment as they\nreplace workers in some functions. The use of robots in military combat raises\nethical concerns. The possibility of robot autonomy and potential repercussions\nhas been addressed in fiction and may be a realistic concern in the future.\n","linknr":1591,"url":"robot","recorded":1364119083,"links":["/w/index.php?title=Robot&action=edit","/w/index.php?title=Robot&action=edit","//en.wikipedia.org/apple-touch-icon.png","//bits.wikimedia.org/favicon/wikipedia.ico","/w/opensearch_desc.php","//en.wikipedia.org/w/api.php?action=rsd","//creativecommons.org/licenses/by-sa/3.0/","/w/index.php?title=Special:RecentChanges&feed=atom","//bits.wikimedia.org/en.wikipedia.org/load.php?debug=false&lang=en&modules=ext.gadget.DRN-wizard%2CReferenceTooltips%2Ccharinsert%2Cteahouse%7Cext.wikihiero%7Cmediawiki.legacy.commonPrint%2Cshared%7Cmw.PopUpMediaTransform%7Cskins.vector&only=styles&skin=vector&*","//bits.wikimedia.org/en.wikipedia.org/load.php?debug=false&lang=en&modules=site&only=styles&skin=vector&*","//bits.wikimedia.org/en.wikipedia.org/load.php?debug=false&lang=en&modules=startup&only=scripts&skin=vector&*","//bits.wikimedia.org/geoiplookup","//meta.wikimedia.org","#mw-head","#p-search","/wiki/Robot_(disambiguation)","/wiki/Bot_(disambiguation)","/wiki/File:Gnome-searchtool.svg","//upload.wikimedia.org/wikipedia/commons/thumb/1/1e/Gnome-searchtool.svg/45px-Gnome-searchtool.svg.png","/wiki/Wikipedia:Accuracy_dispute","/wiki/Wikipedia:RS","/wiki/Talk:Robot#Edited_Lead","/wiki/File:HONDA_ASIMO.jpg","//upload.wikimedia.org/wikipedia/commons/thumb/0/05/HONDA_ASIMO.jpg/200px-HONDA_ASIMO.jpg","/wiki/File:HONDA_ASIMO.jpg","//bits.wikimedia.org/static-1.21wmf11/skins/common/images/magnify-clip.png","/wiki/ASIMO","/wiki/Expo_2005","/wiki/Humanoid_robot","/wiki/File:FANUC_6-axis_welding_robots.jpg","//upload.wikimedia.org/wikipedia/en/thumb/9/9b/FANUC_6-axis_welding_robots.jpg/200px-FANUC_6-axis_welding_robots.jpg","/wiki/File:FANUC_6-axis_welding_robots.jpg","//bits.wikimedia.org/static-1.21wmf11/skins/common/images/magnify-clip.png","/wiki/Articulated_robot","/wiki/Welding_robot","/wiki/Electromechanics","/wiki/Computer_program","/wiki/Electronic_circuit","/wiki/Autonomous_robot","/wiki/Wikipedia:Citation_needed","/wiki/ASIMO","/wiki/TOPIO","/wiki/Nanorobotics","/wiki/Swarm_robotics","/wiki/Industrial_robot","/wiki/Agency_(philosophy)","/wiki/Robotics","/wiki/Nikola_Tesla","/wiki/Autonomous_robot","/wiki/William_Grey_Walter","/wiki/England","/wiki/Computer_program","/wiki/George_Devol","/wiki/Unimate","/wiki/General_Motors","/wiki/Die_casting","/wiki/Inland_Fisher_Guide_Plant_(New_Jersey)","/wiki/West_Trenton,_New_Jersey","/wiki/Ewing_Township,_New_Jersey","#cite_note-1","/wiki/Wikipedia:Citation_needed","#Overview","#Defining_characteristics","#History","#Ancient_beginnings","#Early_modern_developments","#Modern_developments","#Etymology","#Modern_robots","#Mobile_robot","#Industrial_robots_.28manipulating.29","#Service_robot","#Modular_robot","#Collaborative_robots","#Robots_in_society","#Regional_perspectives","#Autonomy_and_ethical_questions","#Military_robots","#Relationship_to_unemployment","#Contemporary_uses","#General-purpose_autonomous_robots","#Factory_robots","#Dirty.2C_dangerous.2C_dull_or_inaccessible_tasks","#Military_robots_2","#Mining_robots","#Schools","#Healthcare","#Research_robots","#Entertainment","#Future_development","#Technological_trends","#Technological_development","#Reading_robot","#Robots_in_popular_culture","#Literature","#Problems_depicted_in_popular_culture","#See_also","#References","#Further_reading","#External_links","/w/index.php?title=Robot&action=edit&section=1","/wiki/Virtuality","/wiki/Software_agent","/wiki/Internet_bot","#cite_note-2","#cite_note-3","/wiki/Joseph_Engelberger","#cite_note-4","/wiki/Encyclopaedia_Britannica","/wiki/Merriam-Webster","#cite_note-5","/wiki/File:Simplified_robottypes.svg","//upload.wikimedia.org/wikipedia/commons/thumb/8/88/Simplified_robottypes.svg/201px-Simplified_robottypes.svg.png","/wiki/File:Knight2000_ex107.jpg","//upload.wikimedia.org/wikipedia/commons/thumb/2/20/Knight2000_ex107.jpg/180px-Knight2000_ex107.jpg","/wiki/KITT","/wiki/File:Asimo_look_new_design.jpg","//upload.wikimedia.org/wikipedia/commons/thumb/c/c0/Asimo_look_new_design.jpg/180px-Asimo_look_new_design.jpg","/w/index.php?title=Robot&action=edit&section=2","#cite_note-6","/wiki/Gear","/wiki/Hydraulic_press","/wiki/Mechanics","/wiki/Wikipedia:Citation_needed","/wiki/Control_system","/wiki/Agency_(philosophy)","/wiki/Ant_robotics","/wiki/Wikipedia:Citation_needed","/wiki/Clockwork","/wiki/Wikipedia:Citation_needed","/wiki/Wikipedia:Citation_needed","/wiki/Telerobotics","#cite_note-7","/wiki/Bigtrak","/wiki/Wikipedia:Citation_needed","/wiki/Intelligent_car","/wiki/Driverless_car","/wiki/Ernst_Dickmanns","/wiki/DARPA_Grand_Challenge","/wiki/Wikipedia:Citation_needed","/wiki/Sentience","/wiki/KITT","/wiki/Wikipedia:Citation_needed","/wiki/Layman","//en.wiktionary.org/wiki/anthropomorphic","//en.wiktionary.org/wiki/zoomorphic","/wiki/ASIMO","/wiki/Aibo","/wiki/Wikipedia:Citation_needed","/wiki/Player_piano","#cite_note-8","/wiki/CNC","/wiki/Wikipedia:Citation_needed","/wiki/Factory_robot","/wiki/Wikipedia:Citation_needed","/wiki/Wikipedia:Citation_needed","/wiki/Zoomorphic","/wiki/Roboraptor","#cite_note-9","/wiki/ASIMO","/wiki/Wikipedia:Citation_needed","/wiki/Wikipedia:Citation_needed","/w/index.php?title=Robot&action=edit&section=3","/wiki/History_of_robots","/wiki/Ancient_China","#cite_note-needham_volume_2_53-10","/wiki/Ancient_Greece","/wiki/Ptolemaic_Egypt","#cite_note-RoboticHistory1-11","/wiki/Archytas","#cite_note-12","/wiki/Mozi","/wiki/Lu_Ban","#cite_note-needham_volume_2_54-13","/wiki/Hero_of_Alexandria","/wiki/Philo_of_Byzantium","#cite_note-needham_volume_2_53-10","/wiki/Aeliopile","/wiki/Hero_of_Alexandria","/wiki/Ctesibius_of_Alexandria","/wiki/Philo_of_Byzantium","/wiki/Hero_of_Alexandria","#cite_note-Fowler-14","/wiki/Al-Jazari","/wiki/Leonardo%27s_robot","/wiki/Leonardo_da_Vinci","/wiki/Digesting_Duck","/wiki/Jacques_de_Vaucanson","/wiki/Hisashige_Tanaka","/wiki/Fire_ship","/wiki/Giovanni_Luppis","/wiki/Torpedo","/wiki/John_Ericsson","/wiki/Pneumatics","/wiki/John_Louis_Lay","/w/index.php?title=Victor_von_Scheliha&action=edit&redlink=1","#cite_note-EdwynGray-15","/wiki/John_Ericsson","/wiki/John_Louis_Lay","/w/index.php?title=Victor_von_Scheliha&action=edit&redlink=1","/wiki/Nikola_Tesla","/wiki/Rossum%27s_Universal_Robots","/wiki/Karel_%C4%8Capek","/wiki/World%27s_Fair","/wiki/Elektro","/wiki/Westinghouse_Electric_Corporation","#cite_note-16","/wiki/William_Grey_Walter","/wiki/George_Devol","/wiki/Joseph_Engelberger","#cite_note-17","/wiki/Unimate","/wiki/George_Devol","/wiki/Unimate","/wiki/George_Devol","#cite_note-18","#cite_note-19","#cite_note-20","/wiki/KUKA","/wiki/Programmable_Universal_Machine_for_Assembly","/wiki/Victor_Scheinman","/w/index.php?title=Robot&action=edit&section=4","/wiki/Hephaestus","#cite_note-21","/wiki/Vulcan_(mythology)","/wiki/Golem","/wiki/Galatea_(mythology)","/wiki/Pygmalion_(mythology)","/wiki/Talos","/wiki/Ctesibius","#cite_note-22","#cite_note-23","/wiki/Greek_mathematics","/wiki/Archytas","/wiki/Hero_of_Alexandria","#cite_note-24","/wiki/King_Mu_of_Zhou","#cite_note-needham_volume_2_53-10","/wiki/Mohism","/wiki/Mozi","/wiki/Lu_Ban","#cite_note-needham_volume_2_54-13","/wiki/Su_Song","/wiki/Water_Clock","/wiki/Su_Song","#cite_note-Fowler-14","#cite_note-25","#cite_note-NSAJAutomata-26","/wiki/Cam","/wiki/Lever","#cite_note-NSAJAutomata-26","/wiki/File:Washstand_by_Philo_of_Byzantium.png","//upload.wikimedia.org/wikipedia/commons/thumb/4/46/Washstand_by_Philo_of_Byzantium.png/91px-Washstand_by_Philo_of_Byzantium.png","/wiki/Philo_of_Byzantium","/wiki/File:Al-Jazari_-_A_Musical_Toy.jpg","//upload.wikimedia.org/wikipedia/commons/thumb/c/ce/Al-Jazari_-_A_Musical_Toy.jpg/165px-Al-Jazari_-_A_Musical_Toy.jpg","/wiki/Al-Jazari","/wiki/File:KarakuriBritishMuseum.jpg","//upload.wikimedia.org/wikipedia/commons/thumb/4/45/KarakuriBritishMuseum.jpg/88px-KarakuriBritishMuseum.jpg","/wiki/Karakuri_ningy%C5%8D","/wiki/National_Museum_of_Nature_and_Science","/wiki/Tokyo","/wiki/File:Clock_Tower_from_Su_Song%27s_Book.JPG","//upload.wikimedia.org/wikipedia/commons/thumb/a/ae/Clock_Tower_from_Su_Song%27s_Book.JPG/80px-Clock_Tower_from_Su_Song%27s_Book.JPG","/wiki/Su_Song","/w/index.php?title=Robot&action=edit&section=5","/wiki/Renaissance","/wiki/Leonardo_da_Vinci","/wiki/Leonardo%27s_robot","#cite_note-27","/wiki/Vitruvian_Man","/wiki/Karakuri_ningy%C5%8D","/wiki/Puppet","#cite_note-28","/wiki/Theatre","/wiki/Mythology","/wiki/Legend","/wiki/Jacques_de_Vaucanson","#cite_note-29","/w/index.php?title=Robot&action=edit&section=6","/wiki/Hisashige_Tanaka","#cite_note-30","/wiki/Torpedo","/wiki/Torpedo","/wiki/John_Ericsson","/wiki/Pneumatics","/wiki/John_Louis_Lay","/w/index.php?title=Victor_von_Scheliha&action=edit&redlink=1","#cite_note-EdwynGray-15","/wiki/Nikola_Tesla","/wiki/Torpedo","/wiki/US_Navy","#cite_note-31","#cite_note-32","/wiki/Westinghouse_Electric_Corporation","/wiki/World%27s_Fair","#cite_note-33","#cite_note-34","/wiki/Gakutensoku","/wiki/William_Grey_Walter","/wiki/Burden_Neurological_Institute","#cite_note-gwonline-35","/wiki/Unimate","/wiki/General_Motors","/wiki/Trenton,_New_Jersey","/wiki/Die_casting","#cite_note-36","#cite_note-37","#cite_note-38","/w/index.php?title=Robot&action=edit&section=7","/wiki/Glossary_of_robotics","/wiki/File:Capek_play.jpg","//upload.wikimedia.org/wikipedia/commons/thumb/8/87/Capek_play.jpg/260px-Capek_play.jpg","/wiki/File:Capek_play.jpg","//bits.wikimedia.org/static-1.21wmf11/skins/common/images/magnify-clip.png","/wiki/Karel_%C4%8Capek","/wiki/R.U.R._(Rossum%27s_Universal_Robots)","/wiki/Czechs","/wiki/Interwar_period","/wiki/Karel_%C4%8Capek","/wiki/R.U.R._(Rossum%27s_Universal_Robots)","#cite_note-KapekWebsite-39","/wiki/Android_(robot)","/wiki/Exploitation","/wiki/Etymology","/wiki/Oxford_English_Dictionary","/wiki/Josef_%C4%8Capek","#cite_note-KapekWebsite-39","/wiki/Lidov%C3%A9_noviny","/wiki/Latin","/wiki/Corv%C3%A9e","/wiki/Czech_language","/wiki/Slavic_languages","/wiki/Bulgarian_language","/wiki/Russian_language","/wiki/Slovak_language","/wiki/Polish_language","/wiki/Macedonian_language","/wiki/Ukrainian_language","/wiki/Czech_language","/wiki/Corv%C3%A9e","/wiki/Old_Church_Slavonic","/wiki/Old_Bulgarian","/wiki/Bulgarian_language","/wiki/Russian_language","/wiki/Indo-European_languages","/wiki/Cognate","#cite_note-40","#cite_note-41","/wiki/Robotics","#cite_note-OED-42","/wiki/Isaac_Asimov","/wiki/Three_Laws_of_Robotics","/wiki/Runaround","/w/index.php?title=Robot&action=edit&section=8","/wiki/File:Laproscopic_Surgery_Robot.jpg","//upload.wikimedia.org/wikipedia/commons/thumb/0/0d/Laproscopic_Surgery_Robot.jpg/175px-Laproscopic_Surgery_Robot.jpg","/wiki/File:Laproscopic_Surgery_Robot.jpg","//bits.wikimedia.org/static-1.21wmf11/skins/common/images/magnify-clip.png","/wiki/Laparoscopic","/w/index.php?title=Robot&action=edit&section=9","/wiki/Mobile_robot","/wiki/Automated_guided_vehicle","/wiki/Wikipedia:Citation_needed","/wiki/Wikipedia:Citation_needed","/wiki/Assembly_line","/wiki/Domestic_robot","/wiki/Military_robot","/wiki/Wikipedia:Citation_needed","/w/index.php?title=Robot&action=edit&section=10","/wiki/Industrial_robot","/wiki/Manipulator","/wiki/Jointed_arm","/wiki/Robot_end_effector","/wiki/Robot_end_effector","/wiki/International_Organization_for_Standardization","/wiki/ISO_8373","#cite_note-43","/wiki/International_Federation_of_Robotics","#cite_note-44","/wiki/File:Automation_of_foundry_with_robot.jpg","//upload.wikimedia.org/wikipedia/commons/thumb/8/8a/Automation_of_foundry_with_robot.jpg/175px-Automation_of_foundry_with_robot.jpg","/wiki/File:Automation_of_foundry_with_robot.jpg","//bits.wikimedia.org/static-1.21wmf11/skins/common/images/magnify-clip.png","/w/index.php?title=Robot&action=edit&section=11","/wiki/Service_robot","/wiki/International_Federation_of_Robotics","#cite_note-45","/w/index.php?title=Robot&action=edit&section=12","#cite_note-Modular_flying_car-46","#cite_note-Ep.26T_Magazine-47","#cite_note-Plumbing_and_HVAC-48","/w/index.php?title=Robot&action=edit&section=13","//upload.wikimedia.org/wikipedia/commons/thumb/5/52/Acap.svg/36px-Acap.svg.png","/wiki/Wikipedia:Basic_copyediting","//en.wikipedia.org/w/index.php?title=Robot&action=edit","/wiki/Cobot","#cite_note-49","/wiki/Universal_Robots","/wiki/Wikipedia:Citation_needed","/wiki/Rodney_Brooks","/wiki/Industrial_robot","#cite_note-NYT91812-50","/w/index.php?title=Robot&action=edit&section=14","/wiki/File:TOPIO_3.jpg","//upload.wikimedia.org/wikipedia/commons/thumb/9/92/TOPIO_3.jpg/200px-TOPIO_3.jpg","/wiki/File:TOPIO_3.jpg","//bits.wikimedia.org/static-1.21wmf11/skins/common/images/magnify-clip.png","/wiki/TOPIO","/wiki/Humanoid_robot","/wiki/Ping_pong","/wiki/International_Robot_Exhibition","#cite_note-51","#cite_note-52","/wiki/Australasia","#cite_note-53","/wiki/Japan","#cite_note-54","/w/index.php?title=Robot&action=edit&section=15","/wiki/Astro_Boy","#cite_note-55","#cite_note-56","#cite_note-SKrobot-57","#cite_note-58","#cite_note-planettokyo.com-59","#cite_note-60","/w/index.php?title=Robot&action=edit&section=16","/wiki/Roboethics","/wiki/Ethics_of_artificial_intelligence","/wiki/File:Actroid-DER_01.jpg","//upload.wikimedia.org/wikipedia/commons/thumb/1/16/Actroid-DER_01.jpg/220px-Actroid-DER_01.jpg","/wiki/File:Actroid-DER_01.jpg","//bits.wikimedia.org/static-1.21wmf11/skins/common/images/magnify-clip.png","/wiki/Android_(robot)","#cite_note-uncanny-61","#cite_note-AAAI_ethics-62","#cite_note-63","#cite_note-64","#cite_note-65","#cite_note-66","/wiki/Plug_%26_Pray","#cite_note-67","/wiki/Vernor_Vinge","/wiki/Technological_singularity","#cite_note-nytimes_july09-68","#cite_note-69","/wiki/Singularitarianism","/wiki/Association_for_the_Advancement_of_Artificial_Intelligence","#cite_note-nytimes_july09-68","#cite_note-70","#cite_note-71","#cite_note-72","/w/index.php?title=Robot&action=edit&section=17","#cite_note-73","#cite_note-74","/wiki/Military_robots","#cite_note-75","#cite_note-76","#cite_note-77","/wiki/Energetically_Autonomous_Tactical_Robot","#cite_note-FOX-78","#cite_note-Wired-79","/wiki/Biomass","#cite_note-80","#cite_note-bpopp22-81","/wiki/Manuel_De_Landa","#cite_note-82","/w/index.php?title=Robot&action=edit&section=18","/wiki/Technological_unemployment","/wiki/Foxconn","#cite_note-XINFoxcon-83","#cite_note-84","/w/index.php?title=Robot&action=edit&section=19","/wiki/File:SmUsingGuiaBot.jpg","//upload.wikimedia.org/wikipedia/commons/3/3a/SmUsingGuiaBot.jpg","/wiki/File:SmUsingGuiaBot.jpg","//bits.wikimedia.org/static-1.21wmf11/skins/common/images/magnify-clip.png","/wiki/List_of_robots","/wiki/Humanoid_robot","/wiki/Sensitivity_and_specificity","/w/index.php?title=Robot&action=edit&section=20","/wiki/Autonomous_robot","/w/index.php?title=Robot&action=edit&section=21","/wiki/Automaker","/wiki/Industrial_robot","/wiki/Welding","/wiki/Adhesive","/wiki/Packaging","/wiki/Electronics","/wiki/Printed_circuit_board","/wiki/SCARA","/wiki/Electronic_component","#cite_note-85","#cite_note-86","/wiki/Automated_guided_vehicle","/wiki/File:ADAM_Intelligent_AGV.jpg","//upload.wikimedia.org/wikipedia/commons/7/72/ADAM_Intelligent_AGV.jpg","/wiki/File:ADAM_Intelligent_AGV.jpg","//bits.wikimedia.org/static-1.21wmf11/skins/common/images/magnify-clip.png","#cite_note-87","#cite_note-88","//en.wiktionary.org/wiki/exteroceptors","#cite_note-89","#cite_note-90","#cite_note-91","#cite_note-92","#cite_note-93","#cite_note-94","/wiki/3D_scanner","/wiki/Observational_error","/wiki/Dead_reckoning","/wiki/Simultaneous_localization_and_mapping","/wiki/Photomask","/w/index.php?title=Robot&action=edit&section=22","/wiki/Housekeeping","/wiki/Volcano","#cite_note-95","/wiki/Planet","#cite_note-96","/wiki/Laparoscopic","#cite_note-daVinci-97","/wiki/Space_probe","#cite_note-98","#cite_note-99","/wiki/Luna_9","/wiki/Voyager_probe","/wiki/Telerobotics","/wiki/File:IED_detonator.jpg","//upload.wikimedia.org/wikipedia/commons/thumb/a/a5/IED_detonator.jpg/220px-IED_detonator.jpg","/wiki/File:IED_detonator.jpg","//bits.wikimedia.org/static-1.21wmf11/skins/common/images/magnify-clip.png","/wiki/U.S._Marine_Corps","/wiki/Improvised_explosive_device","/wiki/Camp_Fallujah","/wiki/Iraq","#cite_note-daVinci-97","/wiki/Duct_(HVAC)","#cite_note-100","/wiki/Unmanned_Aerial_Vehicle","#cite_note-101","#cite_note-102","/wiki/IRobot","/wiki/Packbot","/wiki/Foster-Miller_TALON","/wiki/Iraq","/wiki/Afghanistan","/wiki/United_States_Armed_Forces","/wiki/Improvised_explosive_device","/wiki/Explosive_ordnance_disposal","#cite_note-103","/wiki/Automated_fruit_harvesting_machine","/wiki/File:Roomba_original.jpg","//upload.wikimedia.org/wikipedia/commons/thumb/f/f5/Roomba_original.jpg/220px-Roomba_original.jpg","/wiki/File:Roomba_original.jpg","//bits.wikimedia.org/static-1.21wmf11/skins/common/images/magnify-clip.png","/wiki/Roomba","/wiki/Vacuum_cleaner","/wiki/Domestic_robots","/wiki/Vacuum_cleaner","/wiki/Scooba","/wiki/Lawn_mower","/w/index.php?title=Robot&action=edit&section=23","/wiki/Military_robots","/wiki/SWORDS_robot","#cite_note-104","#cite_note-105","#cite_note-106","/wiki/Unmanned_combat_air_vehicles","/wiki/UAVs","/wiki/Mantis_UCAV","#cite_note-107","/wiki/BAE_Taranis","#cite_note-Sky_News-108","#cite_note-109","#cite_note-110","/wiki/Association_for_the_Advancement_of_Artificial_Intelligence","#cite_note-AAAI_ethics-62","#cite_note-111","/wiki/Friendly_AI","#cite_note-112","#cite_note-SKrobot-57","/wiki/Three_Laws_of_Robotics","#cite_note-113","#cite_note-114","#cite_note-115","#cite_note-China_report-116","#cite_note-117","/w/index.php?title=Robot&action=edit&section=24","/wiki/Underground_mining","/wiki/Loader_(equipment)","/wiki/Rio_Tinto_Group","/wiki/Komatsu_Limited","/wiki/Western_Australia","#cite_note-118","/wiki/Longwall_mining","/wiki/Rockbreaker","#cite_note-119","/wiki/Atlas_Copco","/wiki/Drilling_rig","#cite_note-120","/w/index.php?title=Transmin&action=edit&redlink=1","#cite_note-121","/w/index.php?title=Robot&action=edit&section=25","//upload.wikimedia.org/wikipedia/en/f/f4/Ambox_content.png","/wiki/Wikipedia:No_original_research","//en.wikipedia.org/w/index.php?title=Robot&action=edit","/wiki/Wikipedia:Verifiability","/wiki/Wikipedia:References","/wiki/Turtle_(robot)","/wiki/Logo_(programming_language)","#cite_note-gainesvillesun_turtle-122","#cite_note-observerreporter_games_learning-123","/wiki/Robot_kit","/wiki/Mindstorms_NXT","/wiki/Robotis_Bioloid","/wiki/Robot_competition","/wiki/FIRST","/wiki/FIRST_Robotics_Competition","/wiki/FIRST_LEGO_League","/wiki/Junior_FIRST_LEGO_League","/wiki/FIRST_Tech_Challenge","/wiki/Embodied_agent","/wiki/Wikipedia:Citation_needed","/w/index.php?title=Robot&action=edit&section=26","/wiki/Home_automation_for_the_elderly_and_disabled","/wiki/Disability_robot","/wiki/File:FRIEND-III_klein.png","//upload.wikimedia.org/wikipedia/commons/thumb/c/cf/FRIEND-III_klein.png/220px-FRIEND-III_klein.png","/wiki/File:FRIEND-III_klein.png","//bits.wikimedia.org/static-1.21wmf11/skins/common/images/magnify-clip.png","/wiki/Care-Providing_Robot_FRIEND","/wiki/ST_Robotics#History","#cite_note-CSUNCOD1-124","/wiki/Care-Providing_Robot_FRIEND","/wiki/Gerontotechnology","#cite_note-125","#cite_note-126","#cite_note-127","/wiki/Disability","/wiki/Old_age","/wiki/Patients","/wiki/Paraplegia","/wiki/Paralysis","/wiki/Pharmacy_automation","/wiki/File:Question_book-new.svg","//upload.wikimedia.org/wikipedia/en/thumb/9/99/Question_book-new.svg/50px-Question_book-new.svg.png","/wiki/Wikipedia:Citing_sources","/wiki/Wikipedia:Verifiability","/wiki/Help:Introduction_to_referencing/1","/wiki/Wikipedia:Verifiability#Burden_of_evidence","/wiki/Pharmaceutical_drug","/wiki/Pharmacist","/wiki/Pharmacy_technician","/wiki/Electromechanics","/wiki/Pneumatics","/wiki/Barcode","/w/index.php?title=Robot&action=edit&section=27","/wiki/Robotics#Robot_Research","/wiki/Laboratory","/wiki/Wikipedia:Citation_needed","/wiki/Nanorobotics","/wiki/File:Microgripper_holding_silicon_nanowires.jpg","//upload.wikimedia.org/wikipedia/commons/thumb/5/5a/Microgripper_holding_silicon_nanowires.jpg/220px-Microgripper_holding_silicon_nanowires.jpg","/wiki/File:Microgripper_holding_silicon_nanowires.jpg","//bits.wikimedia.org/static-1.21wmf11/skins/common/images/magnify-clip.png","#cite_note-128","/wiki/Nanorobotics","/wiki/Emerging_technology","/wiki/Nanometer","/wiki/Molecular_machine","/wiki/Synthetic_molecular_motors","#cite_note-129","/wiki/Cell_(biology)","/wiki/Utility_fog","#cite_note-130","#cite_note-131","/wiki/Grey_goo","#cite_note-132","#cite_note-133","/wiki/Self-reconfiguring_modular_robot","/wiki/Self-reconfiguring_modular_robot","#cite_note-134","/wiki/T-1000","#cite_note-135","/wiki/Silicone","/wiki/Pneumatic_artificial_muscles","/wiki/Electroactive_polymers","/wiki/Ferrofluid","/wiki/Fuzzy_logic","/wiki/Neural_networks","#cite_note-136","/wiki/Swarm_robotics","/wiki/File:SwarmRobot_org.jpg","//upload.wikimedia.org/wikipedia/commons/thumb/d/d4/SwarmRobot_org.jpg/220px-SwarmRobot_org.jpg","/wiki/File:SwarmRobot_org.jpg","//bits.wikimedia.org/static-1.21wmf11/skins/common/images/magnify-clip.png","/wiki/Swarm","/wiki/Colony_(biology)","/wiki/Ants","/wiki/Bees","/wiki/Swarm_robotics","/wiki/Emergent_behavior","/wiki/Superorganism","/wiki/Swarm_intelligence","#cite_note-137","#cite_note-138","#cite_note-139","#cite_note-140","/wiki/Haptic_technology","/wiki/Virtual_reality","/wiki/Haptic_technology","/wiki/Somatosensory_system","#cite_note-141","/w/index.php?title=Robot&action=edit&section=28","/w/index.php?title=Ce-BIT&action=edit&redlink=1","#cite_note-142","/w/index.php?title=Robot&action=edit&section=29","/wiki/Future_of_robotics","/w/index.php?title=Robot&action=edit&section=30","/wiki/Evolutionary_robotics","/wiki/Developmental_robotics","/w/index.php?title=Robot&action=edit&section=31","#cite_note-UK_Japan_report-143","/wiki/ROS_(Robot_Operating_System)","/wiki/Stanford_University","/wiki/Massachusetts_Institute_of_Technology","/wiki/Technical_University_of_Munich","#cite_note-ROS-144","#cite_note-145","#cite_note-A4-146","#cite_note-A5-147","#cite_note-148","/wiki/Molding_flash","/wiki/Cable_harness","/wiki/Packing_problem","/wiki/Prosthesis","/w/index.php?title=Robot&action=edit&section=32","#cite_note-149","/w/index.php?title=Robot&action=edit&section=33","/w/index.php?title=Robot&action=edit&section=34","/wiki/Robots_in_literature","/wiki/List_of_fictional_robots_and_androids","/wiki/Android_(robot)","/wiki/Gynoid","/wiki/Cyborg","/wiki/Bionic","/wiki/Homer","/wiki/Iliad","/wiki/Hephaestus","#cite_note-Iliad-150","/wiki/E._V._Rieu","/wiki/Isaac_Asimov","#cite_note-FreedProlific-151","#cite_note-Oakes500-152","#cite_note-153","#cite_note-154","/wiki/Three_Laws_of_Robotics","#cite_note-155","/wiki/Liar!_(short_story)","/wiki/Robotics","#cite_note-156","/w/index.php?title=Robot&action=edit&section=35","/wiki/The_Terminator","/wiki/Runaway_(1984_film)","/wiki/RoboCop","/wiki/Replicator_(Stargate)","/wiki/Cylon_(Battlestar_Galactica)","/wiki/Battlestar_Galactica_(2004_TV_series)","/wiki/The_Matrix","/wiki/Enthiran","/wiki/I,_Robot_(film)","/wiki/2001:_A_Space_Odyssey","/wiki/Red_Planet_(film)","/wiki/Enthiran","/wiki/Uncanny_valley","#cite_note-uncanny-61","/wiki/Frankenstein","/wiki/Surrogates_(film)","/w/index.php?title=Robot&action=edit&section=36","/wiki/File:Animation2.gif","//upload.wikimedia.org/wikipedia/commons/thumb/c/c0/Animation2.gif/17px-Animation2.gif","/wiki/Portal:Robotics","/wiki/Artificial_intelligence","/wiki/Glossary_of_robotics","/wiki/Index_of_robotics_articles","/wiki/Liquid_handling_robot","/wiki/Mobile_robot","/wiki/Outline_of_robotics","/wiki/Robot_App_Store","/wiki/Tactile_sensor","/w/index.php?title=Robot&action=edit&section=37","#cite_ref-1","http://www.nytimes.com/2011/08/16/business/george-devol-developer-of-robot-arm-dies-at-99.html","/wiki/The_New_York_Times","#cite_ref-2","http://web.archive.org/web/20070202121608/http://www.atis.org/tg2k/_bot.html","http://www.atis.org/tg2k/_bot.html","http://web.archive.org/web/20070202121608/http://www.atis.org/tg2k/_bot.html","#cite_ref-3","http://www.virtuar.com/click/2005/robonexus/index.htm","http://www.virtuar.com/click/2005/robonexus/index.htm","#cite_ref-4","http://science.howstuffworks.com/robot.htm","http://science.howstuffworks.com/robot.htm","#cite_ref-5","http://www.merriam-webster.com/dictionary/robot","http://www.merriam-webster.com/dictionary/robot","#cite_ref-6","http://www.cbc.ca/technology/technology-blog/2007/07/your_view_how_would_you_define.html","#cite_ref-7","http://ranier.hq.nasa.gov/telerobotics_page/realrobots.html","http://ranier.hq.nasa.gov/telerobotics_page/realrobots.html","#cite_ref-8","http://www.wyastone.co.uk/nrl/gp_robot.html","http://www.wyastone.co.uk/nrl/gp_robot.html","#cite_ref-9","http://www.engadget.com/2005/07/29/roboraptor-review-this-one-has-teeth/","http://www.engadget.com/2005/07/29/roboraptor-review-this-one-has-teeth/","#cite_ref-needham_volume_2_53_10-0","#cite_ref-needham_volume_2_53_10-1","#cite_ref-needham_volume_2_53_10-2","/wiki/Joseph_Needham","/wiki/International_Standard_Book_Number","/wiki/Special:BookSources/0-521-05800-7","#cite_ref-RoboticHistory1_11-0","http://www.faculty.ucr.edu/~currie/roboadam.htm","http://www.faculty.ucr.edu/~currie/roboadam.htm","#cite_ref-12","#cite_ref-needham_volume_2_54_13-0","#cite_ref-needham_volume_2_54_13-1","#cite_ref-Fowler_14-0","#cite_ref-Fowler_14-1","/wiki/Digital_object_identifier","http://dx.doi.org/10.2307%2F3391092","/wiki/JSTOR","http://www.jstor.org/stable/3391092","#cite_ref-EdwynGray_15-0","#cite_ref-EdwynGray_15-1","#cite_ref-16","http://www.cerebromente.org.br/n09/historia/turtles_i.htm","http://www.cerebromente.org.br/n09/historia/turtles_i.htm","#cite_ref-17","http://www.sme.org/cgi-bin/find-articles.pl?&ME06ART39&ME&20060709#article","#cite_ref-18","http://www.fujiyusoki.com/English/rekishi.htm","http://www.fujiyusoki.com/English/rekishi.htm","#cite_ref-19","http://www.kuka-robotics.com/group/milestones/1973.htm","http://www.kuka-robotics.com/group/milestones/1973.htm","#cite_ref-20","http://www.ifr.org/uploads/media/History_of_Industrial_Robots_online_brochure_by_IFR_2012.pdf","http://www.ifr.org/uploads/media/History_of_Industrial_Robots_online_brochure_by_IFR_2012.pdf","#cite_ref-21","http://books.google.com/?id=h5tKJvApybsC&pg=PA114&lpg=PA114&dq=hephaestus+handmaidens","/wiki/International_Standard_Book_Number","/wiki/Special:BookSources/978-0-19-925616-7","http://books.google.com/?id=h5tKJvApybsC&pg=PA114&lpg=PA114&dq=hephaestus+handmaidens","#cite_ref-22","http://books.google.com/books?id=IxtL54iiDPUC&pg=&dq&hl=en#v=onepage&q=&f=false","/wiki/Special:BookSources/0471026220","#cite_ref-23","http://news.bbc.co.uk/cbbcnews/hi/find_out/guides/tech/robots/newsid_3914000/3914569.stm","#cite_ref-24","http://www-history.mcs.st-andrews.ac.uk/history/Biographies/Heron.html","http://www-history.mcs.st-andrews.ac.uk/history/Biographies/Heron.html","#cite_ref-25","http://web.archive.org/web/20080531063139/http://physics.nist.gov/GenInt/Time/early.html","http://physics.nist.gov/GenInt/Time/early.html","http://web.archive.org/web/20080531063139/http://physics.nist.gov/GenInt/Time/early.html","#cite_ref-NSAJAutomata_26-0","#cite_ref-NSAJAutomata_26-1","#cite_ref-27","http://www.leonardo3.net/leonardo/books%20I%20robot%20di%20Leonardo%20-%20Taddei%20Mario%20-%20english%20Leonardo%20robots%201.html","http://www.leonardo3.net/leonardo/books%20I%20robot%20di%20Leonardo%20-%20Taddei%20Mario%20-%20english%20Leonardo%20robots%201.html","#cite_ref-28","/wiki/Awaji","//toolserver.org/%7Edispenser/cgi-bin/dab_solver.py?page=Robot&editintro=Template:Disambiguation_needed/editintro&client=Template:Dn","/wiki/Special:BookSources/9780691028941","#cite_ref-29","http://www.guardian.co.uk/books/2002/feb/16/extract.gabywood","/wiki/The_Guardian","#cite_ref-30","/wiki/International_Standard_Book_Number","/wiki/Special:BookSources/4-7700-3012-6","#cite_ref-31","http://worldwide.espacenet.com/textdoc?DB=EPODOC&IDX=US613809","#cite_ref-32","http://www.pbs.org/tesla","http://www.pbs.org/tesla","#cite_ref-33","http://www.freetimes.com/stories/13/35/robot-dreams-the-strange-tale-of-a-mans-quest-to-rebuild-his-mechanical-childhood-friend","http://www.freetimes.com/stories/13/35/robot-dreams-the-strange-tale-of-a-mans-quest-to-rebuild-his-mechanical-childhood-friend","/wiki/Wikipedia:Link_rot","#cite_ref-34","/wiki/International_Standard_Book_Number","/wiki/Special:BookSources/0-9785844-1-4","#cite_ref-gwonline_35-0","http://www.ias.uwe.ac.uk/Robots/gwonline/gwonline.html","http://www.ias.uwe.ac.uk/Robots/gwonline/gwonline.html","#cite_ref-36","http://www.robothalloffame.org/unimate.html","http://www.robothalloffame.org/unimate.html","#cite_ref-37","http://www.invent.org/2011induction/1_3_11_induction_devol.asp","http://www.invent.org/2011induction/1_3_11_induction_devol.asp","#cite_ref-38","http://www.emrotechnologies.com/","http://www.emrotechnologies.com/","#cite_ref-KapekWebsite_39-0","#cite_ref-KapekWebsite_39-1","http://capek.misto.cz/english/robot.html","http://capek.misto.cz/english/robot.html","#cite_ref-40","http://web.archive.org/web/20080512121943/www.bartleby.com/61/roots/IE363.html","#cite_ref-41","http://www.etymonline.com/index.php?allowed_in_frame=0&search=robot&searchmode=or","http://www.etymonline.com/index.php?allowed_in_frame=0&search=robot&searchmode=or","#cite_ref-OED_42-0","http://www.oxforddictionaries.com/view/entry/m_en_gb0714530#m_en_gb0714530","http://www.oxforddictionaries.com/view/entry/m_en_gb0714530#m_en_gb0714530","#cite_ref-43","http://web.archive.org/web/20070628064010/http://www.dira.dk/pdf/robotdef.pdf","http://www.dira.dk/pdf/robotdef.pdf","http://web.archive.org/web/20070628064010/http://www.dira.dk/pdf/robotdef.pdf","#cite_ref-44","http://www.euron.org/resources/standards.html","http://www.euron.org/resources/standards.html","#cite_ref-45","http://www.ifr.org/service-robots/:","#cite_ref-Modular_flying_car_46-0","http://www.aerobuzz.fr/spip.php?article2346","http://www.aerobuzz.fr/","http://www.aerobuzz.fr/","#cite_ref-Ep.26T_Magazine_47-0","http://www.ept.ca/issues/story.aspx?aid=1000348213","#cite_ref-Plumbing_and_HVAC_48-0","http://www.roboticsdesign.qc.ca/assets/Uploads/PDF-content/InThePress/HVAC/Pluming+HVACmagazineapril2010.pdf","http://plumbingandhvac.ca/","#cite_ref-49","http://www.controleng.com/single-article/universal-robots-collaborate-outside-enclosures/83cc537080cf25e043eb9b770fd1d62f.html","#cite_ref-NYT91812_50-0","http://www.nytimes.com/2012/09/18/science/a-robot-with-a-delicate-touch.html","#cite_ref-51","http://www.popsci.com/technology/article/2010-02/ping-pong-playing-terminator","#cite_ref-52","http://www.gadgetrivia.com/8164-best_robot_international_robot_exhibition","#cite_ref-53","http://www.robots.com/blog.php?tag=48","#cite_ref-54","http://www.reuters.com/article/technologyNews/idUST32811820071202","#cite_ref-55","http://www.usatoday.com/tech/news/techinnovations/2004-04-11-robot-helpers_x.htm","/wiki/USA_Today","#cite_ref-56","http://news.bbc.co.uk/1/hi/world/asia-pacific/4196052.stm","#cite_ref-SKrobot_57-0","#cite_ref-SKrobot_57-1","http://news.bbc.co.uk/1/hi/technology/6425927.stm","#cite_ref-58","http://news.nationalgeographic.com/news/2005/06/0610_050610_robot.html","#cite_ref-planettokyo.com_59-0","http://www.planettokyo.com/news/index.cfm/fuseaction/story/ID/36/","#cite_ref-60","http://www.sfgate.com/cgi-bin/article.cgi?f=/g/a/2005/08/25/apop.DTL","#cite_ref-uncanny_61-0","#cite_ref-uncanny_61-1","http://www.macdorman.com/kfm/writings/pubs/Ho2007EmotionUncanny.pdf","#cite_ref-AAAI_ethics_62-0","#cite_ref-AAAI_ethics_62-1","http://www.aaai.org/AITopics/pmwiki/pmwiki.php/AITopics/Ethics","#cite_ref-63","http://www.aaai.org/AITopics/newstopics/ethics5.html","#cite_ref-64","http://www.familyhealthguide.co.uk/scientists-predict-artificial-brain-in-10-years.html","#cite_ref-65","http://books.google.com/books?id=fduW6KHhWtQC&dq=robot&printsec=frontcover&source=bl&ots=SuquyjYb4n&sig=5S3L8pqiLqZ_yjJgh97tPE6F7gQ&hl=en&ei=R1-MSubxLs_dlAfJm_26CA&sa=X&oi=book_result&ct=result&resnum=6#v=onepage&q=&f=false","#cite_ref-66","http://www.koreaittimes.com/story/4668/robots-almost-conquering-walking-reading-dancing","#cite_ref-67","http://www.plugandpray-film.de/en/content.html","#cite_ref-nytimes_july09_68-0","#cite_ref-nytimes_july09_68-1","http://www.nytimes.com/2009/07/26/science/26robot.html?_r=1&ref=todayspaper","#cite_ref-69","http://www-rohan.sdsu.edu/faculty/vinge/misc/singularity.html","#cite_ref-70","http://www.slate.com/id/2218834/","#cite_ref-71","http://www.gyre.org/news/explore/robot-takeover","#cite_ref-72","http://www.engadget.com/tag/robotapocalypse","#cite_ref-73","http://news.bbc.co.uk/2/hi/technology/8182003.stm","#cite_ref-74","http://www.wired.com/dangerroom/2009/08/robot-three-way-portends-autonomous-future/","#cite_ref-75","http://www.dailytech.com/New%20Navyfunded%20Report%20Warns%20of%20War%20Robots%20Going%20Terminator/article14298.htm","#cite_ref-76","http://www.engadget.com/2009/02/18/navy-report-warns-of-robot-uprising-suggests-a-strong-moral-com/","#cite_ref-77","http://www.csmonitor.com/layout/set/print/content/view/print/279448","#cite_ref-FOX_78-0","http://www.foxnews.com/story/0,2933,533382,00.html","#cite_ref-Wired_79-0","http://www.wired.com/dangerroom/2009/07/company-denies-its-robots-feed-on-the-dead/","/wiki/Wired_(magazine)","http://www.wired.com/dangerroom/2009/07/company-denies-its-robots-feed-on-the-dead/","#cite_ref-80","http://www.robotictechnologyinc.com/images/upload/file/Cyclone%20Power%20Press%20Release%20EATR%20Rumors%20Final%2016%20July%2009.pdf","#cite_ref-bpopp22_81-0","http://www.robotictechnologyinc.com/images/upload/file/Presentation%20EATR%20Brief%20Overview%206%20April%2009.pdf","#cite_ref-82","/wiki/Manuel_de_Landa","/wiki/War_in_the_Age_of_Intelligent_Machines","/wiki/Special:BookSources/0942299760","/wiki/Special:BookSources/0942299752","#cite_ref-XINFoxcon_83-0","http://news.xinhuanet.com/english2010/china/2011-07/30/c_131018764.htm","#cite_ref-84","http://www.sciencedaily.com/releases/2004/10/041021085857.htm","#cite_ref-85","http://www.contactsystems.com/c5_series.html","http://www.contactsystems.com/c5_series.html","/wiki/Wikipedia:Link_rot","#cite_ref-86","http://web.archive.org/web/20080803173021/http://www.assembleon.com/surface-mount-assembly/pick-and-place-equipment/a-series/","http://www.assembleon.com/surface-mount-assembly/pick-and-place-equipment/a-series/","http://web.archive.org/web/20080803173021/http://www.assembleon.com/surface-mount-assembly/pick-and-place-equipment/a-series/","#cite_ref-87","http://www.smartcaddy.net","http://www.smartcaddy.net","#cite_ref-88","http://www.agvsystems.com/basics/vehicle.htm","http://www.agvsystems.com/basics/vehicle.htm","#cite_ref-89","http://www.jervisbwebb.com/Products/automatic_trailer_loading.aspx?pid=190&qs=1_3_","http://www.jervisbwebb.com/Products/automatic_trailer_loading.aspx?pid=190&qs=1_3_","#cite_ref-90","http://www.ccsrobotics.com/products/speciminder.html","http://www.ccsrobotics.com/products/speciminder.html","/wiki/Wikipedia:Link_rot","#cite_ref-91","http://www.rmtrobotics.com/tire_agv.html","http://www.rmtrobotics.com/tire_agv.html","#cite_ref-92","http://web.archive.org/web/20080803173353/http://www.aethon.com/can_do_tug.html","http://www.aethon.com/can_do_tug.html","http://web.archive.org/web/20080803173353/http://www.aethon.com/can_do_tug.html","#cite_ref-93","http://www.fennecfoxtech.com","http://www.fennecfoxtech.com","#cite_ref-94","http://www.mobilerobots.com/AGV.html","http://www.mobilerobots.com/AGV.html","#cite_ref-95","http://www.ri.cmu.edu/projects/project_163.html","http://www.ri.cmu.edu/projects/project_163.html","#cite_ref-96","http://mars.jpl.nasa.gov/MPF/rover/sojourner.html","/wiki/NASA","http://mars.jpl.nasa.gov/MPF/rover/sojourner.html","#cite_ref-daVinci_97-0","#cite_ref-daVinci_97-1","http://biomed.brown.edu/Courses/BI108/BI108_2005_Groups/04/davinci.html","http://biomed.brown.edu/Courses/BI108/BI108_2005_Groups/04/davinci.html","#cite_ref-98","http://upes.academia.edu/SeeteshPANDE/Papers/1717325/The_Utilization_of_Robotic_Space_Probes_in_Deep_Space_Missions_Case_Study_of_AI_Protocols_and_Nuclear_Power_Requirements","#cite_ref-99","http://www.thespacereview.com/article/2004/1","#cite_ref-100","http://www.cbc.ca/arts/books/story/2007/08/15/longpen-trial.html","#cite_ref-101","http://www.newstatesman.com/200606120018","/wiki/New_Statesman","#cite_ref-102","http://www.defenseindustrydaily.com/battlefield-robots-to-iraq-and-beyond-0727","#cite_ref-103","http://www.wired.com/wired/archive/13.11/bomb.html?pg=3&topic=bomb","/wiki/Wired_Magazine","http://www.wired.com/wired/archive/13.11/bomb.html?pg=3&topic=bomb","#cite_ref-104","http://blog.wired.com/defense/2007/08/httpwwwnational.html","#cite_ref-105","http://blog.wired.com/defense/2007/08/armed-robots-so.html","#cite_ref-106","http://www.popularmechanics.com/technology/military_law/4252643.html?page=2","#cite_ref-107","http://www.popsci.com/technology/article/2010-02/field-guide-flying-robots","#cite_ref-Sky_News_108-0","http://news.sky.com/skynews/Home/UK-News/Taranis-MoD-And-BAE-Systems-Unveil-Futuristic-Unmanned-Fighter-Jet/Article/201007215663917?lpos=UK_News_Second_Home_Page_Article_Teaser_Region_0&lid=ARTICLE_15663917_Taranis:_MoD_And_BAE_Systems_Unveil_Futuristic_Unmanned_Fighter_Jet","#cite_ref-109","http://news.bbc.co.uk/1/hi/technology/10602105.stm","#cite_ref-110","http://www.dailymail.co.uk/sciencetech/article-1294037/Taranis-The-143million-unmanned-stealth-jet-hit-targets-continent.html","#cite_ref-111","http://research.microsoft.com/en-us/um/people/horvitz/AAAI_Presidential_Panel_2008-2009.htm","#cite_ref-112","http://www.asimovlaws.com/articles/archives/2004/07/why_we_need_fri_1.html","#cite_ref-113","http://www.livescience.com/technology/060526_robot_rules.html","#cite_ref-114","http://www.physorg.com/news95078958.html","#cite_ref-115","http://www.meti.go.jp/english/press/data/20090325_01.html","#cite_ref-China_report_116-0","http://works.bepress.com/cgi/viewcontent.cgi?article=1000&context=weng_yueh_hsuan","http://www.springer.com/engineering/robotics/journal/12369","#cite_ref-117","http://www.foxnews.com/story/0,2933,540721,00.html","#cite_ref-118","http://www.riotinto.com/media/5157_21165.asp","#cite_ref-119","http://adrianboeing.blogspot.com/2011/06/aimex.html","#cite_ref-120","http://www.atlascopco.com/rcs/","#cite_ref-121","http://rocklogic.com.au/","#cite_ref-gainesvillesun_turtle_122-0","#cite_ref-observerreporter_games_learning_123-0","http://news.google.com/newspapers?id=W4diAAAAIBAJ&sjid=s3cNAAAAIBAJ&pg=1326,3744066&dq=logo+turtle+robot&hl=en","#cite_ref-CSUNCOD1_124-0","http://www.csun.edu/cod/conf/1999/proceedings/session0059.htm","#cite_ref-125","http://news.bbc.co.uk/1/hi/uk/4012797.stm","#cite_ref-126","http://www.stat.go.jp/english/data/handbook/c02cont.htm","http://www.stat.go.jp/english/data/handbook/c02cont.htm","#cite_ref-127","http://www.e-health-insider.com/comment_and_analysis/250/robotic_future_of_patient_care","http://www.e-health-insider.com/comment_and_analysis/250/robotic_future_of_patient_care","#cite_ref-128","http://grin.hq.nasa.gov/ABSTRACTS/GPN-2000-001535.html","http://grin.hq.nasa.gov/ABSTRACTS/GPN-2000-001535.html","#cite_ref-129","http://www.techbirbal.com/viewtopic.php?p=3687&sid=7faaeeb64eaf84880b23755fea7fa7cd","#cite_ref-130","http://www.kurzweilai.net/meme/frame.html?main=/articles/art0220.html?","#cite_ref-131","http://www.e-drexler.com/d/06/00/EOC/EOC_Chapter_11.html","#cite_ref-132","http://www.crnano.org/Debate.htm","http://www.crnano.org/Debate.htm","#cite_ref-133","http://www.iop.org/EJ/news/-topic=763/journal/0957-4484","#cite_ref-134","http://www.islandone.org/MMSG/9609lego.htm","#cite_ref-135","http://groups.csail.mit.edu/drl/publications/papers/MeltSortGrow.pdf","#cite_ref-136","http://www.nytimes.com/2007/03/27/science/27robo.html?pagewanted=1&_r=1&ei=5070&en=91395fe7439a5b72&ex=1177128000","#cite_ref-137","http://www.activrobots.com/RESEARCH/wheelchair.html%7Ctitle=SRI/MobileRobots","#cite_ref-138","http://www.swarmrobot.org","http://www.swarmrobot.org","#cite_ref-139","http://www.irobot.com/sp.cfm?pageid=149","http://www.irobot.com/sp.cfm?pageid=149","#cite_ref-140","http://www.wired.com/science/discoveries/news/2000/12/40750","http://www.wired.com/science/discoveries/news/2000/12/40750","#cite_ref-141","http://www.technologyreview.com/read_article.aspx?id=17363&ch=biotech&sc=&pg=1","http://www.technologyreview.com/read_article.aspx?id=17363&ch=biotech&sc=&pg=1","#cite_ref-142","http://www.metro.co.uk/tech/892241-pole-dancing-robot-introduced-at-worlds-biggest-it-fair","http://www.metro.co.uk/tech/892241-pole-dancing-robot-introduced-at-worlds-biggest-it-fair","#cite_ref-UK_Japan_report_143-0","http://ukinjapan.fco.gov.uk/resources/en/pdf/5606907/5633632/next-generation-services-robots","#cite_ref-ROS_144-0","http://www.ethiopianreview.com/articles/23156","#cite_ref-145","http://www.fastcompany.com/magazine/131/the-caterpillar-self-driving-dump-truck.html?nav=inform-rl","#cite_ref-A4_146-0","http://www.springer.com/engineering/robotics/book/978-94-007-0578-4","#cite_ref-A5_147-0","http://ieeexplore.ieee.org/xpls/abs_all.jsp?arnumber=5784198&tag=1","#cite_ref-148","/wiki/Joseph_F._Engelberger","#cite_ref-149","http://www.msnbc.msn.com/id/40534768/ns/technology_and_science-science","#cite_ref-Iliad_150-0","http://www.arts.cornell.edu/theatrearts/CTA/Program%20Notes/comic%20potential.asp","http://www.arts.cornell.edu/theatrearts/CTA/Program%20Notes/comic%20potential.asp","#cite_ref-FreedProlific_151-0","http://books.google.com/?id=6Lb0zPJcYOwC&pg=PA24&dq=most+prolific+authors+asimov#v=onepage&q=most%20prolific%20authors%20asimov&f=false","/wiki/International_Standard_Book_Number","/wiki/Special:BookSources/978-1-57806-738-1","http://books.google.com/?id=6Lb0zPJcYOwC&pg=PA24&dq=most+prolific+authors+asimov#v=onepage&q=most%20prolific%20authors%20asimov&f=false","#cite_ref-Oakes500_152-0","http://books.google.com/?id=6Lb0zPJcYOwC&pg=PA24&dq=most+prolific+authors+asimov#v=onepage&q=most%20prolific%20authors%20asimov&f=false","/wiki/International_Standard_Book_Number","/wiki/Special:BookSources/978-0-8160-5158-8","http://books.google.com/?id=6Lb0zPJcYOwC&pg=PA24&dq=most+prolific+authors+asimov#v=onepage&q=most%20prolific%20authors%20asimov&f=false","#cite_ref-153","http://books.google.com/?id=EWbMiyS9v98C","/wiki/International_Standard_Book_Number","/wiki/Special:BookSources/0-7867-1518-9","http://books.google.com/?id=EWbMiyS9v98C","#cite_ref-154","http://www.anu.edu.au/people/Roger.Clarke/SOS/Asimov.html","http://www.anu.edu.au/people/Roger.Clarke/SOS/Asimov.html","#cite_ref-155","http://www.asimovonline.com/asimov_FAQ.html","http://www.asimovonline.com/asimov_FAQ.html","#cite_ref-156","/wiki/International_Standard_Book_Number","/wiki/Special:BookSources/0-7867-1518-9","/w/index.php?title=Robot&action=edit&section=38","http://www.amazon.com/The-Artificial-Human-Tragical-History/dp/3631578083/ref=sr_1_1?s=books&ie=UTF8&qid=1335701088&sr=1-1","http://www.techcast.org/Upload/PDFs/050804104155TC.androids2.pdf","/wiki/Special:BookSources/0880294191","/wiki/Lee_Gutkind","/wiki/Almost_Human:_Making_Robots_Think","/wiki/Needham,_Joseph","/wiki/Science_and_Civilization_in_China","/wiki/Manuel_de_Landa","/wiki/War_in_the_Age_of_Intelligent_Machines","http://www3.interscience.wiley.com/journal/117946193/grouphome/home.html","/w/index.php?title=Robot&action=edit&section=39","/wiki/Wikipedia:Wikimedia_sister_projects","//en.wiktionary.org/wiki/robot","//upload.wikimedia.org/wikipedia/commons/thumb/f/f8/Wiktionary-logo-en.svg/23px-Wiktionary-logo-en.svg.png","//en.wiktionary.org/wiki/robot","//commons.wikimedia.org/wiki/Robots","//upload.wikimedia.org/wikipedia/en/thumb/4/4a/Commons-logo.svg/18px-Commons-logo.svg.png","//commons.wikimedia.org/wiki/Robots","//en.wikiversity.org/wiki/Anthropomorphic_Robotics","//upload.wikimedia.org/wikipedia/commons/thumb/1/1b/Wikiversity-logo-en.svg/25px-Wikiversity-logo-en.svg.png","//en.wikiversity.org/wiki/Anthropomorphic_Robotics","//en.wikibooks.org/wiki/Robotics","//upload.wikimedia.org/wikipedia/commons/thumb/f/fa/Wikibooks-logo.svg/25px-Wikibooks-logo.svg.png","//en.wikibooks.org/wiki/Robotics","//en.wikivoyage.org/wiki/Special:Search/Robot","//upload.wikimedia.org/wikipedia/commons/thumb/8/8a/Wikivoyage-logo.svg/25px-Wikivoyage-logo.svg.png","//en.wikivoyage.org/wiki/Special:Search/Robot","http://www.dmoz.org/Computers/Robotics/","/wiki/Open_Directory_Project","http://www.ifrr.org","http://www.ijrr.org","http://www.ieee-ras.org","/wiki/Institute_of_Electrical_and_Electronics_Engineers","http://kn.theiet.org/communities/robotics/index.cfm","/wiki/Institution_of_Engineering_and_Technology","http://robotics.nasa.gov","/wiki/NASA","http://robotics.eas.asu.edu/","/wiki/Arizona_State_University","/wiki/Template:Robotics","/wiki/Template_talk:Robotics","//en.wikipedia.org/w/index.php?title=Template:Robotics&action=edit","/wiki/Robotics","/wiki/Outline_of_robotics","/wiki/Glossary_of_robotics","/wiki/Index_of_robotics_articles","/wiki/History_of_robots","/wiki/Future_of_robotics","/wiki/Robotics_worldwide","/wiki/Robot_Hall_of_Fame","/wiki/Roboethics","/wiki/Robotic_laws","/wiki/Robotics#Human-robot_interaction","/wiki/Competitions_and_prizes_in_artificial_intelligence","/wiki/File:Shadow_Hand_Bulb_large.jpg","//upload.wikimedia.org/wikipedia/commons/thumb/c/c5/Shadow_Hand_Bulb_large.jpg/100px-Shadow_Hand_Bulb_large.jpg","/wiki/Humanoid","/wiki/Android_(robot)","/wiki/Biomorphic_robotics","/wiki/Hexapod_(robotics)","/wiki/Industrial_robot","/wiki/Articulated_robot","/wiki/Domestic_robot","/wiki/Entertainment_robot","/wiki/Military_robot","/wiki/Robotic_surgery","/wiki/Service_robot","/wiki/Disability_robot","/wiki/Prosthesis#Robotic_prostheses","/wiki/Agricultural_robot","/wiki/Automated_restaurant","/wiki/BEAM_robotics","/wiki/Microbotics","/wiki/Nanorobotics","/wiki/Outline_of_robotics#Specific_robots","/wiki/List_of_fictional_robots_and_androids","/wiki/Mobile_robot#Classification","/wiki/Unmanned_ground_vehicle","/wiki/Autonomous_underwater_vehicle","/wiki/Unmanned_aerial_vehicle","/wiki/Robotic_spacecraft","/wiki/Mobile_robots#Classification","/wiki/Robot_locomotion","/wiki/Robotics#Rolling_robots","/wiki/Continuous_track","/wiki/Legged_robot","/wiki/Robot_locomotion#Running","/wiki/Robot_locomotion#Swimming","/wiki/Climber_(BEAM)","/wiki/Robot_locomotion#Hopping","/wiki/Robot_locomotion#Metachronal_motion","/wiki/Robot_locomotion#Brachiating","/wiki/Mobile_robot_navigation","/wiki/Mobile_robot#Manual_remote_or_tele-op","/wiki/Remote_operation","/wiki/Telerobotics","/wiki/Mobile_robot#Guarded_tele-op","/wiki/Mobile_robot#Line-following_robot","/wiki/Mobile_robot#Autonomously_randomized_robot","/wiki/Mobile_robot#Autonomously_guided_robot","/wiki/Mobile_robot#Sliding_autonomy","/wiki/Robotics#Robot_research","/wiki/Roboticist","/wiki/Areas_of_robotics","/wiki/Evolutionary_robotics","/wiki/Robot_kit","/wiki/Robotics_simulator","/wiki/Robotics_suite","/wiki/Open-source_robotics","/wiki/Robot_software","/wiki/Adaptable_robotics","/wiki/Developmental_robotics","/wiki/Robotic_paradigms","/wiki/Ubiquitous_robot","//upload.wikimedia.org/wikipedia/en/thumb/4/48/Folder_Hexagonal_Icon.svg/16px-Folder_Hexagonal_Icon.svg.png","/wiki/Category:Robotics","//upload.wikimedia.org/wikipedia/en/thumb/4/4a/Commons-logo.svg/12px-Commons-logo.svg.png","//commons.wikimedia.org/wiki/Category:Robotics","//upload.wikimedia.org/wikipedia/en/thumb/f/fd/Portal-puzzle.svg/16px-Portal-puzzle.svg.png","/wiki/Portal:Robotics","//upload.wikimedia.org/wikipedia/commons/thumb/3/37/People_icon.svg/16px-People_icon.svg.png","/wiki/Wikipedia:WikiProject_Robotics","/wiki/Template:Science_fiction","/wiki/Template_talk:Science_fiction","//en.wikipedia.org/w/index.php?title=Template:Science_fiction&action=edit","/wiki/Science_fiction","/wiki/Outline_of_science_fiction","/wiki/Definitions_of_science_fiction","/wiki/Future_history","/wiki/History_of_science_fiction","/wiki/Scientific_romance","/wiki/Golden_Age_of_Science_Fiction","/wiki/New_Wave_science_fiction","/wiki/List_of_science_fiction_genres","/wiki/Adventure_science_fiction","/wiki/Alternate_history","/wiki/Apocalyptic_and_post-apocalyptic_fiction","/wiki/Comic_science_fiction","/wiki/Cyberpunk","/wiki/Dying_Earth_(subgenre)","/wiki/Hard_science_fiction","/wiki/Military_science_fiction","/wiki/Science-fiction_opera","/wiki/Planetary_romance","/wiki/Science_fantasy","/wiki/Social_science_fiction","/wiki/Soft_science_fiction","/wiki/Space_opera","/wiki/Space_Western","/wiki/Steampunk","/wiki/Sword_and_planet","/wiki/Science_fiction_convention","/wiki/EMP_Museum","/wiki/Science_fiction_fandom","/wiki/Science_fiction_fanzine","/wiki/Hugo_Award","/wiki/Internet_Speculative_Fiction_Database","/wiki/Nebula_Award","/wiki/Science_fiction_studies","/wiki/Women_in_speculative_fiction","/wiki/Worldcon","/wiki/Australian_science_fiction","/wiki/Bengali_science_fiction","/wiki/Canadian_science_fiction","/wiki/Science_fiction_in_China","/wiki/Croatian_science_fiction","/wiki/Czech_science_fiction_and_fantasy","/wiki/French_science_fiction","/wiki/Japanese_science_fiction","/wiki/Norwegian_science_fiction","/wiki/Science_fiction_and_fantasy_in_Poland","/wiki/Romanian_science_fiction","/wiki/Russian_science_fiction_and_fantasy","/wiki/Serbian_science_fiction","/wiki/Spanish_science_fiction","/wiki/Science_fiction_comics","/wiki/Science_fiction_magazine","/wiki/List_of_science_fiction_novels","/wiki/List_of_science_fiction_publishers","/wiki/List_of_science_fiction_short_stories","/wiki/Science_fiction_film","/wiki/History_of_science_fiction_films","/wiki/List_of_science-fiction_films","/wiki/Science_fiction_on_television","/wiki/List_of_science_fiction_television_programs","/wiki/British_television_science_fiction","/wiki/U.S._television_science_fiction","/wiki/List_of_science_fiction_themes","/wiki/Artificial_intelligence_in_fiction","/wiki/Black_science_fiction","/wiki/Extraterrestrials_in_fiction","/wiki/List_of_fictional_extraterrestrials","/wiki/Feminist_science_fiction","/wiki/First_contact_(science_fiction)","/wiki/Gender_in_speculative_fiction","/wiki/Hyperspace_(science_fiction)","/wiki/LGBT_themes_in_speculative_fiction","/wiki/Libertarian_science_fiction","/wiki/Parallel_universe_(fiction)","/wiki/Planets_in_science_fiction","/wiki/Political_ideas_in_science_fiction","/wiki/List_of_religious_ideas_in_science_fiction","/wiki/Sex_and_sexuality_in_speculative_fiction","/wiki/Fantasy","/wiki/Fictional_technology","/wiki/Future","/wiki/Gothic_fiction","/wiki/Horror_fiction","/wiki/Magic_realism","/wiki/Mind_uploading","/wiki/Multiverse","/wiki/Speculative_fiction","/wiki/Superhero_fiction","/wiki/Time_travel","/wiki/Transhumanism","/wiki/Utopian_and_dystopian_fiction","/wiki/Weird_fiction","//upload.wikimedia.org/wikipedia/en/thumb/4/48/Folder_Hexagonal_Icon.svg/16px-Folder_Hexagonal_Icon.svg.png","/wiki/Category:Science_fiction","//upload.wikimedia.org/wikipedia/en/thumb/f/fd/Portal-puzzle.svg/16px-Portal-puzzle.svg.png","/wiki/Portal:Speculative_fiction/Science_fiction","//upload.wikimedia.org/wikipedia/commons/thumb/3/37/People_icon.svg/16px-People_icon.svg.png","/wiki/Wikipedia:WikiProject_Science_Fiction","http://en.wikipedia.org/w/index.php?title=Robot&oldid=546408144","/wiki/Help:Categories","/wiki/Category:Robotics","/wiki/Category:Robots","/wiki/Category:Articles_with_links_needing_disambiguation_from_August_2012","/wiki/Category:All_articles_with_dead_external_links","/wiki/Category:Articles_with_dead_external_links_from_September_2010","/wiki/Category:Accuracy_disputes_from_April_2012","/wiki/Category:All_accuracy_disputes","/wiki/Category:All_articles_with_unsourced_statements","/wiki/Category:Articles_with_unsourced_statements_from_January_2013","/wiki/Category:Articles_with_unsourced_statements_from_November_2011","/wiki/Category:Articles_with_unsourced_statements_from_September_2011","/wiki/Category:Wikipedia_articles_needing_copy_edit_from_September_2012","/wiki/Category:All_articles_needing_copy_edit","/wiki/Category:Articles_with_unsourced_statements_from_March_2013","/wiki/Category:Articles_that_may_contain_original_research_from_March_2012","/wiki/Category:All_articles_that_may_contain_original_research","/wiki/Category:Articles_with_unsourced_statements_from_February_2012","/wiki/Category:Articles_needing_additional_references_from_July_2009","/wiki/Category:All_articles_needing_additional_references","/wiki/Category:Articles_with_unsourced_statements_from_July_2009","/w/index.php?title=Special:UserLogin&returnto=Robot&type=signup","/w/index.php?title=Special:UserLogin&returnto=Robot","/wiki/Robot","/wiki/Talk:Robot","#","/wiki/Robot","/w/index.php?title=Robot&action=edit","/w/index.php?title=Robot&action=history","#","/w/index.php","//bits.wikimedia.org/static-1.21wmf11/skins/vector/images/search-ltr.png?303-4","/wiki/Main_Page","/wiki/Main_Page","/wiki/Portal:Contents","/wiki/Portal:Featured_content","/wiki/Portal:Current_events","/wiki/Special:Random","//donate.wikimedia.org/wiki/Special:FundraiserRedirector?utm_source=donate&utm_medium=sidebar&utm_campaign=C13_en.wikipedia.org&uselang=en","/wiki/Help:Contents","/wiki/Wikipedia:About","/wiki/Wikipedia:Community_portal","/wiki/Special:RecentChanges","/wiki/Wikipedia:Contact_us","/wiki/Special:WhatLinksHere/Robot","/wiki/Special:RecentChangesLinked/Robot","/wiki/Wikipedia:File_Upload_Wizard","/wiki/Special:SpecialPages","/w/index.php?title=Robot&oldid=546408144","/w/index.php?title=Robot&action=info","/w/index.php?title=Special:Cite&page=Robot&id=546408144","/w/index.php?title=Special:Book&bookcmd=book_creator&referer=Robot","/w/index.php?title=Special:Book&bookcmd=render_article&arttitle=Robot&oldid=546408144&writer=rl","/w/index.php?title=Robot&printable=yes","//am.wikipedia.org/wiki/%E1%88%AE%E1%89%A6%E1%89%B5","//ang.wikipedia.org/wiki/Searu%C3%BEr%C3%A6l","//ar.wikipedia.org/wiki/%D8%B1%D9%88%D8%A8%D9%88%D8%AA","//an.wikipedia.org/wiki/Robot","//az.wikipedia.org/wiki/Robot","//bn.wikipedia.org/wiki/%E0%A6%B0%E0%A7%8B%E0%A6%AC%E0%A6%9F","//zh-min-nan.wikipedia.org/wiki/Robot","//be.wikipedia.org/wiki/%D0%A0%D0%BE%D0%B1%D0%B0%D1%82","//be-x-old.wikipedia.org/wiki/%D0%A0%D0%BE%D0%B1%D0%B0%D1%82","//bg.wikipedia.org/wiki/%D0%A0%D0%BE%D0%B1%D0%BE%D1%82","//bs.wikipedia.org/wiki/Robot","//br.wikipedia.org/wiki/Robot","//ca.wikipedia.org/wiki/Robot","//cs.wikipedia.org/wiki/Robot","//cy.wikipedia.org/wiki/Robot","//da.wikipedia.org/wiki/Robot","//de.wikipedia.org/wiki/Roboter","//et.wikipedia.org/wiki/Robot","//el.wikipedia.org/wiki/%CE%A1%CE%BF%CE%BC%CF%80%CF%8C%CF%84","//es.wikipedia.org/wiki/Robot","//eo.wikipedia.org/wiki/Roboto","//eu.wikipedia.org/wiki/Robot","//fa.wikipedia.org/wiki/%D8%B1%D8%A8%D8%A7%D8%AA","//hif.wikipedia.org/wiki/Robot","//fr.wikipedia.org/wiki/Robot","//gl.wikipedia.org/wiki/Robot","//gan.wikipedia.org/wiki/%E6%A9%9F%E6%A2%B0%E4%BA%BA","//ko.wikipedia.org/wiki/%EB%A1%9C%EB%B4%87","//hy.wikipedia.org/wiki/%D5%8C%D5%B8%D5%A2%D5%B8%D5%BF","//hi.wikipedia.org/wiki/%E0%A4%B0%E0%A5%8B%E0%A4%AC%E0%A5%8B%E0%A4%9F","//hr.wikipedia.org/wiki/Robot","//io.wikipedia.org/wiki/Roboto","//id.wikipedia.org/wiki/Robot","//is.wikipedia.org/wiki/V%C3%A9lmenni","//it.wikipedia.org/wiki/Robot","//he.wikipedia.org/wiki/%D7%A8%D7%95%D7%91%D7%95%D7%98","//jv.wikipedia.org/wiki/Robot","//ka.wikipedia.org/wiki/%E1%83%A0%E1%83%9D%E1%83%91%E1%83%9D%E1%83%A2%E1%83%98","//kk.wikipedia.org/wiki/%D0%A0%D0%BE%D0%B1%D0%BE%D1%82","//la.wikipedia.org/wiki/Robotum","//lv.wikipedia.org/wiki/Robots","//lt.wikipedia.org/wiki/Robotas","//hu.wikipedia.org/wiki/Robot","//mk.wikipedia.org/wiki/%D0%A0%D0%BE%D0%B1%D0%BE%D1%82","//ml.wikipedia.org/wiki/%E0%B4%B1%E0%B5%8B%E0%B4%AC%E0%B5%8B%E0%B4%9F%E0%B5%8D%E0%B4%9F%E0%B5%8D","//xmf.wikipedia.org/wiki/%E1%83%A0%E1%83%9D%E1%83%91%E1%83%9D%E1%83%A2%E1%83%98","//ms.wikipedia.org/wiki/Robot","//my.wikipedia.org/wiki/%E1%80%85%E1%80%80%E1%80%BA%E1%80%9B%E1%80%AF%E1%80%95%E1%80%BA","//nl.wikipedia.org/wiki/Robot","//ne.wikipedia.org/wiki/%E0%A4%B0%E0%A5%8B%E0%A4%AC%E0%A5%8B%E0%A4%9F","//ja.wikipedia.org/wiki/%E3%83%AD%E3%83%9C%E3%83%83%E3%83%88","//no.wikipedia.org/wiki/Robot","//nn.wikipedia.org/wiki/Robot","//nrm.wikipedia.org/wiki/Robot","//oc.wikipedia.org/wiki/Rob%C3%B2t","//uz.wikipedia.org/wiki/Robot","//pa.wikipedia.org/wiki/%E0%A8%B0%E0%A9%8B%E0%A8%AC%E0%A9%8B%E0%A8%9F","//pnb.wikipedia.org/wiki/%D8%B1%D9%88%D8%A8%D9%88%D9%B9","//pcd.wikipedia.org/wiki/Robot","//pl.wikipedia.org/wiki/Robot","//pt.wikipedia.org/wiki/Rob%C3%B4","//ro.wikipedia.org/wiki/Robot","//ru.wikipedia.org/wiki/%D0%A0%D0%BE%D0%B1%D0%BE%D1%82","//sco.wikipedia.org/wiki/Robot","//sq.wikipedia.org/wiki/Roboti","//scn.wikipedia.org/wiki/Robot","//simple.wikipedia.org/wiki/Robot","//sk.wikipedia.org/wiki/Robot","//sl.wikipedia.org/wiki/Robot","//so.wikipedia.org/wiki/Robot","//sr.wikipedia.org/wiki/%D0%A0%D0%BE%D0%B1%D0%BE%D1%82","//sh.wikipedia.org/wiki/Robot","//su.wikipedia.org/wiki/Robot","//fi.wikipedia.org/wiki/Robotti","//sv.wikipedia.org/wiki/Robot","//ta.wikipedia.org/wiki/%E0%AE%A4%E0%AE%BE%E0%AE%A9%E0%AE%BF%E0%AE%AF%E0%AE%99%E0%AF%8D%E0%AE%95%E0%AE%BF","//te.wikipedia.org/wiki/%E0%B0%AE%E0%B0%B0%E0%B0%AE%E0%B0%A8%E0%B0%BF%E0%B0%B7%E0%B0%BF","//th.wikipedia.org/wiki/%E0%B8%AB%E0%B8%B8%E0%B9%88%E0%B8%99%E0%B8%A2%E0%B8%99%E0%B8%95%E0%B9%8C","//tr.wikipedia.org/wiki/Robot","//uk.wikipedia.org/wiki/%D0%A0%D0%BE%D0%B1%D0%BE%D1%82","//ur.wikipedia.org/wiki/%D8%B1%D9%88%D8%A8%D8%A7%D9%84%DB%81","//ug.wikipedia.org/wiki/%D8%B1%D9%88%D8%A8%D9%88%D8%AA","//vi.wikipedia.org/wiki/Robot","//fiu-vro.wikipedia.org/wiki/Robot","//war.wikipedia.org/wiki/Robot","//yi.wikipedia.org/wiki/%D7%A8%D7%90%D7%91%D7%90%D7%98","//zh-yue.wikipedia.org/wiki/%E6%A9%9F%E6%A2%B0%E4%BA%BA","//zh.wikipedia.org/wiki/%E6%9C%BA%E5%99%A8%E4%BA%BA","//www.wikidata.org/wiki/Special:ItemByTitle/enwiki/Robot","//en.wikipedia.org/wiki/Wikipedia:Text_of_Creative_Commons_Attribution-ShareAlike_3.0_Unported_License","//creativecommons.org/licenses/by-sa/3.0/","//wikimediafoundation.org/wiki/Terms_of_Use","//www.wikimediafoundation.org/","//en.wikipedia.org/wiki/Wikipedia:Contact_us","//wikimediafoundation.org/wiki/Privacy_policy","/wiki/Wikipedia:About","/wiki/Wikipedia:General_disclaimer","http://en.m.wikipedia.org/wiki/Robot","//wikimediafoundation.org/","//bits.wikimedia.org/images/wikimedia-button.png","//www.mediawiki.org/","//bits.wikimedia.org/static-1.21wmf11/skins/common/images/poweredby_mediawiki_88x31.png","//bits.wikimedia.org/en.wikipedia.org/load.php?debug=false&lang=en&modules=skins.vector&only=scripts&skin=vector&*","/w/index.php?title=MediaWiki:Gadget-ReferenceTooltips.js&action=raw&ctype=text/javascript&508635914","//bits.wikimedia.org/en.wikipedia.org/load.php?debug=false&lang=en&modules=site&only=scripts&skin=vector&*"],"instances":["mythology","robot","mythology","philosophy","biology","mythology","biology","new_jersey","short_story","battlestar_galactica","programming_language","stargate","hvac","robot_operating_system","equipment","robot"],"pdf":["http://www.ifr.org/uploads/media/History_of_Industrial_Robots_online_brochure_by_IFR_2012.pdf","http://www.ifr.org/uploads/media/History_of_Industrial_Robots_online_brochure_by_IFR_2012.pdf","http://web.archive.org/web/20070628064010/http://www.dira.dk/pdf/robotdef.pdf","http://www.dira.dk/pdf/robotdef.pdf","http://web.archive.org/web/20070628064010/http://www.dira.dk/pdf/robotdef.pdf","http://www.roboticsdesign.qc.ca/assets/Uploads/PDF-content/InThePress/HVAC/Pluming+HVACmagazineapril2010.pdf","http://www.macdorman.com/kfm/writings/pubs/Ho2007EmotionUncanny.pdf","http://www.robotictechnologyinc.com/images/upload/file/Cyclone%20Power%20Press%20Release%20EATR%20Rumors%20Final%2016%20July%2009.pdf","http://www.robotictechnologyinc.com/images/upload/file/Presentation%20EATR%20Brief%20Overview%206%20April%2009.pdf","http://groups.csail.mit.edu/drl/publications/papers/MeltSortGrow.pdf","http://www.techcast.org/Upload/PDFs/050804104155TC.androids2.pdf"],"categories":["Robotics|","Robots|"],"headings":["Overview","History","Etymology","Modern robots","Robots in society","Contemporary uses","Future development","Robots in popular culture","See also","References","Further reading","External links"],"image":["//upload.wikimedia.org/wikipedia/commons/thumb/1/1e/Gnome-searchtool.svg/45px-Gnome-searchtool.svg.png","//upload.wikimedia.org/wikipedia/commons/thumb/0/05/HONDA_ASIMO.jpg/200px-HONDA_ASIMO.jpg","//bits.wikimedia.org/static-1.21wmf11/skins/common/images/magnify-clip.png","//upload.wikimedia.org/wikipedia/en/thumb/9/9b/FANUC_6-axis_welding_robots.jpg/200px-FANUC_6-axis_welding_robots.jpg","//bits.wikimedia.org/static-1.21wmf11/skins/common/images/magnify-clip.png","//upload.wikimedia.org/wikipedia/commons/thumb/8/88/Simplified_robottypes.svg/201px-Simplified_robottypes.svg.png","//upload.wikimedia.org/wikipedia/commons/thumb/2/20/Knight2000_ex107.jpg/180px-Knight2000_ex107.jpg","//upload.wikimedia.org/wikipedia/commons/thumb/c/c0/Asimo_look_new_design.jpg/180px-Asimo_look_new_design.jpg","//upload.wikimedia.org/wikipedia/commons/thumb/4/46/Washstand_by_Philo_of_Byzantium.png/91px-Washstand_by_Philo_of_Byzantium.png","//upload.wikimedia.org/wikipedia/commons/thumb/c/ce/Al-Jazari_-_A_Musical_Toy.jpg/165px-Al-Jazari_-_A_Musical_Toy.jpg","//upload.wikimedia.org/wikipedia/commons/thumb/4/45/KarakuriBritishMuseum.jpg/88px-KarakuriBritishMuseum.jpg","//upload.wikimedia.org/wikipedia/commons/thumb/a/ae/Clock_Tower_from_Su_Song%27s_Book.JPG/80px-Clock_Tower_from_Su_Song%27s_Book.JPG","//upload.wikimedia.org/wikipedia/commons/thumb/8/87/Capek_play.jpg/260px-Capek_play.jpg","//bits.wikimedia.org/static-1.21wmf11/skins/common/images/magnify-clip.png","//upload.wikimedia.org/wikipedia/commons/thumb/0/0d/Laproscopic_Surgery_Robot.jpg/175px-Laproscopic_Surgery_Robot.jpg","//bits.wikimedia.org/static-1.21wmf11/skins/common/images/magnify-clip.png","//upload.wikimedia.org/wikipedia/commons/thumb/8/8a/Automation_of_foundry_with_robot.jpg/175px-Automation_of_foundry_with_robot.jpg","//bits.wikimedia.org/static-1.21wmf11/skins/common/images/magnify-clip.png","//upload.wikimedia.org/wikipedia/commons/thumb/5/52/Acap.svg/36px-Acap.svg.png","//upload.wikimedia.org/wikipedia/commons/thumb/9/92/TOPIO_3.jpg/200px-TOPIO_3.jpg","//bits.wikimedia.org/static-1.21wmf11/skins/common/images/magnify-clip.png","//upload.wikimedia.org/wikipedia/commons/thumb/1/16/Actroid-DER_01.jpg/220px-Actroid-DER_01.jpg","//bits.wikimedia.org/static-1.21wmf11/skins/common/images/magnify-clip.png","//upload.wikimedia.org/wikipedia/commons/3/3a/SmUsingGuiaBot.jpg","//bits.wikimedia.org/static-1.21wmf11/skins/common/images/magnify-clip.png","//upload.wikimedia.org/wikipedia/commons/7/72/ADAM_Intelligent_AGV.jpg","//bits.wikimedia.org/static-1.21wmf11/skins/common/images/magnify-clip.png","//upload.wikimedia.org/wikipedia/commons/thumb/a/a5/IED_detonator.jpg/220px-IED_detonator.jpg","//bits.wikimedia.org/static-1.21wmf11/skins/common/images/magnify-clip.png","//upload.wikimedia.org/wikipedia/commons/thumb/f/f5/Roomba_original.jpg/220px-Roomba_original.jpg","//bits.wikimedia.org/static-1.21wmf11/skins/common/images/magnify-clip.png","//upload.wikimedia.org/wikipedia/en/f/f4/Ambox_content.png","//upload.wikimedia.org/wikipedia/commons/thumb/c/cf/FRIEND-III_klein.png/220px-FRIEND-III_klein.png","//bits.wikimedia.org/static-1.21wmf11/skins/common/images/magnify-clip.png","//upload.wikimedia.org/wikipedia/en/thumb/9/99/Question_book-new.svg/50px-Question_book-new.svg.png","//upload.wikimedia.org/wikipedia/commons/thumb/5/5a/Microgripper_holding_silicon_nanowires.jpg/220px-Microgripper_holding_silicon_nanowires.jpg","//bits.wikimedia.org/static-1.21wmf11/skins/common/images/magnify-clip.png","//upload.wikimedia.org/wikipedia/commons/thumb/d/d4/SwarmRobot_org.jpg/220px-SwarmRobot_org.jpg","//bits.wikimedia.org/static-1.21wmf11/skins/common/images/magnify-clip.png","//upload.wikimedia.org/wikipedia/commons/thumb/c/c0/Animation2.gif/17px-Animation2.gif","//upload.wikimedia.org/wikipedia/commons/thumb/f/f8/Wiktionary-logo-en.svg/23px-Wiktionary-logo-en.svg.png","//upload.wikimedia.org/wikipedia/en/thumb/4/4a/Commons-logo.svg/18px-Commons-logo.svg.png","//upload.wikimedia.org/wikipedia/commons/thumb/1/1b/Wikiversity-logo-en.svg/25px-Wikiversity-logo-en.svg.png","//upload.wikimedia.org/wikipedia/commons/thumb/f/fa/Wikibooks-logo.svg/25px-Wikibooks-logo.svg.png","//upload.wikimedia.org/wikipedia/commons/thumb/8/8a/Wikivoyage-logo.svg/25px-Wikivoyage-logo.svg.png","//upload.wikimedia.org/wikipedia/commons/thumb/c/c5/Shadow_Hand_Bulb_large.jpg/100px-Shadow_Hand_Bulb_large.jpg","//upload.wikimedia.org/wikipedia/en/thumb/4/48/Folder_Hexagonal_Icon.svg/16px-Folder_Hexagonal_Icon.svg.png","//upload.wikimedia.org/wikipedia/en/thumb/4/4a/Commons-logo.svg/12px-Commons-logo.svg.png","//upload.wikimedia.org/wikipedia/en/thumb/f/fd/Portal-puzzle.svg/16px-Portal-puzzle.svg.png","//upload.wikimedia.org/wikipedia/commons/thumb/3/37/People_icon.svg/16px-People_icon.svg.png","//upload.wikimedia.org/wikipedia/en/thumb/4/48/Folder_Hexagonal_Icon.svg/16px-Folder_Hexagonal_Icon.svg.png","//upload.wikimedia.org/wikipedia/en/thumb/f/fd/Portal-puzzle.svg/16px-Portal-puzzle.svg.png","//upload.wikimedia.org/wikipedia/commons/thumb/3/37/People_icon.svg/16px-People_icon.svg.png","//bits.wikimedia.org/static-1.21wmf11/skins/vector/images/search-ltr.png?303-4","//bits.wikimedia.org/images/wikimedia-button.png","//bits.wikimedia.org/static-1.21wmf11/skins/common/images/poweredby_mediawiki_88x31.png"],"tags":[["agency","philosophy"],["inland_fisher_guide_plant","new_jersey"],["agency","philosophy"],["vulcan","mythology"],["galatea","mythology"],["pygmalion","mythology"],["r.u.r.","rossum's_universal_robots"],["android","robot"],["duct","hvac"],["loader","equipment"],["turtle","robot"],["logo","programming_language"],["cell","biology"],["colony","biology"],["ros","robot_operating_system"],["android","robot"],["liar!","short_story"],["replicator","stargate"],["cylon","battlestar_galactica"]],"members":["vulcan","android","galatea","agency","cell","pygmalion","colony","inland_fisher_guide_plant","cylon","logo","replicator","duct","ros","loader","turtle"],"related":["Expo_2005","Humanoid_robot","Welding_robot","Electromechanics","Computer_program","Electronic_circuit","Autonomous_robot","ASIMO","TOPIO","Nanorobotics","Swarm_robotics","Industrial_robot","Agency_(philosophy)","Robotics","Nikola_Tesla","Autonomous_robot","William_Grey_Walter","England","Computer_program","George_Devol","Unimate","General_Motors","Die_casting","Inland_Fisher_Guide_Plant_(New_Jersey)","West_Trenton,_New_Jersey","Ewing_Township,_New_Jersey","Virtuality","Software_agent","Internet_bot","Joseph_Engelberger","Encyclopaedia_Britannica","Merriam-Webster","KITT","Gear","Hydraulic_press","Mechanics","Control_system","Agency_(philosophy)","Ant_robotics","Clockwork","Telerobotics","Bigtrak","Intelligent_car","Driverless_car","Ernst_Dickmanns","DARPA_Grand_Challenge","Sentience","KITT","Layman","ASIMO","Aibo","Player_piano","CNC","Factory_robot","Zoomorphic","Roboraptor","ASIMO","Ancient_China","Ancient_Greece","Ptolemaic_Egypt","Archytas","Mozi","Lu_Ban","Hero_of_Alexandria","Philo_of_Byzantium","Aeliopile","Hero_of_Alexandria","Ctesibius_of_Alexandria","Philo_of_Byzantium","Hero_of_Alexandria","Al-Jazari","Leonardo's_robot","Leonardo_da_Vinci","Digesting_Duck","Jacques_de_Vaucanson","Hisashige_Tanaka","Fire_ship","Giovanni_Luppis","Torpedo","John_Ericsson","Pneumatics","John_Louis_Lay","Victor_von_Scheliha","John_Ericsson","John_Louis_Lay","Victor_von_Scheliha","Nikola_Tesla","Rossum's_Universal_Robots","Karel_Čapek","World's_Fair","Elektro","Westinghouse_Electric_Corporation","William_Grey_Walter","George_Devol","Joseph_Engelberger","Unimate","George_Devol","Unimate","George_Devol","KUKA","Programmable_Universal_Machine_for_Assembly","Victor_Scheinman","Hephaestus","Vulcan_(mythology)","Golem","Galatea_(mythology)","Pygmalion_(mythology)","Talos","Ctesibius","Greek_mathematics","Archytas","Hero_of_Alexandria","King_Mu_of_Zhou","Mohism","Mozi","Lu_Ban","Su_Song","Water_Clock","Su_Song","Cam","Lever","Philo_of_Byzantium","Al-Jazari","Karakuri_ningyō","National_Museum_of_Nature_and_Science","Tokyo","Su_Song","Renaissance","Leonardo_da_Vinci","Leonardo's_robot","Karakuri_ningyō","Puppet","Theatre","Mythology","Legend","Jacques_de_Vaucanson","Humanoid_robot","Ping_pong","International_Robot_Exhibition","Hisashige_Tanaka","Torpedo","Torpedo","John_Ericsson","Pneumatics","John_Louis_Lay","Victor_von_Scheliha","Nikola_Tesla","Torpedo","US_Navy","Westinghouse_Electric_Corporation","World's_Fair","Gakutensoku","William_Grey_Walter","Burden_Neurological_Institute","Unimate","General_Motors","Trenton,_New_Jersey","Die_casting","R.U.R._(Rossum's_Universal_Robots)","Czechs","Interwar_period","Karel_Čapek","Android_(robot)","Exploitation","Etymology","Josef_Čapek","Latin","Corvée","Czech_language","Slavic_languages","Bulgarian_language","Russian_language","Slovak_language","Polish_language","Macedonian_language","Ukrainian_language","Czech_language","Corvée","Old_Church_Slavonic","Old_Bulgarian","Bulgarian_language","Russian_language","Indo-European_languages","Cognate","Robotics","Isaac_Asimov","Runaround","Assembly_line","Domestic_robot","Military_robot","Jointed_arm","Robot_end_effector","Robot_end_effector","International_Organization_for_Standardization","ISO_8373","International_Federation_of_Robotics","International_Federation_of_Robotics","Universal_Robots","Rodney_Brooks","Industrial_robot","Humanoid_robot","Ping_pong","International_Robot_Exhibition","Australasia","Japan","Astro_Boy","Vernor_Vinge","Technological_singularity","Singularitarianism","Association_for_the_Advancement_of_Artificial_Intelligence","Military_robots","Energetically_Autonomous_Tactical_Robot","Biomass","Manuel_De_Landa","Manuel_de_Landa","Foxconn","Humanoid_robot","Sensitivity_and_specificity","Automaker","Industrial_robot","Welding","Adhesive","Packaging","Electronics","Printed_circuit_board","SCARA","Electronic_component","Automated_guided_vehicle","3D_scanner","Observational_error","Dead_reckoning","Simultaneous_localization_and_mapping","Photomask","Housekeeping","Volcano","Planet","Laparoscopic","Space_probe","Luna_9","Voyager_probe","Telerobotics","Improvised_explosive_device","Camp_Fallujah","Iraq","Duct_(HVAC)","Unmanned_Aerial_Vehicle","IRobot","Packbot","Foster-Miller_TALON","Iraq","Afghanistan","United_States_Armed_Forces","Improvised_explosive_device","Explosive_ordnance_disposal","Automated_fruit_harvesting_machine","Vacuum_cleaner","Domestic_robots","Vacuum_cleaner","Scooba","Lawn_mower","SWORDS_robot","Unmanned_combat_air_vehicles","UAVs","Mantis_UCAV","BAE_Taranis","Association_for_the_Advancement_of_Artificial_Intelligence","Friendly_AI","Three_Laws_of_Robotics","Underground_mining","Loader_(equipment)","Rio_Tinto_Group","Komatsu_Limited","Western_Australia","Longwall_mining","Rockbreaker","Atlas_Copco","Drilling_rig","Transmin","Turtle_(robot)","Logo_(programming_language)","Robot_kit","Mindstorms_NXT","Robotis_Bioloid","Robot_competition","FIRST","FIRST_Robotics_Competition","FIRST_LEGO_League","Junior_FIRST_LEGO_League","FIRST_Tech_Challenge","Embodied_agent","Home_automation_for_the_elderly_and_disabled","Care-Providing_Robot_FRIEND","Gerontotechnology","Disability","Old_age","Patients","Paraplegia","Paralysis","Pharmaceutical_drug","Pharmacist","Pharmacy_technician","Electromechanics","Pneumatics","Barcode","Laboratory","Nanorobotics","Emerging_technology","Nanometer","Molecular_machine","Synthetic_molecular_motors","Cell_(biology)","Utility_fog","Grey_goo","Self-reconfiguring_modular_robot","T-1000","Silicone","Pneumatic_artificial_muscles","Electroactive_polymers","Ferrofluid","Fuzzy_logic","Neural_networks","Colony_(biology)","Ants","Bees","Swarm_robotics","Emergent_behavior","Superorganism","Swarm_intelligence","Virtual_reality","Haptic_technology","Somatosensory_system","Ce-BIT","Evolutionary_robotics","Developmental_robotics","ROS_(Robot_Operating_System)","Stanford_University","Massachusetts_Institute_of_Technology","Technical_University_of_Munich","Joseph_F._Engelberger","Molding_flash","Cable_harness","Packing_problem","Prosthesis","Android_(robot)","Gynoid","Cyborg","Bionic","Homer","Hephaestus","E._V._Rieu","Isaac_Asimov","Three_Laws_of_Robotics","Liar!_(short_story)","Replicator_(Stargate)","Cylon_(Battlestar_Galactica)","Uncanny_valley","Outline_of_robotics","Index_of_robotics_articles","Artificial_intelligence","Glossary_of_robotics","Index_of_robotics_articles","Liquid_handling_robot","Mobile_robot","Outline_of_robotics","Robot_App_Store","Tactile_sensor","Lee_Gutkind","Needham,_Joseph","Manuel_de_Landa","Institute_of_Electrical_and_Electronics_Engineers","Institution_of_Engineering_and_Technology","NASA","Arizona_State_University"]}