{"cursor":"3302","size":15,"audio":[],"currentlang":"en","article":"{{Infobox journal\n| title = Organic Syntheses cover = editor = Rick L. Danheiser discipline =\n| Organic chemistry abbreviation = Org. Synth. publisher = Organic Syntheses,\n| Inc., John Wiley & Sons country = frequency = Annual, articles posted online\n| upon acceptance history = 1921-present openaccess = Yes website =\n| http://www.orgsyn.org/ link1 =\n| http://onlinelibrary.wiley.com/book/10.1002/0471264229 link1-name = Journal\n| page at publisher's website ISSN = 0078-6209 CODEN = ORSYAT LCCN = 21017747\n| OCLC = 611353626\n}} 'Organic Syntheses' is a peer-reviewed scientific journal that was\nestablished in 1921. It publishes detailed and checked procedures for the\nsynthesis of organic compounds. A unique feature of the review process is that\nall of the data and experiments reported in an article must be successfully\nrepeated in the laboratory of a member of the editorial board as a check for\nreproducibility prior to publication. The journal is\npublished by Organic Syntheses, Inc. An annual print version is published by\nJohn Wiley & Sons on behalf of Organic Syntheses, Inc.\n","linknr":129,"url":"Organic_Syntheses","recorded":1362543570,"links":23,"instances":[],"pdf":["http://orgsyn.org/orgsyn/pdfs/v88p0001.pdf","http://orgsyn.org/orgsyn/pdfs/v88p0001.pdf"],"categories":["Chemistry journals","Publications established in 1921","Open access journals","John Wiley & Sons academic journals","English-language journals"],"headings":["History","See also","References","External links"],"image":["//bits.wikimedia.org/static-1.21wmf10/skins/vector/images/search-ltr.png?303-4","//bits.wikimedia.org/images/wikimedia-button.png","//bits.wikimedia.org/static-1.21wmf10/skins/common/images/poweredby_mediawiki_88x31.png"],"tags":[],"members":[],"related":["Organic_chemistry","John_Wiley_&_Sons","Peer_review","Scientific_journal","Organic_synthesis","Organic_compound","Editorial_board","John_Wiley_&_Sons","World_War_I","University_of_Illinois_at_Urbana-Champaign","Eastman_Kodak","World_War_II","Open_access"]}