{"cursor":"5172","size":15,"audio":[],"currentlang":"en","article":"'System-of-Systems Engineering' ('SoSE') is a set of developing processes,\ntools, and methods for designing, re-designing and deploying solutions to System-of-\nSystems challenges.\n","linknr":96,"url":"System_of_systems_engineering","recorded":1362476979,"links":10,"instances":[],"pdf":[],"categories":["Systems engineering","Complex systems theory"],"headings":["Overview","See also","References","Further reading","External links"],"image":["//bits.wikimedia.org/static-1.21wmf10/skins/vector/images/search-ltr.png?303-4","//bits.wikimedia.org/images/wikimedia-button.png","//bits.wikimedia.org/static-1.21wmf10/skins/common/images/poweredby_mediawiki_88x31.png"],"tags":[],"members":[],"related":["System_of_systems","United_States_Department_of_Defense","Systems_engineering","Complexity","System_of_systems","Enterprise_systems_engineering","System_of_systems","Enterprise_architecture"]}