{"cursor":"2693","size":15,"audio":[],"currentlang":"en","article":"{{Infobox magazine\n| title = Develop image_file = publisher = editor = Owain Bennallack | frequency\n| = 11 per year | circulation = 8,366 category = Computer and video\n| games company = Intent Media language = English country = United Kingdom\n| website = http://www.develop-online.net/\n}}\n\n'Develop' is a monthly trade magazine for the video games industry. Based in\nHertford, Hertfordshire, the magazine allows participation by anyone working in\nthe video game industry. Develop is the only European-based website and print\nmagazine aimed exclusively at the development community. The current online\nportal, complete with a digital version of the print publication, has been\nactive since July 2007.\n\nThe Develop Conference has been held yearly held in Brighton since 2006.\n\nDevelop 100 is an annual rating system for game developers produced by Develop.\nIt is a ranking of the world's games development studios based on a variety of\ncriteria including sales data, critical success and industry standing.\n\nThe Develop Industry Excellence Awards, also yearly, honour the development of\nvideo games and award studios across a range of categories. It was presented in 2010 by comic Rufus Hound.\n","linknr":140,"url":"Develop_(magazine)","recorded":1363371179,"links":["/w/index.php?title=Develop_(magazine)&action=edit","/w/index.php?title=Develop_(magazine)&action=edit","//en.wikipedia.org/apple-touch-icon.png","//bits.wikimedia.org/favicon/wikipedia.ico","/w/opensearch_desc.php","//en.wikipedia.org/w/api.php?action=rsd","//creativecommons.org/licenses/by-sa/3.0/","/w/index.php?title=Special:RecentChanges&feed=atom","//bits.wikimedia.org/en.wikipedia.org/load.php?debug=false&lang=en&modules=ext.gadget.DRN-wizard%2CReferenceTooltips%2Ccharinsert%2Cteahouse%7Cext.wikihiero%7Cmediawiki.legacy.commonPrint%2Cshared%7Cmw.PopUpMediaTransform%7Cskins.vector&only=styles&skin=vector&*","//bits.wikimedia.org/en.wikipedia.org/load.php?debug=false&lang=en&modules=site&only=styles&skin=vector&*","//bits.wikimedia.org/en.wikipedia.org/load.php?debug=false&lang=en&modules=startup&only=scripts&skin=vector&*","//bits.wikimedia.org/geoiplookup","//meta.wikimedia.org","#mw-head","#p-search","/wiki/Computer_and_video_games","/wiki/List_of_magazines_by_circulation","#cite_note-1","/w/index.php?title=Intent_Media&action=edit&redlink=1","/wiki/United_Kingdom","/wiki/English_language","http://www.develop-online.net/","/wiki/Trade_magazine","/wiki/Video_game","/wiki/Hertford","/wiki/Hertfordshire","/wiki/Wikipedia:Citation_needed","#cite_note-2","#cite_note-3","/wiki/Brighton","#cite_note-MCVUK-4","/wiki/Rufus_Hound","#cite_note-MCVUK-4","/w/index.php?title=Develop_(magazine)&action=edit&section=1","#cite_ref-1","http://www.intentmedia.co.uk/files/media_pdfs/306/DevelopMagazineMediaPack2006.pdf","http://www.intentmedia.co.uk/files/media_pdfs/306/DevelopMagazineMediaPack2006.pdf","#cite_ref-2","http://news.softpedia.com/news/Develop-Mag-Online-Portal-for-Everyone-Involved-with-Game-Development-60122.shtml","http://news.softpedia.com/news/Develop-Mag-Online-Portal-for-Everyone-Involved-with-Game-Development-60122.shtml","#cite_ref-3","http://www.intentmedia.co.uk/release.php?id=34","http://www.intentmedia.co.uk/release.php?id=34","#cite_ref-MCVUK_4-0","#cite_ref-MCVUK_4-1","http://www.mcvuk.com/news/read/develop-awards-finalists-revealed/08236","/wiki/MCVUK","http://www.mcvuk.com/news/read/develop-awards-finalists-revealed/08236","/w/index.php?title=Develop_(magazine)&action=edit&section=2","http://www.develop-online.net/","http://www.develop-conference.com","http://www.develop100.com/","/wiki/File:Book_Hexagonal_Icon.svg","//upload.wikimedia.org/wikipedia/commons/thumb/e/ed/Book_Hexagonal_Icon.svg/40px-Book_Hexagonal_Icon.svg.png","/wiki/Wikipedia:Stub","//en.wikipedia.org/w/index.php?title=Develop_(magazine)&action=edit","/wiki/Template:Trade-mag-stub","/wiki/Template_talk:Trade-mag-stub","//en.wikipedia.org/w/index.php?title=Template:Trade-mag-stub&action=edit","/wiki/Wikipedia:Stub","//en.wikipedia.org/w/index.php?title=Develop_(magazine)&action=edit","/wiki/Template:Videogame-mag-stub","/wiki/Template_talk:Videogame-mag-stub","//en.wikipedia.org/w/index.php?title=Template:Videogame-mag-stub&action=edit","/wiki/Wikipedia:Stub","//en.wikipedia.org/w/index.php?title=Develop_(magazine)&action=edit","/wiki/Template:UK-business-mag-stub","/wiki/Template_talk:UK-business-mag-stub","//en.wikipedia.org/w/index.php?title=Template:UK-business-mag-stub&action=edit","/wiki/File:Book_Hexagonal_Icon.svg","//upload.wikimedia.org/wikipedia/commons/thumb/e/ed/Book_Hexagonal_Icon.svg/25px-Book_Hexagonal_Icon.svg.png","/wiki/Wikipedia:Stub","//en.wikipedia.org/w/index.php?title=Develop_(magazine)&action=edit","/wiki/Template:UK-sci-mag-stub","/wiki/Template_talk:UK-sci-mag-stub","//en.wikipedia.org/w/index.php?title=Template:UK-sci-mag-stub&action=edit","http://en.wikipedia.org/w/index.php?title=Develop_(magazine)&oldid=541458633","/wiki/Help:Categories","/wiki/Category:British_video_game_magazines","/wiki/Category:Monthly_magazines","/wiki/Category:Trade_magazine_stubs","/wiki/Category:Videogame_magazine_stubs","/wiki/Category:British_business_magazine_stubs","/wiki/Category:British_science_and_technology_magazine_stubs","/wiki/Category:All_articles_with_unsourced_statements","/wiki/Category:Articles_with_unsourced_statements_from_October_2011","/wiki/Category:Magazines_with_year_of_establishment_missing","/w/index.php?title=Special:UserLogin&returnto=Develop+%28magazine%29&type=signup","/w/index.php?title=Special:UserLogin&returnto=Develop+%28magazine%29","/wiki/Develop_(magazine)","/wiki/Talk:Develop_(magazine)","#","/wiki/Develop_(magazine)","/w/index.php?title=Develop_(magazine)&action=edit","/w/index.php?title=Develop_(magazine)&action=history","#","/w/index.php","//bits.wikimedia.org/static-1.21wmf10/skins/vector/images/search-ltr.png?303-4","/wiki/Main_Page","/wiki/Main_Page","/wiki/Portal:Contents","/wiki/Portal:Featured_content","/wiki/Portal:Current_events","/wiki/Special:Random","//donate.wikimedia.org/wiki/Special:FundraiserRedirector?utm_source=donate&utm_medium=sidebar&utm_campaign=C13_en.wikipedia.org&uselang=en","/wiki/Help:Contents","/wiki/Wikipedia:About","/wiki/Wikipedia:Community_portal","/wiki/Special:RecentChanges","/wiki/Wikipedia:Contact_us","/wiki/Special:WhatLinksHere/Develop_(magazine)","/wiki/Special:RecentChangesLinked/Develop_(magazine)","/wiki/Wikipedia:File_Upload_Wizard","/wiki/Special:SpecialPages","/w/index.php?title=Develop_(magazine)&oldid=541458633","/w/index.php?title=Develop_(magazine)&action=info","/w/index.php?title=Special:Cite&page=Develop_%28magazine%29&id=541458633","/w/index.php?title=Special:Book&bookcmd=book_creator&referer=Develop+%28magazine%29","/w/index.php?title=Special:Book&bookcmd=render_article&arttitle=Develop+%28magazine%29&oldid=541458633&writer=rl","/w/index.php?title=Develop_(magazine)&printable=yes","//fr.wikipedia.org/wiki/Develop","//it.wikipedia.org/wiki/Develop","//hu.wikipedia.org/wiki/Develop_(magazin)","//ru.wikipedia.org/wiki/Develop_(%D0%B8%D0%B7%D0%B4%D0%B0%D0%BD%D0%B8%D0%B5)","//www.wikidata.org/wiki/Special:ItemByTitle/enwiki/Develop (magazine)","//en.wikipedia.org/wiki/Wikipedia:Text_of_Creative_Commons_Attribution-ShareAlike_3.0_Unported_License","//creativecommons.org/licenses/by-sa/3.0/","//wikimediafoundation.org/wiki/Terms_of_Use","//www.wikimediafoundation.org/","//en.wikipedia.org/wiki/Wikipedia:Contact_us","//wikimediafoundation.org/wiki/Privacy_policy","/wiki/Wikipedia:About","/wiki/Wikipedia:General_disclaimer","http://en.m.wikipedia.org/wiki/Develop_(magazine)","//wikimediafoundation.org/","//bits.wikimedia.org/images/wikimedia-button.png","//www.mediawiki.org/","//bits.wikimedia.org/static-1.21wmf10/skins/common/images/poweredby_mediawiki_88x31.png","//bits.wikimedia.org/en.wikipedia.org/load.php?debug=false&lang=en&modules=skins.vector&only=scripts&skin=vector&*","/w/index.php?title=MediaWiki:Gadget-ReferenceTooltips.js&action=raw&ctype=text/javascript&508635914","//bits.wikimedia.org/en.wikipedia.org/load.php?debug=false&lang=en&modules=site&only=scripts&skin=vector&*"],"instances":[],"pdf":["http://www.intentmedia.co.uk/files/media_pdfs/306/DevelopMagazineMediaPack2006.pdf","http://www.intentmedia.co.uk/files/media_pdfs/306/DevelopMagazineMediaPack2006.pdf"],"categories":["British video game magazines","Monthly magazines","Magazines with year of establishment missing"],"headings":["References","External links"],"image":["//upload.wikimedia.org/wikipedia/commons/thumb/e/ed/Book_Hexagonal_Icon.svg/40px-Book_Hexagonal_Icon.svg.png","//upload.wikimedia.org/wikipedia/commons/thumb/e/ed/Book_Hexagonal_Icon.svg/25px-Book_Hexagonal_Icon.svg.png","//bits.wikimedia.org/static-1.21wmf10/skins/vector/images/search-ltr.png?303-4","//bits.wikimedia.org/images/wikimedia-button.png","//bits.wikimedia.org/static-1.21wmf10/skins/common/images/poweredby_mediawiki_88x31.png"],"tags":[],"members":[],"related":["Computer_and_video_games","Intent_Media","English_language","United_Kingdom","Trade_magazine","Video_game","Hertford","Hertfordshire","Brighton","Rufus_Hound"]}