{"cursor":"1420","size":15,"audio":[],"currentlang":"en","article":"'Buchanan' may refer to:\n","linknr":128,"url":"buchanan","recorded":1363512653,"links":["/w/index.php?title=Buchanan&action=edit","/w/index.php?title=Buchanan&action=edit","//en.wikipedia.org/apple-touch-icon.png","//bits.wikimedia.org/favicon/wikipedia.ico","/w/opensearch_desc.php","//en.wikipedia.org/w/api.php?action=rsd","//creativecommons.org/licenses/by-sa/3.0/","/w/index.php?title=Special:RecentChanges&feed=atom","//bits.wikimedia.org/en.wikipedia.org/load.php?debug=false&lang=en&modules=ext.gadget.DRN-wizard%2CReferenceTooltips%2Ccharinsert%2Cteahouse%7Cext.wikihiero%7Cmediawiki.legacy.commonPrint%2Cshared%7Cmw.PopUpMediaTransform%7Cskins.vector&only=styles&skin=vector&*","//bits.wikimedia.org/en.wikipedia.org/load.php?debug=false&lang=en&modules=site&only=styles&skin=vector&*","//bits.wikimedia.org/en.wikipedia.org/load.php?debug=false&lang=en&modules=startup&only=scripts&skin=vector&*","//bits.wikimedia.org/geoiplookup","//meta.wikimedia.org","#mw-head","#p-search","#People","#Places","#Music","#Other_uses","#See_also","/w/index.php?title=Buchanan&action=edit&section=1","/wiki/Buchanan_(surname)","/wiki/James_Buchanan","/wiki/James_M._Buchanan","/w/index.php?title=Buchanan&action=edit&section=2","/wiki/Buchanan,_Liberia","/wiki/Buchanan_Point","/wiki/Buchanan,_Saskatchewan","/wiki/Fort_Buchanan,_Puerto_Rico","/wiki/Buchanan,_Stirling","/wiki/Buchanan,_California_(disambiguation)","/wiki/Buchanan,_Madera_County,_California","/wiki/Buchanan,_Tuolumne_County,_California","/wiki/Buchanan,_Georgia","/wiki/Buchanan,_Michigan","/wiki/Buchanan,_New_York","/wiki/Buchanan,_North_Dakota","/wiki/Buchanan,_Oregon","/wiki/Buchanan,_Tennessee","/wiki/Buchanan,_Virginia","/wiki/Buchanan,_Wisconsin","/wiki/Buchanan_Township,_Michigan","/wiki/Fort_Buchanan,_Arizona","/w/index.php?title=Buchanan&action=edit&section=3","/wiki/Buchanan_(band)","/w/index.php?title=Buchanan&action=edit&section=4","/wiki/Clan_Buchanan","/wiki/Buchanan_(car)","/wiki/Buchanan_(horse)","/wiki/Buchanan_High_School","/wiki/Buchanan%27s","/w/index.php?title=Buchanan&action=edit&section=5","/wiki/Buchanan_County_(disambiguation)","/wiki/Buchanan_Valley_(disambiguation)","/wiki/Buckhannon","/wiki/File:Disambig_gray.svg","//upload.wikimedia.org/wikipedia/en/thumb/5/5f/Disambig_gray.svg/30px-Disambig_gray.svg.png","/wiki/Help:Disambiguation","//en.wikipedia.org/w/index.php?title=Special:WhatLinksHere/Buchanan&namespace=0","http://en.wikipedia.org/w/index.php?title=Buchanan&oldid=540305508","/wiki/Help:Categories","/wiki/Category:Disambiguation_pages","/wiki/Category:Place_name_disambiguation_pages","/wiki/Category:All_article_disambiguation_pages","/wiki/Category:All_disambiguation_pages","/w/index.php?title=Special:UserLogin&returnto=Buchanan&type=signup","/w/index.php?title=Special:UserLogin&returnto=Buchanan","/wiki/Buchanan","/wiki/Talk:Buchanan","#","/wiki/Buchanan","/w/index.php?title=Buchanan&action=edit","/w/index.php?title=Buchanan&action=history","#","/w/index.php","//bits.wikimedia.org/static-1.21wmf10/skins/vector/images/search-ltr.png?303-4","/wiki/Main_Page","/wiki/Main_Page","/wiki/Portal:Contents","/wiki/Portal:Featured_content","/wiki/Portal:Current_events","/wiki/Special:Random","//donate.wikimedia.org/wiki/Special:FundraiserRedirector?utm_source=donate&utm_medium=sidebar&utm_campaign=C13_en.wikipedia.org&uselang=en","/wiki/Help:Contents","/wiki/Wikipedia:About","/wiki/Wikipedia:Community_portal","/wiki/Special:RecentChanges","/wiki/Wikipedia:Contact_us","/wiki/Special:WhatLinksHere/Buchanan","/wiki/Special:RecentChangesLinked/Buchanan","/wiki/Wikipedia:File_Upload_Wizard","/wiki/Special:SpecialPages","/w/index.php?title=Buchanan&oldid=540305508","/w/index.php?title=Buchanan&action=info","/w/index.php?title=Special:Cite&page=Buchanan&id=540305508","/w/index.php?title=Special:Book&bookcmd=book_creator&referer=Buchanan","/w/index.php?title=Special:Book&bookcmd=render_article&arttitle=Buchanan&oldid=540305508&writer=rl","/w/index.php?title=Buchanan&printable=yes","//de.wikipedia.org/wiki/Buchanan","//fr.wikipedia.org/wiki/Buchanan","//ko.wikipedia.org/wiki/%EB%B7%B0%EC%BA%90%EB%84%8C","//it.wikipedia.org/wiki/Buchanan","//he.wikipedia.org/wiki/%D7%91%D7%99%D7%95%D7%A7%D7%A0%D7%9F","//lv.wikipedia.org/wiki/Bj%C5%ABkenens","//nl.wikipedia.org/wiki/Buchanan","//ja.wikipedia.org/wiki/%E3%83%96%E3%82%AD%E3%83%A3%E3%83%8A%E3%83%B3","//pl.wikipedia.org/wiki/Buchanan","//pt.wikipedia.org/wiki/Buchanan","//ru.wikipedia.org/wiki/%D0%91%D1%8C%D1%8E%D0%BA%D0%B5%D0%BD%D0%B5%D0%BD","//fi.wikipedia.org/wiki/Buchanan","//vo.wikipedia.org/wiki/Buchanan","//zh.wikipedia.org/wiki/%E5%B8%83%E5%9D%8E%E5%8D%97","//www.wikidata.org/wiki/Special:ItemByTitle/enwiki/Buchanan","//en.wikipedia.org/wiki/Wikipedia:Text_of_Creative_Commons_Attribution-ShareAlike_3.0_Unported_License","//creativecommons.org/licenses/by-sa/3.0/","//wikimediafoundation.org/wiki/Terms_of_Use","//www.wikimediafoundation.org/","//en.wikipedia.org/wiki/Wikipedia:Contact_us","//wikimediafoundation.org/wiki/Privacy_policy","/wiki/Wikipedia:About","/wiki/Wikipedia:General_disclaimer","http://en.m.wikipedia.org/wiki/Buchanan","//wikimediafoundation.org/","//bits.wikimedia.org/images/wikimedia-button.png","//www.mediawiki.org/","//bits.wikimedia.org/static-1.21wmf10/skins/common/images/poweredby_mediawiki_88x31.png","//bits.wikimedia.org/en.wikipedia.org/load.php?debug=false&lang=en&modules=skins.vector&only=scripts&skin=vector&*","/w/index.php?title=MediaWiki:Gadget-ReferenceTooltips.js&action=raw&ctype=text/javascript&508635914","//bits.wikimedia.org/en.wikipedia.org/load.php?debug=false&lang=en&modules=site&only=scripts&skin=vector&*"],"instances":["disambiguation","disambiguation","horse","disambiguation"],"pdf":[],"categories":[],"headings":["People","Places","Music","Other uses","See also"],"image":["//upload.wikimedia.org/wikipedia/en/thumb/5/5f/Disambig_gray.svg/30px-Disambig_gray.svg.png","//bits.wikimedia.org/static-1.21wmf10/skins/vector/images/search-ltr.png?303-4","//bits.wikimedia.org/images/wikimedia-button.png","//bits.wikimedia.org/static-1.21wmf10/skins/common/images/poweredby_mediawiki_88x31.png"],"tags":[["buchanan","surname"],["buchanan,_california","disambiguation"],["buchanan","band"],["buchanan","car"],["buchanan","horse"],["buchanan_county","disambiguation"],["buchanan_valley","disambiguation"]],"members":["buchanan_county","buchanan","buchanan_valley"],"related":["Buchanan_(surname)","James_Buchanan","James_M._Buchanan","Buchanan,_Liberia","Buchanan_Point","Buchanan,_Saskatchewan","Fort_Buchanan,_Puerto_Rico","Buchanan,_Stirling","Buchanan,_California_(disambiguation)","Buchanan,_Madera_County,_California","Buchanan,_Tuolumne_County,_California","Buchanan,_Georgia","Buchanan,_Michigan","Buchanan,_New_York","Buchanan,_North_Dakota","Buchanan,_Oregon","Buchanan,_Tennessee","Buchanan,_Virginia","Buchanan,_Wisconsin","Buchanan_Township,_Michigan","Fort_Buchanan,_Arizona","Buchanan_(band)","Clan_Buchanan","Buchanan_(car)","Buchanan_(horse)","Buchanan_High_School","Buchanan's","Buchanan_County_(disambiguation)","Buchanan_Valley_(disambiguation)","Buckhannon"]}