{"cursor":"928","size":15,"audio":[],"currentlang":"en","article":"In theoretical physics, a 'NielsenâOlesen vortex' is a point-like object\nlocalized in two spatial dimensions or, equivalently, a classical solution of\nfield theory with the same property. This particular solution occurs if the\nconfiguration space of scalar fields contains non-contractible circles. A circle\nsurrounding the vortex at infinity may be \"wrapped\" once on the other circle in\nthe configuration space. A configuration with this non-trivial topological\nproperty is called the NielsenâOlesen vortex, after Holger Bech Nielsen and Poul\nOlesen (1973).\n","linknr":88,"url":"Nielsen-Olesen_vortex","recorded":1363454482,"links":["/w/index.php?title=Nielsen%E2%80%93Olesen_vortex&action=edit","/w/index.php?title=Nielsen%E2%80%93Olesen_vortex&action=edit","//en.wikipedia.org/apple-touch-icon.png","//bits.wikimedia.org/favicon/wikipedia.ico","/w/opensearch_desc.php","//en.wikipedia.org/w/api.php?action=rsd","//creativecommons.org/licenses/by-sa/3.0/","/w/index.php?title=Special:RecentChanges&feed=atom","/wiki/Nielsen%E2%80%93Olesen_vortex","//bits.wikimedia.org/en.wikipedia.org/load.php?debug=false&lang=en&modules=ext.gadget.DRN-wizard%2CReferenceTooltips%2Ccharinsert%2Cteahouse%7Cext.wikihiero%7Cmediawiki.legacy.commonPrint%2Cshared%7Cmw.PopUpMediaTransform%7Cskins.vector&only=styles&skin=vector&*","//bits.wikimedia.org/en.wikipedia.org/load.php?debug=false&lang=en&modules=site&only=styles&skin=vector&*","//bits.wikimedia.org/en.wikipedia.org/load.php?debug=false&lang=en&modules=startup&only=scripts&skin=vector&*","//bits.wikimedia.org/geoiplookup","//meta.wikimedia.org","/w/index.php?title=Nielsen-Olesen_vortex&redirect=no","#mw-head","#p-search","/wiki/Theoretical_physics","/wiki/Field_theory_(physics)","/wiki/Holger_Bech_Nielsen","/w/index.php?title=Poul_Olesen&action=edit&redlink=1","/w/index.php?title=Nielsen%E2%80%93Olesen_vortex&action=edit&section=1","/wiki/Bibcode","http://adsabs.harvard.edu/abs/1973NuPhB..61...45N","/wiki/Digital_object_identifier","http://dx.doi.org/10.1016%2F0550-3213%2873%2990350-7","/wiki/File:Hydrogen300.png","//upload.wikimedia.org/wikipedia/commons/thumb/a/ad/Hydrogen300.png/30px-Hydrogen300.png","/wiki/Quantum_mechanics","/wiki/Wikipedia:Stub","//en.wikipedia.org/w/index.php?title=Nielsen%E2%80%93Olesen_vortex&action=edit","/wiki/Template:Quantum-stub","/wiki/Template_talk:Quantum-stub","//en.wikipedia.org/w/index.php?title=Template:Quantum-stub&action=edit","http://en.wikipedia.org/w/index.php?title=Nielsen–Olesen_vortex&oldid=544117947","/wiki/Help:Categories","/wiki/Category:Quantum_field_theory","/wiki/Category:Quantum_physics_stubs","/w/index.php?title=Special:UserLogin&returnto=Nielsen%E2%80%93Olesen+vortex&type=signup","/w/index.php?title=Special:UserLogin&returnto=Nielsen%E2%80%93Olesen+vortex","/wiki/Nielsen%E2%80%93Olesen_vortex","/wiki/Talk:Nielsen%E2%80%93Olesen_vortex","#","/wiki/Nielsen%E2%80%93Olesen_vortex","/w/index.php?title=Nielsen%E2%80%93Olesen_vortex&action=edit","/w/index.php?title=Nielsen%E2%80%93Olesen_vortex&action=history","#","/w/index.php","//bits.wikimedia.org/static-1.21wmf11/skins/vector/images/search-ltr.png?303-4","/wiki/Main_Page","/wiki/Main_Page","/wiki/Portal:Contents","/wiki/Portal:Featured_content","/wiki/Portal:Current_events","/wiki/Special:Random","//donate.wikimedia.org/wiki/Special:FundraiserRedirector?utm_source=donate&utm_medium=sidebar&utm_campaign=C13_en.wikipedia.org&uselang=en","/wiki/Help:Contents","/wiki/Wikipedia:About","/wiki/Wikipedia:Community_portal","/wiki/Special:RecentChanges","/wiki/Wikipedia:Contact_us","/wiki/Special:WhatLinksHere/Nielsen%E2%80%93Olesen_vortex","/wiki/Special:RecentChangesLinked/Nielsen%E2%80%93Olesen_vortex","/wiki/Wikipedia:File_Upload_Wizard","/wiki/Special:SpecialPages","/w/index.php?title=Nielsen%E2%80%93Olesen_vortex&oldid=544117947","/w/index.php?title=Nielsen%E2%80%93Olesen_vortex&action=info","/w/index.php?title=Special:Cite&page=Nielsen%E2%80%93Olesen_vortex&id=544117947","/w/index.php?title=Special:Book&bookcmd=book_creator&referer=Nielsen%E2%80%93Olesen+vortex","/w/index.php?title=Special:Book&bookcmd=render_article&arttitle=Nielsen%E2%80%93Olesen+vortex&oldid=544117947&writer=rl","/w/index.php?title=Nielsen%E2%80%93Olesen_vortex&printable=yes","//es.wikipedia.org/wiki/V%C3%B3rtice_Nielsen-Olesen","//www.wikidata.org/wiki/Special:ItemByTitle/enwiki/Nielsen–Olesen vortex","//en.wikipedia.org/wiki/Wikipedia:Text_of_Creative_Commons_Attribution-ShareAlike_3.0_Unported_License","//creativecommons.org/licenses/by-sa/3.0/","//wikimediafoundation.org/wiki/Terms_of_Use","//www.wikimediafoundation.org/","//en.wikipedia.org/wiki/Wikipedia:Contact_us","//wikimediafoundation.org/wiki/Privacy_policy","/wiki/Wikipedia:About","/wiki/Wikipedia:General_disclaimer","http://en.m.wikipedia.org/wiki/Nielsen%E2%80%93Olesen_vortex","//wikimediafoundation.org/","//bits.wikimedia.org/images/wikimedia-button.png","//www.mediawiki.org/","//bits.wikimedia.org/static-1.21wmf11/skins/common/images/poweredby_mediawiki_88x31.png","//bits.wikimedia.org/en.wikipedia.org/load.php?debug=false&lang=en&modules=skins.vector&only=scripts&skin=vector&*","/w/index.php?title=MediaWiki:Gadget-ReferenceTooltips.js&action=raw&ctype=text/javascript&508635914","//bits.wikimedia.org/en.wikipedia.org/load.php?debug=false&lang=en&modules=site&only=scripts&skin=vector&*"],"instances":["physics"],"pdf":[],"categories":["Quantum field theory"],"headings":["References"],"image":["//upload.wikimedia.org/wikipedia/commons/thumb/a/ad/Hydrogen300.png/30px-Hydrogen300.png","//bits.wikimedia.org/static-1.21wmf11/skins/vector/images/search-ltr.png?303-4","//bits.wikimedia.org/images/wikimedia-button.png","//bits.wikimedia.org/static-1.21wmf11/skins/common/images/poweredby_mediawiki_88x31.png"],"tags":[["field_theory","physics"]],"members":["field_theory"],"related":["Theoretical_physics","Field_theory_(physics)","Holger_Bech_Nielsen","Poul_Olesen"]}