{"cursor":"2281","size":15,"audio":[],"currentlang":"en","article":"'Billon' is an alloy of a precious metal (most commonly silver, but also\nmercury) with a majority base metal content (such as copper). It is used chiefly\nfor making coins, medals, and token coins.\n\nThe word comes from the French bille, which means \"log\".\n\nThe use of billon coins dates from ancient Greece and continued through the\nMiddle Ages. During the 6th and 5th centuries BC, some cities on Lesbos Island\nused coins made of 60% copper and 40% silver. In both ancient times and the\nMiddle Ages, leaner mixtures were adopted, with less than 2% silver content. \n\nBillon coins are perhaps best known from the Roman Empire, where progressive\ndebasements of the Roman denarius and the Roman provincial tetradrachm in the\n2nd century AD led to declining silver and increasing bronze content in these\ndenominations of coins. Eventually, by the third quarter of the 2nd century AD,\nthese coins were almost entirely bronze, with only a thin coating or even a wash\nof silver. Erik Christiansen, Coinage in Roman Egypt: The Hoard Evidence\n(Aarhus University Press, 2004) 135-141.\n","linknr":140,"url":"Billon_(alloy)","recorded":1363376622,"links":["/w/index.php?title=Billon_(alloy)&action=edit","/w/index.php?title=Billon_(alloy)&action=edit","//en.wikipedia.org/apple-touch-icon.png","//bits.wikimedia.org/favicon/wikipedia.ico","/w/opensearch_desc.php","//en.wikipedia.org/w/api.php?action=rsd","//creativecommons.org/licenses/by-sa/3.0/","/w/index.php?title=Special:RecentChanges&feed=atom","//bits.wikimedia.org/en.wikipedia.org/load.php?debug=false&lang=en&modules=ext.gadget.DRN-wizard%2CReferenceTooltips%2Ccharinsert%2Cteahouse%7Cext.wikihiero%7Cmediawiki.legacy.commonPrint%2Cshared%7Cmw.PopUpMediaTransform%7Cskins.vector&only=styles&skin=vector&*","//bits.wikimedia.org/en.wikipedia.org/load.php?debug=false&lang=en&modules=site&only=styles&skin=vector&*","//bits.wikimedia.org/en.wikipedia.org/load.php?debug=false&lang=en&modules=startup&only=scripts&skin=vector&*","//bits.wikimedia.org/geoiplookup","//meta.wikimedia.org","#mw-head","#p-search","/wiki/Alloy","/wiki/Precious_metal","/wiki/Silver","/wiki/Mercury_(element)","/wiki/Copper","/wiki/Coin","/wiki/Medal","/wiki/Token_coin","/wiki/French_language","#cite_note-dic.com-1","/wiki/Ancient","/wiki/Ancient_Greek","/wiki/Middle_Ages","/wiki/Lesbos_Island","#cite_note-tulane-2","#cite_note-eh.net-3","/wiki/Roman_Empire","/wiki/Debasement","/wiki/Denarius","/wiki/Tetradrachm","/wiki/Bronze","#cite_note-4","/w/index.php?title=Billon_(alloy)&action=edit&section=1","/wiki/Metal","/wiki/Bullion","/wiki/List_of_alloys","/wiki/Antoninianus","/wiki/Shakud%C5%8D","/wiki/Swiss_franc","/w/index.php?title=Billon_(alloy)&action=edit&section=2","#cite_ref-dic.com_1-0","http://dictionary.reference.com/browse/billon","http://dictionary.reference.com/browse/billon","#cite_ref-tulane_2-0","http://www.tulane.edu/~august/H303/currency/Diocletian.htm","http://www.tulane.edu/~august/H303/currency/Diocletian.htm","#cite_ref-eh.net_3-0","http://eh.net/bookreviews/library/munro","http://eh.net/bookreviews/library/munro","/wiki/Wikipedia:Link_rot","#cite_ref-4","/wiki/File:Melting_crucible.jpg","//upload.wikimedia.org/wikipedia/commons/thumb/d/d9/Melting_crucible.jpg/35px-Melting_crucible.jpg","/wiki/Alloy","/wiki/Wikipedia:Stub","//en.wikipedia.org/w/index.php?title=Billon_(alloy)&action=edit","/wiki/Template:Alloy-stub","/wiki/Template_talk:Alloy-stub","//en.wikipedia.org/w/index.php?title=Template:Alloy-stub&action=edit","http://en.wikipedia.org/w/index.php?title=Billon_(alloy)&oldid=544390657","/wiki/Help:Categories","/wiki/Category:Precious_metal_alloys","/wiki/Category:Currency_production","/wiki/Category:Silver","/wiki/Category:Alloy_stubs","/wiki/Category:All_articles_with_dead_external_links","/wiki/Category:Articles_with_dead_external_links_from_October_2010","/w/index.php?title=Special:UserLogin&returnto=Billon+%28alloy%29&type=signup","/w/index.php?title=Special:UserLogin&returnto=Billon+%28alloy%29","/wiki/Billon_(alloy)","/wiki/Talk:Billon_(alloy)","#","/wiki/Billon_(alloy)","/w/index.php?title=Billon_(alloy)&action=edit","/w/index.php?title=Billon_(alloy)&action=history","#","/w/index.php","//bits.wikimedia.org/static-1.21wmf11/skins/vector/images/search-ltr.png?303-4","/wiki/Main_Page","/wiki/Main_Page","/wiki/Portal:Contents","/wiki/Portal:Featured_content","/wiki/Portal:Current_events","/wiki/Special:Random","//donate.wikimedia.org/wiki/Special:FundraiserRedirector?utm_source=donate&utm_medium=sidebar&utm_campaign=C13_en.wikipedia.org&uselang=en","/wiki/Help:Contents","/wiki/Wikipedia:About","/wiki/Wikipedia:Community_portal","/wiki/Special:RecentChanges","/wiki/Wikipedia:Contact_us","/wiki/Special:WhatLinksHere/Billon_(alloy)","/wiki/Special:RecentChangesLinked/Billon_(alloy)","/wiki/Wikipedia:File_Upload_Wizard","/wiki/Special:SpecialPages","/w/index.php?title=Billon_(alloy)&oldid=544390657","/w/index.php?title=Billon_(alloy)&action=info","/w/index.php?title=Special:Cite&page=Billon_%28alloy%29&id=544390657","/w/index.php?title=Special:Book&bookcmd=book_creator&referer=Billon+%28alloy%29","/w/index.php?title=Special:Book&bookcmd=render_article&arttitle=Billon+%28alloy%29&oldid=544390657&writer=rl","/w/index.php?title=Billon_(alloy)&printable=yes","//an.wikipedia.org/wiki/Bell%C3%B3n","//be-x-old.wikipedia.org/wiki/%D0%91%D1%96%D0%BB%D0%BE%D0%BD","//bg.wikipedia.org/wiki/%D0%91%D0%B8%D0%BB%D0%BE%D0%BD%D0%BD%D0%B8_%D0%BC%D0%BE%D0%BD%D0%B5%D1%82%D0%B8","//ca.wikipedia.org/wiki/Bill%C3%B3","//de.wikipedia.org/wiki/Billon","//es.wikipedia.org/wiki/Vell%C3%B3n_(aleaci%C3%B3n)","//fr.wikipedia.org/wiki/Billon_(alliage)","//gl.wikipedia.org/wiki/Bell%C3%B3n","//it.wikipedia.org/wiki/Biglione","//ka.wikipedia.org/wiki/%E1%83%91%E1%83%98%E1%83%9A%E1%83%9D%E1%83%9C%E1%83%A3%E1%83%A0%E1%83%98_%E1%83%9B%E1%83%9D%E1%83%9C%E1%83%94%E1%83%A2%E1%83%90","//lt.wikipedia.org/wiki/Bilonas","//nl.wikipedia.org/wiki/Biljoengoud","//ja.wikipedia.org/wiki/%E3%83%93%E3%83%AD%E3%83%B3","//pl.wikipedia.org/wiki/Bilon_(stop)","//pt.wikipedia.org/wiki/Bilh%C3%A3o_(liga)","//ro.wikipedia.org/wiki/Bilon","//ru.wikipedia.org/wiki/%D0%91%D0%B8%D0%BB%D0%BB%D0%BE%D0%BD","//sv.wikipedia.org/wiki/Billon","//vi.wikipedia.org/wiki/Bilon","//www.wikidata.org/wiki/Special:ItemByTitle/enwiki/Billon (alloy)","//en.wikipedia.org/wiki/Wikipedia:Text_of_Creative_Commons_Attribution-ShareAlike_3.0_Unported_License","//creativecommons.org/licenses/by-sa/3.0/","//wikimediafoundation.org/wiki/Terms_of_Use","//www.wikimediafoundation.org/","//en.wikipedia.org/wiki/Wikipedia:Contact_us","//wikimediafoundation.org/wiki/Privacy_policy","/wiki/Wikipedia:About","/wiki/Wikipedia:General_disclaimer","http://en.m.wikipedia.org/wiki/Billon_(alloy)","//wikimediafoundation.org/","//bits.wikimedia.org/images/wikimedia-button.png","//www.mediawiki.org/","//bits.wikimedia.org/static-1.21wmf11/skins/common/images/poweredby_mediawiki_88x31.png","//bits.wikimedia.org/en.wikipedia.org/load.php?debug=false&lang=en&modules=skins.vector&only=scripts&skin=vector&*","/w/index.php?title=MediaWiki:Gadget-ReferenceTooltips.js&action=raw&ctype=text/javascript&508635914","//bits.wikimedia.org/en.wikipedia.org/load.php?debug=false&lang=en&modules=site&only=scripts&skin=vector&*"],"instances":["element"],"pdf":[],"categories":["Precious metal alloys","Currency production","Silver"],"headings":["See also","References"],"image":["//upload.wikimedia.org/wikipedia/commons/thumb/d/d9/Melting_crucible.jpg/35px-Melting_crucible.jpg","//bits.wikimedia.org/static-1.21wmf11/skins/vector/images/search-ltr.png?303-4","//bits.wikimedia.org/images/wikimedia-button.png","//bits.wikimedia.org/static-1.21wmf11/skins/common/images/poweredby_mediawiki_88x31.png"],"tags":[["mercury","element"]],"members":["mercury"],"related":["Alloy","Precious_metal","Silver","Mercury_(element)","Copper","Coin","Medal","Token_coin","French_language","Ancient","Ancient_Greek","Middle_Ages","Lesbos_Island","Roman_Empire","Debasement","Denarius","Tetradrachm","Bronze","Metal","Bullion","List_of_alloys","Antoninianus","Shakudō","Swiss_franc"]}