{"cursor":"1930","size":15,"audio":[],"currentlang":"en","article":"{{Infobox film\n| name = Advantage image = caption = director = Georgi Djulgerov producer =\n| Trayko Ivanov writer = Georgi Djulgerov Rousy Chanev Petko Zdravkov-\n| Zdravelin starring = Rousy Chanev music = cinematography = Radoslav Spassov\n| editing = Iliana Mikhova distributor = released = 10 October 1977 runtime =\n| 138 minutes country = Bulgaria language = Bulgarian budget =\n}}\n\n'Advantage' (, ) is a 1977 Bulgarian drama film directed by Georgi Djulgerov. It\nwas entered into the 28th Berlin International Film Festival, where Djulgerov\nwon the Silver Bear for Best Director.\n","linknr":119,"url":"Advantage_(film)","recorded":1363371393,"links":["/w/index.php?title=Advantage_(film)&action=edit","/w/index.php?title=Advantage_(film)&action=edit","//en.wikipedia.org/apple-touch-icon.png","//bits.wikimedia.org/favicon/wikipedia.ico","/w/opensearch_desc.php","//en.wikipedia.org/w/api.php?action=rsd","//creativecommons.org/licenses/by-sa/3.0/","/w/index.php?title=Special:RecentChanges&feed=atom","//bits.wikimedia.org/en.wikipedia.org/load.php?debug=false&lang=en&modules=ext.gadget.DRN-wizard%2CReferenceTooltips%2Ccharinsert%2Cteahouse%7Cext.wikihiero%7Cmediawiki.legacy.commonPrint%2Cshared%7Cmw.PopUpMediaTransform%7Cskins.vector&only=styles&skin=vector&*","//bits.wikimedia.org/en.wikipedia.org/load.php?debug=false&lang=en&modules=site&only=styles&skin=vector&*","//bits.wikimedia.org/en.wikipedia.org/load.php?debug=false&lang=en&modules=startup&only=scripts&skin=vector&*","//bits.wikimedia.org/geoiplookup","//meta.wikimedia.org","#mw-head","#p-search","/wiki/Georgi_Djulgerov","/w/index.php?title=Trayko_Ivanov&action=edit&redlink=1","/wiki/Rousy_Chanev","/w/index.php?title=Petko_Zdravkov-Zdravelin&action=edit&redlink=1","/wiki/Rousy_Chanev","/wiki/Bulgarian_language","/wiki/Bulgarian_language","/wiki/Transliteration","/wiki/Drama_film","/wiki/Georgi_Djulgerov","/wiki/28th_Berlin_International_Film_Festival","/wiki/Silver_Bear_for_Best_Director","#cite_note-berlinale-1","/w/index.php?title=Advantage_(film)&action=edit&section=1","/wiki/Rousy_Chanev","/w/index.php?title=Plamen_Donchev&action=edit&redlink=1","/w/index.php?title=Maria_Statoulova&action=edit&redlink=1","/w/index.php?title=Plamena_Getova&action=edit&redlink=1","/w/index.php?title=Radosveta_Vassileva&action=edit&redlink=1","/w/index.php?title=Dimitr_Ganev&action=edit&redlink=1","/w/index.php?title=Veljo_Goranov&action=edit&redlink=1","/w/index.php?title=Diana_Chelebieva&action=edit&redlink=1","/w/index.php?title=Stefan_Popov_(actor)&action=edit&redlink=1","/w/index.php?title=Mariana_Krumova&action=edit&redlink=1","/w/index.php?title=Valcho_Kamarashev&action=edit&redlink=1","/w/index.php?title=Evtim_Kirilov&action=edit&redlink=1","/w/index.php?title=Kliment_Mihaylov&action=edit&redlink=1","/w/index.php?title=Iskra_Yossiffova&action=edit&redlink=1","/w/index.php?title=Krikor_Hugasjan&action=edit&redlink=1","/w/index.php?title=Advantage_(film)&action=edit&section=2","#cite_ref-berlinale_1-0","http://www.berlinale.de/en/archiv/jahresarchive/1978/03_preistr_ger_1978/03_Preistraeger_1978.html","http://www.berlinale.de/en/archiv/jahresarchive/1978/03_preistr_ger_1978/03_Preistraeger_1978.html","/w/index.php?title=Advantage_(film)&action=edit&section=3","http://www.imdb.com/title/tt0077190/","/wiki/Internet_Movie_Database","/wiki/File:Bulgariafilm.png","//upload.wikimedia.org/wikipedia/commons/thumb/8/87/Bulgariafilm.png/30px-Bulgariafilm.png","/wiki/Wikipedia:Stub","//en.wikipedia.org/w/index.php?title=Advantage_(film)&action=edit","/wiki/Template:Bulgaria-film-stub","/wiki/Template_talk:Bulgaria-film-stub","//en.wikipedia.org/w/index.php?title=Template:Bulgaria-film-stub&action=edit","http://en.wikipedia.org/w/index.php?title=Advantage_(film)&oldid=534535024","/wiki/Help:Categories","/wiki/Category:Bulgarian-language_films","/wiki/Category:1977_films","/wiki/Category:Bulgarian_films","/wiki/Category:1970s_drama_films","/wiki/Category:Films_directed_by_Georgi_Djulgerov","/wiki/Category:European_film_stubs","/wiki/Category:Bulgarian_media_stubs","/wiki/Category:Articles_containing_Bulgarian_language_text","/w/index.php?title=Special:UserLogin&returnto=Advantage+%28film%29&type=signup","/w/index.php?title=Special:UserLogin&returnto=Advantage+%28film%29","/wiki/Advantage_(film)","/wiki/Talk:Advantage_(film)","#","/wiki/Advantage_(film)","/w/index.php?title=Advantage_(film)&action=edit","/w/index.php?title=Advantage_(film)&action=history","#","/w/index.php","//bits.wikimedia.org/static-1.21wmf11/skins/vector/images/search-ltr.png?303-4","/wiki/Main_Page","/wiki/Main_Page","/wiki/Portal:Contents","/wiki/Portal:Featured_content","/wiki/Portal:Current_events","/wiki/Special:Random","//donate.wikimedia.org/wiki/Special:FundraiserRedirector?utm_source=donate&utm_medium=sidebar&utm_campaign=C13_en.wikipedia.org&uselang=en","/wiki/Help:Contents","/wiki/Wikipedia:About","/wiki/Wikipedia:Community_portal","/wiki/Special:RecentChanges","/wiki/Wikipedia:Contact_us","/wiki/Special:WhatLinksHere/Advantage_(film)","/wiki/Special:RecentChangesLinked/Advantage_(film)","/wiki/Wikipedia:File_Upload_Wizard","/wiki/Special:SpecialPages","/w/index.php?title=Advantage_(film)&oldid=534535024","/w/index.php?title=Advantage_(film)&action=info","/w/index.php?title=Special:Cite&page=Advantage_%28film%29&id=534535024","/w/index.php?title=Special:Book&bookcmd=book_creator&referer=Advantage+%28film%29","/w/index.php?title=Special:Book&bookcmd=render_article&arttitle=Advantage+%28film%29&oldid=534535024&writer=rl","/w/index.php?title=Advantage_(film)&printable=yes","//bg.wikipedia.org/wiki/%D0%90%D0%B2%D0%B0%D0%BD%D1%82%D0%B0%D0%B6","//it.wikipedia.org/wiki/Advantage","//www.wikidata.org/wiki/Special:ItemByTitle/enwiki/Advantage (film)","//en.wikipedia.org/wiki/Wikipedia:Text_of_Creative_Commons_Attribution-ShareAlike_3.0_Unported_License","//creativecommons.org/licenses/by-sa/3.0/","//wikimediafoundation.org/wiki/Terms_of_Use","//www.wikimediafoundation.org/","//en.wikipedia.org/wiki/Wikipedia:Contact_us","//wikimediafoundation.org/wiki/Privacy_policy","/wiki/Wikipedia:About","/wiki/Wikipedia:General_disclaimer","http://en.m.wikipedia.org/wiki/Advantage_(film)","//wikimediafoundation.org/","//bits.wikimedia.org/images/wikimedia-button.png","//www.mediawiki.org/","//bits.wikimedia.org/static-1.21wmf11/skins/common/images/poweredby_mediawiki_88x31.png","//bits.wikimedia.org/en.wikipedia.org/load.php?debug=false&lang=en&modules=skins.vector&only=scripts&skin=vector&*","/w/index.php?title=MediaWiki:Gadget-ReferenceTooltips.js&action=raw&ctype=text/javascript&508635914","//bits.wikimedia.org/en.wikipedia.org/load.php?debug=false&lang=en&modules=site&only=scripts&skin=vector&*"],"instances":["actor"],"pdf":[],"categories":["1977 films","Bulgarian films","Bulgarian-language films","1970s drama films","Films directed by Georgi Djulgerov"],"headings":["Cast","References","External links"],"image":["//upload.wikimedia.org/wikipedia/commons/thumb/8/87/Bulgariafilm.png/30px-Bulgariafilm.png","//bits.wikimedia.org/static-1.21wmf11/skins/vector/images/search-ltr.png?303-4","//bits.wikimedia.org/images/wikimedia-button.png","//bits.wikimedia.org/static-1.21wmf11/skins/common/images/poweredby_mediawiki_88x31.png"],"tags":[["stefan_popov","actor"]],"members":["stefan_popov"],"related":["Georgi_Djulgerov","Trayko_Ivanov","Rousy_Chanev","Petko_Zdravkov-Zdravelin","Rousy_Chanev","Drama_film","Georgi_Djulgerov","28th_Berlin_International_Film_Festival","Silver_Bear_for_Best_Director","Rousy_Chanev","Plamen_Donchev","Maria_Statoulova","Plamena_Getova","Radosveta_Vassileva","Dimitr_Ganev","Veljo_Goranov","Diana_Chelebieva","Stefan_Popov_(actor)","Mariana_Krumova","Valcho_Kamarashev","Evtim_Kirilov","Kliment_Mihaylov","Iskra_Yossiffova","Krikor_Hugasjan"]}