{"cursor":"39897","size":15,"audio":[],"currentlang":"en","article":"\n\n{{Punctuation marks|[ ]|Square brackets |variant1=( )|caption1=Parentheses |variant2={ }|caption2=Braces or curly brackets |variant3=â¨ â©|caption3=Chevrons}} 'Brackets' are tall punctuation marks\nused in matched pairs within text, to set apart or interject other text. Used\nunqualified, brackets refer to different types of brackets in different parts of\nthe world and in different contexts.\n","linknr":617,"url":"brackets","recorded":1364036824,"links":["/w/index.php?title=Bracket&action=edit","/w/index.php?title=Bracket&action=edit","//en.wikipedia.org/apple-touch-icon.png","//bits.wikimedia.org/favicon/wikipedia.ico","/w/opensearch_desc.php","//en.wikipedia.org/w/api.php?action=rsd","//creativecommons.org/licenses/by-sa/3.0/","/w/index.php?title=Special:RecentChanges&feed=atom","/wiki/Bracket","//bits.wikimedia.org/en.wikipedia.org/load.php?debug=false&lang=en&modules=ext.gadget.DRN-wizard%2CReferenceTooltips%2Ccharinsert%2Cteahouse%7Cext.wikihiero%7Cmediawiki.legacy.commonPrint%2Cshared%7Cmw.PopUpMediaTransform%7Cskins.vector&only=styles&skin=vector&*","//bits.wikimedia.org/en.wikipedia.org/load.php?debug=false&lang=en&modules=site&only=styles&skin=vector&*","//bits.wikimedia.org/en.wikipedia.org/load.php?debug=false&lang=en&modules=startup&only=scripts&skin=vector&*","//bits.wikimedia.org/geoiplookup","//meta.wikimedia.org","/w/index.php?title=Brackets&redirect=no","#mw-head","#p-search","/wiki/Bracket_(disambiguation)","//upload.wikimedia.org/wikipedia/commons/thumb/f/f8/Wiktionary-logo-en.svg/37px-Wiktionary-logo-en.svg.png","//en.wiktionary.org/wiki/bracket","/wiki/Punctuation","/wiki/Apostrophe","/wiki/Colon_(punctuation)","/wiki/Comma","/wiki/Dash","/wiki/Ellipsis","/wiki/Exclamation_mark","/wiki/Full_stop","/wiki/Guillemet","/wiki/Hyphen","/wiki/Hyphen-minus","/wiki/Question_mark","/wiki/Quotation_mark","/wiki/Semicolon","/wiki/Slash_(punctuation)","/wiki/Word_divider","/wiki/Interpunct","/wiki/Space_(punctuation)","/wiki/Typography","/wiki/Ampersand","/wiki/Asterisk","/wiki/At_sign","/wiki/Backslash","/wiki/Bullet_(typography)","/wiki/Caret","/wiki/Dagger_(typography)","/wiki/Degree_symbol","/wiki/Ditto_mark","/wiki/Inverted_question_and_exclamation_marks","/wiki/Inverted_question_and_exclamation_marks","/wiki/Number_sign","/wiki/Numero_sign","/wiki/Obelus","/wiki/Ordinal_indicator","/wiki/Percent_sign","/wiki/Per_mil","/wiki/Basis_point","/wiki/Pilcrow","/wiki/Prime_(symbol)","/wiki/Section_sign","/wiki/Tilde","/wiki/Underscore","/wiki/Vertical_bar","/wiki/Intellectual_property","/wiki/Copyright_symbol","/wiki/Registered_trademark_symbol","/wiki/Service_mark_symbol","/wiki/Sound_recording_copyright_symbol","/wiki/Trademark_symbol","/wiki/Currency_(typography)","/wiki/Currency_sign","/wiki/Argentine_austral","/wiki/Thai_baht","/wiki/Ghana_cedi","/wiki/Cent_(currency)","/wiki/Costa_Rican_col%C3%B3n","/wiki/Brazilian_cruzeiro","/wiki/European_Currency_Unit","/wiki/Dollar_sign","/wiki/Vietnamese_dong","/wiki/Bangladeshi_taka","/wiki/Greek_drachma","/wiki/Euro_sign","/wiki/Florin_sign","/wiki/French_franc","/wiki/Paraguayan_guaran%C3%AD","/wiki/Hryvnia_sign","/wiki/Lao_kip","/wiki/Turkish_lira_sign","/wiki/German_gold_mark","/wiki/Mill_(currency)","/wiki/Nigerian_naira","/wiki/Spanish_peseta","/wiki/Philippine_peso_sign","/wiki/Pfennig","/wiki/Pound_sign","/wiki/Indian_rupee_sign","/wiki/Rupee_sign","/wiki/Shekel_sign","/wiki/Kazakhstani_tenge","/wiki/Mongolian_t%C3%B6gr%C3%B6g","/wiki/Won_sign","/wiki/%C2%A5","/wiki/Cambodian_riel","/wiki/Typography","/wiki/Asterism_(typography)","/wiki/Index_(typography)","/wiki/Interrobang","/wiki/Irony_punctuation","/wiki/Lozenge","/wiki/Reference_mark","/wiki/Tie_(typography)","/wiki/Diacritic","/wiki/List_of_logic_symbols","/wiki/Whitespace_character","/wiki/Non-English_usage_of_quotation_marks","/wiki/Chinese_punctuation","/wiki/Hebrew_punctuation","/wiki/Japanese_punctuation","/wiki/Korean_punctuation","//upload.wikimedia.org/wikipedia/commons/thumb/8/89/Symbol_book_class2.svg/16px-Symbol_book_class2.svg.png","/wiki/Book:Typographical_symbols","//upload.wikimedia.org/wikipedia/en/thumb/4/48/Folder_Hexagonal_Icon.svg/16px-Folder_Hexagonal_Icon.svg.png","/wiki/Category:Typographical_symbols","//upload.wikimedia.org/wikipedia/en/thumb/f/fd/Portal-puzzle.svg/16px-Portal-puzzle.svg.png","/wiki/Portal:Typography","/wiki/Template:Punctuation_marks","/wiki/Template_talk:Punctuation_marks","//en.wikipedia.org/w/index.php?title=Template:Punctuation_marks&action=edit","/wiki/Punctuation","#List_of_types","#History","#Usage","#Types","#Parentheses_.28_.29","#Square_brackets_.5B_.5D","#Braces_or_curly_brackets_.7B_.7D","#Angle_brackets_or_chevrons_.E2.9F.A8_.E2.9F.A9","#Corner_and_half_brackets_.EF.BD.A2.EF.BD.A3.2C_.E2.8C.8A_.E2.8C.8B","#Double_brackets_.E2.9F.A6.C2.A0.E2.9F.A7","#Computing","#Encoding","#Uses_of_.22.28.22_and_.22.29.22","#Uses_of_.22.5B.22_and_.22.5D.22","#Uses_of_.22.7B.22_and_.22.7D.22","#Uses_of_.22.3C.22_and_.22.3E.22","#Layout_styles","#Mathematics","#Accounting","#Law","#Sports","#See_also","#References","#Bibliography","/w/index.php?title=Bracket&action=edit&section=1","#Parentheses","/wiki/HTML","#cite_note-1","/wiki/Guillemet","/wiki/Quotation_mark_glyphs","/w/index.php?title=Bracket&action=edit&section=2","/wiki/Written_English","/wiki/Desiderius_Erasmus","/wiki/Moon","#cite_note-2","/w/index.php?title=Bracket&action=edit&section=3","/wiki/Parenthesis_(rhetoric)","/wiki/Parenthesis_(rhetoric)","#cite_note-3","/wiki/Italics","#cite_note-4","/w/index.php?title=Bracket&action=edit&section=4","/w/index.php?title=Bracket&action=edit&section=5","/wiki/Parenthesis_(rhetoric)","/wiki/Wikipedia:Naming_conventions_(technical_restrictions)","/wiki/Emoticon","/wiki/Help:IPA_for_English","/wiki/Help:IPA_for_English#Key","/wiki/Help:IPA_for_English#Key","/wiki/Help:IPA_for_English#Key","/wiki/Help:IPA_for_English#Key","/wiki/Help:IPA_for_English#Key","/wiki/Help:IPA_for_English#Key","/wiki/Help:IPA_for_English#Key","/wiki/Help:IPA_for_English#Key","/wiki/Help:IPA_for_English#Key","/wiki/Help:IPA_for_English#Key","/wiki/Help:IPA_for_English#Key","/wiki/Help:IPA_for_English","/wiki/Help:IPA_for_English","/wiki/Help:IPA_for_English#Key","/wiki/Help:IPA_for_English#Key","/wiki/Help:IPA_for_English#Key","/wiki/Help:IPA_for_English#Key","/wiki/Help:IPA_for_English#Key","/wiki/Help:IPA_for_English#Key","/wiki/Help:IPA_for_English#Key","/wiki/Help:IPA_for_English#Key","/wiki/Help:IPA_for_English#Key","/wiki/Help:IPA_for_English#Key","/wiki/Help:IPA_for_English#Key","/wiki/Help:IPA_for_English","/wiki/Delimiter","/wiki/Uncertain_plural","/wiki/Grammatical_gender","#cite_note-5","/wiki/William_Faulkner","/wiki/Absalom,_Absalom!","/wiki/The_Sound_and_the_Fury#Part_2:_June_2.2C_1910","/wiki/E._E._Cummings","/wiki/Em_dash","/wiki/A_Dictionary_of_Modern_English_Usage","#cite_note-6","/wiki/Parenthesis_(rhetoric)","/wiki/Full_stop","/wiki/Mathematics","/wiki/Order_of_operations","//upload.wikimedia.org/math/4/1/3/413150a84f934de0a0e97a4f64575a9c.png","/wiki/Parameter","/wiki/Function_(mathematics)","/wiki/Variable_(mathematics)","/wiki/Coordinate_system","/wiki/Cartesian_coordinate_system","/wiki/Interval_(mathematics)","/wiki/Binomial_coefficient","/wiki/Polyatomic_ion","/wiki/Chinese_language","/wiki/Japanese_language","/w/index.php?title=Bracket&action=edit&section=6","#cite_note-7","/wiki/Sic","/wiki/Ellipsis","#cite_note-8","#cite_note-9","#cite_note-10","/wiki/Phonetic_transcription","#cite_note-11","/wiki/International_Phonetic_Alphabet","/wiki/Phoneme","/wiki/Slash_(punctuation)","/wiki/Proofreading","/wiki/File:Quote_to_be_Moved_Up.svg","//upload.wikimedia.org/wikipedia/commons/thumb/c/c5/Quote_to_be_Moved_Up.svg/330px-Quote_to_be_Moved_Up.svg.png","/wiki/Case_law","/wiki/Mathematics","/wiki/Interval_(mathematics)","/wiki/Commutator","/wiki/Floor_and_ceiling_functions","/wiki/Lie_bracket_of_vector_fields","/wiki/Iverson_bracket","/wiki/Matrix_(mathematics)","/wiki/Chemistry","/wiki/Concentration","/wiki/Chemical_substance","/wiki/Complex_(chemistry)","/wiki/Programming_language","/wiki/List_of_C-based_programming_languages","/wiki/C_(programming_language)","/wiki/Array_data_structure","/wiki/File:Brackets.svg","//upload.wikimedia.org/wikipedia/commons/thumb/8/86/Brackets.svg/145px-Brackets.svg.png","/wiki/File:Brackets.svg","//bits.wikimedia.org/static-1.21wmf11/skins/common/images/magnify-clip.png","/w/index.php?title=Bracket&action=edit&section=7","/wiki/Accolade_(notation)","/wiki/Brace_(music)","#cite_note-12","/wiki/Mathematics","/wiki/Set_(mathematics)","/wiki/Statement_(programming)","/wiki/C_(programming_language)","/wiki/Curly_bracket_language","/wiki/Wikipedia:Citation_needed","/wiki/Etymology","/wiki/Synonym","/wiki/Wikipedia:Citation_needed","#cite_note-13","/wiki/Classical_mechanics","/wiki/Poisson_bracket","//upload.wikimedia.org/math/3/5/8/358755f883bc538bf1b85d0f02f96b0e.png","/w/index.php?title=Bracket&action=edit&section=8","//upload.wikimedia.org/wikipedia/en/thumb/9/99/Question_book-new.svg/50px-Question_book-new.svg.png","//en.wikipedia.org/w/index.php?title=Bracket&action=edit","/wiki/Help:Introduction_to_referencing/1","/wiki/Template:Citation_needed","/wiki/Wikipedia:Verifiability#Burden_of_evidence","#cite_note-14","//upload.wikimedia.org/math/6/0/1/6013921bb2ff97769c06b2a63b7dd807.png","/wiki/Inner_product","//upload.wikimedia.org/math/e/c/3/ec35790be969f4af7fd4ad4c2782514f.png","/wiki/Quantum_mechanics","//upload.wikimedia.org/math/c/2/e/c2ebe46f9ee7d5e353af6a86a49185d2.png","//upload.wikimedia.org/math/e/0/5/e05b27b52d2cdd585fa86e13b24e7cf4.png","//upload.wikimedia.org/math/5/6/8/5683fb052d9f48502fddbf50654a42f8.png","//upload.wikimedia.org/math/3/4/4/344bdf652c57aa5a56fafba56001a52d.png","/wiki/Operator_(physics)","/wiki/Dirac_notation","/wiki/Set_theory","/wiki/Ordered_pair","/wiki/Tuples","/wiki/Linguistics","/wiki/Graphemes","/wiki/Orthography","/wiki/Epigraphy","/wiki/Textual_criticism","/wiki/Inequality_(mathematics)","/wiki/Keyboard_(computing)","/wiki/Wikipedia:Citation_needed","/wiki/Guillemet","/wiki/Non-English_usage_of_quotation_marks","/wiki/Comic_book","/wiki/Wikipedia:Citation_needed","/wiki/Chinese_language","/wiki/Korean_language","/wiki/Tategaki","/wiki/Yokogaki","/wiki/Non-English_usage_of_quotation_marks","/w/index.php?title=Bracket&action=edit&section=9","/wiki/Non-English_usage_of_quotation_marks#Chinese.2C_Japanese_and_Korean_quotation_marks","/wiki/Floor_and_ceiling_functions","/wiki/Papyrology","#cite_note-15","/wiki/Callimachus","/w/index.php?title=Bracket&action=edit&section=10","/wiki/Semantics_of_programming_languages","http://www.ctan.org/tex-archive/fonts/stmaryrd","/w/index.php?title=Bracket&action=edit&section=11","/w/index.php?title=Bracket&action=edit&section=12","/wiki/ASCII","/wiki/Unicode","/wiki/IBM_7030_Stretch","#cite_note-16","#cite_note-17","/wiki/Computer_language","/w/index.php?title=Bracket&action=edit&section=13","/wiki/Operator_precedence","/wiki/Parameter_(computer_science)","/wiki/Function_(computer_science)","/wiki/C_(programming_language)","/wiki/Lisp_programming_language","/wiki/S-expressions","/wiki/Regular_expression","/wiki/Forth_(programming_language)","/wiki/Comment_(computer_programming)","/wiki/Fortran","/wiki/COBOL","/wiki/Perl","/wiki/Perl_6","/wiki/Python_(programming_language)","/wiki/Tuple","/wiki/Immutable_object","/wiki/Tcl","/wiki/Associative_array","/w/index.php?title=Bracket&action=edit&section=14","/wiki/Array_(data_type)","/wiki/Associative_array","/wiki/C_(programming_language)","/wiki/Regular_expression","/wiki/Forth_(programming_language)","/wiki/Tcl","/wiki/List_of_CLI_languages","/wiki/C_sharp_(programming_language)","/wiki/C%2B%2B","/wiki/Metadata_(CLI)","/wiki/C%2B%2B11","/wiki/Anonymous_function#C.2B.2B","/wiki/FASM","/wiki/Smalltalk","/wiki/Objective-C","/wiki/Method_(computer_science)","/wiki/Unix","/wiki/Test_(Unix)","/wiki/JSON","/wiki/IPv6_address","/wiki/URL","/wiki/Python_(programming_language)","/w/index.php?title=Bracket&action=edit&section=15","/wiki/Block_(programming)","/wiki/Curly_bracket_programming_language","/wiki/Composite_type","/wiki/Mathematics","/wiki/Curl_(programming_language)","/wiki/Expression_(programming)","/wiki/Statement_(programming)","/wiki/Lisp_(programming_language)","/wiki/Pascal_programming_language","/wiki/Comment_(computer_programming)","/wiki/Regular_expression","/wiki/Perl","/wiki/PHP","/wiki/Tcl","/wiki/Python_programming_language","/wiki/Ruby_programming_language","/wiki/Associative_array","/wiki/Mutable_object","/wiki/Set_(computer_science)","/wiki/TeX","/wiki/LaTeX","/wiki/JSON","/w/index.php?title=Bracket&action=edit&section=16","/wiki/Greater-than_sign","/wiki/Less-than_sign","/wiki/Uniform_resource_locator","/wiki/E-mail_address","/wiki/E-mail_header","//tools.ietf.org/html/rfc2822","/wiki/Standard_Generalized_Markup_Language","/wiki/HTML","/wiki/XML","/wiki/CSS","/wiki/C%2B%2B","/wiki/C_Sharp_(programming_language)","/wiki/Java_(programming_language)","/wiki/Generic_programming","/wiki/Backus%E2%80%93Naur_Form","/wiki/ABAP","/wiki/Asterisks","/wiki/Relational_operator","/wiki/Inequation","/wiki/Bit_shift","/wiki/Redirection_(computing)","/wiki/Input/output","/wiki/Shell_(computing)","#cite_note-18","/wiki/Usenet_quoting","/wiki/Quotation_mark_glyphs","/w/index.php?title=Bracket&action=edit&section=17","/wiki/Indent_style","/wiki/Integrated_development_environment","/wiki/Braces_matching","/w/index.php?title=Bracket&action=edit&section=18","/wiki/Bracket_(mathematics)","#Parentheses_.28_.29","/wiki/Order_of_operations","/wiki/Interval_(mathematics)","/wiki/Finite_set","/wiki/Extended_real_number_line","/wiki/Interval_(mathematics)","/wiki/Quantum_mechanics","/wiki/Paul_Dirac","/wiki/Bra-ket_notation","/wiki/Dual_space","/wiki/Inner_product","/wiki/Group_theory","/wiki/Group_presentation","/wiki/Group_generators","/wiki/Obtuse_angle","/wiki/Typographic_approximation","/wiki/Group_theory","/wiki/Ring_theory","/wiki/Commutator","/wiki/Anticommutator","/wiki/Lie_derivative","/wiki/Lie_algebra","/wiki/Vinculum_(symbol)","/wiki/Z_notation","/wiki/Formal_specification","/w/index.php?title=Bracket&action=edit&section=19","/wiki/Accountancy","/w/index.php?title=Bracket&action=edit&section=20","/wiki/Law_report","/wiki/Superior_Court","/wiki/England_and_Wales","/wiki/Sic","/w/index.php?title=Bracket&action=edit&section=21","/wiki/Bracket_(tournament)","/w/index.php?title=Bracket&action=edit&section=22","/wiki/Emoticon","/wiki/Japanese_typographic_symbols","/w/index.php?title=Bracket&action=edit&section=23","#cite_ref-1","http://catb.org/jargon/html/B/broket.html","http://catb.org/jargon/html/B/broket.html","#cite_ref-2","/wiki/Special:BookSources/1592400876","#cite_ref-3","http://www.thefreedictionary.com/parenthetical","http://www.thefreedictionary.com/parenthetical","#cite_ref-4","#cite_ref-5","/wiki/Slash_(punctuation)#Gender-neutrality_in_Spanish_and_Portuguese","#cite_ref-6","http://grammar.quickanddirtytips.com/parentheses-brackets-and-braces.aspx","http://grammar.quickanddirtytips.com/parentheses-brackets-and-braces.aspx","#cite_ref-7","#cite_ref-8","http://www.bartleby.com/68/60/960.html","#cite_ref-9","#cite_ref-10","#cite_ref-11","#cite_ref-12","http://www.decodeunicode.org/u+007B","#cite_ref-13","/wiki/Special:BookSources/0074634542","#cite_ref-14","#cite_ref-15","#cite_ref-16","http://www.bobbemer.com/BRACES.HTM","http://www.bobbemer.com/BRACES.HTM","#cite_ref-17","http://www.unicode.org/charts/PDF/U2300.pdf","http://www.unicode.org/charts/PDF/U2300.pdf","#cite_ref-18","/wiki/Randal_Bryant","/wiki/Special:BookSources/013034074X","/w/index.php?title=Bracket&action=edit&section=24","//upload.wikimedia.org/wikipedia/en/thumb/4/4a/Commons-logo.svg/30px-Commons-logo.svg.png","//commons.wikimedia.org/wiki/Category:Brackets","/wiki/John_Lennard","/wiki/International_Standard_Book_Number","/wiki/Special:BookSources/0-19-811247-5","http://en.wikipedia.org/w/index.php?title=Bracket&oldid=545214044","/wiki/Help:Categories","/wiki/Category:Punctuation","/wiki/Category:Mathematical_notation","/wiki/Category:All_articles_with_unsourced_statements","/wiki/Category:Articles_with_unsourced_statements_from_July_2011","/wiki/Category:Articles_with_unsourced_statements_from_May_2008","/wiki/Category:Articles_needing_additional_references_from_November_2012","/wiki/Category:All_articles_needing_additional_references","/wiki/Category:Articles_with_unsourced_statements_from_November_2012","/wiki/Category:Articles_with_unsourced_statements_from_December_2008","/w/index.php?title=Special:UserLogin&returnto=Bracket&type=signup","/w/index.php?title=Special:UserLogin&returnto=Bracket","/wiki/Bracket","/wiki/Talk:Bracket","#","/wiki/Bracket","/w/index.php?title=Bracket&action=edit","/w/index.php?title=Bracket&action=history","#","/w/index.php","//bits.wikimedia.org/static-1.21wmf11/skins/vector/images/search-ltr.png?303-4","/wiki/Main_Page","/wiki/Main_Page","/wiki/Portal:Contents","/wiki/Portal:Featured_content","/wiki/Portal:Current_events","/wiki/Special:Random","//donate.wikimedia.org/wiki/Special:FundraiserRedirector?utm_source=donate&utm_medium=sidebar&utm_campaign=C13_en.wikipedia.org&uselang=en","/wiki/Help:Contents","/wiki/Wikipedia:About","/wiki/Wikipedia:Community_portal","/wiki/Special:RecentChanges","/wiki/Wikipedia:Contact_us","/wiki/Special:WhatLinksHere/Bracket","/wiki/Special:RecentChangesLinked/Bracket","/wiki/Wikipedia:File_Upload_Wizard","/wiki/Special:SpecialPages","/w/index.php?title=Bracket&oldid=545214044","/w/index.php?title=Bracket&action=info","/w/index.php?title=Special:Cite&page=Bracket&id=545214044","/w/index.php?title=Special:Book&bookcmd=book_creator&referer=Bracket","/w/index.php?title=Special:Book&bookcmd=render_article&arttitle=Bracket&oldid=545214044&writer=rl","/w/index.php?title=Bracket&printable=yes","//ar.wikipedia.org/wiki/%D9%82%D9%88%D8%B3_(%D8%AA%D8%B1%D9%82%D9%8A%D9%85)","//be.wikipedia.org/wiki/%D0%94%D1%83%D0%B6%D0%BA%D1%96","//bg.wikipedia.org/wiki/%D0%A1%D0%BA%D0%BE%D0%B1%D0%B0","//ca.wikipedia.org/wiki/Par%C3%A8ntesi","//cs.wikipedia.org/wiki/Z%C3%A1vorky","//da.wikipedia.org/wiki/Parentes","//de.wikipedia.org/wiki/Klammer_(Zeichen)","//es.wikipedia.org/wiki/Par%C3%A9ntesis","//eo.wikipedia.org/wiki/Krampo_(interpunkcio)","//eu.wikipedia.org/wiki/Parentesiak","//fa.wikipedia.org/wiki/%DA%A9%D9%85%D8%A7%D9%86%DA%A9","//fr.wikipedia.org/wiki/Parenth%C3%A8se","//ko.wikipedia.org/wiki/%EA%B4%84%ED%98%B8","//hi.wikipedia.org/wiki/%E0%A4%95%E0%A5%8B%E0%A4%B7%E0%A5%8D%E0%A4%9F%E0%A4%95","//hr.wikipedia.org/wiki/Zagrade","//io.wikipedia.org/wiki/Krampono","//id.wikipedia.org/wiki/Tanda_kurung","//it.wikipedia.org/wiki/Parentesi","//he.wikipedia.org/wiki/%D7%A1%D7%95%D7%92%D7%A8%D7%99%D7%99%D7%9D","//kk.wikipedia.org/wiki/%D0%96%D0%B0%D2%9B%D1%88%D0%B0","//la.wikipedia.org/wiki/Parenthesis","//lb.wikipedia.org/wiki/Klamer","//lt.wikipedia.org/wiki/Skliausteliai","//hu.wikipedia.org/wiki/Z%C3%A1r%C3%B3jel","//ml.wikipedia.org/wiki/%E0%B4%B5%E0%B4%B2%E0%B4%AF%E0%B4%82_(%E0%B4%9A%E0%B4%BF%E0%B4%B9%E0%B5%8D%E0%B4%A8%E0%B4%A8%E0%B4%82)","//nl.wikipedia.org/wiki/Haakje","//ja.wikipedia.org/wiki/%E6%8B%AC%E5%BC%A7","//no.wikipedia.org/wiki/Parentes","//nn.wikipedia.org/wiki/Parentes","//oc.wikipedia.org/wiki/Parent%C3%A8si","//pl.wikipedia.org/wiki/Nawias","//pt.wikipedia.org/wiki/Colchete_(s%C3%ADmbolo)","//ru.wikipedia.org/wiki/%D0%A1%D0%BA%D0%BE%D0%B1%D0%BA%D0%B8","//simple.wikipedia.org/wiki/Brackets","//sk.wikipedia.org/wiki/Z%C3%A1tvorka_(interpunk%C4%8Dn%C3%A9_znamienko)","//sl.wikipedia.org/wiki/Oklepaj","//sh.wikipedia.org/wiki/Zagrade","//fi.wikipedia.org/wiki/Sulkeet","//sv.wikipedia.org/wiki/Parentes","//th.wikipedia.org/wiki/%E0%B8%99%E0%B8%82%E0%B8%A5%E0%B8%B4%E0%B8%82%E0%B8%B4%E0%B8%95","//tr.wikipedia.org/wiki/Ayra%C3%A7","//uk.wikipedia.org/wiki/%D0%94%D1%83%D0%B6%D0%BA%D0%B8","//ur.wikipedia.org/wiki/%D8%AE%D8%B7%D9%88%D8%B7_%D9%88%D8%AD%D8%AF%D8%A7%D9%86%DB%8C","//wa.wikipedia.org/wiki/%C3%85tchete_(tipografeye)","//war.wikipedia.org/wiki/Hil-ot","//zh.wikipedia.org/wiki/%E6%8B%AC%E5%8F%B7","//www.wikidata.org/wiki/Special:ItemByTitle/enwiki/Bracket","//en.wikipedia.org/wiki/Wikipedia:Text_of_Creative_Commons_Attribution-ShareAlike_3.0_Unported_License","//creativecommons.org/licenses/by-sa/3.0/","//wikimediafoundation.org/wiki/Terms_of_Use","//www.wikimediafoundation.org/","//en.wikipedia.org/wiki/Wikipedia:Contact_us","//wikimediafoundation.org/wiki/Privacy_policy","/wiki/Wikipedia:About","/wiki/Wikipedia:General_disclaimer","http://en.m.wikipedia.org/wiki/Bracket","//wikimediafoundation.org/","//bits.wikimedia.org/images/wikimedia-button.png","//www.mediawiki.org/","//bits.wikimedia.org/static-1.21wmf11/skins/common/images/poweredby_mediawiki_88x31.png","//bits.wikimedia.org/en.wikipedia.org/load.php?debug=false&lang=en&modules=skins.vector&only=scripts&skin=vector&*","/w/index.php?title=MediaWiki:Gadget-ReferenceTooltips.js&action=raw&ctype=text/javascript&508635914","//bits.wikimedia.org/en.wikipedia.org/load.php?debug=false&lang=en&modules=site&only=scripts&skin=vector&*"],"instances":["unix","programming_language","notation","punctuation","computing","mathematics","programming","rhetoric","programming","programming_language","cli","mathematics","music","computer_science","programming_language","programming_language","computer_science","mathematics","chemistry","programming_language","physics","data_type","computer_science","computing","computer_science","computing","programming_language","programming_language","tournament","computer_programming","programming","mathematics","symbol"],"pdf":["http://www.unicode.org/charts/PDF/U2300.pdf","http://www.unicode.org/charts/PDF/U2300.pdf"],"categories":["Punctuation","Mathematical notation"],"headings":["List of types","History","Usage","List of types","See also","References","Bibliography"],"image":["//upload.wikimedia.org/wikipedia/commons/thumb/f/f8/Wiktionary-logo-en.svg/37px-Wiktionary-logo-en.svg.png","//upload.wikimedia.org/wikipedia/commons/thumb/8/89/Symbol_book_class2.svg/16px-Symbol_book_class2.svg.png","//upload.wikimedia.org/wikipedia/en/thumb/4/48/Folder_Hexagonal_Icon.svg/16px-Folder_Hexagonal_Icon.svg.png","//upload.wikimedia.org/wikipedia/en/thumb/f/fd/Portal-puzzle.svg/16px-Portal-puzzle.svg.png","//upload.wikimedia.org/math/4/1/3/413150a84f934de0a0e97a4f64575a9c.png","//upload.wikimedia.org/wikipedia/commons/thumb/c/c5/Quote_to_be_Moved_Up.svg/330px-Quote_to_be_Moved_Up.svg.png","//upload.wikimedia.org/wikipedia/commons/thumb/8/86/Brackets.svg/145px-Brackets.svg.png","//bits.wikimedia.org/static-1.21wmf11/skins/common/images/magnify-clip.png","//upload.wikimedia.org/math/3/5/8/358755f883bc538bf1b85d0f02f96b0e.png","//upload.wikimedia.org/wikipedia/en/thumb/9/99/Question_book-new.svg/50px-Question_book-new.svg.png","//upload.wikimedia.org/math/6/0/1/6013921bb2ff97769c06b2a63b7dd807.png","//upload.wikimedia.org/math/e/c/3/ec35790be969f4af7fd4ad4c2782514f.png","//upload.wikimedia.org/math/c/2/e/c2ebe46f9ee7d5e353af6a86a49185d2.png","//upload.wikimedia.org/math/e/0/5/e05b27b52d2cdd585fa86e13b24e7cf4.png","//upload.wikimedia.org/math/5/6/8/5683fb052d9f48502fddbf50654a42f8.png","//upload.wikimedia.org/math/3/4/4/344bdf652c57aa5a56fafba56001a52d.png","//upload.wikimedia.org/wikipedia/en/thumb/4/4a/Commons-logo.svg/30px-Commons-logo.svg.png","//bits.wikimedia.org/static-1.21wmf11/skins/vector/images/search-ltr.png?303-4","//bits.wikimedia.org/images/wikimedia-button.png","//bits.wikimedia.org/static-1.21wmf11/skins/common/images/poweredby_mediawiki_88x31.png"],"tags":[["parenthesis","rhetoric"],["parenthesis","rhetoric"],["slash","punctuation#gender-neutrality_in_spanish_and_portuguese"],["parenthesis","rhetoric"],["function","mathematics"],["variable","mathematics"],["interval","mathematics"],["slash","punctuation"],["interval","mathematics"],["matrix","mathematics"],["complex","chemistry"],["c","programming_language"],["accolade","notation"],["brace","music"],["set","mathematics"],["statement","programming"],["c","programming_language"],["operator","physics"],["inequality","mathematics"],["keyboard","computing"],["parameter","computer_science"],["function","computer_science"],["c","programming_language"],["forth","programming_language"],["comment","computer_programming"],["python","programming_language"],["array","data_type"],["c","programming_language"],["forth","programming_language"],["c_sharp","programming_language"],["metadata","cli"],["method","computer_science"],["test","unix"],["python","programming_language"],["block","programming"],["curl","programming_language"],["expression","programming"],["statement","programming"],["lisp","programming_language"],["comment","computer_programming"],["set","computer_science"],["c_sharp","programming_language"],["java","programming_language"],["redirection","computing"],["shell","computing"],["interval","mathematics"],["interval","mathematics"],["vinculum","symbol"],["bracket","tournament"]],"members":["test","forth","accolade","slash","redirection","matrix","statement","parenthesis","expression","curl","metadata","interval","brace","parameter","c","c_sharp","function","variable","complex","lisp","operator","array","method","shell","set","keyboard","python","java","bracket","comment","block","inequality","vinculum"],"related":["Punctuation","HTML","Guillemet","Quotation_mark_glyphs","Written_English","Desiderius_Erasmus","Moon","Parenthesis_(rhetoric)","Parenthesis_(rhetoric)","Italics","Delimiter","Uncertain_plural","Grammatical_gender","William_Faulkner","E._E._Cummings","Em_dash","Parenthesis_(rhetoric)","Full_stop","Mathematics","Order_of_operations","Parameter","Function_(mathematics)","Variable_(mathematics)","Coordinate_system","Cartesian_coordinate_system","Interval_(mathematics)","Binomial_coefficient","Polyatomic_ion","Chinese_language","Japanese_language","Sic","Ellipsis","Phonetic_transcription","International_Phonetic_Alphabet","Phoneme","Slash_(punctuation)","Proofreading","Case_law","Mathematics","Interval_(mathematics)","Commutator","Floor_and_ceiling_functions","Lie_bracket_of_vector_fields","Iverson_bracket","Matrix_(mathematics)","Chemistry","Concentration","Chemical_substance","Complex_(chemistry)","Programming_language","List_of_C-based_programming_languages","C_(programming_language)","Array_data_structure","Accolade_(notation)","Brace_(music)","Mathematics","Set_(mathematics)","Statement_(programming)","C_(programming_language)","Curly_bracket_language","Etymology","Synonym","Classical_mechanics","Poisson_bracket","Inner_product","Quantum_mechanics","Operator_(physics)","Dirac_notation","Set_theory","Ordered_pair","Tuples","Linguistics","Graphemes","Orthography","Epigraphy","Textual_criticism","Inequality_(mathematics)","Keyboard_(computing)","Guillemet","Non-English_usage_of_quotation_marks","Comic_book","Chinese_language","Korean_language","Tategaki","Yokogaki","Non-English_usage_of_quotation_marks","Floor_and_ceiling_functions","Papyrology","Callimachus","Semantics_of_programming_languages","ASCII","Unicode","IBM_7030_Stretch","Computer_language","Operator_precedence","Parameter_(computer_science)","Function_(computer_science)","C_(programming_language)","Lisp_programming_language","S-expressions","Regular_expression","Forth_(programming_language)","Comment_(computer_programming)","Fortran","COBOL","Perl","Perl_6","Python_(programming_language)","Tuple","Immutable_object","Tcl","Associative_array","Array_(data_type)","Associative_array","C_(programming_language)","Regular_expression","Forth_(programming_language)","Tcl","List_of_CLI_languages","C_sharp_(programming_language)","C++","Metadata_(CLI)","C++11","FASM","Smalltalk","Objective-C","Method_(computer_science)","Unix","Test_(Unix)","JSON","IPv6_address","URL","Python_(programming_language)","Block_(programming)","Curly_bracket_programming_language","Composite_type","Mathematics","Curl_(programming_language)","Expression_(programming)","Statement_(programming)","Lisp_(programming_language)","Pascal_programming_language","Comment_(computer_programming)","Regular_expression","Perl","PHP","Tcl","Python_programming_language","Ruby_programming_language","Associative_array","Mutable_object","Set_(computer_science)","TeX","LaTeX","JSON","Uniform_resource_locator","E-mail_address","E-mail_header","Standard_Generalized_Markup_Language","HTML","XML","CSS","C++","C_Sharp_(programming_language)","Java_(programming_language)","Generic_programming","Backus–Naur_Form","ABAP","Asterisks","Relational_operator","Inequation","Bit_shift","Redirection_(computing)","Input/output","Shell_(computing)","Randal_Bryant","Usenet_quoting","Quotation_mark_glyphs","Integrated_development_environment","Braces_matching","Order_of_operations","Interval_(mathematics)","Finite_set","Extended_real_number_line","Interval_(mathematics)","Quantum_mechanics","Paul_Dirac","Bra-ket_notation","Dual_space","Inner_product","Group_theory","Group_presentation","Group_generators","Obtuse_angle","Typographic_approximation","Group_theory","Ring_theory","Commutator","Anticommutator","Lie_derivative","Lie_algebra","Vinculum_(symbol)","Z_notation","Formal_specification","Accountancy","Law_report","Superior_Court","England_and_Wales","Sic","Bracket_(tournament)","Emoticon","Japanese_typographic_symbols"]}