{"cursor":"12385","size":15,"audio":[],"currentlang":"en","article":"\nIn human sexuality, 'top', 'bottom', and 'versatile' are terms that describe\nroles during sexual intercourse, particularly between two men. A 'top' is a\nperson who penetrates, a 'bottom' is one who receives penetration, and a\n'versatile' engages in both activities. These terms may be elements of self-\nidentity that indicate an individual's usual preference, but might also describe\nbroader social, psychological, and/or sexual identities.\n\nTop, bottom, and versatile are also used in BDSM to describe similarâbut\ndistinctâBDSM identities and practices.\n","linknr":486,"url":"Versatile_(sex)","recorded":1363125492,"links":["/w/index.php?title=Top,_bottom_and_versatile&action=edit","/w/index.php?title=Top,_bottom_and_versatile&action=edit","//en.wikipedia.org/apple-touch-icon.png","//bits.wikimedia.org/favicon/wikipedia.ico","/w/opensearch_desc.php","//en.wikipedia.org/w/api.php?action=rsd","//creativecommons.org/licenses/by-sa/3.0/","/w/index.php?title=Special:RecentChanges&feed=atom","/wiki/Top,_bottom_and_versatile","//bits.wikimedia.org/en.wikipedia.org/load.php?debug=false&lang=en&modules=ext.gadget.DRN-wizard%2CReferenceTooltips%2Ccharinsert%2Cteahouse%7Cext.wikihiero%7Cmediawiki.legacy.commonPrint%2Cshared%7Cmw.PopUpMediaTransform%7Cskins.vector&only=styles&skin=vector&*","//bits.wikimedia.org/en.wikipedia.org/load.php?debug=false&lang=en&modules=site&only=styles&skin=vector&*","//bits.wikimedia.org/en.wikipedia.org/load.php?debug=false&lang=en&modules=startup&only=scripts&skin=vector&*","//bits.wikimedia.org/geoiplookup","//meta.wikimedia.org","/w/index.php?title=Versatile_(sex)&redirect=no","#mw-head","#p-search","//upload.wikimedia.org/wikipedia/en/thumb/9/99/Question_book-new.svg/50px-Question_book-new.svg.png","//en.wikipedia.org/w/index.php?title=Top,_bottom_and_versatile&action=edit","/wiki/Help:Introduction_to_referencing/1","/wiki/Template:Citation_needed","/wiki/Wikipedia:Verifiability#Burden_of_evidence","/wiki/Human_sexuality","/wiki/Sexual_intercourse","/wiki/Men_who_have_sex_with_men","/wiki/Self-identity","#cite_note-Underwood-1","/wiki/BDSM","#Top","#Bottom","#Versatile","#Role_vs._position","#Prevalence","#In_BDSM","#See_also","#References","/w/index.php?title=Top,_bottom_and_versatile&action=edit&section=1","/wiki/File:Wiki-anal_missionary.png","//upload.wikimedia.org/wikipedia/commons/thumb/7/7c/Wiki-anal_missionary.png/250px-Wiki-anal_missionary.png","/wiki/File:Wiki-anal_missionary.png","//bits.wikimedia.org/static-1.21wmf10/skins/common/images/magnify-clip.png","/wiki/Penis","/wiki/Anal_sex","/wiki/Oral_sex","#cite_note-Underwood-1","/wiki/Self-identity","/wiki/Dominance_and_submission","/wiki/Romantic_relationship","/wiki/Sexual_relationship","#cite_note-2","/w/index.php?title=Trevor_Hart&action=edit&redlink=1","/wiki/Center_for_Disease_Control_and_Prevention","/wiki/The_Journal_of_Sex_Research","/wiki/Oral_sex","/wiki/Sex_toy","#cite_note-3","/w/index.php?title=Top,_bottom_and_versatile&action=edit&section=2","/wiki/Anus","/wiki/Anal_sex","#cite_note-Underwood-1","/wiki/Dominance_and_submission","/wiki/Romantic_relationship","/wiki/Sexual_relationship","#cite_note-4","/wiki/Fellatio","/wiki/Irrumatio","/w/index.php?title=Top,_bottom_and_versatile&action=edit&section=3","/wiki/Domination_and_submission","/wiki/Domination_and_submission","#cite_note-Underwood-1","#cite_note-5","#cite_note-6","/wiki/Anal_sex","#cite_note-7","/wiki/Lifestyle_(sociology)","#cite_note-martinplevine1997-8","#cite_note-9","/wiki/Oral_sex","/wiki/Anal_penetration","/wiki/Intimate_relationship","#cite_note-jayyoung1997-10","/wiki/Labels","/wiki/Stereotype","/wiki/Generalization","#cite_note-Underwood-1","/wiki/Self-determination_(philosophy)","/wiki/Gay_pornography","/wiki/Porn_industry","/wiki/Career","/wiki/Human_penis_size","#cite_note-11","/wiki/Erotic_artist","/wiki/Tom_of_Finland","#cite_note-12","/w/index.php?title=Top,_bottom_and_versatile&action=edit&section=4","#cite_note-13","/wiki/Woman_on_top_(sex_position)","/w/index.php?title=Top,_bottom_and_versatile&action=edit&section=5","/wiki/Gay.com","/wiki/United_States","#cite_note-14","/w/index.php?title=Top,_bottom_and_versatile&action=edit&section=6","/wiki/Top_(BDSM)","/wiki/Bottom_(BDSM)","/wiki/Switch_(BDSM)","/wiki/BDSM","/wiki/Derivation_(linguistics)","/wiki/Loan_words","/wiki/Gay_culture","/wiki/Wikipedia:Citation_needed","/w/index.php?title=Top,_bottom_and_versatile&action=edit&section=7","/wiki/File:Sexual_orientation_-_4_symbols.svg","//upload.wikimedia.org/wikipedia/commons/thumb/e/ef/Sexual_orientation_-_4_symbols.svg/32px-Sexual_orientation_-_4_symbols.svg.png","/wiki/Portal:Sexuality","/wiki/Anal_sex","/wiki/List_of_sexual_positions","/wiki/Seme_and_uke","/wiki/Japan","/wiki/Anime","/wiki/Manga","/wiki/Fandom","/w/index.php?title=Top,_bottom_and_versatile&action=edit&section=8","#cite_ref-Underwood_1-0","#cite_ref-Underwood_1-1","#cite_ref-Underwood_1-2","#cite_ref-Underwood_1-3","#cite_ref-Underwood_1-4","http://books.google.com/?id=i4wRl0_8NuUC&pg=PA4&dq=#v=onepage&q&f=false","/wiki/International_Standard_Book_Number","/wiki/Special:BookSources/1-56023-375-3,_9781560233756","http://books.google.com/?id=i4wRl0_8NuUC&pg=PA4&dq=#v=onepage&q&f=false","#cite_ref-2","http://gaylife.about.com/od/lovesex/g/versatiletop.htm","#cite_ref-3","http://www.scientificamerican.com/article.cfm?id=gay-male-sex-roles","http://www.scientificamerican.com/article.cfm?id=gay-male-sex-roles","#cite_ref-4","http://gaylife.about.com/od/lovesex/g/versatilebottom.htm","#cite_ref-5","http://www.thefreelibrary.com/Role+versatility+among+men+who+have+sex+with+men+in+urban+Peru.-a0168586762","/wiki/Digital_object_identifier","http://dx.doi.org/10.1080%2F00224490701443676","/wiki/PubMed_Identifier","//www.ncbi.nlm.nih.gov/pubmed/17879166","http://www.thefreelibrary.com/Role+versatility+among+men+who+have+sex+with+men+in+urban+Peru.-a0168586762","#cite_ref-6","http://www.maennerarzt-linz.at/index.php?id=84","#cite_ref-7","/wiki/Digital_object_identifier","http://dx.doi.org/10.1007%2Fs10508-008-9341-1","/wiki/PubMed_Identifier","//www.ncbi.nlm.nih.gov/pubmed/18288599","#cite_ref-martinplevine1997_8-0","#cite_ref-9","/wiki/Special:BookSources/0824079728","#cite_ref-jayyoung1997_10-0","/wiki/International_Standard_Book_Number","/wiki/Special:BookSources/0-671-40013-4","#cite_ref-11","#cite_ref-12","/wiki/International_Standard_Book_Number","/wiki/Special:BookSources/952-471-843-X","#cite_ref-13","http://gaylife.about.com/od/anal/a/amitoporbottom.htm","#cite_ref-14","http://www.straightacting.com/phpbb3/viewtopic.php?p=222697#p222697","/wiki/Special:BookSources/1890159360","/wiki/Template:LGBT_slang","/wiki/Template_talk:LGBT_slang","//en.wikipedia.org/w/index.php?title=Template:LGBT_slang&action=edit","/wiki/LGBT_slang","/wiki/Bareback_(sex)","/wiki/Banjee","/wiki/Batty_boy","/wiki/Bear_(gay_culture)","/wiki/Beard_(companion)","/wiki/Gay_beat","/wiki/Bi-curious","/wiki/Breeder_(slang)","/wiki/Bugchasing","/wiki/Dyke_(slang)","/wiki/Butch_and_femme","/wiki/Boi_(sexual_slang)","/wiki/Castro_clone","/wiki/Chicken_(gay_slang)","/wiki/Chickenhawk_(gay_slang)","/wiki/Chub_(gay_culture)","/wiki/Cottaging","/wiki/Cruising_for_sex","/wiki/Daddy_(gay_culture)","/wiki/Down-low_(sexual_slang)","/wiki/Drag_(clothing)","/wiki/Dyke_(slang)","/wiki/Dyke_tyke","/wiki/En_femme","/wiki/En_homme","/wiki/Faggot_(slang)","/wiki/Fag_hag","/wiki/Fag_stag","/wiki/Faux_queen","/wiki/Handkerchief_code","/wiki/Friend_of_Dorothy","/wiki/Fruit_(slang)","/wiki/Gay-for-pay","/wiki/Gaydar","/wiki/Gaymer","/wiki/Glory_hole_(sexual_slang)","/wiki/Lesbian_until_graduation","/wiki/Lipstick_lesbian","/wiki/Party_and_play","/wiki/Queen_(gay_slang)","/wiki/Scissor_Sisters_(disambiguation)","/wiki/Shemale","/wiki/Soft_butch","/wiki/Swish_(slang)","/wiki/Cottaging","/wiki/Trade_(gay_slang)","/wiki/Transfan","/wiki/Troll_(gay_slang)","/wiki/Twink_(gay_slang)","/wiki/U-Haul_lesbian","/wiki/File:Nuvola_LGBT_flag_borderless.svg","//upload.wikimedia.org/wikipedia/commons/thumb/2/26/Nuvola_LGBT_flag_borderless.svg/32px-Nuvola_LGBT_flag_borderless.svg.png","/wiki/Portal:LGBT","/wiki/Polari","/wiki/Lavender_linguistics","/wiki/Terminology_of_homosexuality","/wiki/Template:Gender_and_sexual_identities","/wiki/Template_talk:Gender_and_sexual_identities","//en.wikipedia.org/w/index.php?title=Template:Gender_and_sexual_identities&action=edit","/wiki/Gender_identity","/wiki/Sexual_identity","/wiki/Gender_identity","/wiki/Gender","/wiki/Male","/wiki/Female","/wiki/Androgyny","/wiki/Bigender","/wiki/Boi_(sexual_slang)","/wiki/Cisgender","/wiki/Cross-dresser","/wiki/Genderqueer","/wiki/Girlfag_and_guydyke","/wiki/Intersex","/wiki/Pangender","/wiki/Transgender","/wiki/Trans_man","/wiki/Trans_woman","/wiki/Transsexualism","/wiki/Womyn","/wiki/Third_gender","/wiki/Akava%27ine","/wiki/Androgynos","/wiki/Bissu","/wiki/Burnesha","/wiki/Eunuch","/wiki/Fa%27afafine","/wiki/Fakaleiti","/wiki/Femminiello","/wiki/Galli","/wiki/Hermaphrodite","/wiki/Hijra_(South_Asia)","/wiki/Kathoey","/wiki/Khanith","/wiki/K%C3%B6%C3%A7ek","/wiki/Mahu_(person)","/wiki/Maknyah","/wiki/Mukhannathun","/wiki/Muxe","/wiki/Sworn_virgin","/wiki/Takat%C4%81pui","/wiki/Third_gender","/wiki/Transgender_in_China","/wiki/Transgender_people_in_Singapore","/wiki/Transgender_in_film_and_television","/wiki/Transsexuality_in_Iran","/wiki/Travesti","/wiki/Tumtum_(Judaism)","/wiki/Two-Spirit","/wiki/Winkte","/wiki/Sexual_orientation_identity","/wiki/Gender_binary","/wiki/Sexual_orientation","/wiki/Asexuality","/wiki/Bisexuality","/wiki/Heterosexuality","/wiki/Homosexuality","/wiki/Behavioral_science","/wiki/Sexual_orientation","/wiki/Androphilia_and_gynephilia","/wiki/Pansexuality","/wiki/Polysexuality","/wiki/Third_gender","/wiki/Two-Spirit","/wiki/Attraction_to_transgender_people","/wiki/Banjee","/wiki/Ex-gay_movement","/wiki/Ex-ex-gay","/wiki/Gay","/wiki/Lesbian","/wiki/Kinsey_scale","/wiki/Non-heterosexual","/wiki/Object_sexuality","/wiki/Queer","/wiki/Questioning_(sexuality_and_gender)","/wiki/Pansexuality","/wiki/Polyamory","/wiki/Polysexuality","/wiki/Same_gender_loving","/wiki/Erotic_target_location_error","/wiki/Gender_role","/wiki/Human_female_sexuality","/wiki/Human_male_sexuality","/wiki/Sexuality_and_gender_identity-based_cultures","/wiki/Portal:Gender_studies","/wiki/Portal:Sexuality","/wiki/Template:Sexual_slang","/wiki/Template_talk:Sexual_slang","//en.wikipedia.org/w/index.php?title=Template:Sexual_slang&action=edit","/wiki/Sexual_slang","/wiki/Anilingus","/wiki/Banjee","/wiki/Bara_(genre)","/wiki/Bareback_(sex)","/wiki/Baseball_metaphors_for_sex","/wiki/Blue_balls","/wiki/Born-again_virgin","/wiki/Bottom_(BDSM)","/wiki/Camel_toe","/wiki/Cantonese_profanity","/wiki/Circle_jerk_(sexual_practice)","/wiki/Cock_tease","/wiki/Cunt","/wiki/Deep-throating","/wiki/Human_penis","/wiki/Dirty_Sanchez_(sexual_act)","/wiki/Dogging_(sexual_slang)","/wiki/Donkey_punch","/wiki/Douche","/wiki/Dyke_(slang)","/wiki/Fag_hag","/wiki/Felching","/wiki/Fruit_(slang)","/wiki/Fuck","/wiki/Gay-for-pay","/wiki/Girlfriend_experience","/wiki/Glory_hole_(sexual_slang)","/wiki/Hogging_(sexual_practice)","/wiki/Hot_Karl_(slang)","/wiki/Lipstick_lesbian","/wiki/Mama-san","/wiki/Mammary_intercourse","/wiki/Mandarin_Chinese_profanity","/wiki/Mile_high_club","/wiki/Moose_knuckle","/wiki/Sexual_intercourse","/wiki/Pearl_necklace_(sexuality)","/wiki/Pegging_(sexual_practice)","/wiki/Pirate_(sexual_slang)","/wiki/Pussy","/wiki/Party_and_play","/wiki/Queen_(slang)","/wiki/Quickie_(sex)","/wiki/Mat_(Russian_profanity)","/wiki/Rusty_trombone","/wiki/Saddlebacking","/wiki/Serosorting","/wiki/Shemale","/wiki/Slut","/wiki/Snowballing_(sexual_practice)","/wiki/Soggy_biscuit","/wiki/Switch_(BDSM)","/wiki/Tea_bag_(sexual_act)","/wiki/Top_(BDSM)","/wiki/Troll_(gay_slang)","/wiki/Turkey_slap","/wiki/Voulez-vous_coucher_avec_moi%3F","/wiki/Wanker","/wiki/Whale_tail","/wiki/LGBT_slang","/wiki/Bear_(gay_culture)","/wiki/Beard_(companion)","/wiki/Bi-curious","/wiki/Breeder_(slang)","/wiki/Bugchasing","/wiki/Chicken_(gay_slang)","/wiki/Chickenhawk_(gay_slang)","/wiki/Chub_(gay_culture)","/wiki/Daddy_(gay_culture)","/wiki/Down-low_(sexual_slang)","/wiki/Soft_butch","/wiki/Swish_(slang)","/wiki/Trade_(gay_slang)","/wiki/Twink_(gay_slang)","/wiki/U-Haul_lesbian","/wiki/Pornography","/wiki/Ass_to_mouth","/wiki/Bukkake","/wiki/Centerfold","/wiki/Clothed_female,_naked_male","/wiki/Clothed_male,_naked_female","/wiki/Creampie_(sexual_act)","/wiki/Cum_shot","/wiki/Deep-throating","/wiki/Downblouse","/wiki/Facial_(sex_act)","/wiki/Felching","/wiki/Fluffer","/wiki/Gang_bang","/wiki/Golden_Age_of_Porn","/wiki/Insert_(filmmaking)","/wiki/MILF_(slang)","/wiki/Money_shot","/wiki/Paysite","/wiki/Point_of_view_pornography","/wiki/Stunt_cock","/wiki/Upskirt","/wiki/Sexual_slur","/wiki/Human_sexuality","/wiki/Sexology","/wiki/Terminology_of_homosexuality","http://en.wikipedia.org/w/index.php?title=Top,_bottom_and_versatile&oldid=543125612#Versatile","/wiki/Help:Categories","/wiki/Category:Anal_eroticism","/wiki/Category:Gay_slang","/wiki/Category:Male_homosexuality","/wiki/Category:Sexual_roles","/wiki/Category:Sexology","/wiki/Category:Articles_needing_additional_references_from_January_2011","/wiki/Category:All_articles_needing_additional_references","/wiki/Category:All_articles_with_unsourced_statements","/wiki/Category:Articles_with_unsourced_statements_from_February_2011","/w/index.php?title=Special:UserLogin&returnto=Top%2C+bottom+and+versatile&type=signup","/w/index.php?title=Special:UserLogin&returnto=Top%2C+bottom+and+versatile","/wiki/Top,_bottom_and_versatile","/wiki/Talk:Top,_bottom_and_versatile","#","/wiki/Top,_bottom_and_versatile","/w/index.php?title=Top,_bottom_and_versatile&action=edit","/w/index.php?title=Top,_bottom_and_versatile&action=history","#","/w/index.php","//bits.wikimedia.org/static-1.21wmf11/skins/vector/images/search-ltr.png?303-4","/wiki/Main_Page","/wiki/Main_Page","/wiki/Portal:Contents","/wiki/Portal:Featured_content","/wiki/Portal:Current_events","/wiki/Special:Random","//donate.wikimedia.org/wiki/Special:FundraiserRedirector?utm_source=donate&utm_medium=sidebar&utm_campaign=C13_en.wikipedia.org&uselang=en","/wiki/Help:Contents","/wiki/Wikipedia:About","/wiki/Wikipedia:Community_portal","/wiki/Special:RecentChanges","/wiki/Wikipedia:Contact_us","/wiki/Special:WhatLinksHere/Top,_bottom_and_versatile","/wiki/Special:RecentChangesLinked/Top,_bottom_and_versatile","/wiki/Wikipedia:File_Upload_Wizard","/wiki/Special:SpecialPages","/w/index.php?title=Top,_bottom_and_versatile&oldid=543125612","/w/index.php?title=Top,_bottom_and_versatile&action=info","/w/index.php?title=Special:Cite&page=Top%2C_bottom_and_versatile&id=543125612","/w/index.php?title=Special:Book&bookcmd=book_creator&referer=Top%2C+bottom+and+versatile","/w/index.php?title=Special:Book&bookcmd=render_article&arttitle=Top%2C+bottom+and+versatile&oldid=543125612&writer=rl","/w/index.php?title=Top,_bottom_and_versatile&printable=yes","//id.wikipedia.org/wiki/Top,_bottom_dan_versatile","//it.wikipedia.org/wiki/Attivo_e_passivo_nel_sesso","//he.wikipedia.org/wiki/%D7%90%D7%A7%D7%98%D7%99%D7%91%D7%99%D7%95%D7%AA_%D7%95%D7%A4%D7%A1%D7%99%D7%91%D7%99%D7%95%D7%AA_(%D7%9E%D7%99%D7%A0%D7%99%D7%95%D7%AA)","//nl.wikipedia.org/wiki/Top,_bottom_en_versatile","//vi.wikipedia.org/wiki/Tr%C3%AAn,_d%C6%B0%E1%BB%9Bi_v%C3%A0_linh_ho%E1%BA%A1t","//www.wikidata.org/wiki/Special:ItemByTitle/enwiki/Top, bottom and versatile","//en.wikipedia.org/wiki/Wikipedia:Text_of_Creative_Commons_Attribution-ShareAlike_3.0_Unported_License","//creativecommons.org/licenses/by-sa/3.0/","//wikimediafoundation.org/wiki/Terms_of_Use","//www.wikimediafoundation.org/","//en.wikipedia.org/wiki/Wikipedia:Contact_us","//wikimediafoundation.org/wiki/Privacy_policy","/wiki/Wikipedia:About","/wiki/Wikipedia:General_disclaimer","http://en.m.wikipedia.org/wiki/Top,_bottom_and_versatile#Versatile","//wikimediafoundation.org/","//bits.wikimedia.org/images/wikimedia-button.png","//www.mediawiki.org/","//bits.wikimedia.org/static-1.21wmf11/skins/common/images/poweredby_mediawiki_88x31.png","//bits.wikimedia.org/en.wikipedia.org/load.php?debug=false&lang=en&modules=skins.vector&only=scripts&skin=vector&*","/w/index.php?title=MediaWiki:Gadget-ReferenceTooltips.js&action=raw&ctype=text/javascript&508635914","//bits.wikimedia.org/en.wikipedia.org/load.php?debug=false&lang=en&modules=site&only=scripts&skin=vector&*"],"instances":["sex_position","philosophy","linguistics","sociology"],"pdf":[],"categories":["Anal eroticism","Gay slang","Male homosexuality","Sexual roles","Sexology"],"headings":["Top","Bottom","Versatile","Role vs. position","Prevalence","In BDSM","See also","References"],"image":["//upload.wikimedia.org/wikipedia/en/thumb/9/99/Question_book-new.svg/50px-Question_book-new.svg.png","//upload.wikimedia.org/wikipedia/commons/thumb/7/7c/Wiki-anal_missionary.png/250px-Wiki-anal_missionary.png","//bits.wikimedia.org/static-1.21wmf10/skins/common/images/magnify-clip.png","//upload.wikimedia.org/wikipedia/commons/thumb/e/ef/Sexual_orientation_-_4_symbols.svg/32px-Sexual_orientation_-_4_symbols.svg.png","//upload.wikimedia.org/wikipedia/commons/thumb/2/26/Nuvola_LGBT_flag_borderless.svg/32px-Nuvola_LGBT_flag_borderless.svg.png","//bits.wikimedia.org/static-1.21wmf11/skins/vector/images/search-ltr.png?303-4","//bits.wikimedia.org/images/wikimedia-button.png","//bits.wikimedia.org/static-1.21wmf11/skins/common/images/poweredby_mediawiki_88x31.png"],"tags":[["lifestyle","sociology"],["self-determination","philosophy"],["woman_on_top","sex_position"],["derivation","linguistics"]],"members":["woman_on_top","derivation","lifestyle"],"related":["Human_sexuality","Sexual_intercourse","Men_who_have_sex_with_men","Self-identity","BDSM","Penis","Anal_sex","Oral_sex","Self-identity","Dominance_and_submission","Romantic_relationship","Sexual_relationship","Trevor_Hart","Center_for_Disease_Control_and_Prevention","Oral_sex","Sex_toy","Anus","Anal_sex","Dominance_and_submission","Romantic_relationship","Sexual_relationship","Fellatio","Irrumatio","Domination_and_submission","Domination_and_submission","Anal_sex","Lifestyle_(sociology)","Oral_sex","Anal_penetration","Intimate_relationship","Labels","Stereotype","Generalization","Self-determination_(philosophy)","Gay_pornography","Porn_industry","Career","Human_penis_size","Erotic_artist","Tom_of_Finland","Woman_on_top_(sex_position)","Gay.com","United_States","BDSM","Derivation_(linguistics)","Loan_words","Gay_culture","Anal_sex","List_of_sexual_positions","Seme_and_uke","Japan","Anime","Manga","Fandom"]}