{"cursor":"5843","size":15,"audio":[],"currentlang":"en","article":"\n{{Infobox Egyptian deity|\n| Image = Atum.svg Caption = Atum, finisher of the world Hiro = t:U15-\n| A40 Name = Atum God_of = 'God of creation' cult_center = Heliopolis\n| Symbol = Parents = Siblings = Consort = Iusaas Wilkinson, Richard H.\n| (2003). The Complete Gods and Goddesses of Ancient Egypt. Thames & Hudson. p.\n| 150 Children = Tefnut and Shu\n}}\n\n'Atum' , sometimes rendered as 'Atem' or 'Tem', is an important deity in\nEgyptian mythology.\n","linknr":316,"url":"Atum","recorded":1363502289,"links":["/w/index.php?title=Atum&action=edit","/w/index.php?title=Atum&action=edit","//en.wikipedia.org/apple-touch-icon.png","//bits.wikimedia.org/favicon/wikipedia.ico","/w/opensearch_desc.php","//en.wikipedia.org/w/api.php?action=rsd","//creativecommons.org/licenses/by-sa/3.0/","/w/index.php?title=Special:RecentChanges&feed=atom","//bits.wikimedia.org/en.wikipedia.org/load.php?debug=false&lang=en&modules=ext.gadget.DRN-wizard%2CReferenceTooltips%2Ccharinsert%2Cteahouse%7Cext.wikihiero%7Cmediawiki.legacy.commonPrint%2Cshared%7Cmw.PopUpMediaTransform%7Cskins.vector&only=styles&skin=vector&*","//bits.wikimedia.org/en.wikipedia.org/load.php?debug=false&lang=en&modules=site&only=styles&skin=vector&*","//bits.wikimedia.org/en.wikipedia.org/load.php?debug=false&lang=en&modules=startup&only=scripts&skin=vector&*","//bits.wikimedia.org/geoiplookup","//meta.wikimedia.org","#mw-head","#p-search","//upload.wikimedia.org/wikipedia/en/thumb/9/99/Question_book-new.svg/50px-Question_book-new.svg.png","//en.wikipedia.org/w/index.php?title=Atum&action=edit","/wiki/Help:Introduction_to_referencing/1","/wiki/Template:Citation_needed","/wiki/Wikipedia:Verifiability#Burden_of_evidence","/wiki/File:Atum.svg","//upload.wikimedia.org/wikipedia/commons/thumb/1/1b/Atum.svg/220px-Atum.svg.png","/wiki/Egyptian_hieroglyphs","//bits.wikimedia.org/static-1.21wmf10/extensions/wikihiero/img/hiero_X1.png","//bits.wikimedia.org/static-1.21wmf10/extensions/wikihiero/img/hiero_U15.png","//bits.wikimedia.org/static-1.21wmf10/extensions/wikihiero/img/hiero_A40.png","/wiki/Heliopolis_(ancient)","/wiki/Iusaas","#cite_note-1","/wiki/Deity","/wiki/Egyptian_mythology","#Name","#Origins","#Role","#Relationship_to_other_gods","#Iconography","#Worship","#References","#External_links","/w/index.php?title=Atum&action=edit&section=1","/wiki/Egyptian_soul#Ka_.28life_force.29","#cite_note-Wilkinson_99-2","/w/index.php?title=Atum&action=edit&section=2","/wiki/Pyramid_Texts","#cite_note-Wilkinson_99-2","/w/index.php?title=Atum&action=edit&section=3","/wiki/Ancient_Egyptian_creation_myths","/wiki/Benben","/wiki/Naunet","#cite_note-3","/wiki/Shu_(Egyptian_deity)","/wiki/Goddess","/wiki/Tefnut","#cite_note-4","/wiki/Old_Kingdom","#cite_note-5","/wiki/Solar_deity","/wiki/Ra","/wiki/Khepri","#cite_note-6","/wiki/Book_of_the_Dead","#cite_note-7","#cite_note-8","#cite_note-9","/wiki/Khepri","#cite_note-10","/w/index.php?title=Atum&action=edit&section=4","#cite_note-11","/w/index.php?title=Atum&action=edit&section=5","/wiki/Hedjet","/wiki/Deshret","/wiki/Upper_Egypt","/wiki/Lower_Egypt","/wiki/Serpent_(symbolism)","/wiki/Mongoose","/wiki/Lion","/wiki/Bull_(mythology)","/wiki/Lizard","/wiki/Ape","#cite_note-Wilkinson_99-2","/w/index.php?title=Atum&action=edit&section=6","/wiki/Cult","/wiki/Heliopolis_(ancient)","/wiki/Egyptian_language","#cite_note-Wilkinson_99-2","/w/index.php?title=Atum&action=edit&section=7","#cite_ref-1","#cite_ref-Wilkinson_99_2-0","#cite_ref-Wilkinson_99_2-1","#cite_ref-Wilkinson_99_2-2","#cite_ref-Wilkinson_99_2-3","#cite_ref-3","http://www.saylor.org/site/wp-content/uploads/2012/01/1.1.4-PICTURE.pdf","http://www.saylor.org/site/wp-content/uploads/2012/01/1.1.4-PICTURE.pdf","#cite_ref-4","http://www.philae.nu/akhet/NetjeruA.html#Atum","#cite_ref-5","http://www.philae.nu/akhet/NetjeruA.html#Atum","#cite_ref-6","#cite_ref-7","http://books.google.com/books?id=yCkRz5pfxz0C&pg=PA121#v=onepage&q&f=false","#cite_ref-8","http://books.google.com/books?id=NJ9j6EE_dL0C&pg=PA128&dq=ouroboros+atum&hl=en&ei=HP3kTOXcEcvrsga1r6CtCw&sa=X&oi=book_result&ct=result&resnum=2&ved=0CCgQ6AEwAQ#v=onepage&q=ouroboros%20atum&f=false","#cite_ref-9","http://books.google.com/books?id=yFLm_M_OdK4C&pg=PA468&lpg=PA468#v=onepage&q=Atum%20Ouroboros&f=false","#cite_ref-10","http://books.google.com/books?id=yCkRz5pfxz0C&pg=PA123#v=onepage&q&f=false","#cite_ref-11","/w/index.php?title=Atum&action=edit&section=8","http://www.archaeowiki.org/Atum","/wiki/Template:Ancient_Egyptian_religion_footer","/wiki/Template_talk:Ancient_Egyptian_religion_footer","//en.wikipedia.org/w/index.php?title=Template:Ancient_Egyptian_religion_footer&action=edit","/wiki/Ancient_Egyptian_religion","/wiki/Egyptian_mythology","/wiki/Paganism","/wiki/Pantheism","/wiki/Polytheism","/wiki/Emanationism","/wiki/Ancient_Egyptian_concept_of_the_soul","/wiki/Duat","/wiki/Numbers_in_Egyptian_mythology","/wiki/File:Ancient_Egypt_Wings.svg","//upload.wikimedia.org/wikipedia/commons/thumb/9/9e/Ancient_Egypt_Wings.svg/150px-Ancient_Egypt_Wings.svg.png","/wiki/File:Djed.svg","//upload.wikimedia.org/wikipedia/commons/thumb/f/fe/Djed.svg/41px-Djed.svg.png","/wiki/File:Djed.svg","//upload.wikimedia.org/wikipedia/commons/thumb/f/fe/Djed.svg/41px-Djed.svg.png","/wiki/File:Kheper.svg","//upload.wikimedia.org/wikipedia/commons/thumb/2/24/Kheper.svg/25px-Kheper.svg.png","/wiki/File:Aker.svg","//upload.wikimedia.org/wikipedia/commons/thumb/1/1c/Aker.svg/50px-Aker.svg.png","/wiki/Egyptian_pantheon","/wiki/Amun","/wiki/Amunet","/wiki/Anubis","/wiki/Anuket","/wiki/Apep","/wiki/Apis_(god)","/wiki/Aten","/wiki/Bastet","/wiki/Bat_(goddess)","/wiki/Bes","/wiki/Four_sons_of_Horus","/wiki/Geb","/wiki/Hapi_(Nile_god)","/wiki/Hathor","/wiki/Heka_(god)","/wiki/Heqet","/wiki/Horus","/wiki/Isis","/wiki/Khepri","/wiki/Khnum","/wiki/Khonsu","/wiki/Kuk","/wiki/Maahes","/wiki/Maat","/wiki/Mafdet","/wiki/Menhit","/wiki/Meretseger","/wiki/Meskhenet","/wiki/Min_(god)","/wiki/Mnewer","/wiki/Monthu","/wiki/Mut","/wiki/Nefertem","/wiki/Neith","/wiki/Nekhbet","/wiki/Nephthys","/wiki/Nu_(mythology)","/wiki/Nut_(goddess)","/wiki/Osiris","/wiki/Pakhet","/wiki/Ptah","/wiki/Qebui","/wiki/Qetesh","/wiki/Ra","/wiki/Raet-Tawy","/wiki/Resheph","/wiki/Satet","/wiki/Sekhmet","/wiki/Seker","/wiki/Serket","/wiki/Seshat","/wiki/Set_(mythology)","/wiki/Shu_(Egyptian_deity)","/wiki/Sobek","/wiki/Sopdet","/wiki/Sopdu","/wiki/Tatenen","/wiki/Taweret","/wiki/Tefnut","/wiki/Thoth","/wiki/Wadjet","/wiki/Wadj-wer","/wiki/Wepwawet","/wiki/Wosret","/wiki/Category:Ancient_Egyptian_funerary_texts","/wiki/Amduat","/wiki/Books_of_Breathing","/wiki/Book_of_Caverns","/wiki/Book_of_the_Dead","/wiki/Book_of_the_Earth","/wiki/Book_of_Gates","/wiki/Book_of_the_Netherworld","/wiki/Atenism","/wiki/Curse_of_the_pharaohs","/wiki/Ancient_Egyptian_burial_customs","/wiki/Ancient_Egyptian_offering_formula","/wiki/Ancient_Egyptian_philosophy","/wiki/Egyptian_temple","/wiki/File:All_Gizah_Pyramids.jpg","//upload.wikimedia.org/wikipedia/commons/thumb/a/af/All_Gizah_Pyramids.jpg/30px-All_Gizah_Pyramids.jpg","/wiki/Portal:Ancient_Egypt","http://en.wikipedia.org/w/index.php?title=Atum&oldid=540727769","/wiki/Help:Categories","/wiki/Category:Egyptian_gods","/wiki/Category:Earth_gods","/wiki/Category:Solar_gods","/wiki/Category:Articles_needing_additional_references_from_July_2007","/wiki/Category:All_articles_needing_additional_references","/w/index.php?title=Special:UserLogin&returnto=Atum&type=signup","/w/index.php?title=Special:UserLogin&returnto=Atum","/wiki/Atum","/wiki/Talk:Atum","#","/wiki/Atum","/w/index.php?title=Atum&action=edit","/w/index.php?title=Atum&action=history","#","/w/index.php","//bits.wikimedia.org/static-1.21wmf11/skins/vector/images/search-ltr.png?303-4","/wiki/Main_Page","/wiki/Main_Page","/wiki/Portal:Contents","/wiki/Portal:Featured_content","/wiki/Portal:Current_events","/wiki/Special:Random","//donate.wikimedia.org/wiki/Special:FundraiserRedirector?utm_source=donate&utm_medium=sidebar&utm_campaign=C13_en.wikipedia.org&uselang=en","/wiki/Help:Contents","/wiki/Wikipedia:About","/wiki/Wikipedia:Community_portal","/wiki/Special:RecentChanges","/wiki/Wikipedia:Contact_us","/wiki/Special:WhatLinksHere/Atum","/wiki/Special:RecentChangesLinked/Atum","/wiki/Wikipedia:File_Upload_Wizard","/wiki/Special:SpecialPages","/w/index.php?title=Atum&oldid=540727769","/w/index.php?title=Atum&action=info","/w/index.php?title=Special:Cite&page=Atum&id=540727769","/w/index.php?title=Special:Book&bookcmd=book_creator&referer=Atum","/w/index.php?title=Special:Book&bookcmd=render_article&arttitle=Atum&oldid=540727769&writer=rl","/w/index.php?title=Atum&printable=yes","//als.wikipedia.org/wiki/Atum","//ar.wikipedia.org/wiki/%D8%A3%D8%AA%D9%88%D9%85_(%D8%A5%D9%84%D9%87)","//bg.wikipedia.org/wiki/%D0%90%D1%82%D1%83%D0%BC","//bo.wikipedia.org/wiki/%E0%BD%A8%E0%BC%8B%E0%BD%90%E0%BD%B4%E0%BD%93%E0%BC%8D","//bs.wikipedia.org/wiki/Atum","//br.wikipedia.org/wiki/Atoum","//ca.wikipedia.org/wiki/Llista_de_personatges_de_la_mitologia_eg%C3%ADpcia#S","//cs.wikipedia.org/wiki/Atum","//de.wikipedia.org/wiki/Atum","//et.wikipedia.org/wiki/Atum","//el.wikipedia.org/wiki/%CE%91%CF%84%CE%BF%CF%8D%CE%BC","//es.wikipedia.org/wiki/Atum","//eo.wikipedia.org/wiki/Atumo","//eu.wikipedia.org/wiki/Atum","//fa.wikipedia.org/wiki/%D8%A2%D8%AA%D9%88%D9%85","//fr.wikipedia.org/wiki/Atoum","//ko.wikipedia.org/wiki/%EC%95%84%ED%88%BC","//hi.wikipedia.org/wiki/%E0%A4%85%E0%A4%A4%E0%A5%81%E0%A4%AE","//hr.wikipedia.org/wiki/Atum","//id.wikipedia.org/wiki/Atum","//it.wikipedia.org/wiki/Atum","//he.wikipedia.org/wiki/%D7%90%D7%AA%D7%95%D7%9D","//ka.wikipedia.org/wiki/%E1%83%90%E1%83%A2%E1%83%A3%E1%83%9B%E1%83%98","//lt.wikipedia.org/wiki/Atumas","//hu.wikipedia.org/wiki/Atum","//mk.wikipedia.org/wiki/%D0%90%D1%82%D1%83%D0%BC","//ms.wikipedia.org/wiki/Dewa_Atum","//nl.wikipedia.org/wiki/Atoem","//ja.wikipedia.org/wiki/%E3%82%A2%E3%83%88%E3%82%A5%E3%83%A0","//no.wikipedia.org/wiki/Atum","//pl.wikipedia.org/wiki/Atum","//pt.wikipedia.org/wiki/Atum_(mitologia)","//ro.wikipedia.org/wiki/Atum","//ru.wikipedia.org/wiki/%D0%90%D1%82%D1%83%D0%BC","//simple.wikipedia.org/wiki/Atum","//sk.wikipedia.org/wiki/Atum","//sl.wikipedia.org/wiki/Atum","//sr.wikipedia.org/wiki/%D0%90%D1%82%D1%83%D0%BC","//sh.wikipedia.org/wiki/Atum","//fi.wikipedia.org/wiki/Atum","//sv.wikipedia.org/wiki/Atum","//th.wikipedia.org/wiki/%E0%B9%80%E0%B8%97%E0%B8%9E%E0%B8%AD%E0%B8%B2%E0%B8%95%E0%B8%B8%E0%B8%A1","//tg.wikipedia.org/wiki/%D0%90%D1%82%D1%83%D0%BC","//uk.wikipedia.org/wiki/%D0%90%D1%82%D1%83%D0%BC","//ur.wikipedia.org/wiki/%D8%A2%D8%AA%D9%88%D9%85","//vi.wikipedia.org/wiki/Atum","//zh.wikipedia.org/wiki/%E4%BA%9E%E5%9C%96%E5%A7%86","//www.wikidata.org/wiki/Special:ItemByTitle/enwiki/Atum","//en.wikipedia.org/wiki/Wikipedia:Text_of_Creative_Commons_Attribution-ShareAlike_3.0_Unported_License","//creativecommons.org/licenses/by-sa/3.0/","//wikimediafoundation.org/wiki/Terms_of_Use","//www.wikimediafoundation.org/","//wikimediafoundation.org/wiki/Privacy_policy","/wiki/Wikipedia:About","/wiki/Wikipedia:General_disclaimer","http://en.m.wikipedia.org/wiki/Atum","//wikimediafoundation.org/","//bits.wikimedia.org/images/wikimedia-button.png","//www.mediawiki.org/","//bits.wikimedia.org/static-1.21wmf11/skins/common/images/poweredby_mediawiki_88x31.png","//bits.wikimedia.org/en.wikipedia.org/load.php?debug=false&lang=en&modules=skins.vector&only=scripts&skin=vector&*","/w/index.php?title=MediaWiki:Gadget-ReferenceTooltips.js&action=raw&ctype=text/javascript&508635914","//bits.wikimedia.org/en.wikipedia.org/load.php?debug=false&lang=en&modules=site&only=scripts&skin=vector&*"],"instances":["mythology","life_force","symbolism","egyptian_deity","ancient"],"pdf":["http://www.saylor.org/site/wp-content/uploads/2012/01/1.1.4-PICTURE.pdf","http://www.saylor.org/site/wp-content/uploads/2012/01/1.1.4-PICTURE.pdf"],"categories":["Egyptian gods","Earth gods","Solar gods"],"headings":["Name","Origins","Role","Relationship to other gods","Iconography","Worship","References","External links"],"image":["//upload.wikimedia.org/wikipedia/en/thumb/9/99/Question_book-new.svg/50px-Question_book-new.svg.png","//upload.wikimedia.org/wikipedia/commons/thumb/1/1b/Atum.svg/220px-Atum.svg.png","//bits.wikimedia.org/static-1.21wmf10/extensions/wikihiero/img/hiero_X1.png","//bits.wikimedia.org/static-1.21wmf10/extensions/wikihiero/img/hiero_U15.png","//bits.wikimedia.org/static-1.21wmf10/extensions/wikihiero/img/hiero_A40.png","//upload.wikimedia.org/wikipedia/commons/thumb/9/9e/Ancient_Egypt_Wings.svg/150px-Ancient_Egypt_Wings.svg.png","//upload.wikimedia.org/wikipedia/commons/thumb/f/fe/Djed.svg/41px-Djed.svg.png","//upload.wikimedia.org/wikipedia/commons/thumb/f/fe/Djed.svg/41px-Djed.svg.png","//upload.wikimedia.org/wikipedia/commons/thumb/2/24/Kheper.svg/25px-Kheper.svg.png","//upload.wikimedia.org/wikipedia/commons/thumb/1/1c/Aker.svg/50px-Aker.svg.png","//upload.wikimedia.org/wikipedia/commons/thumb/a/af/All_Gizah_Pyramids.jpg/30px-All_Gizah_Pyramids.jpg","//bits.wikimedia.org/static-1.21wmf11/skins/vector/images/search-ltr.png?303-4","//bits.wikimedia.org/images/wikimedia-button.png","//bits.wikimedia.org/static-1.21wmf11/skins/common/images/poweredby_mediawiki_88x31.png"],"tags":[["heliopolis","ancient"],["egyptian_soul#ka","life_force"],["shu","egyptian_deity"],["serpent","symbolism"],["bull","mythology"],["heliopolis","ancient"]],"members":["bull","serpent","shu","heliopolis"],"related":["Heliopolis_(ancient)","Iusaas","Tefnut","Shu","Deity","Egyptian_mythology","Pyramid_Texts","Ancient_Egyptian_creation_myths","Benben","Naunet","Shu_(Egyptian_deity)","Goddess","Tefnut","Old_Kingdom","Solar_deity","Ra","Khepri","Book_of_the_Dead","Khepri","Hedjet","Deshret","Upper_Egypt","Lower_Egypt","Serpent_(symbolism)","Mongoose","Lion","Bull_(mythology)","Lizard","Ape","Cult","Heliopolis_(ancient)","Egyptian_language"]}