{"cursor":"6135","size":15,"audio":[],"currentlang":"en","article":"\n\nIn linguistics, 'abessive' (abbreviated or ), 'caritive' and 'privative'\n(abbreviated ) are names for a grammatical case expressing the lack or absence\nof the marked noun. In English, the corresponding function is expressed by the\npreposition [[wikt:without|without]] or by the suffix [[wikt:-less|-less]].\n\nThe name abessive is derived from Latin abesse \"to be away/absent\", and is\nespecially used in reference to Uralic languages. The name caritive is derived\nfrom Latin carere \"to lack\", and is especially used in reference to Caucasian\nlanguages. The name privative is derived from Latin privare \"to deprive\".\n","linknr":305,"url":"Abessive_case","recorded":1364210623,"links":["/w/index.php?title=Abessive_case&action=edit","/w/index.php?title=Abessive_case&action=edit","//en.wikipedia.org/apple-touch-icon.png","//bits.wikimedia.org/favicon/wikipedia.ico","/w/opensearch_desc.php","//en.wikipedia.org/w/api.php?action=rsd","//creativecommons.org/licenses/by-sa/3.0/","/w/index.php?title=Special:RecentChanges&feed=atom","//bits.wikimedia.org/en.wikipedia.org/load.php?debug=false&lang=en&modules=ext.gadget.DRN-wizard%2CReferenceTooltips%2Ccharinsert%2Cteahouse%7Cext.wikihiero%7Cmediawiki.legacy.commonPrint%2Cshared%7Cmw.PopUpMediaTransform%7Cskins.vector&only=styles&skin=vector&*","//bits.wikimedia.org/en.wikipedia.org/load.php?debug=false&lang=en&modules=site&only=styles&skin=vector&*","//bits.wikimedia.org/en.wikipedia.org/load.php?debug=false&lang=en&modules=startup&only=scripts&skin=vector&*","//bits.wikimedia.org/geoiplookup","//meta.wikimedia.org","#mw-head","#p-search","//upload.wikimedia.org/wikipedia/en/thumb/9/99/Question_book-new.svg/50px-Question_book-new.svg.png","//en.wikipedia.org/w/index.php?title=Abessive_case&action=edit","/wiki/Help:Introduction_to_referencing/1","/wiki/Template:Citation_needed","/wiki/Wikipedia:Verifiability#Burden_of_evidence","/wiki/Linguistics","/wiki/List_of_glossing_abbreviations","/wiki/Case_(grammar)","/wiki/English_language","/wiki/Preposition","//en.wiktionary.org/wiki/without","/wiki/Affix","//en.wiktionary.org/wiki/-less","/wiki/Latin_language","/wiki/Uralic_languages","/wiki/Caucasian_languages","#In_Afro-Asiatic_Languages","#Somali","#In_Australian_languages","#Martuthunira","#In_Caucasian_languages","#In_Uralic_languages","#Finnish","#Estonian","#Skolt_Sami","#Inari_Sami","#Other_Sami_languages","#Hungarian","#In_Turkic_Languages","#Bashkir","#Turkish","#Azeribaijani","#Chuvash","#Kyrgyz","#See_also","#References","#External_links","/w/index.php?title=Abessive_case&action=edit&section=1","/w/index.php?title=Abessive_case&action=edit&section=2","/wiki/Somali_language","/wiki/Syllable","/wiki/Naked","/w/index.php?title=Abessive_case&action=edit&section=3","/w/index.php?title=Abessive_case&action=edit&section=4","/wiki/Martuthunira_language","/wiki/Clusivity","/w/index.php?title=Abessive_case&action=edit&section=5","//upload.wikimedia.org/wikipedia/en/thumb/6/6c/Wiki_letter_w.svg/23px-Wiki_letter_w.svg.png","//en.wikipedia.org/w/index.php?title=Abessive_case&action=edit&section=","/w/index.php?title=Abessive_case&action=edit&section=6","/w/index.php?title=Abessive_case&action=edit&section=7","/wiki/Finnish_language","/wiki/Vowel_harmony","/wiki/Partitive","/wiki/Nouns","/wiki/Verbal_noun","/wiki/Estonian_language","/w/index.php?title=Abessive_case&action=edit&section=8","/wiki/Estonian_language","/wiki/Tallinn","/wiki/Comitative","/wiki/Abessive","#cite_note-1","#cite_note-2","/wiki/Wikipedia:Link_rot","/wiki/Verbal_noun","/w/index.php?title=Abessive_case&action=edit&section=9","/wiki/Abessive","/wiki/Skolt_Sami","/wiki/Abessive","/wiki/Converb","/w/index.php?title=Abessive_case&action=edit&section=10","/wiki/Abessive","/wiki/Inari_Sami_language","/w/index.php?title=Abessive_case&action=edit&section=11","/wiki/Cranberry_morpheme","/w/index.php?title=Abessive_case&action=edit&section=12","/wiki/Hungarian_language","/wiki/Vowel_harmony","/w/index.php?title=Abessive_case&action=edit&section=13","/w/index.php?title=Abessive_case&action=edit&section=14","/wiki/Bashkir_language","/w/index.php?title=Abessive_case&action=edit&section=15","/wiki/Turkish_language","/w/index.php?title=Abessive_case&action=edit&section=16","/wiki/Azerbaijani_language","/w/index.php?title=Abessive_case&action=edit&section=17","/wiki/Chuvash_language","/w/index.php?title=Abessive_case&action=edit&section=18","/wiki/Kyrgyz_language","/w/index.php?title=Abessive_case&action=edit&section=19","/wiki/Essive_case","/wiki/Inessive_case","/w/index.php?title=Abessive_case&action=edit&section=20","#cite_ref-1","http://www.nimetabaar.ee/English.html","#cite_ref-2","http://www.baarid.ee/en/NimegaBar/programm.php","/w/index.php?title=Alan_Dench&action=edit&redlink=1","http://www.linguistics.uwa.edu.au/staff/alan_dench/martuthunira","/wiki/International_Standard_Book_Number","/wiki/Special:BookSources/0-85883-422-7","/w/index.php?title=Abessive_case&action=edit&section=21","http://www.sil.org/linguistics/GlossaryOfLinguisticTerms/WhatIsAbessiveCase.htm","/wiki/Template:Grammatical_cases","/wiki/Template_talk:Grammatical_cases","//en.wikipedia.org/w/index.php?title=Template:Grammatical_cases&action=edit","/wiki/Grammatical_case","/wiki/List_of_grammatical_cases","/wiki/Declension","/wiki/Morphosyntactic_alignment","/wiki/Morphosyntactic_alignment","/wiki/Absolutive_case","/wiki/Accusative_case","/wiki/Direct_case","/wiki/Ergative_case","/wiki/Intransitive_case","/wiki/Nominative_case","/wiki/Oblique_case","/wiki/Partitive_case","/wiki/Pegative_case","/wiki/Ablative_case","/w/index.php?title=Addirective_case&action=edit&redlink=1","/w/index.php?title=Adelative_case&action=edit&redlink=1","/wiki/Adessive_case","/wiki/Allative_case","/wiki/Antessive_case","/wiki/Apudessive_case","/wiki/Delative_case","/w/index.php?title=Distantitive_case&action=edit&redlink=1","/wiki/Distributive_case","/wiki/Distributive-temporal_case","/wiki/Egressive_case","/wiki/Elative_case","/wiki/Illative_case","/wiki/Inelative_case","/wiki/Inessive_case","/wiki/Initiative_case","/wiki/Intrative_case","/wiki/Lative_case","/wiki/Locative_case","/w/index.php?title=Medial_case&action=edit&redlink=1","/wiki/Perlative_case","/wiki/Pertingent_case","/w/index.php?title=Postdirective_case&action=edit&redlink=1","/wiki/Postelative_case","/wiki/Postessive_case","/wiki/Prolative_case","/wiki/Prosecutive_case","/wiki/Proximative_case","/w/index.php?title=Separative_case&action=edit&redlink=1","/w/index.php?title=Subdirective_case&action=edit&redlink=1","/w/index.php?title=Subelative_case&action=edit&redlink=1","/wiki/Subessive_case","/wiki/Sublative_case","/w/index.php?title=Superdirective_case&action=edit&redlink=1","/w/index.php?title=Superelative_case&action=edit&redlink=1","/wiki/Superessive_case","/wiki/Superlative_case","/wiki/Temporal_case","/wiki/Terminative_case","/wiki/Prolative_case","/wiki/Comitative_case","/wiki/Comitative_case","/wiki/Dative_case","/wiki/Genitive_case","/wiki/Instrumental_case","/wiki/Instrumental-comitative_case","/wiki/Ornative_case","/wiki/Possessive","/wiki/Possessive","/wiki/Sociative_case","/wiki/Adverbial_case","/wiki/Comparative_case","/wiki/Equative_case","/wiki/Essive_case","/wiki/Essive-formal_case","/wiki/Essive-modal_case","/wiki/Exessive_case","/w/index.php?title=Formal_case&action=edit&redlink=1","/w/index.php?title=Identical_case&action=edit&redlink=1","/wiki/Instructive_case","/wiki/Modal_case","/wiki/Multiplicative_case","/w/index.php?title=Orientative_case&action=edit&redlink=1","/w/index.php?title=Revertive_case&action=edit&redlink=1","/wiki/Semblative_case","/wiki/Translative_case","/wiki/Aversive_case","/wiki/Benefactive_case","/wiki/Causal_case","/wiki/Causal-final_case","/wiki/Aversive_case","/wiki/Final_case","/w/index.php?title=Dubitive_case&action=edit&redlink=1","/wiki/Prepositional_case","/wiki/Prepositional_case","/wiki/Vocative_case","/wiki/Czech_declension","/wiki/English_grammar","/wiki/Middle_English_declension","/wiki/Finnish_noun_cases","/wiki/German_declension","/wiki/Gothic_declension","/wiki/Irish_declension","/wiki/Latin_declension","/wiki/Latvian_declension","/wiki/Lithuanian_declension","/wiki/Serbo-Croatian_grammar","/wiki/Slovak_declension","http://en.wikipedia.org/w/index.php?title=Abessive_case&oldid=541117760","/wiki/Help:Categories","/wiki/Category:Grammatical_cases","/wiki/Category:Articles_needing_additional_references_from_February_2013","/wiki/Category:All_articles_needing_additional_references","/wiki/Category:Articles_to_be_expanded_from_May_2008","/wiki/Category:All_articles_to_be_expanded","/wiki/Category:All_articles_with_dead_external_links","/wiki/Category:Articles_with_dead_external_links_from_February_2013","/w/index.php?title=Special:UserLogin&returnto=Abessive+case&type=signup","/w/index.php?title=Special:UserLogin&returnto=Abessive+case","/wiki/Abessive_case","/wiki/Talk:Abessive_case","#","/wiki/Abessive_case","/w/index.php?title=Abessive_case&action=edit","/w/index.php?title=Abessive_case&action=history","#","/w/index.php","//bits.wikimedia.org/static-1.21wmf11/skins/vector/images/search-ltr.png?303-4","/wiki/Main_Page","/wiki/Main_Page","/wiki/Portal:Contents","/wiki/Portal:Featured_content","/wiki/Portal:Current_events","/wiki/Special:Random","//donate.wikimedia.org/wiki/Special:FundraiserRedirector?utm_source=donate&utm_medium=sidebar&utm_campaign=C13_en.wikipedia.org&uselang=en","/wiki/Help:Contents","/wiki/Wikipedia:About","/wiki/Wikipedia:Community_portal","/wiki/Special:RecentChanges","/wiki/Wikipedia:Contact_us","/wiki/Special:WhatLinksHere/Abessive_case","/wiki/Special:RecentChangesLinked/Abessive_case","/wiki/Wikipedia:File_Upload_Wizard","/wiki/Special:SpecialPages","/w/index.php?title=Abessive_case&oldid=541117760","/w/index.php?title=Abessive_case&action=info","/w/index.php?title=Special:Cite&page=Abessive_case&id=541117760","/w/index.php?title=Special:Book&bookcmd=book_creator&referer=Abessive+case","/w/index.php?title=Special:Book&bookcmd=render_article&arttitle=Abessive+case&oldid=541117760&writer=rl","/w/index.php?title=Abessive_case&printable=yes","//bg.wikipedia.org/wiki/%D0%90%D0%B1%D0%B5%D1%81%D0%B8%D0%B2","//bs.wikipedia.org/wiki/Abesiv","//br.wikipedia.org/wiki/Troad_abesivel","//ca.wikipedia.org/wiki/Cas_abessiu","//cs.wikipedia.org/wiki/Abessiv","//de.wikipedia.org/wiki/Abessiv","//et.wikipedia.org/wiki/Ilma%C3%BCtlev_k%C3%A4%C3%A4ne","//es.wikipedia.org/wiki/Caso_abesivo","//ext.wikipedia.org/wiki/Abessivu","//fr.wikipedia.org/wiki/Abessif","//it.wikipedia.org/wiki/Abessivo","//nl.wikipedia.org/wiki/Abessief","//ja.wikipedia.org/wiki/%E6%AC%A0%E6%A0%BC_(%E8%A8%80%E8%AA%9E%E5%AD%A6)","//no.wikipedia.org/wiki/Abessiv","//nn.wikipedia.org/wiki/Abessiv","//pl.wikipedia.org/wiki/Abessivus","//pt.wikipedia.org/wiki/Caso_abessivo","//ru.wikipedia.org/wiki/%D0%90%D0%B1%D0%B5%D1%81%D1%81%D0%B8%D0%B2","//fi.wikipedia.org/wiki/Abessiivi","//sv.wikipedia.org/wiki/Abessiv","//vec.wikipedia.org/wiki/Abesivo","//zh.wikipedia.org/wiki/%E6%AC%A0%E6%A0%BC","//www.wikidata.org/wiki/Special:ItemByTitle/enwiki/Abessive case","//en.wikipedia.org/wiki/Wikipedia:Text_of_Creative_Commons_Attribution-ShareAlike_3.0_Unported_License","//creativecommons.org/licenses/by-sa/3.0/","//wikimediafoundation.org/wiki/Terms_of_Use","//www.wikimediafoundation.org/","//en.wikipedia.org/wiki/Wikipedia:Contact_us","//wikimediafoundation.org/wiki/Privacy_policy","/wiki/Wikipedia:About","/wiki/Wikipedia:General_disclaimer","http://en.m.wikipedia.org/wiki/Abessive_case","//wikimediafoundation.org/","//bits.wikimedia.org/images/wikimedia-button.png","//www.mediawiki.org/","//bits.wikimedia.org/static-1.21wmf11/skins/common/images/poweredby_mediawiki_88x31.png","//bits.wikimedia.org/en.wikipedia.org/load.php?debug=false&lang=en&modules=skins.vector&only=scripts&skin=vector&*","/w/index.php?title=MediaWiki:Gadget-ReferenceTooltips.js&action=raw&ctype=text/javascript&508635914","//bits.wikimedia.org/en.wikipedia.org/load.php?debug=false&lang=en&modules=site&only=scripts&skin=vector&*"],"instances":["grammar"],"pdf":[],"categories":["Grammatical cases"],"headings":["In Afro-Asiatic Languages","In Australian languages","In Caucasian languages","In Uralic languages","In Turkic Languages","See also","References","External links"],"image":["//upload.wikimedia.org/wikipedia/en/thumb/9/99/Question_book-new.svg/50px-Question_book-new.svg.png","//upload.wikimedia.org/wikipedia/en/thumb/6/6c/Wiki_letter_w.svg/23px-Wiki_letter_w.svg.png","//bits.wikimedia.org/static-1.21wmf11/skins/vector/images/search-ltr.png?303-4","//bits.wikimedia.org/images/wikimedia-button.png","//bits.wikimedia.org/static-1.21wmf11/skins/common/images/poweredby_mediawiki_88x31.png"],"tags":[["case","grammar"]],"members":["case"],"related":["Linguistics","List_of_glossing_abbreviations","Case_(grammar)","English_language","Preposition","Affix","Latin_language","Uralic_languages","Caucasian_languages","Somali_language","Syllable","Naked","Martuthunira_language","Clusivity","Finnish_language","Vowel_harmony","Partitive","Nouns","Verbal_noun","Estonian_language","Estonian_language","Tallinn","Comitative","Abessive","Verbal_noun","Abessive","Skolt_Sami","Abessive","Converb","Abessive","Inari_Sami_language","Cranberry_morpheme","Hungarian_language","Vowel_harmony","Bashkir_language","Turkish_language","Azerbaijani_language","Chuvash_language","Kyrgyz_language","Essive_case","Inessive_case"]}