{"cursor":"8392","size":15,"audio":[],"currentlang":"en","article":"\n{{Infobox Anatomy |Name = Urinary bladder |Latin = vesica urinaria |GraySubject\n= 28 |GrayPage = 1227 |Image = Urinary_system.svg |Caption = 1. Human [[urinary\nsystem]]: 2. Kidney, 3. Renal pelvis, 4. Ureter, '5'. 'Urinary bladder', 6.\nUrethra. (Left side with frontal section)\n7. Adrenal gland Vessels: 8. Renal artery and vein, 9. Inferior vena cava,\n   10. Abdominal aorta, 11. Common iliac artery and vein With transparency:\n   12. Liver, 13. Large intestine, 14. Pelvis |Image2 = Illu_bladder.jpg\n   |Caption2 = Male Bladder Makeup |Width = 300 |System = |Artery = Superior\n   vesical artery Inferior vesical artery Umbilical artery Vaginal\n   artery |Vein = Vesical venous plexus |Nerve = Vesical nervous plexus |Lymph =\n   external iliac lymph nodes, internal iliac lymph nodes |Precursor =\n   urogenital sinus |MeshName = Bladder |MeshNumber = A05.810.161 |Dorlands =\n   one/000013073 |DorlandsID = Urinary bladder\n|\n}} The 'urinary bladder' is the organ that collects urine excreted by the\nkidneys before disposal by urination. A hollow Howard A. Werman, Keith J.\nKarren. muscular, and distensible (or elastic) organ, the bladder sits\non the pelvic floor. Urine enters the bladder via the ureters and exits via\nthe urethra.\n\nBladders occur throughout much of the animal kingdom, but are very diverse in\nform and in some cases are not homologous with the urinary bladder in humans.\n\nThe human urinary bladder is derived in embryo from the urogenital sinus and, it\nis initially continuous with the allantois. In males, the base of the bladder\nlies between the rectum and the pubic symphysis. It is superior to the prostate,\nand separated from the rectum by the rectovesical excavation. In females, the\nbladder sits inferior to the uterus and anterior to the vagina; thus, its\nmaximum capacity is lower than in males. It is separated from the uterus by the\nvesicouterine excavation. In infants and young children, the urinary bladder is\nin the abdomen even when empty.\n","linknr":568,"url":"Bladder","recorded":1364159356,"links":["/w/index.php?title=Urinary_bladder&action=edit","/w/index.php?title=Urinary_bladder&action=edit","//en.wikipedia.org/apple-touch-icon.png","//bits.wikimedia.org/favicon/wikipedia.ico","/w/opensearch_desc.php","//en.wikipedia.org/w/api.php?action=rsd","//creativecommons.org/licenses/by-sa/3.0/","/w/index.php?title=Special:RecentChanges&feed=atom","/wiki/Urinary_bladder","//bits.wikimedia.org/en.wikipedia.org/load.php?debug=false&lang=en&modules=ext.gadget.DRN-wizard%2CReferenceTooltips%2Ccharinsert%2Cteahouse%7Cext.wikihiero%7Cmediawiki.legacy.commonPrint%2Cshared%7Cmw.PopUpMediaTransform%7Cskins.vector&only=styles&skin=vector&*","//bits.wikimedia.org/en.wikipedia.org/load.php?debug=false&lang=en&modules=site&only=styles&skin=vector&*","//bits.wikimedia.org/en.wikipedia.org/load.php?debug=false&lang=en&modules=startup&only=scripts&skin=vector&*","//bits.wikimedia.org/geoiplookup","//meta.wikimedia.org","/w/index.php?title=Bladder&redirect=no","#mw-head","#p-search","/wiki/Bladder_(disambiguation)","/wiki/File:Urinary_system.svg","//upload.wikimedia.org/wikipedia/commons/thumb/3/30/Urinary_system.svg/300px-Urinary_system.svg.png","/wiki/Urinary_system","/wiki/Kidney","/wiki/Renal_pelvis","/wiki/Ureter","/wiki/Urethra","/wiki/Frontal_plane#Planes","/wiki/Adrenal_gland","/wiki/Renal_artery","/wiki/Renal_vein","/wiki/Inferior_vena_cava","/wiki/Abdominal_aorta","/wiki/Common_iliac_artery","/wiki/Common_iliac_vein","/wiki/Liver","/wiki/Large_intestine","/wiki/Pelvis","/wiki/File:Illu_bladder.jpg","//upload.wikimedia.org/wikipedia/commons/thumb/5/57/Illu_bladder.jpg/300px-Illu_bladder.jpg","/wiki/Latin","/wiki/List_of_subjects_in_Gray%27s_Anatomy:28#Gray.27s_page_.231227","http://education.yahoo.com/reference/gray/subjects/subject?id=28#p1227","/wiki/Artery","/wiki/Superior_vesical_artery","/wiki/Inferior_vesical_artery","/wiki/Umbilical_artery","/wiki/Vaginal_artery","/wiki/Vein","/wiki/Vesical_venous_plexus","/wiki/Nerve","/wiki/Vesical_nervous_plexus","/wiki/Lymph","/wiki/External_iliac_lymph_nodes","/wiki/Internal_iliac_lymph_nodes","/wiki/Embryology","/wiki/Urogenital_sinus","/wiki/Medical_Subject_Headings","http://www.nlm.nih.gov/cgi/mesh/2011/MB_cgi?mode=&term=Bladder","/wiki/Elsevier","http://www.mercksource.com/pp/us/cns/cns_hl_dorlands_split.jsp?pg=/ppdocs/us/common/dorlands/dorland/one/000013073.htm","/wiki/Urine","/wiki/Kidney","/wiki/Urination","#cite_note-1","/wiki/Muscle","/wiki/Pelvic_floor","/wiki/Ureter","/wiki/Urethra","/wiki/Animal","/wiki/Wikipedia:Please_clarify","/wiki/Homology_(biology)","/wiki/Urogenital_sinus","/wiki/Allantois","/wiki/Prostate","/wiki/Rectum","/wiki/Rectovesical_excavation","/wiki/Uterus","/wiki/Vesicouterine_excavation","/wiki/Infants","/wiki/Abdomen","#cite_note-2","#Detrusor_muscle","#Fundus","#Urination_frequency","#Innervation","#Disorders","#See_also","#References","#External_links","#Additional_images","/w/index.php?title=Urinary_bladder&action=edit&section=1","/wiki/Detrusor_muscle","/wiki/Smooth_muscle","/wiki/Muscle_fibers","/wiki/Fiber_bundle","/wiki/Parasympathetic","/wiki/Detrusor_muscle","/wiki/Autonomic_nervous_system","/wiki/Sphincter","/wiki/Somatic","/wiki/Urinary_incontinence","/wiki/Rugae","#cite_note-3","/wiki/Transitional_epithelium","#cite_note-4","/w/index.php?title=Urinary_bladder&action=edit&section=2","/wiki/File:Bladder.jpg","//upload.wikimedia.org/wikipedia/commons/thumb/f/ff/Bladder.jpg/200px-Bladder.jpg","/wiki/File:Bladder.jpg","//bits.wikimedia.org/static-1.21wmf11/skins/common/images/magnify-clip.png","/wiki/Lymphatic","/wiki/External_iliac_lymph_nodes","/wiki/Peritoneum","/w/index.php?title=Urinary_bladder&action=edit&section=3","/wiki/Enlarged_prostate","/wiki/Overactive_bladder","/wiki/Wikipedia:Citation_needed","/w/index.php?title=Urinary_bladder&action=edit&section=4","#cite_note-Moore227-5","/wiki/General_visceral_afferent_fibers","#cite_note-Moore227-5","/w/index.php?title=Urinary_bladder&action=edit&section=5","/wiki/Urinary_bladder_disease","/wiki/File:Bladderdiverticulum.png","//upload.wikimedia.org/wikipedia/commons/thumb/2/2a/Bladderdiverticulum.png/220px-Bladderdiverticulum.png","/wiki/File:Bladderdiverticulum.png","//bits.wikimedia.org/static-1.21wmf11/skins/common/images/magnify-clip.png","/wiki/Diverticulum","/wiki/Bladder_cancer","/wiki/Bladder_exstrophy","/wiki/Bladder_infection","/wiki/Bladder_spasm","/wiki/Bladder_sphincter_dyssynergia","/wiki/Bladder_stone","/wiki/Cystitis","/wiki/Hematuria","/wiki/Kidney_stone","/wiki/Interstitial_Cystitis","/wiki/Overactive_bladder","/wiki/Urinary_incontinence","/wiki/Urinary_retention","/w/index.php?title=Urinary_bladder&action=edit&section=6","/wiki/Artificial_urinary_bladder","/wiki/Bladder_(disambiguation)","/wiki/Bladder_augmentation","/wiki/Neurogenic_bladder","/wiki/Ureterocele","/wiki/Urodynamics","/wiki/Uvula_of_urinary_bladder","/wiki/Vesicouretic_reflux","/w/index.php?title=Urinary_bladder&action=edit&section=7","#cite_ref-1","#cite_ref-2","/w/index.php?title=Clinically_Oriented_Anatomy&action=edit&redlink=1","#cite_ref-3","#cite_ref-4","/wiki/Digital_object_identifier","http://dx.doi.org/10.1016%2Fj.jpedsurg.2007.04.040","/wiki/PubMed_Identifier","//www.ncbi.nlm.nih.gov/pubmed/17848259","#cite_ref-Moore227_5-0","#cite_ref-Moore227_5-1","/wiki/International_Standard_Book_Number","/wiki/Special:BookSources/0-7817-6274-X","/w/index.php?title=Urinary_bladder&action=edit&section=8","//upload.wikimedia.org/wikipedia/en/thumb/4/4a/Commons-logo.svg/30px-Commons-logo.svg.png","//commons.wikimedia.org/wiki/Category:Urinary_bladder","/wiki/University_of_Kansas","http://www.kumc.edu/instruction/medicine/anatomy/histoweb/epithel/epith09.htm","/wiki/University_of_California,_Davis","http://trc.ucdavis.edu/mjguinan/apc100/modules/Urinary/mammal/bladder/bladder1.html","/wiki/University_of_Iowa","http://www.path.uiowa.edu/cgi-bin-pub/vs/fpx_gen.cgi?slide=445&viewer=java&view=0&lay=nlm","/wiki/SUNY_Downstate_Medical_Center","http://ect.downstate.edu/courseware/haonline/labs/l43/070100.htm","/wiki/SUNY_Downstate_Medical_Center","http://ect.downstate.edu/courseware/haonline/labs/l44/040103.htm","/w/index.php?title=Urinary_bladder&action=edit&section=9","/wiki/File:Illu_penis.jpg","//upload.wikimedia.org/wikipedia/commons/thumb/0/0b/Illu_penis.jpg/120px-Illu_penis.jpg","/wiki/File:Illu_repdt_female.jpg","//upload.wikimedia.org/wikipedia/commons/thumb/1/1b/Illu_repdt_female.jpg/120px-Illu_repdt_female.jpg","/wiki/File:Gray402.png","//upload.wikimedia.org/wikipedia/commons/thumb/b/b3/Gray402.png/120px-Gray402.png","/wiki/File:Gray829.png","//upload.wikimedia.org/wikipedia/commons/thumb/7/77/Gray829.png/120px-Gray829.png","/wiki/File:Gray1037.png","//upload.wikimedia.org/wikipedia/commons/thumb/1/1e/Gray1037.png/120px-Gray1037.png","/wiki/File:Gray1135.png","//upload.wikimedia.org/wikipedia/commons/thumb/0/03/Gray1135.png/120px-Gray1135.png","/wiki/File:Gray1136.png","//upload.wikimedia.org/wikipedia/commons/thumb/5/5f/Gray1136.png/118px-Gray1136.png","/wiki/File:Gray1139.png","//upload.wikimedia.org/wikipedia/commons/thumb/0/06/Gray1139.png/120px-Gray1139.png","/wiki/File:Gray1140.png","//upload.wikimedia.org/wikipedia/commons/thumb/2/28/Gray1140.png/109px-Gray1140.png","/wiki/File:Gray1141.png","//upload.wikimedia.org/wikipedia/commons/thumb/5/50/Gray1141.png/88px-Gray1141.png","/wiki/File:Gray1152.png","//upload.wikimedia.org/wikipedia/commons/thumb/2/2f/Gray1152.png/119px-Gray1152.png","/wiki/File:Gray1156.png","//upload.wikimedia.org/wikipedia/commons/thumb/6/63/Gray1156.png/120px-Gray1156.png","/wiki/File:Gray1165.png","//upload.wikimedia.org/wikipedia/commons/thumb/b/b5/Gray1165.png/120px-Gray1165.png","/wiki/File:Gray1224.png","//upload.wikimedia.org/wikipedia/commons/thumb/4/43/Gray1224.png/102px-Gray1224.png","/wiki/File:Penis.svg","//upload.wikimedia.org/wikipedia/commons/thumb/5/52/Penis.svg/120px-Penis.svg.png","/wiki/File:Urinary_bladder.JPG","//upload.wikimedia.org/wikipedia/en/thumb/4/4f/Urinary_bladder.JPG/120px-Urinary_bladder.JPG","/wiki/File:UltrasoundBPH.jpg","//upload.wikimedia.org/wikipedia/commons/thumb/e/ec/UltrasoundBPH.jpg/73px-UltrasoundBPH.jpg","/wiki/Prostate","/w/index.php?title=Medical_ultrasonography_technique&action=edit&redlink=1","/wiki/File:Slide5DDD.JPG","//upload.wikimedia.org/wikipedia/commons/thumb/b/ba/Slide5DDD.JPG/120px-Slide5DDD.JPG","/wiki/Template:System_and_organs","/wiki/Template_talk:System_and_organs","//en.wikipedia.org/w/index.php?title=Template:System_and_organs&action=edit","/wiki/Human_Anatomy","/wiki/Biological_system","/wiki/Organ_(anatomy)","/wiki/Terminologia_Anatomica","/wiki/Human_musculoskeletal_system","/wiki/Human_skeleton","/wiki/Bone","/wiki/Carpus","/wiki/Clavicle","/wiki/Femur","/wiki/Fibula","/wiki/Humerus","/wiki/Human_mandible","/wiki/Metacarpus","/wiki/Metatarsus","/wiki/Ossicles","/wiki/Patella","/wiki/Phalanges","/wiki/Radius_(bone)","/wiki/Human_skull","/wiki/Tarsus_(skeleton)","/wiki/Tibia","/wiki/Ulna","/wiki/Rib","/wiki/Human_vertebra","/wiki/Human_pelvis","/wiki/Human_sternum","/wiki/Cartilage","/wiki/Joint","/wiki/Fibrous_joint","/wiki/Cartilaginous_joint","/wiki/Synovial_joint","/wiki/Muscular_system","/wiki/Muscle","/wiki/Tendon","/wiki/Thoracic_diaphragm","/wiki/Splanchnic","/wiki/Viscus","/wiki/Thoracic_cavity","/wiki/Respiratory_system","/wiki/Upper_respiratory_tract","/wiki/Human_nose","/wiki/Nasopharynx","/wiki/Larynx","/wiki/Lower_respiratory_tract","/wiki/Vertebrate_trachea","/wiki/Bronchus","/wiki/Human_lung","/wiki/Abdominopelvic_cavity","/wiki/Digestion","/wiki/Human_mouth","/wiki/Salivary_gland","/wiki/Tongue","/wiki/Oropharynx","/wiki/Laryngopharynx","/wiki/Esophagus","/wiki/Stomach","/wiki/Small_intestine","/wiki/Vermiform_appendix","/wiki/Colon_(anatomy)","/wiki/Rectum","/wiki/Human_anus","/wiki/Accessory_digestive_gland","/wiki/Liver","/wiki/Biliary_tract","/wiki/Pancreas","/wiki/Genitourinary_system","/wiki/Urinary_system","/wiki/Kidney","/wiki/Ureter","/wiki/Urethra","/wiki/Genitourinary_system","/wiki/Reproductive_system","/wiki/Female_reproductive_system_(human)","/wiki/Uterus","/wiki/Vagina","/wiki/Vulva","/wiki/Ovary","/wiki/Placenta","/wiki/Human_male_reproductive_system","/wiki/Scrotum","/wiki/Human_penis","/wiki/Prostate","/wiki/Testicle","/wiki/Seminal_vesicle","/wiki/Endocrine_system","/wiki/Pituitary_gland","/wiki/Pineal_gland","/wiki/Thyroid","/wiki/Parathyroid_gland","/wiki/Adrenal_gland","/wiki/Islets_of_Langerhans","/wiki/Circulatory_system","/wiki/Circulatory_system","/wiki/Artery","/wiki/Vein","/wiki/Lymphatic_vessel","/wiki/Human_heart","/wiki/Lymphatic_system","/wiki/Bone_marrow","/wiki/Thymus","/wiki/Spleen","/wiki/Lymph_node","/wiki/Nervous_system","/wiki/Human_brain","/wiki/Spinal_cord","/wiki/Nerve","/wiki/Sensory_system","/wiki/Ear","/wiki/Human_eye","/wiki/Integumentary_system","/wiki/Human_skin","/wiki/Subcutaneous_tissue","/wiki/Breast","/wiki/Mammary_gland","/wiki/Blood","/wiki/Myeloid","/wiki/Immune_system","/wiki/Lymphocyte","/wiki/Immune_system","/wiki/Human_anatomy","/wiki/Template:Human_systems_and_organs","/wiki/Template:Human_regional_anatomy","/wiki/Template:Anatomical_planes_and_lines","/wiki/Template:Superficial_axial_anatomy","/wiki/Template:Superficial_anatomy_of_limbs","/wiki/Template:Urinary_system_anatomy","/wiki/Template_talk:Urinary_system_anatomy","//en.wikipedia.org/w/index.php?title=Template:Urinary_system_anatomy&action=edit","/wiki/Human_anatomy","/wiki/Urinary_system","/wiki/Terminologia_Anatomica","/wiki/Terminologia_Histologica","/wiki/List_of_subjects_in_Gray%27s_Anatomy:_XI._Splanchnology#The_urinary_organs","/wiki/Kidney","/wiki/Renal_fascia","/wiki/Renal_capsule","/wiki/Renal_cortex","/wiki/Renal_column","/wiki/Renal_medulla","/wiki/Renal_sinus","/wiki/Renal_pyramids","/wiki/Medullary_interstitium","/wiki/Renal_lobe","/wiki/Cortical_lobule","/wiki/Medullary_ray_(anatomy)","/wiki/Nephron","/wiki/Renal_circulation","/wiki/Renal_artery","/wiki/Segmental_arteries_of_kidney","/wiki/Interlobar_arteries","/wiki/Arcuate_arteries_of_the_kidney","/wiki/Interlobular_arteries","/wiki/Afferent_arterioles","/wiki/Renal_tubule","/wiki/Renal_corpuscle","/wiki/Glomerulus","/wiki/Bowman%27s_capsule","/wiki/Proximal_tubule","/wiki/Loop_of_Henle","/wiki/Descending_limb_of_loop_of_Henle","/wiki/Thin_ascending_limb_of_loop_of_Henle","/wiki/Thick_ascending_limb_of_loop_of_Henle","/wiki/Distal_convoluted_tubule","/wiki/Connecting_tubule","/wiki/Collecting_duct_system","/wiki/Renal_papilla","/wiki/Minor_calyx","/wiki/Major_calyx","/wiki/Renal_pelvis","/wiki/Renal_circulation","/wiki/Efferent_arteriole","/wiki/Peritubular_capillaries","/wiki/Vasa_recta","/wiki/Arcuate_vein","/wiki/Interlobar_veins","/wiki/Renal_vein","/wiki/Juxtaglomerular_apparatus","/wiki/Macula_densa","/wiki/Juxtaglomerular_cell","/wiki/Mesangium","/wiki/Extraglomerular_mesangial_cell","/wiki/Glomerular_basement_membrane","/wiki/Podocyte","/wiki/Filtration_slits","/wiki/Mesangium","/wiki/Intraglomerular_mesangial_cell","/wiki/Tubular_fluid","/wiki/Ureter","/wiki/Orifice_of_ureter","/wiki/Adventitia","/wiki/Muscular_layer","/wiki/Mucous_membrane","/wiki/Ureteropelvic_junction","/wiki/Apex_of_urinary_bladder","/wiki/Uvula_of_urinary_bladder","/wiki/Neck_of_urinary_bladder","/wiki/Median_umbilical_ligament","/wiki/Muscular_layer","/wiki/Trigone_of_urinary_bladder","/wiki/Detrusor_urinae_muscle","/wiki/Mucous_membrane","/wiki/Submucosa","/wiki/Urethra","/wiki/Urethral_sphincter","/wiki/External_sphincter_muscle_of_male_urethra","/wiki/External_sphincter_muscle_of_female_urethra","/wiki/Internal_sphincter_muscle_of_urethra","/wiki/Template:Medicine_navs","/wiki/Urinary_system","/wiki/Template:Urinary_system_anatomy","/wiki/Template:Renal_physiology","/wiki/Template:Development_of_urinary_and_reproductive_systems","/wiki/Template:Human_cell_types_derived_primarily_from_mesoderm","/wiki/Template:Urologic_disease","/wiki/Template:Water-electrolyte_imbalance_and_acid-base_imbalance","/wiki/Template:Congenital_malformations_of_urinary_system","/wiki/Template:Urologic_neoplasia","/wiki/Template:Urinary_system_symptoms_and_signs","/wiki/Template:Eponymous_medical_signs_for_urinary_system","/wiki/Template:Abnormal_clinical_and_laboratory_findings_for_urine","/wiki/Template:Urologic_procedures","/wiki/Template:Intravenous_therapy","/wiki/ATC_code_G","/wiki/Template:Urologicals,_including_antispasmodics","/wiki/Template:Clinical_biochemistry_blood_tests","/wiki/Template:Urine_tests","http://en.wikipedia.org/w/index.php?title=Urinary_bladder&oldid=545178853","/wiki/Help:Categories","/wiki/Category:Pelvis","/wiki/Category:Organs","/wiki/Category:Urinary_system","/wiki/Category:Wikipedia_articles_needing_clarification_from_February_2013","/wiki/Category:All_articles_with_unsourced_statements","/wiki/Category:Articles_with_unsourced_statements_from_September_2011","/wiki/Category:Commons_category_template_with_no_category_set","/w/index.php?title=Special:UserLogin&returnto=Urinary+bladder&type=signup","/w/index.php?title=Special:UserLogin&returnto=Urinary+bladder","/wiki/Urinary_bladder","/wiki/Talk:Urinary_bladder","#","/wiki/Urinary_bladder","/w/index.php?title=Urinary_bladder&action=edit","/w/index.php?title=Urinary_bladder&action=history","#","/w/index.php","//bits.wikimedia.org/static-1.21wmf11/skins/vector/images/search-ltr.png?303-4","/wiki/Main_Page","/wiki/Main_Page","/wiki/Portal:Contents","/wiki/Portal:Featured_content","/wiki/Portal:Current_events","/wiki/Special:Random","//donate.wikimedia.org/wiki/Special:FundraiserRedirector?utm_source=donate&utm_medium=sidebar&utm_campaign=C13_en.wikipedia.org&uselang=en","/wiki/Help:Contents","/wiki/Wikipedia:About","/wiki/Wikipedia:Community_portal","/wiki/Special:RecentChanges","/wiki/Wikipedia:Contact_us","/wiki/Special:WhatLinksHere/Urinary_bladder","/wiki/Special:RecentChangesLinked/Urinary_bladder","/wiki/Wikipedia:File_Upload_Wizard","/wiki/Special:SpecialPages","/w/index.php?title=Urinary_bladder&oldid=545178853","/w/index.php?title=Urinary_bladder&action=info","/w/index.php?title=Special:Cite&page=Urinary_bladder&id=545178853","/w/index.php?title=Special:Book&bookcmd=book_creator&referer=Urinary+bladder","/w/index.php?title=Special:Book&bookcmd=render_article&arttitle=Urinary+bladder&oldid=545178853&writer=rl","/w/index.php?title=Urinary_bladder&printable=yes","//ar.wikipedia.org/wiki/%D9%85%D8%AB%D8%A7%D9%86%D8%A9","//an.wikipedia.org/wiki/Vuixiga","//arc.wikipedia.org/wiki/%DC%AB%DC%A0%DC%A6%DC%98%DC%9A%DC%AC%DC%90","//ay.wikipedia.org/wiki/Yaq%27allachi","//az.wikipedia.org/wiki/Sidiklik","//be.wikipedia.org/wiki/%D0%9C%D0%B0%D1%87%D0%B0%D0%B2%D1%8B_%D0%BF%D1%83%D0%B7%D1%8B%D1%80","//be-x-old.wikipedia.org/wiki/%D0%9C%D0%B0%D1%87%D0%B0%D0%B2%D1%96%D0%BA","//bg.wikipedia.org/wiki/%D0%9F%D0%B8%D0%BA%D0%BE%D1%87%D0%B5%D0%BD_%D0%BC%D0%B5%D1%85%D1%83%D1%80","//bs.wikipedia.org/wiki/Mokra%C4%87na_be%C5%A1ika","//br.wikipedia.org/wiki/C%27hwezigell_(korfadurezh)","//ca.wikipedia.org/wiki/Bufeta_urin%C3%A0ria","//cv.wikipedia.org/wiki/%D0%A8%C4%83%D0%BA_%D1%85%C4%83%D0%BC%D0%BF%D0%B8","//cs.wikipedia.org/wiki/Mo%C4%8Dov%C3%BD_m%C4%9Bch%C3%BD%C5%99","//cy.wikipedia.org/wiki/Pledren","//da.wikipedia.org/wiki/Urinbl%C3%A6re","//de.wikipedia.org/wiki/Harnblase","//dv.wikipedia.org/wiki/%DE%89%DE%A6%DE%90%DE%A7%DE%82%DE%A7","//es.wikipedia.org/wiki/Vejiga_urinaria","//eo.wikipedia.org/wiki/Urina_veziko","//eu.wikipedia.org/wiki/Puxika","//fa.wikipedia.org/wiki/%D9%85%D8%AB%D8%A7%D9%86%D9%87","//fr.wikipedia.org/wiki/Vessie","//ga.wikipedia.org/wiki/Lamhn%C3%A1n","//gd.wikipedia.org/wiki/Aotraman","//gl.wikipedia.org/wiki/Vexiga_urinaria","//ko.wikipedia.org/wiki/%EB%B0%A9%EA%B4%91","//hi.wikipedia.org/wiki/%E0%A4%AE%E0%A5%82%E0%A4%A4%E0%A5%8D%E0%A4%B0%E0%A4%BE%E0%A4%B6%E0%A4%AF","//hr.wikipedia.org/wiki/Mokra%C4%87ni_mjehur","//io.wikipedia.org/wiki/Veziko","//id.wikipedia.org/wiki/Kandung_kemih","//it.wikipedia.org/wiki/Vescica_urinaria","//he.wikipedia.org/wiki/%D7%A9%D7%9C%D7%A4%D7%95%D7%97%D7%99%D7%AA_%D7%94%D7%A9%D7%AA%D7%9F","//jv.wikipedia.org/wiki/Kandhung_kemih","//kn.wikipedia.org/wiki/%E0%B2%AE%E0%B3%82%E0%B2%A4%E0%B3%8D%E0%B2%B0%E0%B2%95%E0%B3%8B%E0%B2%B6","//kk.wikipedia.org/wiki/%D2%9A%D1%83%D1%8B%D2%9B","//ht.wikipedia.org/wiki/Blad_pipi","//ky.wikipedia.org/wiki/%D0%A2%D0%B0%D0%B1%D0%B0%D1%80%D1%81%D1%8B%D0%BA","//la.wikipedia.org/wiki/Vesica","//lv.wikipedia.org/wiki/Ur%C4%ABnp%C5%ABslis","//lt.wikipedia.org/wiki/%C5%A0lapimo_p%C5%ABsl%C4%97","//hu.wikipedia.org/wiki/H%C3%BAgyh%C3%B3lyag","//ms.wikipedia.org/wiki/Pundi_kencing","//nl.wikipedia.org/wiki/Urineblaas","//ja.wikipedia.org/wiki/%E8%86%80%E8%83%B1","//no.wikipedia.org/wiki/Urinbl%C3%A6re","//pl.wikipedia.org/wiki/P%C4%99cherz_moczowy","//pt.wikipedia.org/wiki/Bexiga","//ro.wikipedia.org/wiki/Vezic%C4%83_urinar%C4%83","//qu.wikipedia.org/wiki/Ispay_puru","//ru.wikipedia.org/wiki/%D0%9C%D0%BE%D1%87%D0%B5%D0%B2%D0%BE%D0%B9_%D0%BF%D1%83%D0%B7%D1%8B%D1%80%D1%8C","//simple.wikipedia.org/wiki/Bladder","//sk.wikipedia.org/wiki/Mo%C4%8Dov%C3%BD_mech%C3%BAr","//sl.wikipedia.org/wiki/Se%C4%8Dni_mehur","//sr.wikipedia.org/wiki/%D0%9C%D0%BE%D0%BA%D1%80%D0%B0%D1%9B%D0%BD%D0%B0_%D0%B1%D0%B5%D1%88%D0%B8%D0%BA%D0%B0","//sh.wikipedia.org/wiki/Mokra%C4%87na_be%C5%A1ika","//fi.wikipedia.org/wiki/Virtsarakko","//sv.wikipedia.org/wiki/Urinbl%C3%A5san","//tl.wikipedia.org/wiki/Pantog","//te.wikipedia.org/wiki/%E0%B0%AE%E0%B1%82%E0%B0%A4%E0%B1%8D%E0%B0%B0%E0%B0%BE%E0%B0%B6%E0%B0%AF%E0%B0%82","//th.wikipedia.org/wiki/%E0%B8%81%E0%B8%A3%E0%B8%B0%E0%B9%80%E0%B8%9E%E0%B8%B2%E0%B8%B0%E0%B8%9B%E0%B8%B1%E0%B8%AA%E0%B8%AA%E0%B8%B2%E0%B8%A7%E0%B8%B0","//tr.wikipedia.org/wiki/%C4%B0drar_kesesi","//uk.wikipedia.org/wiki/%D0%A1%D0%B5%D1%87%D0%BE%D0%B2%D0%B8%D0%B9_%D0%BC%D1%96%D1%85%D1%83%D1%80","//ug.wikipedia.org/wiki/%D8%AF%D9%88%DB%8B%D8%B3%D8%A7%D9%82","//yi.wikipedia.org/wiki/%D7%90%D7%95%D7%A8%D7%99%D7%A0%D7%99%D7%A8_%D7%A4%D7%A2%D7%A0%D7%9B%D7%A2%D7%A8","//zh.wikipedia.org/wiki/%E8%86%80%E8%83%B1","//www.wikidata.org/wiki/Special:ItemByTitle/enwiki/Urinary bladder","//en.wikipedia.org/wiki/Wikipedia:Text_of_Creative_Commons_Attribution-ShareAlike_3.0_Unported_License","//creativecommons.org/licenses/by-sa/3.0/","//wikimediafoundation.org/wiki/Terms_of_Use","//www.wikimediafoundation.org/","//en.wikipedia.org/wiki/Wikipedia:Contact_us","//wikimediafoundation.org/wiki/Privacy_policy","/wiki/Wikipedia:About","/wiki/Wikipedia:General_disclaimer","http://en.m.wikipedia.org/wiki/Urinary_bladder","//wikimediafoundation.org/","//bits.wikimedia.org/images/wikimedia-button.png","//www.mediawiki.org/","//bits.wikimedia.org/static-1.21wmf11/skins/common/images/poweredby_mediawiki_88x31.png","//bits.wikimedia.org/en.wikipedia.org/load.php?debug=false&lang=en&modules=skins.vector&only=scripts&skin=vector&*","/w/index.php?title=MediaWiki:Gadget-ReferenceTooltips.js&action=raw&ctype=text/javascript&508635914","//bits.wikimedia.org/en.wikipedia.org/load.php?debug=false&lang=en&modules=site&only=scripts&skin=vector&*"],"instances":["biology","disambiguation"],"pdf":[],"categories":["Pelvis","Organs","Urinary system"],"headings":["Detrusor muscle","Fundus","Urination frequency","Innervation","Disorders","See also","References","External links","Additional images"],"image":["//upload.wikimedia.org/wikipedia/commons/thumb/3/30/Urinary_system.svg/300px-Urinary_system.svg.png","//upload.wikimedia.org/wikipedia/commons/thumb/5/57/Illu_bladder.jpg/300px-Illu_bladder.jpg","//upload.wikimedia.org/wikipedia/commons/thumb/f/ff/Bladder.jpg/200px-Bladder.jpg","//bits.wikimedia.org/static-1.21wmf11/skins/common/images/magnify-clip.png","//upload.wikimedia.org/wikipedia/commons/thumb/2/2a/Bladderdiverticulum.png/220px-Bladderdiverticulum.png","//bits.wikimedia.org/static-1.21wmf11/skins/common/images/magnify-clip.png","//upload.wikimedia.org/wikipedia/en/thumb/4/4a/Commons-logo.svg/30px-Commons-logo.svg.png","//upload.wikimedia.org/wikipedia/commons/thumb/0/0b/Illu_penis.jpg/120px-Illu_penis.jpg","//upload.wikimedia.org/wikipedia/commons/thumb/1/1b/Illu_repdt_female.jpg/120px-Illu_repdt_female.jpg","//upload.wikimedia.org/wikipedia/commons/thumb/b/b3/Gray402.png/120px-Gray402.png","//upload.wikimedia.org/wikipedia/commons/thumb/7/77/Gray829.png/120px-Gray829.png","//upload.wikimedia.org/wikipedia/commons/thumb/1/1e/Gray1037.png/120px-Gray1037.png","//upload.wikimedia.org/wikipedia/commons/thumb/0/03/Gray1135.png/120px-Gray1135.png","//upload.wikimedia.org/wikipedia/commons/thumb/5/5f/Gray1136.png/118px-Gray1136.png","//upload.wikimedia.org/wikipedia/commons/thumb/0/06/Gray1139.png/120px-Gray1139.png","//upload.wikimedia.org/wikipedia/commons/thumb/2/28/Gray1140.png/109px-Gray1140.png","//upload.wikimedia.org/wikipedia/commons/thumb/5/50/Gray1141.png/88px-Gray1141.png","//upload.wikimedia.org/wikipedia/commons/thumb/2/2f/Gray1152.png/119px-Gray1152.png","//upload.wikimedia.org/wikipedia/commons/thumb/6/63/Gray1156.png/120px-Gray1156.png","//upload.wikimedia.org/wikipedia/commons/thumb/b/b5/Gray1165.png/120px-Gray1165.png","//upload.wikimedia.org/wikipedia/commons/thumb/4/43/Gray1224.png/102px-Gray1224.png","//upload.wikimedia.org/wikipedia/commons/thumb/5/52/Penis.svg/120px-Penis.svg.png","//upload.wikimedia.org/wikipedia/en/thumb/4/4f/Urinary_bladder.JPG/120px-Urinary_bladder.JPG","//upload.wikimedia.org/wikipedia/commons/thumb/e/ec/UltrasoundBPH.jpg/73px-UltrasoundBPH.jpg","//upload.wikimedia.org/wikipedia/commons/thumb/b/ba/Slide5DDD.JPG/120px-Slide5DDD.JPG","//bits.wikimedia.org/static-1.21wmf11/skins/vector/images/search-ltr.png?303-4","//bits.wikimedia.org/images/wikimedia-button.png","//bits.wikimedia.org/static-1.21wmf11/skins/common/images/poweredby_mediawiki_88x31.png"],"tags":[["homology","biology"],["bladder","disambiguation"]],"members":["homology","bladder"],"related":["Kidney","Renal_pelvis","Ureter","Urethra","Adrenal_gland","Renal_artery","Renal_vein","Inferior_vena_cava","Abdominal_aorta","Common_iliac_artery","Common_iliac_vein","Liver","Large_intestine","Pelvis","Superior_vesical_artery","Inferior_vesical_artery","Umbilical_artery","Vaginal_artery","Vesical_venous_plexus","Vesical_nervous_plexus","External_iliac_lymph_nodes","Internal_iliac_lymph_nodes","Urogenital_sinus","Urine","Kidney","Urination","Muscle","Pelvic_floor","Ureter","Urethra","Animal","Homology_(biology)","Urogenital_sinus","Allantois","Prostate","Rectum","Rectovesical_excavation","Uterus","Vesicouterine_excavation","Infants","Abdomen","Detrusor_muscle","Smooth_muscle","Muscle_fibers","Fiber_bundle","Parasympathetic","Detrusor_muscle","Autonomic_nervous_system","Sphincter","Somatic","Urinary_incontinence","Rugae","Transitional_epithelium","Lymphatic","External_iliac_lymph_nodes","Peritoneum","Enlarged_prostate","Overactive_bladder","General_visceral_afferent_fibers","Bladder_cancer","Bladder_exstrophy","Bladder_infection","Bladder_spasm","Bladder_sphincter_dyssynergia","Bladder_stone","Cystitis","Hematuria","Kidney_stone","Interstitial_Cystitis","Overactive_bladder","Urinary_incontinence","Urinary_retention","Artificial_urinary_bladder","Bladder_(disambiguation)","Bladder_augmentation","Neurogenic_bladder","Ureterocele","Urodynamics","Uvula_of_urinary_bladder","Vesicouretic_reflux","Prostate","Medical_ultrasonography_technique"]}