{"cursor":"32855","size":15,"audio":[],"currentlang":"en","article":"In electronics, a 'Schmitt trigger' is a circuit with positive feedback and a\nloop gain greater than 1. The circuit is named a \"trigger\" because the output\nretains its value until the input changes sufficiently to trigger a change. In\nthe non-inverting configuration, when the input is higher than a certain chosen\nthreshold, the output is high. When the input is below a different (lower)\nchosen threshold, the output is low, and when the input is between the two\nlevels, the output retains its value. This dual threshold action is called\n[[hysteresis]] and implies that the Schmitt trigger possesses memory and can act\nas a bistable circuit (latch or flip-flop). There is a close relation between\nthe two kinds of circuits: a Schmitt trigger can be converted into a latch and a\nlatch can be converted into a Schmitt trigger.\n\nSchmitt trigger devices are typically used in signal conditioning applications\nto remove noise from signals used in digital circuits, and closed loop negative\nfeedback configurations to implement bistable regulators, triangle/square wave\ngenerators, etc.\n","linknr":326,"url":"Schmitt_trigger","recorded":1362508901,"links":49,"instances":["logic_gate","kcl","electronics","physics"],"pdf":["http://www.otto-schmitt.org/Otto_Images/PavekOHSbio.pdf","http://www.ee.nmt.edu/~elosery/fall_2008/ee231L/lab6.pdf","http://www.datasheetcatalog.org/datasheets/400/334439_DS.pdf","http://www.fairchildsemi.com/ds/QS/QSE158.pdf"],"categories":["Digital electronics","Electronic circuits"],"headings":["Invention","Implementation","Applications","See also","Notes","References","External links"],"image":["//upload.wikimedia.org/wikipedia/commons/thumb/a/a9/Smitt_hysteresis_graph.svg/250px-Smitt_hysteresis_graph.svg.png","//bits.wikimedia.org/static-1.21wmf10/skins/common/images/magnify-clip.png","//upload.wikimedia.org/wikipedia/commons/thumb/e/ed/Ideal_feedback_model.svg/300px-Ideal_feedback_model.svg.png","//bits.wikimedia.org/static-1.21wmf10/skins/common/images/magnify-clip.png","//upload.wikimedia.org/wikipedia/commons/thumb/2/28/Schmitt_trigger_symbol.svg/200px-Schmitt_trigger_symbol.svg.png","//bits.wikimedia.org/static-1.21wmf10/skins/common/images/magnify-clip.png","//upload.wikimedia.org/wikipedia/commons/thumb/4/42/Schmitt_trigger_with_transistors.svg/327px-Schmitt_trigger_with_transistors.svg.png","//bits.wikimedia.org/static-1.21wmf10/skins/common/images/magnify-clip.png","//upload.wikimedia.org/math/f/1/7/f17e301d1d2be7b53d6802206803f3b8.png","//upload.wikimedia.org/math/f/f/0/ff0c32e70cdd89fb75ab8a1b8ede7a5f.png","//upload.wikimedia.org/wikipedia/commons/thumb/d/dd/Schmitt_trigger_inverted_symbol.svg/200px-Schmitt_trigger_inverted_symbol.svg.png","//bits.wikimedia.org/static-1.21wmf10/skins/common/images/magnify-clip.png","//upload.wikimedia.org/wikipedia/commons/thumb/3/3f/Schmitt_parallel.svg/200px-Schmitt_parallel.svg.png","//bits.wikimedia.org/static-1.21wmf10/skins/common/images/magnify-clip.png","//upload.wikimedia.org/wikipedia/commons/thumb/6/64/Op-Amp_Schmitt_Trigger.svg/300px-Op-Amp_Schmitt_Trigger.svg.png","//bits.wikimedia.org/static-1.21wmf10/skins/common/images/magnify-clip.png","//upload.wikimedia.org/wikipedia/commons/thumb/a/aa/Hysteresis_sharp_curve.svg/200px-Hysteresis_sharp_curve.svg.png","//bits.wikimedia.org/static-1.21wmf10/skins/common/images/magnify-clip.png","//upload.wikimedia.org/math/f/d/c/fdcae3edb2ecfa0af199ee4e29c5289f.png","//upload.wikimedia.org/math/d/2/6/d2635b49e18637dcf8b98602041259bf.png","//upload.wikimedia.org/math/c/6/1/c618d9273b9554e7ca0936925e42e814.png","//upload.wikimedia.org/math/c/e/a/cea6676f1632aa7fd427c5439d5ab270.png","//upload.wikimedia.org/math/9/6/b/96b8fd5be5efeb81443c9e090b937c5a.png","//upload.wikimedia.org/math/2/7/5/2755ea44b0c6e6501af8b52ff2a917d0.png","//upload.wikimedia.org/math/6/5/2/652518530e75f452e5140b87d0d3db83.png","//upload.wikimedia.org/wikipedia/commons/thumb/5/5d/Opampschmitt_realistic_xcircuit.svg/350px-Opampschmitt_realistic_xcircuit.svg.png","//bits.wikimedia.org/static-1.21wmf10/skins/common/images/magnify-clip.png","//upload.wikimedia.org/wikipedia/commons/thumb/2/26/Op-Amp_Inverting_Schmitt_Trigger.svg/300px-Op-Amp_Inverting_Schmitt_Trigger.svg.png","//bits.wikimedia.org/static-1.21wmf10/skins/common/images/magnify-clip.png","//upload.wikimedia.org/math/8/4/f/84f964a4860d62eff35907fe85865ae8.png","//upload.wikimedia.org/math/c/6/1/c618d9273b9554e7ca0936925e42e814.png","//upload.wikimedia.org/math/b/6/2/b6265ab5ecae2b7a5167d28e17cc1bb6.png","//upload.wikimedia.org/math/7/f/d/7fd341c6b1cd00bf630f57c44877a35c.png","//upload.wikimedia.org/wikipedia/commons/thumb/3/31/Opamprelaxationoscillator.svg/350px-Opamprelaxationoscillator.svg.png","//bits.wikimedia.org/static-1.21wmf10/skins/common/images/magnify-clip.png","//upload.wikimedia.org/wikipedia/commons/thumb/1/15/OpAmpHystereticOscillator.svg/300px-OpAmpHystereticOscillator.svg.png","//bits.wikimedia.org/static-1.21wmf10/skins/common/images/magnify-clip.png","//upload.wikimedia.org/wikipedia/en/thumb/4/4a/Commons-logo.svg/30px-Commons-logo.svg.png","//bits.wikimedia.org/static-1.21wmf10/skins/vector/images/search-ltr.png?303-4","//bits.wikimedia.org/images/wikimedia-button.png","//bits.wikimedia.org/static-1.21wmf10/skins/common/images/poweredby_mediawiki_88x31.png"],"tags":[["latch","electronics#basic_bistable_circuit"],["latch","electronics"],["kirchhoff's_circuit_laws#kirchhoff's_current_law","kcl"],["inverter","logic_gate"],["latch","electronics#basic_bistable_circuit"],["clipper","electronics"],["flip-flop","electronics#basic_bistable_circuit"],["noise","physics"]],"members":["inverter","clipper","latch","noise"],"related":["Electronics","Loop_gain","Memory","Latch_(electronics)","Signal_conditioning","Feedback","Negative_feedback","Relaxation_oscillator","United_States","Otto_H._Schmitt","Squid","KVL","Negative_resistance","Negative_impedance_converter","Tunnel_diode","555_timer","Buffer_amplifier","Logic_gate","Voltage_divider","Comparator","Differential_input","Common_collector","Differential_amplifier","Buffer_amplifier","Inverter_(logic_gate)","Operational_amplifier","Comparator","Clipper_(electronics)","Diode","Zener_diode","Double-anode_Zener_diode","Open-loop_gain","Sign_function","Hysteresis","Resistor","Superposition_theorem","Open-circuit_voltage","Negative_feedback_amplifier","Zener_diode","Double-anode_Zener_diode","PSRR","KVL","Resistor","Short_circuit","Feedback","Function_generator","Noise_(physics)","Fairchild_Semiconductor","Fairchild_Semiconductor","Linear_amplifier","Infrared","Photodiode","Low-pass_filter","Debouncing","7400_series","4000_series","Comparator","Relaxation_oscillator","Bistable_multivibrator","Relaxation_oscillator","Square_wave","Frequency","Integrated_circuit","4000_series","CMOS","Hysteresis","Positive_feedback","Threshold_detector_with_hysteresis","Comparator"]}