{"cursor":"43565","size":15,"audio":[],"currentlang":"en","article":"\n{{Infobox mountain range |name = Andes |native_name = Quechua: Anti(s/kuna)\n|other_name = |other_name1 = |photo = Aerial photo of the Andes.jpg |photo_size\n= 250 |photo_caption = Aerial photo of a portion of the Andes between Argentina\nand Chile |country = Argentina |country1 = Bolivia |country2 = Chile |country3 =\nColombia |country4 = Ecuador |country5 = Peru |country6 = Venezuela\n|country_flag = 1 |state = |state1 = |region = |region1 = |district = |district1\n= |city = BogotÃ¡ |city1 = Santiago |city2 = MedellÃ­n |city3\n= La Paz |city4 = Cali |city5 = Quito |city6 = Pasto\n|city7 = MÃ©rida |city8 = Arequipa |city9 = Mendoza |city10\n= Cuenca |city11 = Cochabamba |city12 = Pereira |city13 =\nIbaguÃ© |city14 = Salta |city15 = Manizales |city16 = CÃºcuta |city17 = Huancayo |city18 = Cusco |city19 = Bucaramanga |city20 = Sucre |unit = |unit1 = |border = |border1 =\n|geology = |geology1 = |period = |period1 = |orogeny = |orogeny1 = |area_km2 =\n|length_km = 7000 |length_orientation = |width_km = 500 |width_orientation =\n|highest = Aconcagua |highest_location = Las Heras Department, Mendoza,\nArgentina |elevation_m = 6962 |lat_d = 32 |lat_m = 39 |lat_s = 10 |lat_NS = S\n|long_d = 70 |long_m = 0 |long_s = 40 |long_EW = W |coord_type = |lowest =\n|lowest_location = |lowest_country = |lowest_state = |lowest_region =\n|lowest_district = |lowest_elevation = |lowest_lat_d = |lowest_lat_m =\n|lowest_lat_s = |lowest_lat_NS = |lowest_long_d = |lowest_long_m =\n|lowest_long_s = |lowest_long_EW = |free_type = |free = |map = Andes 70.30345W\n42.99203S.jpg |map_size = 190 |map_caption = Composite satellite image of the\nsouthern Andes |map_first = }} The 'Andes' is the longest continental mountain\nrange in the world. It is a continual range of highlands along the western coast\nof South America. This range is about long, about to wide (widest between 18Â°\nsouth and 20Â° south latitude), and of an average height of about . The Andes\nextend from north to south through seven South American countries: Argentina,\nBolivia, Chile, Colombia, Ecuador, Peru, and Venezuela.\n\nAlong its length, the Andes is split into several ranges, which are separated by\nintermediate depressions. The Andes is the location of several high plateaux â\nsome of which host major cities such as Quito, BogotÃ¡, Arequipa, MedellÃ­n,\nSucre, and La Paz. The Altiplano plateau is the world's second-highest plateau\nfollowing the Tibetan plateau.\n\nThe Andes range is the world's highest mountain range outside of Asia. The\nhighest peak, Mount Aconcagua, rises to an elevation of about above sea level.\nThe peak of Chimborazo in the Ecuadorean Andes is farther from Earth's center\nthan any other location on Earth's surface, due to the equatorial bulge\nresulting from Earth's rotation. The world's highest volcanoes are in the Andes,\nincluding Ojos del Salado on the Chile-Argentina border which rises to 6,893 m\n(22,615 ft). Over fifty other Andean volcanoes also rise above 6,000 m\n(19,685 ft).\n\n (Argentina).]]\n","linknr":1061,"url":"Andes","recorded":1363499860,"links":["/w/index.php?title=Andes&action=edit","/w/index.php?title=Andes&action=edit","//en.wikipedia.org/apple-touch-icon.png","//bits.wikimedia.org/favicon/wikipedia.ico","/w/opensearch_desc.php","//en.wikipedia.org/w/api.php?action=rsd","//creativecommons.org/licenses/by-sa/3.0/","/w/index.php?title=Special:RecentChanges&feed=atom","//bits.wikimedia.org/en.wikipedia.org/load.php?debug=false&lang=en&modules=ext.gadget.DRN-wizard%2CReferenceTooltips%2Ccharinsert%2Cteahouse%7Cext.wikihiero%7Cmediawiki.legacy.commonPrint%2Cshared%7Cmw.PopUpMediaTransform%7Cskins.vector&only=styles&skin=vector&*","//bits.wikimedia.org/en.wikipedia.org/load.php?debug=false&lang=en&modules=site&only=styles&skin=vector&*","//bits.wikimedia.org/en.wikipedia.org/load.php?debug=false&lang=en&modules=startup&only=scripts&skin=vector&*","//bits.wikimedia.org/geoiplookup","//meta.wikimedia.org","#mw-head","#p-search","/wiki/Andes_(disambiguation)","/wiki/File:Aerial_photo_of_the_Andes.jpg","//upload.wikimedia.org/wikipedia/commons/thumb/2/2f/Aerial_photo_of_the_Andes.jpg/250px-Aerial_photo_of_the_Andes.jpg","/wiki/Argentina","/wiki/Chile","/wiki/Aconcagua","/wiki/Las_Heras_Department","/wiki/Mendoza_Province","/wiki/Argentina","/wiki/Summit_(topography)","/wiki/Geographic_coordinate_system","http://toolserver.org/~geohack/geohack.php?pagename=Andes&params=32_39_10_S_70_0_40_W_type:mountain_dim:3500km_","/wiki/Geographic_coordinate_system","http://toolserver.org/~geohack/geohack.php?pagename=Andes&params=32_39_10_S_70_0_40_W_type:mountain_dim:3500km_","/wiki/Quechua_languages","/wiki/Anti_Suyu","/wiki/File:Andes_70.30345W_42.99203S.jpg","//upload.wikimedia.org/wikipedia/commons/thumb/2/2d/Andes_70.30345W_42.99203S.jpg/190px-Andes_70.30345W_42.99203S.jpg","/wiki/Bogot%C3%A1","/wiki/Santiago,_Chile","/wiki/Medell%C3%ADn","/wiki/La_Paz,_Bolivia","/wiki/Santiago_de_Cali","/wiki/Quito","/wiki/Pasto","/wiki/M%C3%A9rida,_M%C3%A9rida","/wiki/Arequipa","/wiki/Mendoza,_Argentina","/wiki/Cuenca,_Ecuador","/wiki/Cochabamba","/wiki/Pereira,_Colombia","/wiki/Ibagu%C3%A9","/wiki/Salta","/wiki/Manizales","/wiki/C%C3%BAcuta","/wiki/Huancayo","/wiki/Cusco","/wiki/List_of_mountain_ranges#By_length","/wiki/Continental_crust","/wiki/Mountain_range","/wiki/South_America","/wiki/18th_parallel_south","/wiki/20th_parallel_south","/wiki/Latitude","/wiki/Argentina","/wiki/Bolivia","/wiki/Chile","/wiki/Colombia","/wiki/Ecuador","/wiki/Peru","/wiki/Venezuela","/wiki/Depression_(geology)","/wiki/Plateau","/wiki/City","/wiki/Quito","/wiki/Bogot%C3%A1","/wiki/Arequipa","/wiki/Medell%C3%ADn","/wiki/Sucre","/wiki/La_Paz","/wiki/Altiplano","/wiki/Tibetan_plateau","/wiki/Aconcagua","/wiki/Sea_level","/wiki/Summit_(topography)","/wiki/Chimborazo_(volcano)","/wiki/Equatorial_bulge","/wiki/Earth%27s_rotation","/wiki/Volcano","/wiki/Ojos_del_Salado","/wiki/File:Cono_de_Arita,_Salta._(Argentina).jpg","//upload.wikimedia.org/wikipedia/commons/thumb/2/23/Cono_de_Arita%2C_Salta._%28Argentina%29.jpg/220px-Cono_de_Arita%2C_Salta._%28Argentina%29.jpg","/wiki/File:Cono_de_Arita,_Salta._(Argentina).jpg","//bits.wikimedia.org/static-1.21wmf11/skins/common/images/magnify-clip.png","/wiki/Salta","/wiki/Argentina","/wiki/File:Aconcagua_(aerial).jpg","//upload.wikimedia.org/wikipedia/commons/thumb/6/6f/Aconcagua_%28aerial%29.jpg/220px-Aconcagua_%28aerial%29.jpg","/wiki/File:Aconcagua_(aerial).jpg","//bits.wikimedia.org/static-1.21wmf11/skins/common/images/magnify-clip.png","#Name","#Geography","#Geology","#Orogeny","#Volcanism","#Ore_deposits_and_evaporites","#Climate_and_hydrology","#Flora","#Fauna","#Human_activity","#Transportation","#Agriculture","#Mining","#Peaks","#Argentina","#Border_between_Argentina_and_Chile","#Bolivia","#Border_between_Bolivia_and_Chile","#Chile","#Colombia","#Ecuador","#Peru","#Venezuela","#See_also","#Notes","#References","#External_links","/w/index.php?title=Andes&action=edit&section=1","/wiki/Quechua_languages","/wiki/Anti_Suyu","/wiki/Inca_empire","/wiki/Spanish_language","/wiki/Terrace_(agriculture)","/w/index.php?title=Andes&action=edit&section=2","/wiki/Llullaillaco","/wiki/Pasto","/wiki/Sierra_Nevada_de_Santa_Marta","#cite_note-andesmap-1","/wiki/Aruba","/wiki/Bonaire","/wiki/Cura%C3%A7ao","/wiki/Caribbean_Sea","#cite_note-2","/w/index.php?title=Andes&action=edit&section=3","/wiki/Geology_of_the_Andes","/wiki/File:Cuernos_del_Paine_from_Lake_Peho%C3%A9.jpg","//upload.wikimedia.org/wikipedia/commons/thumb/4/49/Cuernos_del_Paine_from_Lake_Peho%C3%A9.jpg/190px-Cuernos_del_Paine_from_Lake_Peho%C3%A9.jpg","/w/index.php?title=Pampean_orogeny&action=edit&redlink=1","/w/index.php?title=Famatinian_orogeny&action=edit&redlink=1","/w/index.php?title=Gondwanide_orogeny&action=edit&redlink=1","/wiki/Andean_orogeny","/w/index.php?title=Central_Andean_fold_and_thrust_belt&action=edit&redlink=1","/w/index.php?title=Patagonian_fold_and_thrust_belt&action=edit&redlink=1","/w/index.php?title=Peruvian_Coastal_Batholith&action=edit&redlink=1","/w/index.php?title=North_Patagonian_Batholith&action=edit&redlink=1","/w/index.php?title=South_Patagonian_Batholith&action=edit&redlink=1","/wiki/Antarctic_Plate","/wiki/Carnegie_Ridge","/wiki/Chile_Rise","/wiki/Farallon_Plate","/wiki/Juan_Fern%C3%A1ndez_Ridge","/wiki/Nazca_Plate","/wiki/Nazca_Ridge","/w/index.php?title=Gastre_Fault&action=edit&redlink=1","/wiki/Liqui%C3%B1e-Ofqui_Fault","/wiki/Magallanes-Fagnano_Fault","/wiki/Andean_Volcanic_Belt","/wiki/Northern_Volcanic_Zone","/wiki/Peruvian_flat-slab_segment","/wiki/Central_Volcanic_Zone","/wiki/Pampean_flat-slab_segment","/wiki/Southern_Volcanic_Zone","/wiki/Patagonian_Volcanic_Gap","/wiki/Austral_Volcanic_Zone","/wiki/Arequipa-Antofalla_Terrane","/wiki/Chilenia","/wiki/Chilo%C3%A9_Block","/wiki/Cuyania","/wiki/Iapetus_Ocean","/w/index.php?title=Madre_de_Dios_Terrane&action=edit&redlink=1","/wiki/Mejillonia","/wiki/Pampia","/wiki/Template:Geology_of_the_Andes","/w/index.php?title=Template_talk:Geology_of_the_Andes&action=edit&redlink=1","//en.wikipedia.org/w/index.php?title=Template:Geology_of_the_Andes&action=edit","/wiki/File:Wiki_letter_w_cropped.svg","//upload.wikimedia.org/wikipedia/commons/thumb/1/1c/Wiki_letter_w_cropped.svg/20px-Wiki_letter_w_cropped.svg.png","//en.wikipedia.org/w/index.php?title=Andes&action=edit","/wiki/Mesozoic","/wiki/Tertiary","/wiki/Orogenic","/wiki/Pacific_Ring_of_Fire","/wiki/Volcanic_activity","/wiki/Asia-Pacific","/wiki/Plate_tectonics","/wiki/Subduction","/wiki/Oceanic_crust","/wiki/South_American_plate","/wiki/South_American_Plate","/wiki/Nazca_Plate","/wiki/Antarctic_Plate","/wiki/Sedimentary_basin","/wiki/Orinoco","/wiki/Amazon_Basin","/wiki/Madre_de_Dios_River","/wiki/Gran_Chaco","/wiki/Craton","/wiki/Patagonia#Geology","/wiki/Pacific_Ocean","/wiki/Peru-Chile_trench","/w/index.php?title=Andes&action=edit&section=4","/wiki/South_American_Plate","/wiki/Orogeny","/wiki/Proterozoic","/wiki/Paleozoic","/wiki/Terrane","/wiki/Microcontinent","/wiki/Craton","/wiki/South_American_Plate","/wiki/Gondwana","/wiki/Triassic","/wiki/Rift","/wiki/Jurassic","/wiki/Cretaceous","/wiki/Tectonic_uplift","/wiki/Fault_(geology)","/wiki/Fold_(geology)","/wiki/Sedimentary_rock","/wiki/Metamorphic_rock","/wiki/Erosion","/wiki/Subduction_zone","/wiki/Nazca_Plate","/wiki/Antarctic_Plate","/wiki/South_American_Plate","/wiki/Orogeny","/wiki/Earthquake","/wiki/Volcanic_eruption","/wiki/Transform_fault","/wiki/Tierra_del_Fuego","/wiki/Scotia_Plate","/wiki/Drake_Passage","/wiki/Antarctic_Peninsula","/wiki/Wikipedia:Citation_needed","/w/index.php?title=Andes&action=edit&section=5","/wiki/Andean_Volcanic_Belt","/wiki/File:Browncanyonquilotoa.jpg","//upload.wikimedia.org/wikipedia/en/thumb/9/9e/Browncanyonquilotoa.jpg/220px-Browncanyonquilotoa.jpg","/wiki/File:Browncanyonquilotoa.jpg","//bits.wikimedia.org/static-1.21wmf11/skins/common/images/magnify-clip.png","/wiki/Rift_valley","/wiki/Quilotoa","/wiki/Ecuador","/wiki/File:Central_Andes_Mountains,_Salar_de_Arizaro,_Argentina.jpg","//upload.wikimedia.org/wikipedia/commons/thumb/1/19/Central_Andes_Mountains%2C_Salar_de_Arizaro%2C_Argentina.jpg/220px-Central_Andes_Mountains%2C_Salar_de_Arizaro%2C_Argentina.jpg","/wiki/File:Central_Andes_Mountains,_Salar_de_Arizaro,_Argentina.jpg","//bits.wikimedia.org/static-1.21wmf11/skins/common/images/magnify-clip.png","/wiki/Subduction","/wiki/Calc-alkalic","/wiki/Mid-ocean_ridge","/wiki/Seamount","/wiki/Magma","/w/index.php?title=Andes&action=edit&section=6","/wiki/Ore","/wiki/Salt","/wiki/Fold_and_thrust_belt","/wiki/Hydrocarbon","/wiki/Atacama_desert","/wiki/Porphyry_copper","/wiki/Copper","/wiki/Hydrothermal_fluid","/wiki/Pluton_(geology)","/wiki/Meteoric_water","/wiki/Chile_saltpeter","/wiki/Dry_lake","/wiki/Salar_de_Atacama","/wiki/Salar_de_Uyuni","/wiki/Lithium","/wiki/Neogene","/wiki/Tin","/wiki/Cerro_Rico","/w/index.php?title=Andes&action=edit&section=7","/wiki/Tropical_Andes","/wiki/Dry_Andes","/wiki/Wet_Andes","/wiki/File:Andes1a.JPG","//upload.wikimedia.org/wikipedia/commons/thumb/7/72/Andes1a.JPG/220px-Andes1a.JPG","/wiki/File:Andes1a.JPG","//bits.wikimedia.org/static-1.21wmf11/skins/common/images/magnify-clip.png","/wiki/File:Andes_bolivianos.jpg","//upload.wikimedia.org/wikipedia/commons/thumb/3/3a/Andes_bolivianos.jpg/220px-Andes_bolivianos.jpg","/wiki/File:Andes_bolivianos.jpg","//bits.wikimedia.org/static-1.21wmf11/skins/common/images/magnify-clip.png","/wiki/Rainforest","/wiki/Snow_line","/wiki/Tierra_del_Fuego","#cite_note-3","/wiki/Dry_Andes","/wiki/Wet_Andes","/wiki/Atacama_Desert","/wiki/Maule_River","/wiki/Ablation","/wiki/Glacier_ice_accumulation","/wiki/Mendoza_Province","/wiki/Rock_glacier","/wiki/Solar_radiation","#cite_note-4","#cite_note-Kuhle.2C_M._2011-5","#cite_note-6","#cite_note-Kuhle.2C_M._2011-5","#cite_note-7","#cite_note-8","#cite_note-9","#cite_note-10","#cite_note-11","#cite_note-12","#cite_note-13","#cite_note-14","/w/index.php?title=Andes&action=edit&section=8","/wiki/Natural_region","/wiki/Caribbean","/wiki/Cape_Horn","/wiki/Rainforest","/wiki/Deforestation","/wiki/El_Choc%C3%B3","/wiki/Interandean_Valles","/wiki/Deciduous","/wiki/Xeric","/wiki/Vascular_plants","/wiki/Endemism","/wiki/Biodiversity_hotspot","#cite_note-biodiv-15","/wiki/Cinchona_pubescens","/wiki/Quinine","/wiki/Malaria","/wiki/Tobacco","/wiki/Potato","/wiki/Polylepis","/wiki/Inca","/wiki/Modern_history","/wiki/Endangered","#cite_note-16","/w/index.php?title=Andes&action=edit&section=9","/wiki/File:Tunki_Tanpupata.jpg","//upload.wikimedia.org/wikipedia/commons/thumb/c/c4/Tunki_Tanpupata.jpg/220px-Tunki_Tanpupata.jpg","/wiki/File:Tunki_Tanpupata.jpg","//bits.wikimedia.org/static-1.21wmf11/skins/common/images/magnify-clip.png","/wiki/Andean_Cock-of-the-rock","/wiki/File:Ausangate-hillside-MT.jpg","//upload.wikimedia.org/wikipedia/commons/thumb/5/5e/Ausangate-hillside-MT.jpg/220px-Ausangate-hillside-MT.jpg","/wiki/File:Ausangate-hillside-MT.jpg","//bits.wikimedia.org/static-1.21wmf11/skins/common/images/magnify-clip.png","/wiki/Alpaca","/wiki/Ausangate","/wiki/Fauna_of_the_Andes","/wiki/Endemism","/wiki/Amphibians","#cite_note-biodiv-15","/wiki/Mammals","/wiki/Birds","/wiki/Reptile","/wiki/Fish","#cite_note-biodiv-15","/wiki/Vicu%C3%B1a","/wiki/Guanaco","/wiki/Altiplano","/wiki/Domesticated","/wiki/Llama","/wiki/Alpaca","/wiki/Pack_animal","/wiki/Meat","/wiki/Wool","/wiki/Chinchilla","/wiki/Rodent","/wiki/Andean_Condor","/wiki/Western_Hemisphere","/wiki/Huemul_(zoology)","/wiki/Cougar","/wiki/Pseudalopex","/wiki/Tinamou","/wiki/Nothoprocta","/wiki/Andean_Goose","/wiki/Giant_Coot","/wiki/Flamingo","/wiki/Hypersaline","/wiki/Lesser_Rhea","/wiki/Andean_Flicker","/wiki/Diademed_Sandpiper-plover","/wiki/Geositta","/wiki/Phrygilus","/wiki/Diuca","/wiki/Lake_Titicaca","/wiki/Titicaca_Flightless_Grebe","/wiki/Titicaca_Water_Frog","/wiki/Hummingbirds","/wiki/Oreotrochilus","/wiki/Species_richness","/wiki/Cloud_forest","/wiki/Yungas","/wiki/Mountain_Tapir","/wiki/Spectacled_Bear","/wiki/Yellow-tailed_Woolly_Monkey","/wiki/Mountain-toucan","/wiki/Quetzal","/wiki/Andean_Cock-of-the-rock","/wiki/Mixed_species_flock","/wiki/Tanagers","/wiki/Furnariids","/wiki/Crypsis","/wiki/Wrens","/wiki/Tapaculo","/wiki/Antpitta","/wiki/Royal_Cinclodes","/wiki/White-browed_Tit-spinetail","/wiki/Threatened","/w/index.php?title=Andes&action=edit&section=10","/wiki/Cultural_periods_of_Peru","/wiki/Inca_Empire","/wiki/Viceroyalty_of_Peru","/wiki/Andean_states","//upload.wikimedia.org/wikipedia/en/thumb/9/99/Question_book-new.svg/50px-Question_book-new.svg.png","//en.wikipedia.org/w/index.php?title=Andes&action=edit","/wiki/Help:Introduction_to_referencing/1","/wiki/Template:Citation_needed","/wiki/Wikipedia:Verifiability#Burden_of_evidence","/wiki/File:%C3%81rea_Cultural_Andina.png","//upload.wikimedia.org/wikipedia/commons/thumb/2/2a/%C3%81rea_Cultural_Andina.png/220px-%C3%81rea_Cultural_Andina.png","/wiki/File:%C3%81rea_Cultural_Andina.png","//bits.wikimedia.org/static-1.21wmf11/skins/common/images/magnify-clip.png","/wiki/Inca_civilization","/wiki/Inca_Empire","/wiki/Imperialist","/wiki/Militarism","#cite_note-17","/wiki/Aqueduct_(watercourse)","/wiki/Roads","/wiki/Immunity_(medical)","/wiki/Huancas","/wiki/Chachapoyas_culture","/wiki/Ca%C3%B1ari","/wiki/Francisco_Pizarro","/wiki/Machu_Picchu","/wiki/Quechua_languages","/wiki/Aymara_language","/wiki/Woodbine_Parish","/wiki/Joseph_Barclay_Pentland","/wiki/Bogota,_Colombia","/wiki/Santiago_de_Chile","/wiki/Medellin,_Colombia","/w/index.php?title=Andes&action=edit&section=11","/wiki/File:Carretera_transandina.jpg","//upload.wikimedia.org/wikipedia/commons/thumb/6/6a/Carretera_transandina.jpg/220px-Carretera_transandina.jpg","/wiki/File:Carretera_transandina.jpg","//bits.wikimedia.org/static-1.21wmf11/skins/common/images/magnify-clip.png","/w/index.php?title=Trans-Andes_Highway&action=edit&redlink=1","/wiki/Venezuela","/wiki/Bogot%C3%A1","/wiki/Medell%C3%ADn","/wiki/Cali,_Colombia","/wiki/Quito,_Ecuador","/wiki/M%C3%A9rida,_Venezuela","/wiki/La_Paz,_Bolivia","/wiki/Santiago,_Chile","/wiki/Cusco,_Peru","/wiki/Asphalt","/wiki/Four-wheel-drive","#cite_note-andesmap-1","/wiki/Highway","/wiki/Railroad","/wiki/Civil_engineering","/wiki/Paso_Internacional_Los_Libertadores","#cite_note-18","/wiki/Paraguay","/wiki/War_of_the_Pacific","/wiki/Chilean_Army","/wiki/Chilean_Navy","/wiki/Landlocked","/wiki/Seaport","/wiki/Uruguay","/wiki/Motorized_vehicle","/wiki/Ecuador","/wiki/Camel","/wiki/Llama","/wiki/Alpaca","/wiki/Donkey","/wiki/Mule","/w/index.php?title=Andes&action=edit&section=12","/wiki/File:Peruvianterracefarmers.jpg","//upload.wikimedia.org/wikipedia/en/thumb/5/5c/Peruvianterracefarmers.jpg/220px-Peruvianterracefarmers.jpg","/wiki/File:Peruvianterracefarmers.jpg","//bits.wikimedia.org/static-1.21wmf11/skins/common/images/magnify-clip.png","/wiki/Vertical_archipelago","/wiki/Irrigation","/wiki/Terrace_(agriculture)","/wiki/Potato","/wiki/Maize","/wiki/Chicha","/wiki/Tobacco","/wiki/Cotton","/wiki/Coffee","/wiki/Coca","/wiki/Tisane","/wiki/Cocaine","/w/index.php?title=Andes&action=edit&section=13","/wiki/Spanish_colonization_of_the_Americas","/wiki/Mineralization_(geology)","/wiki/Potos%C3%AD","/wiki/Bolivia","/wiki/Cerro_de_Pasco","/wiki/R%C3%ADo_de_la_Plata","/wiki/Argentina","/wiki/Chile","/wiki/Peru","/wiki/Copper","/wiki/Peru","/wiki/Yanacocha","/wiki/Tin","/wiki/Price_revolution","/wiki/Silver","/wiki/Mining","/wiki/Potos%C3%AD","/wiki/Porphyry_copper_deposit","/wiki/Chuquicamata","/wiki/Escondida","/wiki/Toquepala_mine","/wiki/File:Huasos_Maulinos_-_Rugendas.jpg","//upload.wikimedia.org/wikipedia/commons/thumb/a/ad/Huasos_Maulinos_-_Rugendas.jpg/180px-Huasos_Maulinos_-_Rugendas.jpg","/wiki/Huaso","/wiki/File:Macchupicchu.jpg","//upload.wikimedia.org/wikipedia/commons/thumb/2/23/Macchupicchu.jpg/180px-Macchupicchu.jpg","/wiki/Huayna_Picchu","/wiki/Machu_Picchu","/wiki/File:Quechuawomanandchild.jpg","//upload.wikimedia.org/wikipedia/commons/thumb/2/2c/Quechuawomanandchild.jpg/180px-Quechuawomanandchild.jpg","/wiki/Quechuas","/wiki/Sacred_Valley","/w/index.php?title=Andes&action=edit&section=14","/wiki/List_of_mountains_in_the_Andes","/w/index.php?title=Andes&action=edit&section=15","/wiki/File:Cerro_tronador_desde_lago_mascardi_01b.jpg","//upload.wikimedia.org/wikipedia/commons/thumb/8/82/Cerro_tronador_desde_lago_mascardi_01b.jpg/220px-Cerro_tronador_desde_lago_mascardi_01b.jpg","/wiki/File:Cerro_tronador_desde_lago_mascardi_01b.jpg","//bits.wikimedia.org/static-1.21wmf11/skins/common/images/magnify-clip.png","/wiki/Tronador","/wiki/List_of_mountains_in_Argentina","/wiki/Aconcagua","/wiki/Cerro_Bonete","/wiki/Gal%C3%A1n","/wiki/Mercedario","/wiki/Monte_Pissis","/w/index.php?title=Andes&action=edit&section=16","/wiki/Cerro_Bayo_Complex","/wiki/Cerro_Chalt%C3%A9n","/wiki/Patagonia","/wiki/Cerro_Escorial","/wiki/Cord%C3%B3n_del_Azufre","/wiki/Falso_Azufre","/wiki/Incahuasi","/wiki/Lastarria","/wiki/Llullaillaco","/wiki/Maipo_(volcano)","/wiki/Marmolejo","/wiki/Ojos_del_Salado","/wiki/Olca","/wiki/Sierra_Nevada_de_Lagunas_Bravas","/wiki/Socompa","/wiki/Nevado_Tres_Cruces","/wiki/Tronador","/wiki/Tupungato","/wiki/Nacimiento,_Chile","/wiki/File:Andes_-_punta_arenas.jpg","//upload.wikimedia.org/wikipedia/commons/thumb/c/c3/Andes_-_punta_arenas.jpg/230px-Andes_-_punta_arenas.jpg","/wiki/Torres_del_Paine","/wiki/Chile","/wiki/File:Llullaillaco.jpg","//upload.wikimedia.org/wikipedia/commons/thumb/1/15/Llullaillaco.jpg/230px-Llullaillaco.jpg","/wiki/Llullaillaco","/wiki/File:Camino_de_Alta.jpg","//upload.wikimedia.org/wikipedia/commons/thumb/0/07/Camino_de_Alta.jpg/150px-Camino_de_Alta.jpg","/w/index.php?title=Andes&action=edit&section=17","/wiki/Janq%27u_Uma","/wiki/Cabaray","/wiki/Chacaltaya","/wiki/Huayna_Potos%C3%AD","/wiki/Illampu","/wiki/Illimani","/wiki/Macizo_de_Larancagua","/wiki/Macizo_de_Pacuni","/wiki/Nevado_Anallajsi","/wiki/Nevado_Sajama","/wiki/Patilla_Pata","/wiki/Tata_Sabaya","/wiki/File:Nevado_Sajama.jpg","//upload.wikimedia.org/wikipedia/commons/thumb/e/e3/Nevado_Sajama.jpg/230px-Nevado_Sajama.jpg","/wiki/Nevado_Sajama","/wiki/File:Huayna_Potos%C3%AD_La_Paz_-_Bolivia.jpg","//upload.wikimedia.org/wikipedia/commons/thumb/5/52/Huayna_Potos%C3%AD_La_Paz_-_Bolivia.jpg/230px-Huayna_Potos%C3%AD_La_Paz_-_Bolivia.jpg","/wiki/Huayna_Potos%C3%AD","/w/index.php?title=Andes&action=edit&section=18","/wiki/Acotango","/wiki/Cerro_Minchincha","/wiki/Iru_Phutunqu_(Chile-Nor_L%C3%ADpez)","/wiki/Licancabur","/wiki/Olca","/wiki/Parinacota_Volcano","/wiki/Paruma","/wiki/Pomerape","/wiki/File:Laguna_Verde_Bolivia.jpg","//upload.wikimedia.org/wikipedia/commons/thumb/d/d0/Laguna_Verde_Bolivia.jpg/230px-Laguna_Verde_Bolivia.jpg","/wiki/Licancabur","/wiki/File:Parinacota.jpg","//upload.wikimedia.org/wikipedia/commons/thumb/4/49/Parinacota.jpg/230px-Parinacota.jpg","/wiki/Parinacota_Volcano","/w/index.php?title=Andes&action=edit&section=19","/wiki/List_of_mountains_in_Chile","/wiki/Monte_San_Valentin","/wiki/Cordillera_del_Paine","/wiki/Cerro_Mac%C3%A1","/wiki/Monte_Darwin","/wiki/Volcan_Hudson","/wiki/Cerro_Castillo_Dynevor","/wiki/Mount_Tarn","/wiki/File:Stgo_Abril.jpg","//upload.wikimedia.org/wikipedia/commons/thumb/a/a7/Stgo_Abril.jpg/230px-Stgo_Abril.jpg","/wiki/Santiago,_Chile","/wiki/File:Cuernos_del_Paine_from_Lake_Peho%C3%A9.jpg","//upload.wikimedia.org/wikipedia/commons/thumb/4/49/Cuernos_del_Paine_from_Lake_Peho%C3%A9.jpg/230px-Cuernos_del_Paine_from_Lake_Peho%C3%A9.jpg","/wiki/Torres_del_Paine_National_Park","/w/index.php?title=Andes&action=edit&section=20","/wiki/Nevado_del_Huila","/wiki/Nevado_del_Ruiz","/wiki/Nevado_del_Tolima","/wiki/Sierra_Nevada_del_Cocuy","/wiki/Sierra_Nevada_del_Cocuy","/wiki/Cumbal_Volcano","/wiki/Cerro_Negro_de_Mayasquer","/wiki/Ritacuba_Blanco","/wiki/Nevado_del_Quind%C3%ADo","/wiki/Purace","/wiki/Santa_Isabel_(volcano)","/wiki/Do%C3%B1a_Juana","/wiki/Galeras","/wiki/Azufral","/wiki/File:Ritacuba-blanco.jpg","//upload.wikimedia.org/wikipedia/en/thumb/9/97/Ritacuba-blanco.jpg/230px-Ritacuba-blanco.jpg","/wiki/Cordillera_Oriental_(Colombia)","/wiki/Colombia","/wiki/File:Nevado_del_Ruiz_by_Edgar.png","//upload.wikimedia.org/wikipedia/commons/thumb/a/a8/Nevado_del_Ruiz_by_Edgar.png/230px-Nevado_del_Ruiz_by_Edgar.png","/wiki/Nevado_del_Ruiz","/w/index.php?title=Andes&action=edit&section=21","/wiki/Antisana","/wiki/Cayambe_(volcano)","/wiki/Chimborazo_(volcano)","/wiki/Coraz%C3%B3n_(volcano)","/wiki/Cotopaxi","/wiki/El_Altar","/wiki/Illiniza","/wiki/Pichincha_Volcano","/wiki/Quilotoa","/wiki/Reventador","/wiki/Sangay","/wiki/Tungurahua","/w/index.php?title=Titicacha&action=edit&redlink=1","/wiki/File:Volc%C3%A1n_Chimborazo,_%22El_Taita_Chimborazo%22.jpg","//upload.wikimedia.org/wikipedia/commons/thumb/3/3c/Volc%C3%A1n_Chimborazo%2C_%22El_Taita_Chimborazo%22.jpg/180px-Volc%C3%A1n_Chimborazo%2C_%22El_Taita_Chimborazo%22.jpg","/wiki/Chimborazo_(volcano)","/wiki/Riobamba","/wiki/Ecuador","/wiki/File:Volc%C3%A1n_Tungurahua.jpg","//upload.wikimedia.org/wikipedia/commons/thumb/b/b7/Volc%C3%A1n_Tungurahua.jpg/180px-Volc%C3%A1n_Tungurahua.jpg","/wiki/Tungurahua","/wiki/Ecuador","/wiki/File:EL_CAYAMBE_DESDE_EL_AVION.JPG","//upload.wikimedia.org/wikipedia/commons/thumb/c/c2/EL_CAYAMBE_DESDE_EL_AVION.JPG/180px-EL_CAYAMBE_DESDE_EL_AVION.JPG","/wiki/Cayambe_(volcano)","/wiki/File:Volc%C3%A1n_El_Altar_-_Riobamba_Ecuador.jpg","//upload.wikimedia.org/wikipedia/commons/thumb/c/cb/Volc%C3%A1n_El_Altar_-_Riobamba_Ecuador.jpg/180px-Volc%C3%A1n_El_Altar_-_Riobamba_Ecuador.jpg","/wiki/El_Altar","/wiki/Riobamba","/wiki/File:Cotopaxi.jpg","//upload.wikimedia.org/wikipedia/commons/thumb/e/e8/Cotopaxi.jpg/180px-Cotopaxi.jpg","/wiki/Cotopaxi","/wiki/Pichincha_Volcano","/wiki/Quito","/w/index.php?title=Andes&action=edit&section=22","/wiki/Alpamayo","/wiki/Artesonraju","/w/index.php?title=Carnicero&action=edit&redlink=1","/wiki/Chumpi","/wiki/El_Misti","/w/index.php?title=El_Toro_(Andes)&action=edit&redlink=1","/wiki/Huandoy","/wiki/Huascar%C3%A1n","/wiki/Jirishanca","/wiki/Nevado_de_Huaytapallana","/wiki/Pumasillu","/wiki/Rasac","/w/index.php?title=Rondoy&action=edit&redlink=1","/w/index.php?title=Sarapo&action=edit&redlink=1","/w/index.php?title=Seria_Norte&action=edit&redlink=1","/wiki/Siula_Grande","/wiki/Yerupaja","/wiki/Yerupaja_Chico","/wiki/File:Alpamayo.jpg","//upload.wikimedia.org/wikipedia/commons/thumb/2/2f/Alpamayo.jpg/230px-Alpamayo.jpg","/wiki/Alpamayo","/wiki/File:Chachani_and_Misti.jpg","//upload.wikimedia.org/wikipedia/commons/thumb/4/4f/Chachani_and_Misti.jpg/230px-Chachani_and_Misti.jpg","/wiki/Chachani","/wiki/El_Misti","/wiki/File:Nevadohuandoy.jpg","//upload.wikimedia.org/wikipedia/commons/thumb/f/fb/Nevadohuandoy.jpg/230px-Nevadohuandoy.jpg","/wiki/Huandoy","/wiki/File:Yerupaja_Grande.jpg","//upload.wikimedia.org/wikipedia/commons/thumb/5/5d/Yerupaja_Grande.jpg/150px-Yerupaja_Grande.jpg","/wiki/Yerupaja","/w/index.php?title=Andes&action=edit&section=23","/wiki/Pico_Bol%C3%ADvar","/wiki/Pico_Humboldt","/wiki/Pico_Bonpland","/wiki/Pico_La_Concha","/wiki/Pico_Piedras_Blancas","/wiki/File:Picoboliivar.jpg","//upload.wikimedia.org/wikipedia/commons/thumb/e/e5/Picoboliivar.jpg/230px-Picoboliivar.jpg","/wiki/Pico_Bol%C3%ADvar","/wiki/File:Pico_Humboldt.jpg","//upload.wikimedia.org/wikipedia/commons/thumb/e/e3/Pico_Humboldt.jpg/230px-Pico_Humboldt.jpg","/wiki/Pico_Humboldt","/wiki/File:Picolaconcha.png","//upload.wikimedia.org/wikipedia/commons/thumb/2/2b/Picolaconcha.png/230px-Picolaconcha.png","/wiki/Pico_La_Concha","/wiki/File:Picoelaguila.jpg","//upload.wikimedia.org/wikipedia/commons/thumb/d/dd/Picoelaguila.jpg/230px-Picoelaguila.jpg","/wiki/File:Picoeltoro.jpg","//upload.wikimedia.org/wikipedia/commons/thumb/1/1a/Picoeltoro.jpg/230px-Picoeltoro.jpg","/wiki/File:Picoleon.jpg","//upload.wikimedia.org/wikipedia/commons/thumb/6/6a/Picoleon.jpg/230px-Picoleon.jpg","/wiki/File:Picomu%C3%B1uquc.jpg","//upload.wikimedia.org/wikipedia/commons/thumb/2/25/Picomu%C3%B1uquc.jpg/230px-Picomu%C3%B1uquc.jpg","/w/index.php?title=Andes&action=edit&section=24","/wiki/Andean_Geology","/wiki/Scientific_journal","/wiki/Andesite_line","/wiki/Apu_(god)","/wiki/Cordillera_Central_(Luzon)","/wiki/Philippines","/wiki/Template:Mountain_Passes_of_the_Andes","/wiki/List_of_longest_mountain_chains_in_the_world","/w/index.php?title=Andes&action=edit&section=25","#cite_ref-andesmap_1-0","#cite_ref-andesmap_1-1","http://andes.zoom-maps.com/","#cite_ref-2","http://web.archive.org/web/20100605003245/http://www.gseis.rice.edu/Reprints/047_MillerEL09JGR.pdf","/wiki/Bibcode","http://adsabs.harvard.edu/abs/2009JGRB..11401312M","/wiki/Digital_object_identifier","http://dx.doi.org/10.1029%2F2007JB005507","http://www.gseis.rice.edu/Reprints/047_MillerEL09JGR.pdf","http://web.archive.org/web/20100605003245/http://www.gseis.rice.edu/Reprints/047_MillerEL09JGR.pdf","#cite_ref-3","http://www.blueplanetbiomes.org/andes_climate_page.htm","http://web.archive.org/web/20071214073114/http://www.blueplanetbiomes.org/andes_climate_page.htm","http://www.blueplanetbiomes.org/andes_climate_page.htm","#cite_ref-4","#cite_ref-Kuhle.2C_M._2011_5-0","#cite_ref-Kuhle.2C_M._2011_5-1","#cite_ref-6","#cite_ref-7","#cite_ref-8","#cite_ref-9","#cite_ref-10","#cite_ref-11","#cite_ref-12","#cite_ref-13","#cite_ref-14","#cite_ref-biodiv_15-0","#cite_ref-biodiv_15-1","#cite_ref-biodiv_15-2","http://www.biodiversityhotspots.org/xp/hotspots/andes/Pages/biodiversity.aspx","#cite_ref-16","http://www.blueplanetbiomes.org/andes_plant_page.htm","http://web.archive.org/web/20071215105448/http://www.blueplanetbiomes.org/andes_plant_page.htm","http://www.blueplanetbiomes.org/andes_plant_page.htm","#cite_ref-17","#cite_ref-18","http://www.lanacion.com.ar/1159492-jujuy-apuesta-a-captar-las-cargas-de-brasil-en-transito-hacia-chile","http://www.lanacion.com.ar/1159492-jujuy-apuesta-a-captar-las-cargas-de-brasil-en-transito-hacia-chile","/w/index.php?title=Andes&action=edit&section=26","/wiki/Special:BookSources/0953608727","/wiki/Special:BookSources/1554070708","/wiki/Special:BookSources/8788757161","/w/index.php?title=Andes&action=edit&section=27","//upload.wikimedia.org/wikipedia/en/thumb/4/4a/Commons-logo.svg/30px-Commons-logo.svg.png","//commons.wikimedia.org/wiki/Andes","http://www.geo.arizona.edu/geo5xx/geo527/Andes/intro.html","http://www.blueplanetbiomes.org/andes_climate_page.htm","http://www.discover-peru.org/peru-geography-regions-and-microclimates-andes/","http://www.peaklist.org/WWlists/ultras/southamerica.html","/wiki/Prominence","/wiki/Template:Geography_topics","/wiki/Template_talk:Geography_topics","//en.wikipedia.org/w/index.php?title=Template:Geography_topics&action=edit","/wiki/Geography","/wiki/History_of_geography","/wiki/Index_of_geography_articles","/wiki/Outline_of_geography","/wiki/Portal:Geography","/wiki/Outline_of_geography#Geography_by_field","/wiki/Human_geography","/wiki/Behavioral_geography","/wiki/Cultural_geography","/wiki/Demography","/wiki/Development_geography","/wiki/Economic_geography","/wiki/Feminist_geography","/wiki/Health_geography","/wiki/Historical_geography","/wiki/Political_geography","/wiki/Regional_geography","/wiki/Urban_geography","/wiki/Physical_geography","/wiki/Biogeography","/wiki/Climatology","/wiki/Coastal_geography","/wiki/Geodesy","/wiki/Geomorphology","/wiki/Glaciology","/wiki/Hydrology","/wiki/Landscape_ecology","/wiki/Limnology","/wiki/Oceanography","/wiki/Palaeogeography","/wiki/Pedology_(soil_study)","/wiki/Quaternary_science","/wiki/Outline_of_geography#Tasks_and_tools_of_geography","/wiki/Cartography","/wiki/Geographic_information_system","/wiki/Geostatistics","/wiki/Global_Positioning_System","/wiki/Remote_sensing","/wiki/Spatial_analysis","/wiki/Spatial_science","/wiki/Qualitative_research","/wiki/American_Geographical_Society","/wiki/Association_of_American_Geographers","/wiki/European_Geography_Association","/wiki/Geographical_Association","/wiki/Hong_Kong_Geographical_Association","/wiki/International_Geographical_Union","/wiki/National_Geographic_Society","/wiki/Royal_Canadian_Geographical_Society","/wiki/Royal_Geographical_Society","/wiki/Royal_Scottish_Geographical_Society","/wiki/Russian_Geographical_Society","/wiki/Saudi_Geographical_Society","/wiki/Soci%C3%A9t%C3%A9_de_G%C3%A9ographie","/wiki/Society_of_Woman_Geographers","/wiki/Outline_of_geography#Persons_influential_in_geography","/wiki/Ptolemy","/wiki/Al-Masudi","/wiki/Gerardus_Mercator","/wiki/Carl_Ritter","/wiki/Alexander_Von_Humboldt","/wiki/Alfred_Russel_Wallace","/wiki/Richard_Chorley","/wiki/Template:Physical_geography_topics","/wiki/Template_talk:Physical_geography_topics","//en.wikipedia.org/w/index.php?title=Template:Physical_geography_topics&action=edit","/wiki/Physical_geography","/wiki/Biogeography","/wiki/Climatology","/wiki/Paleoclimatology","/wiki/Coastal_geography","/wiki/Edaphology","/wiki/Geomorphology","/wiki/Glaciology","/wiki/Hydrology","/wiki/Hydrography","/wiki/Landscape_ecology","/wiki/Limnology","/wiki/Oceanography","/wiki/Palaeogeography","/wiki/Pedology_(soil_study)","/wiki/Soil_science","/wiki/Quaternary_science","/wiki/File:Land_ocean_ice_cloud_hires.jpg","//upload.wikimedia.org/wikipedia/commons/thumb/6/6b/Land_ocean_ice_cloud_hires.jpg/110px-Land_ocean_ice_cloud_hires.jpg","http://en.wikipedia.org/w/index.php?title=Andes&oldid=544770504","/wiki/Help:Categories","/wiki/Category:Mountain_ranges_of_South_America","/wiki/Category:Biodiversity_hotspots","/wiki/Category:Regions_of_South_America","/wiki/Category:Physiographic_divisions","/wiki/Category:Andes","/wiki/Category:Articles_to_be_expanded_from_July_2009","/wiki/Category:All_articles_to_be_expanded","/wiki/Category:All_articles_with_unsourced_statements","/wiki/Category:Articles_with_unsourced_statements_from_February_2010","/wiki/Category:Articles_needing_additional_references_from_January_2011","/wiki/Category:All_articles_needing_additional_references","/w/index.php?title=Special:UserLogin&returnto=Andes&type=signup","/w/index.php?title=Special:UserLogin&returnto=Andes","/wiki/Andes","/wiki/Talk:Andes","#","/wiki/Andes","/w/index.php?title=Andes&action=edit","/w/index.php?title=Andes&action=history","#","/w/index.php","//bits.wikimedia.org/static-1.21wmf11/skins/vector/images/search-ltr.png?303-4","/wiki/Main_Page","/wiki/Main_Page","/wiki/Portal:Contents","/wiki/Portal:Featured_content","/wiki/Portal:Current_events","/wiki/Special:Random","//donate.wikimedia.org/wiki/Special:FundraiserRedirector?utm_source=donate&utm_medium=sidebar&utm_campaign=C13_en.wikipedia.org&uselang=en","/wiki/Help:Contents","/wiki/Wikipedia:About","/wiki/Wikipedia:Community_portal","/wiki/Special:RecentChanges","/wiki/Wikipedia:Contact_us","/wiki/Special:WhatLinksHere/Andes","/wiki/Special:RecentChangesLinked/Andes","/wiki/Wikipedia:File_Upload_Wizard","/wiki/Special:SpecialPages","/w/index.php?title=Andes&oldid=544770504","/w/index.php?title=Andes&action=info","/w/index.php?title=Special:Cite&page=Andes&id=544770504","/w/index.php?title=Special:Book&bookcmd=book_creator&referer=Andes","/w/index.php?title=Special:Book&bookcmd=render_article&arttitle=Andes&oldid=544770504&writer=rl","/w/index.php?title=Andes&printable=yes","//af.wikipedia.org/wiki/Andes","//als.wikipedia.org/wiki/Anden","//ar.wikipedia.org/wiki/%D8%A3%D9%86%D8%AF%D9%8A%D8%B2","//an.wikipedia.org/wiki/Andes","//ast.wikipedia.org/wiki/Andes","//gn.wikipedia.org/wiki/Yvytyrysyi_Andes","//az.wikipedia.org/wiki/And_da%C4%9Flar%C4%B1","//bn.wikipedia.org/wiki/%E0%A6%86%E0%A6%A8%E0%A7%8D%E0%A6%A6%E0%A7%87%E0%A6%B8_%E0%A6%AA%E0%A6%B0%E0%A7%8D%E0%A6%AC%E0%A6%A4%E0%A6%AE%E0%A6%BE%E0%A6%B2%E0%A6%BE","//zh-min-nan.wikipedia.org/wiki/Andes_Soa%E2%81%BF-me%CC%8Dh","//be.wikipedia.org/wiki/%D0%90%D0%BD%D0%B4%D1%8B","//be-x-old.wikipedia.org/wiki/%D0%90%D0%BD%D0%B4%D1%8B","//bg.wikipedia.org/wiki/%D0%90%D0%BD%D0%B4%D0%B8","//bar.wikipedia.org/wiki/Andn","//bs.wikipedia.org/wiki/Andi","//br.wikipedia.org/wiki/Ando%C3%B9","//ca.wikipedia.org/wiki/Andes","//cs.wikipedia.org/wiki/Andy","//cy.wikipedia.org/wiki/Andes","//da.wikipedia.org/wiki/Andesbjergene","//de.wikipedia.org/wiki/Anden","//dsb.wikipedia.org/wiki/Andy","//et.wikipedia.org/wiki/Andid","//el.wikipedia.org/wiki/%CE%86%CE%BD%CE%B4%CE%B5%CE%B9%CF%82","//es.wikipedia.org/wiki/Cordillera_de_los_Andes","//eo.wikipedia.org/wiki/Andoj","//eu.wikipedia.org/wiki/Andeak","//fa.wikipedia.org/wiki/%D8%A2%D9%86%D8%AF_(%D8%B1%D8%B4%D8%AA%D9%87%E2%80%8C%DA%A9%D9%88%D9%87)","//hif.wikipedia.org/wiki/Andes","//fo.wikipedia.org/wiki/Andesfj%C3%B8ll","//fr.wikipedia.org/wiki/Cordill%C3%A8re_des_Andes","//fy.wikipedia.org/wiki/Andes","//ga.wikipedia.org/wiki/Na_hAind%C3%A9is","//gd.wikipedia.org/wiki/Beanntan_na_h-Andes","//gl.wikipedia.org/wiki/Andes","//gan.wikipedia.org/wiki/%E5%AE%89%E5%BA%95%E6%96%AF%E5%B1%B1%E8%84%88","//ko.wikipedia.org/wiki/%EC%95%88%EB%8D%B0%EC%8A%A4_%EC%82%B0%EB%A7%A5","//hy.wikipedia.org/wiki/%D4%B1%D5%B6%D5%A4%D5%A5%D6%80","//hi.wikipedia.org/wiki/%E0%A4%8F%E0%A4%A8%E0%A5%8D%E0%A4%A1%E0%A5%80%E0%A4%9C%E0%A4%BC_%E0%A4%AA%E0%A4%B0%E0%A5%8D%E0%A4%B5%E0%A4%A4_%E0%A4%B6%E0%A5%83%E0%A4%82%E0%A4%96%E0%A4%B2%E0%A4%BE","//hsb.wikipedia.org/wiki/Andy","//hr.wikipedia.org/wiki/Ande","//io.wikipedia.org/wiki/Andi","//ilo.wikipedia.org/wiki/Andes","//id.wikipedia.org/wiki/Andes","//ia.wikipedia.org/wiki/Andes","//os.wikipedia.org/wiki/%D0%90%D0%BD%D0%B4%D1%82%C3%A6","//is.wikipedia.org/wiki/Andesfj%C3%B6ll","//it.wikipedia.org/wiki/Ande","//he.wikipedia.org/wiki/%D7%94%D7%A8%D7%99_%D7%94%D7%90%D7%A0%D7%93%D7%99%D7%9D","//jv.wikipedia.org/wiki/Andes","//kn.wikipedia.org/wiki/%E0%B2%86%E0%B2%82%E0%B2%A1%E0%B3%86%E0%B2%B8%E0%B3%8D_%E0%B2%AA%E0%B2%B0%E0%B3%8D%E0%B2%B5%E0%B2%A4%E0%B2%97%E0%B2%B3%E0%B3%81","//krc.wikipedia.org/wiki/%D0%90%D0%BD%D0%B4%D0%BB%D0%B0","//ka.wikipedia.org/wiki/%E1%83%90%E1%83%9C%E1%83%93%E1%83%94%E1%83%91%E1%83%98","//kk.wikipedia.org/wiki/%D0%90%D0%BD%D0%B4_%D1%82%D0%B0%D1%83%D0%BB%D0%B0%D1%80%D1%8B","//sw.wikipedia.org/wiki/Andes","//ku.wikipedia.org/wiki/And","//la.wikipedia.org/wiki/Andes","//lv.wikipedia.org/wiki/Andi","//lb.wikipedia.org/wiki/Anden","//lt.wikipedia.org/wiki/Andai","//lij.wikipedia.org/wiki/Andes","//lmo.wikipedia.org/wiki/Ande","//hu.wikipedia.org/wiki/Andok","//mk.wikipedia.org/wiki/%D0%90%D0%BD%D0%B4%D0%B8","//ml.wikipedia.org/wiki/%E0%B4%86%E0%B4%A8%E0%B5%8D%E0%B4%A4%E0%B4%BF%E0%B4%B8%E0%B5%8D","//mr.wikipedia.org/wiki/%E0%A4%86%E0%A4%A8%E0%A5%8D%E0%A4%A6%E0%A5%87%E0%A4%B8","//arz.wikipedia.org/wiki/%D8%A7%D9%86%D8%AF%D9%8A%D8%B2","//ms.wikipedia.org/wiki/Banjaran_Gunung_Andes","//mwl.wikipedia.org/wiki/Cordilheira_de_ls_Andes","//mn.wikipedia.org/wiki/%D0%90%D0%BD%D0%B4%D1%8B%D0%BD_%D0%BD%D1%83%D1%80%D1%83%D1%83","//my.wikipedia.org/wiki/%E1%80%A1%E1%80%84%E1%80%BA%E1%80%94%E1%80%BA%E1%80%92%E1%80%AE%E1%80%B8%E1%80%85%E1%80%BA_%E1%80%90%E1%80%B1%E1%80%AC%E1%80%84%E1%80%BA%E1%80%90%E1%80%94%E1%80%BA%E1%80%B8","//nl.wikipedia.org/wiki/Andes","//ne.wikipedia.org/wiki/%E0%A4%8F%E0%A4%A8%E0%A5%8D%E0%A4%A1%E0%A4%BF%E0%A4%9C","//new.wikipedia.org/wiki/%E0%A4%8F%E0%A4%A8%E0%A5%8D%E0%A4%A1%E0%A5%87%E0%A4%9C","//ja.wikipedia.org/wiki/%E3%82%A2%E3%83%B3%E3%83%87%E3%82%B9%E5%B1%B1%E8%84%88","//no.wikipedia.org/wiki/Andes","//nn.wikipedia.org/wiki/Andes","//oc.wikipedia.org/wiki/Andes","//pnb.wikipedia.org/wiki/%D8%A7%D9%86%DA%88%DB%8C%D8%B2","//pms.wikipedia.org/wiki/Ande","//pl.wikipedia.org/wiki/Andy","//pt.wikipedia.org/wiki/Cordilheira_dos_Andes","//ro.wikipedia.org/wiki/Anzii_Cordilieri","//qu.wikipedia.org/wiki/Antikuna","//rue.wikipedia.org/wiki/%D0%90%D0%BD%D0%B4%D1%8B","//ru.wikipedia.org/wiki/%D0%90%D0%BD%D0%B4%D1%8B","//sa.wikipedia.org/wiki/%E0%A4%86%E0%A4%A3%E0%A5%8D%E0%A4%A1%E0%A4%BF%E0%A4%B8%E0%A5%8D","//sq.wikipedia.org/wiki/Andet","//scn.wikipedia.org/wiki/Andi","//simple.wikipedia.org/wiki/Andes","//sk.wikipedia.org/wiki/Andy","//sl.wikipedia.org/wiki/Andi","//ckb.wikipedia.org/wiki/%D8%A6%DB%95%D9%86%D8%AF%DB%8C%D8%B2","//sr.wikipedia.org/wiki/%D0%90%D0%BD%D0%B4%D0%B8","//sh.wikipedia.org/wiki/Ande","//fi.wikipedia.org/wiki/Andit","//sv.wikipedia.org/wiki/Anderna","//tl.wikipedia.org/wiki/Andes","//ta.wikipedia.org/wiki/%E0%AE%85%E0%AE%A8%E0%AF%8D%E0%AE%A4%E0%AF%80%E0%AE%9A%E0%AF%81_%E0%AE%AE%E0%AE%B2%E0%AF%88%E0%AE%A4%E0%AF%8D%E0%AE%A4%E0%AF%8A%E0%AE%9F%E0%AE%B0%E0%AF%8D","//roa-tara.wikipedia.org/wiki/Ande","//tt.wikipedia.org/wiki/%D0%90%D0%BD%D0%B4_%D1%82%D0%B0%D1%83%D0%BB%D0%B0%D1%80%D1%8B","//te.wikipedia.org/wiki/%E0%B0%86%E0%B0%82%E0%B0%A1%E0%B1%80%E0%B0%B8%E0%B1%8D_%E0%B0%AA%E0%B0%B0%E0%B1%8D%E0%B0%B5%E0%B0%A4%E0%B0%BE%E0%B0%B2%E0%B1%81","//th.wikipedia.org/wiki/%E0%B9%80%E0%B8%97%E0%B8%B7%E0%B8%AD%E0%B8%81%E0%B9%80%E0%B8%82%E0%B8%B2%E0%B9%81%E0%B8%AD%E0%B8%99%E0%B8%94%E0%B8%B5%E0%B8%AA","//tg.wikipedia.org/wiki/%D0%9A%D3%AF%D2%B3%D2%B3%D0%BE%D0%B8_%D0%90%D0%BD%D0%B4","//tr.wikipedia.org/wiki/And_Da%C4%9Flar%C4%B1","//tk.wikipedia.org/wiki/Andlar","//uk.wikipedia.org/wiki/%D0%90%D0%BD%D0%B4%D0%B8","//ur.wikipedia.org/wiki/%D8%B3%D9%84%D8%B3%D9%84%DB%81_%DA%A9%D9%88%DB%81_%D8%A7%D9%86%DA%88%DB%8C%D8%B2","//ug.wikipedia.org/wiki/%D8%A6%D8%A7%D9%86%D8%AF_%D8%AA%D8%A7%D8%BA%D9%84%D9%89%D8%B1%D9%89","//vec.wikipedia.org/wiki/Ande","//vi.wikipedia.org/wiki/Andes","//fiu-vro.wikipedia.org/wiki/Andiq","//war.wikipedia.org/wiki/Andes","//yi.wikipedia.org/wiki/%D7%90%D7%A0%D7%93%D7%9F","//zh-yue.wikipedia.org/wiki/%E5%AE%89%E7%AC%AC%E6%96%AF%E5%B1%B1%E8%84%88","//bat-smg.wikipedia.org/wiki/And%C4%81","//zh.wikipedia.org/wiki/%E5%AE%89%E5%9C%B0%E6%96%AF%E5%B1%B1%E8%84%88","//www.wikidata.org/wiki/Special:ItemByTitle/enwiki/Andes","//en.wikipedia.org/wiki/Wikipedia:Text_of_Creative_Commons_Attribution-ShareAlike_3.0_Unported_License","//creativecommons.org/licenses/by-sa/3.0/","//wikimediafoundation.org/wiki/Terms_of_Use","//www.wikimediafoundation.org/","//en.wikipedia.org/wiki/Wikipedia:Contact_us","//wikimediafoundation.org/wiki/Privacy_policy","/wiki/Wikipedia:About","/wiki/Wikipedia:General_disclaimer","http://en.m.wikipedia.org/wiki/Andes","//wikimediafoundation.org/","//bits.wikimedia.org/images/wikimedia-button.png","//www.mediawiki.org/","//bits.wikimedia.org/static-1.21wmf11/skins/common/images/poweredby_mediawiki_88x31.png","//bits.wikimedia.org/en.wikipedia.org/load.php?debug=false&lang=en&modules=skins.vector&only=scripts&skin=vector&*","/w/index.php?title=MediaWiki:Gadget-ReferenceTooltips.js&action=raw&ctype=text/javascript&508635914","//bits.wikimedia.org/en.wikipedia.org/load.php?debug=false&lang=en&modules=site&only=scripts&skin=vector&*"],"instances":["luzon","volcano","geology","volcano","god","geology","topography","medical","watercourse","agriculture","zoology","geology","volcano","volcano","colombia","geology","andes","volcano","geology"],"pdf":["http://web.archive.org/web/20100605003245/http://www.gseis.rice.edu/Reprints/047_MillerEL09JGR.pdf","http://www.gseis.rice.edu/Reprints/047_MillerEL09JGR.pdf","http://web.archive.org/web/20100605003245/http://www.gseis.rice.edu/Reprints/047_MillerEL09JGR.pdf"],"categories":["Mountain ranges of South America","Biodiversity hotspots","Regions of South America","Physiographic divisions","Andes|*"],"headings":["Name","Geography","Geology","Climate and hydrology","Flora","Fauna","Human activity","Peaks","See also","Notes","References","External links"],"image":["//upload.wikimedia.org/wikipedia/commons/thumb/2/2f/Aerial_photo_of_the_Andes.jpg/250px-Aerial_photo_of_the_Andes.jpg","//upload.wikimedia.org/wikipedia/commons/thumb/2/2d/Andes_70.30345W_42.99203S.jpg/190px-Andes_70.30345W_42.99203S.jpg","//upload.wikimedia.org/wikipedia/commons/thumb/2/23/Cono_de_Arita%2C_Salta._%28Argentina%29.jpg/220px-Cono_de_Arita%2C_Salta._%28Argentina%29.jpg","//bits.wikimedia.org/static-1.21wmf11/skins/common/images/magnify-clip.png","//upload.wikimedia.org/wikipedia/commons/thumb/6/6f/Aconcagua_%28aerial%29.jpg/220px-Aconcagua_%28aerial%29.jpg","//bits.wikimedia.org/static-1.21wmf11/skins/common/images/magnify-clip.png","//upload.wikimedia.org/wikipedia/commons/thumb/4/49/Cuernos_del_Paine_from_Lake_Peho%C3%A9.jpg/190px-Cuernos_del_Paine_from_Lake_Peho%C3%A9.jpg","//upload.wikimedia.org/wikipedia/commons/thumb/1/1c/Wiki_letter_w_cropped.svg/20px-Wiki_letter_w_cropped.svg.png","//upload.wikimedia.org/wikipedia/en/thumb/9/9e/Browncanyonquilotoa.jpg/220px-Browncanyonquilotoa.jpg","//bits.wikimedia.org/static-1.21wmf11/skins/common/images/magnify-clip.png","//upload.wikimedia.org/wikipedia/commons/thumb/1/19/Central_Andes_Mountains%2C_Salar_de_Arizaro%2C_Argentina.jpg/220px-Central_Andes_Mountains%2C_Salar_de_Arizaro%2C_Argentina.jpg","//bits.wikimedia.org/static-1.21wmf11/skins/common/images/magnify-clip.png","//upload.wikimedia.org/wikipedia/commons/thumb/7/72/Andes1a.JPG/220px-Andes1a.JPG","//bits.wikimedia.org/static-1.21wmf11/skins/common/images/magnify-clip.png","//upload.wikimedia.org/wikipedia/commons/thumb/3/3a/Andes_bolivianos.jpg/220px-Andes_bolivianos.jpg","//bits.wikimedia.org/static-1.21wmf11/skins/common/images/magnify-clip.png","//upload.wikimedia.org/wikipedia/commons/thumb/c/c4/Tunki_Tanpupata.jpg/220px-Tunki_Tanpupata.jpg","//bits.wikimedia.org/static-1.21wmf11/skins/common/images/magnify-clip.png","//upload.wikimedia.org/wikipedia/commons/thumb/5/5e/Ausangate-hillside-MT.jpg/220px-Ausangate-hillside-MT.jpg","//bits.wikimedia.org/static-1.21wmf11/skins/common/images/magnify-clip.png","//upload.wikimedia.org/wikipedia/en/thumb/9/99/Question_book-new.svg/50px-Question_book-new.svg.png","//upload.wikimedia.org/wikipedia/commons/thumb/2/2a/%C3%81rea_Cultural_Andina.png/220px-%C3%81rea_Cultural_Andina.png","//bits.wikimedia.org/static-1.21wmf11/skins/common/images/magnify-clip.png","//upload.wikimedia.org/wikipedia/commons/thumb/6/6a/Carretera_transandina.jpg/220px-Carretera_transandina.jpg","//bits.wikimedia.org/static-1.21wmf11/skins/common/images/magnify-clip.png","//upload.wikimedia.org/wikipedia/en/thumb/5/5c/Peruvianterracefarmers.jpg/220px-Peruvianterracefarmers.jpg","//bits.wikimedia.org/static-1.21wmf11/skins/common/images/magnify-clip.png","//upload.wikimedia.org/wikipedia/commons/thumb/a/ad/Huasos_Maulinos_-_Rugendas.jpg/180px-Huasos_Maulinos_-_Rugendas.jpg","//upload.wikimedia.org/wikipedia/commons/thumb/2/23/Macchupicchu.jpg/180px-Macchupicchu.jpg","//upload.wikimedia.org/wikipedia/commons/thumb/2/2c/Quechuawomanandchild.jpg/180px-Quechuawomanandchild.jpg","//upload.wikimedia.org/wikipedia/commons/thumb/8/82/Cerro_tronador_desde_lago_mascardi_01b.jpg/220px-Cerro_tronador_desde_lago_mascardi_01b.jpg","//bits.wikimedia.org/static-1.21wmf11/skins/common/images/magnify-clip.png","//upload.wikimedia.org/wikipedia/commons/thumb/c/c3/Andes_-_punta_arenas.jpg/230px-Andes_-_punta_arenas.jpg","//upload.wikimedia.org/wikipedia/commons/thumb/1/15/Llullaillaco.jpg/230px-Llullaillaco.jpg","//upload.wikimedia.org/wikipedia/commons/thumb/0/07/Camino_de_Alta.jpg/150px-Camino_de_Alta.jpg","//upload.wikimedia.org/wikipedia/commons/thumb/e/e3/Nevado_Sajama.jpg/230px-Nevado_Sajama.jpg","//upload.wikimedia.org/wikipedia/commons/thumb/5/52/Huayna_Potos%C3%AD_La_Paz_-_Bolivia.jpg/230px-Huayna_Potos%C3%AD_La_Paz_-_Bolivia.jpg","//upload.wikimedia.org/wikipedia/commons/thumb/d/d0/Laguna_Verde_Bolivia.jpg/230px-Laguna_Verde_Bolivia.jpg","//upload.wikimedia.org/wikipedia/commons/thumb/4/49/Parinacota.jpg/230px-Parinacota.jpg","//upload.wikimedia.org/wikipedia/commons/thumb/a/a7/Stgo_Abril.jpg/230px-Stgo_Abril.jpg","//upload.wikimedia.org/wikipedia/commons/thumb/4/49/Cuernos_del_Paine_from_Lake_Peho%C3%A9.jpg/230px-Cuernos_del_Paine_from_Lake_Peho%C3%A9.jpg","//upload.wikimedia.org/wikipedia/en/thumb/9/97/Ritacuba-blanco.jpg/230px-Ritacuba-blanco.jpg","//upload.wikimedia.org/wikipedia/commons/thumb/a/a8/Nevado_del_Ruiz_by_Edgar.png/230px-Nevado_del_Ruiz_by_Edgar.png","//upload.wikimedia.org/wikipedia/commons/thumb/3/3c/Volc%C3%A1n_Chimborazo%2C_%22El_Taita_Chimborazo%22.jpg/180px-Volc%C3%A1n_Chimborazo%2C_%22El_Taita_Chimborazo%22.jpg","//upload.wikimedia.org/wikipedia/commons/thumb/b/b7/Volc%C3%A1n_Tungurahua.jpg/180px-Volc%C3%A1n_Tungurahua.jpg","//upload.wikimedia.org/wikipedia/commons/thumb/c/c2/EL_CAYAMBE_DESDE_EL_AVION.JPG/180px-EL_CAYAMBE_DESDE_EL_AVION.JPG","//upload.wikimedia.org/wikipedia/commons/thumb/c/cb/Volc%C3%A1n_El_Altar_-_Riobamba_Ecuador.jpg/180px-Volc%C3%A1n_El_Altar_-_Riobamba_Ecuador.jpg","//upload.wikimedia.org/wikipedia/commons/thumb/e/e8/Cotopaxi.jpg/180px-Cotopaxi.jpg","//upload.wikimedia.org/wikipedia/commons/thumb/2/2f/Alpamayo.jpg/230px-Alpamayo.jpg","//upload.wikimedia.org/wikipedia/commons/thumb/4/4f/Chachani_and_Misti.jpg/230px-Chachani_and_Misti.jpg","//upload.wikimedia.org/wikipedia/commons/thumb/f/fb/Nevadohuandoy.jpg/230px-Nevadohuandoy.jpg","//upload.wikimedia.org/wikipedia/commons/thumb/5/5d/Yerupaja_Grande.jpg/150px-Yerupaja_Grande.jpg","//upload.wikimedia.org/wikipedia/commons/thumb/e/e5/Picoboliivar.jpg/230px-Picoboliivar.jpg","//upload.wikimedia.org/wikipedia/commons/thumb/e/e3/Pico_Humboldt.jpg/230px-Pico_Humboldt.jpg","//upload.wikimedia.org/wikipedia/commons/thumb/2/2b/Picolaconcha.png/230px-Picolaconcha.png","//upload.wikimedia.org/wikipedia/commons/thumb/d/dd/Picoelaguila.jpg/230px-Picoelaguila.jpg","//upload.wikimedia.org/wikipedia/commons/thumb/1/1a/Picoeltoro.jpg/230px-Picoeltoro.jpg","//upload.wikimedia.org/wikipedia/commons/thumb/6/6a/Picoleon.jpg/230px-Picoleon.jpg","//upload.wikimedia.org/wikipedia/commons/thumb/2/25/Picomu%C3%B1uquc.jpg/230px-Picomu%C3%B1uquc.jpg","//upload.wikimedia.org/wikipedia/en/thumb/4/4a/Commons-logo.svg/30px-Commons-logo.svg.png","//upload.wikimedia.org/wikipedia/commons/thumb/6/6b/Land_ocean_ice_cloud_hires.jpg/110px-Land_ocean_ice_cloud_hires.jpg","//bits.wikimedia.org/static-1.21wmf11/skins/vector/images/search-ltr.png?303-4","//bits.wikimedia.org/images/wikimedia-button.png","//bits.wikimedia.org/static-1.21wmf11/skins/common/images/poweredby_mediawiki_88x31.png"],"tags":[["depression","geology"],["summit","topography"],["chimborazo","volcano"],["terrace","agriculture"],["fault","geology"],["fold","geology"],["pluton","geology"],["huemul","zoology"],["aqueduct","watercourse"],["immunity","medical"],["terrace","agriculture"],["mineralization","geology"],["maipo","volcano"],["iru_phutunqu","chile-nor_lípez"],["santa_isabel","volcano"],["cordillera_oriental","colombia"],["cayambe","volcano"],["chimborazo","volcano"],["corazón","volcano"],["chimborazo","volcano"],["cayambe","volcano"],["el_toro","andes"],["apu","god"],["cordillera_central","luzon"]],"members":["cordillera_central","santa_isabel","depression","cayambe","apu","mineralization","summit","immunity","aqueduct","terrace","huemul","fold","maipo","chimborazo","cordillera_oriental","iru_phutunqu","pluton","el_toro","corazón","fault"],"related":["Quechua_languages","Anti_Suyu","Argentina","Chile","Bogotá","Santiago,_Chile","Medellín","La_Paz,_Bolivia","Santiago_de_Cali","Quito","Pasto","Mérida,_Mérida","Arequipa","Mendoza,_Argentina","Cuenca,_Ecuador","Cochabamba","Pereira,_Colombia","Ibagué","Salta","Manizales","Cúcuta","Huancayo","Cusco","Bucaramanga","Sucre","Aconcagua","Las_Heras_Department","Mendoza_Province","Argentina","Continental_crust","Mountain_range","South_America","18th_parallel_south","20th_parallel_south","Latitude","Argentina","Bolivia","Chile","Colombia","Ecuador","Peru","Venezuela","Depression_(geology)","Plateau","City","Quito","Bogotá","Arequipa","Medellín","Sucre","La_Paz","Altiplano","Tibetan_plateau","Aconcagua","Sea_level","Summit_(topography)","Chimborazo_(volcano)","Equatorial_bulge","Earth's_rotation","Volcano","Ojos_del_Salado","Argentina","Quechua_languages","Inca_empire","Spanish_language","Terrace_(agriculture)","Llullaillaco","Pasto","Sierra_Nevada_de_Santa_Marta","Aruba","Bonaire","Curaçao","Caribbean_Sea","Mesozoic","Tertiary","Orogenic","Pacific_Ring_of_Fire","Volcanic_activity","Asia-Pacific","Plate_tectonics","Subduction","Oceanic_crust","South_American_plate","South_American_Plate","Nazca_Plate","Antarctic_Plate","Sedimentary_basin","Orinoco","Amazon_Basin","Madre_de_Dios_River","Gran_Chaco","Craton","Pacific_Ocean","Peru-Chile_trench","Subduction","South_American_Plate","Orogeny","Proterozoic","Paleozoic","Terrane","Microcontinent","Craton","South_American_Plate","Gondwana","Triassic","Rift","Jurassic","Cretaceous","Tectonic_uplift","Fault_(geology)","Fold_(geology)","Sedimentary_rock","Metamorphic_rock","Erosion","Subduction_zone","Nazca_Plate","Antarctic_Plate","South_American_Plate","Orogeny","Earthquake","Volcanic_eruption","Transform_fault","Tierra_del_Fuego","Scotia_Plate","Drake_Passage","Antarctic_Peninsula","Quilotoa","Ecuador","Subduction","Calc-alkalic","Mid-ocean_ridge","Seamount","Magma","Ore","Salt","Fold_and_thrust_belt","Hydrocarbon","Atacama_desert","Porphyry_copper","Copper","Hydrothermal_fluid","Pluton_(geology)","Meteoric_water","Chile_saltpeter","Dry_lake","Salar_de_Atacama","Salar_de_Uyuni","Lithium","Neogene","Tin","Cerro_Rico","Rainforest","Snow_line","Tierra_del_Fuego","Dry_Andes","Wet_Andes","Atacama_Desert","Maule_River","Ablation","Glacier_ice_accumulation","Mendoza_Province","Rock_glacier","Solar_radiation","Natural_region","Caribbean","Cape_Horn","Rainforest","Deforestation","El_Chocó","Interandean_Valles","Deciduous","Xeric","Vascular_plants","Endemism","Biodiversity_hotspot","Quinine","Malaria","Tobacco","Potato","Inca","Modern_history","Endangered","Ausangate","Endemism","Amphibians","Mammals","Birds","Reptile","Fish","Vicuña","Guanaco","Altiplano","Domesticated","Llama","Alpaca","Pack_animal","Meat","Wool","Chinchilla","Rodent","Andean_Condor","Western_Hemisphere","Huemul_(zoology)","Cougar","Tinamou","Andean_Goose","Giant_Coot","Flamingo","Hypersaline","Lesser_Rhea","Andean_Flicker","Diademed_Sandpiper-plover","Geositta","Phrygilus","Diuca","Lake_Titicaca","Titicaca_Flightless_Grebe","Titicaca_Water_Frog","Hummingbirds","Oreotrochilus","Species_richness","Cloud_forest","Yungas","Mountain_Tapir","Spectacled_Bear","Yellow-tailed_Woolly_Monkey","Mountain-toucan","Quetzal","Andean_Cock-of-the-rock","Mixed_species_flock","Tanagers","Furnariids","Crypsis","Wrens","Tapaculo","Antpitta","Royal_Cinclodes","White-browed_Tit-spinetail","Threatened","Inca_civilization","Inca_Empire","Imperialist","Militarism","Aqueduct_(watercourse)","Roads","Immunity_(medical)","Huancas","Chachapoyas_culture","Cañari","Francisco_Pizarro","Machu_Picchu","Quechua_languages","Aymara_language","Woodbine_Parish","Joseph_Barclay_Pentland","Bogota,_Colombia","Santiago_de_Chile","Medellin,_Colombia","Venezuela","Bogotá","Medellín","Cali,_Colombia","Quito,_Ecuador","Mérida,_Venezuela","La_Paz,_Bolivia","Santiago,_Chile","Cusco,_Peru","Asphalt","Four-wheel-drive","Highway","Railroad","Civil_engineering","Paso_Internacional_Los_Libertadores","Paraguay","War_of_the_Pacific","Chilean_Army","Chilean_Navy","Landlocked","Seaport","Uruguay","Motorized_vehicle","Ecuador","Camel","Llama","Alpaca","Donkey","Mule","Irrigation","Terrace_(agriculture)","Potato","Maize","Chicha","Tobacco","Cotton","Coffee","Coca","Tisane","Cocaine","Spanish_colonization_of_the_Americas","Mineralization_(geology)","Potosí","Bolivia","Cerro_de_Pasco","Río_de_la_Plata","Argentina","Chile","Peru","Copper","Peru","Yanacocha","Tin","Price_revolution","Silver","Mining","Potosí","Porphyry_copper_deposit","Chuquicamata","Escondida","Toquepala_mine","Huaso","Huayna_Picchu","Machu_Picchu","Quechuas","Sacred_Valley","Aconcagua","Cerro_Bonete","Galán","Mercedario","Monte_Pissis","Cerro_Bayo_Complex","Cerro_Chaltén","Patagonia","Cerro_Escorial","Cordón_del_Azufre","Falso_Azufre","Incahuasi","Lastarria","Llullaillaco","Maipo_(volcano)","Marmolejo","Ojos_del_Salado","Olca","Sierra_Nevada_de_Lagunas_Bravas","Socompa","Nevado_Tres_Cruces","Tronador","Tupungato","Nacimiento,_Chile","Torres_del_Paine","Chile","Llullaillaco","Janq'u_Uma","Cabaray","Chacaltaya","Huayna_Potosí","Illampu","Illimani","Macizo_de_Larancagua","Macizo_de_Pacuni","Nevado_Anallajsi","Nevado_Sajama","Patilla_Pata","Tata_Sabaya","Nevado_Sajama","Huayna_Potosí","Acotango","Cerro_Minchincha","Iru_Phutunqu_(Chile-Nor_Lípez)","Licancabur","Olca","Parinacota_Volcano","Paruma","Pomerape","Licancabur","Parinacota_Volcano","Monte_San_Valentin","Cordillera_del_Paine","Cerro_Macá","Monte_Darwin","Volcan_Hudson","Cerro_Castillo_Dynevor","Mount_Tarn","Santiago,_Chile","Torres_del_Paine_National_Park","Nevado_del_Huila","Nevado_del_Ruiz","Nevado_del_Tolima","Sierra_Nevada_del_Cocuy","Sierra_Nevada_del_Cocuy","Cumbal_Volcano","Cerro_Negro_de_Mayasquer","Ritacuba_Blanco","Nevado_del_Quindío","Purace","Santa_Isabel_(volcano)","Doña_Juana","Galeras","Azufral","Cordillera_Oriental_(Colombia)","Colombia","Nevado_del_Ruiz","Antisana","Cayambe_(volcano)","Chimborazo_(volcano)","Corazón_(volcano)","Cotopaxi","El_Altar","Illiniza","Pichincha_Volcano","Quilotoa","Reventador","Sangay","Tungurahua","Titicacha","Chimborazo_(volcano)","Riobamba","Ecuador","Tungurahua","Ecuador","Cayambe_(volcano)","El_Altar","Riobamba","Cotopaxi","Pichincha_Volcano","Quito","Alpamayo","Artesonraju","Carnicero","Chumpi","El_Misti","El_Toro_(Andes)","Huandoy","Huascarán","Jirishanca","Nevado_de_Huaytapallana","Pumasillu","Rasac","Rondoy","Sarapo","Seria_Norte","Siula_Grande","Yerupaja","Yerupaja_Chico","Alpamayo","Chachani","El_Misti","Huandoy","Yerupaja","Pico_Bolívar","Pico_Humboldt","Pico_Bonpland","Pico_La_Concha","Pico_Piedras_Blancas","Pico_Bolívar","Pico_Humboldt","Pico_La_Concha","Andean_Geology","Scientific_journal","Andesite_line","Apu_(god)","Cordillera_Central_(Luzon)","Philippines","List_of_longest_mountain_chains_in_the_world","Prominence"]}