{"cursor":"2261","size":15,"audio":[],"currentlang":"en","article":"\n'Higher' may refer to:\n","linknr":113,"url":"higher","recorded":1363350738,"links":["/w/index.php?title=Higher&action=edit","/w/index.php?title=Higher&action=edit","//en.wikipedia.org/apple-touch-icon.png","//bits.wikimedia.org/favicon/wikipedia.ico","/w/opensearch_desc.php","//en.wikipedia.org/w/api.php?action=rsd","//creativecommons.org/licenses/by-sa/3.0/","/w/index.php?title=Special:RecentChanges&feed=atom","//bits.wikimedia.org/en.wikipedia.org/load.php?debug=false&lang=en&modules=ext.gadget.DRN-wizard%2CReferenceTooltips%2Ccharinsert%2Cteahouse%7Cext.wikihiero%7Cmediawiki.legacy.commonPrint%2Cshared%7Cmw.PopUpMediaTransform%7Cskins.vector&only=styles&skin=vector&*","//bits.wikimedia.org/en.wikipedia.org/load.php?debug=false&lang=en&modules=site&only=styles&skin=vector&*","//bits.wikimedia.org/en.wikipedia.org/load.php?debug=false&lang=en&modules=startup&only=scripts&skin=vector&*","//bits.wikimedia.org/geoiplookup","//meta.wikimedia.org","#mw-head","#p-search","//upload.wikimedia.org/wikipedia/commons/thumb/f/f8/Wiktionary-logo-en.svg/37px-Wiktionary-logo-en.svg.png","//en.wiktionary.org/wiki/higher","#Education","#Music","#Songs","#Albums","/w/index.php?title=Higher&action=edit&section=1","/wiki/Higher_(Scottish)","/w/index.php?title=Higher&action=edit&section=2","/wiki/The_Higher","/w/index.php?title=Higher&action=edit&section=3","/wiki/Higher_(Creed_song)","/wiki/Higher_(Erik_Gr%C3%B6nwall_song)","/wiki/Higher_(Game_song)","/wiki/Higher_(Gloria_Estefan_song)","/wiki/Higher_(The_Saturdays_song)","/wiki/Higher_(Taio_Cruz_song)","/wiki/Foundation_(Breakage_album)","/wiki/Heidi_Montag","/wiki/Higher_Learning","/wiki/Perspective_(Jason_Becker_album)","/wiki/David_Guetta_production_discography#Jeremy_Greene_-_Paper_Planes:_The_Mixtape","/wiki/Murdered_Love","/wiki/And_the_Summertime_Pool_Party","/wiki/Dance_to_the_Music_(Sly_and_the_Family_Stone_album)","/wiki/I_Want_to_Take_You_Higher","/wiki/Starstylers","/wiki/Tiffany_(singer)","/wiki/Nyusha","/w/index.php?title=Higher&action=edit&section=4","/wiki/Higher_(Ala_Boratyn_album)","/wiki/Higher_(Ezio_album)","/wiki/Higher_(Harem_Scarem_album)","/wiki/Higher_(The_Overtones_album)","/wiki/Higher_(ReinXeed_album)","/wiki/Higher_(Roch_Voisine_album)","/wiki/Life_Church_UK","/wiki/Russell_Robertson","/wiki/Sly_and_the_Family_Stone_discography#Compilations_and_other_releases","/wiki/File:Disambig_gray.svg","//upload.wikimedia.org/wikipedia/en/thumb/5/5f/Disambig_gray.svg/30px-Disambig_gray.svg.png","/wiki/Help:Disambiguation","//en.wikipedia.org/w/index.php?title=Special:WhatLinksHere/Higher&namespace=0","http://en.wikipedia.org/w/index.php?title=Higher&oldid=544054440","/wiki/Help:Categories","/wiki/Category:Disambiguation_pages","/wiki/Category:All_article_disambiguation_pages","/wiki/Category:All_disambiguation_pages","/w/index.php?title=Special:UserLogin&returnto=Higher&type=signup","/w/index.php?title=Special:UserLogin&returnto=Higher","/wiki/Higher","/wiki/Talk:Higher","#","/wiki/Higher","/w/index.php?title=Higher&action=edit","/w/index.php?title=Higher&action=history","#","/w/index.php","//bits.wikimedia.org/static-1.21wmf11/skins/vector/images/search-ltr.png?303-4","/wiki/Main_Page","/wiki/Main_Page","/wiki/Portal:Contents","/wiki/Portal:Featured_content","/wiki/Portal:Current_events","/wiki/Special:Random","//donate.wikimedia.org/wiki/Special:FundraiserRedirector?utm_source=donate&utm_medium=sidebar&utm_campaign=C13_en.wikipedia.org&uselang=en","/wiki/Help:Contents","/wiki/Wikipedia:About","/wiki/Wikipedia:Community_portal","/wiki/Special:RecentChanges","/wiki/Wikipedia:Contact_us","/wiki/Special:WhatLinksHere/Higher","/wiki/Special:RecentChangesLinked/Higher","/wiki/Wikipedia:File_Upload_Wizard","/wiki/Special:SpecialPages","/w/index.php?title=Higher&oldid=544054440","/w/index.php?title=Higher&action=info","/w/index.php?title=Special:Cite&page=Higher&id=544054440","/w/index.php?title=Special:Book&bookcmd=book_creator&referer=Higher","/w/index.php?title=Special:Book&bookcmd=render_article&arttitle=Higher&oldid=544054440&writer=rl","/w/index.php?title=Higher&printable=yes","//it.wikipedia.org/wiki/Higher","//sv.wikipedia.org/wiki/Higher","//www.wikidata.org/wiki/Special:ItemByTitle/enwiki/Higher","//en.wikipedia.org/wiki/Wikipedia:Text_of_Creative_Commons_Attribution-ShareAlike_3.0_Unported_License","//creativecommons.org/licenses/by-sa/3.0/","//wikimediafoundation.org/wiki/Terms_of_Use","//www.wikimediafoundation.org/","//wikimediafoundation.org/wiki/Privacy_policy","/wiki/Wikipedia:About","/wiki/Wikipedia:General_disclaimer","http://en.m.wikipedia.org/wiki/Higher","//wikimediafoundation.org/","//bits.wikimedia.org/images/wikimedia-button.png","//www.mediawiki.org/","//bits.wikimedia.org/static-1.21wmf11/skins/common/images/poweredby_mediawiki_88x31.png","//bits.wikimedia.org/en.wikipedia.org/load.php?debug=false&lang=en&modules=skins.vector&only=scripts&skin=vector&*","/w/index.php?title=MediaWiki:Gadget-ReferenceTooltips.js&action=raw&ctype=text/javascript&508635914","//bits.wikimedia.org/en.wikipedia.org/load.php?debug=false&lang=en&modules=site&only=scripts&skin=vector&*"],"instances":["singer","roch_voisine_album"],"pdf":[],"categories":[],"headings":["Education","Music"],"image":["//upload.wikimedia.org/wikipedia/commons/thumb/f/f8/Wiktionary-logo-en.svg/37px-Wiktionary-logo-en.svg.png","//upload.wikimedia.org/wikipedia/en/thumb/5/5f/Disambig_gray.svg/30px-Disambig_gray.svg.png","//bits.wikimedia.org/static-1.21wmf11/skins/vector/images/search-ltr.png?303-4","//bits.wikimedia.org/images/wikimedia-button.png","//bits.wikimedia.org/static-1.21wmf11/skins/common/images/poweredby_mediawiki_88x31.png"],"tags":[["higher","scottish"],["higher","creed_song"],["higher","erik_grönwall_song"],["higher","game_song"],["higher","gloria_estefan_song"],["higher","the_saturdays_song"],["higher","taio_cruz_song"],["tiffany","singer"],["higher","ala_boratyn_album"],["higher","ezio_album"],["higher","harem_scarem_album"],["higher","the_overtones_album"],["higher","reinxeed_album"],["higher","roch_voisine_album"]],"members":["tiffany","higher"],"related":["Higher_(Scottish)","The_Higher","Higher_(Creed_song)","Higher_(Erik_Grönwall_song)","Higher_(Game_song)","Higher_(Gloria_Estefan_song)","Higher_(The_Saturdays_song)","Higher_(Taio_Cruz_song)","Heidi_Montag","I_Want_to_Take_You_Higher","Starstylers","Tiffany_(singer)","Nyusha","Higher_(Ala_Boratyn_album)","Higher_(Ezio_album)","Higher_(Harem_Scarem_album)","Higher_(The_Overtones_album)","Higher_(ReinXeed_album)","Higher_(Roch_Voisine_album)","Life_Church_UK","Russell_Robertson"]}