{"cursor":"276","size":14,"audio":[],"currentlang":"en","article":"'Transactional database' may refer to:\n\n* Operational database of customer transactions\n* Database transaction - a transactional database could be one that is ACID-\n  compliant for each database transaction\n* Navigational database\n","linknr":79,"url":"Transactional_database","recorded":1362891307,"links":11,"instances":[],"pdf":[],"categories":[],"headings":[],"image":["//upload.wikimedia.org/wikipedia/en/thumb/5/5f/Disambig_gray.svg/30px-Disambig_gray.svg.png","//bits.wikimedia.org/static-1.21wmf10/skins/vector/images/search-ltr.png?303-4","//bits.wikimedia.org/images/wikimedia-button.png","//bits.wikimedia.org/static-1.21wmf10/skins/common/images/poweredby_mediawiki_88x31.png"],"tags":[],"members":[],"related":["Operational_database","Database_transaction","Navigational_database"]}