{"cursor":"6712","size":15,"audio":[],"currentlang":"en","article":"'Keith Oliver' is a British top logistician and consultant famous for coining\nthe terms \"Supply Chain\" and \"Supply Chain Management\" David Jacoby (2009),\nGuide to Supply Chain Management: How Getting it Right Boosts Corporate\nPerformance (The Economist Books), Bloomberg Press; 1st edition, ISBN 978-\n1576603451 Andrew Feller, Dan Shunk, & Tom Callarman (2006). BPTrends,\nMarch 2006 - Value Chains Vs. Supply Chains David Blanchard (2010),\nSupply Chain Management Best Practices, 2nd. Edition, John Wiley & Sons, ISBN\n9780470531884 Betty A. Kildow (2011) A Supply Chain Management Guide\nto Business Continuity, American Management Association. ISBN\n9780814416457 Damon Schechter (2002) Delivering the Goods: The Art of\nManaging Your Supply Chain, John Wiley & Sons.ISBN 0471211141 Kenneth\nM. Eades (2010) The Portable MBA, John Wiley & Sons. ISBN 9780470481295\nfirst using them in public in an interview with Arnold Kransdorff on the\nFinancial Times on June 4, 1982. Heckmann, Shorten, Engel (2003) Supply\nChain management at 21: The hard road to adulthood.\n","linknr":141,"url":"Keith_Oliver","recorded":1363421937,"links":["/w/index.php?title=Keith_Oliver&action=edit","/w/index.php?title=Keith_Oliver&action=edit","//en.wikipedia.org/apple-touch-icon.png","//bits.wikimedia.org/favicon/wikipedia.ico","/w/opensearch_desc.php","//en.wikipedia.org/w/api.php?action=rsd","//creativecommons.org/licenses/by-sa/3.0/","/w/index.php?title=Special:RecentChanges&feed=atom","//bits.wikimedia.org/en.wikipedia.org/load.php?debug=false&lang=en&modules=ext.gadget.DRN-wizard%2CReferenceTooltips%2Ccharinsert%2Cteahouse%7Cext.wikihiero%7Cmediawiki.legacy.commonPrint%2Cshared%7Cmw.PopUpMediaTransform%7Cskins.vector&only=styles&skin=vector&*","//bits.wikimedia.org/en.wikipedia.org/load.php?debug=false&lang=en&modules=site&only=styles&skin=vector&*","//bits.wikimedia.org/en.wikipedia.org/load.php?debug=false&lang=en&modules=startup&only=scripts&skin=vector&*","//bits.wikimedia.org/geoiplookup","//meta.wikimedia.org","#mw-head","#p-search","/wiki/Supply_Chain","/wiki/Supply_Chain_Management","#cite_note-1","#cite_note-2","#cite_note-3","#cite_note-4","#cite_note-5","#cite_note-6","/wiki/Financial_Times","#cite_note-7","#Education_and_career","#Supply_Chain_Management_term_coining","#Keith_Oliver.27s_Supply_Chain_Management_definition","#Supply_Chain_term_adulthood_and_30th_anniversary","#References","/w/index.php?title=Keith_Oliver&action=edit&section=1","/wiki/Booz_%26_Company","/wiki/Booz_Allen_Hamilton","#cite_note-8","#cite_note-9","#cite_note-10","#cite_note-11","#cite_note-12","/w/index.php?title=Keith_Oliver&action=edit&section=2","/wiki/Strategy%2BBusiness","#cite_note-13","/wiki/Supply_Chain_Management","/wiki/Supply-Chain_Council","#cite_note-14","#cite_note-15","/w/index.php?title=Keith_Oliver&action=edit&section=3","#cite_note-16","/w/index.php?title=Keith_Oliver&action=edit&section=4","#cite_note-17","#cite_note-18","#cite_note-19","/w/index.php?title=Keith_Oliver&action=edit&section=5","#cite_ref-1","/wiki/Special:BookSources/9781576603451","#cite_ref-2","#cite_ref-3","/wiki/Special:BookSources/9780470531884","#cite_ref-4","/wiki/Special:BookSources/9780814416457","#cite_ref-5","/wiki/Special:BookSources/0471211141","#cite_ref-6","/wiki/Special:BookSources/9780470481295","#cite_ref-7","#cite_ref-8","/wiki/Special:BookSources/0471211141","#cite_ref-9","#cite_ref-10","#cite_ref-11","http://www.strategy-business.com/press/article/04104","#cite_ref-12","/wiki/Special:BookSources/0566079380","#cite_ref-13","http://www.strategy-business.com/article/03304?gko=54182","#cite_ref-14","http://www.value-chain.org/en/cms/?2807","#cite_ref-15","http://measuredperformance.blogspot.com/2007/12/defining-supply-chain-management-whos_05.html","#cite_ref-16","http://www.supplychainrecruit.com/content/supply-chain-explained-26.htm","#cite_ref-17","http://www.informationweek.com/news/10100101","#cite_ref-18","http://enterpriseresilienceblog.typepad.com/enterprise_resilience_man/2012/06/thirty-years-of-supply-chain-management.html","#cite_ref-19","http://blog.kinaxis.com/2012/03/scm30-what-can-we-learn-from-supply-chain-management-mistakes/","/wiki/Wikipedia:Persondata","http://en.wikipedia.org/w/index.php?title=Keith_Oliver&oldid=542866318","/wiki/Help:Categories","/wiki/Category:Living_people","/wiki/Category:Supply_chain_management","/wiki/Category:Supply_chain_management_terms","/wiki/Category:Persondata_templates_without_short_description_parameter","/wiki/Category:Year_of_birth_missing_(living_people)","/w/index.php?title=Special:UserLogin&returnto=Keith+Oliver&type=signup","/w/index.php?title=Special:UserLogin&returnto=Keith+Oliver","/wiki/Keith_Oliver","/wiki/Talk:Keith_Oliver","#","/wiki/Keith_Oliver","/w/index.php?title=Keith_Oliver&action=edit","/w/index.php?title=Keith_Oliver&action=history","#","/w/index.php","//bits.wikimedia.org/static-1.21wmf11/skins/vector/images/search-ltr.png?303-4","/wiki/Main_Page","/wiki/Main_Page","/wiki/Portal:Contents","/wiki/Portal:Featured_content","/wiki/Portal:Current_events","/wiki/Special:Random","//donate.wikimedia.org/wiki/Special:FundraiserRedirector?utm_source=donate&utm_medium=sidebar&utm_campaign=C13_en.wikipedia.org&uselang=en","/wiki/Help:Contents","/wiki/Wikipedia:About","/wiki/Wikipedia:Community_portal","/wiki/Special:RecentChanges","/wiki/Wikipedia:Contact_us","/wiki/Special:WhatLinksHere/Keith_Oliver","/wiki/Special:RecentChangesLinked/Keith_Oliver","/wiki/Wikipedia:File_Upload_Wizard","/wiki/Special:SpecialPages","/w/index.php?title=Keith_Oliver&oldid=542866318","/w/index.php?title=Keith_Oliver&action=info","/w/index.php?title=Special:Cite&page=Keith_Oliver&id=542866318","/w/index.php?title=Special:Book&bookcmd=book_creator&referer=Keith+Oliver","/w/index.php?title=Special:Book&bookcmd=render_article&arttitle=Keith+Oliver&oldid=542866318&writer=rl","/w/index.php?title=Keith_Oliver&printable=yes","//en.wikipedia.org/wiki/Wikipedia:Text_of_Creative_Commons_Attribution-ShareAlike_3.0_Unported_License","//creativecommons.org/licenses/by-sa/3.0/","//wikimediafoundation.org/wiki/Terms_of_Use","//www.wikimediafoundation.org/","//wikimediafoundation.org/wiki/Privacy_policy","/wiki/Wikipedia:About","/wiki/Wikipedia:General_disclaimer","http://en.m.wikipedia.org/wiki/Keith_Oliver","//wikimediafoundation.org/","//bits.wikimedia.org/images/wikimedia-button.png","//www.mediawiki.org/","//bits.wikimedia.org/static-1.21wmf11/skins/common/images/poweredby_mediawiki_88x31.png","//bits.wikimedia.org/en.wikipedia.org/load.php?debug=false&lang=en&modules=skins.vector&only=scripts&skin=vector&*","/w/index.php?title=MediaWiki:Gadget-ReferenceTooltips.js&action=raw&ctype=text/javascript&508635914","//bits.wikimedia.org/en.wikipedia.org/load.php?debug=false&lang=en&modules=site&only=scripts&skin=vector&*"],"instances":[],"pdf":[],"categories":["Year of birth missing (living people)","Living people","Supply chain management","Supply chain management terms"],"headings":["Education and career","''Supply Chain Management'' term coining","Keith Oliver's Supply Chain Management definition","''Supply Chain'' term adulthood and 30th anniversary","References"],"image":["//bits.wikimedia.org/static-1.21wmf11/skins/vector/images/search-ltr.png?303-4","//bits.wikimedia.org/images/wikimedia-button.png","//bits.wikimedia.org/static-1.21wmf11/skins/common/images/poweredby_mediawiki_88x31.png"],"tags":[],"members":[],"related":["Supply_Chain","Supply_Chain_Management","Financial_Times","Booz_&_Company","Booz_Allen_Hamilton","Strategy+Business","Supply_Chain_Management","Supply-Chain_Council"]}