{"cursor":"16146","size":15,"audio":[],"currentlang":"en","article":"In computer science, 'separation of concerns' ('SoC') is a design principle for\nseparating a computer program into distinct sections, such that each section\naddresses a separate concern. A concern is a set of information that affects the\ncode of a computer program. A concern can be as general as the details of the\nhardware the code is being optimized for, or as specific as the name of a class\nto instantiate. A program that embodies SoC well is called a modular program. Modularity, and hence separation of concerns, is\nachieved by encapsulating information inside a section of code that has a well\ndefined interface. Encapsulation is a means of information hiding. Layered designs in information systems are another\nembodiment of separation of concerns (e.g., presentation layer, business logic\nlayer, data access layer, database layer).\n\nThe value of separation of concerns is simplifying development and maintenance\nof computer programs. When concerns are well separated, individual sections\ncan be developed and updated independently. Of especial value is the ability\nto later improve or modify one section of code without having to know the\ndetails of other sections, and without having to make corresponding changes to\nthose sections.\n","linknr":216,"url":"Separation_of_concerns","recorded":1363182202,"links":["/w/index.php?title=Separation_of_concerns&action=edit","/w/index.php?title=Separation_of_concerns&action=edit","//en.wikipedia.org/apple-touch-icon.png","//bits.wikimedia.org/favicon/wikipedia.ico","/w/opensearch_desc.php","//en.wikipedia.org/w/api.php?action=rsd","//creativecommons.org/licenses/by-sa/3.0/","/w/index.php?title=Special:RecentChanges&feed=atom","//bits.wikimedia.org/en.wikipedia.org/load.php?debug=false&lang=en&modules=ext.gadget.DRN-wizard%2CReferenceTooltips%2Ccharinsert%2Cteahouse%7Cext.geshi.local%7Cext.wikihiero%7Cmediawiki.legacy.commonPrint%2Cshared%7Cmw.PopUpMediaTransform%7Cskins.vector&only=styles&skin=vector&*","//bits.wikimedia.org/en.wikipedia.org/load.php?debug=false&lang=en&modules=site&only=styles&skin=vector&*","//bits.wikimedia.org/en.wikipedia.org/load.php?debug=false&lang=en&modules=startup&only=scripts&skin=vector&*","//bits.wikimedia.org/geoiplookup","//meta.wikimedia.org","#mw-head","#p-search","/wiki/Computer_science","/wiki/Computer_program","/wiki/Concern_(computer_science)","/wiki/Modularity_(programming)","#cite_note-laplante-1","/wiki/Encapsulation_(computer_science)","/wiki/Information_hiding","#cite_note-mitchell-2","#cite_note-microsoft-3","#Implementation","#Origin","#Examples","#Internet_protocol_stack","#HTML.2C_CSS.2C_JavaScript","#Subject-oriented_programming","#Aspect-oriented_programming","#Software_build_automation","#Normalized_Systems","#SoC_via_partial_classes","#SoC_via_partial_classes_in_C.23","#SoC_via_partial_classes_in_Ruby","#See_also","#References","#External_references","/w/index.php?title=Separation_of_concerns&action=edit&section=1","/wiki/Programming_language","#cite_note-richard-4","/wiki/Object-oriented_programming","/wiki/Delphi_programming_language","/wiki/C%2B%2B","/wiki/Java_(programming_language)","/wiki/C_Sharp_(programming_language)","/wiki/Object_(computer_science)","/wiki/Design_pattern_(computer_science)","/wiki/Model-view-controller","/wiki/Separation_of_presentation_and_content","/wiki/Service-orientation","/wiki/Service_(Systems_Architecture)","/wiki/Procedural_programming","/wiki/C_(programming_language)","/wiki/Pascal_(programming_language)","/wiki/Procedure_(computer_science)","/wiki/Aspect-oriented_programming","/wiki/Aspect_(computer_science)","/wiki/Object_(computer_science)","/wiki/Urban_planning","/wiki/Architecture","/wiki/Information_design","#cite_note-garofalo-5","/w/index.php?title=Separation_of_concerns&action=edit&section=2","/wiki/Edsger_W._Dijkstra","#cite_note-6","#cite_note-7","/w/index.php?title=Separation_of_concerns&action=edit&section=3","/w/index.php?title=Separation_of_concerns&action=edit&section=4","/wiki/Internet_Protocol_Suite","/wiki/OSI_Model","/wiki/Internet_Layer","/w/index.php?title=Separation_of_concerns&action=edit&section=5","/wiki/HTML","/wiki/Cascading_Style_Sheets","/wiki/JavaScript","/w/index.php?title=Separation_of_concerns&action=edit&section=6","/wiki/Subject-oriented_programming","/wiki/Subject-oriented_programming#Multi-Dimensional_Separation_of_Concerns.2C_Hyper.2FJ_and_the_Concern_Manipulation_Environment","/w/index.php?title=Separation_of_concerns&action=edit&section=7","/wiki/Aspect-oriented_programming","/wiki/Cross-cutting_concern","/wiki/Computer_security","/wiki/Data_logging","#cite_note-8","/w/index.php?title=Separation_of_concerns&action=edit&section=8","/wiki/Build_automation","/w/index.php?title=Separation_of_concerns&action=edit&section=9","/wiki/Normalized_Systems","/w/index.php?title=Separation_of_concerns&action=edit&section=10","/wiki/Partial_class","#cite_note-9","/w/index.php?title=Separation_of_concerns&action=edit&section=11","/wiki/Aspect_(computer_science)","/w/index.php?title=Multidimensional_separation_of_concerns&action=edit&redlink=1","/w/index.php?title=Separation_of_concerns&action=edit&section=12","/w/index.php?title=Separation_of_concerns&action=edit&section=13","/wiki/Abstraction_principle_(programming)","/wiki/Aspect-oriented_software_development","/wiki/Concern_(computer_science)","/wiki/Core_concern","/wiki/Cross-cutting_concern","/wiki/Holism","/wiki/Modular_design","/wiki/Modular_programming","/wiki/Orthogonality#Computer_science","/wiki/Separation_of_presentation_and_content","/wiki/Coupling_(computer_science)","/w/index.php?title=Separation_of_concerns&action=edit&section=14","#cite_ref-laplante_1-0","http://books.google.com/books?id=pFHYk0KWAEgC&pg=PA85&dq=%22separation+of+concerns%22&hl=en&sa=X&ei=WQ_aUNn5DYjNiwLS54GADQ&ved=0CEwQ6AEwAw#v=onepage&q=%22separation%20of%20concerns%22&f=false","/wiki/International_Standard_Book_Number","/wiki/Special:BookSources/0849372283","http://books.google.com/books?id=pFHYk0KWAEgC&pg=PA85&dq=%22separation+of+concerns%22&hl=en&sa=X&ei=WQ_aUNn5DYjNiwLS54GADQ&ved=0CEwQ6AEwAw#v=onepage&q=%22separation%20of%20concerns%22&f=false","#cite_ref-mitchell_2-0","http://books.google.com/books?id=uXtHeZt8ZowC&pg=PA5&dq=%22separation+of+concerns%22&hl=en&sa=X&ei=WQ_aUNn5DYjNiwLS54GADQ&ved=0CFEQ6AEwBA#v=onepage&q=%22separation%20of%20concerns%22&f=false","/wiki/International_Standard_Book_Number","/wiki/Special:BookSources/0863411711","http://books.google.com/books?id=uXtHeZt8ZowC&pg=PA5&dq=%22separation+of+concerns%22&hl=en&sa=X&ei=WQ_aUNn5DYjNiwLS54GADQ&ved=0CFEQ6AEwBA#v=onepage&q=%22separation%20of%20concerns%22&f=false","#cite_ref-microsoft_3-0","http://books.google.com/books?id=D9on897Ep7AC&pg=PT54&dq=%22separation+of+concerns%22+%22layered+design%22&hl=en&sa=X&ei=0xPaUKKJMITmiwKhiYDYCA&ved=0CDgQ6AEwAQ","/wiki/International_Standard_Book_Number","/wiki/Special:BookSources/0-7356-2710-X","http://books.google.com/books?id=D9on897Ep7AC&pg=PT54&dq=%22separation+of+concerns%22+%22layered+design%22&hl=en&sa=X&ei=0xPaUKKJMITmiwKhiYDYCA&ved=0CDgQ6AEwAQ","#cite_ref-richard_4-0","http://citeseerx.ist.psu.edu/viewdoc/download?doi=10.1.1.110.9227&rep=rep1&type=pdf","http://citeseerx.ist.psu.edu/viewdoc/download?doi=10.1.1.110.9227&rep=rep1&type=pdf","#cite_ref-garofalo_5-0","http://books.google.com/books?id=6WJ5oQT0dcUC&pg=PA18&dq=%22separation+of+concerns%22+%22urban+planning%22&hl=en&sa=X&ei=CxjaUK-hN-yVjAKz84D4Cg&ved=0CDQQ6AEwAA#v=onepage&q=%22separation%20of%20concerns%22%20%22urban%20planning%22&f=false","/wiki/International_Standard_Book_Number","/wiki/Special:BookSources/0735650926","http://books.google.com/books?id=6WJ5oQT0dcUC&pg=PA18&dq=%22separation+of+concerns%22+%22urban+planning%22&hl=en&sa=X&ei=CxjaUK-hN-yVjAKz84D4Cg&ved=0CDQQ6AEwAA#v=onepage&q=%22separation%20of%20concerns%22%20%22urban%20planning%22&f=false","#cite_ref-6","/wiki/Edsger_W._Dijkstra","http://www.cs.utexas.edu/users/EWD/transcriptions/EWD04xx/EWD447.html","/wiki/International_Standard_Book_Number","/wiki/Special:BookSources/0-387-90652-5","http://www.cs.utexas.edu/users/EWD/transcriptions/EWD04xx/EWD447.html","#cite_ref-7","/w/index.php?title=Chris_Reade&action=edit&redlink=1","/wiki/International_Standard_Book_Number","/wiki/Special:BookSources/0-201-12915-9","#cite_ref-8","http://jess.heidrun.dk/cv/BuildingSecureApp.pdf","http://jess.heidrun.dk/cv/BuildingSecureApp.pdf","#cite_ref-9","http://ptsoft.net/tdd/papers/TDIAS06_HyperNet__MDSOC_support_for_NET.pdf","http://ptsoft.net/tdd/papers/TDIAS06_HyperNet__MDSOC_support_for_NET.pdf","/w/index.php?title=Separation_of_concerns&action=edit&section=15","http://www.aspiringcraftsman.com/2008/01/art-of-separation-of-concerns/","http://www.research.ibm.com/hyperspace/","http://trese.cs.utwente.nl/taosad/separation_of_concerns.htm","http://www.comp.lancs.ac.uk/computing/users/marash/aopws2001/","http://en.wikipedia.org/w/index.php?title=Separation_of_concerns&oldid=543036001","/wiki/Help:Categories","/wiki/Category:Reductionism","/wiki/Category:Programming_principles","/w/index.php?title=Special:UserLogin&returnto=Separation+of+concerns&type=signup","/w/index.php?title=Special:UserLogin&returnto=Separation+of+concerns","/wiki/Separation_of_concerns","/wiki/Talk:Separation_of_concerns","#","/wiki/Separation_of_concerns","/w/index.php?title=Separation_of_concerns&action=edit","/w/index.php?title=Separation_of_concerns&action=history","#","/w/index.php","//bits.wikimedia.org/static-1.21wmf10/skins/vector/images/search-ltr.png?303-4","/wiki/Main_Page","/wiki/Main_Page","/wiki/Portal:Contents","/wiki/Portal:Featured_content","/wiki/Portal:Current_events","/wiki/Special:Random","//donate.wikimedia.org/wiki/Special:FundraiserRedirector?utm_source=donate&utm_medium=sidebar&utm_campaign=C13_en.wikipedia.org&uselang=en","/wiki/Help:Contents","/wiki/Wikipedia:About","/wiki/Wikipedia:Community_portal","/wiki/Special:RecentChanges","/wiki/Wikipedia:Contact_us","/wiki/Special:WhatLinksHere/Separation_of_concerns","/wiki/Special:RecentChangesLinked/Separation_of_concerns","/wiki/Wikipedia:File_Upload_Wizard","/wiki/Special:SpecialPages","/w/index.php?title=Separation_of_concerns&oldid=543036001","/w/index.php?title=Separation_of_concerns&action=info","/w/index.php?title=Special:Cite&page=Separation_of_concerns&id=543036001","/w/index.php?title=Special:Book&bookcmd=book_creator&referer=Separation+of+concerns","/w/index.php?title=Special:Book&bookcmd=render_article&arttitle=Separation+of+concerns&oldid=543036001&writer=rl","/w/index.php?title=Separation_of_concerns&printable=yes","//ar.wikipedia.org/wiki/%D9%81%D8%B5%D9%84_%D8%A7%D9%84%D8%A7%D9%87%D8%AA%D9%85%D8%A7%D9%85%D8%A7%D8%AA","//cs.wikipedia.org/wiki/Odd%C4%9Blen%C3%AD_zodpov%C4%9Bdnost%C3%AD","//de.wikipedia.org/wiki/Cross-Cutting_Concern#Separation_of_Concerns","//ja.wikipedia.org/wiki/%E9%96%A2%E5%BF%83%E3%81%AE%E5%88%86%E9%9B%A2","//pt.wikipedia.org/wiki/Separa%C3%A7%C3%A3o_de_conceitos","//ru.wikipedia.org/wiki/%D0%A0%D0%B0%D0%B7%D0%B4%D0%B5%D0%BB%D0%B5%D0%BD%D0%B8%D0%B5_%D0%BE%D1%82%D0%B2%D0%B5%D1%82%D1%81%D1%82%D0%B2%D0%B5%D0%BD%D0%BD%D0%BE%D1%81%D1%82%D0%B8","//sv.wikipedia.org/wiki/Inkapsling_(Separation_of_Concerns)","//ta.wikipedia.org/wiki/%E0%AE%85%E0%AE%95%E0%AF%8D%E0%AE%95%E0%AE%B1%E0%AF%88%E0%AE%95%E0%AE%B3%E0%AF%88%E0%AE%AA%E0%AF%8D_%E0%AE%AA%E0%AE%BF%E0%AE%B0%E0%AE%BF%E0%AE%A4%E0%AF%8D%E0%AE%A4%E0%AE%BE%E0%AE%AF%E0%AF%8D%E0%AE%A4%E0%AE%B2%E0%AF%8D","//zh.wikipedia.org/wiki/%E5%85%B3%E6%B3%A8%E7%82%B9%E5%88%86%E7%A6%BB","//www.wikidata.org/wiki/Special:ItemByTitle/enwiki/Separation of concerns","//en.wikipedia.org/wiki/Wikipedia:Text_of_Creative_Commons_Attribution-ShareAlike_3.0_Unported_License","//creativecommons.org/licenses/by-sa/3.0/","//wikimediafoundation.org/wiki/Terms_of_Use","//www.wikimediafoundation.org/","//en.wikipedia.org/wiki/Wikipedia:Contact_us","//wikimediafoundation.org/wiki/Privacy_policy","/wiki/Wikipedia:About","/wiki/Wikipedia:General_disclaimer","http://en.m.wikipedia.org/wiki/Separation_of_concerns","//wikimediafoundation.org/","//bits.wikimedia.org/images/wikimedia-button.png","//www.mediawiki.org/","//bits.wikimedia.org/static-1.21wmf10/skins/common/images/poweredby_mediawiki_88x31.png","//bits.wikimedia.org/en.wikipedia.org/load.php?debug=false&lang=en&modules=skins.vector&only=scripts&skin=vector&*","/w/index.php?title=MediaWiki:Gadget-ReferenceTooltips.js&action=raw&ctype=text/javascript&508635914","//bits.wikimedia.org/en.wikipedia.org/load.php?debug=false&lang=en&modules=site&only=scripts&skin=vector&*"],"instances":["computer_science","computer_science","computer_science","programming_language","programming","systems_architecture","computer_science","computer_science","programming_language","programming_language","programming","computer_science","programming_language","computer_science"],"pdf":["http://citeseerx.ist.psu.edu/viewdoc/download?doi=10.1.1.110.9227&rep=rep1&type=pdf","http://citeseerx.ist.psu.edu/viewdoc/download?doi=10.1.1.110.9227&rep=rep1&type=pdf","http://jess.heidrun.dk/cv/BuildingSecureApp.pdf","http://jess.heidrun.dk/cv/BuildingSecureApp.pdf","http://ptsoft.net/tdd/papers/TDIAS06_HyperNet__MDSOC_support_for_NET.pdf","http://ptsoft.net/tdd/papers/TDIAS06_HyperNet__MDSOC_support_for_NET.pdf"],"categories":["Reductionism","Programming principles"],"headings":["Implementation","Origin","Examples","See also","References","External references"],"image":["//bits.wikimedia.org/static-1.21wmf10/skins/vector/images/search-ltr.png?303-4","//bits.wikimedia.org/images/wikimedia-button.png","//bits.wikimedia.org/static-1.21wmf10/skins/common/images/poweredby_mediawiki_88x31.png"],"tags":[["concern","computer_science"],["modularity","programming"],["encapsulation","computer_science"],["java","programming_language"],["c_sharp","programming_language"],["object","computer_science"],["design_pattern","computer_science"],["service","systems_architecture"],["c","programming_language"],["pascal","programming_language"],["procedure","computer_science"],["aspect","computer_science"],["object","computer_science"],["aspect","computer_science"],["abstraction_principle","programming"],["concern","computer_science"],["coupling","computer_science"]],"members":["design_pattern","object","aspect","java","modularity","service","concern","coupling","pascal","c","abstraction_principle","encapsulation","c_sharp","procedure"],"related":["Computer_science","Computer_program","Concern_(computer_science)","Modularity_(programming)","Encapsulation_(computer_science)","Information_hiding","Programming_language","Object-oriented_programming","Delphi_programming_language","C++","Java_(programming_language)","C_Sharp_(programming_language)","Object_(computer_science)","Design_pattern_(computer_science)","Model-view-controller","Separation_of_presentation_and_content","Service-orientation","Service_(Systems_Architecture)","Procedural_programming","C_(programming_language)","Pascal_(programming_language)","Procedure_(computer_science)","Aspect-oriented_programming","Aspect_(computer_science)","Object_(computer_science)","Urban_planning","Architecture","Information_design","Edsger_W._Dijkstra","Internet_Protocol_Suite","OSI_Model","Internet_Layer","HTML","Cascading_Style_Sheets","JavaScript","Subject-oriented_programming","Aspect-oriented_programming","Cross-cutting_concern","Computer_security","Data_logging","Build_automation","Normalized_Systems","Partial_class","Aspect_(computer_science)","Multidimensional_separation_of_concerns","Abstraction_principle_(programming)","Aspect-oriented_software_development","Concern_(computer_science)","Core_concern","Cross-cutting_concern","Holism","Modular_design","Modular_programming","Separation_of_presentation_and_content","Coupling_(computer_science)"]}