{"cursor":"4957","size":15,"audio":[],"currentlang":"en","article":"\n{{Infobox settlement \n| name = Clayton No. 333 native_name = native_name_lang =  settlement_type =\n| Rural municipality image_skyline = image_alt = image_caption = image_flag =\n| flag_alt = image_seal = seal_alt = image_shield = shield_alt = nickname =\n| motto = image_map = map_alt = map_caption = pushpin_map =\n| pushpin_label_position = pushpin_map_alt = pushpin_map_caption = latd = |latm\n| = |lats = |latNS = longd = |longm = |longs = |longEW = coor_pinpoint =\n| coordinates_type = coordinates_display = inline,title coordinates_footnotes =\n| subdivision_type = Country subdivision_name = subdivision_type1 = Province\n| subdivision_name1 = Saskatchewan subdivision_type2 = subdivision_name2 =\n| subdivision_type3 = subdivision_name3 = established_title = established_date =\n| founder = seat_type = seat = Hamlet of Hyas government_footnotes =\n| leader_party = leader_title = leader_name = unit_pref = Metric area_footnotes = area_total_km2 = 1,401.69 area_land_km2 = area_water_km2\n| = area_water_percent = area_note = elevation_footnotes = elevation_m =\n| population_footnotes = population_total = 753 population_as_of = 2006\n| population_density_km2 = auto population_demonym = population_note = timezone1\n| = utc_offset1 = timezone1_DST = utc_offset1_DST = postal_code_type =\n| postal_code = area_code_type = area_code = iso_code = website = \n| footnotes =\n}}\n\n'Clayton No. 333' is a rural municipality in the Canadian province of\nSaskatchewan, located in the Census Division 9. The seat of the municipality is\nlocated in the Hamlet of Hyas.\n","linknr":475,"url":"Clayton_No._333,_Saskatchewan","recorded":1364141975,"links":["/w/index.php?title=Clayton_No._333,_Saskatchewan&action=edit","/w/index.php?title=Clayton_No._333,_Saskatchewan&action=edit","//en.wikipedia.org/apple-touch-icon.png","//bits.wikimedia.org/favicon/wikipedia.ico","/w/opensearch_desc.php","//en.wikipedia.org/w/api.php?action=rsd","//creativecommons.org/licenses/by-sa/3.0/","/w/index.php?title=Special:RecentChanges&feed=atom","//bits.wikimedia.org/en.wikipedia.org/load.php?debug=false&lang=en&modules=ext.gadget.DRN-wizard%2CReferenceTooltips%2Ccharinsert%2Cteahouse%7Cext.wikihiero%7Cmediawiki.legacy.commonPrint%2Cshared%7Cmw.PopUpMediaTransform%7Cskins.vector&only=styles&skin=vector&*","//bits.wikimedia.org/en.wikipedia.org/load.php?debug=false&lang=en&modules=site&only=styles&skin=vector&*","//bits.wikimedia.org/en.wikipedia.org/load.php?debug=false&lang=en&modules=startup&only=scripts&skin=vector&*","//bits.wikimedia.org/geoiplookup","//meta.wikimedia.org","#mw-head","#p-search","/wiki/Clayton_(disambiguation)","/wiki/List_of_rural_municipalities_in_Saskatchewan","//upload.wikimedia.org/wikipedia/en/thumb/c/cf/Flag_of_Canada.svg/22px-Flag_of_Canada.svg.png","/wiki/Canada","/wiki/Provinces_of_Canada","/wiki/Saskatchewan","/wiki/List_of_rural_municipalities_in_Saskatchewan","/wiki/Canada","/wiki/Saskatchewan","/wiki/Division_No._9,_Saskatchewan","/wiki/Hyas,_Saskatchewan","#Demographics","#Communities","#Transportation","#Attractions","#See_also","#References","#External_links","/w/index.php?title=Clayton_No._333,_Saskatchewan&action=edit&section=1","/wiki/Rural_municipality","#cite_note-1","/w/index.php?title=Clayton_No._333,_Saskatchewan&action=edit&section=2","/wiki/Norquay,_Saskatchewan","/wiki/Hyas,_Saskatchewan","/wiki/Swan_Plain,_Saskatchewan","/w/index.php?title=Arabella,_Saskatchewan&action=edit&redlink=1","/wiki/Danbury,_Saskatchewan","/w/index.php?title=Stennen,_Saskatchewan&action=edit&redlink=1","/w/index.php?title=Clayton_No._333,_Saskatchewan&action=edit&section=3","/wiki/Saskatchewan_Highway_8","/wiki/Saskatchewan_Highway_9","/wiki/Saskatchewan_Highway_49","/wiki/Saskatchewan_Highway_650","/wiki/Saskatchewan_Highway_662","/wiki/Saskatchewan_Highway_753","/wiki/Canadian_National_Railway","/w/index.php?title=Clayton_No._333,_Saskatchewan&action=edit&section=4","/w/index.php?title=Sturgis_Station_House_Museum&action=edit&redlink=1","/w/index.php?title=Fort_Pelly_National_Historic_Site&action=edit&redlink=1","/w/index.php?title=Prairie_National_Wildlife_Area&action=edit&redlink=1","/w/index.php?title=Sturgis_%26_District_Regional_Park&action=edit&redlink=1","/w/index.php?title=Clayton_No._333,_Saskatchewan&action=edit&section=5","/wiki/List_of_rural_municipalities_in_Saskatchewan","/w/index.php?title=Clayton_No._333,_Saskatchewan&action=edit&section=6","#cite_ref-1","http://www12.statcan.ca/census-recensement/2006/dp-pd/prof/92-591/details/page.cfm?B1=All&Code1=4709067&Code2=47&Custom=&Data=Count&Geo1=CSD&Geo2=PR&Lang=E&SearchPR=01&SearchText=Clayton+No.+333&SearchType=Begins","/w/index.php?title=Clayton_No._333,_Saskatchewan&action=edit&section=7","http://www.mds.gov.sk.ca/apps/Pub/MDS/muniDetails.aspx?cat=10&mun=2351","/wiki/Template:Subdivisions_of_Saskatchewan","/wiki/Template_talk:Subdivisions_of_Saskatchewan","//en.wikipedia.org/w/index.php?title=Template:Subdivisions_of_Saskatchewan&action=edit","/wiki/Saskatchewan","//upload.wikimedia.org/wikipedia/commons/thumb/b/bb/Flag_of_Saskatchewan.svg/22px-Flag_of_Saskatchewan.svg.png","/wiki/Saskatchewan","/wiki/List_of_communities_in_Saskatchewan","/wiki/List_of_Saskatchewan_census_divisions","/wiki/Saskatchewan_Association_of_Rural_Municipalities","/wiki/List_of_rural_municipalities_in_Saskatchewan","/wiki/List_of_regions_of_Canada#Saskatchewan","/wiki/List_of_communities_in_Saskatchewan","/wiki/List_of_towns_in_Saskatchewan","/wiki/Villages_of_Saskatchewan","/wiki/Hamlets_of_Saskatchewan","/wiki/List_of_ghost_towns_in_Saskatchewan","/wiki/List_of_Indian_reserves_in_Saskatchewan","/wiki/List_of_cities_in_Canada#Saskatchewan","/wiki/Estevan","/wiki/Flin_Flon","/wiki/Humboldt,_Saskatchewan","/wiki/Lloydminster","/wiki/Martensville,_Saskatchewan","/wiki/Meadow_Lake,_Saskatchewan","/wiki/Melfort,_Saskatchewan","/wiki/Melville,_Saskatchewan","/wiki/Moose_Jaw","/wiki/North_Battleford","/wiki/Prince_Albert,_Saskatchewan","/wiki/Regina,_Saskatchewan","/wiki/Saskatoon","/wiki/Swift_Current","/wiki/Warman,_Saskatchewan","/wiki/Weyburn","/wiki/Yorkton","/wiki/List_of_rural_municipalities_in_Saskatchewan","/wiki/Aberdeen_No._373,_Saskatchewan","/wiki/Abernethy_No._186,_Saskatchewan","/wiki/Antelope_Park_No._322,_Saskatchewan","/wiki/Antler_No._61,_Saskatchewan","/wiki/Arborfield_No._456,_Saskatchewan","/wiki/Argyle_No._1,_Saskatchewan","/wiki/Arlington_No._79,_Saskatchewan","/wiki/Arm_River_No._252,_Saskatchewan","/wiki/Auvergne_No._76,_Saskatchewan","/wiki/Baildon_No._131,_Saskatchewan","/wiki/Barrier_Valley_No._397,_Saskatchewan","/wiki/Battle_River_No._438,_Saskatchewan","/wiki/Bayne_No._371,_Saskatchewan","/wiki/Beaver_River_No._622,_Saskatchewan","/wiki/Bengough_No._40,_Saskatchewan","/wiki/Benson_No._35,_Saskatchewan","/wiki/Big_Arm_No._251,_Saskatchewan","/wiki/Biggar_No._347,_Saskatchewan","/wiki/Big_Quill_No._308,_Saskatchewan","/wiki/Big_River_No._555,_Saskatchewan","/wiki/Big_Stick_No._141,_Saskatchewan","/wiki/Birch_Hills_No._460,_Saskatchewan","/wiki/Bjorkdale_No._426,_Saskatchewan","/wiki/Blaine_Lake_No._434,_Saskatchewan","/wiki/Blucher_No._343,_Saskatchewan","/wiki/Bone_Creek_No._108,_Saskatchewan","/wiki/Bratt%27s_Lake_No._129,_Saskatchewan","/wiki/Brittania_No._502,_Saskatchewan","/wiki/Brock_No._64,_Saskatchewan","/wiki/Brokenshell_No._68,_Saskatchewan","/wiki/Browning_No._34,_Saskatchewan","/wiki/Buchanan_No._304,_Saskatchewan","/wiki/Buckland_No._491,_Saskatchewan","/wiki/Buffalo_No._409,_Saskatchewan","/wiki/Calder_No._241,_Saskatchewan","/wiki/Caledonia_No._99,_Saskatchewan","/wiki/Cambria_No._6,_Saskatchewan","/wiki/Cana_No._214,_Saskatchewan","/wiki/Canaan_No._225,_Saskatchewan","/wiki/Canwood_No._494,_Saskatchewan","/wiki/Carmichael_No._109,_Saskatchewan","/wiki/Caron_No._162,_Saskatchewan","/wiki/Chaplin_No._164,_Saskatchewan","/wiki/Chester_No._125,_Saskatchewan","/wiki/Chesterfield_No._261,_Saskatchewan","/wiki/Churchbridge_No._211,_Saskatchewan","/wiki/Clinworth_No._230,_Saskatchewan","/wiki/Coalfields_No._4,_Saskatchewan","/wiki/Colonsay_No._342,_Saskatchewan","/wiki/Connaught_No._457,_Saskatchewan","/wiki/Corman_Park_No._344,_Saskatchewan","/wiki/Cote_No._271,_Saskatchewan","/wiki/Coteau_No._255,_Saskatchewan","/wiki/Coulee_No._136,_Saskatchewan","/wiki/Craik_No._222,_Saskatchewan","/wiki/Cupar_No._218,_Saskatchewan","/wiki/Cut_Knife_No._439,_Saskatchewan","/wiki/Cymri_No._36,_Saskatchewan","/wiki/Deer_Forks_No._232,_Saskatchewan","/wiki/Douglas_No._436,_Saskatchewan","/wiki/Duck_Lake_No._463,_Saskatchewan","/wiki/Dufferin_No._190,_Saskatchewan","/wiki/Dundurn_No._314,_Saskatchewan","/wiki/Eagle_Creek_No._376,_Saskatchewan","/wiki/Edenwold_No._158,_Saskatchewan","/wiki/Elcapo_No._154,_Saskatchewan","/wiki/Eldon_No._471,_Saskatchewan","/wiki/Elfros_No._307,_Saskatchewan","/wiki/Elmsthorpe_No._100,_Saskatchewan","/wiki/Emerald_No._277,_Saskatchewan","/wiki/Enfield_No._194,_Saskatchewan","/wiki/Enniskillen_No._3,_Saskatchewan","/wiki/Enterprise_No._142,_Saskatchewan","/wiki/Estevan_No._5,_Saskatchewan","/wiki/Excel_No._71,_Saskatchewan","/wiki/Excelsior_No._166,_Saskatchewan","/wiki/Eyebrow_No._193,_Saskatchewan","/wiki/Eye_Hill_No._382,_Saskatchewan","/wiki/Fertile_Belt_No._183,_Saskatchewan","/wiki/Fertile_Valley_No._285,_Saskatchewan","/wiki/Fillmore_No._96,_Saskatchewan","/wiki/Fish_Creek_No._402,_Saskatchewan","/wiki/Flett%27s_Springs_No._429,_Saskatchewan","/wiki/Foam_Lake_No._276,_Saskatchewan","/wiki/Fox_Valley_No._171,_Saskatchewan","/wiki/Francis_No._127,_Saskatchewan","/wiki/Frenchman_Butte_No._501,_Saskatchewan","/wiki/Frontier_No._19,_Saskatchewan","/wiki/Gainsborough,_Saskatchewan","/wiki/Garden_River_No._490,_Saskatchewan","/wiki/Garry_No._245,_Saskatchewan","/wiki/Glen_Bain_No._105,_Saskatchewan","/wiki/Glen_McPherson_No._46,_Saskatchewan","/wiki/Glenside_No._377,_Saskatchewan","/wiki/Golden_West_No._95,_Saskatchewan","/wiki/Good_Lake_No._274,_Saskatchewan","/wiki/Grandview_No._349,_Saskatchewan","/wiki/Grant_No._372,_Saskatchewan","/wiki/Grass_Lake_No._381,_Saskatchewan","/wiki/Grassy_Creek_No._78,_Saskatchewan","/wiki/Gravelbourg_No._104,_Saskatchewan","/wiki/Grayson_No._184,_Saskatchewan","/wiki/Great_Bend_No._405,_Saskatchewan","/wiki/Greenfield_No._529,_Saskatchewan","/wiki/Griffin_No._66,_Saskatchewan","/wiki/Gull_Lake_No._139,_Saskatchewan","/wiki/Happyland_No._231,_Saskatchewan","/wiki/Happy_Valley_No._10,_Saskatchewan","/wiki/Harris_No._316,_Saskatchewan","/wiki/Hart_Butte_No._11,_Saskatchewan","/wiki/Hazel_Dell_No._335,_Saskatchewan","/wiki/Hazelwood_No._94,_Saskatchewan","/wiki/Heart%27s_Hill_No._352,_Saskatchewan","/wiki/Hillsborough_No._132,_Saskatchewan","/wiki/Hillsdale_No._440,_Saskatchewan","/wiki/Hoodoo_No._401,_Saskatchewan","/wiki/Hudson_Bay_No._394,_Saskatchewan","/wiki/Humboldt_No._370,_Saskatchewan","/wiki/Huron_No._223,_Saskatchewan","/wiki/Indian_Head_No._156,_Saskatchewan","/wiki/Insinger_No._275,_Saskatchewan","/wiki/Invergordon_No._430,_Saskatchewan","/wiki/Invermay_No._305,_Saskatchewan","/wiki/Ituna_Bon_Accord_No._246,_Saskatchewan","/wiki/Kellross_No._247,_Saskatchewan","/wiki/Kelvington_No._366,_Saskatchewan","/wiki/Keys_No._303,_Saskatchewan","/wiki/Key_West_No._70,_Saskatchewan","/wiki/Kindersley_No._290,_Saskatchewan","/wiki/King_George_No._256,_Saskatchewan","/wiki/Kingsley_No._124,_Saskatchewan","/wiki/Kinistino_No._459,_Saskatchewan","/wiki/Lacadena_No._228,_Saskatchewan","/wiki/Lac_Pelletier_No._107,_Saskatchewan","/wiki/Laird_No._404,_Saskatchewan","/wiki/Lajord_No._128,_Saskatchewan","/wiki/Lake_Alma_No._8,_Saskatchewan","/wiki/Lake_Johnston_No._102,_Saskatchewan","/wiki/Lakeland_No._521,_Saskatchewan","/wiki/Lake_Lenore_No._399,_Saskatchewan","/wiki/Lake_of_the_Rivers_No._72,_Saskatchewan","/wiki/Lakeside_No._338,_Saskatchewan","/wiki/Lakeview_No._337,_Saskatchewan","/wiki/Langenburg_No._181,_Saskatchewan","/wiki/Last_Mountain_Valley_No._250,_Saskatchewan","/wiki/Laurier_No._38,_Saskatchewan","/wiki/Lawtonia_No._135,_Saskatchewan","/wiki/Leask_No._464,_Saskatchewan","/wiki/Leroy_No._339,_Saskatchewan","/wiki/Lipton_No._217,_Saskatchewan","/wiki/Livingston_No._331,_Saskatchewan","/wiki/Lomond_No._37,_Saskatchewan","/wiki/Lone_Tree_No._18,_Saskatchewan","/wiki/Longlaketon_No._219,_Saskatchewan","/wiki/Loon_Lake_No._561,_Saskatchewan","/wiki/Loreburn_No._254,_Saskatchewan","/wiki/Lost_River_No._313,_Saskatchewan","/wiki/Lumsden_No._189,_Saskatchewan","/wiki/Manitou_Lake_No._442,_Saskatchewan","/wiki/Mankota_No._45,_Saskatchewan","/wiki/Maple_Bush_No._224,_Saskatchewan","/wiki/Maple_Creek_No._111,_Saskatchewan","/wiki/Mariposa_No._350,_Saskatchewan","/wiki/Marquis_No._191,_Saskatchewan","/wiki/Marriott_No._317,_Saskatchewan","/wiki/Martin_No._122,_Saskatchewan","/wiki/Maryfield_No._91,_Saskatchewan","/wiki/Mayfield_No._406,_Saskatchewan","/wiki/McCraney_No._282,_Saskatchewan","/wiki/McKillop_No._220,_Saskatchewan","/wiki/McLeod_No._185,_Saskatchewan","/wiki/Meadow_Lake_No._588,_Saskatchewan","/wiki/Medstead_No._497,_Saskatchewan","/wiki/Meeting_Lake_No._466,_Saskatchewan","/wiki/Meota_No._468,_Saskatchewan","/wiki/Mervin_No._499,_Saskatchewan","/wiki/Milden_No._286,_Saskatchewan","/wiki/Milton_No._292,_Saskatchewan","/wiki/Miry_Creek_No._229,_Saskatchewan","/wiki/Monet_No._257,_Saskatchewan","/wiki/Montmartre_No._126,_Saskatchewan","/wiki/Montrose_No._315,_Saskatchewan","/wiki/Moose_Creek_No._33,_Saskatchewan","/wiki/Moose_Jaw_No._161,_Saskatchewan","/wiki/Moose_Mountain_No._63,_Saskatchewan","/wiki/Moose_Range_No._486,_Saskatchewan","/wiki/Moosomin_No._121,_Saskatchewan","/wiki/Morris_No._312,_Saskatchewan","/wiki/Morse_No._165,_Saskatchewan","/wiki/Mountain_View_No._318,_Saskatchewan","/wiki/Mount_Hope_No._279,_Saskatchewan","/wiki/Mount_Pleasant_No._2,_Saskatchewan","/wiki/Newcombe_No._260,_Saskatchewan","/wiki/Nipawin_No._487,_Saskatchewan","/wiki/North_Battleford_No._437,_Saskatchewan","/wiki/North_Qu%27Appelle_No._187,_Saskatchewan","/wiki/Norton_No._69,_Saskatchewan","/wiki/Oakdale_No._320,_Saskatchewan","/wiki/Old_Post_No._43,_Saskatchewan","/wiki/Orkney_No._244,_Saskatchewan","/wiki/Paddockwood_No._520,_Saskatchewan","/wiki/Parkdale_No._498,_Saskatchewan","/wiki/Paynton_No._470,_Saskatchewan","/wiki/Pense_No._160,_Saskatchewan","/wiki/Perdue_No._346,_Saskatchewan","/wiki/Piapot_No._110,_Saskatchewan","/wiki/Pinto_Creek_No._75,_Saskatchewan","/wiki/Pittville_No._169,_Saskatchewan","/wiki/Pleasantdale_No._398,_Saskatchewan","/wiki/Pleasant_Valley_No._288,_Saskatchewan","/wiki/Ponass_Lake_No._367,_Saskatchewan","/wiki/Poplar_Valley_No._12,_Saskatchewan","/wiki/Porcupine_No._395,_Saskatchewan","/wiki/Prairiedale_No._321,_Saskatchewan","/wiki/Prairie_Rose_No._309,_Saskatchewan","/wiki/Preeceville_No._334,_Saskatchewan","/wiki/Prince_Albert_No._461,_Saskatchewan","/wiki/Progress_No._351,_Saskatchewan","/wiki/Reciprocity_No._32,_Saskatchewan","/wiki/Redberry_No._435,_Saskatchewan","/wiki/Redburn_No._130,_Saskatchewan","/wiki/Reford_No._379,_Saskatchewan","/wiki/Reno_No._51,_Saskatchewan","/wiki/Riverside_No._168,_Saskatchewan","/wiki/Rocanville_No._151,_Saskatchewan","/wiki/Rodgers_No._133,_Saskatchewan","/wiki/Rosedale_No._283,_Saskatchewan","/wiki/Rosemount_No._378,_Saskatchewan","/wiki/Rosthern_No._403,_Saskatchewan","/wiki/Round_Hill_No._467,_Saskatchewan","/wiki/Round_Valley_No._410,_Saskatchewan","/wiki/Rudy_No._284,_Saskatchewan","/wiki/Runnymede_No._271,_Saskatchewan","/wiki/Saltcoats_No._213,_Saskatchewan","/wiki/Sarnia_No._221,_Saskatchewan","/wiki/Saskatchewan_Landing_No._167,_Saskatchewan","/wiki/Sasman_No._336,_Saskatchewan","/wiki/Scott_No._98,_Saskatchewan","/wiki/Senlac_No._411,_Saskatchewan","/wiki/Shamrock_No._134,_Saskatchewan","/wiki/Shellbrook_No._493,_Saskatchewan","/wiki/Shell_Lake_No._495,_Saskatchewan","/wiki/Sherwood_No._159,_Saskatchewan","/wiki/Silverwood_No._123,_Saskatchewan","/wiki/Sliding_Hills_No._273,_Saskatchewan","/wiki/Snipe_Lake_No._259,_Saskatchewan","/wiki/Souris_Valley_No._7,_Saskatchewan","/wiki/South_Qu%27Appelle_No._157,_Saskatchewan","/wiki/Spalding_No._368,_Saskatchewan","/wiki/Spiritwood_No._496,_Saskatchewan","/wiki/Spy_Hill_No._152,_Saskatchewan","/wiki/St._Andrews_No._287,_Saskatchewan","/wiki/Stanley_No._215,_Saskatchewan","/wiki/Star_City_No._428,_Saskatchewan","/wiki/St._Louis_No._431,_Saskatchewan","/wiki/St._Peter_No._369,_Saskatchewan","/wiki/St._Philips_No._301,_Saskatchewan","/wiki/Stonehenge_No._73,_Saskatchewan","/wiki/Storthoaks_No._31,_Saskatchewan","/wiki/Surprise_Valley_No._9,_Saskatchewan","/wiki/Sutton_No._103,_Saskatchewan","/wiki/Swift_Current_No._137,_Saskatchewan","/wiki/Tecumseh_No._65,_Saskatchewan","/wiki/Terrell_No._101,_Saskatchewan","/wiki/The_Gap_No._39,_Saskatchewan","/wiki/Three_Lakes_No._400,_Saskatchewan","/wiki/Tisdale_No._427,_Saskatchewan","/wiki/Torch_River_No._488,_Saskatchewan","/wiki/Touchwood_No._248,_Saskatchewan","/wiki/Tramping_Lake_No._380,_Saskatchewan","/wiki/Tullymet_No._216,_Saskatchewan","/wiki/Turtle_River_No._469,_Saskatchewan","/wiki/Usborne_No._310,_Saskatchewan","/wiki/Val_Marie_No._17,_Saskatchewan","/wiki/Vanscoy_No._345,_Saskatchewan","/wiki/Victory_No._226,_Saskatchewan","/wiki/Viscount_No._341,_Saskatchewan","/wiki/Wallace_No._243,_Saskatchewan","/wiki/Walpole_No._92,_Saskatchewan","/wiki/Waverley_No._44,_Saskatchewan","/wiki/Wawken_No._93,_Saskatchewan","/wiki/Webb_No._138,_Saskatchewan","/wiki/Wellington_No._97,_Saskatchewan","/wiki/Weyburn_No._67,_Saskatchewan","/wiki/Wheatlands_No._163,_Saskatchewan","/wiki/Whiska_Creek_No._106,_Saskatchewan","/wiki/White_Valley_No._49,_Saskatchewan","/wiki/Willner_No._253,_Saskatchewan","/wiki/Willow_Bunch_No._42,_Saskatchewan","/wiki/Willow_Creek_No._458,_Saskatchewan","/wiki/Willowdale_No._153,_Saskatchewan","/wiki/Wilton_No._472,_Saskatchewan","/wiki/Winslow_No._319,_Saskatchewan","/wiki/Wise_Creek_No._77,_Saskatchewan","/wiki/Wolseley_No._155,_Saskatchewan","/wiki/Wolverine_No._340,_Saskatchewan","/wiki/Wood_Creek_No._281,_Saskatchewan","/wiki/Wood_River_No._74,_Saskatchewan","/wiki/Wreford_No._280,_Saskatchewan","/wiki/Category:Saskatchewan","/wiki/Category:Culture_of_Saskatchewan","/wiki/Geography_of_Saskatchewan","/wiki/Politics_of_Saskatchewan","/wiki/History_of_Saskatchewan","/wiki/Category:Economy_of_Saskatchewan","/wiki/Category:Visitor_attractions_in_Saskatchewan","//upload.wikimedia.org/wikipedia/en/thumb/4/48/Folder_Hexagonal_Icon.svg/16px-Folder_Hexagonal_Icon.svg.png","/wiki/Category:Saskatchewan","//upload.wikimedia.org/wikipedia/en/thumb/f/fd/Portal-puzzle.svg/16px-Portal-puzzle.svg.png","/wiki/Portal:Saskatchewan","//upload.wikimedia.org/wikipedia/commons/thumb/3/37/People_icon.svg/16px-People_icon.svg.png","/wiki/Wikipedia:WikiProject_Saskatchewan","/wiki/File:Flag_of_Saskatchewan.svg","//upload.wikimedia.org/wikipedia/commons/thumb/b/bb/Flag_of_Saskatchewan.svg/30px-Flag_of_Saskatchewan.svg.png","/wiki/Saskatchewan","/wiki/Wikipedia:Stub","//en.wikipedia.org/w/index.php?title=Clayton_No._333,_Saskatchewan&action=edit","/wiki/Template:Saskatchewan-geo-stub","/wiki/Template_talk:Saskatchewan-geo-stub","//en.wikipedia.org/w/index.php?title=Template:Saskatchewan-geo-stub&action=edit","http://en.wikipedia.org/w/index.php?title=Clayton_No._333,_Saskatchewan&oldid=523250076","/wiki/Help:Categories","/wiki/Category:Rural_municipalities_in_Saskatchewan","/wiki/Category:Clayton_No._333,_Saskatchewan","/wiki/Category:Saskatchewan_geography_stubs","/wiki/Category:Pages_with_bad_rounding_precision","/wiki/Category:Saskatchewan_articles_missing_geocoordinate_data","/wiki/Category:All_articles_needing_coordinates","/w/index.php?title=Special:UserLogin&returnto=Clayton+No.+333%2C+Saskatchewan&type=signup","/w/index.php?title=Special:UserLogin&returnto=Clayton+No.+333%2C+Saskatchewan","/wiki/Clayton_No._333,_Saskatchewan","/wiki/Talk:Clayton_No._333,_Saskatchewan","#","/wiki/Clayton_No._333,_Saskatchewan","/w/index.php?title=Clayton_No._333,_Saskatchewan&action=edit","/w/index.php?title=Clayton_No._333,_Saskatchewan&action=history","#","/w/index.php","//bits.wikimedia.org/static-1.21wmf11/skins/vector/images/search-ltr.png?303-4","/wiki/Main_Page","/wiki/Main_Page","/wiki/Portal:Contents","/wiki/Portal:Featured_content","/wiki/Portal:Current_events","/wiki/Special:Random","//donate.wikimedia.org/wiki/Special:FundraiserRedirector?utm_source=donate&utm_medium=sidebar&utm_campaign=C13_en.wikipedia.org&uselang=en","/wiki/Help:Contents","/wiki/Wikipedia:About","/wiki/Wikipedia:Community_portal","/wiki/Special:RecentChanges","/wiki/Wikipedia:Contact_us","/wiki/Special:WhatLinksHere/Clayton_No._333,_Saskatchewan","/wiki/Special:RecentChangesLinked/Clayton_No._333,_Saskatchewan","/wiki/Wikipedia:File_Upload_Wizard","/wiki/Special:SpecialPages","/w/index.php?title=Clayton_No._333,_Saskatchewan&oldid=523250076","/w/index.php?title=Clayton_No._333,_Saskatchewan&action=info","/w/index.php?title=Special:Cite&page=Clayton_No._333%2C_Saskatchewan&id=523250076","/w/index.php?title=Special:Book&bookcmd=book_creator&referer=Clayton+No.+333%2C+Saskatchewan","/w/index.php?title=Special:Book&bookcmd=render_article&arttitle=Clayton+No.+333%2C+Saskatchewan&oldid=523250076&writer=rl","/w/index.php?title=Clayton_No._333,_Saskatchewan&printable=yes","//en.wikipedia.org/wiki/Wikipedia:Text_of_Creative_Commons_Attribution-ShareAlike_3.0_Unported_License","//creativecommons.org/licenses/by-sa/3.0/","//wikimediafoundation.org/wiki/Terms_of_Use","//www.wikimediafoundation.org/","//en.wikipedia.org/wiki/Wikipedia:Contact_us","//wikimediafoundation.org/wiki/Privacy_policy","/wiki/Wikipedia:About","/wiki/Wikipedia:General_disclaimer","http://en.m.wikipedia.org/wiki/Clayton_No._333,_Saskatchewan","//wikimediafoundation.org/","//bits.wikimedia.org/images/wikimedia-button.png","//www.mediawiki.org/","//bits.wikimedia.org/static-1.21wmf11/skins/common/images/poweredby_mediawiki_88x31.png","//bits.wikimedia.org/en.wikipedia.org/load.php?debug=false&lang=en&modules=skins.vector&only=scripts&skin=vector&*","/w/index.php?title=MediaWiki:Gadget-ReferenceTooltips.js&action=raw&ctype=text/javascript&508635914","//bits.wikimedia.org/en.wikipedia.org/load.php?debug=false&lang=en&modules=site&only=scripts&skin=vector&*"],"instances":[],"pdf":[],"categories":["Rural municipalities in Saskatchewan","Clayton No. 333, Saskatchewan|*"],"headings":["Demographics","Communities","Transportation","Attractions","References","External links"],"image":["//upload.wikimedia.org/wikipedia/en/thumb/c/cf/Flag_of_Canada.svg/22px-Flag_of_Canada.svg.png","//upload.wikimedia.org/wikipedia/commons/thumb/b/bb/Flag_of_Saskatchewan.svg/22px-Flag_of_Saskatchewan.svg.png","//upload.wikimedia.org/wikipedia/en/thumb/4/48/Folder_Hexagonal_Icon.svg/16px-Folder_Hexagonal_Icon.svg.png","//upload.wikimedia.org/wikipedia/en/thumb/f/fd/Portal-puzzle.svg/16px-Portal-puzzle.svg.png","//upload.wikimedia.org/wikipedia/commons/thumb/3/37/People_icon.svg/16px-People_icon.svg.png","//upload.wikimedia.org/wikipedia/commons/thumb/b/bb/Flag_of_Saskatchewan.svg/30px-Flag_of_Saskatchewan.svg.png","//bits.wikimedia.org/static-1.21wmf11/skins/vector/images/search-ltr.png?303-4","//bits.wikimedia.org/images/wikimedia-button.png","//bits.wikimedia.org/static-1.21wmf11/skins/common/images/poweredby_mediawiki_88x31.png"],"tags":[],"members":[],"related":["List_of_rural_municipalities_in_Saskatchewan","Provinces_of_Canada","Saskatchewan","List_of_rural_municipalities_in_Saskatchewan","Canada","Saskatchewan","Division_No._9,_Saskatchewan","Hyas,_Saskatchewan","Rural_municipality","Norquay,_Saskatchewan","Hyas,_Saskatchewan","Swan_Plain,_Saskatchewan","Arabella,_Saskatchewan","Danbury,_Saskatchewan","Stennen,_Saskatchewan","Saskatchewan_Highway_8","Saskatchewan_Highway_9","Saskatchewan_Highway_49","Saskatchewan_Highway_650","Saskatchewan_Highway_662","Saskatchewan_Highway_753","Canadian_National_Railway","Sturgis_Station_House_Museum","Fort_Pelly_National_Historic_Site","Prairie_National_Wildlife_Area","Sturgis_&_District_Regional_Park","List_of_rural_municipalities_in_Saskatchewan"]}