{"cursor":"2600","size":15,"audio":[],"currentlang":"en","article":"A 'contagious disease' is a subset category of infectious diseases (or\ncommunicable diseases), which are easily transmitted by physical contact (hence\nthe name-origin) with the person suffering the disease, or by their secretions\nor objects touched by\nthem. [http://www.thefreedictionary.com/Contagious+disease Merriam-Webster\ndictionary definition of contagious disease. Accessed Nov. 27, 2009]\n\nThe 'non-contagious' category of infectious/communicable diseases usually\nrequire a special mode of transmission between hosts. These include need for\nintermediate vector species (mosquito that cause malaria) or transfer of bodily\nfluid (such as transfusions, needle-sharing or sexual contact).\n\nThe boundary between contagious and non-contagious infectious diseases is not\nperfectly drawn, as illustrated classically by tuberculosis, which is clearly\ntransmissible from person to person, but was not classically considered a\ncontagious disease. In the present day, most sexually transmitted diseases are\nconsidered contagious, but only some of them are subject to medical isolation.\n","linknr":196,"url":"Contagious_disease","recorded":1364160124,"links":["/w/index.php?title=Contagious_disease&action=edit","/w/index.php?title=Contagious_disease&action=edit","//en.wikipedia.org/apple-touch-icon.png","//bits.wikimedia.org/favicon/wikipedia.ico","/w/opensearch_desc.php","//en.wikipedia.org/w/api.php?action=rsd","//creativecommons.org/licenses/by-sa/3.0/","/w/index.php?title=Special:RecentChanges&feed=atom","//bits.wikimedia.org/en.wikipedia.org/load.php?debug=false&lang=en&modules=ext.gadget.DRN-wizard%2CReferenceTooltips%2Ccharinsert%2Cteahouse%7Cext.wikihiero%7Cmediawiki.legacy.commonPrint%2Cshared%7Cmw.PopUpMediaTransform%7Cskins.vector&only=styles&skin=vector&*","//bits.wikimedia.org/en.wikipedia.org/load.php?debug=false&lang=en&modules=site&only=styles&skin=vector&*","//bits.wikimedia.org/en.wikipedia.org/load.php?debug=false&lang=en&modules=startup&only=scripts&skin=vector&*","//bits.wikimedia.org/geoiplookup","//meta.wikimedia.org","#mw-head","#p-search","/wiki/Infectious_disease","#cite_note-1","/wiki/Tuberculosis","/w/index.php?title=Contagious_disease&action=edit&section=1","#cite_note-2","/w/index.php?title=Contagious_disease&action=edit&section=2","/wiki/Black_plague","/wiki/Filariasis","/wiki/Quarantine","#cite_note-3","/w/index.php?title=Contagious_disease&action=edit&section=3","#cite_ref-1","http://www.thefreedictionary.com/Contagious+disease","#cite_ref-2","http://www.encyclopedia.com/doc/1O62-contagiousdisease.html","#cite_ref-3","http://www.redcross.org/preparedness/cdc_english/IsoQuar.asp","/wiki/Template:Medicine","/wiki/Template_talk:Medicine","//en.wikipedia.org/w/index.php?title=Template:Medicine&action=edit","/wiki/Medicine","/wiki/Specialty_(medicine)","/wiki/Subspecialty","/wiki/Surgery","/wiki/Cardiac_surgery","/wiki/Cardiothoracic_surgery","/wiki/Colorectal_surgery","/wiki/General_surgery","/wiki/Neurosurgery","/wiki/Ophthalmology","/wiki/Oral_and_maxillofacial_surgery","/wiki/Orthopedic_surgery","/wiki/Hand_surgery","/wiki/Otolaryngology","/wiki/Pediatric_surgery","/wiki/Plastic_surgery","/wiki/Reproductive_surgery","/wiki/Surgical_oncology","/wiki/Thoracic_surgery","/wiki/Organ_transplantation","/wiki/Trauma_surgery","/wiki/Urology","/wiki/Andrology","/wiki/Vascular_surgery","/wiki/Internal_medicine","/wiki/Allergy","/wiki/Immunology","/wiki/Angiology","/wiki/Cardiology","/wiki/Endocrinology","/wiki/Gastroenterology","/wiki/Hepatology","/wiki/Geriatrics","/wiki/Hematology","/wiki/Infectious_disease","/wiki/Nephrology","/wiki/Oncology","/wiki/Pulmonology","/wiki/Rheumatology","/wiki/Obstetrics_and_gynaecology","/wiki/Gynaecology","/wiki/Gynecologic_oncology","/wiki/Maternal-fetal_medicine","/wiki/Obstetrics","/wiki/Reproductive_endocrinology_and_infertility","/wiki/Urogynecology","/wiki/Healthcare_science","/wiki/Radiology","/wiki/Interventional_radiology","/wiki/Nuclear_medicine","/wiki/Pathology","/wiki/Anatomical_pathology","/wiki/Clinical_pathology","/wiki/Clinical_chemistry","/wiki/Clinical_immunology","/wiki/Cytopathology","/wiki/Medical_microbiology","/wiki/Transfusion_medicine","/wiki/Addiction_medicine","/wiki/Adolescent_medicine","/wiki/Anesthesia","/wiki/Dermatology","/wiki/Disaster_medicine","/wiki/Emergency_medicine","/wiki/Family_medicine","/wiki/General_practitioner","/wiki/Hospital_medicine","/wiki/Intensive-care_medicine","/wiki/Medical_genetics","/wiki/Neurology","/wiki/Clinical_neurophysiology","/wiki/Occupational_medicine","/wiki/Pain_management","/wiki/Palliative_care","/wiki/Pediatrics","/wiki/Neonatology","/wiki/Physical_medicine_and_rehabilitation","/wiki/Preventive_medicine","/wiki/Psychiatry","/wiki/Radiation_oncology","/wiki/Reproductive_medicine","/wiki/Sexual_medicine","/wiki/Sleep_medicine","/wiki/Sports_medicine","/wiki/Transplantation_medicine","/wiki/Tropical_medicine","/wiki/Travel_medicine","/wiki/Physician","/wiki/Doctor_of_Medicine","/wiki/Bachelor_of_Medicine,_Bachelor_of_Surgery","/wiki/Doctor_of_Osteopathic_Medicine","/wiki/Dentistry","/wiki/Podiatry","/wiki/Veterinary_medicine","/wiki/History_of_medicine","/wiki/Medical_education","/wiki/Medical_school","/wiki/Personalized_medicine","/wiki/File:Rod_of_Asclepius2.svg","//upload.wikimedia.org/wikipedia/commons/thumb/e/e3/Rod_of_Asclepius2.svg/9px-Rod_of_Asclepius2.svg.png","/wiki/Disease","/wiki/Wikipedia:Stub","//en.wikipedia.org/w/index.php?title=Contagious_disease&action=edit","/wiki/Template:Disease-stub","/wiki/Template_talk:Disease-stub","//en.wikipedia.org/w/index.php?title=Template:Disease-stub&action=edit","http://en.wikipedia.org/w/index.php?title=Contagious_disease&oldid=545044208","/wiki/Help:Categories","/wiki/Category:Infectious_diseases","/wiki/Category:Disease_stubs","/w/index.php?title=Special:UserLogin&returnto=Contagious+disease&type=signup","/w/index.php?title=Special:UserLogin&returnto=Contagious+disease","/wiki/Contagious_disease","/wiki/Talk:Contagious_disease","#","/wiki/Contagious_disease","/w/index.php?title=Contagious_disease&action=edit","/w/index.php?title=Contagious_disease&action=history","#","/w/index.php","//bits.wikimedia.org/static-1.21wmf11/skins/vector/images/search-ltr.png?303-4","/wiki/Main_Page","/wiki/Main_Page","/wiki/Portal:Contents","/wiki/Portal:Featured_content","/wiki/Portal:Current_events","/wiki/Special:Random","//donate.wikimedia.org/wiki/Special:FundraiserRedirector?utm_source=donate&utm_medium=sidebar&utm_campaign=C13_en.wikipedia.org&uselang=en","/wiki/Help:Contents","/wiki/Wikipedia:About","/wiki/Wikipedia:Community_portal","/wiki/Special:RecentChanges","/wiki/Wikipedia:Contact_us","/wiki/Special:WhatLinksHere/Contagious_disease","/wiki/Special:RecentChangesLinked/Contagious_disease","/wiki/Wikipedia:File_Upload_Wizard","/wiki/Special:SpecialPages","/w/index.php?title=Contagious_disease&oldid=545044208","/w/index.php?title=Contagious_disease&action=info","/w/index.php?title=Special:Cite&page=Contagious_disease&id=545044208","/w/index.php?title=Special:Book&bookcmd=book_creator&referer=Contagious+disease","/w/index.php?title=Special:Book&bookcmd=render_article&arttitle=Contagious+disease&oldid=545044208&writer=rl","/w/index.php?title=Contagious_disease&printable=yes","//es.wikipedia.org/wiki/Enfermedad_contagiosa","//fi.wikipedia.org/wiki/Tartuntatauti","//www.wikidata.org/wiki/Special:ItemByTitle/enwiki/Contagious disease","//en.wikipedia.org/wiki/Wikipedia:Text_of_Creative_Commons_Attribution-ShareAlike_3.0_Unported_License","//creativecommons.org/licenses/by-sa/3.0/","//wikimediafoundation.org/wiki/Terms_of_Use","//www.wikimediafoundation.org/","//en.wikipedia.org/wiki/Wikipedia:Contact_us","//wikimediafoundation.org/wiki/Privacy_policy","/wiki/Wikipedia:About","/wiki/Wikipedia:General_disclaimer","http://en.m.wikipedia.org/wiki/Contagious_disease","//wikimediafoundation.org/","//bits.wikimedia.org/images/wikimedia-button.png","//www.mediawiki.org/","//bits.wikimedia.org/static-1.21wmf11/skins/common/images/poweredby_mediawiki_88x31.png","//bits.wikimedia.org/en.wikipedia.org/load.php?debug=false&lang=en&modules=skins.vector&only=scripts&skin=vector&*","/w/index.php?title=MediaWiki:Gadget-ReferenceTooltips.js&action=raw&ctype=text/javascript&508635914","//bits.wikimedia.org/en.wikipedia.org/load.php?debug=false&lang=en&modules=site&only=scripts&skin=vector&*"],"instances":[],"pdf":[],"categories":["Infectious diseases|*"],"headings":["Historical meaning","Usefulness","References"],"image":["//upload.wikimedia.org/wikipedia/commons/thumb/e/e3/Rod_of_Asclepius2.svg/9px-Rod_of_Asclepius2.svg.png","//bits.wikimedia.org/static-1.21wmf11/skins/vector/images/search-ltr.png?303-4","//bits.wikimedia.org/images/wikimedia-button.png","//bits.wikimedia.org/static-1.21wmf11/skins/common/images/poweredby_mediawiki_88x31.png"],"tags":[],"members":[],"related":["Infectious_disease","Tuberculosis","Black_plague","Filariasis","Quarantine"]}