{"cursor":"11425","size":15,"audio":[],"currentlang":"en","article":"A 'binary multiplier' is an electronic circuit used in digital electronics, such\nas a computer, to multiply two binary numbers. It is built using binary adders.\n\nA variety of techniques can be used to implement a digital multiplier. Most\ntechniques involve computing a set of partial products, and then summing the\npartial products together. This process is similar to the method taught to\nprimary schoolchildren for conducting long multiplication on base-10 integers,\nbut has been modified here for application to a base-2 (binary) numeral system.\n","linknr":154,"url":"Binary_multiplier","recorded":1364170010,"links":["/w/index.php?title=Binary_multiplier&action=edit","/w/index.php?title=Binary_multiplier&action=edit","//en.wikipedia.org/apple-touch-icon.png","//bits.wikimedia.org/favicon/wikipedia.ico","/w/opensearch_desc.php","//en.wikipedia.org/w/api.php?action=rsd","//creativecommons.org/licenses/by-sa/3.0/","/w/index.php?title=Special:RecentChanges&feed=atom","//bits.wikimedia.org/en.wikipedia.org/load.php?debug=false&lang=en&modules=ext.gadget.DRN-wizard%2CReferenceTooltips%2Ccharinsert%2Cteahouse%7Cext.wikihiero%7Cmediawiki.legacy.commonPrint%2Cshared%7Cmw.PopUpMediaTransform%7Cskins.vector&only=styles&skin=vector&*","//bits.wikimedia.org/en.wikipedia.org/load.php?debug=false&lang=en&modules=site&only=styles&skin=vector&*","//bits.wikimedia.org/en.wikipedia.org/load.php?debug=false&lang=en&modules=startup&only=scripts&skin=vector&*","//bits.wikimedia.org/geoiplookup","//meta.wikimedia.org","#mw-head","#p-search","/wiki/Electronic_circuit","/wiki/Digital_electronics","/wiki/Computer","/wiki/Multiplication","/wiki/Binary_number","/wiki/Binary_adder","/wiki/Category:Computer_arithmetic","/wiki/Binary_numeral_system","/wiki/Numeral_system","#History","#Multiplication_basics","#A_more_advanced_approach:_an_unsigned_example","#More_advanced_approach:_signed_integers","#Implementations","#Example","#See_also","#References","#External_links","/w/index.php?title=Binary_multiplier&action=edit&section=1","/wiki/Minicomputers","#cite_note-1","#cite_note-2","/wiki/Loop_unwinding","/wiki/Mainframe_computer","/wiki/Microprocessor","/wiki/Motorola_6809","/wiki/Microcode","/wiki/Wikipedia:Citation_needed","/wiki/Transistor_count","/wiki/Digital_signal_processing","/wiki/Digital_signal_processor","/wiki/Multiply%E2%80%93accumulate","/w/index.php?title=Binary_multiplier&action=edit&section=2","/wiki/Two%27s_complement","/wiki/Ones%27_complement","/wiki/Sign-and-magnitude","/wiki/IEEE-754","/w/index.php?title=Binary_multiplier&action=edit&section=3","/wiki/Signedness","/w/index.php?title=Binary_multiplier&action=edit&section=4","/wiki/Signedness","/wiki/Signedness","/wiki/Two%27s_complement_notation","/wiki/Wikipedia:Citation_needed","/w/index.php?title=Binary_multiplier&action=edit&section=5","/w/index.php?title=Baugh%E2%80%93Wooley_algorithm&action=edit&redlink=1","/wiki/Wallace_tree","/wiki/Dadda_multiplier","/wiki/Wallace_tree","/wiki/Booth_encoding","/w/index.php?title=Binary_multiplier&action=edit&section=6","/wiki/File:Binary_multi1.jpg","//upload.wikimedia.org/wikipedia/en/7/7b/Binary_multi1.jpg","/wiki/File:Binary_multi1.jpg","//bits.wikimedia.org/static-1.21wmf10/skins/common/images/magnify-clip.png","/w/index.php?title=Binary_multiplier&action=edit&section=7","/wiki/Booth%27s_multiplication_algorithm","/wiki/Fused_multiply%E2%80%93add","/wiki/Wallace_tree","/wiki/BKM_algorithm","/wiki/Kochanski_multiplication","/wiki/Modular_arithmetic","/w/index.php?title=Binary_multiplier&action=edit&section=8","#cite_ref-1","http://www.forth.com/resources/evolution/evolve_2.html","http://www.forth.com/resources/evolution/evolve_1.html","#cite_ref-2","http://dx.doi.org/10.1016/0308-5953(77)90004-6","/w/index.php?title=Binary_multiplier&action=edit&section=9","http://www.andraka.com/multipli.htm","/wiki/FPGA","http://ixeelectronics.com/openttl/Multiplier.html","http://www.fullchipdesign.com/binary_multiplier_digital.htm","http://en.wikipedia.org/w/index.php?title=Binary_multiplier&oldid=540384043","/wiki/Help:Categories","/wiki/Category:Digital_circuits","/wiki/Category:Binary_arithmetic","/wiki/Category:Multiplication","/wiki/Category:All_articles_with_unsourced_statements","/wiki/Category:Articles_with_unsourced_statements_from_March_2010","/wiki/Category:Articles_with_unsourced_statements_from_September_2010","/w/index.php?title=Special:UserLogin&returnto=Binary+multiplier&type=signup","/w/index.php?title=Special:UserLogin&returnto=Binary+multiplier","/wiki/Binary_multiplier","/wiki/Talk:Binary_multiplier","#","/wiki/Binary_multiplier","/w/index.php?title=Binary_multiplier&action=edit","/w/index.php?title=Binary_multiplier&action=history","#","/w/index.php","//bits.wikimedia.org/static-1.21wmf11/skins/vector/images/search-ltr.png?303-4","/wiki/Main_Page","/wiki/Main_Page","/wiki/Portal:Contents","/wiki/Portal:Featured_content","/wiki/Portal:Current_events","/wiki/Special:Random","//donate.wikimedia.org/wiki/Special:FundraiserRedirector?utm_source=donate&utm_medium=sidebar&utm_campaign=C13_en.wikipedia.org&uselang=en","/wiki/Help:Contents","/wiki/Wikipedia:About","/wiki/Wikipedia:Community_portal","/wiki/Special:RecentChanges","/wiki/Wikipedia:Contact_us","/wiki/Special:WhatLinksHere/Binary_multiplier","/wiki/Special:RecentChangesLinked/Binary_multiplier","/wiki/Wikipedia:File_Upload_Wizard","/wiki/Special:SpecialPages","/w/index.php?title=Binary_multiplier&oldid=540384043","/w/index.php?title=Binary_multiplier&action=info","/w/index.php?title=Special:Cite&page=Binary_multiplier&id=540384043","/w/index.php?title=Special:Book&bookcmd=book_creator&referer=Binary+multiplier","/w/index.php?title=Special:Book&bookcmd=render_article&arttitle=Binary+multiplier&oldid=540384043&writer=rl","/w/index.php?title=Binary_multiplier&printable=yes","//ar.wikipedia.org/wiki/%D8%B6%D8%A7%D8%B1%D8%A8","//de.wikipedia.org/wiki/Multiplizierer_(Digitaltechnik)","//fa.wikipedia.org/wiki/%D8%B6%D8%B1%D8%A8%E2%80%8C%DA%A9%D9%86%D9%86%D8%AF%D9%87_%D8%AF%D9%88%D8%AF%D9%88%DB%8C%DB%8C","//fr.wikipedia.org/wiki/Multiplieur","//ko.wikipedia.org/wiki/%EA%B3%B1%EC%85%88%EA%B8%B0","//id.wikipedia.org/wiki/Pengganda_biner","//ja.wikipedia.org/wiki/%E4%B9%97%E7%AE%97%E5%99%A8","//nn.wikipedia.org/wiki/Bin%C3%A6r_multippel","//zh.wikipedia.org/wiki/%E4%B9%98%E6%B3%95%E5%99%A8","//www.wikidata.org/wiki/Special:ItemByTitle/enwiki/Binary multiplier","//en.wikipedia.org/wiki/Wikipedia:Text_of_Creative_Commons_Attribution-ShareAlike_3.0_Unported_License","//creativecommons.org/licenses/by-sa/3.0/","//wikimediafoundation.org/wiki/Terms_of_Use","//www.wikimediafoundation.org/","//en.wikipedia.org/wiki/Wikipedia:Contact_us","//wikimediafoundation.org/wiki/Privacy_policy","/wiki/Wikipedia:About","/wiki/Wikipedia:General_disclaimer","http://en.m.wikipedia.org/wiki/Binary_multiplier","//wikimediafoundation.org/","//bits.wikimedia.org/images/wikimedia-button.png","//www.mediawiki.org/","//bits.wikimedia.org/static-1.21wmf11/skins/common/images/poweredby_mediawiki_88x31.png","//bits.wikimedia.org/en.wikipedia.org/load.php?debug=false&lang=en&modules=skins.vector&only=scripts&skin=vector&*","/w/index.php?title=MediaWiki:Gadget-ReferenceTooltips.js&action=raw&ctype=text/javascript&508635914","//bits.wikimedia.org/en.wikipedia.org/load.php?debug=false&lang=en&modules=site&only=scripts&skin=vector&*"],"instances":[],"pdf":[],"categories":["Digital circuits","Binary arithmetic","Multiplication"],"headings":["History","Multiplication basics","","","A more advanced approach: an unsigned example","More advanced approach: signed integers","Implementations","Example","See also","References","External links"],"image":["//upload.wikimedia.org/wikipedia/en/7/7b/Binary_multi1.jpg","//bits.wikimedia.org/static-1.21wmf10/skins/common/images/magnify-clip.png","//bits.wikimedia.org/static-1.21wmf11/skins/vector/images/search-ltr.png?303-4","//bits.wikimedia.org/images/wikimedia-button.png","//bits.wikimedia.org/static-1.21wmf11/skins/common/images/poweredby_mediawiki_88x31.png"],"tags":[],"members":[],"related":["Electronic_circuit","Digital_electronics","Computer","Multiplication","Binary_number","Binary_adder","Binary_numeral_system","Numeral_system","Minicomputers","Loop_unwinding","Mainframe_computer","Microprocessor","Motorola_6809","Microcode","Transistor_count","Digital_signal_processing","Digital_signal_processor","Multiply–accumulate","Two's_complement","Ones'_complement","Sign-and-magnitude","IEEE-754","Signedness","Signedness","Signedness","Two's_complement_notation","Baugh&ndash;Wooley_algorithm","Wallace_tree","Dadda_multiplier","Wallace_tree","Booth_encoding","Booth's_multiplication_algorithm","Fused_multiply–add","Wallace_tree","BKM_algorithm","Kochanski_multiplication","Modular_arithmetic","FPGA"]}