{"cursor":"47306","size":15,"audio":[],"currentlang":"en","article":"{{Infobox criminal organization |name = Gangs |image = |image_size = |caption =\n|founded = |territory = Worldwide |membership = 1,400,000 in the United States\nalone |activities = Drug smuggling and sales, arms trafficking,\ntheft, human trafficking, Illegal immigration, battery, extortion, hate crimes,\nkidnapping, murder, pandering, financial crimes, etc. }}\n\n\n\n\n\nA 'gang' is a group of recurrently associating individuals or close friends with\nidentifiable leadership and internal organization, identifying with or claiming\ncontrol over territory in a community, and engaging either individually or\ncollectively in violent or other forms of illegal behavior. Miller, 1975,\np.9) Gang members are typically \"jumped in\" or have to prove their loyalty\nby committing acts such as theft or violence. Although gangs exist\ninternationally, there is a greater level of study and knowledgeable information\nof gangs specifically in the United States.\n","linknr":776,"url":"Gang","recorded":1362477188,"links":71,"instances":["gang","prostitution","gang","underground_society","new_york_gang","gang","crime","gang","politics","japan"],"pdf":["http://www.npa.go.jp/english/kokusai/pdf/Poj2007-33.pdf","http://www.heuni.fi/uploads/mmadzpnix.pdf","http://www.heuni.fi/uploads/mmadzpnix.pdf","http://www.d155.org/clc/faculty/faculty_pages/smalley/documents/GANGS.pdf","http://www.d155.org/clc/faculty/faculty_pages/smalley/documents/GANGS.pdf","http://www.prisoncommission.org/statements/fleisher_mark_s.pdf","http://www.prisoncommission.org/statements/fleisher_mark_s.pdf","http://www.ncjrs.gov/pdffiles1/ojjdp/fs200601.pdf","http://www.ncjrs.gov/pdffiles1/ojjdp/fs200601.pdf","http://www.trincoll.edu/~anselmi/ChildDevelopment/solutions/2006%20Fall%20-%20Gang%20Involvement.pdf","http://www.trincoll.edu/~anselmi/ChildDevelopment/solutions/2006%20Fall%20-%20Gang%20Involvement.pdf","http://www.hawaii.edu/hivandaids/Youth%20Gangs%20%20%20Members,%20Activities%20and%20Measures%20to%20Decrease%20Violence.pdf","http://www.hawaii.edu/hivandaids/Youth%20Gangs%20%20%20Members,%20Activities%20and%20Measures%20to%20Decrease%20Violence.pdf","http://wdr2011.worldbank.org/sites/default/files/Complete%202011%20WDR%20Conflict%2CSecurity%20and%20Development_0.pdf","http://stripes.com/07/feb07/gangs/ncis_gangs.pdf"],"categories":["Gangs","Crime","Criminology","Urban decay","Types of organization","Group processes"],"headings":["Definition","History","Current numbers","Notable examples","Types and structure","Who joins and why","Typical activities","Gang violence","Motives","Identification","Gang membership in the US military","See also","Notes","References","External links"],"image":["//upload.wikimedia.org/wikipedia/en/f/f4/Ambox_content.png","//upload.wikimedia.org/wikipedia/en/thumb/9/99/Question_book-new.svg/50px-Question_book-new.svg.png","//upload.wikimedia.org/wikipedia/commons/thumb/b/bd/Ambox_globe_content.svg/48px-Ambox_globe_content.svg.png","//upload.wikimedia.org/wikipedia/en/f/f4/Ambox_content.png","//upload.wikimedia.org/wikipedia/commons/thumb/f/fe/Unbalanced_scales.svg/45px-Unbalanced_scales.svg.png","//upload.wikimedia.org/wikipedia/commons/thumb/1/17/Apachesvspolicebastille.jpg/220px-Apachesvspolicebastille.jpg","//bits.wikimedia.org/static-1.21wmf10/skins/common/images/magnify-clip.png","//upload.wikimedia.org/wikipedia/commons/thumb/5/58/Gang_tattoo_life_magazine.jpg/220px-Gang_tattoo_life_magazine.jpg","//bits.wikimedia.org/static-1.21wmf10/skins/common/images/magnify-clip.png","//upload.wikimedia.org/wikipedia/commons/thumb/1/1d/Marasalvatrucha13.png/220px-Marasalvatrucha13.png","//bits.wikimedia.org/static-1.21wmf10/skins/common/images/magnify-clip.png","//upload.wikimedia.org/wikipedia/commons/thumb/f/f4/Latin_King_.jpg/220px-Latin_King_.jpg","//bits.wikimedia.org/static-1.21wmf10/skins/common/images/magnify-clip.png","//upload.wikimedia.org/wikipedia/commons/thumb/f/f0/Young_gang_recruits_Guatemala.jpg/220px-Young_gang_recruits_Guatemala.jpg","//bits.wikimedia.org/static-1.21wmf10/skins/common/images/magnify-clip.png","//upload.wikimedia.org/wikipedia/en/thumb/5/57/MeechAndJBO.jpg/220px-MeechAndJBO.jpg","//bits.wikimedia.org/static-1.21wmf10/skins/common/images/magnify-clip.png","//upload.wikimedia.org/wikipedia/commons/thumb/b/bc/Marasalvatrucha13arrest.png/220px-Marasalvatrucha13arrest.png","//bits.wikimedia.org/static-1.21wmf10/skins/common/images/magnify-clip.png","//upload.wikimedia.org/wikipedia/en/thumb/6/66/Latin_King_Graffiti.jpg/220px-Latin_King_Graffiti.jpg","//bits.wikimedia.org/static-1.21wmf10/skins/common/images/magnify-clip.png","//upload.wikimedia.org/wikipedia/en/f/f4/Ambox_content.png","//upload.wikimedia.org/wikipedia/en/thumb/f/f2/Edit-clear.svg/40px-Edit-clear.svg.png","//upload.wikimedia.org/wikipedia/en/thumb/f/f2/Edit-clear.svg/40px-Edit-clear.svg.png","//upload.wikimedia.org/wikipedia/commons/f/f3/Crip_handsign.gif","//bits.wikimedia.org/static-1.21wmf10/skins/common/images/magnify-clip.png","//upload.wikimedia.org/wikipedia/commons/thumb/b/b9/Simbolo_triada.jpg/32px-Simbolo_triada.jpg","//bits.wikimedia.org/static-1.21wmf10/skins/vector/images/search-ltr.png?303-4","//bits.wikimedia.org/images/wikimedia-button.png","//bits.wikimedia.org/static-1.21wmf10/skins/common/images/poweredby_mediawiki_88x31.png"],"tags":[["battery","crime"],["procuring","prostitution"],["law_and_order","politics"],["triad","underground_society"],["snakehead","gang"],["forty_thieves","new_york_gang"],["national_police_agency","japan"],["triad","underground_societies"],["triad","underground_societies"],["latin_kings","gang"],["18th_street","gang"],["latin_kings","gang"],["fff","gang"],["triad","underground_society"]],"members":["latin_kings","procuring","fff","triad","forty_thieves","snakehead","battery","18th_street","law_and_order","national_police_agency"],"related":["Illegal_drug_trade","Arms_trafficking","Human_trafficking","Illegal_immigration","Battery_(crime)","Extortion","Hate_crimes","Procuring_(prostitution)","United_States","New_York_City","Chicago","Organised_crime","Semantic_change","Past_participle","Old_English","Cognate","Old_Norse","Banditry","Barrington_Moore,_Jr.","Law_and_order_(politics)","Feudalism","Hashshashin","Adam_the_Leper","Penny_Mobs","Thuggee","Triad_(underground_society)","Snakehead_(gang)","Yakuza","Irish_mob","Pancho_Villa","Dead_Rabbits","American_Old_West","Bowery_Boys","Chasers","Italian_mafia","Jewish_mafia","Russian_Mafia","Thuggee","London","Convict_era_of_Western_Australia","Forty_Thieves_(New_York_gang)","New_York_City","Victorian_England","Chicago","Drug_trafficking","Drug_prohibition","International_Opium_Convention","Volstead_Act","Motorcycle_gangs","Los_Angeles_County","Los_Angeles","Chicago","Hispanics_in_the_United_States","African_Americans","White_Americans","Asian_American","Indigenous_peoples_of_the_Americas","Drug_trafficking","Pine_Ridge_Indian_Reservation","Navajo_Nation","El_Salvador","Drug_cartel","Foot_soldier","United_Kingdom","FBI","Organized_crime_in_Italy","Russian_people","Chechen_people","Azerbaijani_people","Ukrainian_people","Georgian_people","Armenian_People","Bratva","Yakuza","Japan","National_Police_Agency_(Japan)","Hong_Kong","Triad_(underground_societies)","Hong_Kong","Sicilian_Mafia","American_Mafia","Camorra","'Ndrangheta","Sacra_Corona_Unita","Italy","Russian_Mafia","Drug_cartel","Triad_(underground_societies)","Irish_Mob","Yakuza","Yardies","Sureños","Norteños","Crips","Bloods","Nazi_Lowriders","Latin_Kings_(gang)","Vice_Lords","Gangster_Disciples","Outlaw_motorcycle_club","Hells_Angels","Mongols_Motorcycle_Club","White_power_skinhead","Prison_gangs","John_Hagedorn","Illinois_Department_of_Corrections","Nuestra_Familia","Mexican_Mafia","Folk_Nation","Primeiro_Comando_da_Capital","Cape_Town","South_Africa","Aryan_Brotherhood","FBI","MS-13","National_Gang_Intelligence_Center","United_Nations","Illegal_drug_trade","United_States_Department_of_Justice","Extortion","Theft","Robbery","Kidnapping","Cocaine","Chicago","Cape_Town","Rio_de_Janeiro","Favela","Protection_racket","Front_organization","Graffiti","Azusa_13","Mexican_Mafia","Drug_cartel","Third_World","Public_safety_net","The_World_Development_Report_2011","Igbo_people","Bakassi_Boys","Nigeria","Ku_Klux_Klan","Chicago_Gaylords","Chicago","Gang_signals","Bloods","Crips","Tattoo","18th_Street_(gang)","Nortenos","Gang_signal","Graffiti","Gang_colors","Gangsta_rap","Noose","Slur","Ritual","Mythologies","Graffiti","Taunt","Harass","Intimidate","Terrorist","Violence","Harassment","Stalking","Criminal_mischief","Administrative_subpoena","National_Ground_Intelligence_Center","Black_Disciples","Gangster_Disciples","Latin_Kings_(gang)","Norteños","Sureños","Bloods","Collective_narcissism","Contract_killing","Criminal_tattoo","Crips","Drug_cartel","FFF_(gang)","Gang_colors","Gang_population","Gang_signal","Gangs_in_Australia","Gangs_in_Canada","Gangs_in_New_Zealand","Gangs_in_the_United_Kingdom","Gangs_in_the_United_States","Hitman","Irish_Mob","Jamaican_Posse","List_of_criminal_enterprises,_gangs_and_syndicates","List_of_gangs_in_Mexico","List_of_gangs_in_the_United_States","Organized_crime","Organized_crime_in_Italy","Ñetas","Norteños","Nuestra_Familia","Outlaw","Outlaw_motorcycle_gang","Prison_gang","Raskol_gangs","Sureños","Triad_(underground_society)","Trinitario","War_on_Gangs","Yakuza","Open_Directory_Project","Alex_Alonso"]}