{"cursor":"2443","size":15,"audio":[],"currentlang":"en","article":"\n\n\n\n'Prince Hoare' (ca. 1711 â 5 November 1769) was an English sculptor. \"Prince\" is\na given name, not a royal title.\n\nPossibly born near Eye, Suffolk, brother of William Hoare, he trained under\nPeter Scheemakers in London. He subsequently settled in Bath with his brother\nbut spent much of the 1740s in Italy. He returned to Bath in 1749 and remained\nactive as a sculptor, despite having married a wealthy heiress. He died in\nBath. Newby (2006)\n","linknr":114,"url":"Prince_Hoare_(elder)","recorded":1364222042,"links":["/w/index.php?title=Prince_Hoare_(elder)&action=edit","/w/index.php?title=Prince_Hoare_(elder)&action=edit","//en.wikipedia.org/apple-touch-icon.png","//bits.wikimedia.org/favicon/wikipedia.ico","/w/opensearch_desc.php","//en.wikipedia.org/w/api.php?action=rsd","//creativecommons.org/licenses/by-sa/3.0/","/w/index.php?title=Special:RecentChanges&feed=atom","//bits.wikimedia.org/en.wikipedia.org/load.php?debug=false&lang=en&modules=ext.gadget.DRN-wizard%2CReferenceTooltips%2Ccharinsert%2Cteahouse%7Cext.wikihiero%7Cmediawiki.legacy.commonPrint%2Cshared%7Cmw.PopUpMediaTransform%7Cskins.vector&only=styles&skin=vector&*","//bits.wikimedia.org/en.wikipedia.org/load.php?debug=false&lang=en&modules=site&only=styles&skin=vector&*","//bits.wikimedia.org/en.wikipedia.org/load.php?debug=false&lang=en&modules=startup&only=scripts&skin=vector&*","//bits.wikimedia.org/geoiplookup","//meta.wikimedia.org","#mw-head","#p-search","/wiki/Prince_Hoare_(younger)","/wiki/Given_name","/wiki/Eye,_Suffolk","/wiki/William_Hoare","/wiki/Peter_Scheemakers","/wiki/Bath,_Somerset","/wiki/Italy","#cite_note-GAL-1","/w/index.php?title=Prince_Hoare_(elder)&action=edit&section=1","//en.wikipedia.org/w/index.php?title=Prince_Hoare_(elder)&action=edit","/wiki/Marble","/wiki/Bust_(sculpture)","/wiki/Philip_Stanhope,_4th_Earl_of_Chesterfield","#cite_note-GAL-1","/wiki/Ranger%27s_House","/wiki/Henry_Hoare","#cite_note-GAL-1","#cite_note-GAL-1","/wiki/Corsham_Court","/wiki/Beau_Nash","#cite_note-GAL-1","/wiki/Guildhall,_Bath","/wiki/Alexander_Pope","#cite_note-GAL-1","/wiki/Twickenham","/w/index.php?title=Prince_Hoare_(elder)&action=edit&section=2","#cite_ref-GAL_1-0","#cite_ref-GAL_1-1","#cite_ref-GAL_1-2","#cite_ref-GAL_1-3","#cite_ref-GAL_1-4","#cite_ref-GAL_1-5","/w/index.php?title=Prince_Hoare_(elder)&action=edit&section=3","/wiki/Special:BookSources/086299294X","http://www.groveart.com/shared/views/article.html?section=art.038362.3.1#art.038362.3.1","/wiki/Grove_Art_Online","/wiki/International_Standard_Book_Number","/wiki/Special:BookSources/0140561234","/wiki/Wikipedia:Persondata","http://en.wikipedia.org/w/index.php?title=Prince_Hoare_(elder)&oldid=496127353","/wiki/Help:Categories","/wiki/Category:1710s_births","/wiki/Category:1769_deaths","/wiki/Category:English_sculptors","/wiki/Category:People_from_Eye,_Suffolk","/wiki/Category:People_from_Bath,_Somerset","/wiki/Category:Artists_from_Somerset","/wiki/Category:Use_British_English_from_August_2011","/wiki/Category:Use_dmy_dates_from_August_2011","/wiki/Category:Articles_containing_potentially_dated_statements_from_2007","/wiki/Category:All_articles_containing_potentially_dated_statements","/w/index.php?title=Special:UserLogin&returnto=Prince+Hoare+%28elder%29&type=signup","/w/index.php?title=Special:UserLogin&returnto=Prince+Hoare+%28elder%29","/wiki/Prince_Hoare_(elder)","/wiki/Talk:Prince_Hoare_(elder)","#","/wiki/Prince_Hoare_(elder)","/w/index.php?title=Prince_Hoare_(elder)&action=edit","/w/index.php?title=Prince_Hoare_(elder)&action=history","#","/w/index.php","//bits.wikimedia.org/static-1.21wmf11/skins/vector/images/search-ltr.png?303-4","/wiki/Main_Page","/wiki/Main_Page","/wiki/Portal:Contents","/wiki/Portal:Featured_content","/wiki/Portal:Current_events","/wiki/Special:Random","//donate.wikimedia.org/wiki/Special:FundraiserRedirector?utm_source=donate&utm_medium=sidebar&utm_campaign=C13_en.wikipedia.org&uselang=en","/wiki/Help:Contents","/wiki/Wikipedia:About","/wiki/Wikipedia:Community_portal","/wiki/Special:RecentChanges","/wiki/Wikipedia:Contact_us","/wiki/Special:WhatLinksHere/Prince_Hoare_(elder)","/wiki/Special:RecentChangesLinked/Prince_Hoare_(elder)","/wiki/Wikipedia:File_Upload_Wizard","/wiki/Special:SpecialPages","/w/index.php?title=Prince_Hoare_(elder)&oldid=496127353","/w/index.php?title=Prince_Hoare_(elder)&action=info","/w/index.php?title=Special:Cite&page=Prince_Hoare_%28elder%29&id=496127353","/w/index.php?title=Special:Book&bookcmd=book_creator&referer=Prince+Hoare+%28elder%29","/w/index.php?title=Special:Book&bookcmd=render_article&arttitle=Prince+Hoare+%28elder%29&oldid=496127353&writer=rl","/w/index.php?title=Prince_Hoare_(elder)&printable=yes","//en.wikipedia.org/wiki/Wikipedia:Text_of_Creative_Commons_Attribution-ShareAlike_3.0_Unported_License","//creativecommons.org/licenses/by-sa/3.0/","//wikimediafoundation.org/wiki/Terms_of_Use","//www.wikimediafoundation.org/","//en.wikipedia.org/wiki/Wikipedia:Contact_us","//wikimediafoundation.org/wiki/Privacy_policy","/wiki/Wikipedia:About","/wiki/Wikipedia:General_disclaimer","http://en.m.wikipedia.org/wiki/Prince_Hoare_(elder)","//wikimediafoundation.org/","//bits.wikimedia.org/images/wikimedia-button.png","//www.mediawiki.org/","//bits.wikimedia.org/static-1.21wmf11/skins/common/images/poweredby_mediawiki_88x31.png","//bits.wikimedia.org/en.wikipedia.org/load.php?debug=false&lang=en&modules=skins.vector&only=scripts&skin=vector&*","/w/index.php?title=MediaWiki:Gadget-ReferenceTooltips.js&action=raw&ctype=text/javascript&508635914","//bits.wikimedia.org/en.wikipedia.org/load.php?debug=false&lang=en&modules=site&only=scripts&skin=vector&*"],"instances":["sculpture"],"pdf":[],"categories":["1710s births","1769 deaths","English sculptors","People from Eye, Suffolk","People from Bath, Somerset","Artists from Somerset"],"headings":["Works","Notes","Bibliography"],"image":["//bits.wikimedia.org/static-1.21wmf11/skins/vector/images/search-ltr.png?303-4","//bits.wikimedia.org/images/wikimedia-button.png","//bits.wikimedia.org/static-1.21wmf11/skins/common/images/poweredby_mediawiki_88x31.png"],"tags":[["bust","sculpture"]],"members":["bust"],"related":["Given_name","Eye,_Suffolk","William_Hoare","Peter_Scheemakers","Bath,_Somerset","Italy","Marble","Bust_(sculpture)","Philip_Stanhope,_4th_Earl_of_Chesterfield","Ranger's_House","Henry_Hoare","Corsham_Court","Beau_Nash","Guildhall,_Bath","Alexander_Pope","Twickenham"]}