{"cursor":"4557","size":15,"audio":[],"currentlang":"en","article":"\n\n\nThe 'University Professors Program' ('UNI') was a program within '[[Boston\nUniversity]]' that granted degrees in fields that combined, bridged, or fell\nbetween established intellectual disciplines. Consulting closely with faculty,\nstudents designed their own cross-disciplinary programs of study that often\ntranscended those of any School or College at Boston University. The program was\nphased out in May 2011.\n","linknr":179,"url":"University_Professors_Program","recorded":1364033511,"links":["/w/index.php?title=University_Professors_Program&action=edit","/w/index.php?title=University_Professors_Program&action=edit","//en.wikipedia.org/apple-touch-icon.png","//bits.wikimedia.org/favicon/wikipedia.ico","/w/opensearch_desc.php","//en.wikipedia.org/w/api.php?action=rsd","//creativecommons.org/licenses/by-sa/3.0/","/w/index.php?title=Special:RecentChanges&feed=atom","//bits.wikimedia.org/en.wikipedia.org/load.php?debug=false&lang=en&modules=ext.gadget.DRN-wizard%2CReferenceTooltips%2Ccharinsert%2Cteahouse%7Cext.wikihiero%7Cmediawiki.legacy.commonPrint%2Cshared%7Cmw.PopUpMediaTransform%7Cskins.vector&only=styles&skin=vector&*","//bits.wikimedia.org/en.wikipedia.org/load.php?debug=false&lang=en&modules=site&only=styles&skin=vector&*","//bits.wikimedia.org/en.wikipedia.org/load.php?debug=false&lang=en&modules=startup&only=scripts&skin=vector&*","//bits.wikimedia.org/geoiplookup","//meta.wikimedia.org","#mw-head","#p-search","//upload.wikimedia.org/wikipedia/en/thumb/9/99/Question_book-new.svg/50px-Question_book-new.svg.png","//en.wikipedia.org/w/index.php?title=University_Professors_Program&action=edit","/wiki/Help:Introduction_to_referencing/1","/wiki/Template:Citation_needed","/wiki/Wikipedia:Verifiability#Burden_of_evidence","//upload.wikimedia.org/wikipedia/en/thumb/9/99/Question_book-new.svg/50px-Question_book-new.svg.png","//en.wikipedia.org/w/index.php?title=University_Professors_Program&action=edit","/wiki/Help:Introduction_to_referencing/1","/wiki/Template:Citation_needed","/wiki/Wikipedia:Verifiability#Burden_of_evidence","/wiki/Boston_University","/wiki/Boston_University","#cite_note-1","#Program_Description","#Current_Faculty","#References","#External_links","/w/index.php?title=University_Professors_Program&action=edit&section=1","/wiki/Boston_University","/wiki/Nobel_Prize","/wiki/MacArthur_Fellows","/w/index.php?title=University_Professors_Program&action=edit&section=2","/wiki/Hans_Kornberg","/wiki/Tony_Barrand","/wiki/Alicia_Borinsky","/wiki/Aram_Chobanian","/wiki/James_Collins_(Boston_University)","/w/index.php?title=Howard_Eichenbaum&action=edit&redlink=1","/w/index.php?title=Richard_Egdahl&action=edit&redlink=1","/wiki/David_Fromkin","/wiki/Sheldon_Glashow","/wiki/Charles_Glenn","/wiki/Liah_Greenfeld","/wiki/David_Hempton","/wiki/Geoffrey_Hill","/wiki/James_Johnson","/w/index.php?title=Daniel_Karlin&action=edit&redlink=1","/w/index.php?title=Charles_Lindholm&action=edit&redlink=1","/w/index.php?title=Igor_Lukes&action=edit&redlink=1","/wiki/Herbert_Mason","/wiki/Jeffrey_Mehlman","/wiki/Lance_Morrow","/w/index.php?title=Uri_Ra%27anan&action=edit&redlink=1","/w/index.php?title=Bruce_Redford&action=edit&redlink=1","/wiki/Stanley_Rosen","/w/index.php?title=James_Schmidt&action=edit&redlink=1","/wiki/John_Silber","/wiki/H._Eugene_Stanley","/w/index.php?title=Lawrence_Sulak&action=edit&redlink=1","/wiki/Rosanna_Warren","/wiki/Elie_Wiesel","/w/index.php?title=University_Professors_Program&action=edit&section=3","#cite_ref-1","http://www.bu.edu/uni/","http://www.bu.edu/uni/","/w/index.php?title=University_Professors_Program&action=edit&section=4","http://www.bu.edu/uni/index.shtml","/wiki/Template:Boston_University","/wiki/Template_talk:Boston_University","//en.wikipedia.org/w/index.php?title=Template:Boston_University&action=edit","/wiki/Boston_University","/wiki/Boston_University_College_of_Arts_and_Sciences","/wiki/Boston_University_College_of_Communication","/wiki/Boston_University_College_of_Engineering","/wiki/Boston_University_College_of_Fine_Arts","/wiki/Boston_University_College_of_Health_and_Rehabilitation_Sciences_(Sargent_College)","/wiki/Goldman_School_of_Dental_Medicine","/wiki/Boston_University_School_of_Education","/wiki/Boston_University_School_of_Law","/wiki/Boston_University_School_of_Management","/wiki/Boston_University_School_of_Medicine","/wiki/Boston_University_School_of_Public_Health","/wiki/Boston_University_School_of_Social_Work","/wiki/Boston_University_School_of_Theology","/wiki/Center_for_Millennial_Studies","/wiki/Judson_B._Coit_Observatory","/wiki/Metcalf_Center_for_Science_and_Engineering","/wiki/Boston_University_Photonics_Center","/wiki/Agganis_Arena","/wiki/Beanpot_(ice_hockey)","/wiki/Boston_University_Terriers","/wiki/Case_Gym","/wiki/Fitness_and_Recreation_Center","/wiki/Green_Line_Rivalry","/wiki/Nickerson_Field","/wiki/Rhett_the_Boston_Terrier","/wiki/Walter_Brown_Arena","/wiki/Boston_University_Housing_System","/wiki/John_Hancock_Student_Village","/wiki/575_Commonwealth_Avenue","/wiki/Myles_Standish_Hall","/wiki/Shelton_Hall_(Boston_University)","/wiki/Towers_(Boston_University)","/wiki/Warren_Towers","/wiki/AGNI_(magazine)","/wiki/Arion_(journal)","/wiki/Butv10","/wiki/Clarion_(journal)","/wiki/The_Daily_Free_Press","/w/index.php?title=The_International_Relations_Review&action=edit&redlink=1","/wiki/News_from_the_Republic_of_Letters","/wiki/WTBU","/wiki/Boston_Medical_Center","/wiki/Boston_University_Medical_Campus","/wiki/Boston_University_Police_Department","/wiki/BU_Castle","/wiki/George_Sherman_Union","/wiki/Morse_Auditorium","/wiki/Mugar_Memorial_Library","/wiki/WBUR","http://en.wikipedia.org/w/index.php?title=University_Professors_Program&oldid=494403494","/wiki/Help:Categories","/wiki/Category:Boston_University","/wiki/Category:Educational_institutions_disestablished_in_2011","/wiki/Category:Articles_needing_additional_references_from_November_2009","/wiki/Category:All_articles_needing_additional_references","/w/index.php?title=Special:UserLogin&returnto=University+Professors+Program&type=signup","/w/index.php?title=Special:UserLogin&returnto=University+Professors+Program","/wiki/University_Professors_Program","/w/index.php?title=Talk:University_Professors_Program&action=edit&redlink=1","#","/wiki/University_Professors_Program","/w/index.php?title=University_Professors_Program&action=edit","/w/index.php?title=University_Professors_Program&action=history","#","/w/index.php","//bits.wikimedia.org/static-1.21wmf11/skins/vector/images/search-ltr.png?303-4","/wiki/Main_Page","/wiki/Main_Page","/wiki/Portal:Contents","/wiki/Portal:Featured_content","/wiki/Portal:Current_events","/wiki/Special:Random","//donate.wikimedia.org/wiki/Special:FundraiserRedirector?utm_source=donate&utm_medium=sidebar&utm_campaign=C13_en.wikipedia.org&uselang=en","/wiki/Help:Contents","/wiki/Wikipedia:About","/wiki/Wikipedia:Community_portal","/wiki/Special:RecentChanges","/wiki/Wikipedia:Contact_us","/wiki/Special:WhatLinksHere/University_Professors_Program","/wiki/Special:RecentChangesLinked/University_Professors_Program","/wiki/Wikipedia:File_Upload_Wizard","/wiki/Special:SpecialPages","/w/index.php?title=University_Professors_Program&oldid=494403494","/w/index.php?title=University_Professors_Program&action=info","/w/index.php?title=Special:Cite&page=University_Professors_Program&id=494403494","/w/index.php?title=Special:Book&bookcmd=book_creator&referer=University+Professors+Program","/w/index.php?title=Special:Book&bookcmd=render_article&arttitle=University+Professors+Program&oldid=494403494&writer=rl","/w/index.php?title=University_Professors_Program&printable=yes","//en.wikipedia.org/wiki/Wikipedia:Text_of_Creative_Commons_Attribution-ShareAlike_3.0_Unported_License","//creativecommons.org/licenses/by-sa/3.0/","//wikimediafoundation.org/wiki/Terms_of_Use","//www.wikimediafoundation.org/","//en.wikipedia.org/wiki/Wikipedia:Contact_us","//wikimediafoundation.org/wiki/Privacy_policy","/wiki/Wikipedia:About","/wiki/Wikipedia:General_disclaimer","http://en.m.wikipedia.org/wiki/University_Professors_Program","//wikimediafoundation.org/","//bits.wikimedia.org/images/wikimedia-button.png","//www.mediawiki.org/","//bits.wikimedia.org/static-1.21wmf11/skins/common/images/poweredby_mediawiki_88x31.png","//bits.wikimedia.org/en.wikipedia.org/load.php?debug=false&lang=en&modules=skins.vector&only=scripts&skin=vector&*","/w/index.php?title=MediaWiki:Gadget-ReferenceTooltips.js&action=raw&ctype=text/javascript&508635914","//bits.wikimedia.org/en.wikipedia.org/load.php?debug=false&lang=en&modules=site&only=scripts&skin=vector&*"],"instances":["boston_university"],"pdf":[],"categories":["Boston University","Educational institutions disestablished in 2011"],"headings":["Program Description","Current Faculty","References","External links"],"image":["//upload.wikimedia.org/wikipedia/en/thumb/9/99/Question_book-new.svg/50px-Question_book-new.svg.png","//upload.wikimedia.org/wikipedia/en/thumb/9/99/Question_book-new.svg/50px-Question_book-new.svg.png","//bits.wikimedia.org/static-1.21wmf11/skins/vector/images/search-ltr.png?303-4","//bits.wikimedia.org/images/wikimedia-button.png","//bits.wikimedia.org/static-1.21wmf11/skins/common/images/poweredby_mediawiki_88x31.png"],"tags":[["james_collins","boston_university"]],"members":["james_collins"],"related":["Boston_University","Boston_University","Nobel_Prize","MacArthur_Fellows","Hans_Kornberg","Tony_Barrand","Alicia_Borinsky","Aram_Chobanian","James_Collins_(Boston_University)","Howard_Eichenbaum","Richard_Egdahl","David_Fromkin","Sheldon_Glashow","Charles_Glenn","Liah_Greenfeld","David_Hempton","Geoffrey_Hill","James_Johnson","Daniel_Karlin","Charles_Lindholm","Igor_Lukes","Herbert_Mason","Jeffrey_Mehlman","Lance_Morrow","Uri_Ra'anan","Bruce_Redford","Stanley_Rosen","James_Schmidt","John_Silber","H._Eugene_Stanley","Lawrence_Sulak","Rosanna_Warren","Elie_Wiesel"]}