{"cursor":"7912","size":15,"audio":[],"currentlang":"en","article":"\n'Information quality' (IQ) is a term to describe the quality of the content of\ninformation systems. It is often pragmatically defined as: \"The fitness for use\nof the information provided.\"\n","linknr":129,"url":"Information_quality","recorded":1362480366,"links":15,"instances":[],"pdf":[],"categories":["Information science","Data quality"],"headings":["Conceptual problems","Dimensions and metrics of Information Quality","Education","References","See also"],"image":["//upload.wikimedia.org/wikipedia/en/thumb/9/99/Question_book-new.svg/50px-Question_book-new.svg.png","//bits.wikimedia.org/static-1.21wmf9/skins/vector/images/search-ltr.png?303-4","//bits.wikimedia.org/images/wikimedia-button.png","//bits.wikimedia.org/static-1.21wmf9/skins/common/images/poweredby_mediawiki_88x31.png"],"tags":[],"members":[],"related":["Information_systems","Data_quality","Data","Information","Syntax","Semantics","Kristo_Ivanov","Kristo_Ivanov","Intersubjectivity","Accuracy","Relevance","Value-added","Completeness","Accessibility","Accuracy_and_precision"]}