{"cursor":"20228","size":15,"audio":[],"currentlang":"en","article":"\n\n\nIn electronics and telecommunications, 'modulation' is the process of varying\none or more properties of a periodic waveform, called the [[Carrier wave|carrier\nsignal]], with a modulating signal which typically contains information to be\ntransmitted. This is done in a similar fashion to a musician modulating a tone\n(a periodic waveform) from a musical instrument by varying its volume, timing\nand pitch. The three key parameters of a periodic waveform are its amplitude\n(\"volume\"), its phase (\"timing\") and its frequency (\"pitch\"). Any of these\nproperties can be modified in accordance with a low frequency signal to obtain\nthe modulated signal. Typically a high-frequency sinusoid waveform is used as\ncarrier signal, but a square wave pulse train may also be used.\n\nIn telecommunications, modulation is the process of conveying a message signal,\nfor example a digital bit stream or an analog audio signal, inside another\nsignal that can be physically transmitted. Modulation of a sine waveform is used\nto transform a baseband message signal into a passband signal, for example low-\nfrequency audio signal into a radio-frequency signal (RF signal). In radio\ncommunications, cable TV systems or the public switched telephone network for\ninstance, electrical signals can only be transferred over a limited passband\nfrequency spectrum, with specific (non-zero) lower and upper cutoff frequencies.\nModulating a sine-wave carrier makes it possible to keep the frequency content\nof the transferred signal as close as possible to the centre frequency\n(typically the carrier frequency) of the passband.\n\nA device that performs modulation is known as a modulator and a device that\nperforms the inverse operation of modulation is known as a demodulator\n(sometimes detector or demod). A device that can do both operations is a modem\n(from \"'mo'dulatorâ'dem'odulator\").\n\nThe aim of 'digital modulation' is to transfer a digital bit stream over an\nanalog bandpass channel, for example over the public switched telephone network\n(where a bandpass filter limits the frequency range to between 300 and\n3400 Hz), or over a limited radio frequency band.\n\nThe aim of 'analog modulation' is to transfer an analog baseband (or lowpass)\nsignal, for example an audio signal or TV signal, over an analog bandpass\nchannel at a different frequency, for example over a limited radio frequency\nband or a cable TV network channel.\n\nAnalog and digital modulation facilitate frequency division multiplexing (FDM),\nwhere several low pass information signals are transferred simultaneously over\nthe same shared physical medium, using separate passband channels (several\ndifferent carrier frequencies).\n\nThe aim of 'digital baseband modulation' methods, also known as line coding, is\nto transfer a digital bit stream over a baseband channel, typically a non-\nfiltered copper wire such as a serial bus or a wired local area network.\n\nThe aim of 'pulse modulation' methods is to transfer a narrowband analog signal,\nfor example a phone call over a wideband baseband channel or, in some of the\nschemes, as a bit stream over another digital transmission system.\n\nIn music synthesizers, modulation may be used to synthesise waveforms with an\nextensive overtone spectrum using a small number of oscillators. In this case\nthe carrier frequency is typically in the same order or much lower than the\nmodulating waveform. See for example frequency modulation synthesis or ring\nmodulation synthesis.\n","linknr":925,"url":"modulation","recorded":1363126787,"links":["/w/index.php?title=Modulation&action=edit","/w/index.php?title=Modulation&action=edit","//en.wikipedia.org/apple-touch-icon.png","//bits.wikimedia.org/favicon/wikipedia.ico","/w/opensearch_desc.php","//en.wikipedia.org/w/api.php?action=rsd","//creativecommons.org/licenses/by-sa/3.0/","/w/index.php?title=Special:RecentChanges&feed=atom","//bits.wikimedia.org/en.wikipedia.org/load.php?debug=false&lang=en&modules=ext.gadget.DRN-wizard%2CReferenceTooltips%2Ccharinsert%2Cteahouse%7Cext.wikihiero%7Cmediawiki.legacy.commonPrint%2Cshared%7Cmw.PopUpMediaTransform%7Cskins.vector&only=styles&skin=vector&*","//bits.wikimedia.org/en.wikipedia.org/load.php?debug=false&lang=en&modules=site&only=styles&skin=vector&*","//bits.wikimedia.org/en.wikipedia.org/load.php?debug=false&lang=en&modules=startup&only=scripts&skin=vector&*","//bits.wikimedia.org/geoiplookup","//meta.wikimedia.org","#mw-head","#p-search","/wiki/Modulation_(music)","/wiki/Modulation_(disambiguation)","/wiki/Modulation#Analog_modulation_methods","/wiki/Amplitude_modulation","/wiki/Frequency_modulation","/wiki/Phase_modulation","/wiki/Quadrature_amplitude_modulation","/wiki/Space_modulation","/wiki/Single-sideband_modulation","/wiki/Digital_modulation","/wiki/Amplitude-shift_keying","/wiki/Amplitude_and_phase-shift_keying","/wiki/Continuous_phase_modulation","/wiki/Frequency-shift_keying","/wiki/Multiple_frequency-shift_keying","/wiki/Minimum-shift_keying","/wiki/On-off_keying","/wiki/Pulse-position_modulation","/wiki/Phase-shift_keying","/wiki/Quadrature_amplitude_modulation","/wiki/Single-carrier_FDMA","/wiki/Trellis_modulation","/wiki/Spread_spectrum","/wiki/Chirp_spread_spectrum","/wiki/Direct-sequence_spread_spectrum","/wiki/Frequency-hopping_spread_spectrum","/wiki/Time-hopping","/wiki/Category:Capacity-approaching_codes","/wiki/Demodulation","/wiki/Line_code","/wiki/Modem","/wiki/Pulse-amplitude_modulation","/wiki/Pulse-code_modulation","/wiki/Pulse-width_modulation","/wiki/Template:Modulation_techniques","/wiki/Template_talk:Modulation_techniques","//en.wikipedia.org/w/index.php?title=Template:Modulation_techniques&action=edit","/wiki/Electronics","/wiki/Telecommunications","/wiki/Waveform","/wiki/Carrier_wave","/wiki/Musician","/wiki/Modulate_(music)","/wiki/Volume","/wiki/Pitch_(music)","/wiki/Amplitude","/wiki/Phase_(waves)","/wiki/Frequency","/wiki/High-frequency","/wiki/Sine_wave","/wiki/Carrier_wave","/wiki/Telecommunications","/wiki/Analog_signal","/wiki/Baseband","/wiki/Passband","/wiki/Public_switched_telephone_network","/wiki/Demodulator","/wiki/Modem","/wiki/Digital","/wiki/Bandpass","/wiki/Channel_(communications)","/wiki/Public_switched_telephone_network","/wiki/Bandpass_filter","/wiki/Analog_signal","/wiki/Baseband","/wiki/Lowpass","/wiki/Bandpass","/wiki/Channel_(communications)","/wiki/Frequency_division_multiplexing","/wiki/Line_coding","/wiki/Baseband","/wiki/Serial_bus","/wiki/Local_area_network","/wiki/Narrowband","/wiki/Wideband","/wiki/Digital_transmission","/wiki/Frequency_modulation_synthesis","/wiki/Ring_modulation#Use_in_music","#Analog_modulation_methods","#Digital_modulation_methods","#Fundamental_digital_modulation_methods","#Modulator_and_detector_principles_of_operation","#List_of_common_digital_modulation_techniques","#Digital_baseband_modulation_or_line_coding","#Pulse_modulation_methods","#Miscellaneous_modulation_techniques","#See_also","#References","/w/index.php?title=Modulation&action=edit&section=1","/wiki/File:Amfm3-en-de.gif","//upload.wikimedia.org/wikipedia/commons/thumb/a/a4/Amfm3-en-de.gif/200px-Amfm3-en-de.gif","/wiki/File:Amfm3-en-de.gif","//bits.wikimedia.org/static-1.21wmf11/skins/common/images/magnify-clip.png","/wiki/Analogue_signal","#cite_note-1","/wiki/Amplitude_modulation","/wiki/Double-sideband_suppressed-carrier_transmission","/wiki/Double-sideband_reduced_carrier_transmission","/wiki/Single-sideband_modulation","/wiki/Vestigial_sideband_modulation","/wiki/Quadrature_amplitude_modulation","/wiki/Angle_modulation","/w/index.php?title=Constant_envelope&action=edit&redlink=1","/wiki/Frequency_modulation","/wiki/Phase_modulation","/w/index.php?title=Modulation&action=edit&section=2","/wiki/Digital","/wiki/Demodulation","/wiki/File:Baud.svg","//upload.wikimedia.org/wikipedia/en/thumb/4/4a/Baud.svg/200px-Baud.svg.png","/wiki/File:Baud.svg","//bits.wikimedia.org/static-1.21wmf11/skins/common/images/magnify-clip.png","/wiki/Symbol_rate","/wiki/Baud","/wiki/Bit_rate","/wiki/DSL","/wiki/Digital_signal","/wiki/Digital_signal","/wiki/Digital-to-analog_conversion","/wiki/Digital_transmission","/wiki/Data_transmission","/wiki/Analog_transmission","/w/index.php?title=Modulation&action=edit&section=3","/wiki/Keying_(telecommunications)","/wiki/Phase-shift_keying","/wiki/Frequency-shift_keying","/wiki/Amplitude-shift_keying","/wiki/Quadrature_amplitude_modulation","/wiki/Binary_numeral_system","/wiki/Bit","//upload.wikimedia.org/math/c/8/5/c85cbb81b9122bbc942f19a3a1004167.png","/wiki/Symbol_rate","/wiki/Baud","//upload.wikimedia.org/math/3/2/1/321766f1e8680343e0c73ba352c3624b.png","/wiki/Baud","//upload.wikimedia.org/math/a/6/1/a61cf77e78fd1221179aa47619fa1475.png","/wiki/Constellation_diagram","/w/index.php?title=Modulation&action=edit&section=4","/wiki/Complex-valued","/wiki/Imaginary_unit","/wiki/Equivalent_lowpass_signal","/wiki/Equivalent_baseband_signal","/wiki/Real-valued","/wiki/Passband_signal","/wiki/RF_signal","/wiki/Modulator","/wiki/Pulse_shaping","/wiki/Digital_signal_processing","/wiki/Passband_signal","/wiki/RF_signal","/wiki/Direct_digital_synthesizer","/w/index.php?title=Waveform_table&action=edit&redlink=1","/wiki/Demodulator","/wiki/Automatic_gain_control","/wiki/Attenuation","/wiki/Fading","/wiki/Superheterodyne_receiver","/wiki/Undersampling","/wiki/Matched_filter","/wiki/Intersymbol_interference","/w/index.php?title=Non-coherent_modulation&action=edit&redlink=1","/wiki/Phase_synchronisation","/wiki/Carrier_wave","/wiki/Asynchronous_communication","/w/index.php?title=Coherent_modulation&action=edit&redlink=1","/w/index.php?title=Modulation&action=edit&section=5","/wiki/Phase-shift_keying","/wiki/OQPSK","/wiki/Frequency-shift_keying","/wiki/Audio_frequency-shift_keying","/wiki/Multi-frequency_shift_keying","/wiki/Dual-tone_multi-frequency","/wiki/Amplitude-shift_keying","/wiki/On-off_keying","/wiki/Vestigial_sideband_modulation","/wiki/8VSB","/wiki/Quadrature_amplitude_modulation","/wiki/Polar_modulation","/wiki/Wikipedia:Citation_needed","/wiki/Continuous_phase_modulation","/wiki/Minimum-shift_keying","/wiki/Gaussian_minimum-shift_keying","/wiki/Continuous-phase_frequency-shift_keying","/wiki/Orthogonal_frequency-division_multiplexing","/wiki/Discrete_multitone_modulation","/wiki/Wavelet_modulation","/wiki/Trellis_coded_modulation","/wiki/Trellis_modulation","/wiki/Spread-spectrum","/wiki/Direct-sequence_spread_spectrum","/wiki/Chirp_spread_spectrum","/wiki/Frequency-hopping_spread_spectrum","/wiki/Minimum-shift_keying","/wiki/GMSK","/wiki/Continuous-phase_frequency-shift_keying","/wiki/Orthogonal_frequency-division_multiplexing","/wiki/Frequency-division_multiplexing","/wiki/Channel_access_method","/wiki/Orthogonal_frequency-division_multiple_access","/wiki/Multi-carrier_code_division_multiple_access","/w/index.php?title=Spreading_code&action=edit&redlink=1","/wiki/RF_power_amplifier","/wiki/Switching_amplifier","/wiki/Class_D_amplifier","/wiki/Linear_amplifier","/wiki/Code_division_multiple_access","/w/index.php?title=Modulation&action=edit&section=6","/wiki/Line_code","/wiki/Line_code","/wiki/Baseband","/wiki/Lowpass","/wiki/Unipolar_encoding","/wiki/Non-return-to-zero","/wiki/Manchester_coding","/wiki/Alternate_mark_inversion","#cite_note-2","/wiki/Template:Bit-encoding","/wiki/Template_talk:Bit-encoding","//en.wikipedia.org/w/index.php?title=Template:Bit-encoding&action=edit","/wiki/Line_coding","/wiki/Unipolar_encoding","/wiki/Bipolar_encoding","/wiki/On-off_keying","/wiki/File:Biphase_Mark_Code.svg","//upload.wikimedia.org/wikipedia/commons/thumb/c/cb/Biphase_Mark_Code.svg/240px-Biphase_Mark_Code.svg.png","/wiki/Line_code","/wiki/Return-to-zero","/wiki/Non-return-to-zero","/wiki/Non-return-to-zero,_inverted","/wiki/Non-return-to-zero#Non-Return-to-Zero_Space","/wiki/Manchester_code","/wiki/Differential_Manchester_encoding","/wiki/Conditioned_Diphase","/wiki/4B3T","/wiki/4B5B","/wiki/2B1Q","/wiki/Bipolar_encoding","/wiki/Modified_AMI_code","/wiki/Coded_mark_inversion","/wiki/MLT-3_encoding","/wiki/Hybrid_ternary_code","/wiki/6b/8b_encoding","/wiki/8b/10b_encoding","/wiki/64b/66b_encoding","/wiki/Eight-to-fourteen_modulation","/wiki/Delay_encoding","/wiki/TC-PAM","/wiki/Carrier-Suppressed_Return-to-Zero","/wiki/Alternate-Phase_Return-to-Zero","/wiki/Baseband","/wiki/Baud","/wiki/Bit_rate","/wiki/Digital_signal","/wiki/Digital_transmission","/wiki/Ethernet_physical_layer","/wiki/Modulation#Pulse_modulation_methods","/wiki/Pulse-amplitude_modulation","/wiki/Pulse_code_modulation","/wiki/Serial_communication","/wiki/Category:Line_codes","/w/index.php?title=Modulation&action=edit&section=7","/wiki/Pulse_wave","/wiki/Quantization_(signal_processing)","/wiki/Discrete-time_signal","/wiki/Line_code","/wiki/Channel_coding","/wiki/Source_coding","/wiki/Pulse-amplitude_modulation","/wiki/Pulse-width_modulation","/wiki/Pulse-position_modulation","/wiki/Pulse-code_modulation","/wiki/DPCM","/wiki/ADPCM","/wiki/Delta_modulation","/wiki/Delta-sigma_modulation","/wiki/Continuously_variable_slope_delta_modulation","/w/index.php?title=Adaptive-delta_modulation&action=edit&redlink=1","/wiki/Pulse-density_modulation","/w/index.php?title=Modulation&action=edit&section=8","/wiki/On-off_keying","/wiki/Morse_code","/wiki/Radio_frequency","/wiki/Continuous_wave","/wiki/Adaptive_modulation","/wiki/Space_modulation","/wiki/Instrument_landing_system","/w/index.php?title=Modulation&action=edit&section=9","//upload.wikimedia.org/wikipedia/en/thumb/4/4a/Commons-logo.svg/30px-Commons-logo.svg.png","//commons.wikimedia.org/wiki/Category:Modulation","/wiki/Demodulation","/wiki/Electrical_resonance","/wiki/Modulation_order","/wiki/Types_of_radio_emissions","/wiki/Communications_channel","/wiki/Channel_access_method","/wiki/Channel_coding","/wiki/Line_code","/wiki/Telecommunication","/wiki/Modem","/wiki/RF_modulator","/wiki/Codec","/wiki/Ring_modulation","/w/index.php?title=Modulation&action=edit&section=10","//upload.wikimedia.org/wikipedia/en/thumb/9/99/Question_book-new.svg/50px-Question_book-new.svg.png","//en.wikipedia.org/w/index.php?title=Modulation&action=edit","/wiki/Help:Introduction_to_referencing/1","/wiki/Template:Citation_needed","/wiki/Wikipedia:Verifiability#Burden_of_evidence","#cite_ref-1","http://books.google.com/books?id=JKfTrRRHT5QC&pg=PA164","/wiki/International_Standard_Book_Number","/wiki/Special:BookSources/978-81-317-3187-1","http://books.google.com/books?id=JKfTrRRHT5QC&pg=PA164","#cite_ref-2","http://books.google.com/books?id=5dGjKLawsTkC&pg=PA188","/wiki/International_Standard_Book_Number","/wiki/Special:BookSources/978-0-521-11403-5","http://books.google.com/books?id=5dGjKLawsTkC&pg=PA188","/wiki/Template:Telecommunications","/wiki/Template_talk:Telecommunications","//en.wikipedia.org/w/index.php?title=Template:Telecommunications&action=edit","/wiki/Telecommunication","/wiki/History_of_telecommunication","/wiki/Beacon#For_defensive_communications","/wiki/History_of_broadcasting","/wiki/Communications_satellite#History","/wiki/Computer_network#History","/wiki/Drums_in_communication","/wiki/Electrical_telegraph#History","/wiki/Fax#History","/wiki/Heliograph#History","/wiki/Hydraulic_telegraph#Greek_hydraulic_semaphore_system","/wiki/History_of_the_Internet","/wiki/Mass_media#History","/wiki/History_of_mobile_phones","/wiki/Optical_telecommunication","/wiki/Semaphore_line#History","/wiki/Photophone","/wiki/History_of_the_prepaid_mobile_phone","/wiki/History_of_radio","/wiki/Radiotelephone","/wiki/Satellite_communications#History","/wiki/Smoke_signals","/wiki/History_of_telecommunication","/wiki/Telegraphy","/wiki/History_of_the_telephone","/wiki/The_Telephone_Cases","/wiki/History_of_television","/wiki/Timeline_of_communication_technology","/wiki/Submarine_communications_cable#Early_history:_telegraph_and_coaxial_cables","/wiki/Videoconferencing#History","/wiki/Videophone#Early_history","/wiki/History_of_videotelephony","/wiki/File:Telecom-icon.svg","//upload.wikimedia.org/wikipedia/commons/thumb/4/4e/Telecom-icon.svg/100px-Telecom-icon.svg.png","/wiki/Invention","/wiki/Edwin_Howard_Armstrong","/wiki/John_Logie_Baird","/wiki/Alexander_Graham_Bell","/wiki/Tim_Berners-Lee","/wiki/Jagadish_Chandra_Bose","/wiki/Vint_Cerf","/wiki/Claude_Chappe","/wiki/Lee_De_Forest","/wiki/Philo_Farnsworth","/wiki/Reginald_Fessenden","/wiki/Elisha_Gray","/wiki/Guglielmo_Marconi","/wiki/Alexander_Stepanovich_Popov","/wiki/Johann_Philipp_Reis","/wiki/Nikola_Tesla","/wiki/Camille_Papin_Tissot","/wiki/Alfred_Vail","/wiki/Charles_Wheatstone","/wiki/Vladimir_K._Zworykin","/wiki/Transmission_medium","/wiki/Coaxial_cable","/wiki/Free-space_optical_communication","/wiki/Optical_fiber","/wiki/Radio_waves","/wiki/Telephone_line","/wiki/Microwave#Communication","/wiki/Telecommunications_network","/wiki/ARPANET","/wiki/BITNET","/wiki/Ethernet","/wiki/FidoNet","/wiki/Internet","/wiki/Integrated_Services_Digital_Network","/wiki/Local_area_network","/wiki/Mobile_telephony","/wiki/Next-generation_network","/wiki/Packet_switching","/wiki/Public_switched_telephone_network","/wiki/Radio_network","/wiki/Telecommunications_equipment","/wiki/Television_network","/wiki/Telex","/wiki/Wide_area_network","/wiki/Wireless_network","/wiki/World_Wide_Web","/wiki/Geography","/wiki/Template:Africa_topic","/wiki/Template_talk:Africa_topic","//en.wikipedia.org/w/index.php?title=Template:Africa_topic&action=edit","/wiki/Telecommunications_in_Africa","/wiki/Sovereign_state","/wiki/Telecommunications_in_Algeria","/wiki/Telecommunications_in_Angola","/wiki/Telecommunications_in_Benin","/wiki/Telecommunications_in_Botswana","/wiki/Telecommunications_in_Burkina_Faso","/wiki/Telecommunications_in_Burundi","/wiki/Telecommunications_in_Cameroon","/wiki/Telecommunications_in_Cape_Verde","/wiki/Telecommunications_in_the_Central_African_Republic","/wiki/Telecommunications_in_Chad","/wiki/Telecommunications_in_Comoros","/wiki/Telecommunications_in_the_Democratic_Republic_of_the_Congo","/wiki/Telecommunications_in_the_Republic_of_the_Congo","/wiki/Telecommunications_in_Djibouti","/wiki/Telecommunications_in_Egypt","/wiki/Telecommunications_in_Equatorial_Guinea","/wiki/Telecommunications_in_Eritrea","/wiki/Telecommunications_in_Ethiopia","/wiki/Telecommunications_in_Gabon","/wiki/Telecommunications_in_the_Gambia","/wiki/Telecommunications_in_Ghana","/wiki/Telecommunications_in_Guinea","/wiki/Telecommunications_in_Guinea-Bissau","/wiki/Telecommunications_in_Ivory_Coast","/wiki/Telecommunications_in_Kenya","/wiki/Telecommunications_in_Lesotho","/wiki/Telecommunications_in_Liberia","/wiki/Telecommunications_in_Libya","/wiki/Telecommunications_in_Madagascar","/wiki/Telecommunications_in_Malawi","/wiki/Telecommunications_in_Mali","/wiki/Telecommunications_in_Mauritania","/wiki/Telecommunications_in_Mauritius","/wiki/Telecommunications_in_Morocco","/wiki/Telecommunications_in_Mozambique","/wiki/Telecommunications_in_Namibia","/wiki/Telecommunications_in_Niger","/wiki/Telecommunications_in_Nigeria","/wiki/Telecommunications_in_Rwanda","/wiki/Telecommunications_in_S%C3%A3o_Tom%C3%A9_and_Pr%C3%ADncipe","/wiki/Telecommunications_in_Senegal","/wiki/Telecommunications_in_Seychelles","/wiki/Telecommunications_in_Sierra_Leone","/wiki/Telecommunications_in_Somalia","/wiki/Telecommunications_in_South_Africa","/w/index.php?title=Telecommunications_in_South_Sudan&action=edit&redlink=1","/wiki/Telecommunications_in_Sudan","/wiki/Telecommunications_in_Swaziland","/wiki/Telecommunications_in_Tanzania","/wiki/Telecommunications_in_Togo","/wiki/Telecommunications_in_Tunisia","/wiki/Telecommunications_in_Uganda","/wiki/Telecommunications_in_Zambia","/wiki/Telecommunications_in_Zimbabwe","/wiki/List_of_states_with_limited_recognition","/wiki/Telecommunications_in_the_Sahrawi_Arab_Democratic_Republic","/wiki/Telecommunications_in_Somaliland","/wiki/Dependent_territory","/wiki/Telecommunications_in_the_Canary_Islands","/wiki/Telecommunications_in_Ceuta","/wiki/Telecommunications_in_Melilla","/w/index.php?title=Telecommunications_in_Plazas_de_soberan%C3%ADa&action=edit&redlink=1","/wiki/Telecommunications_in_Madeira","/wiki/Telecommunications_in_Mayotte","/wiki/Telecommunications_in_R%C3%A9union","/wiki/Telecommunications_in_Saint_Helena","/wiki/Telecommunications_in_Ascension_Island","/wiki/Telecommunications_in_Tristan_da_Cunha","/wiki/Telecommunications_in_Western_Sahara","/wiki/Template:Asia_topic","/wiki/Template_talk:Asia_topic","//en.wikipedia.org/w/index.php?title=Template:Asia_topic&action=edit","/wiki/Telecommunications_in_Asia","/wiki/List_of_sovereign_states","/wiki/Telecommunications_in_Afghanistan","/wiki/Telecommunications_in_Armenia","/wiki/Telecommunications_in_Azerbaijan","/wiki/Telecommunications_in_Bahrain","/wiki/Telecommunications_in_Bangladesh","/wiki/Telecommunications_in_Bhutan","/wiki/Telecommunications_in_Brunei","/wiki/Telecommunications_in_Burma","/wiki/Telecommunications_in_Cambodia","/wiki/Telecommunications_in_the_People%27s_Republic_of_China","/wiki/Telecommunications_in_Cyprus","/wiki/Telecommunications_in_East_Timor","/wiki/Telecommunications_in_Egypt","/wiki/Telecommunications_in_Georgia_(country)","/wiki/Telecommunications_in_India","/wiki/Telecommunications_in_Indonesia","/wiki/Telecommunications_in_Iran","/wiki/Telecommunications_in_Iraq","/wiki/Telecommunications_in_Israel","/wiki/Telecommunications_in_Japan","/wiki/Telecommunications_in_Jordan","/wiki/Telecommunications_in_Kazakhstan","/wiki/Telecommunications_in_North_Korea","/wiki/Telecommunications_in_South_Korea","/wiki/Telecommunications_in_Kuwait","/wiki/Telecommunications_in_Kyrgyzstan","/wiki/Telecommunications_in_Laos","/wiki/Telecommunications_in_Lebanon","/wiki/Telecommunications_in_Malaysia","/wiki/Telecommunications_in_the_Maldives","/wiki/Telecommunications_in_Mongolia","/wiki/Telecommunications_in_Nepal","/wiki/Telecommunications_in_Oman","/wiki/Telecommunications_in_Pakistan","/wiki/Telecommunications_in_the_Philippines","/wiki/Telecommunications_in_Qatar","/wiki/Telecommunications_in_Russia","/wiki/Telecommunications_in_Saudi_Arabia","/wiki/Telecommunications_in_Singapore","/wiki/Telecommunications_in_Sri_Lanka","/wiki/Telecommunications_in_Syria","/wiki/Telecommunications_in_Tajikistan","/wiki/Telecommunications_in_Thailand","/wiki/Telecommunications_in_Turkey","/wiki/Telecommunications_in_Turkmenistan","/wiki/Telecommunications_in_the_United_Arab_Emirates","/wiki/Telecommunications_in_Uzbekistan","/wiki/Telecommunications_in_Vietnam","/wiki/Telecommunications_in_Yemen","/wiki/List_of_states_with_limited_recognition","/w/index.php?title=Telecommunications_in_Abkhazia&action=edit&redlink=1","/w/index.php?title=Telecommunications_in_Nagorno-Karabakh&action=edit&redlink=1","/w/index.php?title=Telecommunications_in_Northern_Cyprus&action=edit&redlink=1","/wiki/Telecommunications_in_the_Palestinian_territories","/w/index.php?title=Telecommunications_in_South_Ossetia&action=edit&redlink=1","/wiki/Telecommunications_in_Taiwan","/wiki/Dependent_territory","/wiki/Territory_(country_subdivision)","/w/index.php?title=Telecommunications_in_the_British_Indian_Ocean_Territory&action=edit&redlink=1","/w/index.php?title=Telecommunications_in_Christmas_Island&action=edit&redlink=1","/w/index.php?title=Telecommunications_in_the_Cocos_(Keeling)_Islands&action=edit&redlink=1","/wiki/Telecommunications_in_Hong_Kong","/wiki/Telecommunications_in_Macau","/wiki/Template:Europe_topic","/wiki/Template_talk:Europe_topic","//en.wikipedia.org/w/index.php?title=Template:Europe_topic&action=edit","/wiki/Telecommunications_in_Europe","/wiki/Sovereign_state","/wiki/Telecommunications_in_Albania","/wiki/Telecommunications_in_Andorra","/wiki/Telecommunications_in_Armenia","/wiki/Telecommunications_in_Austria","/wiki/Telecommunications_in_Azerbaijan","/wiki/Telecommunications_in_Belarus","/wiki/Telecommunications_in_Belgium","/wiki/Telecommunications_in_Bosnia_and_Herzegovina","/wiki/Telecommunications_in_Bulgaria","/wiki/Telecommunications_in_Croatia","/wiki/Telecommunications_in_Cyprus","/wiki/Telecommunications_in_the_Czech_Republic","/wiki/Telecommunications_in_Denmark","/wiki/Telecommunications_in_Estonia","/wiki/Telecommunications_in_Finland","/wiki/Telecommunications_in_France","/wiki/Telecommunications_in_Georgia_(country)","/wiki/Telecommunications_in_Germany","/wiki/Telecommunications_in_Greece","/wiki/Telecommunications_in_Hungary","/wiki/Telecommunications_in_Iceland","/wiki/Telecommunications_in_the_Republic_of_Ireland","/wiki/Telecommunications_in_Italy","/wiki/Telecommunications_in_Kazakhstan","/wiki/Telecommunications_in_Latvia","/wiki/Telecommunications_in_Liechtenstein","/wiki/Telecommunications_in_Lithuania","/wiki/Telecommunications_in_Luxembourg","/wiki/Telecommunications_in_the_Republic_of_Macedonia","/wiki/Telecommunications_in_Malta","/wiki/Telecommunications_in_Moldova","/wiki/Telecommunications_in_Monaco","/wiki/Telecommunications_in_Montenegro","/wiki/Telecommunications_in_the_Netherlands","/wiki/Telecommunications_in_Norway","/wiki/Telecommunications_in_Poland","/wiki/Telecommunications_in_Portugal","/wiki/Telecommunications_in_Romania","/wiki/Telecommunications_in_Russia","/wiki/Telecommunications_in_San_Marino","/wiki/Telecommunications_in_Serbia","/wiki/Telecommunications_in_Slovakia","/wiki/Telecommunications_in_Slovenia","/wiki/Telecommunications_in_Spain","/wiki/Telecommunications_in_Sweden","/wiki/Telecommunications_in_Switzerland","/wiki/Telecommunications_in_Turkey","/wiki/Telecommunications_in_Ukraine","/wiki/Telecommunications_in_the_United_Kingdom","/wiki/List_of_states_with_limited_recognition","/w/index.php?title=Telecommunications_in_Abkhazia&action=edit&redlink=1","/wiki/Telecommunications_in_Kosovo","/w/index.php?title=Telecommunications_in_Nagorno-Karabakh_Republic&action=edit&redlink=1","/w/index.php?title=Telecommunications_in_Northern_Cyprus&action=edit&redlink=1","/w/index.php?title=Telecommunications_in_South_Ossetia&action=edit&redlink=1","/wiki/Telecommunications_in_Transnistria","/wiki/Dependent_territory","/w/index.php?title=Telecommunications_in_%C3%85land&action=edit&redlink=1","/w/index.php?title=Telecommunications_in_the_Azores&action=edit&redlink=1","/w/index.php?title=Telecommunications_in_the_Balearic_Islands&action=edit&redlink=1","/w/index.php?title=Telecommunications_in_Corsica&action=edit&redlink=1","/w/index.php?title=Telecommunications_in_Crete&action=edit&redlink=1","/wiki/Telecommunications_in_the_Faroe_Islands","/wiki/Telecommunications_in_Gibraltar","/w/index.php?title=Telecommunications_in_Guernsey&action=edit&redlink=1","/wiki/Telecommunications_in_Jersey","/wiki/Telecommunications_in_the_Isle_of_Man","/w/index.php?title=Telecommunications_in_Sardinia&action=edit&redlink=1","/w/index.php?title=Telecommunications_in_Sicily&action=edit&redlink=1","/w/index.php?title=Telecommunications_in_Svalbard&action=edit&redlink=1","/wiki/Telecommunications_in_the_European_Union","/wiki/Template:North_America_topic","/wiki/Template_talk:North_America_topic","//en.wikipedia.org/w/index.php?title=Template:North_America_topic&action=edit","/wiki/Telecommunications_in_North_America","/wiki/Telecommunications_in_Antigua_and_Barbuda","/wiki/Telecommunications_in_the_Bahamas","/wiki/Telecommunications_in_Barbados","/wiki/Telecommunications_in_Belize","/wiki/Telecommunications_in_Canada","/wiki/Telecommunications_in_Costa_Rica","/wiki/Telecommunications_in_Cuba","/wiki/Telecommunications_in_Dominica","/wiki/Telecommunications_in_the_Dominican_Republic","/wiki/Telecommunications_in_El_Salvador","/wiki/Telecommunications_in_Grenada","/wiki/Telecommunications_in_Guatemala","/wiki/Telecommunications_in_Haiti","/wiki/Telecommunications_in_Honduras","/wiki/Telecommunications_in_Jamaica","/wiki/Telecommunications_in_Mexico","/wiki/Telecommunications_in_Nicaragua","/wiki/Telecommunications_in_Panama","/wiki/Telecommunications_in_Saint_Kitts_and_Nevis","/wiki/Telecommunications_in_Saint_Lucia","/wiki/Telecommunications_in_Saint_Vincent_and_the_Grenadines","/wiki/Telecommunications_in_Trinidad_and_Tobago","/wiki/Telecommunications_in_the_United_States","/wiki/Telecommunications_in_Anguilla","/wiki/Telecommunications_in_Aruba","/wiki/Telecommunications_in_Bermuda","/w/index.php?title=Telecommunications_in_Bonaire&action=edit&redlink=1","/wiki/Telecommunications_in_the_British_Virgin_Islands","/wiki/Telecommunications_in_the_Cayman_Islands","/wiki/Telecommunications_in_Cura%C3%A7ao","/wiki/Telecommunications_in_Greenland","/wiki/Telecommunications_in_Guadeloupe","/wiki/Telecommunications_in_Martinique","/wiki/Telecommunications_in_Montserrat","/wiki/Telecommunications_in_Navassa_Island","/wiki/Telecommunications_in_Puerto_Rico","/wiki/Telecommunications_in_Saint_Barth%C3%A9lemy","/w/index.php?title=Telecommunications_in_the_Collectivity_of_Saint_Martin&action=edit&redlink=1","/wiki/Telecommunications_in_Saint_Pierre_and_Miquelon","/w/index.php?title=Telecommunications_in_Saba&action=edit&redlink=1","/w/index.php?title=Telecommunications_in_Sint_Eustatius&action=edit&redlink=1","/w/index.php?title=Telecommunications_in_Sint_Maarten&action=edit&redlink=1","/wiki/Telecommunications_in_the_Turks_and_Caicos_Islands","/wiki/Telecommunications_in_the_United_States_Virgin_Islands","/wiki/Template:Oceania_topic","/wiki/Template_talk:Oceania_topic","//en.wikipedia.org/w/index.php?title=Template:Oceania_topic&action=edit","/wiki/Telecommunications_in_Oceania","/wiki/Sovereign_state","/wiki/Telecommunications_in_Australia","/wiki/Telecommunications_in_East_Timor","/wiki/Telecommunications_in_Fiji","/wiki/Telecommunications_in_Indonesia","/wiki/Telecommunications_in_Kiribati","/wiki/Telecommunications_in_the_Marshall_Islands","/wiki/Telecommunications_in_the_Federated_States_of_Micronesia","/wiki/Telecommunications_in_Nauru","/wiki/Telecommunications_in_New_Zealand","/wiki/Telecommunications_in_Palau","/wiki/Telecommunications_in_Papua_New_Guinea","/wiki/Telecommunications_in_Samoa","/wiki/Telecommunications_in_the_Solomon_Islands","/wiki/Telecommunications_in_Tonga","/wiki/Telecommunications_in_Tuvalu","/wiki/Telecommunications_in_Vanuatu","/wiki/Dependent_territory","/wiki/Telecommunications_in_American_Samoa","/w/index.php?title=Telecommunications_in_Christmas_Island&action=edit&redlink=1","/w/index.php?title=Telecommunications_in_the_Cocos_(Keeling)_Islands&action=edit&redlink=1","/wiki/Telecommunications_in_the_Cook_Islands","/w/index.php?title=Telecommunications_in_Easter_Island&action=edit&redlink=1","/wiki/Telecommunications_in_French_Polynesia","/wiki/Telecommunications_in_Guam","/w/index.php?title=Telecommunications_in_Hawaii&action=edit&redlink=1","/wiki/Telecommunications_in_New_Caledonia","/wiki/Telecommunications_in_Niue","/w/index.php?title=Telecommunications_in_Norfolk_Island&action=edit&redlink=1","/w/index.php?title=Telecommunications_in_the_Northern_Mariana_Islands&action=edit&redlink=1","/w/index.php?title=Telecommunications_in_the_Pitcairn_Islands&action=edit&redlink=1","/w/index.php?title=Telecommunications_in_Tokelau&action=edit&redlink=1","/w/index.php?title=Telecommunications_in_Wallis_and_Futuna&action=edit&redlink=1","/wiki/Template:South_America_topic","/wiki/Template_talk:South_America_topic","//en.wikipedia.org/w/index.php?title=Template:South_America_topic&action=edit","/wiki/Telecommunications_in_South_America","/wiki/List_of_sovereign_states","/wiki/Telecommunications_in_Argentina","/wiki/Telecommunications_in_Bolivia","/wiki/Telecommunications_in_Brazil","/wiki/Telecommunications_in_Chile","/wiki/Telecommunications_in_Colombia","/wiki/Telecommunications_in_Ecuador","/wiki/Telecommunications_in_Guyana","/wiki/Telecommunications_in_Paraguay","/wiki/Telecommunications_in_Peru","/wiki/Telecommunications_in_Suriname","/wiki/Telecommunications_in_Trinidad_and_Tobago","/wiki/Telecommunications_in_Uruguay","/wiki/Telecommunications_in_Venezuela","/wiki/Dependent_territory","/wiki/Telecommunications_in_Aruba","/w/index.php?title=Telecommunications_in_Bonaire&action=edit&redlink=1","/wiki/Telecommunications_in_Cura%C3%A7ao","/wiki/Telecommunications_in_the_Falkland_Islands","/wiki/Telecommunications_in_French_Guiana","/wiki/Telecommunications_in_South_Georgia_and_the_South_Sandwich_Islands","/wiki/Template:Audio_broadcasting","/wiki/Template_talk:Audio_broadcasting","//en.wikipedia.org/w/index.php?title=Template:Audio_broadcasting&action=edit","/wiki/Analog_recording","/wiki/Digital_audio","/wiki/Broadcasting","/wiki/Radio","/wiki/Amplitude_modulation","/wiki/Frequency_modulation","/wiki/Orthogonal_frequency-division_multiplexing","/wiki/Frequency_allocation","/wiki/Longwave","/wiki/Low_frequency","/wiki/Medium_wave","/wiki/Medium_frequency","/wiki/Shortwave_radio","/wiki/High_frequency","/wiki/Very_high_frequency","/wiki/Band_I","/wiki/Band_II","/wiki/Band_III","/wiki/L_band","/wiki/Ultra_high_frequency","/wiki/CAM-D","/wiki/Digital_Audio_Broadcasting","/wiki/Digital_Radio_Mondiale","/wiki/FMeXtra","/wiki/HD_Radio","/wiki/C_band","/wiki/Ku_band","/wiki/L_band","/wiki/S_band","/wiki/Astra_Digital_Radio","/wiki/DAB-S","/wiki/DVB-SH","/wiki/S-DMB","/wiki/ETSI_Satellite_Digital_Radio","/wiki/Commercial_broadcasting","/wiki/1worldspace","/wiki/Sirius_XM_Radio","/wiki/Sirius_XM_Canada","/wiki/Codec","/wiki/Advanced_Audio_Coding","/wiki/Extended_Adaptive_Multi-Rate_%E2%80%93_Wideband","/wiki/High-Efficiency_Advanced_Audio_Coding","/wiki/MPEG-1_Audio_Layer_II","/wiki/Subcarrier","/wiki/Amplitude_modulation_signalling_system","/wiki/DirectBand","/wiki/Program-associated_data","/wiki/Radio_Data_System","/wiki/Subsidiary_communications_authority","/wiki/Audio_data_compression","/wiki/Audio_signal_processing","/wiki/AM_stereo","/wiki/AM_stereo#Belar_System","/wiki/C-QUAM","/wiki/AM_stereo#Harris_System","/wiki/AM_stereo#Kahn-Hazeltine","/wiki/AM_stereo#Magnavox_System","/wiki/AM_broadcasting","/wiki/AM_expanded_band","/wiki/Cable_radio","/wiki/Digital_radio","/wiki/Error_detection_and_correction","/wiki/FM_broadcast_band","/wiki/FM_broadcasting","/wiki/Multipath_propagation","/wiki/Shortwave_relay_station","/wiki/History_of_radio","/wiki/International_broadcasting","/wiki/Comparison_of_radio_systems","http://en.wikipedia.org/w/index.php?title=Modulation&oldid=541308793","/wiki/Help:Categories","/wiki/Category:History_of_radio","/wiki/Category:History_of_television","/wiki/Category:Physical_layer_protocols","/wiki/Category:Radio_modulation_modes","/wiki/Category:Telecommunication_theory","/wiki/Category:Television_terminology","/wiki/Category:All_articles_with_unsourced_statements","/wiki/Category:Articles_with_unsourced_statements_from_October_2008","/wiki/Category:Articles_needing_additional_references_from_June_2008","/wiki/Category:All_articles_needing_additional_references","/w/index.php?title=Special:UserLogin&returnto=Modulation&type=signup","/w/index.php?title=Special:UserLogin&returnto=Modulation","/wiki/Modulation","/wiki/Talk:Modulation","#","/wiki/Modulation","/w/index.php?title=Modulation&action=edit","/w/index.php?title=Modulation&action=history","#","/w/index.php","//bits.wikimedia.org/static-1.21wmf11/skins/vector/images/search-ltr.png?303-4","/wiki/Main_Page","/wiki/Main_Page","/wiki/Portal:Contents","/wiki/Portal:Featured_content","/wiki/Portal:Current_events","/wiki/Special:Random","//donate.wikimedia.org/wiki/Special:FundraiserRedirector?utm_source=donate&utm_medium=sidebar&utm_campaign=C13_en.wikipedia.org&uselang=en","/wiki/Help:Contents","/wiki/Wikipedia:About","/wiki/Wikipedia:Community_portal","/wiki/Special:RecentChanges","/wiki/Wikipedia:Contact_us","/wiki/Special:WhatLinksHere/Modulation","/wiki/Special:RecentChangesLinked/Modulation","/wiki/Wikipedia:File_Upload_Wizard","/wiki/Special:SpecialPages","/w/index.php?title=Modulation&oldid=541308793","/w/index.php?title=Modulation&action=info","/w/index.php?title=Special:Cite&page=Modulation&id=541308793","/w/index.php?title=Special:Book&bookcmd=book_creator&referer=Modulation","/w/index.php?title=Special:Book&bookcmd=render_article&arttitle=Modulation&oldid=541308793&writer=rl","/w/index.php?title=Modulation&printable=yes","//ar.wikipedia.org/wiki/%D8%AA%D8%B9%D8%AF%D9%8A%D9%84","//bn.wikipedia.org/wiki/%E0%A6%AE%E0%A6%A1%E0%A7%8D%E0%A6%AF%E0%A7%81%E0%A6%B2%E0%A7%87%E0%A6%B6%E0%A6%A8","//be-x-old.wikipedia.org/wiki/%D0%9C%D0%B0%D0%B4%D1%83%D0%BB%D1%8F%D1%86%D1%8B%D1%8F","//bg.wikipedia.org/wiki/%D0%9C%D0%BE%D0%B4%D1%83%D0%BB%D0%B0%D1%86%D0%B8%D1%8F_(%D1%82%D0%B5%D1%85%D0%BD%D0%B8%D0%BA%D0%B0)","//ca.wikipedia.org/wiki/Modulaci%C3%B3_(telecomunicacions)","//cs.wikipedia.org/wiki/Modulace","//da.wikipedia.org/wiki/Modulation","//de.wikipedia.org/wiki/Modulation_(Technik)","//et.wikipedia.org/wiki/Modulatsioon_(%C3%BClekandetehnika)","//el.wikipedia.org/wiki/%CE%94%CE%B9%CE%B1%CE%BC%CF%8C%CF%81%CF%86%CF%89%CF%83%CE%B7_%CF%83%CE%AE%CE%BC%CE%B1%CF%84%CE%BF%CF%82","//es.wikipedia.org/wiki/Modulaci%C3%B3n_(telecomunicaci%C3%B3n)","//eo.wikipedia.org/wiki/Modulado_(tekniko)","//eu.wikipedia.org/wiki/Modulazio","//fa.wikipedia.org/wiki/%D9%85%D8%AF%D9%88%D9%84%D8%A7%D8%B3%DB%8C%D9%88%D9%86","//fr.wikipedia.org/wiki/Modulation_du_signal","//ko.wikipedia.org/wiki/%EB%B3%80%EC%A1%B0","//hi.wikipedia.org/wiki/%E0%A4%AE%E0%A5%89%E0%A4%A1%E0%A5%8D%E0%A4%AF%E0%A5%81%E0%A4%B2%E0%A5%87%E0%A4%B6%E0%A4%A8","//id.wikipedia.org/wiki/Modulasi","//it.wikipedia.org/wiki/Modulazione","//he.wikipedia.org/wiki/%D7%90%D7%A4%D7%A0%D7%95%D7%9F","//kk.wikipedia.org/wiki/%D0%90%D0%B2%D1%82%D0%BE%D0%BC%D0%BE%D0%B4%D1%83%D0%BB%D1%8F%D1%86%D0%B8%D1%8F","//lv.wikipedia.org/wiki/Modul%C4%81cija","//lt.wikipedia.org/wiki/Moduliacija","//hu.wikipedia.org/wiki/Modul%C3%A1ci%C3%B3_(fizika)","//mg.wikipedia.org/wiki/Fifanaraham-peo","//ml.wikipedia.org/wiki/%E0%B4%AE%E0%B5%8B%E0%B4%A1%E0%B5%81%E0%B4%B2%E0%B5%87%E0%B4%B7%E0%B5%BB","//ms.wikipedia.org/wiki/Pemodulatan","//my.wikipedia.org/wiki/%E1%80%99%E1%80%B1%E1%80%AC%E1%80%BA%E1%80%92%E1%80%BB%E1%80%B0%E1%80%9C%E1%80%B1%E1%80%B8%E1%80%9B%E1%80%BE%E1%80%84%E1%80%BA%E1%80%B8","//nl.wikipedia.org/wiki/Modulatie_(radio)","//ja.wikipedia.org/wiki/%E5%A4%89%E8%AA%BF%E6%96%B9%E5%BC%8F","//no.wikipedia.org/wiki/Modulasjon","//nn.wikipedia.org/wiki/Modulasjon","//pl.wikipedia.org/wiki/Modulacja","//pt.wikipedia.org/wiki/Modula%C3%A7%C3%A3o","//ro.wikipedia.org/wiki/Modula%C8%9Bie","//ru.wikipedia.org/wiki/%D0%9C%D0%BE%D0%B4%D1%83%D0%BB%D1%8F%D1%86%D0%B8%D1%8F","//sk.wikipedia.org/wiki/Modul%C3%A1cia_(elektronika)","//sr.wikipedia.org/wiki/%D0%9C%D0%BE%D0%B4%D1%83%D0%BB%D0%B0%D1%86%D0%B8%D1%98%D0%B0","//su.wikipedia.org/wiki/Modulasi","//fi.wikipedia.org/wiki/Modulaatio_(elektroniikka)","//sv.wikipedia.org/wiki/Modulation","//ta.wikipedia.org/wiki/%E0%AE%95%E0%AF%81%E0%AE%B1%E0%AE%BF%E0%AE%AA%E0%AF%8D%E0%AE%AA%E0%AF%87%E0%AE%B1%E0%AF%8D%E0%AE%B1%E0%AE%AE%E0%AF%8D","//tr.wikipedia.org/wiki/Kipleme","//uk.wikipedia.org/wiki/%D0%9C%D0%BE%D0%B4%D1%83%D0%BB%D1%8F%D1%86%D1%96%D1%8F_(%D1%84%D1%96%D0%B7%D0%B8%D0%BA%D0%B0)","//ur.wikipedia.org/wiki/%D8%AA%D8%AD%D9%88%DB%8C%D8%B1","//vi.wikipedia.org/wiki/%C4%90i%E1%BB%81u_ch%E1%BA%BF_t%C3%ADn_hi%E1%BB%87u","//zh.wikipedia.org/wiki/%E8%AA%BF%E8%AE%8A","//www.wikidata.org/wiki/Special:ItemByTitle/enwiki/Modulation","//en.wikipedia.org/wiki/Wikipedia:Text_of_Creative_Commons_Attribution-ShareAlike_3.0_Unported_License","//creativecommons.org/licenses/by-sa/3.0/","//wikimediafoundation.org/wiki/Terms_of_Use","//www.wikimediafoundation.org/","//en.wikipedia.org/wiki/Wikipedia:Contact_us","//wikimediafoundation.org/wiki/Privacy_policy","/wiki/Wikipedia:About","/wiki/Wikipedia:General_disclaimer","http://en.m.wikipedia.org/wiki/Modulation","//wikimediafoundation.org/","//bits.wikimedia.org/images/wikimedia-button.png","//www.mediawiki.org/","//bits.wikimedia.org/static-1.21wmf11/skins/common/images/poweredby_mediawiki_88x31.png","//bits.wikimedia.org/en.wikipedia.org/load.php?debug=false&lang=en&modules=skins.vector&only=scripts&skin=vector&*","/w/index.php?title=MediaWiki:Gadget-ReferenceTooltips.js&action=raw&ctype=text/javascript&508635914","//bits.wikimedia.org/en.wikipedia.org/load.php?debug=false&lang=en&modules=site&only=scripts&skin=vector&*"],"instances":["signal_processing","waves","music","music","communications","telecommunications"],"pdf":[],"categories":["History of radio","History of television","Physical layer protocols","Radio modulation modes|","Telecommunication theory","Television terminology"],"headings":["Analog modulation methods","Digital modulation methods","Digital baseband modulation or line coding","Pulse modulation methods","Miscellaneous modulation techniques","See also","References"],"image":["//upload.wikimedia.org/wikipedia/commons/thumb/a/a4/Amfm3-en-de.gif/200px-Amfm3-en-de.gif","//bits.wikimedia.org/static-1.21wmf11/skins/common/images/magnify-clip.png","//upload.wikimedia.org/wikipedia/en/thumb/4/4a/Baud.svg/200px-Baud.svg.png","//bits.wikimedia.org/static-1.21wmf11/skins/common/images/magnify-clip.png","//upload.wikimedia.org/math/c/8/5/c85cbb81b9122bbc942f19a3a1004167.png","//upload.wikimedia.org/math/3/2/1/321766f1e8680343e0c73ba352c3624b.png","//upload.wikimedia.org/math/a/6/1/a61cf77e78fd1221179aa47619fa1475.png","//upload.wikimedia.org/wikipedia/commons/thumb/c/cb/Biphase_Mark_Code.svg/240px-Biphase_Mark_Code.svg.png","//upload.wikimedia.org/wikipedia/en/thumb/4/4a/Commons-logo.svg/30px-Commons-logo.svg.png","//upload.wikimedia.org/wikipedia/en/thumb/9/99/Question_book-new.svg/50px-Question_book-new.svg.png","//upload.wikimedia.org/wikipedia/commons/thumb/4/4e/Telecom-icon.svg/100px-Telecom-icon.svg.png","//bits.wikimedia.org/static-1.21wmf11/skins/vector/images/search-ltr.png?303-4","//bits.wikimedia.org/images/wikimedia-button.png","//bits.wikimedia.org/static-1.21wmf11/skins/common/images/poweredby_mediawiki_88x31.png"],"tags":[["modulate","music"],["pitch","music"],["phase","waves"],["channel","communications"],["channel","communications"],["keying","telecommunications"],["quantization","signal_processing"]],"members":["quantization","phase","pitch","modulate","channel","keying"],"related":["Electronics","Telecommunications","Waveform","Musician","Modulate_(music)","Volume","Pitch_(music)","Amplitude","Phase_(waves)","Frequency","High-frequency","Sine_wave","Carrier_wave","Telecommunications","Analog_signal","Baseband","Passband","Public_switched_telephone_network","Demodulator","Modem","Digital","Bandpass","Channel_(communications)","Public_switched_telephone_network","Bandpass_filter","Analog_signal","Baseband","Lowpass","Bandpass","Channel_(communications)","Frequency_division_multiplexing","Line_coding","Baseband","Serial_bus","Local_area_network","Narrowband","Wideband","Digital_transmission","Frequency_modulation_synthesis","Analogue_signal","Amplitude_modulation","Double-sideband_suppressed-carrier_transmission","Double-sideband_reduced_carrier_transmission","Single-sideband_modulation","Vestigial_sideband_modulation","Quadrature_amplitude_modulation","Angle_modulation","Constant_envelope","Frequency_modulation","Phase_modulation","Phase-shift_keying","Digital","Demodulation","Symbol_rate","Baud","Bit_rate","DSL","Digital_signal","Digital_signal","Digital-to-analog_conversion","Digital_transmission","Data_transmission","Analog_transmission","Keying_(telecommunications)","Phase-shift_keying","Frequency-shift_keying","Amplitude-shift_keying","Quadrature_amplitude_modulation","Binary_numeral_system","Bit","Symbol_rate","Baud","Baud","Constellation_diagram","Complex-valued","Imaginary_unit","Equivalent_lowpass_signal","Equivalent_baseband_signal","Real-valued","Passband_signal","RF_signal","Modulator","Pulse_shaping","Digital_signal_processing","Passband_signal","RF_signal","Direct_digital_synthesizer","Waveform_table","Demodulator","Automatic_gain_control","Attenuation","Fading","Superheterodyne_receiver","Undersampling","Matched_filter","Intersymbol_interference","Non-coherent_modulation","Phase_synchronisation","Carrier_wave","Asynchronous_communication","Coherent_modulation","Phase-shift_keying","OQPSK","Frequency-shift_keying","Audio_frequency-shift_keying","Multi-frequency_shift_keying","Dual-tone_multi-frequency","Amplitude-shift_keying","On-off_keying","Vestigial_sideband_modulation","8VSB","Quadrature_amplitude_modulation","Polar_modulation","Continuous_phase_modulation","Minimum-shift_keying","Gaussian_minimum-shift_keying","Continuous-phase_frequency-shift_keying","Orthogonal_frequency-division_multiplexing","Discrete_multitone_modulation","Wavelet_modulation","Trellis_coded_modulation","Trellis_modulation","Spread-spectrum","Direct-sequence_spread_spectrum","Chirp_spread_spectrum","Frequency-hopping_spread_spectrum","Minimum-shift_keying","GMSK","Continuous-phase_frequency-shift_keying","Orthogonal_frequency-division_multiplexing","Frequency-division_multiplexing","Channel_access_method","Orthogonal_frequency-division_multiple_access","Multi-carrier_code_division_multiple_access","Spreading_code","RF_power_amplifier","Switching_amplifier","Class_D_amplifier","Linear_amplifier","Code_division_multiple_access","Line_code","Baseband","Lowpass","Unipolar_encoding","Non-return-to-zero","Manchester_coding","Alternate_mark_inversion","Pulse_wave","Quantization_(signal_processing)","Discrete-time_signal","Line_code","Channel_coding","Source_coding","Pulse-amplitude_modulation","Pulse-width_modulation","Pulse-position_modulation","Pulse-code_modulation","DPCM","ADPCM","Delta_modulation","Delta-sigma_modulation","Continuously_variable_slope_delta_modulation","Adaptive-delta_modulation","Pulse-density_modulation","On-off_keying","Morse_code","Radio_frequency","Continuous_wave","Adaptive_modulation","Space_modulation","Instrument_landing_system","Demodulation","Electrical_resonance","Modulation_order","Types_of_radio_emissions","Communications_channel","Channel_access_method","Channel_coding","Line_code","Telecommunication","Modem","RF_modulator","Codec","Ring_modulation"]}