{"cursor":"6000","size":15,"audio":[],"currentlang":"en","article":"\n\n'W & T Avery Ltd.' is a British manufacturer of weighing machines. The company\nwas founded in the early 18th century and took the name W & T Avery in 1818.\nHaving been taken over by GEC in 1979 the company was later renamed into GEC-\nAvery. The company became Avery Berkel in 1993 when GEC acquired the Dutch\ncompany Berkel. After the take over by Weigh-Tronix in 2000 the company was\nagain renamed to be called Avery Weigh-Tronix. The company is based in\nSmethwick, West Midlands, United Kingdom.\n","linknr":129,"url":"W_&_T_Avery_Ltd.","recorded":1364158012,"links":["/w/index.php?title=W_%26_T_Avery_Ltd.&action=edit","/w/index.php?title=W_%26_T_Avery_Ltd.&action=edit","//en.wikipedia.org/apple-touch-icon.png","//bits.wikimedia.org/favicon/wikipedia.ico","/w/opensearch_desc.php","//en.wikipedia.org/w/api.php?action=rsd","//creativecommons.org/licenses/by-sa/3.0/","/w/index.php?title=Special:RecentChanges&feed=atom","//bits.wikimedia.org/en.wikipedia.org/load.php?debug=false&lang=en&modules=ext.gadget.DRN-wizard%2CReferenceTooltips%2Ccharinsert%2Cteahouse%7Cext.wikihiero%7Cmediawiki.legacy.commonPrint%2Cshared%7Cmw.PopUpMediaTransform%7Cskins.vector&only=styles&skin=vector&*","//bits.wikimedia.org/en.wikipedia.org/load.php?debug=false&lang=en&modules=site&only=styles&skin=vector&*","//bits.wikimedia.org/en.wikipedia.org/load.php?debug=false&lang=en&modules=startup&only=scripts&skin=vector&*","//bits.wikimedia.org/geoiplookup","//meta.wikimedia.org","#mw-head","#p-search","//upload.wikimedia.org/wikipedia/en/thumb/9/99/Question_book-new.svg/50px-Question_book-new.svg.png","//en.wikipedia.org/w/index.php?title=W_%26_T_Avery_Ltd.&action=edit","/wiki/Help:Introduction_to_referencing/1","/wiki/Template:Citation_needed","/wiki/Wikipedia:Verifiability#Burden_of_evidence","/wiki/File:Soho_Foundry.jpg","//upload.wikimedia.org/wikipedia/commons/thumb/e/e2/Soho_Foundry.jpg/220px-Soho_Foundry.jpg","/wiki/File:Soho_Foundry.jpg","//bits.wikimedia.org/static-1.21wmf10/skins/common/images/magnify-clip.png","/wiki/Weighing_machine","/wiki/General_Electric_Company_plc","/wiki/Avery_Berkel","/wiki/Avery_Weigh-Tronix","/wiki/Smethwick","#History","#See_also","#References","#Literature","#External_links","#See_also_2","/w/index.php?title=W_%26_T_Avery_Ltd.&action=edit&section=1","/wiki/File:Balance_Roberval_white.jpg","//upload.wikimedia.org/wikipedia/commons/thumb/b/b7/Balance_Roberval_white.jpg/220px-Balance_Roberval_white.jpg","/wiki/File:Balance_Roberval_white.jpg","//bits.wikimedia.org/static-1.21wmf10/skins/common/images/magnify-clip.png","/wiki/File:Yarloop_wkshop_gnangarra_14.jpg","//upload.wikimedia.org/wikipedia/commons/thumb/b/b0/Yarloop_wkshop_gnangarra_14.jpg/220px-Yarloop_wkshop_gnangarra_14.jpg","/wiki/File:Yarloop_wkshop_gnangarra_14.jpg","//bits.wikimedia.org/static-1.21wmf10/skins/common/images/magnify-clip.png","/wiki/Digbeth","/wiki/Soho_Foundry","#cite_note-1","#cite_note-2","/wiki/Parnall_%26_Sons","/w/index.php?title=Oertling&action=edit&redlink=1","/wiki/General_Electric_Company_plc","/wiki/Illinois_Tool_Works","#cite_note-3","/w/index.php?title=W_%26_T_Avery_Ltd.&action=edit&section=2","/wiki/Roberval_Balance","/wiki/Weighbridge","/w/index.php?title=W_%26_T_Avery_Ltd.&action=edit&section=3","#cite_ref-1","#cite_ref-2","#cite_ref-3","http://www.averyweigh-tronix.com/news/","/w/index.php?title=W_%26_T_Avery_Ltd.&action=edit&section=4","/wiki/Monopolies_and_Mergers_Commission","/wiki/Special:BookSources/0101765304","/w/index.php?title=W_%26_T_Avery_Ltd.&action=edit&section=5","http://www.averyweigh-tronix.com/","http://www.averyweigh-tronix.com/main.aspx?p=1.1.3.1&title=Avery","http://www.averyweigh-tronix.com/main.aspx?p=1.1.3.2&title=The+Soho+Foundry","http://www.competition-commission.org.uk/rep_pub/reports/1976_1979/fulltext/121c01.pdf","http://www.competition-commission.org.uk/rep_pub/reports/1976_1979/fulltext/121c04.pdf","http://home.clara.net/brianp/namesad.html","/w/index.php?title=W_%26_T_Avery_Ltd.&action=edit&section=6","/wiki/Sir_William_Beilby_Avery","http://en.wikipedia.org/w/index.php?title=W_%26_T_Avery_Ltd.&oldid=542664259","/wiki/Help:Categories","/wiki/Category:Weighing_instruments","/wiki/Category:Industrial_Revolution","/wiki/Category:Manufacturing_companies_of_the_United_Kingdom","/wiki/Category:Companies_based_in_Smethwick","/wiki/Category:Articles_needing_additional_references_from_January_2010","/wiki/Category:All_articles_needing_additional_references","/w/index.php?title=Special:UserLogin&returnto=W+%26+T+Avery+Ltd.&type=signup","/w/index.php?title=Special:UserLogin&returnto=W+%26+T+Avery+Ltd.","/wiki/W_%26_T_Avery_Ltd.","/wiki/Talk:W_%26_T_Avery_Ltd.","#","/wiki/W_%26_T_Avery_Ltd.","/w/index.php?title=W_%26_T_Avery_Ltd.&action=edit","/w/index.php?title=W_%26_T_Avery_Ltd.&action=history","#","/w/index.php","//bits.wikimedia.org/static-1.21wmf11/skins/vector/images/search-ltr.png?303-4","/wiki/Main_Page","/wiki/Main_Page","/wiki/Portal:Contents","/wiki/Portal:Featured_content","/wiki/Portal:Current_events","/wiki/Special:Random","//donate.wikimedia.org/wiki/Special:FundraiserRedirector?utm_source=donate&utm_medium=sidebar&utm_campaign=C13_en.wikipedia.org&uselang=en","/wiki/Help:Contents","/wiki/Wikipedia:About","/wiki/Wikipedia:Community_portal","/wiki/Special:RecentChanges","/wiki/Wikipedia:Contact_us","/wiki/Special:WhatLinksHere/W_%26_T_Avery_Ltd.","/wiki/Special:RecentChangesLinked/W_%26_T_Avery_Ltd.","/wiki/Wikipedia:File_Upload_Wizard","/wiki/Special:SpecialPages","/w/index.php?title=W_%26_T_Avery_Ltd.&oldid=542664259","/w/index.php?title=W_%26_T_Avery_Ltd.&action=info","/w/index.php?title=Special:Cite&page=W_%26_T_Avery_Ltd.&id=542664259","/w/index.php?title=Special:Book&bookcmd=book_creator&referer=W+%26+T+Avery+Ltd.","/w/index.php?title=Special:Book&bookcmd=render_article&arttitle=W+%26+T+Avery+Ltd.&oldid=542664259&writer=rl","/w/index.php?title=W_%26_T_Avery_Ltd.&printable=yes","//en.wikipedia.org/wiki/Wikipedia:Text_of_Creative_Commons_Attribution-ShareAlike_3.0_Unported_License","//creativecommons.org/licenses/by-sa/3.0/","//wikimediafoundation.org/wiki/Terms_of_Use","//www.wikimediafoundation.org/","//en.wikipedia.org/wiki/Wikipedia:Contact_us","//wikimediafoundation.org/wiki/Privacy_policy","/wiki/Wikipedia:About","/wiki/Wikipedia:General_disclaimer","http://en.m.wikipedia.org/wiki/W_%26_T_Avery_Ltd.","//wikimediafoundation.org/","//bits.wikimedia.org/images/wikimedia-button.png","//www.mediawiki.org/","//bits.wikimedia.org/static-1.21wmf11/skins/common/images/poweredby_mediawiki_88x31.png","//bits.wikimedia.org/en.wikipedia.org/load.php?debug=false&lang=en&modules=skins.vector&only=scripts&skin=vector&*","/w/index.php?title=MediaWiki:Gadget-ReferenceTooltips.js&action=raw&ctype=text/javascript&508635914","//bits.wikimedia.org/en.wikipedia.org/load.php?debug=false&lang=en&modules=site&only=scripts&skin=vector&*"],"instances":[],"pdf":["http://www.competition-commission.org.uk/rep_pub/reports/1976_1979/fulltext/121c01.pdf","http://www.competition-commission.org.uk/rep_pub/reports/1976_1979/fulltext/121c04.pdf"],"categories":["Weighing instruments","Industrial Revolution","Manufacturing companies of the United Kingdom","Companies based in Smethwick"],"headings":["History","See also","References","Literature","External links","See also"],"image":["//upload.wikimedia.org/wikipedia/en/thumb/9/99/Question_book-new.svg/50px-Question_book-new.svg.png","//upload.wikimedia.org/wikipedia/commons/thumb/e/e2/Soho_Foundry.jpg/220px-Soho_Foundry.jpg","//bits.wikimedia.org/static-1.21wmf10/skins/common/images/magnify-clip.png","//upload.wikimedia.org/wikipedia/commons/thumb/b/b7/Balance_Roberval_white.jpg/220px-Balance_Roberval_white.jpg","//bits.wikimedia.org/static-1.21wmf10/skins/common/images/magnify-clip.png","//upload.wikimedia.org/wikipedia/commons/thumb/b/b0/Yarloop_wkshop_gnangarra_14.jpg/220px-Yarloop_wkshop_gnangarra_14.jpg","//bits.wikimedia.org/static-1.21wmf10/skins/common/images/magnify-clip.png","//bits.wikimedia.org/static-1.21wmf11/skins/vector/images/search-ltr.png?303-4","//bits.wikimedia.org/images/wikimedia-button.png","//bits.wikimedia.org/static-1.21wmf11/skins/common/images/poweredby_mediawiki_88x31.png"],"tags":[],"members":[],"related":["Weighing_machine","General_Electric_Company_plc","Avery_Berkel","Avery_Weigh-Tronix","Smethwick","Digbeth","Soho_Foundry","Parnall_&_Sons","Oertling","General_Electric_Company_plc","Illinois_Tool_Works","Roberval_Balance","Weighbridge","Monopolies_and_Mergers_Commission","Sir_William_Beilby_Avery"]}