{"cursor":"4187","size":15,"audio":[],"currentlang":"en","article":"{{Infobox sportsperson |birth_date= |birth_place= |medaltemplates= }}\n\n\n\n\n\n\n\n\n\n\n\n\n\n\n}}\n\n'Kevin Yoshimi Asano' (born April 20, 1963) is a retired judoka from the United\nStates, who won the silver medal in the men's extra-lightweight competition at\nthe 1988 Summer Olympics. On his way to capturing the medal he beat Shinji\nHosokawa, who was the reigning world champion and 1984 Gold Medalist. Asano came\nclose to winning the gold medal, but lost it on a one-point penalty to Kim Jae-\nYup of South Korea.\n","linknr":162,"url":"Kevin_Asano","recorded":1364140200,"links":["/w/index.php?title=Kevin_Asano&action=edit","/w/index.php?title=Kevin_Asano&action=edit","//en.wikipedia.org/apple-touch-icon.png","//bits.wikimedia.org/favicon/wikipedia.ico","/w/opensearch_desc.php","//en.wikipedia.org/w/api.php?action=rsd","//creativecommons.org/licenses/by-sa/3.0/","/w/index.php?title=Special:RecentChanges&feed=atom","//bits.wikimedia.org/en.wikipedia.org/load.php?debug=false&lang=en&modules=ext.gadget.DRN-wizard%2CReferenceTooltips%2Ccharinsert%2Cteahouse%7Cext.wikihiero%7Cmediawiki.legacy.commonPrint%2Cshared%7Cmw.PopUpMediaTransform%7Cskins.vector&only=styles&skin=vector&*","//bits.wikimedia.org/en.wikipedia.org/load.php?debug=false&lang=en&modules=site&only=styles&skin=vector&*","//bits.wikimedia.org/en.wikipedia.org/load.php?debug=false&lang=en&modules=startup&only=scripts&skin=vector&*","//bits.wikimedia.org/geoiplookup","//meta.wikimedia.org","#mw-head","#p-search","/wiki/Judo","//upload.wikimedia.org/wikipedia/en/thumb/a/a4/Flag_of_the_United_States.svg/22px-Flag_of_the_United_States.svg.png","/wiki/United_States","/wiki/Olympic_Games","/wiki/1988_Summer_Olympics","/wiki/Judo_at_the_1988_Summer_Olympics","/wiki/Pan_American_Games","/wiki/1987_Pan_American_Games","/wiki/Judo_at_the_1987_Pan_American_Games","/w/index.php?title=US_International_Championships&action=edit&redlink=1","/w/index.php?title=1987_US_International_Championships&action=edit&redlink=1","/w/index.php?title=Judo_at_the_1987_US_International_Championships&action=edit&redlink=1","/wiki/World_Championships","/w/index.php?title=1987_World_Championships&action=edit&redlink=1","/w/index.php?title=Judo_at_the_1987_World_Championships&action=edit&redlink=1","/w/index.php?title=Collegiate_Championships&action=edit&redlink=1","/w/index.php?title=1987_Collegiate_Champoinships&action=edit&redlink=1","/w/index.php?title=Judo_at_the_1987_Collegiate_Championships&action=edit&redlink=1","/w/index.php?title=Collegiate_Championships&action=edit&redlink=1","/w/index.php?title=1986_Collegiate_Champoinships&action=edit&redlink=1","/w/index.php?title=Judo_at_the_1987_Collegiate_Championships&action=edit&redlink=1","/w/index.php?title=US_Olympic_Festival&action=edit&redlink=1","/w/index.php?title=1985_US_Olympic_Festival&action=edit&redlink=1","/w/index.php?title=Judo_at_the_1987_Collegiate_Championships&action=edit&redlink=1","/wiki/Judoka","/wiki/United_States","/wiki/1988_Summer_Olympics","/wiki/Shinji_Hosokawa","/wiki/Kim_Jae-Yup","#Personal_life","#Awards_and_honors","#Books_authored","#References","#External_links","/w/index.php?title=Kevin_Asano&action=edit&section=1","/wiki/Pearl_City_High_School_(Hawaii)","/wiki/Hawaii","/wiki/San_Jos%C3%A9_State_University","/wiki/Accounting","/wiki/Autobiography","/wiki/White_Mountain_Castle_Publishing,_LLC","/w/index.php?title=Kevin_Asano&action=edit&section=2","#cite_note-1","/wiki/Edward_Liddie","/wiki/Mike_Swain","/wiki/Jimmy_Pedro","#cite_note-2","#cite_note-3","/w/index.php?title=Kevin_Asano&action=edit&section=3","/wiki/Special:BookSources/9780981521916","/w/index.php?title=Kevin_Asano&action=edit&section=4","#cite_ref-1","http://www.usjudo.org/2008USAJudoHallofFameInductees.asp","#cite_ref-2","http://www.hawaiisportshalloffame.com/Gallery.htm","#cite_ref-3","http://www.sjsuspartans.com//pdf5/354057.pdf?SPSID=29474&SPID=2304&DB_OEM_ID=5600","http://hawaiisportshalloffame.com/xasan.htm","/w/index.php?title=Kevin_Asano&action=edit&section=5","http://hawaiisportshalloffame.com/xasan.htm","http://kevinasano.com","http://pacificwealthstrategiesllc.com","/wiki/Wikipedia:Persondata","/wiki/File:Flag_of_the_United_States.svg","//upload.wikimedia.org/wikipedia/en/thumb/a/a4/Flag_of_the_United_States.svg/20px-Flag_of_the_United_States.svg.png","/wiki/File:Olive_branch.svg","//upload.wikimedia.org/wikipedia/commons/thumb/a/a2/Olive_branch.svg/20px-Olive_branch.svg.png","/wiki/Wikipedia:Stub","//en.wikipedia.org/w/index.php?title=Kevin_Asano&action=edit","/wiki/Template:US-Olympic-medalist-stub","/wiki/Template_talk:US-Olympic-medalist-stub","//en.wikipedia.org/w/index.php?title=Template:US-Olympic-medalist-stub&action=edit","/wiki/File:Yin_yang.svg","//upload.wikimedia.org/wikipedia/commons/thumb/1/17/Yin_yang.svg/24px-Yin_yang.svg.png","/wiki/Wikipedia:Stub","//en.wikipedia.org/w/index.php?title=Kevin_Asano&action=edit","/wiki/Template:US-judo-bio-stub","/wiki/Template_talk:US-judo-bio-stub","//en.wikipedia.org/w/index.php?title=Template:US-judo-bio-stub&action=edit","http://en.wikipedia.org/w/index.php?title=Kevin_Asano&oldid=544871756","/wiki/Help:Categories","/wiki/Category:1963_births","/wiki/Category:Living_people","/wiki/Category:American_judoka","/wiki/Category:Judoka_at_the_1988_Summer_Olympics","/wiki/Category:Olympic_judoka_of_the_United_States","/wiki/Category:Olympic_silver_medalists_for_the_United_States","/wiki/Category:San_Jose_State_University_alumni","/wiki/Category:American_people_of_Japanese_descent","/wiki/Category:American_autobiographers","/wiki/Category:American_motivational_speakers","/wiki/Category:Olympic_medalists_in_judo","/wiki/Category:American_sportspeople_of_Asian_descent","/wiki/Category:American_Olympic_medalist_stubs","/wiki/Category:North_American_judo_biography_stubs","/wiki/Category:American_martial_arts_biography_stubs","/wiki/Category:Articles_which_use_infobox_templates_with_no_data_rows","/w/index.php?title=Special:UserLogin&returnto=Kevin+Asano&type=signup","/w/index.php?title=Special:UserLogin&returnto=Kevin+Asano","/wiki/Kevin_Asano","/wiki/Talk:Kevin_Asano","#","/wiki/Kevin_Asano","/w/index.php?title=Kevin_Asano&action=edit","/w/index.php?title=Kevin_Asano&action=history","#","/w/index.php","//bits.wikimedia.org/static-1.21wmf11/skins/vector/images/search-ltr.png?303-4","/wiki/Main_Page","/wiki/Main_Page","/wiki/Portal:Contents","/wiki/Portal:Featured_content","/wiki/Portal:Current_events","/wiki/Special:Random","//donate.wikimedia.org/wiki/Special:FundraiserRedirector?utm_source=donate&utm_medium=sidebar&utm_campaign=C13_en.wikipedia.org&uselang=en","/wiki/Help:Contents","/wiki/Wikipedia:About","/wiki/Wikipedia:Community_portal","/wiki/Special:RecentChanges","/wiki/Wikipedia:Contact_us","/wiki/Special:WhatLinksHere/Kevin_Asano","/wiki/Special:RecentChangesLinked/Kevin_Asano","/wiki/Wikipedia:File_Upload_Wizard","/wiki/Special:SpecialPages","/w/index.php?title=Kevin_Asano&oldid=544871756","/w/index.php?title=Kevin_Asano&action=info","/w/index.php?title=Special:Cite&page=Kevin_Asano&id=544871756","/w/index.php?title=Special:Book&bookcmd=book_creator&referer=Kevin+Asano","/w/index.php?title=Special:Book&bookcmd=render_article&arttitle=Kevin+Asano&oldid=544871756&writer=rl","/w/index.php?title=Kevin_Asano&printable=yes","//ja.wikipedia.org/wiki/%E3%82%B1%E3%83%93%E3%83%B3%E3%83%BB%E3%82%A2%E3%82%B5%E3%83%8E","//www.wikidata.org/wiki/Special:ItemByTitle/enwiki/Kevin Asano","//en.wikipedia.org/wiki/Wikipedia:Text_of_Creative_Commons_Attribution-ShareAlike_3.0_Unported_License","//creativecommons.org/licenses/by-sa/3.0/","//wikimediafoundation.org/wiki/Terms_of_Use","//www.wikimediafoundation.org/","//en.wikipedia.org/wiki/Wikipedia:Contact_us","//wikimediafoundation.org/wiki/Privacy_policy","/wiki/Wikipedia:About","/wiki/Wikipedia:General_disclaimer","http://en.m.wikipedia.org/wiki/Kevin_Asano","//wikimediafoundation.org/","//bits.wikimedia.org/images/wikimedia-button.png","//www.mediawiki.org/","//bits.wikimedia.org/static-1.21wmf11/skins/common/images/poweredby_mediawiki_88x31.png","//bits.wikimedia.org/en.wikipedia.org/load.php?debug=false&lang=en&modules=skins.vector&only=scripts&skin=vector&*","/w/index.php?title=MediaWiki:Gadget-ReferenceTooltips.js&action=raw&ctype=text/javascript&508635914","//bits.wikimedia.org/en.wikipedia.org/load.php?debug=false&lang=en&modules=site&only=scripts&skin=vector&*"],"instances":["hawaii"],"pdf":[],"categories":["1963 births","Living people","American judoka","Judoka at the 1988 Summer Olympics","Olympic judoka of the United States","Olympic silver medalists for the United States","San Jose State University alumni","American people of Japanese descent","American autobiographers","American motivational speakers","Olympic medalists in judo","American sportspeople of Asian descent"],"headings":["Personal life","Awards and honors","Books authored","References","External links"],"image":["//upload.wikimedia.org/wikipedia/en/thumb/a/a4/Flag_of_the_United_States.svg/22px-Flag_of_the_United_States.svg.png","//upload.wikimedia.org/wikipedia/en/thumb/a/a4/Flag_of_the_United_States.svg/20px-Flag_of_the_United_States.svg.png","//upload.wikimedia.org/wikipedia/commons/thumb/a/a2/Olive_branch.svg/20px-Olive_branch.svg.png","//upload.wikimedia.org/wikipedia/commons/thumb/1/17/Yin_yang.svg/24px-Yin_yang.svg.png","//bits.wikimedia.org/static-1.21wmf11/skins/vector/images/search-ltr.png?303-4","//bits.wikimedia.org/images/wikimedia-button.png","//bits.wikimedia.org/static-1.21wmf11/skins/common/images/poweredby_mediawiki_88x31.png"],"tags":[["pearl_city_high_school","hawaii"]],"members":["pearl_city_high_school"],"related":["Judoka","United_States","1988_Summer_Olympics","Shinji_Hosokawa","Kim_Jae-Yup","Pearl_City_High_School_(Hawaii)","Hawaii","San_José_State_University","Accounting","Autobiography","White_Mountain_Castle_Publishing,_LLC","Edward_Liddie","Mike_Swain","Jimmy_Pedro"]}