{"cursor":"492","size":15,"audio":[],"currentlang":"en","article":"\n\n'Ability' may be:\n* Aptitude\n* Intelligence\n* Skill\n\n'Ability' may also refer to:\n\n* Ability score, in role-playing games\n* Ability Plus Software, makers of the office suite Ability Office\n* Ability grouping\n* ABILITY Magazine\n* Ability (UK magazine)\n* \"Ability\" (''Fringe''), an episode of the television series Fringe\n","linknr":98,"url":"abilities","recorded":1363499568,"links":["/w/index.php?title=Ability&action=edit","/w/index.php?title=Ability&action=edit","//en.wikipedia.org/apple-touch-icon.png","//bits.wikimedia.org/favicon/wikipedia.ico","/w/opensearch_desc.php","//en.wikipedia.org/w/api.php?action=rsd","//creativecommons.org/licenses/by-sa/3.0/","/w/index.php?title=Special:RecentChanges&feed=atom","/wiki/Ability","//bits.wikimedia.org/en.wikipedia.org/load.php?debug=false&lang=en&modules=ext.gadget.DRN-wizard%2CReferenceTooltips%2Ccharinsert%2Cteahouse%7Cext.wikihiero%7Cmediawiki.legacy.commonPrint%2Cshared%7Cmw.PopUpMediaTransform%7Cskins.vector&only=styles&skin=vector&*","//bits.wikimedia.org/en.wikipedia.org/load.php?debug=false&lang=en&modules=site&only=styles&skin=vector&*","//bits.wikimedia.org/en.wikipedia.org/load.php?debug=false&lang=en&modules=startup&only=scripts&skin=vector&*","//bits.wikimedia.org/geoiplookup","//meta.wikimedia.org","/w/index.php?title=Abilities&redirect=no","#mw-head","#p-search","//upload.wikimedia.org/wikipedia/commons/thumb/f/f8/Wiktionary-logo-en.svg/37px-Wiktionary-logo-en.svg.png","//en.wiktionary.org/wiki/ability","//upload.wikimedia.org/wikipedia/commons/thumb/d/d6/Wikiquote-logo-en.svg/40px-Wikiquote-logo-en.svg.png","//en.wikiquote.org/wiki/Special:Search/Ability","/wiki/Aptitude","/wiki/Intelligence","/wiki/Skill","/wiki/Ability_score","/wiki/Ability_Plus_Software","/wiki/Ability_grouping","/wiki/ABILITY_Magazine","/w/index.php?title=Ability_(UK_magazine)&action=edit&redlink=1","/wiki/Ability_(Fringe)","/wiki/File:Disambig_gray.svg","//upload.wikimedia.org/wikipedia/en/thumb/5/5f/Disambig_gray.svg/30px-Disambig_gray.svg.png","/wiki/Help:Disambiguation","//en.wikipedia.org/w/index.php?title=Special:WhatLinksHere/Ability&namespace=0","http://en.wikipedia.org/w/index.php?title=Ability&oldid=543893037","/wiki/Help:Categories","/wiki/Category:Disambiguation_pages","/wiki/Category:Skills","/wiki/Category:All_article_disambiguation_pages","/wiki/Category:All_disambiguation_pages","/w/index.php?title=Special:UserLogin&returnto=Ability&type=signup","/w/index.php?title=Special:UserLogin&returnto=Ability","/wiki/Ability","/wiki/Talk:Ability","#","/wiki/Ability","/w/index.php?title=Ability&action=edit","/w/index.php?title=Ability&action=history","#","/w/index.php","//bits.wikimedia.org/static-1.21wmf11/skins/vector/images/search-ltr.png?303-4","/wiki/Main_Page","/wiki/Main_Page","/wiki/Portal:Contents","/wiki/Portal:Featured_content","/wiki/Portal:Current_events","/wiki/Special:Random","//donate.wikimedia.org/wiki/Special:FundraiserRedirector?utm_source=donate&utm_medium=sidebar&utm_campaign=C13_en.wikipedia.org&uselang=en","/wiki/Help:Contents","/wiki/Wikipedia:About","/wiki/Wikipedia:Community_portal","/wiki/Special:RecentChanges","/wiki/Wikipedia:Contact_us","/wiki/Special:WhatLinksHere/Ability","/wiki/Special:RecentChangesLinked/Ability","/wiki/Wikipedia:File_Upload_Wizard","/wiki/Special:SpecialPages","/w/index.php?title=Ability&oldid=543893037","/w/index.php?title=Ability&action=info","/w/index.php?title=Special:Cite&page=Ability&id=543893037","/w/index.php?title=Special:Book&bookcmd=book_creator&referer=Ability","/w/index.php?title=Special:Book&bookcmd=render_article&arttitle=Ability&oldid=543893037&writer=rl","/w/index.php?title=Ability&printable=yes","//da.wikipedia.org/wiki/Evne","//de.wikipedia.org/wiki/Verm%C3%B6gen_(F%C3%A4higkeit)","//et.wikipedia.org/wiki/V%C3%B5ime","//el.wikipedia.org/wiki/%CE%94%CF%85%CE%BD%CE%B1%CF%84%CF%8C%CF%84%CE%B7%CF%84%CE%B1","//eo.wikipedia.org/wiki/Kapablo","//fa.wikipedia.org/wiki/%D8%AA%D9%88%D8%A7%D9%86%D8%A7%DB%8C%DB%8C","//ms.wikipedia.org/wiki/Keupayaan","//ja.wikipedia.org/wiki/%E3%82%A2%E3%83%93%E3%83%AA%E3%83%86%E3%82%A3","//zh-yue.wikipedia.org/wiki/Ability","//www.wikidata.org/wiki/Special:ItemByTitle/enwiki/Ability","//en.wikipedia.org/wiki/Wikipedia:Text_of_Creative_Commons_Attribution-ShareAlike_3.0_Unported_License","//creativecommons.org/licenses/by-sa/3.0/","//wikimediafoundation.org/wiki/Terms_of_Use","//www.wikimediafoundation.org/","//en.wikipedia.org/wiki/Wikipedia:Contact_us","//wikimediafoundation.org/wiki/Privacy_policy","/wiki/Wikipedia:About","/wiki/Wikipedia:General_disclaimer","http://en.m.wikipedia.org/wiki/Ability","//wikimediafoundation.org/","//bits.wikimedia.org/images/wikimedia-button.png","//www.mediawiki.org/","//bits.wikimedia.org/static-1.21wmf11/skins/common/images/poweredby_mediawiki_88x31.png","//bits.wikimedia.org/en.wikipedia.org/load.php?debug=false&lang=en&modules=skins.vector&only=scripts&skin=vector&*","/w/index.php?title=MediaWiki:Gadget-ReferenceTooltips.js&action=raw&ctype=text/javascript&508635914","//bits.wikimedia.org/en.wikipedia.org/load.php?debug=false&lang=en&modules=site&only=scripts&skin=vector&*"],"instances":["fringe"],"pdf":[],"categories":["Skills"],"headings":[],"image":["//upload.wikimedia.org/wikipedia/commons/thumb/f/f8/Wiktionary-logo-en.svg/37px-Wiktionary-logo-en.svg.png","//upload.wikimedia.org/wikipedia/commons/thumb/d/d6/Wikiquote-logo-en.svg/40px-Wikiquote-logo-en.svg.png","//upload.wikimedia.org/wikipedia/en/thumb/5/5f/Disambig_gray.svg/30px-Disambig_gray.svg.png","//bits.wikimedia.org/static-1.21wmf11/skins/vector/images/search-ltr.png?303-4","//bits.wikimedia.org/images/wikimedia-button.png","//bits.wikimedia.org/static-1.21wmf11/skins/common/images/poweredby_mediawiki_88x31.png"],"tags":[["ability","uk_magazine"],["ability","fringe"]],"members":["ability"],"related":["Aptitude","Intelligence","Skill","Ability_score","Ability_Plus_Software","Ability_grouping","ABILITY_Magazine","Ability_(UK_magazine)","Ability_(Fringe)"]}