{"cursor":"46871","size":15,"audio":[],"currentlang":"en","article":"\n\n\n\n\n\n  {{Infobox machine\n| name = Automobile image = Benz-velo.jpg caption = Benz \"Velo\" model\n| (1894) â entered into an early automobile race as a motocycle The\n| Motocycle / Automobile (magazine), November Vol 1, No. 2, 1895, pp.\n| 16â45 The Mercedes-Benz book by Victor Boesen, Doubleday 1981, p.\n| 22, ISBN 0-385-12554-2 classification = Vehicle industry = Various\n| application = dimensions = weight = fuel_source = Gasoline, Diesel, Electric,\n| Hydrogen, Solar energy powered = Yes self-propelled = Yes wheels = 3â4 tracks\n| = legs = aerofoils = axles = 1â2 components = invented = inventor = Ferdinand\n| Verbiest examples =\n}} .]]\n\n\nAn 'automobile', 'autocar', 'motor car' or 'car' is a wheeled motor vehicle used\nfor transporting passengers, which also carries its own engine or motor. Most\ndefinitions of the term specify that automobiles are designed to run primarily\non roads, to have seating for one to eight people, to typically have four\nwheels, and to be constructed principally for the transport of people rather\nthan goods.\n\nThe term motorcar has also been used in the context of electrified rail systems\nto denote a car which functions as a small locomotive but also provides space\nfor passengers and baggage. These locomotive cars were often used on suburban\nroutes by both interurban and intercity railroad systems.\n\nIt was estimated in 2010 that the number of automobiles had risen to over 1\nbillion vehicles, with 500 million reached in 1986. The numbers are\nincreasing rapidly, especially in China and India. Plunkett Research, [http://www.plunkettresearch.com-\n/Industries/AutomobilesTrucks/AutomobileTrends/tabid/89/Default.aspx \"Automobile\nIndustry Introduction\" (2008)]\n","linknr":1480,"url":"Car","recorded":1362562797,"links":180,"instances":["open_source_car","1922_automobile","automobile","automobile","automobile","scientist","automobile","car","vehicle","car","road_accident_victim","engineer","company","car","programmer_subculture","car","automobile"],"pdf":["http://cst.uwinnipeg.ca/documents/Transport_Greenhouse.pdf","http://cst.uwinnipeg.ca/documents/Transport_Greenhouse.pdf","http://www.neotrucks.com/pdf/making_the_connections_final_report_on_transport_and_social_exclusion.pdf","http://www.neotrucks.com/pdf/making_the_connections_final_report_on_transport_and_social_exclusion.pdf","http://research.cibcwm.com/economic_public/download/sfeb09.pdf","http://research.cibcwm.com/economic_public/download/sfeb09.pdf"],"categories":["Automobiles|","Wheeled vehicles"],"headings":["Etymology","History","Mass production","Weight","Seating and body style","Fuel and propulsion technologies","Safety","Costs and benefits","Criticism","Future car technologies","Alternatives to the automobile","Industry","See also","References","Further reading","External links"],"image":["//upload.wikimedia.org/wikipedia/commons/thumb/f/fc/Padlock-silver.svg/20px-Padlock-silver.svg.png","//upload.wikimedia.org/wikipedia/commons/thumb/1/1e/Benz-velo.jpg/220px-Benz-velo.jpg","//upload.wikimedia.org/wikipedia/commons/thumb/2/2e/Vehicles_map_2001-2007.gif/300px-Vehicles_map_2001-2007.gif","//bits.wikimedia.org/static-1.21wmf10/skins/common/images/magnify-clip.png","//upload.wikimedia.org/wikipedia/commons/thumb/0/06/World_vehicles_per_capita.svg/300px-World_vehicles_per_capita.svg.png","//bits.wikimedia.org/static-1.21wmf10/skins/common/images/magnify-clip.png","//upload.wikimedia.org/wikipedia/commons/thumb/d/d6/CarlBenz.jpg/170px-CarlBenz.jpg","//bits.wikimedia.org/static-1.21wmf10/skins/common/images/magnify-clip.png","//upload.wikimedia.org/wikipedia/commons/thumb/7/71/1885Benz.jpg/220px-1885Benz.jpg","//bits.wikimedia.org/static-1.21wmf10/skins/common/images/magnify-clip.png","//upload.wikimedia.org/wikipedia/commons/thumb/3/36/Berthabenzportrait.jpg/170px-Berthabenzportrait.jpg","//bits.wikimedia.org/static-1.21wmf10/skins/common/images/magnify-clip.png","//upload.wikimedia.org/wikipedia/commons/thumb/9/91/Olds2.jpg/220px-Olds2.jpg","//bits.wikimedia.org/static-1.21wmf10/skins/common/images/magnify-clip.png","//upload.wikimedia.org/wikipedia/commons/thumb/1/18/Henry_ford_1919.jpg/170px-Henry_ford_1919.jpg","//bits.wikimedia.org/static-1.21wmf10/skins/common/images/magnify-clip.png","//upload.wikimedia.org/wikipedia/commons/thumb/1/15/Late_model_Ford_Model_T.jpg/170px-Late_model_Ford_Model_T.jpg","//bits.wikimedia.org/static-1.21wmf10/skins/common/images/magnify-clip.png","//upload.wikimedia.org/wikipedia/commons/thumb/c/c1/2011_Nissan_Leaf_WAS_2011_1040.JPG/220px-2011_Nissan_Leaf_WAS_2011_1040.JPG","//bits.wikimedia.org/static-1.21wmf10/skins/common/images/magnify-clip.png","//upload.wikimedia.org/wikipedia/commons/thumb/e/e4/Car_crash_2.jpg/220px-Car_crash_2.jpg","//bits.wikimedia.org/static-1.21wmf10/skins/common/images/magnify-clip.png","//upload.wikimedia.org/wikipedia/commons/thumb/b/bd/Ambox_globe_content.svg/48px-Ambox_globe_content.svg.png","//upload.wikimedia.org/wikipedia/en/thumb/9/99/Question_book-new.svg/50px-Question_book-new.svg.png","//upload.wikimedia.org/wikipedia/commons/thumb/6/65/Hands-free_Driving.jpg/220px-Hands-free_Driving.jpg","//bits.wikimedia.org/static-1.21wmf10/skins/common/images/magnify-clip.png","//upload.wikimedia.org/wikipedia/commons/thumb/1/18/Sportcar_sergio_luiz_ara_01.svg/32px-Sportcar_sergio_luiz_ara_01.svg.png","//upload.wikimedia.org/wikipedia/en/thumb/4/4a/Commons-logo.svg/30px-Commons-logo.svg.png","//upload.wikimedia.org/wikipedia/commons/thumb/4/4c/Wikisource-logo.svg/38px-Wikisource-logo.svg.png","//upload.wikimedia.org/wikipedia/commons/thumb/f/f8/Wiktionary-logo-en.svg/37px-Wiktionary-logo-en.svg.png","//upload.wikimedia.org/wikipedia/en/thumb/f/fd/Portal-puzzle.svg/16px-Portal-puzzle.svg.png","//upload.wikimedia.org/wikipedia/en/thumb/4/48/Folder_Hexagonal_Icon.svg/16px-Folder_Hexagonal_Icon.svg.png","//upload.wikimedia.org/wikipedia/en/thumb/4/48/Folder_Hexagonal_Icon.svg/16px-Folder_Hexagonal_Icon.svg.png","//upload.wikimedia.org/wikipedia/en/thumb/4/4a/Commons-logo.svg/12px-Commons-logo.svg.png","//upload.wikimedia.org/wikipedia/en/thumb/d/db/Symbol_list_class.svg/16px-Symbol_list_class.svg.png","//bits.wikimedia.org/static-1.21wmf10/skins/vector/images/search-ltr.png?303-4","//bits.wikimedia.org/images/wikimedia-button.png","//bits.wikimedia.org/static-1.21wmf10/skins/common/images/poweredby_mediawiki_88x31.png"],"tags":[["samuel_brown","engineer"],["hippomobile","car"],["tatra","company"],["rickett","car"],["santler","car"],["cadillac","automobile"],["suspension","vehicle"],["lasalle","automobile"],["premier","u.s._car"],["hotchkiss","car"],["abbey","1922_automobile"],["xtra","automobile"],["mors","automobile"],["sedan","automobile"],["mary_ward","scientist"],["henry_bliss","road_accident_victim"],["oscar","open_source_car"],["hacker","programmer_subculture"]],"members":["oscar","abbey","mors","xtra","lasalle","mary_ward","sedan","hotchkiss","suspension","hippomobile","henry_bliss","samuel_brown","tatra","santler","hacker","premier","rickett","cadillac"],"related":["Chicago_Times-Herald_race","Motocycle","Gasoline","Diesel_fuel","Electric","Hydrogen","Solar_energy","Ferdinand_Verbiest","Motor_vehicle","Transportation","Passenger","Automobile_industry_in_China","Automobile_industry_in_India","Ancient_Greek","Latin_language","Middle_English","Cart","French_language","Gaulish_language","Gauls","Chariot","Ferdinand_Verbiest","Flemish_people","Jesuit_China_missions","Hergé","Nicolas-Joseph_Cugnot","Conservatoire_National_des_Arts_et_Métiers","Richard_Trevithick","Nicéphore_Niépce","Internal_combustion_engine","Pyréolophore","Saone","François_Isaac_de_Rivaz","De_Rivaz_engine","Lycopodium_powder","Lycopodium","Hydrogen","Oxygen","Samuel_Brown_(engineer)","Samuel_Morey","Etienne_Lenoir","Hippomobile_(car)","Gustave_Trouvé","International_Exposition_of_Electricity,_Paris","Society_of_Automotive_Engineers","Gottlieb_Daimler","Wilhelm_Maybach","Siegfried_Marcus","Karl_Benz","Mannheim","Benz_&_Cie.","Four-stroke_cycle","Emile_Roger","Bertha_Benz","Road_trip","Flat_engine","Joint-stock_company","Czech_lands","Tatra_(company)","Präsident","Daimler_Motoren_Gesellschaft","Cannstatt","Emil_Jellinek","First_World_War","Émile_Levassor","Armand_Peugeot","George_Baldwin_Selden","Rochester,_New_York","Two-stroke_cycle","Henry_Ford","American_car","Duryea_brothers","Springfield,_Massachusetts","Duryea_Motor_Wagon","Metro_Center,_Springfield,_Massachusetts","The_Springfield_Republican","United_States_National_Museum","Rickett_(car)","Santler_(car)","Frederick_William_Lanchester","Daimler_Motor_Company","Harry_J._Lawson","Rudolf_Diesel","Diesel_Engine","Pistonless_rotary_engine","Piston","Crankshaft","Mazda_Wankel_engine","Wankel_engine","Production-line","Ransom_Olds","Oldsmobile","Lansing,_Michigan","Assembly_line","Marc_Isambard_Brunel","Portsmouth_Block_Mills","Thomas_Blanchard","Springfield_Armory","Springfield,_Massachusetts","Henry_Ford","Paint","Japan_Black","Duco","Lacquer","Apocryphal","Fordism","Citroen","Ignition_system","Charles_Kettering","Cadillac_(automobile)","Suspension_(vehicle)","Alfred_P._Sloan","LaSalle_(automobile)","Cadillac","Oldsmobile","Chevrolet","Pontiac","Powertrain","Automobile_platform","Brake","Apperson","Cole_Motor_Car_Company","Dorris_Motors_Corporation","Haynes_Automobile_Company","Premier_(U.S._car)","Great_Depression","Morris_Motors","Cowley,_Oxford","Vertical_integration","Hotchkiss_(car)","EG_Wrigley_and_Company","Osberton","Wolseley_Motors","Abbey_(1922_automobile)","Xtra_(automobile)","Renault","Renault_10CV","Peugeot","Peugeot_5CV","Mors_(automobile)","Hurtu","Opel","Opel_Laubfrosch","Russelsheim","Julian_Allwood","University_of_Cambridge","Eco-marathon","Sedan_(automobile)","Hatchback","Station_wagon","Multi-Purpose_Vehicle","Minivan","Electric_car","Internal_combustion_engine","Deflagration","Diesel_fuel","Climate_change","Global_warming","U.S._Department_of_Energy","2000s_energy_crisis","Energy_security","Greenhouse_gas","Hybrid_vehicle","Plug-in_electric_vehicle","Hydrogen_vehicle","Alternative_fuel","Ethanol_fuel","Flexible-fuel_vehicle","Natural_gas_vehicle","Mary_Ward_(scientist)","Parsonstown","Henry_Bliss_(road_accident_victim)","EuroNCAP","Insurance_Institute_for_Highway_Safety","Depreciation","Parking_fee","Maintaining_road","Land_use","Public_health","Greenhouse_gas","Carbon_dioxide","Carbon_monoxide","Hydrocarbons","Nitrogen","Habitat_destruction","Primary_production","Roadkill","Commuting","Traffic_congestion","Fuel_tax","Hybrid_vehicles","Alternative_fuel","Oil_consumption","1980s_oil_glut","OECD","BRIC","Car_collision","Obesity","Automobile_propulsion","Hybrid_car","Plug-in_hybrid","Battery_electric_vehicle","Hydrogen_car","Biofuel","Alternative_fuel","Fuel_cells","HCCI","Stirling_engine","Liquid_nitrogen_economy","Duraluminum","Fiberglass","Carbon_fiber","Carbon_nanotube","Telematics","City_Car_Club","Car_share","Carpool","Connected_car","Stanford_University","Driverless_car","Michael_E._Arth","Virtual_reality","Bus","Driving_under_the_influence","Open_design","OScar_(open_source_car)","Riversimple","Hacker_(programmer_subculture)","On-board_diagnostics","Public_transit","Trolleybus","Rapid_transit","Tram_system","Walking","Carsharing","Carpool","Bicycle_sharing_system","Copenhagen","Amsterdam","Personal_rapid_transit","Motor_vehicle","Commercial_vehicle","Organisation_Internationale_des_Constructeurs_d'Automobiles","Sustainable_transport","Car_classification","Carfree_city","List_of_countries_by_automobile_production","List_of_countries_by_vehicles_per_capita","Lists_of_automobiles","Motor_vehicle_theft","Noise_pollution","Peak_car","Steering","Traffic_collision","Traffic_congestion","David_Halberstam","Heathcote_Williams","Wolfgang_Sachs"]}