{"cursor":"4040","size":15,"audio":[],"currentlang":"en","article":"{{Infobox company\n| company_name = Universal Weather and Aviation, Inc. company_logo =\n| company_type = Privately held company founder = Tom Evans foundation = 1959\n| location_city = Houston, Texas location_country = United States industry =\n| Business Aviation services = Flight planning, aviation weather, Jet A fuel,\n| and aircraft ground handling homepage = [http://www.universalweather.com/\n| universalweather.com]\n}}\n\n'Universal Weather and Aviation, Inc.' (commonly called 'Universal' or\n'Universal Weather') is a Houston-based company providing products and\nservices for general aviation. Its customers include owners and operators of\nbusiness jets.\n\n'Universal Weather and Aviation' offers trip support services; flight planning;\nweather briefings and graphics; aircraft datalink services using ACARS or\nSATCOM; aircraft and crew scheduling software, named FlightPak; online trip\nplanning services; aircraft fueling card services, named UVair; and aircraft\nground handling services through worldwide fixed-base operators (FBOs), named\nUniversal Aviation. ImpactWeather is a wholly owned\nsubsidiary. [http://www.universalweather.com/services/]. Retrieved from the\nUniversal Weather and Aviation website on September 28, 2007.\n\nIn August 2006, Universal Weather and Aviation acquired Cornerstone Logic, Inc.,\ncreators of FBO Manager software. [http://www.univ-\nwea.com/pressroom/20060831_001.html]. Retrieved from the Universal Weather and\nAviation website on June 4, 2007.\n","linknr":154,"url":"Universal_Weather_and_Aviation","recorded":1363412899,"links":["/w/index.php?title=Universal_Weather_and_Aviation&action=edit","/w/index.php?title=Universal_Weather_and_Aviation&action=edit","//en.wikipedia.org/apple-touch-icon.png","//bits.wikimedia.org/favicon/wikipedia.ico","/w/opensearch_desc.php","//en.wikipedia.org/w/api.php?action=rsd","//creativecommons.org/licenses/by-sa/3.0/","/w/index.php?title=Special:RecentChanges&feed=atom","//bits.wikimedia.org/en.wikipedia.org/load.php?debug=false&lang=en&modules=ext.gadget.DRN-wizard%2CReferenceTooltips%2Ccharinsert%2Cteahouse%7Cext.wikihiero%7Cmediawiki.legacy.commonPrint%2Cshared%7Cmw.PopUpMediaTransform%7Cskins.vector&only=styles&skin=vector&*","//bits.wikimedia.org/en.wikipedia.org/load.php?debug=false&lang=en&modules=site&only=styles&skin=vector&*","//bits.wikimedia.org/en.wikipedia.org/load.php?debug=false&lang=en&modules=startup&only=scripts&skin=vector&*","//bits.wikimedia.org/geoiplookup","//meta.wikimedia.org","#mw-head","#p-search","/wiki/File:UWALogo_3c.png","//upload.wikimedia.org/wikipedia/en/a/a4/UWALogo_3c.png","/wiki/Types_of_business_entity","/wiki/Privately_held_company","/wiki/General_Aviation","/w/index.php?title=Thomas_G._Evans&action=edit&redlink=1","/wiki/Houston","/wiki/Texas","/wiki/United_States","/wiki/Flight_planning","/wiki/Weather","/wiki/Aviation_fuel","/wiki/Aircraft_ground_handling","http://www.universalweather.com/","/wiki/Houston","/wiki/General_aviation","/wiki/Business_jet","/wiki/Flight_planning","/wiki/Weather","/wiki/Datalink","/wiki/ACARS","/wiki/Communications_satellite","/wiki/Crew_scheduling","/wiki/Aircraft_fuel","/wiki/Aircraft_ground_handling","/wiki/Fixed-base_operator","/w/index.php?title=ImpactWeather&action=edit&redlink=1","#cite_note-1","#cite_note-2","#Awards","#Corporate_Citizenship","#Memberships_and_affiliations","#Other_flight_support_providers","#References","#External_links","/w/index.php?title=Universal_Weather_and_Aviation&action=edit&section=1","#cite_note-3","/w/index.php?title=Universal_Weather_and_Aviation&action=edit&section=2","/wiki/Barrington_Irving","#cite_note-4","/w/index.php?title=Universal_Weather_and_Aviation&action=edit&section=3","/wiki/National_Business_Aviation_Association","#cite_note-5","/wiki/European_Business_Aviation_Association","#cite_note-6","/wiki/Middle_East_Business_Aviation_Association","#cite_note-7","/wiki/Asian_Business_Aviation_Association","#cite_note-8","/w/index.php?title=Universal_Weather_and_Aviation&action=edit&section=4","/wiki/Air_Routing_International","/wiki/Colt_International","/wiki/Jeppesen","/w/index.php?title=Presidium_Aviation&action=edit&redlink=1","/w/index.php?title=JetFlight_Aviation_Services&action=edit&redlink=1","/w/index.php?title=Universal_Weather_and_Aviation&action=edit&section=5","#cite_ref-1","http://www.universalweather.com/services/","#cite_ref-2","http://www.univ-wea.com/pressroom/20060831_001.html","#cite_ref-3","http://www.universalweather.com/documents/pdf/inthenews/200805/propilot_prase_handling.pdf","#cite_ref-4","http://www.ainonline.com/news/single-news-page/article/universal-weather-keeps-irving-aloft/?no_cache=1&cHash=b4df3dc363","#cite_ref-5","http://www.nbaa.org/directory","#cite_ref-6","http://www.ebaa.org/content/dsp_page/pagec/mbrship_lst","#cite_ref-7","http://www.mebaa.com/about/mebaa_members.asp","#cite_ref-8","http://www.asbaa.org/intro_en.php?Flag=5","http://www.universalweather.com/documents/pdf/inthenews/200705/ProPilot_May07.pdf","/wiki/Professional_pilot_magazine","http://www.universalweather.com/documents/pdf/inthenews/200705/ProPilot_May07.pdf","/w/index.php?title=Universal_Weather_and_Aviation&action=edit&section=6","http://www.universalweather.com","/wiki/File:Aero-mfg-stub_img.png","//upload.wikimedia.org/wikipedia/en/8/8e/Aero-mfg-stub_img.png","/wiki/Aeronautics","/wiki/Wikipedia:Stub","//en.wikipedia.org/w/index.php?title=Universal_Weather_and_Aviation&action=edit","/wiki/Template:Aero-company-stub","/wiki/Template_talk:Aero-company-stub","//en.wikipedia.org/w/index.php?title=Template:Aero-company-stub&action=edit","http://en.wikipedia.org/w/index.php?title=Universal_Weather_and_Aviation&oldid=502549785","/wiki/Help:Categories","/wiki/Category:Aeronautical_company_stubs","/wiki/Category:Aerospace_companies_of_the_United_States","/wiki/Category:Companies_based_in_Houston,_Texas","/wiki/Category:Companies_established_in_1959","/w/index.php?title=Special:UserLogin&returnto=Universal+Weather+and+Aviation&type=signup","/w/index.php?title=Special:UserLogin&returnto=Universal+Weather+and+Aviation","/wiki/Universal_Weather_and_Aviation","/wiki/Talk:Universal_Weather_and_Aviation","#","/wiki/Universal_Weather_and_Aviation","/w/index.php?title=Universal_Weather_and_Aviation&action=edit","/w/index.php?title=Universal_Weather_and_Aviation&action=history","#","/w/index.php","//bits.wikimedia.org/static-1.21wmf11/skins/vector/images/search-ltr.png?303-4","/wiki/Main_Page","/wiki/Main_Page","/wiki/Portal:Contents","/wiki/Portal:Featured_content","/wiki/Portal:Current_events","/wiki/Special:Random","//donate.wikimedia.org/wiki/Special:FundraiserRedirector?utm_source=donate&utm_medium=sidebar&utm_campaign=C13_en.wikipedia.org&uselang=en","/wiki/Help:Contents","/wiki/Wikipedia:About","/wiki/Wikipedia:Community_portal","/wiki/Special:RecentChanges","/wiki/Wikipedia:Contact_us","/wiki/Special:WhatLinksHere/Universal_Weather_and_Aviation","/wiki/Special:RecentChangesLinked/Universal_Weather_and_Aviation","/wiki/Wikipedia:File_Upload_Wizard","/wiki/Special:SpecialPages","/w/index.php?title=Universal_Weather_and_Aviation&oldid=502549785","/w/index.php?title=Universal_Weather_and_Aviation&action=info","/w/index.php?title=Special:Cite&page=Universal_Weather_and_Aviation&id=502549785","/w/index.php?title=Special:Book&bookcmd=book_creator&referer=Universal+Weather+and+Aviation","/w/index.php?title=Special:Book&bookcmd=render_article&arttitle=Universal+Weather+and+Aviation&oldid=502549785&writer=rl","/w/index.php?title=Universal_Weather_and_Aviation&printable=yes","//en.wikipedia.org/wiki/Wikipedia:Text_of_Creative_Commons_Attribution-ShareAlike_3.0_Unported_License","//creativecommons.org/licenses/by-sa/3.0/","//wikimediafoundation.org/wiki/Terms_of_Use","//www.wikimediafoundation.org/","//en.wikipedia.org/wiki/Wikipedia:Contact_us","//wikimediafoundation.org/wiki/Privacy_policy","/wiki/Wikipedia:About","/wiki/Wikipedia:General_disclaimer","http://en.m.wikipedia.org/wiki/Universal_Weather_and_Aviation","//wikimediafoundation.org/","//bits.wikimedia.org/images/wikimedia-button.png","//www.mediawiki.org/","//bits.wikimedia.org/static-1.21wmf11/skins/common/images/poweredby_mediawiki_88x31.png","//bits.wikimedia.org/en.wikipedia.org/load.php?debug=false&lang=en&modules=skins.vector&only=scripts&skin=vector&*","/w/index.php?title=MediaWiki:Gadget-ReferenceTooltips.js&action=raw&ctype=text/javascript&508635914","//bits.wikimedia.org/en.wikipedia.org/load.php?debug=false&lang=en&modules=site&only=scripts&skin=vector&*"],"instances":[],"pdf":["http://www.universalweather.com/documents/pdf/inthenews/200805/propilot_prase_handling.pdf","http://www.universalweather.com/documents/pdf/inthenews/200705/ProPilot_May07.pdf","http://www.universalweather.com/documents/pdf/inthenews/200705/ProPilot_May07.pdf"],"categories":["Aerospace companies of the United States","Companies based in Houston, Texas","Companies established in 1959"],"headings":["Awards","Corporate Citizenship","Memberships and affiliations","Other flight support providers","References","External links"],"image":["//upload.wikimedia.org/wikipedia/en/a/a4/UWALogo_3c.png","//upload.wikimedia.org/wikipedia/en/8/8e/Aero-mfg-stub_img.png","//bits.wikimedia.org/static-1.21wmf11/skins/vector/images/search-ltr.png?303-4","//bits.wikimedia.org/images/wikimedia-button.png","//bits.wikimedia.org/static-1.21wmf11/skins/common/images/poweredby_mediawiki_88x31.png"],"tags":[],"members":[],"related":["Privately_held_company","Thomas_G._Evans","Houston","Texas","United_States","General_Aviation","Flight_planning","Weather","Aviation_fuel","Aircraft_ground_handling","Houston","General_aviation","Business_jet","Flight_planning","Weather","Datalink","ACARS","Communications_satellite","Crew_scheduling","Aircraft_fuel","Aircraft_ground_handling","Fixed-base_operator","ImpactWeather","Barrington_Irving","National_Business_Aviation_Association","European_Business_Aviation_Association","Middle_East_Business_Aviation_Association","Asian_Business_Aviation_Association","Air_Routing_International","Colt_International","Jeppesen","Presidium_Aviation","JetFlight_Aviation_Services","Professional_pilot_magazine"]}