{"cursor":"57812","size":15,"audio":[],"currentlang":"en","article":"\n\n\nThe following is a 'list of [[recurring character]]s' in the animated television\nseries 'South Park'. This does not include the school children, family members\nor the school staff.\n","linknr":717,"url":"Ned_Gerblansky","recorded":1363371049,"links":["//en.wikipedia.org/apple-touch-icon.png","//bits.wikimedia.org/favicon/wikipedia.ico","/w/opensearch_desc.php","//en.wikipedia.org/w/api.php?action=rsd","//creativecommons.org/licenses/by-sa/3.0/","/w/index.php?title=Special:RecentChanges&feed=atom","/wiki/List_of_recurring_South_Park_characters","//bits.wikimedia.org/en.wikipedia.org/load.php?debug=false&lang=en&modules=ext.gadget.DRN-wizard%2CReferenceTooltips%2Ccharinsert%2Cteahouse%7Cext.wikihiero%7Cmediawiki.legacy.commonPrint%2Cshared%7Cmw.PopUpMediaTransform%7Cskins.vector&only=styles&skin=vector&*","//bits.wikimedia.org/en.wikipedia.org/load.php?debug=false&lang=en&modules=site&only=styles&skin=vector&*","//bits.wikimedia.org/en.wikipedia.org/load.php?debug=false&lang=en&modules=startup&only=scripts&skin=vector&*","//bits.wikimedia.org/geoiplookup","//meta.wikimedia.org","/w/index.php?title=Ned_Gerblansky&redirect=no","#mw-head","#p-search","/wiki/Wikipedia:Protection_policy#semi","//upload.wikimedia.org/wikipedia/commons/thumb/f/fc/Padlock-silver.svg/20px-Padlock-silver.svg.png","//upload.wikimedia.org/wikipedia/en/f/f4/Ambox_content.png","//en.wikipedia.org/w/index.php?title=List_of_recurring_South_Park_characters&action=edit","/wiki/Talk:List_of_recurring_South_Park_characters","//upload.wikimedia.org/wikipedia/en/thumb/9/99/Question_book-new.svg/50px-Question_book-new.svg.png","//en.wikipedia.org/w/index.php?title=List_of_recurring_South_Park_characters&action=edit","/wiki/Help:Introduction_to_referencing/1","/wiki/Template:Citation_needed","/wiki/Wikipedia:Verifiability#Burden_of_evidence","//upload.wikimedia.org/wikipedia/en/f/f4/Ambox_content.png","/wiki/Wikipedia:Manual_of_Style/Writing_about_fiction","//en.wikipedia.org/w/index.php?title=List_of_recurring_South_Park_characters&action=edit","/wiki/Wikipedia:Manual_of_Style/Writing_about_fiction","//upload.wikimedia.org/wikipedia/en/f/f4/Ambox_content.png","/wiki/Wikipedia:No_original_research","//en.wikipedia.org/w/index.php?title=List_of_recurring_South_Park_characters&action=edit","/wiki/Wikipedia:Verifiability","/wiki/Wikipedia:References","//upload.wikimedia.org/wikipedia/en/thumb/f/f2/Edit-clear.svg/40px-Edit-clear.svg.png","/wiki/Wikipedia:IINFO","/wiki/Wikipedia:Handling_trivia#Recommendations_for_handling_trivia","/wiki/Wikipedia:NOT","/wiki/Recurring_character","/wiki/South_Park","/wiki/List_of_students_at_South_Park_Elementary","/wiki/List_of_South_Park_families","/wiki/List_of_South_Park_Elementary_staff","#Big_Gay_Al","#Darryl_Weathers","#Dr._Alphonse_Mephesto_and_Kevin","#Dr._Doctor","#Father_Maxi","#God","#Jesus","#Joseph_Smith","#Loogie","#Mayor_McDaniels","#Mechanic","#Moses","#Mr._Hankey","#Mr._Kitty","#Ned_Gerblansky","#Nellie_and_Thomas_McElroy","#Officer_Barbrady","#Saddam_Hussein","#Santa_Claus","#Satan","#Scott_the_Dick","#Sergeant_Harrison_Yates","#Skeeter","#Sparky_the_Dog","#Terrance_and_Phillip","#Towelie","#Tuong_Lu_Kim","#Ugly_Bob","#References","/wiki/South_Park_(season_1)","/wiki/Big_Gay_Al%27s_Big_Gay_Boat_Ride","/wiki/Matt_Stone","/wiki/Trey_Parker","/wiki/LGBT_stereotypes","/wiki/List_of_minor_characters_on_South_Park#Sparky_the_Dog","/wiki/South_Park:_Bigger,_Longer_and_Uncut","/wiki/Cripple_Fight","/wiki/Gloria_Allred","/wiki/Mr._Slave","/wiki/Mr._Garrison","/wiki/Follow_That_Egg!","/wiki/Faggot_(slang)","/wiki/The_F_Word_(South_Park)","/wiki/Catchphrase","/wiki/Close-mid_central_rounded_vowel","/wiki/Close-mid_central_rounded_vowel","/wiki/Jeff_Foxworthy","/wiki/Goobacks","/wiki/The_O%27Reilly_Factor","/wiki/Smug_Alert!","/wiki/Gerald_Broflovski","/wiki/Margaritaville","/wiki/W.T.F.","/wiki/File:Dr._Alphonse_Mephisto_and_Kevin.png","//upload.wikimedia.org/wikipedia/en/thumb/b/bc/Dr._Alphonse_Mephisto_and_Kevin.png/220px-Dr._Alphonse_Mephisto_and_Kevin.png","/wiki/File:Dr._Alphonse_Mephisto_and_Kevin.png","//bits.wikimedia.org/static-1.21wmf11/skins/common/images/magnify-clip.png","#cite_note-1","#cite_note-2","/wiki/Trey_Parker","/wiki/Mad_scientist","/wiki/Genetic_engineering","/wiki/Terrance_and_Phillip","/wiki/Marlon_Brando","/wiki/The_Island_of_Dr_Moreau","/wiki/The_Island_of_Dr._Moreau_(1996_film)","#cite_note-3","/wiki/Spontaneous_Combustion_(South_Park)","/wiki/Nobel_Prize","/wiki/Randy_Marsh_(South_Park)","/wiki/Provolone","/wiki/Cartman_Joins_NAMBLA","/wiki/Cartman%27s_Mom_Is_a_Dirty_Slut","/wiki/Cartman%27s_Mom_Is_Still_a_Dirty_Slut","/wiki/NAMBLA","/wiki/Primus_(band)","/wiki/Chef_Aid:_The_South_Park_Album","/wiki/Michael_Jackson","/wiki/200_(South_Park)","/wiki/201_(South_Park)","/wiki/Jack_Tenorman","/wiki/Reification_(fallacy)","/wiki/The_Biggest_Douche_in_the_Universe","/wiki/Kenny_McCormick","/wiki/You_Got_F%27d_in_the_A","/wiki/You_Got_Served","/wiki/Randy_and_Sharon_Marsh","/wiki/Pre-School_(South_Park)","/wiki/Bullying","/wiki/Cartman%27s_Incredible_Gift","/wiki/Medicinal_Fried_Chicken","/wiki/Trey_Parker","/wiki/George_Clooney","/wiki/South_Park:_Bigger_Longer_%26_Uncut","#cite_note-4","/wiki/Catholic","/wiki/Mr._Hankey,_the_Christmas_Poo","/wiki/Korn%27s_Groovy_Pirate_Ghost_Mystery","/wiki/Do_the_Handicapped_Go_to_Hell%3F","/wiki/Liane_Cartman","/wiki/Cripple_Fight","/wiki/Red_Hot_Catholic_Love","/wiki/Catholic_sex_abuse_cases","/wiki/Liberal_Christianity","/wiki/Bible","/wiki/Follow_That_Egg","/wiki/The_F_Word_(South_Park)","/wiki/Westboro_Baptist_Church#Views_on_homosexuality","/wiki/Harley-Davidson","/wiki/God","/wiki/Are_You_There_God%3F_It%27s_Me,_Jesus","/wiki/Buddhist","/wiki/Best_Friends_Forever_(South_Park)","/wiki/PlayStation_Portable","/wiki/Jesus_(South_Park)","/wiki/File:Palz.jpg","//upload.wikimedia.org/wikipedia/en/thumb/b/bd/Palz.jpg/240px-Palz.jpg","/wiki/File:Palz.jpg","//bits.wikimedia.org/static-1.21wmf11/skins/common/images/magnify-clip.png","/wiki/Jesus","/wiki/Matt_Stone","/wiki/Public-access_television","/wiki/Cable_TV","/wiki/Santa","/wiki/Red_Sleigh_Down","/wiki/Resurrection","/wiki/Fantastic_Easter_Special","/wiki/Super_Best_Friends","/wiki/Fantastic_Easter_Special","/wiki/Damien_(South_Park_episode)","/wiki/Red_Sleigh_Down","/wiki/Fantastic_Easter_Special","/wiki/Imaginationland_Episode_III","/wiki/Glaive","/wiki/South_Park:_Bigger_Longer_%26_Uncut","/wiki/Super_Best_Friends","/wiki/Gautama_Buddha","/wiki/Brian_Boitano","/wiki/A_Very_Crappy_Christmas","/wiki/Public-access_television","/wiki/Cable_TV","/wiki/Homosexuality","/wiki/Euthanasia","/wiki/Crucifixion","/wiki/The_Mexican_Staring_Frog_of_Southern_Sri_Lanka","/wiki/Jimbo_Kern","/wiki/Ned_Gerblansky","/wiki/The_Jerry_Springer_Show","/wiki/Imaginationland_(disambiguation)","/wiki/Santa_Claus","/wiki/Moses","/wiki/Ganesha","/wiki/Buddha","/wiki/Joseph_Smith","/wiki/God","#cite_note-5","/wiki/Joseph_Smith","/wiki/Super_Best_Friends","/wiki/All_About_Mormons","/wiki/200_(South_Park)","/wiki/201_(South_Park)","/wiki/The_Tooth_Fairy_Tats_2000","/wiki/Tooth_fairy","/wiki/Mafia","/wiki/Zoot_suit","/wiki/Italian_cuisine","/wiki/Assembly_line","/wiki/Richard_Belzer","/wiki/Trey_Parker","#cite_note-6","/wiki/Professor_Chaos_(South_Park_episode)","/wiki/Semi-finalist","/wiki/Pejorative","/wiki/Oral_sex","/wiki/Wikipedia:Citation_needed","/wiki/Mr._Hankey,_the_Christmas_Poo","/wiki/Summer_Sucks","/wiki/Black_snake_(firework)","/wiki/Die_Hippie,_Die","/wiki/Hippie","/wiki/Cartman%27s_Mom_Is_a_Dirty_Slut","/wiki/Principal_Victoria","#cite_note-Commentary-7","/wiki/Fedora","/wiki/Overalls","/wiki/Maine","/wiki/Fred_Gwynne","/wiki/Pet_Sematary_(film)","/wiki/Stephen_King","/wiki/Pet_Sematary","/wiki/Butters%27_Very_Own_Episode","/wiki/Asspen","/wiki/Pet_Sematary_(film)","/wiki/Marjorine","/wiki/Insecurity_(South_Park)","/wiki/Moses","/wiki/Jewbilee","/wiki/List_of_characters_in_Tron#Master_Control_Program","/wiki/Tron","/wiki/Dreidel","#cite_note-faq-5feb2008-8","/wiki/Antisemitic","/wiki/Haman_(Bible)","/wiki/Kenny_McCormick","/wiki/Super_Best_Friends","/wiki/200_(South_Park)","/wiki/Muhammad","/wiki/U-Haul","/wiki/Mr._Hankey,_the_Christmas_Poo","/wiki/Feces","/wiki/Mr._Hankey,_the_Christmas_Poo_(South_Park_episode)","/wiki/Dietary_fiber","/wiki/Kyle_Broflovski","/wiki/Mr._Hankey%27s_Christmas_Classics","#cite_note-CNS1222-9","#cite_note-Time0323-10","#cite_note-11","/wiki/John_Kricfalusi","/wiki/The_Ren_and_Stimpy_Show","#cite_note-CNS1222-9","#cite_note-DV1222-12","#cite_note-13","/wiki/Eric_Cartman","/wiki/Cartman_Gets_an_Anal_Probe","/wiki/Spookyfish","/wiki/Cat_Orgy","/wiki/The_Death_of_Eric_Cartman","/wiki/Heaven","/wiki/Major_Boobage","/wiki/Substance_intoxication","/wiki/Jimbo_Kern","/wiki/Vietnam_War","/wiki/Mechanical_larynx","/wiki/M249_SAW","/wiki/South_Park:_Bigger,_Longer_%26_Uncut","#cite_note-Commentary-7","/wiki/Chef_(South_Park)","/wiki/Trey_Parker","/wiki/The_Succubus","/wiki/The_Biggest_Douche_in_the_Universe","/wiki/Eric_Cartman","/wiki/Liane_Cartman","/wiki/Scotland","/wiki/Kenny_McCormick","/wiki/Red_Sleigh_Down","/wiki/The_Return_of_Chef","/wiki/Loch_Ness_Monster","/wiki/Tree_fiddy","/wiki/Kathie_Lee_Gifford","/wiki/Mayor_McDaniels","/wiki/Chickenlover","/wiki/Gnomes_(South_Park_episode)","/wiki/Obesity","/wiki/List_of_one-off_characters_on_South_Park#Chickenlover","/wiki/Atlas_Shrugged","/wiki/Ayn_Rand","/wiki/Spookyfish","/wiki/Toilet_Paper_(South_Park_episode)","/wiki/Hannibal_Lecter","/wiki/Dennis_Prager","#cite_note-Commentary-7","/wiki/200_(South_Park)","/wiki/Cartman%27s_Mom_is_a_Dirty_Slut","/wiki/201_(South_Park)","/wiki/Saddam_Hussein","/wiki/Matt_Stone","/wiki/South_Park:_Bigger,_Longer_%26_Uncut","#Satan","/wiki/Hell","/wiki/It%27s_Christmas_in_Canada","/wiki/Construction_paper","/wiki/Mel_Gibson","/wiki/Ben_Affleck","/wiki/Help:IPA_for_English","#cite_note-14","/wiki/Canadian_raising","#cite_note-15","/wiki/Homosexual","/wiki/Canadian_language","/wiki/Slang","/wiki/Santa_Claus","/wiki/Trey_Parker","/wiki/Fortress_of_Solitude","/wiki/Underpants_Gnomes","/wiki/The_Spirit_of_Christmas_(short_film)","/wiki/Brian_Boitano","/wiki/Mr._Hankey%27s_Christmas_Classics","/wiki/Red_Sleigh_Down","/wiki/Woodland_Critter_Christmas","/wiki/Imaginationland_Episode_III","/wiki/File:410_saddam_and_dinner.gif","//upload.wikimedia.org/wikipedia/en/thumb/4/44/410_saddam_and_dinner.gif/250px-410_saddam_and_dinner.gif","/wiki/File:410_saddam_and_dinner.gif","//bits.wikimedia.org/static-1.21wmf11/skins/common/images/magnify-clip.png","/wiki/Satan","/wiki/Abrahamic_religions","/wiki/Trey_Parker","/wiki/Hell","/wiki/South_Park:_Bigger,_Longer_%26_Uncut","/wiki/Homosexuality","#Saddam_Hussein","/wiki/Damien_(South_Park)","/wiki/Antichrist","/wiki/The_Omen","/wiki/Damien_(South_Park_episode)","/wiki/Matt_Stone","/wiki/BASEketball","/wiki/Pinhead_(Hellraiser)","/wiki/Hellraiser_3","/wiki/Damien_(South_Park_episode)","/wiki/Best_Friends_Forever_(South_Park)","/wiki/Damien_(South_Park_episode)","/wiki/Kenny_McCormick","/wiki/Stalagmite","/wiki/Do_the_Handicapped_Go_to_Hell%3F","//en.wiktionary.org/wiki/Special:Search/milquetoast","/wiki/Mormons","/wiki/Best_Friends_Forever_(South_Park)","/wiki/Canada","/wiki/Film_criticism","/wiki/Magazine","/wiki/Terrance_and_Phillip","/wiki/Toilet_humour","/wiki/United_States","/wiki/Ethnic_hatred","/wiki/Inuit","/wiki/Terrance_and_Phillip_in_Not_Without_My_Anus","/wiki/It%27s_Christmas_in_Canada","/wiki/Kyle_Broflovski","/wiki/Ike_Broflovski","/wiki/Royal_Pudding","/wiki/Ottawa","/wiki/Dental_caries","/wiki/Cartman%27s_Incredible_Gift","/wiki/Federal_Bureau_of_Investigation","/wiki/Christian_Rock_Hard","/wiki/Casa_Bonita_(South_Park_episode)","/wiki/Free_Willzyx","/wiki/Orca","/wiki/Denver,_Colorado","/wiki/The_Jeffersons","/wiki/Miscarriage_of_justice","/wiki/Racial_profiling","/wiki/Michael_Jackson","/wiki/Serial_killer","/wiki/Criminal_science","/wiki/Miss_Teacher_Bangs_a_Boy","/wiki/Ike_Broflovski","/wiki/Cartman_Sucks","/wiki/Butters%27_Bottom_Bitch","/wiki/Prostitute","/wiki/Oral_sex","/wiki/Gang_bang","/wiki/Sexual_Harassment_Panda","/wiki/Free_Hat","/wiki/I%27m_a_Little_Bit_Country","/wiki/With_Apologies_to_Jesse_Jackson","/wiki/Good_Times_with_Weapons","/wiki/George_Clooney","#cite_note-Southparkstudios.com_FAQ-16","/wiki/Big_Gay_Al%27s_Big_Gay_Boat_Ride","/wiki/Big_Gay_Al","/wiki/Homosexuality_in_animals","/wiki/Animal_sexuality","/wiki/Proper_Condom_Use","/wiki/Good_Times_With_Weapons","/wiki/Butters_Stotch","/wiki/Woodland_Critter_Christmas","/wiki/Spookyfish","/wiki/Mezco_Toyz","/wiki/Comedy","/wiki/Canada","/wiki/Toronto","/wiki/Matt_Stone","/wiki/Montreal","/wiki/Trey_Parker","/wiki/Fart","/wiki/Terrance_and_Phillip:_Behind_the_Blow","/wiki/Canadian","/wiki/Shakespeare","/wiki/Obese","/wiki/Pac-Man","/wiki/Film","/wiki/South_Park:_Bigger,_Longer_%26_Uncut","/wiki/War","/wiki/Kyle_Broflovski","/wiki/Satan_(South_Park)","/wiki/Saddam_Hussein_(South_Park)","/wiki/Underworld","/wiki/Kenny_McCormick","/wiki/Eat,_Pray,_Queef","/wiki/File:Towelie.jpg","//upload.wikimedia.org/wikipedia/en/f/fb/Towelie.jpg","/wiki/File:Towelie.jpg","//bits.wikimedia.org/static-1.21wmf11/skins/common/images/magnify-clip.png","/wiki/Towelie","/wiki/Vernon_Chatman","/wiki/Towelie","/wiki/Cannabis","/wiki/Professor_Chaos","/wiki/Osama_Bin_Laden_Has_Farty_Pants","/wiki/Red_Man%27s_Greed","/wiki/A_Million_Little_Fibers","/wiki/A_Million_Little_Pieces#Controversy","/wiki/James_Frey","/wiki/A_Million_Little_Pieces","/wiki/The_Oprah_Winfrey_Show","/wiki/Heroin","/wiki/Methamphetamine","/wiki/Intervention_(counseling)","/wiki/A%26E_Network","/wiki/Intervention_(TV_series)","#cite_note-17","#cite_note-IGN-18","#cite_note-19","/wiki/Eric_Cartman","/wiki/Fourth_wall","/wiki/Eponymous","/wiki/Stereotype","/wiki/Chinese_people","#cite_note-Sushi-20","/wiki/Lallation","/wiki/Jared_Has_Aides","/wiki/Child_Abduction_Is_Not_Funny","/wiki/Audio_mixing_(television_and_film)","/wiki/Orgazmo","/wiki/City_Wok","#cite_note-21","/wiki/Stereotypes_of_East_Asians_in_the_Western_world","/wiki/Great_Wall_of_China","#cite_note-Wall-22","/wiki/China%E2%80%93Mongolia_relations","#cite_note-Wall-22","/wiki/Anti-Japanese_sentiment","#cite_note-23","/wiki/Wing_(South_Park)","/wiki/Wing_(singer)","/wiki/City_Sushi","/wiki/Butters_Stotch","/wiki/Dissociative_identity_disorder","/wiki/Suicide","#cite_note-Sushi-20","/wiki/Janus","/wiki/Roman_god","#cite_note-Sushi-20","#cite_note-name-24","/wiki/Terrance_and_Phillip_in_Not_Without_My_Anus","/wiki/Celine_Dion","/wiki/Royal_Pudding","/wiki/Tooth_decay","#cite_ref-1","http://www.southparkstudios.com/guide/characters/mephesto","#cite_ref-2","#cite_ref-3","http://web.archive.org/web/20080404233334/http://www.southparkstudios.com/fans/faq/archives.php?id=1673","#cite_ref-4","/wiki/Korn%27s_Groovy_Pirate_Ghost_Mystery","http://www.imdb.com/name/nm0001778/filmoseries#tt0121955","#cite_ref-5","http://www.hometheaterinfo.com/south_park_imaginationland.htm","http://www.hometheaterinfo.com/south_park_imaginationland.htm","#cite_ref-6","#cite_ref-Commentary_7-0","#cite_ref-Commentary_7-1","#cite_ref-Commentary_7-2","#cite_ref-faq-5feb2008_8-0","http://web.archive.org/web/20080822104710/www.southparkstudios.com/fans/faq/archives.php?month=2&year=2008","http://www.southparkstudios.com/fans/faq/archives.php?month=2&year=2008","http://web.archive.org/web/20080822104710/www.southparkstudios.com/fans/faq/archives.php?month=2&year=2008","#cite_ref-CNS1222_9-0","#cite_ref-CNS1222_9-1","/wiki/Los_Angeles","#cite_ref-Time0323_10-0","/wiki/Time_(magazine)","/wiki/Los_Angeles","#cite_ref-11","#cite_ref-DV1222_12-0","/wiki/Variety_(magazine)","#cite_ref-13","/wiki/Playboy","#cite_ref-14","/wiki/The_Mexican_Staring_Frog_of_Southern_Sri_Lanka","#cite_ref-15","/wiki/Terrance_and_Phillip#Terrance_and_Phillip_as_a_satire","#cite_ref-Southparkstudios.com_FAQ_16-0","http://web.archive.org/web/20080330194338/www.southparkstudios.com/fans/faq/archives.php?id=4805","http://www.southparkstudios.com/fans/faq/archives.php?id=4805","http://web.archive.org/web/20080330194338/www.southparkstudios.com/fans/faq/archives.php?id=4805","#cite_ref-17","/wiki/Crippled_Summer","#cite_ref-IGN_18-0","http://tv.ign.com/articles/108/1086802p1.html","/wiki/IGN","http://tv.ign.com/articles/108/1086802p1.html","#cite_ref-19","http://movieline.com/2010/04/29/south-park-casualty-count-2/","/wiki/Movieline","#cite_ref-Sushi_20-0","#cite_ref-Sushi_20-1","#cite_ref-Sushi_20-2","http://tv.ign.com/articles/117/1172164p1.html","http://tv.ign.com/articles/117/1172164p1.html","#cite_ref-21","/wiki/Trey_Parker","/wiki/It%27s_Christmas_in_Canada","/wiki/South_Park","/wiki/Comedy_Central","#cite_ref-Wall_22-0","#cite_ref-Wall_22-1","/wiki/Child_Abduction_Is_Not_Funny","/wiki/South_Park","/wiki/Comedy_Central","#cite_ref-23","/wiki/City_Sushi","/wiki/South_Park","/wiki/Comedy_Central","#cite_ref-name_24-0","http://www.avclub.com/articles/city-sushi,56765/","http://www.avclub.com/articles/city-sushi,56765/","/wiki/Template:South_Park","/wiki/Template_talk:South_Park","//en.wikipedia.org/w/index.php?title=Template:South_Park&action=edit","/wiki/South_Park","/wiki/Trey_Parker","/wiki/Matt_Stone","/wiki/List_of_South_Park_characters","/wiki/Stan_Marsh","/wiki/Kyle_Broflovski","/wiki/Eric_Cartman","/wiki/Kenny_McCormick","/wiki/Butters_Stotch","/wiki/Chef_(South_Park)","/wiki/Mr._Garrison","/wiki/List_of_South_Park_families","/wiki/List_of_students_at_South_Park_Elementary","/wiki/List_of_South_Park_Elementary_staff","/wiki/List_of_South_Park_episodes","/wiki/South_Park_(season_1)","/wiki/South_Park_(season_2)","/wiki/South_Park_(season_3)","/wiki/South_Park_(season_4)","/wiki/South_Park_(season_5)","/wiki/South_Park_(season_6)","/wiki/South_Park_(season_7)","/wiki/South_Park_(season_8)","/wiki/South_Park_(season_9)","/wiki/South_Park_(season_10)","/wiki/South_Park_(season_11)","/wiki/South_Park_(season_12)","/wiki/South_Park_(season_13)","/wiki/South_Park_(season_14)","/wiki/South_Park_(season_15)","/wiki/South_Park_(season_16)","/wiki/South_Park_controversies","/wiki/Subject_matter_in_South_Park","/wiki/South_Park#Title_sequence","/wiki/List_of_locations_in_South_Park","/wiki/Chewbacca_defense","/wiki/The_Spirit_of_Christmas_(short_film)","/wiki/South_Park:_Bigger,_Longer_%26_Uncut","/wiki/Imaginationland_Episode_I#Imaginationland:_The_Movie","/wiki/List_of_South_Park_DVDs","/wiki/Chef_Aid:_The_South_Park_Album","/wiki/South_Park:_Bigger,_Longer_%26_Uncut_(soundtrack)","/wiki/Mr._Hankey%27s_Christmas_Classics#Album","/wiki/Chocolate_Salty_Balls","/wiki/Blame_Canada","/wiki/What_Would_Brian_Boitano_Do%3F","/wiki/Timmy_and_the_Lords_of_the_Underworld","/wiki/List_of_South_Park_video_games","/wiki/South_Park_(video_game)","/wiki/South_Park:_Chef%27s_Luv_Shack","/wiki/South_Park_(pinball)","/wiki/South_Park_Rally","/wiki/South_Park_10:_The_Game","/wiki/South_Park_Let%27s_Go_Tower_Defense_Play!","/wiki/South_Park:_Tenorman%27s_Revenge","/wiki/South_Park:_The_Stick_of_Truth","/wiki/South_Park_and_Philosophy:_You_Know,_I_Learned_Something_Today","/wiki/South_Park_and_Philosophy:_Bigger,_Longer,_and_More_Penetrating","/wiki/Richard_Hanley","/wiki/South_Park_Republican","/wiki/Andrew_Sullivan","/wiki/6_Days_to_Air","/wiki/Wikipedia:Books","/wiki/Book:South_Park","/wiki/Book:Seasons_of_South_Park","/wiki/Book:South_Park_(season_1)","/wiki/Book:South_Park_(season_2)","/wiki/Book:South_Park_(season_3)","/wiki/Book:South_Park_(season_4)","/wiki/Book:South_Park_(season_5)","/wiki/Book:South_Park_(season_6)","/wiki/Book:South_Park_(season_7)","/wiki/Book:South_Park_(season_8)","/wiki/Book:South_Park_(season_9)","/wiki/Book:South_Park_(season_10)","/wiki/Book:South_Park_(season_11)","/wiki/Book:South_Park_(season_12)","/wiki/Book:South_Park_(season_13)","/wiki/Book:South_Park_(season_14)","/wiki/Book:South_Park_(season_15)","/wiki/Book:South_Park_(season_16)","/wiki/List_of_South_Park_cast_members","/wiki/Category:South_Park","http://en.wikipedia.org/w/index.php?title=List_of_recurring_South_Park_characters&oldid=541271267#Ned_Gerblansky","/wiki/Help:Categories","/wiki/Category:Lists_of_characters_in_South_Park","/wiki/Category:Lists_of_minor_fictional_characters","/wiki/Category:Fictional_characters_from_Colorado","/wiki/Category:Wikipedia_semi-protected_pages","/wiki/Category:Articles_needing_additional_references_from_May_2009","/wiki/Category:All_articles_needing_additional_references","/wiki/Category:Articles_that_need_to_differentiate_between_fact_and_fiction_from_May_2009","/wiki/Category:All_articles_that_need_to_differentiate_between_fact_and_fiction","/wiki/Category:Articles_that_may_contain_original_research_from_May_2009","/wiki/Category:All_articles_that_may_contain_original_research","/wiki/Category:Wikipedia_articles_needing_style_editing_from_May_2009","/wiki/Category:All_articles_needing_style_editing","/wiki/Category:All_articles_with_unsourced_statements","/wiki/Category:Articles_with_unsourced_statements_from_May_2010","/w/index.php?title=Special:UserLogin&returnto=List+of+recurring+South+Park+characters&type=signup","/w/index.php?title=Special:UserLogin&returnto=List+of+recurring+South+Park+characters","/wiki/List_of_recurring_South_Park_characters","/wiki/Talk:List_of_recurring_South_Park_characters","#","/wiki/List_of_recurring_South_Park_characters","/w/index.php?title=List_of_recurring_South_Park_characters&action=edit","/w/index.php?title=List_of_recurring_South_Park_characters&action=history","#","/w/index.php","//bits.wikimedia.org/static-1.21wmf11/skins/vector/images/search-ltr.png?303-4","/wiki/Main_Page","/wiki/Main_Page","/wiki/Portal:Contents","/wiki/Portal:Featured_content","/wiki/Portal:Current_events","/wiki/Special:Random","//donate.wikimedia.org/wiki/Special:FundraiserRedirector?utm_source=donate&utm_medium=sidebar&utm_campaign=C13_en.wikipedia.org&uselang=en","/wiki/Help:Contents","/wiki/Wikipedia:About","/wiki/Wikipedia:Community_portal","/wiki/Special:RecentChanges","/wiki/Wikipedia:Contact_us","/wiki/Special:WhatLinksHere/List_of_recurring_South_Park_characters","/wiki/Special:RecentChangesLinked/List_of_recurring_South_Park_characters","/wiki/Wikipedia:File_Upload_Wizard","/wiki/Special:SpecialPages","/w/index.php?title=List_of_recurring_South_Park_characters&oldid=541271267","/w/index.php?title=List_of_recurring_South_Park_characters&action=info","/w/index.php?title=Special:Cite&page=List_of_recurring_South_Park_characters&id=541271267","/w/index.php?title=Special:Book&bookcmd=book_creator&referer=List+of+recurring+South+Park+characters","/w/index.php?title=Special:Book&bookcmd=render_article&arttitle=List+of+recurring+South+Park+characters&oldid=541271267&writer=rl","/w/index.php?title=List_of_recurring_South_Park_characters&printable=yes","//fr.wikipedia.org/wiki/Personnages_secondaires_de_South_Park","//it.wikipedia.org/wiki/Personaggi_di_South_Park#Donato_l.27allupato","//hu.wikipedia.org/wiki/A_South_Park_mell%C3%A9kszerepl%C5%91i","//ru.wikipedia.org/wiki/%D0%AD%D0%BF%D0%B8%D0%B7%D0%BE%D0%B4%D0%B8%D1%87%D0%B5%D1%81%D0%BA%D0%B8%D0%B5_%D0%BF%D0%B5%D1%80%D1%81%D0%BE%D0%BD%D0%B0%D0%B6%D0%B8_%C2%AB%D0%AE%D0%B6%D0%BD%D0%BE%D0%B3%D0%BE_%D0%BF%D0%B0%D1%80%D0%BA%D0%B0%C2%BB","//www.wikidata.org/wiki/Special:ItemByTitle/enwiki/List of recurring South Park characters","//en.wikipedia.org/wiki/Wikipedia:Text_of_Creative_Commons_Attribution-ShareAlike_3.0_Unported_License","//creativecommons.org/licenses/by-sa/3.0/","//wikimediafoundation.org/wiki/Terms_of_Use","//www.wikimediafoundation.org/","//en.wikipedia.org/wiki/Wikipedia:Contact_us","//wikimediafoundation.org/wiki/Privacy_policy","/wiki/Wikipedia:About","/wiki/Wikipedia:General_disclaimer","http://en.m.wikipedia.org/wiki/List_of_recurring_South_Park_characters#Ned_Gerblansky","//wikimediafoundation.org/","//bits.wikimedia.org/images/wikimedia-button.png","//www.mediawiki.org/","//bits.wikimedia.org/static-1.21wmf11/skins/common/images/poweredby_mediawiki_88x31.png","//bits.wikimedia.org/en.wikipedia.org/load.php?debug=false&lang=en&modules=skins.vector&only=scripts&skin=vector&*","/w/index.php?title=MediaWiki:Gadget-ReferenceTooltips.js&action=raw&ctype=text/javascript&508635914","//bits.wikimedia.org/en.wikipedia.org/load.php?debug=false&lang=en&modules=site&only=scripts&skin=vector&*"],"instances":["south_park","slang","south_park","singer","south_park_episode","south_park","counseling","south_park_episode","television_and_film","short_film","south_park","south_park","south_park","film","south_park","hellraiser","band","bible","south_park_episode","fallacy","south_park_episode","south_park_episode","south_park","firework","south_park","south_park_episode","south_park","south_park","disambiguation","south_park"],"pdf":[],"categories":["Lists of characters in South Park|Recurring","Lists of minor fictional characters|South Park","Fictional characters from Colorado"],"headings":["Big Gay Al","Darryl Weathers","Dr. Alphonse Mephesto and Kevin","Dr. Doctor","Father Maxi","God","Jesus","Joseph Smith","Loogie","Mayor McDaniels","Mechanic","Moses","Mr. Hankey","Mr. Kitty","Ned Gerblansky","Nellie and Thomas McElroy","Officer Barbrady","Saddam Hussein","Santa Claus","Satan","Scott the Dick","Sergeant Harrison Yates","Skeeter","Sparky the Dog","Terrance and Phillip","Towelie","Tuong Lu Kim","Ugly Bob","References"],"image":["//upload.wikimedia.org/wikipedia/commons/thumb/f/fc/Padlock-silver.svg/20px-Padlock-silver.svg.png","//upload.wikimedia.org/wikipedia/en/f/f4/Ambox_content.png","//upload.wikimedia.org/wikipedia/en/thumb/9/99/Question_book-new.svg/50px-Question_book-new.svg.png","//upload.wikimedia.org/wikipedia/en/f/f4/Ambox_content.png","//upload.wikimedia.org/wikipedia/en/f/f4/Ambox_content.png","//upload.wikimedia.org/wikipedia/en/thumb/f/f2/Edit-clear.svg/40px-Edit-clear.svg.png","//upload.wikimedia.org/wikipedia/en/thumb/b/bc/Dr._Alphonse_Mephisto_and_Kevin.png/220px-Dr._Alphonse_Mephisto_and_Kevin.png","//bits.wikimedia.org/static-1.21wmf11/skins/common/images/magnify-clip.png","//upload.wikimedia.org/wikipedia/en/thumb/b/bd/Palz.jpg/240px-Palz.jpg","//bits.wikimedia.org/static-1.21wmf11/skins/common/images/magnify-clip.png","//upload.wikimedia.org/wikipedia/en/thumb/4/44/410_saddam_and_dinner.gif/250px-410_saddam_and_dinner.gif","//bits.wikimedia.org/static-1.21wmf11/skins/common/images/magnify-clip.png","//upload.wikimedia.org/wikipedia/en/f/fb/Towelie.jpg","//bits.wikimedia.org/static-1.21wmf11/skins/common/images/magnify-clip.png","//bits.wikimedia.org/static-1.21wmf11/skins/vector/images/search-ltr.png?303-4","//bits.wikimedia.org/images/wikimedia-button.png","//bits.wikimedia.org/static-1.21wmf11/skins/common/images/poweredby_mediawiki_88x31.png"],"tags":[["faggot","slang"],["the_f_word","south_park"],["spontaneous_combustion","south_park"],["randy_marsh","south_park"],["primus","band"],["200","south_park"],["201","south_park"],["reification","fallacy"],["pre-school","south_park"],["the_f_word","south_park"],["best_friends_forever","south_park"],["jesus","south_park"],["damien","south_park_episode"],["imaginationland","disambiguation"],["200","south_park"],["201","south_park"],["professor_chaos","south_park_episode"],["black_snake","firework"],["pet_sematary","film"],["insecurity","south_park"],["haman","bible"],["200","south_park"],["mr._hankey,_the_christmas_poo","south_park_episode"],["chef","south_park"],["gnomes","south_park_episode"],["toilet_paper","south_park_episode"],["200","south_park"],["201","south_park"],["the_spirit_of_christmas","short_film"],["damien","south_park"],["damien","south_park_episode"],["pinhead","hellraiser"],["damien","south_park_episode"],["best_friends_forever","south_park"],["damien","south_park_episode"],["best_friends_forever","south_park"],["casa_bonita","south_park_episode"],["satan","south_park"],["saddam_hussein","south_park"],["intervention","counseling"],["audio_mixing","television_and_film"],["wing","south_park"],["wing","singer"]],"members":["best_friends_forever","faggot","saddam_hussein","wing","intervention","gnomes","audio_mixing","the_spirit_of_christmas","randy_marsh","200","the_f_word","pet_sematary","satan","pinhead","primus","haman","damien","reification","professor_chaos","toilet_paper","jesus","black_snake","insecurity","casa_bonita","chef","201","imaginationland","spontaneous_combustion"],"related":["South_Park","List_of_students_at_South_Park_Elementary","List_of_South_Park_families","List_of_South_Park_Elementary_staff","Matt_Stone","Trey_Parker","LGBT_stereotypes","Cripple_Fight","Gloria_Allred","Mr._Slave","Mr._Garrison","Follow_That_Egg!","Faggot_(slang)","The_F_Word_(South_Park)","Catchphrase","Close-mid_central_rounded_vowel","Close-mid_central_rounded_vowel","Jeff_Foxworthy","Goobacks","Smug_Alert!","Gerald_Broflovski","Margaritaville","W.T.F.","Trey_Parker","Mad_scientist","Genetic_engineering","Marlon_Brando","The_Island_of_Dr_Moreau","Spontaneous_Combustion_(South_Park)","Nobel_Prize","Randy_Marsh_(South_Park)","Provolone","Cartman_Joins_NAMBLA","Cartman's_Mom_Is_a_Dirty_Slut","Cartman's_Mom_Is_Still_a_Dirty_Slut","NAMBLA","Primus_(band)","Michael_Jackson","200_(South_Park)","201_(South_Park)","Jack_Tenorman","Reification_(fallacy)","The_Biggest_Douche_in_the_Universe","Kenny_McCormick","You_Got_F'd_in_the_A","Randy_and_Sharon_Marsh","Pre-School_(South_Park)","Bullying","Cartman's_Incredible_Gift","Medicinal_Fried_Chicken","Trey_Parker","George_Clooney","Korn's_Groovy_Pirate_Ghost_Mystery","Catholic","Mr._Hankey,_the_Christmas_Poo","Korn's_Groovy_Pirate_Ghost_Mystery","Do_the_Handicapped_Go_to_Hell?","Liane_Cartman","Cripple_Fight","Red_Hot_Catholic_Love","Catholic_sex_abuse_cases","Liberal_Christianity","Bible","Follow_That_Egg","The_F_Word_(South_Park)","Harley-Davidson","Are_You_There_God?_It's_Me,_Jesus","Buddhist","Best_Friends_Forever_(South_Park)","PlayStation_Portable","Jesus_(South_Park)","Matt_Stone","Public-access_television","Cable_TV","Santa","Red_Sleigh_Down","Resurrection","Fantastic_Easter_Special","Super_Best_Friends","Fantastic_Easter_Special","Damien_(South_Park_episode)","Red_Sleigh_Down","Fantastic_Easter_Special","Imaginationland_Episode_III","Glaive","Super_Best_Friends","Gautama_Buddha","Brian_Boitano","A_Very_Crappy_Christmas","Public-access_television","Cable_TV","Homosexuality","Euthanasia","Crucifixion","The_Mexican_Staring_Frog_of_Southern_Sri_Lanka","Jimbo_Kern","Ned_Gerblansky","The_Jerry_Springer_Show","Imaginationland_(disambiguation)","Santa_Claus","Moses","Ganesha","Buddha","Joseph_Smith","God","Super_Best_Friends","All_About_Mormons","200_(South_Park)","201_(South_Park)","The_Tooth_Fairy_Tats_2000","Tooth_fairy","Mafia","Zoot_suit","Italian_cuisine","Assembly_line","Richard_Belzer","Trey_Parker","Professor_Chaos_(South_Park_episode)","Semi-finalist","Pejorative","Oral_sex","Mr._Hankey,_the_Christmas_Poo","Summer_Sucks","Black_snake_(firework)","Die_Hippie,_Die","Hippie","Cartman's_Mom_Is_a_Dirty_Slut","Principal_Victoria","Fedora","Overalls","Maine","Fred_Gwynne","Pet_Sematary_(film)","Stephen_King","Pet_Sematary","Butters'_Very_Own_Episode","Asspen","Marjorine","Insecurity_(South_Park)","Jewbilee","Dreidel","Antisemitic","Haman_(Bible)","Kenny_McCormick","Super_Best_Friends","200_(South_Park)","Muhammad","U-Haul","Feces","Mr._Hankey,_the_Christmas_Poo_(South_Park_episode)","Dietary_fiber","Kyle_Broflovski","John_Kricfalusi","Eric_Cartman","Cartman_Gets_an_Anal_Probe","Spookyfish","Cat_Orgy","The_Death_of_Eric_Cartman","Heaven","Major_Boobage","Substance_intoxication","Jimbo_Kern","Vietnam_War","Mechanical_larynx","M249_SAW","Chef_(South_Park)","Trey_Parker","The_Succubus","The_Biggest_Douche_in_the_Universe","Eric_Cartman","Liane_Cartman","Scotland","Kenny_McCormick","Red_Sleigh_Down","The_Return_of_Chef","Loch_Ness_Monster","Tree_fiddy","Kathie_Lee_Gifford","Mayor_McDaniels","Chickenlover","Gnomes_(South_Park_episode)","Obesity","Ayn_Rand","Spookyfish","Toilet_Paper_(South_Park_episode)","Hannibal_Lecter","Dennis_Prager","200_(South_Park)","Cartman's_Mom_is_a_Dirty_Slut","201_(South_Park)","Matt_Stone","Hell","It's_Christmas_in_Canada","Construction_paper","Mel_Gibson","Ben_Affleck","The_Mexican_Staring_Frog_of_Southern_Sri_Lanka","Canadian_raising","Homosexual","Canadian_language","Slang","Trey_Parker","Fortress_of_Solitude","Underpants_Gnomes","The_Spirit_of_Christmas_(short_film)","Brian_Boitano","Mr._Hankey's_Christmas_Classics","Red_Sleigh_Down","Woodland_Critter_Christmas","Imaginationland_Episode_III","Abrahamic_religions","Trey_Parker","Hell","Homosexuality","Damien_(South_Park)","Antichrist","Damien_(South_Park_episode)","Matt_Stone","Pinhead_(Hellraiser)","Damien_(South_Park_episode)","Best_Friends_Forever_(South_Park)","Damien_(South_Park_episode)","Kenny_McCormick","Stalagmite","Do_the_Handicapped_Go_to_Hell?","Mormons","Best_Friends_Forever_(South_Park)","Canada","Film_criticism","Magazine","Terrance_and_Phillip","Toilet_humour","United_States","Ethnic_hatred","Inuit","Terrance_and_Phillip_in_Not_Without_My_Anus","It's_Christmas_in_Canada","Kyle_Broflovski","Ike_Broflovski","Royal_Pudding","Ottawa","Dental_caries","Cartman's_Incredible_Gift","Federal_Bureau_of_Investigation","Christian_Rock_Hard","Casa_Bonita_(South_Park_episode)","Free_Willzyx","Orca","Denver,_Colorado","The_Jeffersons","Miscarriage_of_justice","Racial_profiling","Michael_Jackson","Serial_killer","Criminal_science","Miss_Teacher_Bangs_a_Boy","Ike_Broflovski","Cartman_Sucks","Butters'_Bottom_Bitch","Prostitute","Oral_sex","Gang_bang","Sexual_Harassment_Panda","Free_Hat","I'm_a_Little_Bit_Country","With_Apologies_to_Jesse_Jackson","Good_Times_with_Weapons","George_Clooney","Big_Gay_Al's_Big_Gay_Boat_Ride","Big_Gay_Al","Homosexuality_in_animals","Animal_sexuality","Proper_Condom_Use","Good_Times_With_Weapons","Butters_Stotch","Woodland_Critter_Christmas","Spookyfish","Mezco_Toyz","Comedy","Canada","Toronto","Matt_Stone","Montreal","Trey_Parker","Fart","Canadian","Shakespeare","Obese","Film","War","Kyle_Broflovski","Satan_(South_Park)","Saddam_Hussein_(South_Park)","Underworld","Kenny_McCormick","Eat,_Pray,_Queef","Vernon_Chatman","Towelie","Cannabis","Professor_Chaos","Osama_Bin_Laden_Has_Farty_Pants","Red_Man's_Greed","A_Million_Little_Fibers","James_Frey","Heroin","Methamphetamine","Intervention_(counseling)","A&E_Network","Eric_Cartman","Fourth_wall","Eponymous","Stereotype","Chinese_people","Lallation","Jared_Has_Aides","Child_Abduction_Is_Not_Funny","Audio_mixing_(television_and_film)","City_Wok","Stereotypes_of_East_Asians_in_the_Western_world","Great_Wall_of_China","China–Mongolia_relations","Anti-Japanese_sentiment","Wing_(South_Park)","Wing_(singer)","City_Sushi","Butters_Stotch","Dissociative_identity_disorder","Suicide","Janus","Roman_god","Royal_Pudding","Tooth_decay"]}