{"cursor":"2287","size":15,"audio":[],"currentlang":"en","article":"\n\n\n'Active voice' is a grammatical voice common in many of the world's languages.\nIt is the unmarked voice for clauses featuring a transitive verb in\nnominativeâaccusative languages, including English and most other Indo-European\nlanguages.\n\nActive voice is used in a clause whose subject expresses the agent of the main\nverb. That is, the subject does the action designated by the verb.","linknr":98,"url":"Active_voice","recorded":1362477145,"links":17,"instances":["grammar","grammar","grammar","grammar"],"pdf":[],"categories":["Grammatical voices"],"headings":["Examples","See also","References"],"image":["//bits.wikimedia.org/static-1.21wmf10/skins/vector/images/search-ltr.png?303-4","//bits.wikimedia.org/images/wikimedia-button.png","//bits.wikimedia.org/static-1.21wmf10/skins/common/images/poweredby_mediawiki_88x31.png"],"tags":[["voice","grammar"],["subject","grammar"],["agent","grammar"],["patient","grammar"]],"members":["voice","patient","subject","agent"],"related":["Voice_(grammar)","Markedness","Transitive_verb","Nominative–accusative_language","English_language","Indo-European_languages","Subject_(grammar)","Agent_(grammar)","Patient_(grammar)","Passive_voice","Antipassive_voice","Mediopassive_voice"]}