{"cursor":"2874","size":15,"audio":[],"currentlang":"en","article":" ]] The 'dip' is an exercise used in strength training. Narrow, shoulder-\n width dips primarily train the triceps, with major synergists being the\n anterior deltoid, the pectoralis muscles (sternal, clavicular, and minor),\n and the rhomboid muscles of the back (in that order). Wide arm training\n places additional emphasis on the pectoral muscles, similar in respect to\n the way a wide grip bench press would focus more on the pectorals and less\n on the triceps.\n","linknr":173,"url":"Dip_(exercise)","recorded":1364161453,"links":["/w/index.php?title=Dip_(exercise)&action=edit","/w/index.php?title=Dip_(exercise)&action=edit","//en.wikipedia.org/apple-touch-icon.png","//bits.wikimedia.org/favicon/wikipedia.ico","/w/opensearch_desc.php","//en.wikipedia.org/w/api.php?action=rsd","//creativecommons.org/licenses/by-sa/3.0/","/w/index.php?title=Special:RecentChanges&feed=atom","//bits.wikimedia.org/en.wikipedia.org/load.php?debug=false&lang=en&modules=ext.gadget.DRN-wizard%2CReferenceTooltips%2Ccharinsert%2Cteahouse%7Cext.wikihiero%7Cmediawiki.legacy.commonPrint%2Cshared%7Cmw.PopUpMediaTransform%7Cskins.vector&only=styles&skin=vector&*","//bits.wikimedia.org/en.wikipedia.org/load.php?debug=false&lang=en&modules=site&only=styles&skin=vector&*","//bits.wikimedia.org/en.wikipedia.org/load.php?debug=false&lang=en&modules=startup&only=scripts&skin=vector&*","//bits.wikimedia.org/geoiplookup","//meta.wikimedia.org","#mw-head","#p-search","/wiki/File:Dips.png","//upload.wikimedia.org/wikipedia/commons/thumb/5/5b/Dips.png/300px-Dips.png","/wiki/File:Dips.png","//bits.wikimedia.org/static-1.21wmf10/skins/common/images/magnify-clip.png","/wiki/Dip_bar","/wiki/Strength_training","/wiki/Triceps","/wiki/Synergist","/wiki/Anterior_deltoid","/wiki/Pectoralis_major_muscle","/wiki/Human_sternum","/wiki/Rhomboid_muscles","/wiki/Pectoral_muscles","/wiki/Bench_press","#Classic_meaning","#Modern_meaning","#Variation","#See_also","#External_links","/w/index.php?title=Dip_(exercise)&action=edit&section=1","/wiki/Floor_dip","/wiki/Press-up","/wiki/Push-up","/wiki/Wikipedia:Citation_needed","/w/index.php?title=Dip_(exercise)&action=edit&section=2","/wiki/Dip_bar","/wiki/Rings_(gymnastics)","/w/index.php?title=Dip_(exercise)&action=edit&section=3","/wiki/Dip_bar","/wiki/Dip_belt","/w/index.php?title=Dip_(exercise)&action=edit&section=4","/wiki/Muscle-up","/wiki/Rings_(gymnastics)","/w/index.php?title=Dip_(exercise)&action=edit&section=5","http://build-muscle-gain-weight.com/chest-muscles/chest-exercises-how-to-perform-dips.html","/wiki/Template:Strength_training_exercises","/wiki/Template_talk:Strength_training_exercises","//en.wikipedia.org/w/index.php?title=Template:Strength_training_exercises&action=edit","/wiki/Strength_training","/wiki/Physical_exercise","/wiki/Quadriceps_femoris_muscle","/wiki/Squat_(exercise)","/wiki/Leg_press","/wiki/Lunge_(exercise)","/wiki/Leg_raise","/wiki/Leg_extension","/wiki/Hamstrings","/wiki/Deadlift","/wiki/Leg_curl","/wiki/Gastrocnemius_muscle","/wiki/Calf_raises","/wiki/Pectoralis_major_muscle","/wiki/Bench_press","/wiki/Chest_fly","/wiki/Machine_fly","/wiki/Push-up","/wiki/Latissimus_dorsi_muscle","/wiki/Trapezius_muscle","/wiki/Row_(weight-lifting)","/wiki/Bent-over_row","/wiki/Chin-up","/wiki/Pulldown_exercise","/wiki/Pull-up_(exercise)","/wiki/Seated_row","/wiki/Shoulder_shrug","/wiki/Supine_row","/wiki/Deltoid_muscle","/wiki/Front_raise","/wiki/Handstand_push-up","/wiki/Lateral_raise","/wiki/Military_press","/wiki/Overhead_press","/wiki/Upright_row","/wiki/Rear_delt_raise","/wiki/Biceps_brachii_muscle","/wiki/Biceps_curl","/wiki/Triceps_brachii_muscle","/wiki/Bench_press#Variations","/wiki/Pushdown_(exercise)","/wiki/Lying_triceps_extensions","/wiki/Abdominal_exercise","/wiki/Crunch_(exercise)","/wiki/Sit-up_(exercise)","/wiki/Leg_raise","/wiki/Erector_spinae_muscles","/wiki/Back_extension","/wiki/Deadlift","/wiki/Good-morning","/wiki/Hyperextension_(exercise)","/wiki/Calisthenics","/wiki/Bodyweight_exercise","/wiki/Weight_training","/wiki/List_of_weight_training_exercises","/wiki/Bodybuilding","/wiki/Olympic_weightlifting","/wiki/Gym","http://en.wikipedia.org/w/index.php?title=Dip_(exercise)&oldid=540403738","/wiki/Help:Categories","/wiki/Category:Bodyweight_exercise","/wiki/Category:All_articles_with_unsourced_statements","/wiki/Category:Articles_with_unsourced_statements_from_December_2012","/w/index.php?title=Special:UserLogin&returnto=Dip+%28exercise%29&type=signup","/w/index.php?title=Special:UserLogin&returnto=Dip+%28exercise%29","/wiki/Dip_(exercise)","/wiki/Talk:Dip_(exercise)","#","/wiki/Dip_(exercise)","/w/index.php?title=Dip_(exercise)&action=edit","/w/index.php?title=Dip_(exercise)&action=history","#","/w/index.php","//bits.wikimedia.org/static-1.21wmf10/skins/vector/images/search-ltr.png?303-4","/wiki/Main_Page","/wiki/Main_Page","/wiki/Portal:Contents","/wiki/Portal:Featured_content","/wiki/Portal:Current_events","/wiki/Special:Random","//donate.wikimedia.org/wiki/Special:FundraiserRedirector?utm_source=donate&utm_medium=sidebar&utm_campaign=C13_en.wikipedia.org&uselang=en","/wiki/Help:Contents","/wiki/Wikipedia:About","/wiki/Wikipedia:Community_portal","/wiki/Special:RecentChanges","/wiki/Wikipedia:Contact_us","/wiki/Special:WhatLinksHere/Dip_(exercise)","/wiki/Special:RecentChangesLinked/Dip_(exercise)","/wiki/Wikipedia:File_Upload_Wizard","/wiki/Special:SpecialPages","/w/index.php?title=Dip_(exercise)&oldid=540403738","/w/index.php?title=Dip_(exercise)&action=info","/w/index.php?title=Special:Cite&page=Dip_%28exercise%29&id=540403738","/w/index.php?title=Special:Book&bookcmd=book_creator&referer=Dip+%28exercise%29","/w/index.php?title=Special:Book&bookcmd=render_article&arttitle=Dip+%28exercise%29&oldid=540403738&writer=rl","/w/index.php?title=Dip_(exercise)&printable=yes","//ast.wikipedia.org/wiki/Fondos","//de.wikipedia.org/wiki/Barrenst%C3%BCtz","//fr.wikipedia.org/wiki/Dips","//ja.wikipedia.org/wiki/%E3%83%87%E3%82%A3%E3%83%83%E3%83%97%E3%82%B9","//fi.wikipedia.org/wiki/Dippi_(lihaskuntoharjoite)","//sv.wikipedia.org/wiki/Dips","//tl.wikipedia.org/wiki/Sawsaw","//zh.wikipedia.org/wiki/%E9%9B%99%E6%A7%93%E5%B1%88%E8%87%82%E6%94%AF%E6%92%90","//www.wikidata.org/wiki/Special:ItemByTitle/enwiki/Dip (exercise)","//en.wikipedia.org/wiki/Wikipedia:Text_of_Creative_Commons_Attribution-ShareAlike_3.0_Unported_License","//creativecommons.org/licenses/by-sa/3.0/","//wikimediafoundation.org/wiki/Terms_of_Use","//www.wikimediafoundation.org/","//en.wikipedia.org/wiki/Wikipedia:Contact_us","//wikimediafoundation.org/wiki/Privacy_policy","/wiki/Wikipedia:About","/wiki/Wikipedia:General_disclaimer","http://en.m.wikipedia.org/wiki/Dip_(exercise)","//wikimediafoundation.org/","//bits.wikimedia.org/images/wikimedia-button.png","//www.mediawiki.org/","//bits.wikimedia.org/static-1.21wmf10/skins/common/images/poweredby_mediawiki_88x31.png","//bits.wikimedia.org/en.wikipedia.org/load.php?debug=false&lang=en&modules=skins.vector&only=scripts&skin=vector&*","/w/index.php?title=MediaWiki:Gadget-ReferenceTooltips.js&action=raw&ctype=text/javascript&508635914","//bits.wikimedia.org/en.wikipedia.org/load.php?debug=false&lang=en&modules=site&only=scripts&skin=vector&*"],"instances":["gymnastics"],"pdf":[],"categories":["Bodyweight exercise"],"headings":["Classic meaning","Modern meaning","Variation","See also","External links"],"image":["//upload.wikimedia.org/wikipedia/commons/thumb/5/5b/Dips.png/300px-Dips.png","//bits.wikimedia.org/static-1.21wmf10/skins/common/images/magnify-clip.png","//bits.wikimedia.org/static-1.21wmf10/skins/vector/images/search-ltr.png?303-4","//bits.wikimedia.org/images/wikimedia-button.png","//bits.wikimedia.org/static-1.21wmf10/skins/common/images/poweredby_mediawiki_88x31.png"],"tags":[["rings","gymnastics"],["rings","gymnastics"]],"members":["rings"],"related":["Strength_training","Triceps","Synergist","Anterior_deltoid","Pectoralis_major_muscle","Human_sternum","Rhomboid_muscles","Pectoral_muscles","Bench_press","Floor_dip","Press-up","Push-up","Dip_bar","Rings_(gymnastics)","Dip_bar","Dip_belt","Muscle-up","Rings_(gymnastics)"]}