{"cursor":"2148","size":15,"audio":[],"currentlang":"en","article":"{{Infobox settlement\n| name = Iia settlement_type = Village image_skyline = imagesize = image_caption\n| = image_flag = flag_size = image_shield = shield_size = pushpin_map = Estonia\n| pushpin_label_position = right pushpin_map_caption = Location in Estonia latd\n| = 58| latm = 20| lats = 03| latNS = N longd = 25| longm = 11| longs = 26|\n| longEW = E coordinates_display = inline,title coordinates_region = EE\n| subdivision_type = Country subdivision_name = Estonia subdivision_type1 =\n| County subdivision_name1 = Viljandi County subdivision_type2 = Municipality\n| subdivision_name2 = KÃµpu Parish established_title = established_date =\n| area_total_km2 = population_total = 23 population_as_of = 2011 Census population_density_km2 = website =\n}}\n\n'Iia' is a village in KÃµpu Parish, Viljandi County in Estonia. As of 2011\nCensus, the settlement's population was 23.\n\nThe northern half of the village's territory is covered by the Ãrdi bog, which\nis located in the Soomaa National Park.\n\n File:Ãrdi raba.JPG|Ãrdi bog File:Iia ristimÃ¤nd.jpg|The Iia ristimÃ¤nd\n(Iia cross pine) \n","linknr":127,"url":"iia","recorded":1364059934,"links":["/w/index.php?title=Iia,_Estonia&action=edit","/w/index.php?title=Iia,_Estonia&action=edit","//en.wikipedia.org/apple-touch-icon.png","//bits.wikimedia.org/favicon/wikipedia.ico","/w/opensearch_desc.php","//en.wikipedia.org/w/api.php?action=rsd","//creativecommons.org/licenses/by-sa/3.0/","/w/index.php?title=Special:RecentChanges&feed=atom","/wiki/Iia,_Estonia","//bits.wikimedia.org/en.wikipedia.org/load.php?debug=false&lang=en&modules=ext.gadget.DRN-wizard%2CReferenceTooltips%2Ccharinsert%2Cteahouse%7Cext.wikihiero%7Cmediawiki.legacy.commonPrint%2Cshared%7Cmw.PopUpMediaTransform%7Cskins.vector&only=styles&skin=vector&*","//bits.wikimedia.org/en.wikipedia.org/load.php?debug=false&lang=en&modules=site&only=styles&skin=vector&*","//bits.wikimedia.org/en.wikipedia.org/load.php?debug=false&lang=en&modules=startup&only=scripts&skin=vector&*","//bits.wikimedia.org/geoiplookup","//meta.wikimedia.org","/w/index.php?title=Iia&redirect=no","#mw-head","#p-search","/wiki/Populated_places_in_Estonia","/wiki/File:Estonia_location_map.svg","//upload.wikimedia.org/wikipedia/commons/thumb/9/93/Estonia_location_map.svg/250px-Estonia_location_map.svg.png","//upload.wikimedia.org/wikipedia/en/thumb/0/0c/Red_pog.svg/6px-Red_pog.svg.png","http://toolserver.org/~geohack/geohack.php?pagename=Iia,_Estonia&params=58_20_03_N_25_11_26_E_type:city(23)_region:EE","/wiki/Geographic_coordinate_system","http://toolserver.org/~geohack/geohack.php?pagename=Iia,_Estonia&params=58_20_03_N_25_11_26_E_type:city(23)_region:EE","/wiki/List_of_sovereign_states","/wiki/Estonia","/wiki/Counties_of_Estonia","/wiki/Viljandi_County","/wiki/Municipalities_of_Estonia","/wiki/K%C3%B5pu_Parish","/wiki/2011_Estonia_Census","#cite_note-2011census-1","/wiki/K%C3%B5pu_Parish","/wiki/Viljandi_County","/wiki/Estonia","/wiki/2011_Estonia_Census","#cite_note-2011census-1","/w/index.php?title=%C3%96rdi_bog&action=edit&redlink=1","/wiki/Soomaa_National_Park","/wiki/File:%C3%96rdi_raba.JPG","//upload.wikimedia.org/wikipedia/commons/thumb/d/d5/%C3%96rdi_raba.JPG/120px-%C3%96rdi_raba.JPG","/wiki/File:Iia_ristim%C3%A4nd.jpg","//upload.wikimedia.org/wikipedia/commons/thumb/d/d0/Iia_ristim%C3%A4nd.jpg/90px-Iia_ristim%C3%A4nd.jpg","/w/index.php?title=Iia,_Estonia&action=edit&section=1","#cite_ref-2011census_1-0","#cite_ref-2011census_1-1","http://pub.stat.ee/px-web.2001/Dialog/varval.asp?ma=PC004&ti=NUMBER+AND+SHARE+OF+ESTONIANS+BY+PLACE+OF+RESIDENCE+%28SETTLEMENT%29%2C+31+DECEMBER+2011&path=../I_Databas/Population_census/PHC2011/09Location_and_age-gender_distribution/&lang=1","/wiki/Statistics_Estonia","http://pub.stat.ee/px-web.2001/Dialog/varval.asp?ma=PC004&ti=NUMBER+AND+SHARE+OF+ESTONIANS+BY+PLACE+OF+RESIDENCE+%28SETTLEMENT%29%2C+31+DECEMBER+2011&path=../I_Databas/Population_census/PHC2011/09Location_and_age-gender_distribution/&lang=1","/wiki/Template:K%C3%B5pu_Parish","/wiki/Template_talk:K%C3%B5pu_Parish","//en.wikipedia.org/w/index.php?title=Template:K%C3%B5pu_Parish&action=edit","/wiki/Populated_places_in_Estonia","/wiki/K%C3%B5pu_Parish","/wiki/K%C3%B5pu","/wiki/Kuninga,_Viljandi_County","/wiki/Laane,_Viljandi_County","/w/index.php?title=Punak%C3%BCla&action=edit&redlink=1","/w/index.php?title=Supsi&action=edit&redlink=1","/w/index.php?title=Seruk%C3%BCla&action=edit&redlink=1","/wiki/Tipu,_Estonia","/wiki/Uia,_Estonia","/w/index.php?title=Vanaveski&action=edit&redlink=1","/wiki/File:Viljandimaa_coatofarms.png","//upload.wikimedia.org/wikipedia/commons/thumb/f/f4/Viljandimaa_coatofarms.png/20px-Viljandimaa_coatofarms.png","/wiki/Viljandi_County","/wiki/Wikipedia:Stub","//en.wikipedia.org/w/index.php?title=Iia,_Estonia&action=edit","/wiki/Template:Viljandi-geo-stub","/wiki/Template_talk:Viljandi-geo-stub","//en.wikipedia.org/w/index.php?title=Template:Viljandi-geo-stub&action=edit","http://en.wikipedia.org/w/index.php?title=Iia,_Estonia&oldid=546230783","/wiki/Help:Categories","/wiki/Category:K%C3%B5pu_Parish","/wiki/Category:Villages_in_Viljandi_County","/wiki/Category:Viljandi_County_geography_stubs","/w/index.php?title=Special:UserLogin&returnto=Iia%2C+Estonia&type=signup","/w/index.php?title=Special:UserLogin&returnto=Iia%2C+Estonia","/wiki/Iia,_Estonia","/wiki/Talk:Iia,_Estonia","#","/wiki/Iia,_Estonia","/w/index.php?title=Iia,_Estonia&action=edit","/w/index.php?title=Iia,_Estonia&action=history","#","/w/index.php","//bits.wikimedia.org/static-1.21wmf11/skins/vector/images/search-ltr.png?303-4","/wiki/Main_Page","/wiki/Main_Page","/wiki/Portal:Contents","/wiki/Portal:Featured_content","/wiki/Portal:Current_events","/wiki/Special:Random","//donate.wikimedia.org/wiki/Special:FundraiserRedirector?utm_source=donate&utm_medium=sidebar&utm_campaign=C13_en.wikipedia.org&uselang=en","/wiki/Help:Contents","/wiki/Wikipedia:About","/wiki/Wikipedia:Community_portal","/wiki/Special:RecentChanges","/wiki/Wikipedia:Contact_us","/wiki/Special:WhatLinksHere/Iia,_Estonia","/wiki/Special:RecentChangesLinked/Iia,_Estonia","/wiki/Wikipedia:File_Upload_Wizard","/wiki/Special:SpecialPages","/w/index.php?title=Iia,_Estonia&oldid=546230783","/w/index.php?title=Iia,_Estonia&action=info","/w/index.php?title=Special:Cite&page=Iia%2C_Estonia&id=546230783","/w/index.php?title=Special:Book&bookcmd=book_creator&referer=Iia%2C+Estonia","/w/index.php?title=Special:Book&bookcmd=render_article&arttitle=Iia%2C+Estonia&oldid=546230783&writer=rl","/w/index.php?title=Iia,_Estonia&printable=yes","//et.wikipedia.org/wiki/Iia","//vo.wikipedia.org/wiki/Iia","//www.wikidata.org/wiki/Special:ItemByTitle/enwiki/Iia, Estonia","//en.wikipedia.org/wiki/Wikipedia:Text_of_Creative_Commons_Attribution-ShareAlike_3.0_Unported_License","//creativecommons.org/licenses/by-sa/3.0/","//wikimediafoundation.org/wiki/Terms_of_Use","//www.wikimediafoundation.org/","//en.wikipedia.org/wiki/Wikipedia:Contact_us","//wikimediafoundation.org/wiki/Privacy_policy","/wiki/Wikipedia:About","/wiki/Wikipedia:General_disclaimer","http://en.m.wikipedia.org/wiki/Iia,_Estonia","//wikimediafoundation.org/","//bits.wikimedia.org/images/wikimedia-button.png","//www.mediawiki.org/","//bits.wikimedia.org/static-1.21wmf11/skins/common/images/poweredby_mediawiki_88x31.png","//bits.wikimedia.org/en.wikipedia.org/load.php?debug=false&lang=en&modules=skins.vector&only=scripts&skin=vector&*","/w/index.php?title=MediaWiki:Gadget-ReferenceTooltips.js&action=raw&ctype=text/javascript&508635914","//bits.wikimedia.org/en.wikipedia.org/load.php?debug=false&lang=en&modules=site&only=scripts&skin=vector&*"],"instances":[],"pdf":[],"categories":["Villages in Viljandi County"],"headings":["References"],"image":["//upload.wikimedia.org/wikipedia/commons/thumb/9/93/Estonia_location_map.svg/250px-Estonia_location_map.svg.png","//upload.wikimedia.org/wikipedia/en/thumb/0/0c/Red_pog.svg/6px-Red_pog.svg.png","//upload.wikimedia.org/wikipedia/commons/thumb/d/d5/%C3%96rdi_raba.JPG/120px-%C3%96rdi_raba.JPG","//upload.wikimedia.org/wikipedia/commons/thumb/d/d0/Iia_ristim%C3%A4nd.jpg/90px-Iia_ristim%C3%A4nd.jpg","//upload.wikimedia.org/wikipedia/commons/thumb/f/f4/Viljandimaa_coatofarms.png/20px-Viljandimaa_coatofarms.png","//bits.wikimedia.org/static-1.21wmf11/skins/vector/images/search-ltr.png?303-4","//bits.wikimedia.org/images/wikimedia-button.png","//bits.wikimedia.org/static-1.21wmf11/skins/common/images/poweredby_mediawiki_88x31.png"],"tags":[],"members":[],"related":["Populated_places_in_Estonia","List_of_sovereign_states","Estonia","Counties_of_Estonia","Viljandi_County","Municipalities_of_Estonia","Kõpu_Parish","2011_Estonia_Census","Kõpu_Parish","Viljandi_County","Estonia","2011_Estonia_Census","Ördi_bog","Soomaa_National_Park"]}