{"cursor":"518","size":15,"audio":[],"currentlang":"en","article":"'Compensation' is an essay by Ralph Waldo Emerson. It appeared in his book\nEssays, first published 1841. In 1844, Essays: Second Series was published, and\nsubsequent republishings of Essays were renamed Essays: First Series.\n","linknr":126,"url":"Compensation_(essay)","recorded":1364184689,"links":["/w/index.php?title=Compensation_(essay)&action=edit","/w/index.php?title=Compensation_(essay)&action=edit","//en.wikipedia.org/apple-touch-icon.png","//bits.wikimedia.org/favicon/wikipedia.ico","/w/opensearch_desc.php","//en.wikipedia.org/w/api.php?action=rsd","//creativecommons.org/licenses/by-sa/3.0/","/w/index.php?title=Special:RecentChanges&feed=atom","//bits.wikimedia.org/en.wikipedia.org/load.php?debug=false&lang=en&modules=ext.gadget.DRN-wizard%2CReferenceTooltips%2Ccharinsert%2Cteahouse%7Cext.wikihiero%7Cmediawiki.legacy.commonPrint%2Cshared%7Cmw.PopUpMediaTransform%7Cskins.vector&only=styles&skin=vector&*","//bits.wikimedia.org/en.wikipedia.org/load.php?debug=false&lang=en&modules=site&only=styles&skin=vector&*","//bits.wikimedia.org/en.wikipedia.org/load.php?debug=false&lang=en&modules=startup&only=scripts&skin=vector&*","//bits.wikimedia.org/geoiplookup","//meta.wikimedia.org","#mw-head","#p-search","/wiki/Ralph_Waldo_Emerson","/w/index.php?title=Compensation_(essay)&action=edit&section=1","/wiki/Self-Reliance","/w/index.php?title=Compensation_(essay)&action=edit&section=2","http://www.emersoncentral.com/compensation.htm","/wiki/Template:Ralph_Waldo_Emerson","/wiki/Template_talk:Ralph_Waldo_Emerson","//en.wikipedia.org/w/index.php?title=Template:Ralph_Waldo_Emerson&action=edit","/wiki/Ralph_Waldo_Emerson","/wiki/Category:Works_by_Ralph_Waldo_Emerson","/wiki/Divinity_School_Address","/wiki/File:Emerson_by_Johnson_1846-crop.jpg","//upload.wikimedia.org/wikipedia/commons/thumb/e/e9/Emerson_by_Johnson_1846-crop.jpg/100px-Emerson_by_Johnson_1846-crop.jpg","/wiki/Category:Poetry_by_Ralph_Waldo_Emerson","/wiki/Concord_Hymn","/wiki/Uriel_(poem)","/wiki/The_Rhodora","/wiki/Brahma_(poem)","/wiki/Category:Essays_by_Ralph_Waldo_Emerson","/wiki/Nature_(essay)","/wiki/The_American_Scholar","/wiki/Self-Reliance","/wiki/Over-soul","/wiki/Circles_(Ralph_Waldo_Emerson)","/wiki/The_Poet_(essay)","/wiki/Experience_(Emerson)","/wiki/Politics_(essay)","/wiki/New_England_Reformers","/wiki/Category:Essay_collections_by_Ralph_Waldo_Emerson","/wiki/Essays:_First_Series","/wiki/Essays:_Second_Series","/wiki/Representative_Men","/wiki/The_Conduct_of_Life","/wiki/The_Atlantic","/wiki/Emerson%27s_letter_to_Martin_Van_Buren","/wiki/Ralph_Waldo_Emerson_House","/wiki/The_Old_Manse","/wiki/Transcendentalism","/wiki/Transcendental_Club","/wiki/Amos_Bronson_Alcott","/wiki/Thomas_Carlyle","/wiki/Edward_Waldo_Emerson","/wiki/Mary_Moody_Emerson","/wiki/Rev._William_Emerson","/wiki/Nathaniel_Hawthorne","/wiki/Oliver_Wendell_Holmes,_Sr.","/wiki/Henry_Wadsworth_Longfellow","/wiki/James_Russell_Lowell","/wiki/Henry_David_Thoreau","/wiki/File:Plume_pen_w.svg","//upload.wikimedia.org/wikipedia/commons/thumb/3/38/Plume_pen_w.svg/25px-Plume_pen_w.svg.png","/wiki/Essay","/wiki/Wikipedia:Stub","//en.wikipedia.org/w/index.php?title=Compensation_(essay)&action=edit","/wiki/Template:Essay-stub","/wiki/Template_talk:Essay-stub","//en.wikipedia.org/w/index.php?title=Template:Essay-stub&action=edit","http://en.wikipedia.org/w/index.php?title=Compensation_(essay)&oldid=462211936","/wiki/Help:Categories","/wiki/Category:Philosophy_essays","/wiki/Category:Essays_by_Ralph_Waldo_Emerson","/wiki/Category:1841_essays","/wiki/Category:Essay_stubs","/w/index.php?title=Special:UserLogin&returnto=Compensation+%28essay%29&type=signup","/w/index.php?title=Special:UserLogin&returnto=Compensation+%28essay%29","/wiki/Compensation_(essay)","/wiki/Talk:Compensation_(essay)","#","/wiki/Compensation_(essay)","/w/index.php?title=Compensation_(essay)&action=edit","/w/index.php?title=Compensation_(essay)&action=history","#","/w/index.php","//bits.wikimedia.org/static-1.21wmf11/skins/vector/images/search-ltr.png?303-4","/wiki/Main_Page","/wiki/Main_Page","/wiki/Portal:Contents","/wiki/Portal:Featured_content","/wiki/Portal:Current_events","/wiki/Special:Random","//donate.wikimedia.org/wiki/Special:FundraiserRedirector?utm_source=donate&utm_medium=sidebar&utm_campaign=C13_en.wikipedia.org&uselang=en","/wiki/Help:Contents","/wiki/Wikipedia:About","/wiki/Wikipedia:Community_portal","/wiki/Special:RecentChanges","/wiki/Wikipedia:Contact_us","/wiki/Special:WhatLinksHere/Compensation_(essay)","/wiki/Special:RecentChangesLinked/Compensation_(essay)","/wiki/Wikipedia:File_Upload_Wizard","/wiki/Special:SpecialPages","/w/index.php?title=Compensation_(essay)&oldid=462211936","/w/index.php?title=Compensation_(essay)&action=info","/w/index.php?title=Special:Cite&page=Compensation_%28essay%29&id=462211936","/w/index.php?title=Special:Book&bookcmd=book_creator&referer=Compensation+%28essay%29","/w/index.php?title=Special:Book&bookcmd=render_article&arttitle=Compensation+%28essay%29&oldid=462211936&writer=rl","/w/index.php?title=Compensation_(essay)&printable=yes","//en.wikipedia.org/wiki/Wikipedia:Text_of_Creative_Commons_Attribution-ShareAlike_3.0_Unported_License","//creativecommons.org/licenses/by-sa/3.0/","//wikimediafoundation.org/wiki/Terms_of_Use","//www.wikimediafoundation.org/","//en.wikipedia.org/wiki/Wikipedia:Contact_us","//wikimediafoundation.org/wiki/Privacy_policy","/wiki/Wikipedia:About","/wiki/Wikipedia:General_disclaimer","http://en.m.wikipedia.org/wiki/Compensation_(essay)","//wikimediafoundation.org/","//bits.wikimedia.org/images/wikimedia-button.png","//www.mediawiki.org/","//bits.wikimedia.org/static-1.21wmf11/skins/common/images/poweredby_mediawiki_88x31.png","//bits.wikimedia.org/en.wikipedia.org/load.php?debug=false&lang=en&modules=skins.vector&only=scripts&skin=vector&*","/w/index.php?title=MediaWiki:Gadget-ReferenceTooltips.js&action=raw&ctype=text/javascript&508635914","//bits.wikimedia.org/en.wikipedia.org/load.php?debug=false&lang=en&modules=site&only=scripts&skin=vector&*"],"instances":[],"pdf":[],"categories":["Philosophy essays","Essays by Ralph Waldo Emerson","1841 essays"],"headings":["See also","External links"],"image":["//upload.wikimedia.org/wikipedia/commons/thumb/e/e9/Emerson_by_Johnson_1846-crop.jpg/100px-Emerson_by_Johnson_1846-crop.jpg","//upload.wikimedia.org/wikipedia/commons/thumb/3/38/Plume_pen_w.svg/25px-Plume_pen_w.svg.png","//bits.wikimedia.org/static-1.21wmf11/skins/vector/images/search-ltr.png?303-4","//bits.wikimedia.org/images/wikimedia-button.png","//bits.wikimedia.org/static-1.21wmf11/skins/common/images/poweredby_mediawiki_88x31.png"],"tags":[],"members":[],"related":["Ralph_Waldo_Emerson"]}