{"cursor":"1793","size":15,"audio":[],"currentlang":"en","article":"\n\nOn the Internet, a 'block' is a technical measure intended to restrict access to\ninformation or resources. Blocking may be implemented by the owners of computers\nusing software. Some countries such as China and\nSingapore block access to certain news information. In the\nUnited States, the Children's Internet Protection Act requires schools receiving\nfederal funded discount rates for Internet access must install software which\nblocks obscene content, child pornography, and, where applicable, content\nâharmful to minorsâ.\n\nBlocking may also refer to denying access to a web server based on the IP\naddress of the client machine.\n","linknr":106,"url":"Block_(Internet)","recorded":1363121087,"links":["/w/index.php?title=Block_(Internet)&action=edit","/w/index.php?title=Block_(Internet)&action=edit","//en.wikipedia.org/apple-touch-icon.png","//bits.wikimedia.org/favicon/wikipedia.ico","/w/opensearch_desc.php","//en.wikipedia.org/w/api.php?action=rsd","//creativecommons.org/licenses/by-sa/3.0/","/w/index.php?title=Special:RecentChanges&feed=atom","//bits.wikimedia.org/en.wikipedia.org/load.php?debug=false&lang=en&modules=ext.gadget.DRN-wizard%2CReferenceTooltips%2Ccharinsert%2Cteahouse%7Cext.wikihiero%7Cmediawiki.legacy.commonPrint%2Cshared%7Cmw.PopUpMediaTransform%7Cskins.vector&only=styles&skin=vector&*","//bits.wikimedia.org/en.wikipedia.org/load.php?debug=false&lang=en&modules=site&only=styles&skin=vector&*","//bits.wikimedia.org/en.wikipedia.org/load.php?debug=false&lang=en&modules=startup&only=scripts&skin=vector&*","//bits.wikimedia.org/geoiplookup","//meta.wikimedia.org","#mw-head","#p-search","/wiki/Block_(disambiguation)","/wiki/Internet","#cite_note-Westfall-1","/wiki/Internet_censorship_in_the_People%27s_Republic_of_China","#cite_note-Westfall-1","/wiki/Children%27s_Internet_Protection_Act","#cite_note-2","/wiki/IP_address","#cite_note-3","/w/index.php?title=Block_(Internet)&action=edit&section=1","/w/index.php?title=Block_(Internet)&action=edit&section=2","#cite_ref-Westfall_1-0","#cite_ref-Westfall_1-1","http://www.scu.edu/ethics/publications/submitted/westfall/blocking.html","http://www.scu.edu/ethics/publications/submitted/westfall/blocking.html","#cite_ref-2","http://www.fcc.gov/guides/childrens-internet-protection-act","http://www.fcc.gov/guides/childrens-internet-protection-act","#cite_ref-3","http://httpd.apache.org/docs/2.2/howto/access.html","http://httpd.apache.org/docs/2.2/howto/access.html","/w/index.php?title=Block_(Internet)&action=edit&section=3","/wiki/IP_blocking","/wiki/Internet_censorship","/wiki/File:Crystal_Clear_app_browser.png","//upload.wikimedia.org/wikipedia/commons/thumb/f/fe/Crystal_Clear_app_browser.png/25px-Crystal_Clear_app_browser.png","/wiki/Wikipedia:Stub","//en.wikipedia.org/w/index.php?title=Block_(Internet)&action=edit","/wiki/Template:Internet-stub","/wiki/Template_talk:Internet-stub","//en.wikipedia.org/w/index.php?title=Template:Internet-stub&action=edit","http://en.wikipedia.org/w/index.php?title=Block_(Internet)&oldid=540631802","/wiki/Help:Categories","/wiki/Category:Internet_censorship","/wiki/Category:Access_control","/wiki/Category:Internet_stubs","/w/index.php?title=Special:UserLogin&returnto=Block+%28Internet%29&type=signup","/w/index.php?title=Special:UserLogin&returnto=Block+%28Internet%29","/wiki/Block_(Internet)","/wiki/Talk:Block_(Internet)","#","/wiki/Block_(Internet)","/w/index.php?title=Block_(Internet)&action=edit","/w/index.php?title=Block_(Internet)&action=history","#","/w/index.php","//bits.wikimedia.org/static-1.21wmf10/skins/vector/images/search-ltr.png?303-4","/wiki/Main_Page","/wiki/Main_Page","/wiki/Portal:Contents","/wiki/Portal:Featured_content","/wiki/Portal:Current_events","/wiki/Special:Random","//donate.wikimedia.org/wiki/Special:FundraiserRedirector?utm_source=donate&utm_medium=sidebar&utm_campaign=C13_en.wikipedia.org&uselang=en","/wiki/Help:Contents","/wiki/Wikipedia:About","/wiki/Wikipedia:Community_portal","/wiki/Special:RecentChanges","/wiki/Wikipedia:Contact_us","/wiki/Special:WhatLinksHere/Block_(Internet)","/wiki/Special:RecentChangesLinked/Block_(Internet)","/wiki/Wikipedia:File_Upload_Wizard","/wiki/Special:SpecialPages","/w/index.php?title=Block_(Internet)&oldid=540631802","/w/index.php?title=Block_(Internet)&action=info","/w/index.php?title=Special:Cite&page=Block_%28Internet%29&id=540631802","/w/index.php?title=Special:Book&bookcmd=book_creator&referer=Block+%28Internet%29","/w/index.php?title=Special:Book&bookcmd=render_article&arttitle=Block+%28Internet%29&oldid=540631802&writer=rl","/w/index.php?title=Block_(Internet)&printable=yes","//id.wikipedia.org/wiki/Blokir_(Internet)","//nl.wikipedia.org/wiki/Bannen","//simple.wikipedia.org/wiki/Block_(Internet)","//th.wikipedia.org/wiki/%E0%B8%81%E0%B8%B2%E0%B8%A3%E0%B8%9B%E0%B8%B4%E0%B8%94%E0%B8%81%E0%B8%B1%E0%B9%89%E0%B8%99","//zh-yue.wikipedia.org/wiki/%E7%A6%81%E6%AD%A2%E7%99%BC%E8%A8%80","//zh.wikipedia.org/wiki/%E7%A6%81%E6%AD%A2%E5%8F%91%E8%A8%80","//www.wikidata.org/wiki/Special:ItemByTitle/enwiki/Block (Internet)","//en.wikipedia.org/wiki/Wikipedia:Text_of_Creative_Commons_Attribution-ShareAlike_3.0_Unported_License","//creativecommons.org/licenses/by-sa/3.0/","//wikimediafoundation.org/wiki/Terms_of_Use","//www.wikimediafoundation.org/","//en.wikipedia.org/wiki/Wikipedia:Contact_us","//wikimediafoundation.org/wiki/Privacy_policy","/wiki/Wikipedia:About","/wiki/Wikipedia:General_disclaimer","http://en.m.wikipedia.org/wiki/Block_(Internet)","//wikimediafoundation.org/","//bits.wikimedia.org/images/wikimedia-button.png","//www.mediawiki.org/","//bits.wikimedia.org/static-1.21wmf10/skins/common/images/poweredby_mediawiki_88x31.png","//bits.wikimedia.org/en.wikipedia.org/load.php?debug=false&lang=en&modules=skins.vector&only=scripts&skin=vector&*","/w/index.php?title=MediaWiki:Gadget-ReferenceTooltips.js&action=raw&ctype=text/javascript&508635914","//bits.wikimedia.org/en.wikipedia.org/load.php?debug=false&lang=en&modules=site&only=scripts&skin=vector&*"],"instances":[],"pdf":[],"categories":["Internet censorship","Access control"],"headings":["Effects of blocks","References","See also"],"image":["//upload.wikimedia.org/wikipedia/commons/thumb/f/fe/Crystal_Clear_app_browser.png/25px-Crystal_Clear_app_browser.png","//bits.wikimedia.org/static-1.21wmf10/skins/vector/images/search-ltr.png?303-4","//bits.wikimedia.org/images/wikimedia-button.png","//bits.wikimedia.org/static-1.21wmf10/skins/common/images/poweredby_mediawiki_88x31.png"],"tags":[],"members":[],"related":["Internet","Internet_censorship_in_the_People's_Republic_of_China","Children's_Internet_Protection_Act","IP_address","IP_blocking","Internet_censorship"]}