{"cursor":"4141","size":15,"audio":[],"currentlang":"en","article":"\n\n\nA 'peripheral' is a device that is connected to a host computer, but not part of\nit. It expands the host's capabilities but does not form part of the core\ncomputer architecture. It is often, but not always, partially or completely\ndependent on the host.\n\nA peripheral is generally defined as any auxiliary device such as a computer\nmouse, keyboard, hard drive, etc. that connects to and works with the computer\nin some way. Other examples of peripherals are expansion cards, graphics cards,\ncomputer printers, image scanners, tape drives, microphones, loudspeakers,\nwebcams, and digital cameras. RAM - random access memory - straddles the line\nbetween peripheral and primary component; it is technically a storage\nperipheral, but is required for every major function of a modern computer and\nremoving the RAM will effectively disable any modern machine. Many new devices\nsuch as smartphones and tablet computers have interfaces which allow them to be\nused as a peripheral by a full computer, though they are not host-dependent as\nother peripheral devices are. According to the most technical definition, the\nonly pieces of a computer NOT considered to be peripherals are the central\nprocessing unit, power supply, motherboard, and computer case.\n\nUsually, the word peripheral is used to refer to a device external to the\ncomputer case, like a scanner, but the devices located inside the computer case\nare also technically peripherals. Devices that exist outside the computer case\nare called external peripherals, or auxiliary components. Examples: \"Many of the\nexternal peripherals I own, such as my scanner and printer, connect to the\nperipheral ports on the back of my computer.\" Devices that are inside\nthe case such as internal hard drives or CD-ROM drives are also peripherals in\ntechnical terms and are called internal peripherals, but may not be recognized\nas peripherals by laypeople.\n\nIn a system on a chip, peripherals are incorporated into the same integrated\ncircuit as the central processing unit. They are still referred to as\n\"peripherals\" despite being permanently attached to (and in some sense part of)\ntheir host processor.\n\nThere are three different types of peripherals:\n* Input, which provide input to the computer from the user (mice,\n  keyboards, etc.)\n* Output, which provide ouput to the user from the computer (monitors,\n  printers, etc.)\n* Storage, which store data (hard drives, flash drives, etc.)\n","linknr":191,"url":"Peripheral","recorded":1363907272,"links":["/w/index.php?title=Peripheral&action=edit","/w/index.php?title=Peripheral&action=edit","//en.wikipedia.org/apple-touch-icon.png","//bits.wikimedia.org/favicon/wikipedia.ico","/w/opensearch_desc.php","//en.wikipedia.org/w/api.php?action=rsd","//creativecommons.org/licenses/by-sa/3.0/","/w/index.php?title=Special:RecentChanges&feed=atom","//bits.wikimedia.org/en.wikipedia.org/load.php?debug=false&lang=en&modules=ext.gadget.DRN-wizard%2CReferenceTooltips%2Ccharinsert%2Cteahouse%7Cext.wikihiero%7Cmediawiki.legacy.commonPrint%2Cshared%7Cmw.PopUpMediaTransform%7Cskins.vector&only=styles&skin=vector&*","//bits.wikimedia.org/en.wikipedia.org/load.php?debug=false&lang=en&modules=site&only=styles&skin=vector&*","//bits.wikimedia.org/en.wikipedia.org/load.php?debug=false&lang=en&modules=startup&only=scripts&skin=vector&*","//bits.wikimedia.org/geoiplookup","//meta.wikimedia.org","#mw-head","#p-search","/wiki/Boundary_parallel","/wiki/Peripheral_cycle","/wiki/Peripheral_vision","//upload.wikimedia.org/wikipedia/en/thumb/f/f2/Edit-clear.svg/40px-Edit-clear.svg.png","/wiki/Wikipedia:LEAD","/wiki/Wikipedia:Layout_guide","/wiki/Wikipedia:Lead_section_guidelines","/wiki/Computer","/wiki/Computer_architecture","/wiki/Computer_mouse","/wiki/Keyboard_(computing)","/wiki/Hard_drive","/wiki/Expansion_card","/wiki/Graphics_card","/wiki/Computer_printer","/wiki/Image_scanner","/wiki/Tape_drive","/wiki/Microphone","/wiki/Loudspeaker","/wiki/Webcam","/wiki/Digital_camera","/wiki/Random_access_memory","/wiki/Smartphone","/wiki/Tablet_computer","/wiki/Central_processing_unit","/wiki/Power_supply","/wiki/Motherboard","/wiki/Computer_case","#cite_note-1","/wiki/Internal_hard_drive","/wiki/System_on_a_chip","/wiki/Integrated_circuit","/wiki/Central_processing_unit","#Common_peripherals","#See_also","#References","#External_links","/w/index.php?title=Peripheral&action=edit&section=1","/wiki/Input/output","/wiki/Keyboard_(computing)","/wiki/Computer_mouse","/wiki/Graphic_tablet","/wiki/Touchscreen","/wiki/Barcode_Reader","/wiki/Image_scanner","/wiki/Webcam","/wiki/Input_device","/wiki/Output","/wiki/Display_device","/wiki/Computer_display","/wiki/Graphical_output_device","/wiki/Printer_(computing)","/wiki/Output_device","/wiki/Computer_storage","/wiki/External_hard_drive","/wiki/Flash_drive","/wiki/Disk_drive","/wiki/Smartphone","/wiki/Tablet_computer","/wiki/CD-ROM","/wiki/DVD-ROM","/wiki/Storage_Devices","#cite_note-2","/w/index.php?title=Peripheral&action=edit&section=2","/wiki/Computer_hardware","/wiki/Controller_(computing)","/wiki/Expansion_card","/wiki/Video_game_accessory","/w/index.php?title=Peripheral&action=edit&section=3","#cite_ref-1","http://pcsupport.about.com/od/termsns/g/peripheral.htm","http://pcsupport.about.com/od/termsns/g/peripheral.htm","#cite_ref-2","/w/index.php?title=Peripheral&action=edit&section=4","//upload.wikimedia.org/wikipedia/commons/thumb/f/f8/Wiktionary-logo-en.svg/15px-Wiktionary-logo-en.svg.png","//en.wiktionary.org/wiki/Special:Search/peripheral","http://allaboutbasic.com/2010/12/14/277/","http://en.wikipedia.org/w/index.php?title=Peripheral&oldid=542578862","/wiki/Help:Categories","/wiki/Category:Computer_peripherals","/wiki/Category:Wikipedia_introduction_cleanup_from_March_2013","/wiki/Category:All_pages_needing_cleanup","/wiki/Category:Articles_covered_by_WikiProject_Wikify_from_March_2013","/wiki/Category:All_articles_covered_by_WikiProject_Wikify","/w/index.php?title=Special:UserLogin&returnto=Peripheral&type=signup","/w/index.php?title=Special:UserLogin&returnto=Peripheral","/wiki/Peripheral","/wiki/Talk:Peripheral","#","/wiki/Peripheral","/w/index.php?title=Peripheral&action=edit","/w/index.php?title=Peripheral&action=history","#","/w/index.php","//bits.wikimedia.org/static-1.21wmf10/skins/vector/images/search-ltr.png?303-4","/wiki/Main_Page","/wiki/Main_Page","/wiki/Portal:Contents","/wiki/Portal:Featured_content","/wiki/Portal:Current_events","/wiki/Special:Random","//donate.wikimedia.org/wiki/Special:FundraiserRedirector?utm_source=donate&utm_medium=sidebar&utm_campaign=C13_en.wikipedia.org&uselang=en","/wiki/Help:Contents","/wiki/Wikipedia:About","/wiki/Wikipedia:Community_portal","/wiki/Special:RecentChanges","/wiki/Wikipedia:Contact_us","/wiki/Special:WhatLinksHere/Peripheral","/wiki/Special:RecentChangesLinked/Peripheral","/wiki/Wikipedia:File_Upload_Wizard","/wiki/Special:SpecialPages","/w/index.php?title=Peripheral&oldid=542578862","/w/index.php?title=Peripheral&action=info","/w/index.php?title=Special:Cite&page=Peripheral&id=542578862","/w/index.php?title=Special:Book&bookcmd=book_creator&referer=Peripheral","/w/index.php?title=Special:Book&bookcmd=render_article&arttitle=Peripheral&oldid=542578862&writer=rl","/w/index.php?title=Peripheral&printable=yes","//ar.wikipedia.org/wiki/%D9%85%D9%84%D8%AD%D9%82%D8%A7%D8%AA_(%D8%AD%D8%A7%D8%B3%D9%88%D8%A8)","//bg.wikipedia.org/wiki/%D0%9F%D0%B5%D1%80%D0%B8%D1%84%D0%B5%D1%80%D0%BD%D0%BE_%D1%83%D1%81%D1%82%D1%80%D0%BE%D0%B9%D1%81%D1%82%D0%B2%D0%BE","//bs.wikipedia.org/wiki/Periferija","//br.wikipedia.org/wiki/Trobarzhell","//ca.wikipedia.org/wiki/Perif%C3%A8ric","//cs.wikipedia.org/wiki/Periferie_(technika)","//de.wikipedia.org/wiki/Peripherieger%C3%A4t","//et.wikipedia.org/wiki/Arvuti_lisaseadmed","//el.wikipedia.org/wiki/%CE%A0%CE%B5%CF%81%CE%B9%CF%86%CE%B5%CF%81%CE%B5%CE%B9%CE%B1%CE%BA%CE%AE_%CF%83%CF%85%CF%83%CE%BA%CE%B5%CF%85%CE%AE","//es.wikipedia.org/wiki/Perif%C3%A9rico_(inform%C3%A1tica)","//eo.wikipedia.org/wiki/Flankaparato","//eu.wikipedia.org/wiki/Periferiko_(ordenagailua)","//fa.wikipedia.org/wiki/%D8%AF%D8%B3%D8%AA%DA%AF%D8%A7%D9%87_%D8%AC%D8%A7%D9%86%D8%A8%DB%8C","//fr.wikipedia.org/wiki/P%C3%A9riph%C3%A9rique_informatique","//ga.wikipedia.org/wiki/Forimeallach","//gl.wikipedia.org/wiki/Perif%C3%A9rico","//ko.wikipedia.org/wiki/%EC%A3%BC%EB%B3%80%EA%B8%B0%EA%B8%B0","//id.wikipedia.org/wiki/Periferal","//it.wikipedia.org/wiki/Periferica","//he.wikipedia.org/wiki/%D7%A6%D7%99%D7%95%D7%93_%D7%94%D7%99%D7%A7%D7%A4%D7%99","//kk.wikipedia.org/wiki/%D0%A1%D1%8B%D1%80%D1%82%D2%9B%D1%8B_(%D1%88%D0%B0%D0%BB%D2%93%D0%B0%D0%B9)_%D0%B6%D0%B0%D0%B1%D0%B4%D1%8B%D2%9B","//la.wikipedia.org/wiki/Periphericum","//hu.wikipedia.org/wiki/Perif%C3%A9ria","//mk.wikipedia.org/wiki/%D0%9F%D0%B5%D1%80%D0%B8%D1%84%D0%B5%D1%80%D0%B5%D0%BD_%D1%83%D1%80%D0%B5%D0%B4","//mt.wikipedia.org/wiki/Apparat_Periferali","//ms.wikipedia.org/wiki/Persisian","//nl.wikipedia.org/wiki/Randapparaat","//ja.wikipedia.org/wiki/%E5%91%A8%E8%BE%BA%E6%A9%9F%E5%99%A8","//mhr.wikipedia.org/wiki/%D0%A2%D3%B1%D0%B6%D0%B2%D0%B0%D0%BB%D1%8F%D0%B2%D0%B0%D0%BB%D0%B0","//pl.wikipedia.org/wiki/Urz%C4%85dzenie_peryferyjne","//pt.wikipedia.org/wiki/Perif%C3%A9rico","//ro.wikipedia.org/wiki/Periferic","//ru.wikipedia.org/wiki/%D0%9F%D0%B5%D1%80%D0%B8%D1%84%D0%B5%D1%80%D0%B8%D0%B9%D0%BD%D0%BE%D0%B5_%D1%83%D1%81%D1%82%D1%80%D0%BE%D0%B9%D1%81%D1%82%D0%B2%D0%BE","//sq.wikipedia.org/wiki/Pajisjet_periferike_(informatik%C3%AB)","//simple.wikipedia.org/wiki/Peripheral_equipment","//sk.wikipedia.org/wiki/Perif%C3%A9rne_zariadenie","//sl.wikipedia.org/wiki/Periferna_naprava","//fi.wikipedia.org/wiki/Oheislaite","//sv.wikipedia.org/wiki/Kringutrustning","//uk.wikipedia.org/wiki/%D0%9F%D0%B5%D1%80%D0%B8%D1%84%D0%B5%D1%80%D1%96%D0%B9%D0%BD%D0%B8%D0%B9_%D0%BF%D1%80%D0%B8%D1%81%D1%82%D1%80%D1%96%D0%B9","//ur.wikipedia.org/wiki/%D9%85%D9%84%D8%AD%D9%82%DB%81_%D8%A7%D9%90%D8%AE%D8%AA%D8%B1%D8%A7%D8%B9","//vi.wikipedia.org/wiki/Thi%E1%BA%BFt_b%E1%BB%8B_ngo%E1%BA%A1i_vi","//zh.wikipedia.org/wiki/%E5%A4%96%E9%83%A8%E8%AE%BE%E5%A4%87","//www.wikidata.org/wiki/Special:ItemByTitle/enwiki/Peripheral","//en.wikipedia.org/wiki/Wikipedia:Text_of_Creative_Commons_Attribution-ShareAlike_3.0_Unported_License","//creativecommons.org/licenses/by-sa/3.0/","//wikimediafoundation.org/wiki/Terms_of_Use","//www.wikimediafoundation.org/","//en.wikipedia.org/wiki/Wikipedia:Contact_us","//wikimediafoundation.org/wiki/Privacy_policy","/wiki/Wikipedia:About","/wiki/Wikipedia:General_disclaimer","http://en.m.wikipedia.org/wiki/Peripheral","//wikimediafoundation.org/","//bits.wikimedia.org/images/wikimedia-button.png","//www.mediawiki.org/","//bits.wikimedia.org/static-1.21wmf10/skins/common/images/poweredby_mediawiki_88x31.png","//bits.wikimedia.org/en.wikipedia.org/load.php?debug=false&lang=en&modules=skins.vector&only=scripts&skin=vector&*","/w/index.php?title=MediaWiki:Gadget-ReferenceTooltips.js&action=raw&ctype=text/javascript&508635914","//bits.wikimedia.org/en.wikipedia.org/load.php?debug=false&lang=en&modules=site&only=scripts&skin=vector&*"],"instances":["computing","computing","computing"],"pdf":[],"categories":["Computer peripherals|"],"headings":["Common peripherals","See also","References","External links"],"image":["//upload.wikimedia.org/wikipedia/en/thumb/f/f2/Edit-clear.svg/40px-Edit-clear.svg.png","//upload.wikimedia.org/wikipedia/commons/thumb/f/f8/Wiktionary-logo-en.svg/15px-Wiktionary-logo-en.svg.png","//bits.wikimedia.org/static-1.21wmf10/skins/vector/images/search-ltr.png?303-4","//bits.wikimedia.org/images/wikimedia-button.png","//bits.wikimedia.org/static-1.21wmf10/skins/common/images/poweredby_mediawiki_88x31.png"],"tags":[["keyboard","computing"],["keyboard","computing"],["printer","computing"],["controller","computing"]],"members":["controller","printer","keyboard"],"related":["Computer","Computer_architecture","Computer_mouse","Keyboard_(computing)","Hard_drive","Expansion_card","Graphics_card","Computer_printer","Image_scanner","Tape_drive","Microphone","Loudspeaker","Webcam","Digital_camera","Random_access_memory","Smartphone","Tablet_computer","Central_processing_unit","Power_supply","Motherboard","Computer_case","Internal_hard_drive","System_on_a_chip","Integrated_circuit","Central_processing_unit","Input/output","Keyboard_(computing)","Computer_mouse","Graphic_tablet","Touchscreen","Barcode_Reader","Image_scanner","Webcam","Input_device","Output","Display_device","Computer_display","Graphical_output_device","Printer_(computing)","Output_device","Computer_storage","External_hard_drive","Flash_drive","Disk_drive","Smartphone","Tablet_computer","CD-ROM","DVD-ROM","Storage_Devices","Computer_hardware","Controller_(computing)","Expansion_card","Video_game_accessory"]}