{"cursor":"8188","size":15,"audio":[],"currentlang":"en","article":"\n\nA 'feature film' is a film with a full-length running time. According to the\nAcademy of Motion Picture Arts and Sciences, American Film Institute, and\nBritish Film Institute, a feature film runs for 40 minutes or longer, while the\nScreen Actors Guild states that it is 80 minutes or longer.\n\nThe majority of feature films are between 70 and 210 minutes long. [[The Story\nof the Kelly Gang]] was the first feature film based on length, and was released\nin Australia in 1906. The first feature-length adaptation was [[Les MisÃ©rables\n(1909 film)|Les MisÃ©rables]] which was released in 1909.\n\nFeature films for children are usually between 70 and 105 minutes. Other early\nfeature films include a version of [[Oliver Twist]] (1912), [[Richard III (1912\nfilm)|Richard III]] (1912) and [[From the Manger to the Cross]] (1912).\n","linknr":222,"url":"Feature_film","recorded":1363472017,"links":["/w/index.php?title=Feature_film&action=edit","/w/index.php?title=Feature_film&action=edit","//en.wikipedia.org/apple-touch-icon.png","//bits.wikimedia.org/favicon/wikipedia.ico","/w/opensearch_desc.php","//en.wikipedia.org/w/api.php?action=rsd","//creativecommons.org/licenses/by-sa/3.0/","/w/index.php?title=Special:RecentChanges&feed=atom","//bits.wikimedia.org/en.wikipedia.org/load.php?debug=false&lang=en&modules=ext.gadget.DRN-wizard%2CReferenceTooltips%2Ccharinsert%2Cteahouse%7Cext.wikihiero%7Cmediawiki.legacy.commonPrint%2Cshared%7Cmw.PopUpMediaTransform%7Cskins.vector&only=styles&skin=vector&*","//bits.wikimedia.org/en.wikipedia.org/load.php?debug=false&lang=en&modules=site&only=styles&skin=vector&*","//bits.wikimedia.org/en.wikipedia.org/load.php?debug=false&lang=en&modules=startup&only=scripts&skin=vector&*","//bits.wikimedia.org/geoiplookup","//meta.wikimedia.org","#mw-head","#p-search","//upload.wikimedia.org/wikipedia/en/thumb/9/99/Question_book-new.svg/50px-Question_book-new.svg.png","//en.wikipedia.org/w/index.php?title=Feature_film&action=edit","/wiki/Help:Introduction_to_referencing/1","/wiki/Template:Citation_needed","/wiki/Wikipedia:Verifiability#Burden_of_evidence","/wiki/Film","/wiki/Academy_of_Motion_Picture_Arts_and_Sciences","/wiki/American_Film_Institute","/wiki/British_Film_Institute","/wiki/Screen_Actors_Guild","/wiki/The_Story_of_the_Kelly_Gang","/wiki/Film_adaptation","/wiki/Les_Mis%C3%A9rables_(1909_film)","/wiki/Oliver_Twist","/wiki/Richard_III_(1912_film)","/wiki/From_the_Manger_to_the_Cross","#Description","#History","#Digital_cinema","#References","/w/index.php?title=Feature_film&action=edit&section=1","/wiki/Feature_length","/wiki/Academy_of_Motion_Picture_Arts_and_Sciences","#cite_note-1","/wiki/American_Film_Institute","#cite_note-2","/wiki/British_Film_Institute","#cite_note-3","/wiki/Centre_National_de_la_Cin%C3%A9matographie","/wiki/Screen_Actors_Guild","#cite_note-4","/wiki/Wikipedia:Citation_needed","/wiki/Children%27s_film","/wiki/Wikipedia:Citation_needed","/wiki/Anthology_film","/wiki/Short_subject","/w/index.php?title=Feature_film&action=edit&section=2","/wiki/File:The_Story_of_the_Kelly_Gang_1906.jpg","//upload.wikimedia.org/wikipedia/commons/thumb/4/4f/The_Story_of_the_Kelly_Gang_1906.jpg/220px-The_Story_of_the_Kelly_Gang_1906.jpg","/wiki/File:The_Story_of_the_Kelly_Gang_1906.jpg","//bits.wikimedia.org/static-1.21wmf11/skins/common/images/magnify-clip.png","/wiki/Bushranger","/wiki/Ned_Kelly","/wiki/The_Story_of_the_Kelly_Gang","/wiki/Newsreel","/wiki/Serial_(film)","/wiki/Animated_cartoon","/wiki/Billing_(filmmaking)","/wiki/Reel","/wiki/Siegmund_Lubin","/wiki/Passion_Play","#cite_note-5","/wiki/Path%C3%A9","/wiki/The_Corbett-Fitzsimmons_Fight","#cite_note-6","/wiki/Australia","/wiki/The_Story_of_the_Kelly_Gang","#cite_note-PatrickRobertson-7","/wiki/L%27Enfant_prodigue_(film)","/wiki/Les_Mis%C3%A9rables_(1909_film)","#cite_note-PatrickRobertson-7","/wiki/Defence_of_Sevastopol","#cite_note-8","/wiki/With_Our_King_and_Queen_Through_India","/wiki/Kinemacolor","#cite_note-9","/wiki/Oliver_Twist","#cite_note-PatrickRobertson-7","/wiki/Oliver_Twist","/wiki/From_the_Manger_to_the_Cross","/wiki/Richard_III_(1912_film)","/wiki/Frederick_Warde","#cite_note-10","/wiki/Asian_cinema","#cite_note-PatrickRobertson_a-11","/wiki/Cinema_of_India","/wiki/Raja_Harishchandra","#cite_note-12","#cite_note-PatrickRobertson_a-11","#cite_note-PatrickRobertson_a-11","#cite_note-AmericanFilm-13","#cite_note-AmericanFilm-13","/wiki/Japan","/wiki/India","#cite_note-14","/wiki/Languages_of_India","#cite_note-15","/w/index.php?title=Feature_film&action=edit&section=3","/wiki/Digital_cinema","/wiki/Digital_cinema","/wiki/Communications_satellite","/wiki/Europe","#cite_note-16","#cite_note-17","#cite_note-18","/w/index.php?title=Feature_film&action=edit&section=4","#cite_ref-1","http://www.oscars.org/79academyawards/rules/rule02.html","#cite_ref-2","#cite_ref-3","/wiki/The_British_Film_Catalogue","#cite_ref-4","http://www.sagindie.org/docs/sag-modifiedlowbudget-2005wm.pdf","#cite_ref-5","#cite_ref-6","/wiki/Charles_Musser","#cite_ref-PatrickRobertson_7-0","#cite_ref-PatrickRobertson_7-1","#cite_ref-PatrickRobertson_7-2","/wiki/Special:BookSources/0823079430","#cite_ref-8","/wiki/Special:BookSources/0823079430","#cite_ref-9","/wiki/Special:BookSources/9780952394129","#cite_ref-10","/wiki/Special:BookSources/0823079430","#cite_ref-PatrickRobertson_a_11-0","#cite_ref-PatrickRobertson_a_11-1","#cite_ref-PatrickRobertson_a_11-2","/wiki/Special:BookSources/0823079430","#cite_ref-12","/wiki/Special:BookSources/0823079430","#cite_ref-AmericanFilm_13-0","#cite_ref-AmericanFilm_13-1","#cite_ref-14","#cite_ref-15","/wiki/Routledge","/wiki/International_Standard_Book_Number","/wiki/Special:BookSources/0-415-26268-2","#cite_ref-16","http://www.passeursdimages.fr/IMG/pdf/projections13.pdf","#cite_ref-17","http://www.01net.com/editorial/181540/premiere-numerique-pour-le-cinema-francais/","#cite_ref-18","http://www.internationalcinematechnologyassociation.com/presentations/FRANCE-TELECOM-DIGITAL%20CINEMA-ShowEast-31st-October-2001-Bernard-PAUCHON-Managing-Director-Digital-Cinema-Program.pdf","http://en.wikipedia.org/w/index.php?title=Feature_film&oldid=543700190","/wiki/Help:Categories","/wiki/Category:Film_production","/wiki/Category:Films_by_type","/wiki/Category:Australian_inventions","/wiki/Category:Articles_needing_additional_references_from_October_2009","/wiki/Category:All_articles_needing_additional_references","/wiki/Category:All_articles_with_unsourced_statements","/wiki/Category:Articles_with_unsourced_statements_from_February_2008","/wiki/Category:Articles_with_unsourced_statements_from_February_2007","/w/index.php?title=Special:UserLogin&returnto=Feature+film&type=signup","/w/index.php?title=Special:UserLogin&returnto=Feature+film","/wiki/Feature_film","/wiki/Talk:Feature_film","#","/wiki/Feature_film","/w/index.php?title=Feature_film&action=edit","/w/index.php?title=Feature_film&action=history","#","/w/index.php","//bits.wikimedia.org/static-1.21wmf11/skins/vector/images/search-ltr.png?303-4","/wiki/Main_Page","/wiki/Main_Page","/wiki/Portal:Contents","/wiki/Portal:Featured_content","/wiki/Portal:Current_events","/wiki/Special:Random","//donate.wikimedia.org/wiki/Special:FundraiserRedirector?utm_source=donate&utm_medium=sidebar&utm_campaign=C13_en.wikipedia.org&uselang=en","/wiki/Help:Contents","/wiki/Wikipedia:About","/wiki/Wikipedia:Community_portal","/wiki/Special:RecentChanges","/wiki/Wikipedia:Contact_us","/wiki/Special:WhatLinksHere/Feature_film","/wiki/Special:RecentChangesLinked/Feature_film","/wiki/Wikipedia:File_Upload_Wizard","/wiki/Special:SpecialPages","/w/index.php?title=Feature_film&oldid=543700190","/w/index.php?title=Feature_film&action=info","/w/index.php?title=Special:Cite&page=Feature_film&id=543700190","/w/index.php?title=Special:Book&bookcmd=book_creator&referer=Feature+film","/w/index.php?title=Special:Book&bookcmd=render_article&arttitle=Feature+film&oldid=543700190&writer=rl","/w/index.php?title=Feature_film&printable=yes","//da.wikipedia.org/wiki/Spillefilm","//de.wikipedia.org/wiki/Spielfilm","//es.wikipedia.org/wiki/Largometraje","//fr.wikipedia.org/wiki/Long_m%C3%A9trage","//it.wikipedia.org/wiki/Lungometraggio","//hu.wikipedia.org/wiki/J%C3%A1t%C3%A9kfilm","//ms.wikipedia.org/wiki/Filem_cetera","//nl.wikipedia.org/wiki/Langspeelfilm","//ja.wikipedia.org/wiki/%E3%83%95%E3%82%A3%E3%83%BC%E3%83%81%E3%83%A3%E3%83%BC%E6%98%A0%E7%94%BB","//no.wikipedia.org/wiki/Spillefilm","//pt.wikipedia.org/wiki/Longa-metragem","//ro.wikipedia.org/wiki/Film_de_lung_metraj","//sv.wikipedia.org/wiki/Spelfilm","//uk.wikipedia.org/wiki/%D0%9F%D0%BE%D0%B2%D0%BD%D0%BE%D0%BC%D0%B5%D1%82%D1%80%D0%B0%D0%B6%D0%BD%D0%B8%D0%B9_%D1%84%D1%96%D0%BB%D1%8C%D0%BC","//www.wikidata.org/wiki/Special:ItemByTitle/enwiki/Feature film","//en.wikipedia.org/wiki/Wikipedia:Text_of_Creative_Commons_Attribution-ShareAlike_3.0_Unported_License","//creativecommons.org/licenses/by-sa/3.0/","//wikimediafoundation.org/wiki/Terms_of_Use","//www.wikimediafoundation.org/","//wikimediafoundation.org/wiki/Privacy_policy","/wiki/Wikipedia:About","/wiki/Wikipedia:General_disclaimer","http://en.m.wikipedia.org/wiki/Feature_film","//wikimediafoundation.org/","//bits.wikimedia.org/images/wikimedia-button.png","//www.mediawiki.org/","//bits.wikimedia.org/static-1.21wmf11/skins/common/images/poweredby_mediawiki_88x31.png","//bits.wikimedia.org/en.wikipedia.org/load.php?debug=false&lang=en&modules=skins.vector&only=scripts&skin=vector&*","/w/index.php?title=MediaWiki:Gadget-ReferenceTooltips.js&action=raw&ctype=text/javascript&508635914","//bits.wikimedia.org/en.wikipedia.org/load.php?debug=false&lang=en&modules=site&only=scripts&skin=vector&*"],"instances":["film","filmmaking"],"pdf":["http://www.sagindie.org/docs/sag-modifiedlowbudget-2005wm.pdf","http://www.passeursdimages.fr/IMG/pdf/projections13.pdf","http://www.internationalcinematechnologyassociation.com/presentations/FRANCE-TELECOM-DIGITAL%20CINEMA-ShowEast-31st-October-2001-Bernard-PAUCHON-Managing-Director-Digital-Cinema-Program.pdf"],"categories":["Film production","Films by type","Australian inventions"],"headings":["Description","History","Digital cinema","References"],"image":["//upload.wikimedia.org/wikipedia/en/thumb/9/99/Question_book-new.svg/50px-Question_book-new.svg.png","//upload.wikimedia.org/wikipedia/commons/thumb/4/4f/The_Story_of_the_Kelly_Gang_1906.jpg/220px-The_Story_of_the_Kelly_Gang_1906.jpg","//bits.wikimedia.org/static-1.21wmf11/skins/common/images/magnify-clip.png","//bits.wikimedia.org/static-1.21wmf11/skins/vector/images/search-ltr.png?303-4","//bits.wikimedia.org/images/wikimedia-button.png","//bits.wikimedia.org/static-1.21wmf11/skins/common/images/poweredby_mediawiki_88x31.png"],"tags":[["serial","film"],["billing","filmmaking"]],"members":["serial","billing"],"related":["Film","Academy_of_Motion_Picture_Arts_and_Sciences","American_Film_Institute","British_Film_Institute","Screen_Actors_Guild","Film_adaptation","Academy_of_Motion_Picture_Arts_and_Sciences","American_Film_Institute","British_Film_Institute","Centre_National_de_la_Cinématographie","Screen_Actors_Guild","Children's_film","Anthology_film","Short_subject","Ned_Kelly","Newsreel","Serial_(film)","Animated_cartoon","Billing_(filmmaking)","Reel","Siegmund_Lubin","Passion_Play","The_Corbett-Fitzsimmons_Fight","Australia","Kinemacolor","Frederick_Warde","Asian_cinema","Cinema_of_India","Japan","India","Languages_of_India","Digital_cinema","Communications_satellite","Europe"]}