{"cursor":"9243","size":15,"audio":[],"currentlang":"en","article":" loco of the Schynige Platte Railway in Schynige Platte, built in 1911]] A\n 'pantograph' (or \"'pan'\") is an apparatus mounted on the roof of an electric\n train or tram to collect power through contact with an overhead catenary wire.\n Typically a single wire is used, with the return current running through the\n track. The term stems from the resemblance of some styles to the mechanical\n pantographs used for copying handwriting and drawings.\n","linknr":258,"url":"Pantograph_(rail)","recorded":1362688656,"links":43,"instances":["electricity","san_francisco_bay_area","mbta_station"],"pdf":[],"categories":["Locomotive parts","Rail technologies","Tram technology","Pantographs (rail)|"],"headings":["Invention","Modern use","Technical details","Single- and double-arm pantographs","Metro systems and overhead lines","See also","References"],"image":["//upload.wikimedia.org/wikipedia/commons/thumb/d/d9/Schynige_Platte_diamond_pantograph.jpg/240px-Schynige_Platte_diamond_pantograph.jpg","//bits.wikimedia.org/static-1.21wmf10/skins/common/images/magnify-clip.png","//upload.wikimedia.org/wikipedia/commons/thumb/2/26/B%26O_pantograph.png/200px-B%26O_pantograph.png","//bits.wikimedia.org/static-1.21wmf10/skins/common/images/magnify-clip.png","//upload.wikimedia.org/wikipedia/commons/thumb/3/3b/StrassenbahnPantograph.jpg/220px-StrassenbahnPantograph.jpg","//bits.wikimedia.org/static-1.21wmf10/skins/common/images/magnify-clip.png","//upload.wikimedia.org/wikipedia/commons/thumb/2/29/2_Pantograph.jpg/220px-2_Pantograph.jpg","//bits.wikimedia.org/static-1.21wmf10/skins/common/images/magnify-clip.png","//upload.wikimedia.org/wikipedia/commons/thumb/5/5f/Pant_Vienna_III.JPG/200px-Pant_Vienna_III.JPG","//bits.wikimedia.org/static-1.21wmf10/skins/common/images/magnify-clip.png","//upload.wikimedia.org/wikipedia/commons/thumb/f/ff/ICE_S_Messstromabnehmer.jpg/220px-ICE_S_Messstromabnehmer.jpg","//bits.wikimedia.org/static-1.21wmf10/skins/common/images/magnify-clip.png","//upload.wikimedia.org/wikipedia/commons/thumb/1/12/PragueStreetcar.agr.jpg/220px-PragueStreetcar.agr.jpg","//bits.wikimedia.org/static-1.21wmf10/skins/common/images/magnify-clip.png","//upload.wikimedia.org/wikipedia/en/thumb/4/4a/Commons-logo.svg/30px-Commons-logo.svg.png","//bits.wikimedia.org/static-1.21wmf10/skins/vector/images/search-ltr.png?303-4","//bits.wikimedia.org/images/wikimedia-button.png","//bits.wikimedia.org/static-1.21wmf10/skins/common/images/poweredby_mediawiki_88x31.png"],"tags":[["east_bay","san_francisco_bay_area"],["ground","electricity"],["wonderland","mbta_station"]],"members":["ground","east_bay","wonderland"],"related":["Schynige_Platte_Railway","Schynige_Platte","Train","Tram","Overhead_line","Pantograph","Siemens","Key_System","Commuting","San_Francisco,_California","East_Bay_(San_Francisco_Bay_Area)","San_Francisco_Bay_Area","California","Trolley_pole","Overhead_line","British_Rail_Class_360","Suvarnabhumi_Airport_Link","TGV","SBB-CFF-FFS","ÖBB","SBB-CFF-FFS_Re_460","EuroSprinter","Electric_rail","Overhead_catenary","Ground_(electricity)","Standing_wave","Trolley_pole","Trolleybus","Toronto_Streetcar_System","Third_rail","Electric_arc","USSR","Trolley_pole","Prague","Rapid_transit","Third_rail","MBTA_Green_Line","Bordeaux","Ground-level_power_supply","MBTA_Blue_Line","Wonderland_(MBTA_station)","Barcelona_Metro","Shanghai_Metro","Hong_Kong_MTR","Seoul_Metropolitan_Subway","Nord-Sud_Company","Compagnie_du_chemin_de_fer_métropolitain_de_Paris","Oslo","Bow_collector","Current_collector","Railway_electrification_system"]}