{"cursor":"8366","size":15,"audio":[],"currentlang":"en","article":"The 'Canadian Home Video Rating System' ('CHVRS') is a voluntary rating\nclassification system applied to home video products such as VHS and DVDs. It is\nadministered by the Canadian Motion Picture Distributors Association (CMPDA) and\nas such they appear on American home videos distributed in Canada and not\ngenuine Canadian home videos. Ratings are \"averaged\" from those assigned by\nparticipating provincial film boards: Alberta, British Columbia, Manitoba,\nMaritimes (New Brunswick, Nova Scotia and Prince Edward Island), Ontario and\nSaskatchewan (whose ratings are determined by British Columbia) and applied by\nthe distributor to home video packaging.\n","linknr":123,"url":"Canadian_Home_Video_Rating_System","recorded":1363472340,"links":["/w/index.php?title=Canadian_Home_Video_Rating_System&action=edit","/w/index.php?title=Canadian_Home_Video_Rating_System&action=edit","//en.wikipedia.org/apple-touch-icon.png","//bits.wikimedia.org/favicon/wikipedia.ico","/w/opensearch_desc.php","//en.wikipedia.org/w/api.php?action=rsd","//creativecommons.org/licenses/by-sa/3.0/","/w/index.php?title=Special:RecentChanges&feed=atom","//bits.wikimedia.org/en.wikipedia.org/load.php?debug=false&lang=en&modules=ext.gadget.DRN-wizard%2CReferenceTooltips%2Ccharinsert%2Cteahouse%7Cext.wikihiero%7Cmediawiki.legacy.commonPrint%2Cshared%7Cmw.PopUpMediaTransform%7Cskins.vector&only=styles&skin=vector&*","//bits.wikimedia.org/en.wikipedia.org/load.php?debug=false&lang=en&modules=site&only=styles&skin=vector&*","//bits.wikimedia.org/en.wikipedia.org/load.php?debug=false&lang=en&modules=startup&only=scripts&skin=vector&*","//bits.wikimedia.org/geoiplookup","//meta.wikimedia.org","#mw-head","#p-search","/wiki/Home_video","/wiki/VHS","/wiki/DVD","/wiki/Canadian_Motion_Picture_Distributors_Association","/wiki/Motion_picture_rating_system#Canada","/w/index.php?title=Alberta_Film_Ratings&action=edit&redlink=1","/wiki/British_Columbia_Film_Classification_Office","/wiki/Manitoba_Film_Classification_Board","/wiki/Maritime_Film_Classification_Board","/wiki/New_Brunswick","/wiki/Nova_Scotia","/wiki/Prince_Edward_Island","/wiki/Ontario_Film_Review_Board","/wiki/Saskatchewan_Film_and_Video_Classification_Board","#Canadian_Home_Video_Ratings_System","#Classifications","#Information_Pieces","#Process","#Notes","#References","#External_links","/w/index.php?title=Canadian_Home_Video_Rating_System&action=edit&section=1","/wiki/Canadian_motion_picture_rating_system","/wiki/Canada","/wiki/Motion_pictures","/wiki/Saskatchewan","/wiki/Manitoba","/wiki/Maritimes","/wiki/British_Columbia","/wiki/Alberta","/wiki/Ontario","/wiki/Adult_video","/wiki/Quebec","/wiki/R%C3%A9gie_du_cin%C3%A9ma_(Quebec)","/w/index.php?title=Canadian_Home_Video_Rating_System&action=edit&section=2","/wiki/File:Canadianratings.png","//upload.wikimedia.org/wikipedia/en/4/42/Canadianratings.png","/wiki/File:Canadianratings.png","//bits.wikimedia.org/static-1.21wmf9/skins/common/images/magnify-clip.png","/w/index.php?title=Canadian_Home_Video_Rating_System&action=edit&section=3","/w/index.php?title=Canadian_Home_Video_Rating_System&action=edit&section=4","/w/index.php?title=Canadian_Home_Video_Rating_System&action=edit&section=5","/wiki/Wikipedia:Citation_needed","/w/index.php?title=Canadian_Home_Video_Rating_System&action=edit&section=6","/wiki/File:Question_book-new.svg","//upload.wikimedia.org/wikipedia/en/thumb/9/99/Question_book-new.svg/50px-Question_book-new.svg.png","/wiki/Wikipedia:Citing_sources","/wiki/Wikipedia:Verifiability","//en.wikipedia.org/w/index.php?title=Canadian_Home_Video_Rating_System&action=edit","/wiki/Help:Introduction_to_referencing/1","/wiki/Wikipedia:Verifiability#Burden_of_evidence","/w/index.php?title=Canadian_Home_Video_Rating_System&action=edit&section=7","http://www.cmpda.ca/jsp/video.jsp","http://en.wikipedia.org/w/index.php?title=Canadian_Home_Video_Rating_System&oldid=540095355","/wiki/Help:Categories","/wiki/Category:Canadian_motion_picture_rating_systems","/wiki/Category:All_articles_with_unsourced_statements","/wiki/Category:Articles_with_unsourced_statements_from_October_2010","/wiki/Category:Articles_lacking_sources_from_November_2009","/wiki/Category:All_articles_lacking_sources","/w/index.php?title=Special:UserLogin&returnto=Canadian+Home+Video+Rating+System&type=signup","/w/index.php?title=Special:UserLogin&returnto=Canadian+Home+Video+Rating+System","/wiki/Canadian_Home_Video_Rating_System","/wiki/Talk:Canadian_Home_Video_Rating_System","#","/wiki/Canadian_Home_Video_Rating_System","/w/index.php?title=Canadian_Home_Video_Rating_System&action=edit","/w/index.php?title=Canadian_Home_Video_Rating_System&action=history","#","/w/index.php","//bits.wikimedia.org/static-1.21wmf10/skins/vector/images/search-ltr.png?303-4","/wiki/Main_Page","/wiki/Main_Page","/wiki/Portal:Contents","/wiki/Portal:Featured_content","/wiki/Portal:Current_events","/wiki/Special:Random","//donate.wikimedia.org/wiki/Special:FundraiserRedirector?utm_source=donate&utm_medium=sidebar&utm_campaign=C13_en.wikipedia.org&uselang=en","/wiki/Help:Contents","/wiki/Wikipedia:About","/wiki/Wikipedia:Community_portal","/wiki/Special:RecentChanges","/wiki/Wikipedia:Contact_us","/wiki/Special:WhatLinksHere/Canadian_Home_Video_Rating_System","/wiki/Special:RecentChangesLinked/Canadian_Home_Video_Rating_System","/wiki/Wikipedia:File_Upload_Wizard","/wiki/Special:SpecialPages","/w/index.php?title=Canadian_Home_Video_Rating_System&oldid=540095355","/w/index.php?title=Canadian_Home_Video_Rating_System&action=info","/w/index.php?title=Special:Cite&page=Canadian_Home_Video_Rating_System&id=540095355","/w/index.php?title=Special:Book&bookcmd=book_creator&referer=Canadian+Home+Video+Rating+System","/w/index.php?title=Special:Book&bookcmd=render_article&arttitle=Canadian+Home+Video+Rating+System&oldid=540095355&writer=rl","/w/index.php?title=Canadian_Home_Video_Rating_System&printable=yes","//en.wikipedia.org/wiki/Wikipedia:Text_of_Creative_Commons_Attribution-ShareAlike_3.0_Unported_License","//creativecommons.org/licenses/by-sa/3.0/","//wikimediafoundation.org/wiki/Terms_of_Use","//www.wikimediafoundation.org/","//en.wikipedia.org/wiki/Wikipedia:Contact_us","//wikimediafoundation.org/wiki/Privacy_policy","/wiki/Wikipedia:About","/wiki/Wikipedia:General_disclaimer","http://en.m.wikipedia.org/wiki/Canadian_Home_Video_Rating_System","//wikimediafoundation.org/","//bits.wikimedia.org/images/wikimedia-button.png","//www.mediawiki.org/","//bits.wikimedia.org/static-1.21wmf10/skins/common/images/poweredby_mediawiki_88x31.png","//bits.wikimedia.org/en.wikipedia.org/load.php?debug=false&lang=en&modules=skins.vector&only=scripts&skin=vector&*","/w/index.php?title=MediaWiki:Gadget-ReferenceTooltips.js&action=raw&ctype=text/javascript&508635914","//bits.wikimedia.org/en.wikipedia.org/load.php?debug=false&lang=en&modules=site&only=scripts&skin=vector&*"],"instances":["quebec"],"pdf":[],"categories":["Canadian motion picture rating systems|Video"],"headings":["Canadian Home Video Ratings System","Classifications","Information Pieces","Process","Notes","References","External links"],"image":["//upload.wikimedia.org/wikipedia/en/4/42/Canadianratings.png","//bits.wikimedia.org/static-1.21wmf9/skins/common/images/magnify-clip.png","//upload.wikimedia.org/wikipedia/en/thumb/9/99/Question_book-new.svg/50px-Question_book-new.svg.png","//bits.wikimedia.org/static-1.21wmf10/skins/vector/images/search-ltr.png?303-4","//bits.wikimedia.org/images/wikimedia-button.png","//bits.wikimedia.org/static-1.21wmf10/skins/common/images/poweredby_mediawiki_88x31.png"],"tags":[["régie_du_cinéma","quebec"]],"members":["régie_du_cinéma"],"related":["Home_video","VHS","DVD","Canadian_Motion_Picture_Distributors_Association","Alberta_Film_Ratings","British_Columbia_Film_Classification_Office","Manitoba_Film_Classification_Board","Maritime_Film_Classification_Board","New_Brunswick","Nova_Scotia","Prince_Edward_Island","Ontario_Film_Review_Board","Saskatchewan_Film_and_Video_Classification_Board","Canada","Motion_pictures","Saskatchewan","Manitoba","Maritimes","British_Columbia","Alberta","Ontario","Adult_video","Quebec","Régie_du_cinéma_(Quebec)"]}