{"cursor":"2585","size":15,"audio":[],"currentlang":"en","article":"A 'chalcogenide' is a chemical compound consisting of at least one chalcogen ion\nand at least one more electropositive element. Although all group 16 elements of\nthe periodic table are defined as chalcogens, the term is more commonly reserved\nfor sulfides, selenides, and tellurides, rather than oxides.\n\nPhotoconductive chalcogenide glasses are used in xerography and television.\n\nAn optical processing chip using a chalcogenide as a photodetector has been\ndeveloped by The University of Sydney with potential to speed up links between\noptical fibre networks and computers. *\n[http://www.smh.com.au/articles/2008/07/09/1215282927991.html Chip may speed up\ninternet 100 times] Deborah Smith for Sydney Morning Herald July 10, 2008\n","linknr":123,"url":"Chalcogenide","recorded":1363127444,"links":["/w/index.php?title=Chalcogenide&action=edit","/w/index.php?title=Chalcogenide&action=edit","//en.wikipedia.org/apple-touch-icon.png","//bits.wikimedia.org/favicon/wikipedia.ico","/w/opensearch_desc.php","//en.wikipedia.org/w/api.php?action=rsd","//creativecommons.org/licenses/by-sa/3.0/","/w/index.php?title=Special:RecentChanges&feed=atom","//bits.wikimedia.org/en.wikipedia.org/load.php?debug=false&lang=en&modules=ext.gadget.DRN-wizard%2CReferenceTooltips%2Ccharinsert%2Cteahouse%7Cext.wikihiero%7Cmediawiki.legacy.commonPrint%2Cshared%7Cmw.PopUpMediaTransform%7Cskins.vector&only=styles&skin=vector&*","//bits.wikimedia.org/en.wikipedia.org/load.php?debug=false&lang=en&modules=site&only=styles&skin=vector&*","//bits.wikimedia.org/en.wikipedia.org/load.php?debug=false&lang=en&modules=startup&only=scripts&skin=vector&*","//bits.wikimedia.org/geoiplookup","//meta.wikimedia.org","#mw-head","#p-search","/wiki/Chalcogen","/wiki/Electropositive","/wiki/Group_16_element","/wiki/Sulfide","/wiki/Selenide","/wiki/Telluride_(chemistry)","/wiki/Oxide","/wiki/Photoconductivity","/wiki/Chalcogenide_glass","/wiki/Xerography","/wiki/Television","/wiki/Wikipedia:Citation_needed","#cite_note-1","#Examples","#See_also","#External_links","#References","/w/index.php?title=Chalcogenide&action=edit&section=1","/wiki/Cadmium_telluride","/wiki/Indium_sulfide","/wiki/Zinc_telluride","/wiki/Sodium_selenide","/w/index.php?title=Chalcogenide&action=edit&section=2","/wiki/Phase-change_memory","/wiki/Chalcogen","/wiki/Negative_resistance","/w/index.php?title=Chalcogenide&action=edit&section=3","http://scienceblog.com/45604/phase-change-memory-based-monetasystem-points-to-the-future-of-computer-storage/","http://www.spacemart.com/reports/Tiny_Chip_Demonstrates_Big_Memory_in_Cosmos_999.html","http://www.opticsinfobase.org/abstract.cfm?URI=oe-17-4-2182","http://www.theregister.co.uk/2010/02/12/earth_abundant_solar_cells/","/w/index.php?title=Chalcogenide&action=edit&section=4","#cite_ref-1","http://www.smh.com.au/articles/2008/07/09/1215282927991.html","/wiki/File:Nuvola_apps_edu_science.svg","//upload.wikimedia.org/wikipedia/commons/thumb/5/59/Nuvola_apps_edu_science.svg/35px-Nuvola_apps_edu_science.svg.png","/wiki/Inorganic_chemistry","/wiki/Chemical_compound","/wiki/Wikipedia:Stub","//en.wikipedia.org/w/index.php?title=Chalcogenide&action=edit","/wiki/Template:Inorganic-compound-stub","/wiki/Template_talk:Inorganic-compound-stub","//en.wikipedia.org/w/index.php?title=Template:Inorganic-compound-stub&action=edit","http://en.wikipedia.org/w/index.php?title=Chalcogenide&oldid=505270604","/wiki/Help:Categories","/wiki/Category:Chalcogenides","/wiki/Category:Inorganic_compound_stubs","/wiki/Category:All_articles_with_unsourced_statements","/wiki/Category:Articles_with_unsourced_statements_from_December_2007","/w/index.php?title=Special:UserLogin&returnto=Chalcogenide&type=signup","/w/index.php?title=Special:UserLogin&returnto=Chalcogenide","/wiki/Chalcogenide","/wiki/Talk:Chalcogenide","#","/wiki/Chalcogenide","/w/index.php?title=Chalcogenide&action=edit","/w/index.php?title=Chalcogenide&action=history","#","/w/index.php","//bits.wikimedia.org/static-1.21wmf11/skins/vector/images/search-ltr.png?303-4","/wiki/Main_Page","/wiki/Main_Page","/wiki/Portal:Contents","/wiki/Portal:Featured_content","/wiki/Portal:Current_events","/wiki/Special:Random","//donate.wikimedia.org/wiki/Special:FundraiserRedirector?utm_source=donate&utm_medium=sidebar&utm_campaign=C13_en.wikipedia.org&uselang=en","/wiki/Help:Contents","/wiki/Wikipedia:About","/wiki/Wikipedia:Community_portal","/wiki/Special:RecentChanges","/wiki/Wikipedia:Contact_us","/wiki/Special:WhatLinksHere/Chalcogenide","/wiki/Special:RecentChangesLinked/Chalcogenide","/wiki/Wikipedia:File_Upload_Wizard","/wiki/Special:SpecialPages","/w/index.php?title=Chalcogenide&oldid=505270604","/w/index.php?title=Chalcogenide&action=info","/w/index.php?title=Special:Cite&page=Chalcogenide&id=505270604","/w/index.php?title=Special:Book&bookcmd=book_creator&referer=Chalcogenide","/w/index.php?title=Special:Book&bookcmd=render_article&arttitle=Chalcogenide&oldid=505270604&writer=rl","/w/index.php?title=Chalcogenide&printable=yes","//de.wikipedia.org/wiki/Chalkogenide","//fr.wikipedia.org/wiki/Chalcog%C3%A9nure","//ko.wikipedia.org/wiki/%EC%B9%BC%EC%BD%94%EA%B2%8C%EB%82%98%EC%9D%B4%EB%93%9C","//nl.wikipedia.org/wiki/Chalcogeniden","//ja.wikipedia.org/wiki/%E3%82%AB%E3%83%AB%E3%82%B3%E3%82%B2%E3%83%B3%E5%8C%96%E7%89%A9","//pl.wikipedia.org/wiki/Chalkogenki","//pt.wikipedia.org/wiki/Calcogeneto","//ru.wikipedia.org/wiki/%D0%A5%D0%B0%D0%BB%D1%8C%D0%BA%D0%BE%D0%B3%D0%B5%D0%BD%D0%B8%D0%B4%D1%8B","//uk.wikipedia.org/wiki/%D0%A5%D0%B0%D0%BB%D1%8C%D0%BA%D0%BE%D0%B3%D0%B5%D0%BD%D1%96%D0%B4%D0%B8","//zh.wikipedia.org/wiki/%E7%A1%AB%E6%97%8F%E5%8C%96%E7%89%A9","//www.wikidata.org/wiki/Special:ItemByTitle/enwiki/Chalcogenide","//en.wikipedia.org/wiki/Wikipedia:Text_of_Creative_Commons_Attribution-ShareAlike_3.0_Unported_License","//creativecommons.org/licenses/by-sa/3.0/","//wikimediafoundation.org/wiki/Terms_of_Use","//www.wikimediafoundation.org/","//en.wikipedia.org/wiki/Wikipedia:Contact_us","//wikimediafoundation.org/wiki/Privacy_policy","/wiki/Wikipedia:About","/wiki/Wikipedia:General_disclaimer","http://en.m.wikipedia.org/wiki/Chalcogenide","//wikimediafoundation.org/","//bits.wikimedia.org/images/wikimedia-button.png","//www.mediawiki.org/","//bits.wikimedia.org/static-1.21wmf11/skins/common/images/poweredby_mediawiki_88x31.png","//bits.wikimedia.org/en.wikipedia.org/load.php?debug=false&lang=en&modules=skins.vector&only=scripts&skin=vector&*","/w/index.php?title=MediaWiki:Gadget-ReferenceTooltips.js&action=raw&ctype=text/javascript&508635914","//bits.wikimedia.org/en.wikipedia.org/load.php?debug=false&lang=en&modules=site&only=scripts&skin=vector&*"],"instances":["chemistry"],"pdf":[],"categories":["Chalcogenides|"],"headings":["Examples","See also","External links"],"image":["//upload.wikimedia.org/wikipedia/commons/thumb/5/59/Nuvola_apps_edu_science.svg/35px-Nuvola_apps_edu_science.svg.png","//bits.wikimedia.org/static-1.21wmf11/skins/vector/images/search-ltr.png?303-4","//bits.wikimedia.org/images/wikimedia-button.png","//bits.wikimedia.org/static-1.21wmf11/skins/common/images/poweredby_mediawiki_88x31.png"],"tags":[["telluride","chemistry"]],"members":["telluride"],"related":["Chalcogen","Electropositive","Group_16_element","Sulfide","Selenide","Telluride_(chemistry)","Oxide","Photoconductivity","Chalcogenide_glass","Xerography","Television","Cadmium_telluride","Indium_sulfide","Zinc_telluride","Sodium_selenide","Phase-change_memory","Chalcogen","Negative_resistance"]}