{"cursor":"13325","size":15,"audio":[],"currentlang":"en","article":"\n'Manufacturing' is the production of goods for use or sale using labor and\nmachines, tools, chemical and biological processing, or formulation. The term\nmay refer to a range of human activity, from handicraft to high tech, but is\nmost commonly applied to industrial production, in which raw materials are\ntransformed into finished goods on a large scale. Such finished goods may be\nused for manufacturing other, more complex products, such as aircraft, household\nappliances or automobiles, or sold to wholesalers, who in turn sell them to\nretailers, who then sell them to end users â the \"consumers\".\n\nManufacturing takes turns under all types of economic systems. In a free market\neconomy, manufacturing is usually directed toward the mass production of\nproducts for sale to consumers at a profit. In a collectivist economy,\nmanufacturing is more frequently directed by the state to supply a centrally\nplanned economy. In mixed market economies, manufacturing occurs under some\ndegree of government regulation.\n\nModern manufacturing includes all intermediate processes required for the\nproduction and integration of a product's components. Some industries, such as\nsemiconductor and steel manufacturers use the term fabrication instead.\n\nThe manufacturing sector is closely connected with engineering and industrial\ndesign. Examples of major manufacturers in North America include General Motors\nCorporation, General Electric, and Pfizer. Examples in Europe include Volkswagen\nGroup, Siemens, and Michelin. Examples in Asia include Toyota, Samsung, and\nBridgestone.\n","linknr":564,"url":"manufacturing","recorded":1363186045,"links":["/w/index.php?title=Manufacturing&action=edit","/w/index.php?title=Manufacturing&action=edit","//en.wikipedia.org/apple-touch-icon.png","//bits.wikimedia.org/favicon/wikipedia.ico","/w/opensearch_desc.php","//en.wikipedia.org/w/api.php?action=rsd","//creativecommons.org/licenses/by-sa/3.0/","/w/index.php?title=Special:RecentChanges&feed=atom","//bits.wikimedia.org/en.wikipedia.org/load.php?debug=false&lang=en&modules=ext.gadget.DRN-wizard%2CReferenceTooltips%2Ccharinsert%2Cteahouse%7Cext.wikihiero%7Cmediawiki.legacy.commonPrint%2Cshared%7Cmw.PopUpMediaTransform%7Cskins.vector&only=styles&skin=vector&*","//bits.wikimedia.org/en.wikipedia.org/load.php?debug=false&lang=en&modules=site&only=styles&skin=vector&*","//bits.wikimedia.org/en.wikipedia.org/load.php?debug=false&lang=en&modules=startup&only=scripts&skin=vector&*","//bits.wikimedia.org/geoiplookup","//meta.wikimedia.org","#mw-head","#p-search","/wiki/File:Robocrane_Project.jpg","//upload.wikimedia.org/wikipedia/commons/thumb/7/7b/Robocrane_Project.jpg/220px-Robocrane_Project.jpg","/wiki/Machine","/wiki/Tool","/wiki/Handicraft","/wiki/High_tech_manufacturing","/wiki/Industry","/wiki/Raw_material","/wiki/Finished_good","/wiki/Aircraft","/wiki/Major_appliance","/wiki/Automobile","/wiki/Wholesale","/wiki/Retailer","/wiki/Consumer","/wiki/Economic_system","/wiki/Mass_production","/wiki/Product_(business)","/wiki/Consumer","/wiki/Collectivism#Economics","/wiki/Planned_economy","/wiki/Regulation","/wiki/Fabrication_(semiconductor)","/wiki/Fabrication_(metal)","/wiki/Engineering","/wiki/Industrial_design","/wiki/North_America","/wiki/General_Motors_Corporation","/wiki/General_Electric","/wiki/Pfizer","/wiki/Volkswagen_Group","/wiki/Siemens","/wiki/Michelin","/wiki/Toyota","/wiki/Samsung","/wiki/Bridgestone","#History_and_development","#Manufacturing_systems:_changes_in_methods_of_manufacturing","#Industrial_policy","#Economics_of_manufacturing","#Manufacturing_and_investment","#Countries_by_Manufacturing_output_using_the_most_recent_known_Data","#Manufacturing_processes","#Theories","#Control","#See_also","#References","#Sources","#External_links","/w/index.php?title=Manufacturing&action=edit&section=1","/wiki/Artisan","/wiki/Apprenticeship","/wiki/Guild","/wiki/Industrial_Revolution","/wiki/Agriculture","/wiki/Putting-out_system","/wiki/File:Boeing_787_Section_41_final_assembly.jpg","//upload.wikimedia.org/wikipedia/commons/thumb/4/4d/Boeing_787_Section_41_final_assembly.jpg/220px-Boeing_787_Section_41_final_assembly.jpg","/wiki/File:Boeing_787_Section_41_final_assembly.jpg","//bits.wikimedia.org/static-1.21wmf11/skins/common/images/magnify-clip.png","/wiki/Boeing_787_Dreamliner","/w/index.php?title=Manufacturing&action=edit&section=2","/wiki/Guild","/wiki/Agile_manufacturing","/wiki/American_system_of_manufacturing","/wiki/English_system_of_manufacturing","/wiki/Fabrication_(metal)","/wiki/Flexible_manufacturing","/wiki/Just_In_Time_(business)","/wiki/Lean_manufacturing","/wiki/Mass_customization","/wiki/Mass_production","/wiki/Ownership","/wiki/Packaging_and_labeling","/wiki/Prefabrication","/wiki/Putting-out_system","/wiki/Rapid_manufacturing","/wiki/Reconfigurable_manufacturing_system","/wiki/Soviet_collectivism","/w/index.php?title=Manufacturing&action=edit&section=3","/wiki/Industrial_policy","/w/index.php?title=Manufacturing&action=edit&section=4","/wiki/Service_Sector","#cite_note-1","#cite_note-2","/wiki/Emerging_technologies","/wiki/Manufacturing_Belt","/wiki/United_States","/wiki/Infrastructure","/wiki/Defense_(military)","/wiki/Hazardous_waste","/wiki/Workers","/wiki/Labor_laws","/wiki/Environmental_policy","/wiki/Labor_Unions","/wiki/Craft_guilds","/wiki/Third_world","/wiki/Tort_law","/wiki/Product_liability","/wiki/Fossil_fuel","#cite_note-3","/w/index.php?title=Manufacturing&action=edit&section=5","#cite_note-4","#cite_note-5","/wiki/Jeff_Immelt","/wiki/United_States","#cite_note-Immelt-6","#cite_note-7","#cite_note-8","/wiki/EEF_the_manufacturers_organisation","/w/index.php?title=Manufacturing&action=edit&section=6","/wiki/Worldbank","#cite_note-9","#cite_note-10","/wiki/Gross_world_product","//upload.wikimedia.org/wikipedia/commons/thumb/b/b7/Flag_of_Europe.svg/22px-Flag_of_Europe.svg.png","/wiki/European_Union","//upload.wikimedia.org/wikipedia/en/thumb/a/a4/Flag_of_the_United_States.svg/22px-Flag_of_the_United_States.svg.png","/wiki/United_States","//upload.wikimedia.org/wikipedia/commons/thumb/f/fa/Flag_of_the_People%27s_Republic_of_China.svg/22px-Flag_of_the_People%27s_Republic_of_China.svg.png","/wiki/China","/wiki/File:Logo_European_Central_Bank.svg","//upload.wikimedia.org/wikipedia/commons/thumb/c/cb/Logo_European_Central_Bank.svg/22px-Logo_European_Central_Bank.svg.png","/wiki/Eurozone","//upload.wikimedia.org/wikipedia/en/thumb/9/9e/Flag_of_Japan.svg/22px-Flag_of_Japan.svg.png","/wiki/Japan","//upload.wikimedia.org/wikipedia/en/thumb/b/ba/Flag_of_Germany.svg/22px-Flag_of_Germany.svg.png","/wiki/Germany","//upload.wikimedia.org/wikipedia/commons/thumb/0/09/Flag_of_South_Korea.svg/22px-Flag_of_South_Korea.svg.png","/wiki/South_Korea","//upload.wikimedia.org/wikipedia/en/thumb/0/05/Flag_of_Brazil.svg/22px-Flag_of_Brazil.svg.png","/wiki/Brazil","//upload.wikimedia.org/wikipedia/en/thumb/0/03/Flag_of_Italy.svg/22px-Flag_of_Italy.svg.png","/wiki/Italy","//upload.wikimedia.org/wikipedia/en/thumb/c/c3/Flag_of_France.svg/22px-Flag_of_France.svg.png","/wiki/France","//upload.wikimedia.org/wikipedia/en/thumb/f/f3/Flag_of_Russia.svg/22px-Flag_of_Russia.svg.png","/wiki/Russia","//upload.wikimedia.org/wikipedia/en/thumb/4/41/Flag_of_India.svg/22px-Flag_of_India.svg.png","/wiki/India","//upload.wikimedia.org/wikipedia/en/thumb/a/ae/Flag_of_the_United_Kingdom.svg/22px-Flag_of_the_United_Kingdom.svg.png","/wiki/United_Kingdom","//upload.wikimedia.org/wikipedia/commons/thumb/9/9f/Flag_of_Indonesia.svg/22px-Flag_of_Indonesia.svg.png","/wiki/Indonesia","//upload.wikimedia.org/wikipedia/commons/thumb/f/fc/Flag_of_Mexico.svg/22px-Flag_of_Mexico.svg.png","/wiki/Mexico","//upload.wikimedia.org/wikipedia/en/thumb/9/9a/Flag_of_Spain.svg/22px-Flag_of_Spain.svg.png","/wiki/Spain","//upload.wikimedia.org/wikipedia/en/thumb/c/cf/Flag_of_Canada.svg/22px-Flag_of_Canada.svg.png","/wiki/Canada","//upload.wikimedia.org/wikipedia/commons/thumb/b/b4/Flag_of_Turkey.svg/22px-Flag_of_Turkey.svg.png","/wiki/Turkey","//upload.wikimedia.org/wikipedia/commons/thumb/a/a9/Flag_of_Thailand.svg/22px-Flag_of_Thailand.svg.png","/wiki/Thailand","//upload.wikimedia.org/wikipedia/en/thumb/b/b9/Flag_of_Australia.svg/22px-Flag_of_Australia.svg.png","/wiki/Australia","//upload.wikimedia.org/wikipedia/commons/thumb/1/1a/Flag_of_Argentina.svg/22px-Flag_of_Argentina.svg.png","/wiki/Argentina","//upload.wikimedia.org/wikipedia/en/thumb/1/12/Flag_of_Poland.svg/22px-Flag_of_Poland.svg.png","/wiki/Poland","/w/index.php?title=Manufacturing&action=edit&section=7","/wiki/List_of_manufacturing_processes","/wiki/Manufacturing_Process_Management","/w/index.php?title=Manufacturing&action=edit&section=8","/wiki/Scientific_management","/wiki/Fordism","/w/index.php?title=Manufacturing&action=edit&section=9","/wiki/Management","/wiki/List_of_management_topics","/wiki/Total_Quality_Management","/wiki/Quality_control","/wiki/Six_Sigma","/w/index.php?title=Manufacturing&action=edit&section=10","/wiki/Outline_of_manufacturing","/wiki/Howstuffismade","/wiki/Metal_fabrication","/wiki/Microfabrication","/wiki/Optics_fabrication","/wiki/Semiconductor_device_fabrication","/w/index.php?title=Manufacturing&action=edit&section=11","#cite_ref-1","http://www.newamerica.net/publications/articles/2002/no_light_at_the_end_of_the_tunnel","http://www.newamerica.net/publications/articles/2002/no_light_at_the_end_of_the_tunnel","#cite_ref-2","/wiki/Sir_Keith_Joseph","http://www.margaretthatcher.org/commentary/displaydocument.asp?docid=110796","http://www.margaretthatcher.org/commentary/displaydocument.asp?docid=110796","#cite_ref-3","http://www.independent.co.uk/news/science/world-oil-supplies-are-set-to-run-out-faster-than-expected-warn-scientists-453068.html","#cite_ref-4","/wiki/Special:BookSources/9780906321256","#cite_ref-5","http://books.google.co.uk/books?id=4H07TL4rvyYC&dq=isbn:0906321255","/wiki/International_Standard_Book_Number","/wiki/Special:BookSources/978-0-906321-25-6","http://books.google.co.uk/books?id=4H07TL4rvyYC&dq=isbn:0906321255","#cite_ref-Immelt_6-0","http://www.guardian.co.uk/business/feedarticle/8578904","#cite_ref-7","http://www.brookings.edu/~/media/research/files/papers/2012/2/22%20manufacturing%20helper%20krueger%20wial/0222_manufacturing_helper_krueger_wial","#cite_ref-8","http://www.usatoday.com/money/economy/2007-04-20-4155011268_x.htm","#cite_ref-9","http://data.worldbank.org/indicator/NV.IND.MANF.CD/countries/1W?order=wbapi_data_value_2010%20wbapi_data_value&sort=desc&display=default","#cite_ref-10","http://data.worldbank.org/indicator/NV.IND.MANF.CD/countries/1W-EU-XC?display=graph","/w/index.php?title=Manufacturing&action=edit&section=12","/wiki/Prentice_Hall","/wiki/International_Standard_Book_Number","/wiki/Special:BookSources/0-13-148965-8","/w/index.php?title=Manufacturing&action=edit&section=13","//upload.wikimedia.org/wikipedia/commons/thumb/f/f8/Wiktionary-logo-en.svg/37px-Wiktionary-logo-en.svg.png","//en.wiktionary.org/wiki/Special:Search/manufacturing","//upload.wikimedia.org/wikipedia/en/thumb/4/4a/Commons-logo.svg/30px-Commons-logo.svg.png","//commons.wikimedia.org/wiki/Category:Manufacturing","http://www.freetrade.org/node/737","http://manufacturing.stanford.edu","http://www.time.com/time/magazine/article/0,9171,1739309,00.html","http://www.internationalbusinessreport.com/files/ibr2008_manufacturing_lo.pdf","http://www.mfg.com/en/mfgwatch/","http://www.eef.org.uk/default.htm","http://www.industrytoday.com","/wiki/Template:Technology","/wiki/Template_talk:Technology","//en.wikipedia.org/w/index.php?title=Template:Technology&action=edit","/wiki/Technology","/wiki/Outline_of_technology","/wiki/Outline_of_applied_science","/wiki/Agriculture","/wiki/Agricultural_engineering","/wiki/Aquaculture","/wiki/Fisheries_science","/wiki/Food_chemistry","/wiki/Food_engineering","/wiki/Food_microbiology","/wiki/Food_technology","/wiki/Genetic_use_restriction_technology","/wiki/ICT_in_agriculture","/wiki/Nutrition","/wiki/Biomedical_technology","/wiki/Bioinformatics","/wiki/Biological_engineering","/wiki/Biomechatronics","/wiki/Biomedical_engineering","/wiki/Biotechnology","/wiki/Cheminformatics","/wiki/Genetic_engineering","/wiki/Healthcare_science","/wiki/Medical_research","/wiki/Medical_technology","/wiki/Nanomedicine","/wiki/Neuroscience","/wiki/Neurotechnology","/wiki/Pharmacology","/wiki/Reproductive_technology","/wiki/Tissue_engineering","/wiki/Construction","/wiki/Acoustical_engineering","/wiki/Architectural_engineering","/wiki/Building_services_engineering","/wiki/Civil_engineering","/wiki/Construction_engineering","/wiki/Domestic_technology","/wiki/Facade_engineering","/wiki/Fire_protection_engineering","/wiki/Safety_engineering","/wiki/Sanitary_engineering","/wiki/Structural_engineering","/wiki/Educational_technology","/wiki/Educational_software","/wiki/Digital_technologies_in_education","/wiki/Information_and_communication_technologies_in_education","/wiki/Impact_of_technology_on_the_educational_system","/wiki/Multimedia_learning","/wiki/Virtual_campus","/wiki/Virtual_education","/wiki/Energy_technology","/wiki/Nuclear_engineering","/wiki/Nuclear_technology","/wiki/Petroleum_engineering","/wiki/Soft_energy_technology","/wiki/Environmental_technology","/wiki/Clean_technology","/wiki/Clean_coal_technology","/wiki/Ecological_design","/wiki/Ecological_engineering","/wiki/Ecotechnology","/wiki/Environmental_engineering","/wiki/Environmental_engineering_science","/wiki/Green_building","/wiki/Green_nanotechnology","/wiki/Landscape_engineering","/wiki/Renewable_energy","/wiki/Sustainable_design","/wiki/Sustainable_engineering","/wiki/Industrial_technology","/wiki/Automation","/wiki/Business_informatics","/wiki/Engineering_management","/wiki/Enterprise_engineering","/wiki/Computational_finance","/wiki/Industrial_biotechnology","/wiki/Industrial_engineering","/wiki/Metallurgy","/wiki/Mining_engineering","/wiki/Productivity_improving_technologies_(historical)","/wiki/Research_and_development","/wiki/Information_and_communications_technology","/wiki/Artificial_intelligence","/wiki/Broadcast_engineering","/wiki/Computer_engineering","/wiki/Computer_science","/wiki/Information_technology","/wiki/Music_technology","/wiki/Ontology_engineering","/wiki/RF_engineering","/wiki/Software_engineering","/wiki/Telecommunications_engineering","/wiki/Visual_technology","/wiki/Military_technology","/wiki/Army_engineering_maintenance","/wiki/Electronic_warfare","/wiki/Military_communications","/wiki/Military_engineering","/wiki/Stealth_technology","/wiki/Transport","/wiki/Aerospace_engineering","/wiki/Automotive_engineering","/wiki/Naval_architecture","/wiki/Space_technology","/wiki/Traffic_engineering_(transportation)","/wiki/Transport_engineering","/wiki/Applied_science","/wiki/Cryogenics","/wiki/Electro-optics","/wiki/Electronics","/wiki/Engineering_geology","/wiki/Engineering_physics","/wiki/Hydraulics","/wiki/Materials_science","/wiki/Microtechnology","/wiki/Nanotechnology","/wiki/Engineering","/wiki/List_of_engineering_branches","/wiki/Audio_engineering","/wiki/Biochemical_engineering","/wiki/Ceramic_engineering","/wiki/Chemical_engineering","/wiki/Polymer_engineering","/wiki/Control_engineering","/wiki/Electrical_engineering","/wiki/Electronic_engineering","/wiki/Entertainment_technology","/wiki/Geotechnical_engineering","/wiki/Hydraulic_engineering","/wiki/Mechanical_engineering","/wiki/Mechatronics","/wiki/Optical_engineering","/wiki/Protein_engineering","/wiki/Quantum_technology","/wiki/Robotics","/wiki/Animatronics","/wiki/Systems_engineering","/wiki/Infrastructure","/wiki/Invention","/wiki/Timeline_of_historic_inventions","/wiki/Knowledge","/wiki/Machine","/wiki/Skill","/wiki/Craft","/wiki/Tool","/wiki/Gadget","/wiki/History_of_technology","/wiki/Outline_of_prehistoric_technology","/wiki/Neolithic_Revolution","/wiki/Ancient_technology","/wiki/Medieval_technology","/wiki/Renaissance_technology","/wiki/Industrial_Revolution","/wiki/Second_Industrial_Revolution","/wiki/Jet_Age","/wiki/Digital_Revolution","/wiki/Information_Age","/wiki/Theories_of_technology","/wiki/Appropriate_technology","/wiki/Critique_of_technology","/wiki/Diffusion_of_innovations","/wiki/Disruptive_innovation","/wiki/Dual-use_technology","/wiki/Ephemeralization","/wiki/Ethics_of_technology","/wiki/High_tech","/wiki/Hype_cycle","/wiki/Inevitability_thesis","/wiki/Low-technology","/wiki/Mature_technology","/wiki/Philosophy_of_technology","/wiki/Strategy_of_Technology","/wiki/Technicism","/wiki/Techno-progressivism","/wiki/Technocapitalism","/wiki/Technocentrism","/wiki/Technocracy","/wiki/Technocriticism","/wiki/Technoetic","/wiki/Technological_change","/wiki/Technological_convergence","/wiki/Technological_determinism","/wiki/Technological_escalation","/wiki/Technological_evolution","/wiki/Technological_fix","/wiki/Technological_innovation_system","/wiki/Technological_momentum","/wiki/Technological_nationalism","/wiki/Technological_rationality","/wiki/Technological_revival","/wiki/Technological_singularity","/wiki/Technological_somnambulism","/wiki/Technological_utopianism","/wiki/Technology_lifecycle","/wiki/Technology_acceptance_model","/wiki/Technology_adoption_lifecycle","/wiki/Technorealism","/wiki/Transhumanism","/wiki/Emerging_technologies","/wiki/List_of_emerging_technologies","/wiki/Fictional_technology","/wiki/Category:High-technology_business_districts","/wiki/Kardashev_scale","/wiki/List_of_technologies","/wiki/Category:Science_and_technology_by_country","/wiki/Technology_alignment","/wiki/Technology_assessment","/wiki/Technology_brokering","/wiki/Category:Technology_companies","/wiki/Technology_demonstration","/wiki/Technology_education","/wiki/Category:Technical_universities_and_colleges","/wiki/Technology_evangelist","/wiki/Technology_governance","/wiki/Technology_integration","/wiki/Technology_journalism","/wiki/Technology_management","/wiki/Technology_shock","/wiki/Technology_strategy","/wiki/Technology_and_society","/wiki/Technology_transfer","//upload.wikimedia.org/wikipedia/commons/thumb/8/89/Symbol_book_class2.svg/16px-Symbol_book_class2.svg.png","/wiki/Book:Technology","//upload.wikimedia.org/wikipedia/en/thumb/4/48/Folder_Hexagonal_Icon.svg/16px-Folder_Hexagonal_Icon.svg.png","/wiki/Category:Technology","//upload.wikimedia.org/wikipedia/en/thumb/4/4a/Commons-logo.svg/12px-Commons-logo.svg.png","//commons.wikimedia.org/wiki/Category:Technology","//upload.wikimedia.org/wikipedia/en/thumb/f/fd/Portal-puzzle.svg/16px-Portal-puzzle.svg.png","/wiki/Portal:Technology","//upload.wikimedia.org/wikipedia/commons/thumb/f/fa/Wikiquote-logo.svg/16px-Wikiquote-logo.svg.png","//en.wikiquote.org/wiki/Technology","http://en.wikipedia.org/w/index.php?title=Manufacturing&oldid=543664600","/wiki/Help:Categories","/wiki/Category:Industry","/wiki/Category:Manufacturing","/w/index.php?title=Special:UserLogin&returnto=Manufacturing&type=signup","/w/index.php?title=Special:UserLogin&returnto=Manufacturing","/wiki/Manufacturing","/wiki/Talk:Manufacturing","#","/wiki/Manufacturing","/w/index.php?title=Manufacturing&action=edit","/w/index.php?title=Manufacturing&action=history","#","/w/index.php","//bits.wikimedia.org/static-1.21wmf11/skins/vector/images/search-ltr.png?303-4","/wiki/Main_Page","/wiki/Main_Page","/wiki/Portal:Contents","/wiki/Portal:Featured_content","/wiki/Portal:Current_events","/wiki/Special:Random","//donate.wikimedia.org/wiki/Special:FundraiserRedirector?utm_source=donate&utm_medium=sidebar&utm_campaign=C13_en.wikipedia.org&uselang=en","/wiki/Help:Contents","/wiki/Wikipedia:About","/wiki/Wikipedia:Community_portal","/wiki/Special:RecentChanges","/wiki/Wikipedia:Contact_us","/wiki/Special:WhatLinksHere/Manufacturing","/wiki/Special:RecentChangesLinked/Manufacturing","/wiki/Wikipedia:File_Upload_Wizard","/wiki/Special:SpecialPages","/w/index.php?title=Manufacturing&oldid=543664600","/w/index.php?title=Manufacturing&action=info","/w/index.php?title=Special:Cite&page=Manufacturing&id=543664600","/w/index.php?title=Special:Book&bookcmd=book_creator&referer=Manufacturing","/w/index.php?title=Special:Book&bookcmd=render_article&arttitle=Manufacturing&oldid=543664600&writer=rl","/w/index.php?title=Manufacturing&printable=yes","//ar.wikipedia.org/wiki/%D8%AA%D8%B5%D9%86%D9%8A%D8%B9","//az.wikipedia.org/wiki/%C4%B0stehsalat","//bn.wikipedia.org/wiki/%E0%A6%89%E0%A7%8E%E0%A6%AA%E0%A6%BE%E0%A6%A6%E0%A6%A8","//be.wikipedia.org/wiki/%D0%92%D1%8B%D1%82%D0%B2%D0%BE%D1%80%D1%87%D0%B0%D1%81%D1%86%D1%8C","//cs.wikipedia.org/wiki/V%C3%BDroba","//da.wikipedia.org/wiki/Fabrikation","//de.wikipedia.org/wiki/Produktionsprozess","//es.wikipedia.org/wiki/Manufactura","//fa.wikipedia.org/wiki/%D8%B3%D8%A7%D8%AE%D8%AA","//fr.wikipedia.org/wiki/Industrie_manufacturi%C3%A8re","//ko.wikipedia.org/wiki/%EC%A0%9C%EC%A1%B0%EC%97%85","//hi.wikipedia.org/wiki/%E0%A4%B5%E0%A4%BF%E0%A4%A8%E0%A4%BF%E0%A4%B0%E0%A5%8D%E0%A4%AE%E0%A4%BE%E0%A4%A3","//it.wikipedia.org/wiki/Attivit%C3%A0_manifatturiera","//he.wikipedia.org/wiki/%D7%99%D7%99%D7%A6%D7%95%D7%A8","//kk.wikipedia.org/wiki/%D3%A8%D0%BD%D0%B4%D1%96%D1%80%D1%96%D1%81","//ltg.wikipedia.org/wiki/P%C4%ABgatave","//lt.wikipedia.org/wiki/Gamyba","//my.wikipedia.org/wiki/%E1%80%91%E1%80%AF%E1%80%90%E1%80%BA%E1%80%9C%E1%80%AF%E1%80%95%E1%80%BA%E1%80%99%E1%80%BE%E1%80%AF","//nl.wikipedia.org/wiki/Productieproces","//ja.wikipedia.org/wiki/%E8%A3%BD%E9%80%A0%E6%A5%AD","//no.wikipedia.org/wiki/Industriteknikk","//pl.wikipedia.org/wiki/Produkcja","//pt.wikipedia.org/wiki/Ind%C3%BAstria_manufatureira","//ro.wikipedia.org/wiki/Fabrica%C8%9Bie","//ru.wikipedia.org/wiki/%D0%9F%D1%80%D0%BE%D0%B8%D0%B7%D0%B2%D0%BE%D0%B4%D1%81%D1%82%D0%B2%D0%BE","//sq.wikipedia.org/wiki/Prodhimi","//si.wikipedia.org/wiki/%E0%B6%B1%E0%B7%92%E0%B7%82%E0%B7%8A%E0%B6%B4%E0%B7%8F%E0%B6%AF%E0%B6%B1_%E0%B6%9A%E0%B7%8A%E2%80%8D%E0%B6%BB%E0%B7%92%E0%B6%BA%E0%B7%8F%E0%B7%80%E0%B6%BD%E0%B7%92%E0%B6%BA%E0%B7%9A_%E0%B7%80%E0%B6%BB%E0%B7%8A%E0%B6%9C%E0%B7%93%E0%B6%9A%E0%B6%BB%E0%B6%AB%E0%B6%BA","//simple.wikipedia.org/wiki/Manufacture","//fi.wikipedia.org/wiki/Tuotantotekniikka","//sv.wikipedia.org/wiki/Tillverkningsindustri","//tl.wikipedia.org/wiki/Pagmamanupaktura","//ta.wikipedia.org/wiki/%E0%AE%89%E0%AE%B1%E0%AF%8D%E0%AE%AA%E0%AE%A4%E0%AF%8D%E0%AE%A4%E0%AE%BF","//tt.wikipedia.org/wiki/%D2%96%D0%B8%D1%82%D0%B5%D1%88%D1%82%D0%B5%D1%80%D2%AF","//tr.wikipedia.org/wiki/%C4%B0malat","//uk.wikipedia.org/wiki/%D0%92%D0%B8%D1%80%D0%BE%D0%B1%D0%BD%D0%B8%D1%86%D1%82%D0%B2%D0%BE","//vi.wikipedia.org/wiki/Khu_v%E1%BB%B1c_ch%E1%BA%BF_t%E1%BA%A1o","//yi.wikipedia.org/wiki/%D7%A4%D7%90%D7%91%D7%A8%D7%99%D7%A7%D7%90%D7%A6%D7%99%D7%A2","//bat-smg.wikipedia.org/wiki/Gam%C4%97n%C4%97ms","//zh.wikipedia.org/wiki/%E5%88%B6%E9%80%A0%E4%B8%9A","//www.wikidata.org/wiki/Special:ItemByTitle/enwiki/Manufacturing","//en.wikipedia.org/wiki/Wikipedia:Text_of_Creative_Commons_Attribution-ShareAlike_3.0_Unported_License","//creativecommons.org/licenses/by-sa/3.0/","//wikimediafoundation.org/wiki/Terms_of_Use","//www.wikimediafoundation.org/","//en.wikipedia.org/wiki/Wikipedia:Contact_us","//wikimediafoundation.org/wiki/Privacy_policy","/wiki/Wikipedia:About","/wiki/Wikipedia:General_disclaimer","http://en.m.wikipedia.org/wiki/Manufacturing","//wikimediafoundation.org/","//bits.wikimedia.org/images/wikimedia-button.png","//www.mediawiki.org/","//bits.wikimedia.org/static-1.21wmf11/skins/common/images/poweredby_mediawiki_88x31.png","//bits.wikimedia.org/en.wikipedia.org/load.php?debug=false&lang=en&modules=skins.vector&only=scripts&skin=vector&*","/w/index.php?title=MediaWiki:Gadget-ReferenceTooltips.js&action=raw&ctype=text/javascript&508635914","//bits.wikimedia.org/en.wikipedia.org/load.php?debug=false&lang=en&modules=site&only=scripts&skin=vector&*"],"instances":["business","metal","military","business"],"pdf":["http://www.internationalbusinessreport.com/files/ibr2008_manufacturing_lo.pdf"],"categories":["Industry","Manufacturing|"],"headings":["History and development","Industrial policy","Countries by Manufacturing output using the most recent known Data","Manufacturing processes","Theories","Control","See also","References","Sources","External links"],"image":["//upload.wikimedia.org/wikipedia/commons/thumb/7/7b/Robocrane_Project.jpg/220px-Robocrane_Project.jpg","//upload.wikimedia.org/wikipedia/commons/thumb/4/4d/Boeing_787_Section_41_final_assembly.jpg/220px-Boeing_787_Section_41_final_assembly.jpg","//bits.wikimedia.org/static-1.21wmf11/skins/common/images/magnify-clip.png","//upload.wikimedia.org/wikipedia/commons/thumb/b/b7/Flag_of_Europe.svg/22px-Flag_of_Europe.svg.png","//upload.wikimedia.org/wikipedia/en/thumb/a/a4/Flag_of_the_United_States.svg/22px-Flag_of_the_United_States.svg.png","//upload.wikimedia.org/wikipedia/commons/thumb/f/fa/Flag_of_the_People%27s_Republic_of_China.svg/22px-Flag_of_the_People%27s_Republic_of_China.svg.png","//upload.wikimedia.org/wikipedia/commons/thumb/c/cb/Logo_European_Central_Bank.svg/22px-Logo_European_Central_Bank.svg.png","//upload.wikimedia.org/wikipedia/en/thumb/9/9e/Flag_of_Japan.svg/22px-Flag_of_Japan.svg.png","//upload.wikimedia.org/wikipedia/en/thumb/b/ba/Flag_of_Germany.svg/22px-Flag_of_Germany.svg.png","//upload.wikimedia.org/wikipedia/commons/thumb/0/09/Flag_of_South_Korea.svg/22px-Flag_of_South_Korea.svg.png","//upload.wikimedia.org/wikipedia/en/thumb/0/05/Flag_of_Brazil.svg/22px-Flag_of_Brazil.svg.png","//upload.wikimedia.org/wikipedia/en/thumb/0/03/Flag_of_Italy.svg/22px-Flag_of_Italy.svg.png","//upload.wikimedia.org/wikipedia/en/thumb/c/c3/Flag_of_France.svg/22px-Flag_of_France.svg.png","//upload.wikimedia.org/wikipedia/en/thumb/f/f3/Flag_of_Russia.svg/22px-Flag_of_Russia.svg.png","//upload.wikimedia.org/wikipedia/en/thumb/4/41/Flag_of_India.svg/22px-Flag_of_India.svg.png","//upload.wikimedia.org/wikipedia/en/thumb/a/ae/Flag_of_the_United_Kingdom.svg/22px-Flag_of_the_United_Kingdom.svg.png","//upload.wikimedia.org/wikipedia/commons/thumb/9/9f/Flag_of_Indonesia.svg/22px-Flag_of_Indonesia.svg.png","//upload.wikimedia.org/wikipedia/commons/thumb/f/fc/Flag_of_Mexico.svg/22px-Flag_of_Mexico.svg.png","//upload.wikimedia.org/wikipedia/en/thumb/9/9a/Flag_of_Spain.svg/22px-Flag_of_Spain.svg.png","//upload.wikimedia.org/wikipedia/en/thumb/c/cf/Flag_of_Canada.svg/22px-Flag_of_Canada.svg.png","//upload.wikimedia.org/wikipedia/commons/thumb/b/b4/Flag_of_Turkey.svg/22px-Flag_of_Turkey.svg.png","//upload.wikimedia.org/wikipedia/commons/thumb/a/a9/Flag_of_Thailand.svg/22px-Flag_of_Thailand.svg.png","//upload.wikimedia.org/wikipedia/en/thumb/b/b9/Flag_of_Australia.svg/22px-Flag_of_Australia.svg.png","//upload.wikimedia.org/wikipedia/commons/thumb/1/1a/Flag_of_Argentina.svg/22px-Flag_of_Argentina.svg.png","//upload.wikimedia.org/wikipedia/en/thumb/1/12/Flag_of_Poland.svg/22px-Flag_of_Poland.svg.png","//upload.wikimedia.org/wikipedia/commons/thumb/f/f8/Wiktionary-logo-en.svg/37px-Wiktionary-logo-en.svg.png","//upload.wikimedia.org/wikipedia/en/thumb/4/4a/Commons-logo.svg/30px-Commons-logo.svg.png","//upload.wikimedia.org/wikipedia/commons/thumb/8/89/Symbol_book_class2.svg/16px-Symbol_book_class2.svg.png","//upload.wikimedia.org/wikipedia/en/thumb/4/48/Folder_Hexagonal_Icon.svg/16px-Folder_Hexagonal_Icon.svg.png","//upload.wikimedia.org/wikipedia/en/thumb/4/4a/Commons-logo.svg/12px-Commons-logo.svg.png","//upload.wikimedia.org/wikipedia/en/thumb/f/fd/Portal-puzzle.svg/16px-Portal-puzzle.svg.png","//upload.wikimedia.org/wikipedia/commons/thumb/f/fa/Wikiquote-logo.svg/16px-Wikiquote-logo.svg.png","//bits.wikimedia.org/static-1.21wmf11/skins/vector/images/search-ltr.png?303-4","//bits.wikimedia.org/images/wikimedia-button.png","//bits.wikimedia.org/static-1.21wmf11/skins/common/images/poweredby_mediawiki_88x31.png"],"tags":[["product","business"],["fabrication","semiconductor"],["fabrication","metal"],["fabrication","metal"],["just_in_time","business"],["defense","military"]],"members":["just_in_time","fabrication","defense","product"],"related":["Machine","Tool","Handicraft","High_tech_manufacturing","Industry","Raw_material","Finished_good","Aircraft","Major_appliance","Automobile","Wholesale","Retailer","Consumer","Economic_system","Mass_production","Product_(business)","Consumer","Planned_economy","Regulation","Fabrication_(semiconductor)","Fabrication_(metal)","Engineering","Industrial_design","North_America","General_Motors_Corporation","General_Electric","Pfizer","Volkswagen_Group","Siemens","Michelin","Toyota","Samsung","Bridgestone","Artisan","Apprenticeship","Guild","Industrial_Revolution","Agriculture","Putting-out_system","Guild","Agile_manufacturing","American_system_of_manufacturing","English_system_of_manufacturing","Fabrication_(metal)","Flexible_manufacturing","Just_In_Time_(business)","Lean_manufacturing","Mass_customization","Mass_production","Ownership","Packaging_and_labeling","Prefabrication","Putting-out_system","Rapid_manufacturing","Reconfigurable_manufacturing_system","Soviet_collectivism","Service_Sector","Emerging_technologies","Manufacturing_Belt","United_States","Infrastructure","Defense_(military)","Hazardous_waste","Workers","Labor_laws","Environmental_policy","Labor_Unions","Craft_guilds","Third_world","Tort_law","Product_liability","Fossil_fuel","Jeff_Immelt","United_States","EEF_the_manufacturers_organisation","Worldbank","Gross_world_product","List_of_manufacturing_processes","Manufacturing_Process_Management","Scientific_management","Fordism","Management","List_of_management_topics","Total_Quality_Management","Quality_control","Six_Sigma","Howstuffismade","Metal_fabrication","Microfabrication","Optics_fabrication","Semiconductor_device_fabrication","Prentice_Hall"]}