{"cursor":"49742","size":15,"audio":[],"currentlang":"en","article":"\n\n\n\n'Meteorology' is the interdisciplinary scientific study of the atmosphere.\nStudies in the field stretch back millennia, though significant progress in\nmeteorology did not occur until the 18th century. The 19th century saw\nbreakthroughs occur after observing networks developed across several countries.\nAfter the development of the computer in the latter half of the 20th century,\nbreakthroughs in weather forecasting were achieved.\n\nMeteorological phenomena are observable weather events which illuminate, and are\nexplained by the science of meteorology. Those events are bound by the variables\nthat exist in Earth's atmosphere; temperature, air pressure, water vapor, and\nthe gradients and interactions of each variable, and how they change in time.\nDifferent spatial scales are studied to determine how systems on local,\nregional, and global levels impact weather and climatology.\n\nMeteorology, climatology, atmospheric physics, and atmospheric chemistry are sub-\ndisciplines of the atmospheric sciences. Meteorology and hydrology compose the\ninterdisciplinary field of hydrometeorology. Interactions between Earth's\natmosphere and the oceans are part of coupled ocean-atmosphere studies.\nMeteorology has application in many diverse fields such as the military, energy\nproduction, transport, agriculture and construction.\n\nThe word \"\" is from Greek metÃ©Åros \"lofty; high (in the sky)\" (from [[wikt:meta-|meta-\n]] \"above\" and eÅr \"to lift up\") and [[wikt:-logia|-logia]] \"\".\n","linknr":1225,"url":"Meteorology","recorded":1363136367,"links":["/w/index.php?title=Meteorology&action=edit","/w/index.php?title=Meteorology&action=edit","//en.wikipedia.org/apple-touch-icon.png","//bits.wikimedia.org/favicon/wikipedia.ico","/w/opensearch_desc.php","//en.wikipedia.org/w/api.php?action=rsd","//creativecommons.org/licenses/by-sa/3.0/","/w/index.php?title=Special:RecentChanges&feed=atom","//bits.wikimedia.org/en.wikipedia.org/load.php?debug=false&lang=en&modules=ext.gadget.DRN-wizard%2CReferenceTooltips%2Ccharinsert%2Cteahouse%7Cext.wikihiero%7Cmediawiki.legacy.commonPrint%2Cshared%7Cmw.PopUpMediaTransform%7Cskins.vector&only=styles&skin=vector&*","//bits.wikimedia.org/en.wikipedia.org/load.php?debug=false&lang=en&modules=site&only=styles&skin=vector&*","//bits.wikimedia.org/en.wikipedia.org/load.php?debug=false&lang=en&modules=startup&only=scripts&skin=vector&*","//bits.wikimedia.org/geoiplookup","//meta.wikimedia.org","#mw-head","#p-search","/wiki/Meteor_(disambiguation)","/wiki/Meteorology_(Aristotle)","/wiki/Metrology","/wiki/Nature","/wiki/Weather","/wiki/Season","/wiki/Spring_(season)","/wiki/Summer","/wiki/Autumn","/wiki/Winter","/wiki/Tropical","/wiki/Dry_season","/wiki/Wet_season","/wiki/Storm","/wiki/Thunderstorm","/wiki/Thundersnow","/wiki/Supercell","/wiki/Downburst","/wiki/Lightning","/wiki/Tornado","/wiki/Waterspout","/wiki/Tropical_cyclone","/wiki/Extratropical_cyclone","/wiki/Winter_storm","/wiki/Blizzard","/wiki/Ice_storm","/wiki/Dust_storm","/wiki/Firestorm","/wiki/Cloud","/wiki/Precipitation_(meteorology)","/wiki/Drizzle","/wiki/Freezing_drizzle","/wiki/Rain","/wiki/Freezing_rain","/wiki/Snow","/wiki/Rain_and_snow_mixed","/wiki/Snow_grains","/wiki/Snow_roller","/wiki/Graupel","/wiki/Ice_pellets","/wiki/Hail","/wiki/List_of_meteorology_topics","/wiki/Climate","/wiki/Weather_forecasting","/wiki/Heat_wave","/wiki/Air_pollution","/wiki/Cold_wave","/wiki/File:Cloud.jpg","//upload.wikimedia.org/wikipedia/commons/thumb/9/94/Cloud.jpg/32px-Cloud.jpg","/wiki/Portal:Weather","/wiki/Template:Weather","/wiki/Template_talk:Weather","//en.wikipedia.org/w/index.php?title=Template:Weather&action=edit","/wiki/Atmospheric_sciences","/wiki/File:ShipTracks_MODIS_2005may11.jpg","//upload.wikimedia.org/wikipedia/commons/thumb/e/ee/ShipTracks_MODIS_2005may11.jpg/180px-ShipTracks_MODIS_2005may11.jpg","/wiki/Atmospheric_physics","/wiki/Synoptic_scale_meteorology","/wiki/Category:Atmospheric_dynamics","/wiki/Atmospheric_chemistry","/wiki/Category:Atmospheric_chemistry","/wiki/Weather","/wiki/Category:Weather","/wiki/Portal:Weather","/wiki/Tropical_cyclone","/wiki/Category:Tropical_cyclones","/wiki/Climatology","/wiki/Climate","/wiki/Category:Climate","/wiki/Climate_change","/wiki/Category:Climate_change","/wiki/Global_warming","/wiki/Category:Global_warming","/wiki/Portal:Global_warming","/wiki/Template:Atmospheric_sciences","/wiki/Template_talk:Atmospheric_sciences","//en.wikipedia.org/w/index.php?title=Template:Atmospheric_sciences&action=edit","/wiki/Interdisciplinary","/wiki/Atmosphere","/wiki/Weather_forecasting","/wiki/List_of_meteorological_phenomena","/wiki/Temperature","/wiki/Air_pressure","/wiki/Water_vapor","/wiki/Scale_(spatial)","/wiki/Climatology","/wiki/Atmospheric_physics","/wiki/Atmospheric_chemistry","/wiki/Atmospheric_sciences","/wiki/Hydrology","/wiki/Hydrometeorology","//en.wiktionary.org/wiki/meteorology","/wiki/Ancient_Greek","//en.wiktionary.org/wiki/meta-","//en.wiktionary.org/wiki/-logia","//en.wiktionary.org/wiki/-logy","#History","#Research_of_visual_atmospheric_phenomena","#Instruments_and_classification_scales","#Atmospheric_composition_research","#Research_into_cyclones_and_air_flow","#Observation_networks_and_weather_forecasting","#Numerical_weather_prediction","#Meteorologists","#Equipment","#Spatial_scales","#Microscale","#Mesoscale","#Synoptic_scale","#Global_scale","#Some_meteorological_principles","#Boundary_layer_meteorology","#Dynamic_meteorology","#Applications","#Weather_forecasting","#Aviation_meteorology","#Agricultural_meteorology","#Hydrometeorology","#Nuclear_meteorology","#Maritime_meteorology","#Military_meteorology","#See_also","#References","#Further_reading","#External_links","/w/index.php?title=Meteorology&action=edit&section=1","/wiki/Timeline_of_meteorology","/wiki/File:AlpineRainbow.jpg","//upload.wikimedia.org/wikipedia/commons/thumb/3/3f/AlpineRainbow.jpg/220px-AlpineRainbow.jpg","/wiki/File:AlpineRainbow.jpg","//bits.wikimedia.org/static-1.21wmf11/skins/common/images/magnify-clip.png","/wiki/Parhelion","/wiki/Savoie","/wiki/India","#cite_note-imd-1","/wiki/Upanishads","/wiki/Var%C4%81hamihira","#cite_note-imd-1","/wiki/Aristotle","/wiki/Meteorology_(Aristotle)","#cite_note-2","#cite_note-3","/wiki/Water_Cycle","#cite_note-Aristotle-4","/wiki/Ancient_Greece","/wiki/Theophrastus","#cite_note-5","/wiki/Pomponius_Mela","/wiki/Roman_Empire","#cite_note-6","/wiki/Al-Dinawari","/wiki/Agriculture","/wiki/Muslim_Agricultural_Revolution","/wiki/Planet","/wiki/Constellation","/wiki/Moon","/wiki/Lunar_phase","/wiki/Season","/wiki/Astronomical_object","#cite_note-Fahd-815-7","/wiki/Wikipedia:Verifiability","/w/index.php?title=Meteorology&action=edit&section=2","/wiki/File:Baker_beach_at_twilight_41.jpg","//upload.wikimedia.org/wikipedia/commons/thumb/1/10/Baker_beach_at_twilight_41.jpg/220px-Baker_beach_at_twilight_41.jpg","/wiki/File:Baker_beach_at_twilight_41.jpg","//bits.wikimedia.org/static-1.21wmf11/skins/common/images/magnify-clip.png","/wiki/Baker_Beach","/wiki/Rainbow","/wiki/Twilight","/wiki/Atmospheric_refraction","#cite_note-8","/wiki/Alhazen","/wiki/Twilight","/wiki/Horizon","/wiki/Earth%27s_atmosphere","#cite_note-9","/wiki/St._Albert_the_Great","#cite_note-10","/wiki/Roger_Bacon","#cite_note-11","/wiki/Kam%C4%81l_al-D%C4%ABn_al-F%C4%81ris%C4%AB","/wiki/Theodoric_of_Freiberg","/wiki/Rainbow","#cite_note-12","/wiki/Aurora_(astronomy)","/wiki/Earth%27s_magnetic_field","/w/index.php?title=Meteorology&action=edit&section=3","/wiki/Beaufort_Scale","/wiki/Celsius","/wiki/Fahrenheit","/wiki/File:Wea00920.jpg","//upload.wikimedia.org/wikipedia/commons/thumb/6/61/Wea00920.jpg/220px-Wea00920.jpg","/wiki/File:Wea00920.jpg","//bits.wikimedia.org/static-1.21wmf11/skins/common/images/magnify-clip.png","/wiki/Sejong_the_Great_of_Joseon","/wiki/Rain_gauge","/wiki/Wikipedia:Citation_needed","/wiki/Joseon_Dynasty","/wiki/Korea","/wiki/Leone_Battista_Alberti","/wiki/Anemometer","#cite_note-Jacobson-13","/wiki/Galileo_Galilei","/wiki/Galileo_thermometer","/wiki/Johannes_Kepler","#cite_note-14","/wiki/Evangelista_Torricelli","/wiki/Barometer","#cite_note-Jacobson-13","/wiki/Christopher_Wren","/wiki/Gabriel_Fahrenheit","#cite_note-15","/wiki/Anders_Celsius","/wiki/Celsius","#cite_note-16","/wiki/Hygrometer","/wiki/Horace-B%C3%A9n%C3%A9dict_de_Saussure","/wiki/Luke_Howard","/wiki/List_of_cloud_types","/wiki/Latin","#cite_note-17","/wiki/Francis_Beaufort","/wiki/Beaufort_scale","#cite_note-18","/wiki/Cloud_atlas","/wiki/International_Cloud_Atlas","/wiki/Weather_satellite","/wiki/TIROS-1","/w/index.php?title=Meteorology&action=edit&section=4","/wiki/Blaise_Pascal","/wiki/Atmospheric_pressure","#cite_note-19","/wiki/Daniel_Bernoulli","/wiki/Kinetic_theory","#cite_note-20","/wiki/Joseph_Black","/wiki/Ice","/wiki/Heat","/wiki/Daniel_Rutherford","/wiki/Nitrogen","/wiki/Phlogiston_theory","#cite_note-21","/wiki/Antoine_Lavoisier","/wiki/Oxygen","#cite_note-22","#cite_note-23","/wiki/Caloric_theory","#cite_note-24","#cite_note-25","/wiki/John_Leslie_(physicist)","/wiki/Black_body_radiation","/wiki/John_Dalton","/wiki/Heat_capacity","/wiki/Atomic_weight","/wiki/Nicolas_L%C3%A9onard_Sadi_Carnot","/wiki/Steam_engine","/wiki/Reversible_process_(thermodynamics)","/wiki/Second_law_of_thermodynamics","/w/index.php?title=Meteorology&action=edit&section=5","/wiki/File:Earth_Global_Circulation.jpg","//upload.wikimedia.org/wikipedia/commons/thumb/6/6d/Earth_Global_Circulation.jpg/300px-Earth_Global_Circulation.jpg","/wiki/File:Earth_Global_Circulation.jpg","//bits.wikimedia.org/static-1.21wmf11/skins/common/images/magnify-clip.png","/wiki/Coriolis_effect","/wiki/Prevailing_winds","/wiki/Christopher_Columbus","#cite_note-26","/wiki/Edmund_Halley","/wiki/Trade_wind","/wiki/Monsoon","#cite_note-27","/wiki/Atmospheric_circulation","/wiki/Trade_winds","/wiki/George_Hadley","#cite_note-28","/wiki/Benjamin_Franklin","/wiki/Tropical_cyclone","#cite_note-Dorst-29","#cite_note-corps-30","/wiki/William_Ferrel","/wiki/Ferrel_cell","#cite_note-31","/wiki/Pressure_gradient_force","/wiki/Isobar_(meteorology)","#cite_note-32","/wiki/Vilhelm_Bjerknes","/wiki/Norwegian_cyclone_model","/wiki/Extratropical_cyclone","/wiki/Front_(meteorology)","/wiki/Air_mass","#cite_note-NorCycMod-33","/wiki/Carl-Gustaf_Rossby","/wiki/Fluid_dynamics","/wiki/Tor_Bergeron","/wiki/Jacob_Bjerknes","/w/index.php?title=Meteorology&action=edit&section=6","/wiki/File:Wolkenstockwerke.png","//upload.wikimedia.org/wikipedia/commons/thumb/5/58/Wolkenstockwerke.png/300px-Wolkenstockwerke.png","/wiki/File:Wolkenstockwerke.png","//bits.wikimedia.org/static-1.21wmf11/skins/common/images/magnify-clip.png","/wiki/History_of_surface_weather_analysis","/wiki/Ferdinando_II_de_Medici","/wiki/Florence","/wiki/Cutigliano","/wiki/Vallombrosa","/wiki/Bologna","/wiki/Parma","/wiki/Milan","/wiki/Innsbruck","/wiki/Osnabr%C3%BCck","/wiki/Warsaw","#cite_note-34","/wiki/Baron_Schilling","#cite_note-35","/wiki/Electrical_telegraph","/wiki/Surface_weather_observation","#cite_note-36","/wiki/Smithsonian_Institution","/wiki/Joseph_Henry","#cite_note-37","/wiki/Robert_FitzRoy","/wiki/Met_Office","/wiki/The_Times","/wiki/India_Meteorological_Department","/wiki/Monsoon","/wiki/Famine","#cite_note-38","/wiki/Helsinki_University","#cite_note-39","/wiki/Japan_Meteorological_Agency","#cite_note-40","/wiki/United_States_Weather_Bureau","/wiki/United_States_Department_of_Agriculture","/wiki/Bureau_of_Meteorology","#cite_note-ABC-41","#cite_note-42","/w/index.php?title=Meteorology&action=edit&section=7","/wiki/Numerical_weather_prediction","/wiki/File:Weather_Bureau_1965.jpg","//upload.wikimedia.org/wikipedia/en/thumb/6/6e/Weather_Bureau_1965.jpg/220px-Weather_Bureau_1965.jpg","/wiki/File:Weather_Bureau_1965.jpg","//bits.wikimedia.org/static-1.21wmf11/skins/common/images/magnify-clip.png","/wiki/Vilhelm_Bjerknes","/wiki/Physical_law","#cite_note-43","/wiki/Numerical_weather_prediction","/wiki/Lewis_Fry_Richardson","/wiki/Numerical_instability","/wiki/Number","#cite_note-44","/wiki/Weather_forecast","/wiki/Barotropic","/wiki/Rossby_wave","/wiki/Low_pressure_area","/wiki/High_pressure_area","#cite_note-45","/wiki/Chaos_theory","/wiki/Edward_Lorenz","/wiki/Chaos_theory","#cite_note-46","/wiki/Ensemble_forecasting","#cite_note-HPCens-47","/wiki/Climate_model","/wiki/Climate","/wiki/Greenhouse_gas","/w/index.php?title=Meteorology&action=edit&section=8","/wiki/Weather_forecasting","#cite_note-48","/wiki/Government_agencies","/wiki/Research","/wiki/Television_stations","/wiki/Education","#cite_note-BLS-49","/wiki/Reporters","/wiki/American_Meteorological_Society","/wiki/National_Weather_Association","/w/index.php?title=Meteorology&action=edit&section=9","/wiki/File:Hurac%C3%A1n_Hugo.jpg","//upload.wikimedia.org/wikipedia/commons/thumb/2/2b/Hurac%C3%A1n_Hugo.jpg/220px-Hurac%C3%A1n_Hugo.jpg","/wiki/File:Hurac%C3%A1n_Hugo.jpg","//bits.wikimedia.org/static-1.21wmf11/skins/common/images/magnify-clip.png","/wiki/Hurricane_Hugo","/wiki/Polar_low","/wiki/Meteorological_instrumentation","/wiki/Rain_gauge","#cite_note-50","/wiki/Weather_station","/wiki/Weather_buoy","/wiki/Atmospheric_pressure","/wiki/Humidity","#cite_note-51","/wiki/Radiosondes","/wiki/Aircraft_Meteorological_Data_Relay","/wiki/World_Meteorological_Organization","/wiki/Remote_sensing","/wiki/Radar","/wiki/Lidar","/wiki/Satellites","/wiki/Photogrammetry","/wiki/EM_radiation","#cite_note-52","/wiki/El_Ni%C3%B1o","/w/index.php?title=Meteorology&action=edit&section=10","/wiki/Geospatial","/w/index.php?title=Meteorology&action=edit&section=11","/wiki/Microscale_meteorology","#cite_note-53","/w/index.php?title=Meteorology&action=edit&section=12","/wiki/Mesoscale_meteorology","/wiki/Tropopause","/wiki/Stratosphere","/wiki/Thunderstorm","/wiki/Squall_line","/wiki/Weather_front","/wiki/Rainbands","/wiki/Tropical_cyclone","/wiki/Extratropical_cyclone","/wiki/Sea_breeze","#cite_note-54","/w/index.php?title=Meteorology&action=edit&section=13","/wiki/File:Surface_analysis.gif","//upload.wikimedia.org/wikipedia/commons/thumb/c/ca/Surface_analysis.gif/300px-Surface_analysis.gif","/wiki/File:Surface_analysis.gif","//bits.wikimedia.org/static-1.21wmf11/skins/common/images/magnify-clip.png","/wiki/NOAA","/wiki/Synoptic_scale_meteorology","/wiki/Synoptic_meteorology","/wiki/Weather_front","/wiki/Jet_stream","/wiki/Weather_map","/wiki/Weather_station","#cite_note-55","/w/index.php?title=Meteorology&action=edit&section=14","/wiki/File:WOA09_sea-surf_TMP_AYool.png","//upload.wikimedia.org/wikipedia/commons/thumb/2/21/WOA09_sea-surf_TMP_AYool.png/300px-WOA09_sea-surf_TMP_AYool.png","/wiki/File:WOA09_sea-surf_TMP_AYool.png","//bits.wikimedia.org/static-1.21wmf11/skins/common/images/magnify-clip.png","/wiki/Tropics","/wiki/Geographical_pole","/wiki/Madden-Julian_Oscillation","/wiki/El_Ni%C3%B1o-Southern_Oscillation","/wiki/Pacific_decadal_oscillation","#cite_note-56","/wiki/Naval_Research_Laboratory","/wiki/Navy_Operational_Global_Atmospheric_Prediction_System","/wiki/Fleet_Numerical_Meteorology_and_Oceanography_Center","/wiki/United_States_Military","/w/index.php?title=Meteorology&action=edit&section=15","/w/index.php?title=Meteorology&action=edit&section=16","/wiki/Boundary_layer","/wiki/Planetary_boundary_layer","/wiki/Friction","/wiki/Turbulence","/wiki/Flux","/wiki/Sensible_heat","/wiki/Matter","/wiki/Momentum","#cite_note-57","/w/index.php?title=Meteorology&action=edit&section=17","/wiki/Fluid_dynamics","/wiki/Air_parcel","#cite_note-58","/w/index.php?title=Meteorology&action=edit&section=18","/w/index.php?title=Meteorology&action=edit&section=19","/wiki/File:Day5pressureforecast.gif","//upload.wikimedia.org/wikipedia/commons/thumb/4/42/Day5pressureforecast.gif/300px-Day5pressureforecast.gif","/wiki/File:Day5pressureforecast.gif","//bits.wikimedia.org/static-1.21wmf11/skins/common/images/magnify-clip.png","/wiki/Weather_forecasting","/wiki/Earth%27s_atmosphere","#cite_note-59","#cite_note-60","/wiki/Data","#cite_note-61","/wiki/Atmospheric_pressure","#cite_note-62","#cite_note-63","/wiki/Numerical_weather_prediction","/wiki/Teleconnection","/wiki/Chaos_theory","#cite_note-Klaus-64","#cite_note-TBK-65","#cite_note-66","#cite_note-67","/wiki/Precipitation_(meteorology)","#cite_note-68","#cite_note-69","#cite_note-70","#cite_note-71","#cite_note-72","#cite_note-73","#cite_note-74","/wiki/Wind_chill","/w/index.php?title=Meteorology&action=edit&section=20","/wiki/Air_traffic_control","/wiki/Aeronautical_Information_Manual","#cite_note-75","#cite_note-76","/w/index.php?title=Meteorology&action=edit&section=21","/wiki/Soil_science","/wiki/Agronomy","/wiki/Crop_yield","/wiki/Phenology","#cite_note-77","/w/index.php?title=Meteorology&action=edit&section=22","/wiki/Hydrometeorology","/wiki/Hydrologic_cycle","/wiki/Storm","#cite_note-78","#cite_note-79","/w/index.php?title=Meteorology&action=edit&section=23","/wiki/Radioactive","/wiki/Aerosol","/wiki/Gas","#cite_note-80","/w/index.php?title=Meteorology&action=edit&section=24","/wiki/Ocean_Prediction_Center","/wiki/National_Weather_Service","/wiki/Met_Office","/wiki/JMA","/w/index.php?title=Meteorology&action=edit&section=25","/wiki/Military_meteorology","/wiki/Military","/wiki/United_States_Navy","/wiki/Commander,_Naval_Meteorology_and_Oceanography_Command","/wiki/United_States_Marine_Corps","/wiki/United_States_Air_Force","/wiki/Air_Force_Weather_Agency","/wiki/United_States_Army","/w/index.php?title=Meteorology&action=edit&section=26","/wiki/Outline_of_meteorology","/wiki/Aerography_(meteorology)","/wiki/American_Practical_Navigator","/wiki/Atmospheric_circulation","/wiki/Atmospheric_layers","/wiki/Atmospheric_models","/wiki/Atmospheric_thermodynamics","/wiki/Eddy_covariance","/wiki/ENSO","/wiki/Index_of_meteorology_articles","/wiki/List_of_weather_instruments","/wiki/List_of_meteorology_institutions","/wiki/List_of_Russian_meteorologists","/wiki/Madden-Julian_oscillation","/wiki/Meteorological_Winter","/wiki/National_Weatherperson%27s_Day","/wiki/Space_weather","/wiki/Walker_circulation","/wiki/Weather_and_climate","/wiki/File:Cloud.jpg","//upload.wikimedia.org/wikipedia/commons/thumb/9/94/Cloud.jpg/32px-Cloud.jpg","/wiki/Portal:Weather","/w/index.php?title=Meteorology&action=edit&section=27","#cite_ref-imd_1-0","#cite_ref-imd_1-1","http://www.imd.gov.in/doc/history/history.htm","http://www.imd.gov.in/doc/history/history.htm","#cite_ref-2","http://www.infoplease.com/ce6/weather/A0859595.html","#cite_ref-3","http://yale.edu/ynhti/curriculum/units/1994/5/94.05.01.x.html","#cite_ref-Aristotle_4-0","http://etext.library.adelaide.edu.au/a/aristotle/meteorology/","http://etext.library.adelaide.edu.au/a/aristotle/meteorology/","#cite_ref-5","http://www.infoplease.com/cig/weather/forecasting-from-beginning.html","#cite_ref-6","http://www.paleorama.com/timelines/geography.html","http://www.paleorama.com/timelines/geography.html","#cite_ref-Fahd-815_7-0","/wiki/Encyclopedia_of_the_History_of_Arabic_Science","/wiki/Routledge","/wiki/International_Standard_Book_Number","/wiki/Special:BookSources/0-415-12410-7","#cite_ref-8","#cite_ref-9","http://journals.ametsoc.org/doi/pdf/10.1175/1520-0477%281973%29054%3C0198%3AALIM%3E2.0.CO%3B2","#cite_ref-10","http://rammb.cira.colostate.edu/dev/hillger/ancient.htm#magnus","/wiki/National_Oceanic_and_Atmospheric_Administration","#cite_ref-11","http://books.google.es/books?id=kZcCtT1ZeaEC&pg=PA155&dq=Rainbow+roger+Bacon&hl=es&ei=Ion5S6DMDMP88Aaxv8SrBw&sa=X&oi=book_result&ct=result&resnum=8&ved=0CE0Q6AEwBw#v=onepage&q=Rainbow%20roger%20Bacon&f=false","#cite_ref-12","http://www.idosi.org/hssj/hssj2%281%2907/10.pdf","#cite_ref-Jacobson_13-0","#cite_ref-Jacobson_13-1","/wiki/International_Standard_Book_Number","/wiki/Special:BookSources/978-0-521-54865-6","#cite_ref-14","http://www.its.caltech.edu/~atomic/snowcrystals/earlyobs/earlyobs.htm","#cite_ref-15","#cite_ref-16","http://www.astro.uu.se/history/Celsius_scale.html","#cite_ref-17","/wiki/University_of_Birmingham","/wiki/Special:BookSources/1902459024","#cite_ref-18","http://www.bbc.co.uk/weather/features/understanding/beaufort_scale.shtml","/wiki/BBC","#cite_ref-19","#cite_ref-20","/wiki/John_J._O%27Connor_(mathematician)","/wiki/Edmund_F._Robertson","http://www-history.mcs.st-andrews.ac.uk/Biographies/Bernoulli_Daniel.html","/wiki/MacTutor_History_of_Mathematics_archive","/wiki/University_of_St_Andrews","http://www-history.mcs.st-andrews.ac.uk/Biographies/Bernoulli_Daniel.html","#cite_ref-21","http://www.londonmet.ac.uk/genesis/search/$-search-results.cfm?CCODE=2476","#cite_ref-22","#cite_ref-23","#cite_ref-24","#cite_ref-25","/wiki/A_Guide_to_the_Scientific_Knowledge_of_Things_Familiar","#cite_ref-26","#cite_ref-27","#cite_ref-28","#cite_ref-Dorst_29-0","http://www.aoml.noaa.gov/hrd/tcfaq/J6.html","http://www.aoml.noaa.gov/hrd/","#cite_ref-corps_30-0","#cite_ref-31","/wiki/William_Ferrel","http://www.aos.princeton.edu/WWWPUBLIC/gkv/history/ferrel-nashville56.pdf","#cite_ref-32","http://books.google.com/?id=zXkRAAAAYAAJ&pg=PA320&dq=coriolis+centrifugal+force+date:0-1920","http://books.google.com/?id=zXkRAAAAYAAJ&pg=PA320&dq=coriolis+centrifugal+force+date:0-1920","#cite_ref-NorCycMod_33-0","http://weather.ou.edu/~metr4424/Files/Norwegian_Cyclone_Model.pdf#search=%22norwegian%20cyclone%20model%22","#cite_ref-34","/wiki/Special:BookSources/0415075939","#cite_ref-35","http://www.abc.net.au/cgi-bin/common/printfriendly.pl?/catapult/indepth/telegraph.htm","/wiki/Australian_Broadcasting_Corporation","#cite_ref-36","/wiki/Library_of_Congress","http://memory.loc.gov/ammem/sfbmhtml/sfbmtelessay.html","#cite_ref-37","http://www.si.edu/archives/ihd/jhp/joseph03.htm","#cite_ref-38","/wiki/India_Meteorological_Department","http://www.imd.gov.in/doc/history/eastablishment-of-imd.htm","#cite_ref-39","http://www.fmi.fi/organization/history.html","#cite_ref-40","/wiki/Japan_Meteorological_Agency","http://www.jma.go.jp/jma/en/History/indexe_his.htm","#cite_ref-ABC_41-0","http://www.abc.net.au/news/stories/2008/01/01/2129737.htm","/wiki/Australian_Broadcasting_Corporation","http://www.abc.net.au/news/stories/2008/01/01/2129737.htm","#cite_ref-42","http://www.naa.gov.au/naaresources/Publications/research_guides/guides/perth/chapter20.htm","http://www.naa.gov.au/naaresources/Publications/research_guides/guides/perth/chapter20.htm","#cite_ref-43","http://docs.lib.noaa.gov/rescue/Bibliographies/Bjerknes/Bjerknes_July_2004.pdf","http://docs.lib.noaa.gov/rescue/Bibliographies/Bjerknes/Bjerknes_July_2004.pdf","#cite_ref-44","http://www.aip.org/history/sloan/gcm/","#cite_ref-45","/wiki/International_Standard_Book_Number","/wiki/Special:BookSources/0-471-38108-X","#cite_ref-46","#cite_ref-HPCens_47-0","http://www.hpc.ncep.noaa.gov/ensembletraining","/wiki/Hydrometeorological_Prediction_Center","http://www.hpc.ncep.noaa.gov/ensembletraining","#cite_ref-48","http://amsglossary.allenpress.com/glossary/search?p=1&query=meteorologist&submit=Search","/wiki/American_Meteorological_Society","#cite_ref-BLS_49-0","http://www.bls.gov/oco/ocos051.htm","#cite_ref-50","/wiki/Aristotle","#cite_ref-51","http://www.ofcm.gov/fmh-1/fmh1.htm","#cite_ref-52","/wiki/Special:BookSources/0471252050","#cite_ref-53","http://amsglossary.allenpress.com/glossary/search?query=micrometeorology","/wiki/American_Meteorological_Society","http://amsglossary.allenpress.com/glossary/search?query=micrometeorology","#cite_ref-54","http://amsglossary.allenpress.com/glossary","/wiki/American_Meteorological_Society","http://www.ametsoc.org/","http://www.allenpress.com","#cite_ref-55","/wiki/Special:BookSources/0195062671","#cite_ref-56","http://www.nrlmry.navy.mil/sec7532.htm","#cite_ref-57","/wiki/Special:BookSources/0521380529","#cite_ref-58","/wiki/Special:BookSources/0123540151","#cite_ref-59","/wiki/Wikipedia:Link_rot","http://www.mistichouse.com/astrology-lessons.htm","#cite_ref-60","http://eh.net/encyclopedia/article/craft.weather.forcasting.history","#cite_ref-61","/wiki/NASA","http://earthobservatory.nasa.gov/Library/WxForecasting/wx2.html","#cite_ref-62","http://www.islandnet.com/~see/weather/eyes/barometer3.htm","#cite_ref-63","http://www.nwac.us/education_resources/Field_forecasting.pdf","#cite_ref-Klaus_64-0","http://www.cdc.noaa.gov/spotlight/12012001/","#cite_ref-TBK_65-0","http://www.hpc.ncep.noaa.gov/research/TropicalTalk.ppt","#cite_ref-66","/wiki/Chris_Landsea","http://www.emc.ncep.noaa.gov/research/NCEP-EMCModelReview2006/TPC-NCEP2006.ppt","#cite_ref-67","/wiki/National_Weather_Service","http://www.weather.gov/mission.shtml","#cite_ref-68","http://southwestfarmpress.com/news/061406-Texas-weather/","#cite_ref-69","http://beef.unl.edu/stories/200004030.shtml","#cite_ref-70","http://pubs.caes.uga.edu/caespubs/pubcd/C877.htm","#cite_ref-71","/wiki/Associated_Press","http://query.nytimes.com/gst/fullpage.html?res=9D0CE5DB1E30F937A25752C0A967958260","#cite_ref-72","/wiki/The_New_York_Times","http://query.nytimes.com/gst/fullpage.html?res=9F0CE7D9123AF935A15751C0A965958260","#cite_ref-73","/wiki/BBC","http://news.bbc.co.uk/1/hi/uk/5212724.stm","#cite_ref-74","http://www.tcdsb.org/environment/energydrill/EDSP_KeyMessages_FINAL.pdf","#cite_ref-75","/wiki/Aeronautical_Information_Publication","#cite_ref-76","/wiki/Aeronautical_Information_Manual","http://www.faa.gov/air_traffic/publications/ATpubs/AIM/","#cite_ref-77","http://www.elsevier.com/wps/find/journaldescription.cws_home/503295/description?navopenmenu=-2","#cite_ref-78","http://www.britannica.com/eb/article-9041744/hydrometeorology","#cite_ref-79","http://www.hpc.ncep.noaa.gov/html/about2.shtml","http://www.hpc.ncep.noaa.gov/","#cite_ref-80","http://www.springerlink.com/index/R55V691512754216.pdf","/wiki/Digital_object_identifier","http://dx.doi.org/10.1007%2FBF01117823","http://www.springerlink.com/index/R55V691512754216.pdf","/w/index.php?title=Meteorology&action=edit&section=28","/wiki/International_Standard_Book_Number","/wiki/Special:BookSources/0-521-38052-9","http://amsglossary.allenpress.com/glossary","http://amsglossary.allenpress.com/glossary","/wiki/Oxford_University_Press","/wiki/International_Standard_Book_Number","/wiki/Special:BookSources/0-19-506267-1","/wiki/International_Standard_Book_Number","/wiki/Special:BookSources/0-19-506268-X","/wiki/International_Standard_Book_Number","/wiki/Special:BookSources/1-55407-110-0","http://elsevier.com.uk","/wiki/International_Standard_Book_Number","/wiki/Special:BookSources/0-12-354015-1","http://elsevier.com.uk","/w/index.php?title=Meteorology&action=edit&section=29","/wiki/Weather_forecasting","http://www.shodor.org/metweb/","http://www.globe.gov/home","http://amsglossary.allenpress.com/glossary","http://www.srh.noaa.gov/srh/jetstream/","http://www.bom.gov.au/lam/","http://weather.about.com","http://meted.ucar.edu/","http://www.lib.noaa.gov/","http://ww2010.atmos.uiuc.edu","http://dapper.pmel.noaa.gov/dchart/index.html?dsetid=e9f4fb6cf715cddaf101a13e3ce1ce9","http://www.ogimet.com/index.phtml.en","http://hvezdarna.plzen-city.cz/zatmeni/semm/en/index.html","https://www.archives.ucar.edu/","http://www.metoffice.gov.uk/learning/science","/wiki/Absolute_stable_air","/wiki/Temperature_inversion","/wiki/Dine%27s_compensation","/wiki/Precipitation_(meteorology)","/wiki/Cyclone","/wiki/Anticyclone","/wiki/Thermal","/wiki/Tropical_cyclone","/wiki/Vertical_draft","/wiki/Extratropical_cyclone","/wiki/Weather_forecasting","/wiki/Atmospheric_pressure","/wiki/Low_pressure_area","/wiki/High_pressure_area","/wiki/Dew_point","/wiki/Weather_front","/wiki/Jet_stream","/wiki/Wind_chill","/wiki/Heat_index","/wiki/Equivalent_potential_temperature","/wiki/Primitive_equations","/wiki/Pilot_Reports","/wiki/Storm","/wiki/Thunderstorm","/wiki/Lightning","/wiki/Thunder","/wiki/Hail","/wiki/Tornado","/wiki/Convection","/wiki/Blizzard","/wiki/Supercell","/wiki/Climate","/wiki/El_Ni%C3%B1o","/wiki/Monsoon","/wiki/Flood","/wiki/Drought","/wiki/Global_warming","/wiki/Effect_of_sun_angle_on_climate","/wiki/Air_Pollution","/wiki/Atmospheric_dispersion_modeling","/wiki/List_of_atmospheric_dispersion_models","/wiki/Smog","/wiki/Deposition_(meteorology)","/wiki/Dust_devil","/wiki/Fog","/wiki/Tide","/wiki/Wind","/wiki/Cloud","/wiki/Air_mass","/wiki/Evaporation","/wiki/Sublimation_(chemistry)","/wiki/Ice","/wiki/Crepuscular_rays","/wiki/Anticrepuscular_rays","/wiki/Weather_disasters","/wiki/Extreme_weather","/wiki/List_of_severe_weather_phenomena","/wiki/Alberta_clipper","/wiki/El_Ni%C3%B1o","/wiki/Derecho","/wiki/Gulf_Stream","/wiki/La_Ni%C3%B1a","/wiki/Jet_stream","/wiki/North_Atlantic_Oscillation","/wiki/Madden-Julian_oscillation","/wiki/Pacific_decadal_oscillation","/wiki/Pineapple_Express","/wiki/Sirocco","/wiki/Siberian_Express","/wiki/Walker_circulation","/wiki/Template:Meteorological_variables","/wiki/Template_talk:Meteorological_variables","//en.wikipedia.org/w/index.php?title=Template:Meteorological_variables&action=edit","/wiki/Adiabatic_process","/wiki/Lapse_rate","/wiki/Lightning","/wiki/Solar_radiation","/wiki/Surface_weather_analysis","/wiki/Visibility","/wiki/Vorticity","/wiki/Wind","/wiki/Condensation","/wiki/Cloud","/wiki/Cloud_condensation_nuclei","/wiki/Fog","/wiki/Lifted_condensation_level","/wiki/Precipitation_(meteorology)","/wiki/Water_vapor","/wiki/Atmospheric_convection","/wiki/Convective_available_potential_energy","/wiki/Convective_inhibition","/wiki/Convective_instability","/wiki/Convective_temperature","/wiki/Equilibrium_level","/wiki/Helicity_(fluid_mechanics)#Meteorology","/wiki/Level_of_free_convection","/wiki/Lifted_index","/wiki/Bulk_Richardson_number","/wiki/Temperature","/wiki/Dew_point","/wiki/Equivalent_temperature","/wiki/Forest_fire_weather_index","/wiki/Haines_Index","/wiki/Heat_index","/wiki/Humidex","/wiki/Humidity","/wiki/Potential_temperature","/wiki/Equivalent_potential_temperature","/wiki/Sea_surface_temperature","/wiki/Wet-bulb_temperature","/wiki/Wet-bulb_potential_temperature","/wiki/Wind_chill","/wiki/Pressure","/wiki/Atmospheric_pressure","/wiki/Baroclinity","/wiki/Barotropic","/wiki/Template:Meteorological_equipment","/wiki/Template_talk:Meteorological_equipment","//en.wikipedia.org/w/index.php?title=Template:Meteorological_equipment&action=edit","/wiki/Meteorological_instrumentation","/wiki/Anemometer","/wiki/Atmometer","/wiki/Barograph","/wiki/Barometer","/wiki/Ceiling_balloon","/wiki/Ceiling_projector","/wiki/Ceilometer","/wiki/Dark_adaptor_goggles","/wiki/Disdrometer","/wiki/Field_mill","/wiki/Hygrometer","/wiki/Ice_accretion_indicator","/wiki/LIDAR","/wiki/Lightning_detection","/wiki/Nephelometer","/wiki/Nephoscope","/wiki/Pan_evaporation","/wiki/Pyranometer","/wiki/Radiosonde","/wiki/Rain_gauge","/wiki/Snow_gauge","/wiki/Snowboard_(meteorology)","/wiki/SODAR","/wiki/Solarimeter","/wiki/Sounding_rocket","/wiki/Stevenson_screen","/wiki/Sunshine_recorder","/wiki/Thermo-hygrograph","/wiki/Thermometer","/wiki/Tide_gauge","/wiki/Transmissometer","/wiki/Weather_balloon","/wiki/Weather_buoy","/wiki/Weather_radar","/wiki/Weather_vane","/wiki/Wind_profiler","/wiki/Windsock","/wiki/Template:Earth-based_meteorological_observation","/wiki/Template_talk:Earth-based_meteorological_observation","//en.wikipedia.org/w/index.php?title=Template:Earth-based_meteorological_observation&action=edit","/wiki/Weather_station","/wiki/Aircraft_report","/wiki/Automated_airport_weather_station","/wiki/Automatic_weather_station","/wiki/BUFR","/wiki/Dropsonde","/wiki/Hurricane_Hunters","/wiki/Mesonet","/wiki/METAR","/wiki/Pilot_report","/wiki/Weather_ship","/wiki/Aircraft_Communications_Addressing_and_Reporting_System","/wiki/Aircraft_Meteorological_Data_Relay","/wiki/Argo_(oceanography)","/wiki/Automated_Meteorological_Data_Acquisition_System","/wiki/Deep-ocean_Assessment_and_Reporting_of_Tsunamis","/wiki/FluxNet","/wiki/Global_Atmosphere_Watch","/wiki/Global_Sea_Level_Observing_System","/wiki/Research_Moored_Array_for_African-Asian-Australian_Monsoon_Analysis_and_Prediction","/wiki/Tropical_Atmosphere_Ocean_project","/wiki/Citizen_Weather_Observer_Program","/wiki/Coastal-Marine_Automated_Network","/wiki/NEXRAD","/wiki/Remote_Automated_Weather_Station","/wiki/Road_Weather_Information_System","/wiki/TAMDAR","/wiki/Template:Space-based_meteorological_observation","/wiki/Template_talk:Space-based_meteorological_observation","//en.wikipedia.org/w/index.php?title=Template:Space-based_meteorological_observation&action=edit","/wiki/Remote_sensing","/wiki/Defense_Weather_Satellite_System","/wiki/Earth_observation_satellite","/wiki/Geographic_information_system","/wiki/Weather_satellite","/wiki/Earth_Observing_System","/wiki/Tropical_Rainfall_Measuring_Mission","/wiki/Landsat_7","/wiki/QuikSCAT","/wiki/Terra_(satellite)","/wiki/Active_Cavity_Radiometer_Irradiance_Monitor_Satellite","/wiki/New_Millennium_Program","/wiki/Earth_Observing-1","/wiki/Jason-1","/wiki/Ocean_Surface_Topography_Mission","/wiki/Meteor_(satellite)#Meteor_3","/wiki/Stratospheric_Aerosol_and_Gas_Experiment","/wiki/Gravity_Recovery_and_Climate_Experiment","/wiki/Aqua_(satellite)","/wiki/Solar_Radiation_and_Climate_Experiment","/wiki/Aura_(satellite)","/wiki/CloudSat","/wiki/CALIPSO","/wiki/NPOESS","/w/index.php?title=Earth_System_Science_Pathfinder&action=edit&redlink=1","/wiki/Aquarius_(SAC-D_instrument)","/wiki/Landsat_Data_Continuity_Mission","/wiki/Soil_Moisture_Active_and_Passive_mission","/wiki/A-train_(satellite_constellation)","/wiki/Aqua_(satellite)","/wiki/Aura_(satellite)","/wiki/CALIPSO","/wiki/CloudSat","/wiki/GCOM-W","/wiki/Elektro-L","/wiki/Fengyun","/wiki/Geostationary_Operational_Environmental_Satellite","/wiki/Indian_National_Satellite_System","/wiki/Meteosat","/wiki/Multi-Functional_Transport_Satellite","/wiki/China%E2%80%93Brazil_Earth_Resources_Satellite_program","/wiki/Constellation_Observing_System_for_Meteorology,_Ionosphere,_and_Climate","/wiki/COSMO-SkyMed","/wiki/Defense_Meteorological_Satellite_Program","/wiki/Disaster_Monitoring_Constellation","/wiki/Envisat","/wiki/EROS_(satellite)","/wiki/European_Remote-Sensing_Satellite","/wiki/Fengyun","/wiki/FORMOSAT-2","/wiki/Greenhouse_Gases_Observing_Satellite","/wiki/IKONOS","/wiki/Landsat_program","/wiki/MetOp","/wiki/Meteor_(satellite)","/wiki/NOAA-19","/wiki/QuickBird","/wiki/RADARSAT-1","/wiki/RADARSAT-2","/wiki/Soil_Moisture_and_Ocean_Salinity_satellite","/wiki/SPOT_(satellites)","/wiki/TerraSAR-X","/wiki/THEOS_(satellite)","/wiki/ADEOS_I","/wiki/ADEOS_II","/wiki/FORMOSAT-1","/wiki/Geosat","/wiki/Himawari_(satellite)","/wiki/ICESat","/wiki/Nimbus_program","/wiki/Parasol_(satellite)","/wiki/SEASAT","/wiki/SeaWiFS","/wiki/Television_Infrared_Observation_Satellite","/wiki/TOPEX/Poseidon","/wiki/Upper_Atmosphere_Research_Satellite","/wiki/Project_Vanguard","/wiki/Orbiting_Carbon_Observatory","/wiki/Glory_(satellite)","/wiki/New_Millennium_Program","/wiki/Earth_Observing-3","http://en.wikipedia.org/w/index.php?title=Meteorology&oldid=543624334","/wiki/Help:Categories","/wiki/Category:Meteorology","/wiki/Category:Applied_and_interdisciplinary_physics","/wiki/Category:Oceanography","/wiki/Category:All_articles_with_dead_external_links","/wiki/Category:Articles_with_dead_external_links_from_June_2011","/wiki/Category:Articles_containing_Ancient_Greek_language_text","/wiki/Category:All_pages_needing_factual_verification","/wiki/Category:Wikipedia_articles_needing_factual_verification_from_September_2010","/wiki/Category:All_articles_with_unsourced_statements","/wiki/Category:Articles_with_unsourced_statements_from_September_2010","/w/index.php?title=Special:UserLogin&returnto=Meteorology&type=signup","/w/index.php?title=Special:UserLogin&returnto=Meteorology","/wiki/Meteorology","/wiki/Talk:Meteorology","#","/wiki/Meteorology","/w/index.php?title=Meteorology&action=edit","/w/index.php?title=Meteorology&action=history","#","/w/index.php","//bits.wikimedia.org/static-1.21wmf11/skins/vector/images/search-ltr.png?303-4","/wiki/Main_Page","/wiki/Main_Page","/wiki/Portal:Contents","/wiki/Portal:Featured_content","/wiki/Portal:Current_events","/wiki/Special:Random","//donate.wikimedia.org/wiki/Special:FundraiserRedirector?utm_source=donate&utm_medium=sidebar&utm_campaign=C13_en.wikipedia.org&uselang=en","/wiki/Help:Contents","/wiki/Wikipedia:About","/wiki/Wikipedia:Community_portal","/wiki/Special:RecentChanges","/wiki/Wikipedia:Contact_us","/wiki/Special:WhatLinksHere/Meteorology","/wiki/Special:RecentChangesLinked/Meteorology","/wiki/Wikipedia:File_Upload_Wizard","/wiki/Special:SpecialPages","/w/index.php?title=Meteorology&oldid=543624334","/w/index.php?title=Meteorology&action=info","/w/index.php?title=Special:Cite&page=Meteorology&id=543624334","/w/index.php?title=Special:Book&bookcmd=book_creator&referer=Meteorology","/w/index.php?title=Special:Book&bookcmd=render_article&arttitle=Meteorology&oldid=543624334&writer=rl","/w/index.php?title=Meteorology&printable=yes","//af.wikipedia.org/wiki/Meteorologie","//als.wikipedia.org/wiki/Meteorologie","//ar.wikipedia.org/wiki/%D8%B9%D9%84%D9%85_%D8%A7%D9%84%D8%B7%D9%82%D8%B3","//an.wikipedia.org/wiki/Meteoroloch%C3%ADa","//ast.wikipedia.org/wiki/Meteorolox%C3%ADa","//az.wikipedia.org/wiki/Meteorologiya","//bn.wikipedia.org/wiki/%E0%A6%86%E0%A6%AC%E0%A6%B9%E0%A6%BE%E0%A6%93%E0%A6%AF%E0%A6%BC%E0%A6%BE%E0%A6%AC%E0%A6%BF%E0%A6%A6","//be.wikipedia.org/wiki/%D0%9C%D0%B5%D1%82%D1%8D%D0%B0%D1%80%D0%B0%D0%BB%D0%BE%D0%B3%D1%96%D1%8F","//be-x-old.wikipedia.org/wiki/%D0%9C%D1%8D%D1%82%D1%8D%D0%B0%D1%80%D0%B0%D0%BB%D1%91%D0%B3%D1%96%D1%8F","//bg.wikipedia.org/wiki/%D0%9C%D0%B5%D1%82%D0%B5%D0%BE%D1%80%D0%BE%D0%BB%D0%BE%D0%B3%D0%B8%D1%8F","//bar.wikipedia.org/wiki/Meteorologie","//bo.wikipedia.org/wiki/%E0%BD%82%E0%BD%93%E0%BD%98%E0%BC%8B%E0%BD%82%E0%BD%A4%E0%BD%B2%E0%BD%A6%E0%BC%8B%E0%BD%A2%E0%BD%B2%E0%BD%82%E0%BC%8B%E0%BD%94%E0%BC%8D","//bs.wikipedia.org/wiki/Meteorologija","//ca.wikipedia.org/wiki/Meteorologia","//cs.wikipedia.org/wiki/Meteorologie","//cy.wikipedia.org/wiki/Meteoroleg","//da.wikipedia.org/wiki/Meteorologi","//de.wikipedia.org/wiki/Meteorologie","//et.wikipedia.org/wiki/Meteoroloogia","//el.wikipedia.org/wiki/%CE%9C%CE%B5%CF%84%CE%B5%CF%89%CF%81%CE%BF%CE%BB%CE%BF%CE%B3%CE%AF%CE%B1","//es.wikipedia.org/wiki/Meteorolog%C3%ADa","//eo.wikipedia.org/wiki/Meteologio","//ext.wikipedia.org/wiki/Meteorologia","//eu.wikipedia.org/wiki/Meteorologia","//fa.wikipedia.org/wiki/%D9%87%D9%88%D8%A7%D8%B4%D9%86%D8%A7%D8%B3%DB%8C","//fo.wikipedia.org/wiki/Ve%C3%B0urfr%C3%B8%C3%B0i","//fr.wikipedia.org/wiki/M%C3%A9t%C3%A9orologie","//fy.wikipedia.org/wiki/Waarkunde","//gd.wikipedia.org/wiki/Sgoil-aimsir","//gl.wikipedia.org/wiki/Meteorolox%C3%ADa","//ko.wikipedia.org/wiki/%EA%B8%B0%EC%83%81%ED%95%99","//hi.wikipedia.org/wiki/%E0%A4%AE%E0%A5%8C%E0%A4%B8%E0%A4%AE_%E0%A4%B5%E0%A4%BF%E0%A4%9C%E0%A5%8D%E0%A4%9E%E0%A4%BE%E0%A4%A8","//hr.wikipedia.org/wiki/Meteorologija","//io.wikipedia.org/wiki/Meteorologio","//id.wikipedia.org/wiki/Meteorologi","//ia.wikipedia.org/wiki/Meteorologia","//ie.wikipedia.org/wiki/Meteorologie","//is.wikipedia.org/wiki/Ve%C3%B0urfr%C3%A6%C3%B0i","//it.wikipedia.org/wiki/Meteorologia","//he.wikipedia.org/wiki/%D7%9E%D7%98%D7%90%D7%95%D7%A8%D7%95%D7%9C%D7%95%D7%92%D7%99%D7%94","//ka.wikipedia.org/wiki/%E1%83%9B%E1%83%94%E1%83%A2%E1%83%94%E1%83%9D%E1%83%A0%E1%83%9D%E1%83%9A%E1%83%9D%E1%83%92%E1%83%98%E1%83%90","//kk.wikipedia.org/wiki/%D0%9C%D0%B5%D1%82%D0%B5%D0%BE%D1%80%D0%BE%D0%BB%D0%BE%D0%B3%D0%B8%D1%8F","//sw.wikipedia.org/wiki/Metorolojia","//ht.wikipedia.org/wiki/Meteyoloji","//lad.wikipedia.org/wiki/Meteorolojiya","//la.wikipedia.org/wiki/Meteorologia","//lv.wikipedia.org/wiki/Meteorolo%C4%A3ija","//lb.wikipedia.org/wiki/Meteorologie","//lt.wikipedia.org/wiki/Meteorologija","//li.wikipedia.org/wiki/Meteorologie","//ln.wikipedia.org/wiki/Metey%C3%B3","//jbo.wikipedia.org/wiki/timske","//lmo.wikipedia.org/wiki/Meteurulug%C3%ADa","//hu.wikipedia.org/wiki/Meteorol%C3%B3gia","//ml.wikipedia.org/wiki/%E0%B4%85%E0%B4%A8%E0%B5%8D%E0%B4%A4%E0%B4%B0%E0%B5%80%E0%B4%95%E0%B5%8D%E0%B4%B7%E0%B4%B5%E0%B4%BF%E0%B4%9C%E0%B5%8D%E0%B4%9E%E0%B4%BE%E0%B4%A8%E0%B4%82","//mr.wikipedia.org/wiki/%E0%A4%B9%E0%A4%B5%E0%A4%BE%E0%A4%AE%E0%A4%BE%E0%A4%A8%E0%A4%B6%E0%A4%BE%E0%A4%B8%E0%A5%8D%E0%A4%A4%E0%A5%8D%E0%A4%B0","//ms.wikipedia.org/wiki/Meteorologi","//mwl.wikipedia.org/wiki/Meteorologie","//nl.wikipedia.org/wiki/Meteorologie","//ja.wikipedia.org/wiki/%E6%B0%97%E8%B1%A1%E5%AD%A6","//frr.wikipedia.org/wiki/W%C3%A4%C3%A4derkunde","//no.wikipedia.org/wiki/Meteorologi","//nn.wikipedia.org/wiki/Meteorologi","//nrm.wikipedia.org/wiki/Scienche_du_temps","//uz.wikipedia.org/wiki/Meteorologiya","//nds.wikipedia.org/wiki/Meteorologie","//pl.wikipedia.org/wiki/Meteorologia","//pt.wikipedia.org/wiki/Meteorologia","//ro.wikipedia.org/wiki/Meteorologie","//qu.wikipedia.org/wiki/Mit%27a_yachay","//ru.wikipedia.org/wiki/%D0%9C%D0%B5%D1%82%D0%B5%D0%BE%D1%80%D0%BE%D0%BB%D0%BE%D0%B3%D0%B8%D1%8F","//sq.wikipedia.org/wiki/Meteorologjia","//scn.wikipedia.org/wiki/Mitiurulugg%C3%ACa","//simple.wikipedia.org/wiki/Meteorology","//sk.wikipedia.org/wiki/Meteorol%C3%B3gia","//sl.wikipedia.org/wiki/Meteorologija","//sr.wikipedia.org/wiki/%D0%9C%D0%B5%D1%82%D0%B5%D0%BE%D1%80%D0%BE%D0%BB%D0%BE%D0%B3%D0%B8%D1%98%D0%B0","//sh.wikipedia.org/wiki/Meteorologija","//fi.wikipedia.org/wiki/Meteorologia","//sv.wikipedia.org/wiki/Meteorologi","//tl.wikipedia.org/wiki/Meteorolohiya","//ta.wikipedia.org/wiki/%E0%AE%B5%E0%AE%BE%E0%AE%A9%E0%AE%BF%E0%AE%B2%E0%AF%88%E0%AE%AF%E0%AE%BF%E0%AE%AF%E0%AE%B2%E0%AF%8D","//th.wikipedia.org/wiki/%E0%B8%AD%E0%B8%B8%E0%B8%95%E0%B8%B8%E0%B8%99%E0%B8%B4%E0%B8%A2%E0%B8%A1%E0%B8%A7%E0%B8%B4%E0%B8%97%E0%B8%A2%E0%B8%B2","//tg.wikipedia.org/wiki/%D2%B2%D0%B0%D0%B2%D0%BE%D1%88%D0%B8%D0%BD%D0%BE%D1%81%D3%A3","//tr.wikipedia.org/wiki/Meteoroloji","//tk.wikipedia.org/wiki/Meteorologi%C3%BDa","//uk.wikipedia.org/wiki/%D0%9C%D0%B5%D1%82%D0%B5%D0%BE%D1%80%D0%BE%D0%BB%D0%BE%D0%B3%D1%96%D1%8F","//vec.wikipedia.org/wiki/Meteoro%C5%82ogia","//vi.wikipedia.org/wiki/Kh%C3%AD_t%C6%B0%E1%BB%A3ng_h%E1%BB%8Dc","//fiu-vro.wikipedia.org/wiki/Meteoroloogia","//wa.wikipedia.org/wiki/Meteyorolodjeye","//war.wikipedia.org/wiki/Meteorolohiya","//yi.wikipedia.org/wiki/%D7%9E%D7%A2%D7%98%D7%A2%D7%90%D7%A8%D7%90%D7%9C%D7%90%D7%92%D7%99%D7%A2","//bat-smg.wikipedia.org/wiki/Meteuoruoluog%C4%97j%C4%97","//zh.wikipedia.org/wiki/%E6%B0%94%E8%B1%A1%E5%AD%A6","//www.wikidata.org/wiki/Special:ItemByTitle/enwiki/Meteorology","//en.wikipedia.org/wiki/Wikipedia:Text_of_Creative_Commons_Attribution-ShareAlike_3.0_Unported_License","//creativecommons.org/licenses/by-sa/3.0/","//wikimediafoundation.org/wiki/Terms_of_Use","//www.wikimediafoundation.org/","//en.wikipedia.org/wiki/Wikipedia:Contact_us","//wikimediafoundation.org/wiki/Privacy_policy","/wiki/Wikipedia:About","/wiki/Wikipedia:General_disclaimer","http://en.m.wikipedia.org/wiki/Meteorology","//wikimediafoundation.org/","//bits.wikimedia.org/images/wikimedia-button.png","//www.mediawiki.org/","//bits.wikimedia.org/static-1.21wmf11/skins/common/images/poweredby_mediawiki_88x31.png","//bits.wikimedia.org/en.wikipedia.org/load.php?debug=false&lang=en&modules=skins.vector&only=scripts&skin=vector&*","/w/index.php?title=MediaWiki:Gadget-ReferenceTooltips.js&action=raw&ctype=text/javascript&508635914","//bits.wikimedia.org/en.wikipedia.org/load.php?debug=false&lang=en&modules=site&only=scripts&skin=vector&*"],"instances":["meteorology","meteorology","chemistry","meteorology","physicist","meteorology","meteorology","spatial","astronomy","thermodynamics"],"pdf":["http://www.idosi.org/hssj/hssj2%281%2907/10.pdf","http://www.aos.princeton.edu/WWWPUBLIC/gkv/history/ferrel-nashville56.pdf","http://docs.lib.noaa.gov/rescue/Bibliographies/Bjerknes/Bjerknes_July_2004.pdf","http://docs.lib.noaa.gov/rescue/Bibliographies/Bjerknes/Bjerknes_July_2004.pdf","http://www.nwac.us/education_resources/Field_forecasting.pdf","http://www.tcdsb.org/environment/energydrill/EDSP_KeyMessages_FINAL.pdf","http://www.springerlink.com/index/R55V691512754216.pdf","http://www.springerlink.com/index/R55V691512754216.pdf"],"categories":["Meteorology|","Applied and interdisciplinary physics","Oceanography"],"headings":["History","Meteorologists","Equipment","Spatial scales","Some meteorological principles","Applications","See also","References","Further reading","External links"],"image":["//upload.wikimedia.org/wikipedia/commons/thumb/9/94/Cloud.jpg/32px-Cloud.jpg","//upload.wikimedia.org/wikipedia/commons/thumb/e/ee/ShipTracks_MODIS_2005may11.jpg/180px-ShipTracks_MODIS_2005may11.jpg","//upload.wikimedia.org/wikipedia/commons/thumb/3/3f/AlpineRainbow.jpg/220px-AlpineRainbow.jpg","//bits.wikimedia.org/static-1.21wmf11/skins/common/images/magnify-clip.png","//upload.wikimedia.org/wikipedia/commons/thumb/1/10/Baker_beach_at_twilight_41.jpg/220px-Baker_beach_at_twilight_41.jpg","//bits.wikimedia.org/static-1.21wmf11/skins/common/images/magnify-clip.png","//upload.wikimedia.org/wikipedia/commons/thumb/6/61/Wea00920.jpg/220px-Wea00920.jpg","//bits.wikimedia.org/static-1.21wmf11/skins/common/images/magnify-clip.png","//upload.wikimedia.org/wikipedia/commons/thumb/6/6d/Earth_Global_Circulation.jpg/300px-Earth_Global_Circulation.jpg","//bits.wikimedia.org/static-1.21wmf11/skins/common/images/magnify-clip.png","//upload.wikimedia.org/wikipedia/commons/thumb/5/58/Wolkenstockwerke.png/300px-Wolkenstockwerke.png","//bits.wikimedia.org/static-1.21wmf11/skins/common/images/magnify-clip.png","//upload.wikimedia.org/wikipedia/en/thumb/6/6e/Weather_Bureau_1965.jpg/220px-Weather_Bureau_1965.jpg","//bits.wikimedia.org/static-1.21wmf11/skins/common/images/magnify-clip.png","//upload.wikimedia.org/wikipedia/commons/thumb/2/2b/Hurac%C3%A1n_Hugo.jpg/220px-Hurac%C3%A1n_Hugo.jpg","//bits.wikimedia.org/static-1.21wmf11/skins/common/images/magnify-clip.png","//upload.wikimedia.org/wikipedia/commons/thumb/c/ca/Surface_analysis.gif/300px-Surface_analysis.gif","//bits.wikimedia.org/static-1.21wmf11/skins/common/images/magnify-clip.png","//upload.wikimedia.org/wikipedia/commons/thumb/2/21/WOA09_sea-surf_TMP_AYool.png/300px-WOA09_sea-surf_TMP_AYool.png","//bits.wikimedia.org/static-1.21wmf11/skins/common/images/magnify-clip.png","//upload.wikimedia.org/wikipedia/commons/thumb/4/42/Day5pressureforecast.gif/300px-Day5pressureforecast.gif","//bits.wikimedia.org/static-1.21wmf11/skins/common/images/magnify-clip.png","//upload.wikimedia.org/wikipedia/commons/thumb/9/94/Cloud.jpg/32px-Cloud.jpg","//bits.wikimedia.org/static-1.21wmf11/skins/vector/images/search-ltr.png?303-4","//bits.wikimedia.org/images/wikimedia-button.png","//bits.wikimedia.org/static-1.21wmf11/skins/common/images/poweredby_mediawiki_88x31.png"],"tags":[["scale","spatial"],["aurora","astronomy"],["john_leslie","physicist"],["reversible_process","thermodynamics"],["isobar","meteorology"],["front","meteorology"],["precipitation","meteorology"],["aerography","meteorology"],["precipitation","meteorology"],["deposition","meteorology"],["sublimation","chemistry"]],"members":["deposition","front","sublimation","aerography","john_leslie","precipitation","isobar","scale","aurora","reversible_process"],"related":["Interdisciplinary","Atmosphere","Weather_forecasting","List_of_meteorological_phenomena","Temperature","Air_pressure","Water_vapor","Scale_(spatial)","Climatology","Atmospheric_physics","Atmospheric_chemistry","Atmospheric_sciences","Hydrology","Hydrometeorology","Ancient_Greek","Savoie","India","Upanishads","Varāhamihira","Aristotle","Water_Cycle","Ancient_Greece","Theophrastus","Pomponius_Mela","Roman_Empire","Al-Dinawari","Agriculture","Muslim_Agricultural_Revolution","Planet","Constellation","Moon","Lunar_phase","Season","Astronomical_object","Atmospheric_refraction","Alhazen","Twilight","Horizon","Earth's_atmosphere","St._Albert_the_Great","National_Oceanic_and_Atmospheric_Administration","Roger_Bacon","Kamāl_al-Dīn_al-Fārisī","Theodoric_of_Freiberg","Rainbow","Aurora_(astronomy)","Earth's_magnetic_field","Sejong_the_Great_of_Joseon","Rain_gauge","Joseon_Dynasty","Korea","Leone_Battista_Alberti","Anemometer","Galileo_Galilei","Galileo_thermometer","Johannes_Kepler","Evangelista_Torricelli","Barometer","Christopher_Wren","Gabriel_Fahrenheit","Anders_Celsius","Celsius","Hygrometer","Horace-Bénédict_de_Saussure","Luke_Howard","List_of_cloud_types","Latin","University_of_Birmingham","Francis_Beaufort","Beaufort_scale","BBC","Cloud_atlas","Weather_satellite","TIROS-1","Blaise_Pascal","Atmospheric_pressure","Daniel_Bernoulli","Kinetic_theory","Joseph_Black","Ice","Heat","Daniel_Rutherford","Nitrogen","Phlogiston_theory","Antoine_Lavoisier","Oxygen","Caloric_theory","A_Guide_to_the_Scientific_Knowledge_of_Things_Familiar","John_Leslie_(physicist)","Black_body_radiation","John_Dalton","Heat_capacity","Atomic_weight","Nicolas_Léonard_Sadi_Carnot","Steam_engine","Reversible_process_(thermodynamics)","Second_law_of_thermodynamics","Christopher_Columbus","Edmund_Halley","Trade_wind","Monsoon","Atmospheric_circulation","Trade_winds","George_Hadley","Benjamin_Franklin","Tropical_cyclone","William_Ferrel","Ferrel_cell","William_Ferrel","Pressure_gradient_force","Isobar_(meteorology)","Vilhelm_Bjerknes","Norwegian_cyclone_model","Extratropical_cyclone","Front_(meteorology)","Air_mass","Carl-Gustaf_Rossby","Fluid_dynamics","Tor_Bergeron","Jacob_Bjerknes","Ferdinando_II_de_Medici","Florence","Cutigliano","Vallombrosa","Bologna","Parma","Milan","Innsbruck","Osnabrück","Warsaw","Baron_Schilling","Australian_Broadcasting_Corporation","Electrical_telegraph","Surface_weather_observation","Library_of_Congress","Smithsonian_Institution","Joseph_Henry","Robert_FitzRoy","Met_Office","India_Meteorological_Department","Monsoon","Famine","India_Meteorological_Department","Helsinki_University","Japan_Meteorological_Agency","Japan_Meteorological_Agency","United_States_Weather_Bureau","United_States_Department_of_Agriculture","Bureau_of_Meteorology","Vilhelm_Bjerknes","Physical_law","Numerical_weather_prediction","Lewis_Fry_Richardson","Numerical_instability","Number","Weather_forecast","Barotropic","Rossby_wave","Low_pressure_area","High_pressure_area","Chaos_theory","Edward_Lorenz","Chaos_theory","Ensemble_forecasting","Climate_model","Climate","Greenhouse_gas","American_Meteorological_Society","Government_agencies","Research","Television_stations","Education","Reporters","American_Meteorological_Society","National_Weather_Association","Polar_low","Rain_gauge","Aristotle","Weather_station","Weather_buoy","Atmospheric_pressure","Humidity","Radiosondes","Aircraft_Meteorological_Data_Relay","World_Meteorological_Organization","Remote_sensing","Radar","Lidar","Satellites","Photogrammetry","EM_radiation","El_Niño","Geospatial","Tropopause","Stratosphere","Thunderstorm","Squall_line","Weather_front","Rainbands","Tropical_cyclone","Extratropical_cyclone","Sea_breeze","American_Meteorological_Society","Synoptic_meteorology","Weather_front","Jet_stream","Weather_map","Weather_station","Tropics","Geographical_pole","Madden-Julian_Oscillation","El_Niño-Southern_Oscillation","Pacific_decadal_oscillation","Naval_Research_Laboratory","Navy_Operational_Global_Atmospheric_Prediction_System","Fleet_Numerical_Meteorology_and_Oceanography_Center","United_States_Military","Boundary_layer","Planetary_boundary_layer","Friction","Turbulence","Flux","Sensible_heat","Matter","Momentum","Fluid_dynamics","Air_parcel","Earth's_atmosphere","Data","NASA","Atmospheric_pressure","Numerical_weather_prediction","Teleconnection","Chaos_theory","Chris_Landsea","National_Weather_Service","Precipitation_(meteorology)","Associated_Press","The_New_York_Times","BBC","Wind_chill","Air_traffic_control","Aeronautical_Information_Manual","Aeronautical_Information_Publication","Aeronautical_Information_Manual","Soil_science","Agronomy","Crop_yield","Phenology","Hydrometeorology","Hydrologic_cycle","Storm","Radioactive","Aerosol","Gas","Ocean_Prediction_Center","National_Weather_Service","Met_Office","JMA","Military","United_States_Navy","Commander,_Naval_Meteorology_and_Oceanography_Command","United_States_Marine_Corps","United_States_Air_Force","Air_Force_Weather_Agency","United_States_Army","Aerography_(meteorology)","American_Practical_Navigator","Atmospheric_circulation","Atmospheric_layers","Atmospheric_models","Atmospheric_thermodynamics","Eddy_covariance","ENSO","Index_of_meteorology_articles","List_of_weather_instruments","List_of_meteorology_institutions","List_of_Russian_meteorologists","Madden-Julian_oscillation","Meteorological_Winter","National_Weatherperson's_Day","Space_weather","Walker_circulation","Weather_and_climate","Oxford_University_Press","Absolute_stable_air","Temperature_inversion","Dine's_compensation","Precipitation_(meteorology)","Cyclone","Anticyclone","Thermal","Tropical_cyclone","Vertical_draft","Extratropical_cyclone","Atmospheric_pressure","Low_pressure_area","High_pressure_area","Dew_point","Weather_front","Jet_stream","Wind_chill","Heat_index","Equivalent_potential_temperature","Primitive_equations","Pilot_Reports","Thunderstorm","Lightning","Thunder","Hail","Tornado","Convection","Blizzard","Supercell","El_Niño","Monsoon","Flood","Drought","Global_warming","Effect_of_sun_angle_on_climate","Atmospheric_dispersion_modeling","List_of_atmospheric_dispersion_models","Smog","Deposition_(meteorology)","Dust_devil","Fog","Tide","Wind","Cloud","Air_mass","Evaporation","Sublimation_(chemistry)","Ice","Crepuscular_rays","Anticrepuscular_rays","Weather_disasters","Extreme_weather","List_of_severe_weather_phenomena","Alberta_clipper","El_Niño","Derecho","Gulf_Stream","La_Niña","Jet_stream","North_Atlantic_Oscillation","Madden-Julian_oscillation","Pacific_decadal_oscillation","Pineapple_Express","Sirocco","Siberian_Express","Walker_circulation"]}