{"cursor":"3627","size":15,"audio":[],"currentlang":"en","article":"A 'sponsor', in the United States Congress, is a senator or representative who\nintroduces a bill or amendment and is its chief advocate. C-Span Glossary,\n[http://www.c-span.org/guide/congress/glossary/sponsor.htm \"Sponsor\"]\nCommittees are occasionally identified as sponsors of legislation as well. A\nsponsor is also sometimes called a \"primary sponsor.\"\n\nIt should not be assumed that a bill's sponsor actually drafted it. The bill may\nhave been drafted by a staff member, by an interest group, or by\nothers. Sagers. Chris.\n[http://papers.ssrn.com/sol3/papers.cfm?abstract_id=1113026 âA Statute by Any\nOther (Non-Acronomial) Name Might Smell Less Like S.P.AM., or, The Congress of\nthe United States Grows Increasingly D.U.M.B.â], Cleveland-Marshall Legal\nStudies Paper No. 08-151 (2008): \"bills may also be drafted by constituents or\ninterest groups, by state legislatures ('memorializing' Congress to enact\nfederal laws), by administrative agencies, or by commissions appointed by the\npresident or a cabinet member.\" In the Senate, multiple sponsorship of a\nbill is permitted. Johnson, Charles.\n[http://thomas.loc.gov/home/lawsmade.toc.html \"How Our Laws Are Made\"], United\nStates House of Representatives (2003).\n\nIn contrast to a sponsor, a \"cosponsor\" is a senator or representative who adds\nhis or her name as a supporter to the sponsor's bill. An \"initial cosponsor\" or\n\"original cosponsor\" is a senator or representative who was listed as a\ncosponsor at the time of a bill's introduction, rather than added as a cosponsor\nlater on. C-Span Glossary, [http://www.c-\nspan.org/guide/congress/glossary/cospon.htm \"Cosponsor\"]. A cosponsor\nadded later is known as an \"additional cosponsor\". Some\nbills have hundreds of cosponsors. Fitch, Brad.\n[http://www.thecapitol.net/Publications/mediarelationsSampSec10_6.html âMedia\nRelations Handbook for Agencies, Associations, Nonprofits, And Congressâ]\n(TheCapitol.Net 2004): âSome bills have hundreds of cosponsors, since members\ncan easily add their support to any bill introduced and sometimes do it verbally\nwithout notifying staff.â\n","linknr":357,"url":"Sponsor_(legislative)","recorded":1363501264,"links":["/w/index.php?title=Sponsor_(legislative)&action=edit","/w/index.php?title=Sponsor_(legislative)&action=edit","//en.wikipedia.org/apple-touch-icon.png","//bits.wikimedia.org/favicon/wikipedia.ico","/w/opensearch_desc.php","//en.wikipedia.org/w/api.php?action=rsd","//creativecommons.org/licenses/by-sa/3.0/","/w/index.php?title=Special:RecentChanges&feed=atom","//bits.wikimedia.org/en.wikipedia.org/load.php?debug=false&lang=en&modules=ext.gadget.DRN-wizard%2CReferenceTooltips%2Ccharinsert%2Cteahouse%7Cext.wikihiero%7Cmediawiki.legacy.commonPrint%2Cshared%7Cmw.PopUpMediaTransform%7Cskins.vector&only=styles&skin=vector&*","//bits.wikimedia.org/en.wikipedia.org/load.php?debug=false&lang=en&modules=site&only=styles&skin=vector&*","//bits.wikimedia.org/en.wikipedia.org/load.php?debug=false&lang=en&modules=startup&only=scripts&skin=vector&*","//bits.wikimedia.org/geoiplookup","//meta.wikimedia.org","#mw-head","#p-search","/wiki/United_States_Congress","/wiki/United_States_Senate","/wiki/United_States_House_of_Representatives","/wiki/Bill_(proposed_law)","/wiki/Amend_(motion)","#cite_note-1","/wiki/United_States_Congressional_committee","#cite_note-Johnson-2","#cite_note-3","#cite_note-Johnson-2","#cite_note-Johnson-2","#cite_note-4","#cite_note-Johnson-2","#cite_note-5","/w/index.php?title=Sponsor_(legislative)&action=edit&section=1","http://thomas.loc.gov/bss/d110/sponlst.html","http://thomas.loc.gov/bss/d109/sponlst.html","http://thomas.loc.gov/bss/d108/sponlst.html","http://thomas.loc.gov/bss/d107/sponlst.html","http://thomas.loc.gov/bss/d106/sponlst.html","http://thomas.loc.gov/bss/d105/sponlst.html","http://thomas.loc.gov/bss/d104/sponlst.html","http://thomas.loc.gov/bss/d103/sponlst.html","http://thomas.loc.gov/bss/d102/sponlst.html","http://thomas.loc.gov/bss/d101/sponlst.html","http://thomas.loc.gov/bss/d100/sponlst.html","http://thomas.loc.gov/bss/d099/sponlst.html","http://thomas.loc.gov/bss/d098/sponlst.html","http://thomas.loc.gov/bss/d097/sponlst.html","http://thomas.loc.gov/bss/d096/sponlst.html","http://thomas.loc.gov/bss/d095/sponlst.html","http://thomas.loc.gov/bss/d094/sponlst.html","http://thomas.loc.gov/bss/d093/sponlst.html","/w/index.php?title=Sponsor_(legislative)&action=edit&section=2","#cite_ref-1","http://www.c-span.org/guide/congress/glossary/sponsor.htm","#cite_ref-Johnson_2-0","#cite_ref-Johnson_2-1","#cite_ref-Johnson_2-2","#cite_ref-Johnson_2-3","http://thomas.loc.gov/home/lawsmade.toc.html","#cite_ref-3","http://papers.ssrn.com/sol3/papers.cfm?abstract_id=1113026","#cite_ref-4","http://www.c-span.org/guide/congress/glossary/cospon.htm","#cite_ref-5","http://www.thecapitol.net/Publications/mediarelationsSampSec10_6.html","/wiki/Template:United_States_Congress","/wiki/Template_talk:United_States_Congress","//en.wikipedia.org/w/index.php?title=Template:United_States_Congress&action=edit","/wiki/United_States_Congress","/wiki/United_States_House_of_Representatives","/wiki/United_States_Senate","/wiki/113th_United_States_Congress","/wiki/Member_of_Congress","/wiki/List_of_members_of_the_United_States_Congress_by_longevity_of_service","/wiki/List_of_freshman_class_members_of_the_113th_United_States_Congress","/wiki/List_of_youngest_members_of_the_United_States_Congress","/wiki/Resident_Commissioner_of_Puerto_Rico","/wiki/Delegate_(United_States_Congress)","/wiki/List_of_historical_longest-serving_members_of_the_United_States_Congress","/wiki/List_of_current_United_States_Senators","/wiki/Seniority_in_the_United_States_Senate","/wiki/List_of_current_United_States_Senators_by_age","/wiki/Dean_of_the_United_States_Senate","/wiki/List_of_former_United_States_senators","/wiki/List_of_living_former_United_States_Senators","/wiki/List_of_the_oldest_United_States_Senators","/wiki/Earliest_serving_United_States_Senator","/wiki/List_of_longest-living_United_States_Senators","/wiki/List_of_United_States_senators_expelled_or_censured","/wiki/Classes_of_United_States_Senators","/wiki/Veterans_in_the_United_States_Senate","/wiki/Current_members_of_the_United_States_House_of_Representatives","/wiki/List_of_current_members_of_the_United_States_House_of_Representatives_by_seniority","/wiki/List_of_current_members_of_the_United_States_House_of_Representatives_by_age","/wiki/Dean_of_the_United_States_House_of_Representatives","/wiki/List_of_former_members_of_the_United_States_House_of_Representatives","/wiki/List_of_living_former_members_of_the_United_States_House_of_Representatives","/wiki/List_of_the_oldest_members_of_the_United_States_House_of_Representatives","/wiki/List_of_the_oldest_living_members_of_the_United_States_House_of_Representatives","/wiki/Earliest_serving_United_States_Representative","/wiki/List_of_United_States_Representatives_expelled,_censured,_or_reprimanded","/wiki/List_of_members_of_the_United_States_Congress_by_year_of_death","/wiki/Veterans_in_the_United_States_House_of_Representatives","/wiki/Vice_President_of_the_United_States","/wiki/List_of_the_Presidents_of_the_United_States_Senate","/wiki/President_pro_tempore_of_the_United_States_Senate","/wiki/List_of_Presidents_pro_tempore_of_the_United_States_Senate","/wiki/Party_leaders_of_the_United_States_Senate","/wiki/Assistant_party_leaders_of_the_United_States_Senate","/wiki/Democratic_Caucus_of_the_United_States_Senate","/wiki/Democratic_Conference_Chairman_of_the_United_States_Senate","/wiki/United_States_Senate_Democratic_Conference_Secretary","/wiki/Senate_Democratic_Policy_Committee","/wiki/Republican_Conference_of_the_United_States_Senate","/wiki/Republican_Conference_Chairman_of_the_United_States_Senate","/wiki/Republican_Conference_Vice-Chair_of_the_United_States_Senate","/wiki/Republican_Policy_Committee_Chairman_of_the_United_States_Senate","/wiki/Speaker_of_the_United_States_House_of_Representatives","/wiki/List_of_Speakers_of_the_United_States_House_of_Representatives","/wiki/Leaders_of_the_United_States_House_of_Representatives","/wiki/Bipartisan_Legal_Advisory_Group","/wiki/Democratic_Caucus_of_the_United_States_House_of_Representatives","/wiki/Republican_Conference_of_the_United_States_House_of_Representatives","/wiki/List_of_United_States_congressional_districts","/wiki/United_States_congressional_apportionment","/wiki/List_of_United_States_congressional_districts_by_area","/wiki/African_Americans_in_the_United_States_Congress","/wiki/List_of_Hispanic_and_Latino_Americans_in_the_United_States_Congress","/wiki/List_of_Asian_Pacific_Americans_in_the_United_States_Congress","/wiki/Congressional_caucus","/wiki/Women_in_the_United_States_House_of_Representatives","/wiki/Women_in_the_United_States_Senate","/wiki/Salaries_of_members_of_the_United_States_Congress","/wiki/Franking","/wiki/Speech_or_Debate_Clause","/wiki/Government_Accountability_Office","/wiki/Comptroller_General_of_the_United_States","/wiki/Congressional_Budget_Office","/wiki/Architect_of_the_Capitol","/wiki/United_States_Capitol_Police","/wiki/Capitol_Police_Board","/wiki/United_States_Capitol_Guide_Service","/wiki/United_States_Capitol_Guide_Board","/wiki/United_States_Congress_Office_of_Compliance","/wiki/Library_of_Congress","/wiki/United_States_Government_Printing_Office","/wiki/Office_of_Technology_Assessment","/wiki/Secretary_of_the_United_States_Senate","/wiki/Chaplain_of_the_United_States_Senate","/wiki/Sergeant_at_Arms_of_the_United_States_Senate","/wiki/Curator_of_the_United_States_Senate","/wiki/Historian_of_the_United_States_Senate","/wiki/United_States_Senate_Librarian","/wiki/Parliamentarian_of_the_United_States_Senate","/wiki/United_States_Senate_Page","/wiki/United_States_Senate_Library","/wiki/Curator_of_the_United_States_Senate","/wiki/Historian_of_the_United_States_Senate","/wiki/Clerk_of_the_United_States_House_of_Representatives","/wiki/Chief_Administrative_Officer_of_the_United_States_House_of_Representatives","/wiki/Chaplain_of_the_United_States_House_of_Representatives","/wiki/Doorkeeper_of_the_United_States_House_of_Representatives","/wiki/Postmaster_of_the_United_States_House_of_Representatives","/wiki/Sergeant_at_Arms_of_the_United_States_House_of_Representatives","/wiki/Historian_of_the_United_States_House_of_Representatives","/wiki/Parliamentarian_of_the_United_States_House_of_Representatives","/wiki/Reading_Clerk_of_the_United_States_House_of_Representatives","/wiki/United_States_House_of_Representatives_Page","/wiki/House_Page_Board","/wiki/Floor_Services_Chief","/wiki/Director_of_Floor_Operations","/wiki/Office_of_Congressional_Ethics","/wiki/United_States_House_of_Representatives_Office_of_Emergency_Planning,_Preparedness,_and_Operations","/wiki/United_States_House_of_Representatives_Office_of_Interparliamentary_Affairs","/wiki/Office_of_the_Law_Revision_Counsel","/wiki/Article_One_of_the_United_States_Constitution","/wiki/Copyright_Clause","/wiki/Declaration_of_war_by_the_United_States","/wiki/Commerce_Clause","/wiki/Dormant_Commerce_Clause","/wiki/Contempt_of_Congress","/wiki/Impeachment_in_the_United_States","/wiki/United_States_nationality_law","/wiki/Necessary_and_Proper_Clause","/wiki/Congressional_power_of_enforcement","/wiki/Taxing_and_Spending_Clause","/wiki/Parliamentary_procedure","/wiki/Act_of_Congress","/wiki/List_of_United_States_federal_legislation","/wiki/Rider_(legislation)","/wiki/Discharge_petition","/wiki/Unanimous_consent","/wiki/Suspension_of_the_rules_in_the_United_States_Congress","/wiki/Joint_resolution","/wiki/Concurrent_resolution","/wiki/Appropriation_bill","/wiki/Enrolled_bill","/wiki/Engrossed_bill","/wiki/Budget_resolution","/wiki/Continuing_resolution","/wiki/Procedures_of_the_United_States_House_of_Representatives","/wiki/Expulsion_from_the_United_States_Congress","/wiki/Joint_session_of_the_United_States_Congress","/wiki/List_of_joint_sessions_of_the_United_States_Congress","/wiki/Closed_sessions_of_the_United_States_House_of_Representatives","/wiki/Closed_sessions_of_the_United_States_Senate","/wiki/Lame_duck_session_(United_States)","/wiki/Cloture","/wiki/Reconciliation_(United_States_Congress)","/wiki/Veto_override","/wiki/United_States_congressional_committee","/wiki/Congressional_oversight","/wiki/United_States_congressional_hearing","/wiki/Discharge_petition","/wiki/Markup_(legislation)","/wiki/Chairman","/wiki/Ranking_member","/wiki/Standing_committee_(United_States_Congress)","/wiki/Select_or_special_committee_(United_States_Congress)","/wiki/Joint_committee","/wiki/United_States_congressional_subcommittee","/wiki/Committee_of_the_Whole_(United_States_House_of_Representatives)","/wiki/United_States_congressional_conference_committee","/wiki/Select_committee","/wiki/List_of_United_States_Senate_committees","/wiki/List_of_United_States_House_of_Representatives_committees","/wiki/Presiding_Officer_of_the_United_States_Senate","/wiki/Jefferson%27s_Manual","/wiki/Standing_Rules_of_the_United_States_Senate","/wiki/Riddick%27s_Senate_Procedure","/wiki/Seniority_in_the_United_States_Senate","/wiki/Classes_of_United_States_Senators","/wiki/Traditions_of_the_United_States_Senate","/wiki/List_of_tie-breaking_votes_cast_by_Vice_Presidents_of_the_United_States","/wiki/Advice_and_consent","/wiki/Recess_appointment","/wiki/Executive_session","/wiki/Senatorial_courtesy","/wiki/Filibuster_in_the_United_States_Senate","/wiki/Nuclear_option","/wiki/Executive_communication","/wiki/Secret_hold","/wiki/Treaty_Clause","/wiki/United_States_Senate_Journal","/wiki/Mace_of_the_United_States_House_of_Representatives","/wiki/Gavel#United_States_Congress_gavels","/wiki/History_of_the_United_States_Senate","/wiki/History_of_the_United_States_House_of_Representatives","/wiki/Party_divisions_of_United_States_Congresses","/wiki/Gerrymandering#United_States","/wiki/United_States_Capitol_Complex","/wiki/United_States_Capitol","/wiki/United_States_Capitol_dome","/wiki/United_States_Capitol_rotunda","/wiki/United_States_Capitol_crypt","/wiki/National_Statuary_Hall","/wiki/United_States_Capitol_Visitor_Center","/wiki/The_Apotheosis_of_Washington","/wiki/Statue_of_Freedom","/wiki/Congressional_office_buildings","/wiki/Cannon_House_Office_Building","/wiki/Ford_House_Office_Building","/wiki/Longworth_House_Office_Building","/wiki/Rayburn_House_Office_Building","/wiki/O%27Neill_House_Office_Building","/wiki/House_Office_Building_Commission","/wiki/Dirksen_Senate_Office_Building","/wiki/Hart_Senate_Office_Building","/wiki/Russell_Senate_Office_Building","/wiki/United_States_Botanic_Garden","/wiki/Old_Supreme_Court_Chamber","/wiki/Senate_Staff_Health_and_Fitness_Facility","/wiki/Capitol_Power_Plant","/wiki/Old_Senate_Chamber","/wiki/Recording_Studio_of_the_United_States_House_of_Representatives","/wiki/Daniel_Webster_Senate_Page_Residence","/wiki/United_States_Capitol_subway_system","/wiki/Library_of_Congress","/wiki/Congressional_Research_Service","/wiki/Congressional_Research_Service_reports","/wiki/Law_Library_of_Congress","/wiki/THOMAS","/wiki/United_States_Copyright_Office","/wiki/Register_of_Copyrights","/wiki/United_States_Poet_Laureate","/wiki/Thomas_Jefferson_Building","/wiki/John_Adams_Building","/wiki/James_Madison_Memorial_Building","/wiki/United_States_Government_Printing_Office","/wiki/Public_Printer_of_the_United_States","/wiki/Congressional_Record","/wiki/Official_Congressional_Directory","/wiki/United_States_Congressional_Serial_Set","/wiki/United_States_Statutes_at_Large","/wiki/United_States_Code","/wiki/C-SPAN","/wiki/Congressional_Quarterly","/wiki/The_Hill_(newspaper)","/wiki/Politico_(newspaper)","/wiki/Roll_Call","/wiki/List_of_United_States_congressional_lists","/wiki/Congressional_staff","/wiki/Dear_colleague_letter_(United_States)","/wiki/Divided_government","/wiki/Majority_of_the_majority","/wiki/Saxbe_fix","/wiki/List_of_United_States_Senate_election_disputes","http://www.house.gov","http://www.senate.gov","http://en.wikipedia.org/w/index.php?title=Sponsor_(legislative)&oldid=537962114","/wiki/Help:Categories","/wiki/Category:Terminology_of_the_United_States_Congress","/w/index.php?title=Special:UserLogin&returnto=Sponsor+%28legislative%29&type=signup","/w/index.php?title=Special:UserLogin&returnto=Sponsor+%28legislative%29","/wiki/Sponsor_(legislative)","/w/index.php?title=Talk:Sponsor_(legislative)&action=edit&redlink=1","#","/wiki/Sponsor_(legislative)","/w/index.php?title=Sponsor_(legislative)&action=edit","/w/index.php?title=Sponsor_(legislative)&action=history","#","/w/index.php","//bits.wikimedia.org/static-1.21wmf11/skins/vector/images/search-ltr.png?303-4","/wiki/Main_Page","/wiki/Main_Page","/wiki/Portal:Contents","/wiki/Portal:Featured_content","/wiki/Portal:Current_events","/wiki/Special:Random","//donate.wikimedia.org/wiki/Special:FundraiserRedirector?utm_source=donate&utm_medium=sidebar&utm_campaign=C13_en.wikipedia.org&uselang=en","/wiki/Help:Contents","/wiki/Wikipedia:About","/wiki/Wikipedia:Community_portal","/wiki/Special:RecentChanges","/wiki/Wikipedia:Contact_us","/wiki/Special:WhatLinksHere/Sponsor_(legislative)","/wiki/Special:RecentChangesLinked/Sponsor_(legislative)","/wiki/Wikipedia:File_Upload_Wizard","/wiki/Special:SpecialPages","/w/index.php?title=Sponsor_(legislative)&oldid=537962114","/w/index.php?title=Sponsor_(legislative)&action=info","/w/index.php?title=Special:Cite&page=Sponsor_%28legislative%29&id=537962114","/w/index.php?title=Special:Book&bookcmd=book_creator&referer=Sponsor+%28legislative%29","/w/index.php?title=Special:Book&bookcmd=render_article&arttitle=Sponsor+%28legislative%29&oldid=537962114&writer=rl","/w/index.php?title=Sponsor_(legislative)&printable=yes","//en.wikipedia.org/wiki/Wikipedia:Text_of_Creative_Commons_Attribution-ShareAlike_3.0_Unported_License","//creativecommons.org/licenses/by-sa/3.0/","//wikimediafoundation.org/wiki/Terms_of_Use","//www.wikimediafoundation.org/","//en.wikipedia.org/wiki/Wikipedia:Contact_us","//wikimediafoundation.org/wiki/Privacy_policy","/wiki/Wikipedia:About","/wiki/Wikipedia:General_disclaimer","http://en.m.wikipedia.org/wiki/Sponsor_(legislative)","//wikimediafoundation.org/","//bits.wikimedia.org/images/wikimedia-button.png","//www.mediawiki.org/","//bits.wikimedia.org/static-1.21wmf11/skins/common/images/poweredby_mediawiki_88x31.png","//bits.wikimedia.org/en.wikipedia.org/load.php?debug=false&lang=en&modules=skins.vector&only=scripts&skin=vector&*","/w/index.php?title=MediaWiki:Gadget-ReferenceTooltips.js&action=raw&ctype=text/javascript&508635914","//bits.wikimedia.org/en.wikipedia.org/load.php?debug=false&lang=en&modules=site&only=scripts&skin=vector&*"],"instances":["motion","proposed_law"],"pdf":[],"categories":["Terminology of the United States Congress"],"headings":["External links","Footnotes"],"image":["//bits.wikimedia.org/static-1.21wmf11/skins/vector/images/search-ltr.png?303-4","//bits.wikimedia.org/images/wikimedia-button.png","//bits.wikimedia.org/static-1.21wmf11/skins/common/images/poweredby_mediawiki_88x31.png"],"tags":[["bill","proposed_law"],["amend","motion"]],"members":["amend","bill"],"related":["United_States_Congress","United_States_Senate","United_States_House_of_Representatives","Bill_(proposed_law)","Amend_(motion)","United_States_Congressional_committee"]}