{"cursor":"6418","size":15,"audio":[],"currentlang":"en","article":"\n\nA 'mousepad' (US) or 'mouse mat' (UK) is a surface for placing and moving a\ncomputer mouse. A mousepad enhances the usability of the mouse compared to using\na mouse directly on a table by providing a surface to allow the tracking LED or\nball (in former models) to measure movement accurately and without jitter. Some\nmousepads increase ergonomics by providing a padded wrist rest.\n","linknr":183,"url":"Mouse_mat","recorded":1362898014,"links":36,"instances":["office_equipment","geology","material"],"pdf":["http://www.dicklyon.com/tech/OMouse/DesigningTestingOMouse.pdf","http://www.dicklyon.com/tech/OMouse/DesigningTestingOMouse.pdf"],"categories":["Pointing devices","Computing input devices","History of human–computer interaction","Video game control methods","American inventions"],"headings":["History","Benefits","Types","Materials","References","External links"],"image":["//upload.wikimedia.org/wikipedia/commons/thumb/b/b4/Mousepad_out.jpg/220px-Mousepad_out.jpg","//bits.wikimedia.org/static-1.21wmf9/skins/common/images/magnify-clip.png","//upload.wikimedia.org/wikipedia/en/thumb/d/db/Mouse_tray.png/220px-Mouse_tray.png","//bits.wikimedia.org/static-1.21wmf9/skins/common/images/magnify-clip.png","//upload.wikimedia.org/wikipedia/commons/thumb/5/57/P1120751.JPG/220px-P1120751.JPG","//bits.wikimedia.org/static-1.21wmf9/skins/common/images/magnify-clip.png","//upload.wikimedia.org/wikipedia/commons/thumb/f/f8/Wiktionary-logo-en.svg/37px-Wiktionary-logo-en.svg.png","//bits.wikimedia.org/static-1.21wmf10/skins/vector/images/search-ltr.png?303-4","//bits.wikimedia.org/images/wikimedia-button.png","//bits.wikimedia.org/static-1.21wmf10/skins/common/images/poweredby_mediawiki_88x31.png"],"tags":[["herman_miller","office_equipment"],["cork","material"],["rock","geology"]],"members":["herman_miller","rock","cork"],"related":["American_English","British_English","Computer_mouse","Usability","LED","Ergonomics","The_Mother_of_All_Demos","Douglas_Engelbart","Herman_Miller_(office_equipment)","Optical_mouse","Image_sensor","Styrene-butadiene","Fabric","Plastics","Recycling","Rubber","Tire","Neoprene","Silicone_rubber","Leather","Glass","Cork_(material)","Wood","Aluminum","Rock_(geology)","Stainless_steel"]}