{"cursor":"1777","size":15,"audio":[],"currentlang":"en","article":"\n'Closer' is an acoustic indie pop band from The Netherlands. Its band members\nare Roel Kessels as guitarist and lead vocalist, and Thomas van Geelen as cello\nplayer and backing vocalist. The band was formed in September 2006 by Kessels\nwho had been performing as a singer/songwriter under the same artistic name.\n","linknr":102,"url":"Closer_(band)","recorded":1363418809,"links":["/w/index.php?title=Closer_(band)&action=edit","/w/index.php?title=Closer_(band)&action=edit","//en.wikipedia.org/apple-touch-icon.png","//bits.wikimedia.org/favicon/wikipedia.ico","/w/opensearch_desc.php","//en.wikipedia.org/w/api.php?action=rsd","//creativecommons.org/licenses/by-sa/3.0/","/w/index.php?title=Special:RecentChanges&feed=atom","//bits.wikimedia.org/en.wikipedia.org/load.php?debug=false&lang=en&modules=ext.gadget.DRN-wizard%2CReferenceTooltips%2Ccharinsert%2Cteahouse%7Cext.wikihiero%7Cmediawiki.legacy.commonPrint%2Cshared%7Cmw.PopUpMediaTransform%7Cskins.vector&only=styles&skin=vector&*","//bits.wikimedia.org/en.wikipedia.org/load.php?debug=false&lang=en&modules=site&only=styles&skin=vector&*","//bits.wikimedia.org/en.wikipedia.org/load.php?debug=false&lang=en&modules=startup&only=scripts&skin=vector&*","//bits.wikimedia.org/geoiplookup","//meta.wikimedia.org","#mw-head","#p-search","/wiki/File:Question_book-new.svg","//upload.wikimedia.org/wikipedia/en/thumb/9/99/Question_book-new.svg/50px-Question_book-new.svg.png","/wiki/Wikipedia:Verifiability","/wiki/Wikipedia:No_original_research#Primary.2C_secondary_and_tertiary_sources","/wiki/Wikipedia:No_original_research#Primary.2C_secondary_and_tertiary_sources","/wiki/Acoustic_music","/wiki/Indie_pop","/wiki/The_Netherlands","/wiki/Guitar","/wiki/Cello","/wiki/Singer/songwriter","/w/index.php?title=Closer_(band)&action=edit&section=1","/wiki/Damien_Rice","/wiki/Elliott_Smith","/wiki/Closer_(film)","/wiki/Damien_Rice","/wiki/The_Blower%27s_Daughter","/wiki/Bowed_strings","/wiki/Cello","/wiki/Guitar","/wiki/Cello","/wiki/Violin","/wiki/Tilburg","/wiki/Breda","/wiki/Breda","http://www.amsterdamsstudentenfestival.nl/","/w/index.php?title=Closer_(band)&action=edit&section=2","http://www.comegetcloser.com","//upload.wikimedia.org/wikipedia/en/thumb/9/90/MusicalnotesNetherlands.png/35px-MusicalnotesNetherlands.png","/wiki/Wikipedia:Stub","//en.wikipedia.org/w/index.php?title=Closer_(band)&action=edit","/wiki/Template:Netherlands-band-stub","/wiki/Template_talk:Netherlands-band-stub","//en.wikipedia.org/w/index.php?title=Template:Netherlands-band-stub&action=edit","http://en.wikipedia.org/w/index.php?title=Closer_(band)&oldid=366499797","/wiki/Help:Categories","/wiki/Category:Dutch_indie_rock_groups","/wiki/Category:Dutch_musical_group_stubs","/wiki/Category:Articles_lacking_reliable_references_from_December_2008","/wiki/Category:All_articles_lacking_reliable_references","/w/index.php?title=Special:UserLogin&returnto=Closer+%28band%29&type=signup","/w/index.php?title=Special:UserLogin&returnto=Closer+%28band%29","/wiki/Closer_(band)","/wiki/Talk:Closer_(band)","#","/wiki/Closer_(band)","/w/index.php?title=Closer_(band)&action=edit","/w/index.php?title=Closer_(band)&action=history","#","/w/index.php","//bits.wikimedia.org/static-1.21wmf11/skins/vector/images/search-ltr.png?303-4","/wiki/Main_Page","/wiki/Main_Page","/wiki/Portal:Contents","/wiki/Portal:Featured_content","/wiki/Portal:Current_events","/wiki/Special:Random","//donate.wikimedia.org/wiki/Special:FundraiserRedirector?utm_source=donate&utm_medium=sidebar&utm_campaign=C13_en.wikipedia.org&uselang=en","/wiki/Help:Contents","/wiki/Wikipedia:About","/wiki/Wikipedia:Community_portal","/wiki/Special:RecentChanges","/wiki/Wikipedia:Contact_us","/wiki/Special:WhatLinksHere/Closer_(band)","/wiki/Special:RecentChangesLinked/Closer_(band)","/wiki/Wikipedia:File_Upload_Wizard","/wiki/Special:SpecialPages","/w/index.php?title=Closer_(band)&oldid=366499797","/w/index.php?title=Closer_(band)&action=info","/w/index.php?title=Special:Cite&page=Closer_%28band%29&id=366499797","/w/index.php?title=Special:Book&bookcmd=book_creator&referer=Closer+%28band%29","/w/index.php?title=Special:Book&bookcmd=render_article&arttitle=Closer+%28band%29&oldid=366499797&writer=rl","/w/index.php?title=Closer_(band)&printable=yes","//en.wikipedia.org/wiki/Wikipedia:Text_of_Creative_Commons_Attribution-ShareAlike_3.0_Unported_License","//creativecommons.org/licenses/by-sa/3.0/","//wikimediafoundation.org/wiki/Terms_of_Use","//www.wikimediafoundation.org/","//wikimediafoundation.org/wiki/Privacy_policy","/wiki/Wikipedia:About","/wiki/Wikipedia:General_disclaimer","http://en.m.wikipedia.org/wiki/Closer_(band)","//wikimediafoundation.org/","//bits.wikimedia.org/images/wikimedia-button.png","//www.mediawiki.org/","//bits.wikimedia.org/static-1.21wmf11/skins/common/images/poweredby_mediawiki_88x31.png","//bits.wikimedia.org/en.wikipedia.org/load.php?debug=false&lang=en&modules=skins.vector&only=scripts&skin=vector&*","/w/index.php?title=MediaWiki:Gadget-ReferenceTooltips.js&action=raw&ctype=text/javascript&508635914","//bits.wikimedia.org/en.wikipedia.org/load.php?debug=false&lang=en&modules=site&only=scripts&skin=vector&*"],"instances":["film"],"pdf":[],"categories":["Dutch indie rock groups"],"headings":["History","External links"],"image":["//upload.wikimedia.org/wikipedia/en/thumb/9/99/Question_book-new.svg/50px-Question_book-new.svg.png","//upload.wikimedia.org/wikipedia/en/thumb/9/90/MusicalnotesNetherlands.png/35px-MusicalnotesNetherlands.png","//bits.wikimedia.org/static-1.21wmf11/skins/vector/images/search-ltr.png?303-4","//bits.wikimedia.org/images/wikimedia-button.png","//bits.wikimedia.org/static-1.21wmf11/skins/common/images/poweredby_mediawiki_88x31.png"],"tags":[["closer","film"]],"members":["closer"],"related":["Acoustic_music","Indie_pop","The_Netherlands","Guitar","Cello","Singer/songwriter","Damien_Rice","Elliott_Smith","Closer_(film)","Damien_Rice","The_Blower's_Daughter","Bowed_strings","Cello","Guitar","Cello","Violin","Tilburg","Breda","Breda"]}