{"cursor":"7403","size":15,"audio":[],"currentlang":"en","article":"\n\n\n\nThe 'defense of property' is a possible justification used by defendants who\nargue that they should not be held liable for any loss and injury that they have\ncaused because they were acting to protect their property. Courts have generally\nruled that the use of force may be acceptable.\n","linknr":171,"url":"Defense_of_property","recorded":1362546703,"links":17,"instances":["australia"],"pdf":["http://www.lawcom.gov.uk/docs/cp173apps.pdf"],"categories":["Criminal defenses","Tort law","Self-defense"],"headings":["English Law","References"],"image":["//upload.wikimedia.org/wikipedia/en/thumb/9/99/Question_book-new.svg/50px-Question_book-new.svg.png","//upload.wikimedia.org/wikipedia/commons/thumb/b/bd/Ambox_globe_content.svg/48px-Ambox_globe_content.svg.png","//upload.wikimedia.org/wikipedia/en/thumb/f/f2/Edit-clear.svg/40px-Edit-clear.svg.png","//bits.wikimedia.org/static-1.21wmf10/skins/vector/images/search-ltr.png?303-4","//bits.wikimedia.org/images/wikimedia-button.png","//bits.wikimedia.org/static-1.21wmf10/skins/common/images/poweredby_mediawiki_88x31.png"],"tags":[["self-defence","australia"]],"members":[],"related":["Justification","Property","Courts","Force","Self-defence_in_English_law","Common_law","Criminal_Law_Act_1967","Theft","Criminal_Damage_Act_1971","Robbery","Burglary","Toxteth_Riots","Self-defence_(Australia)","Easement","Criminal_Damage_Act_1971","Criminal_Justice_and_Public_Order_Act_1994","Castle_Doctrine"]}