{"cursor":"7224","size":15,"audio":[],"currentlang":"en","article":"\n\n'' (aspen)]] ''|thumb|250px|right]]\n\nIn botany, a 'bud' is an undeveloped or embryonic shoot and normally occurs in\nthe axil of a leaf or at the tip of the stem. Once formed, a bud may remain for\nsome time in a dormant condition, or it may form a shoot immediately. Buds may\nbe specialized to develop flowers or short shoots, or may have the potential for\ngeneral shoot development. The term bud is also used in zoology, where it refers\nto an outgrowth from the body which can develop into a new individual.\n","linknr":185,"url":"Bud","recorded":1362482672,"links":56,"instances":["biology"],"pdf":[],"categories":["Plant physiology","Botany"],"headings":["Overview","Types of buds","Within zoology","References"],"image":["//upload.wikimedia.org/wikipedia/en/thumb/9/99/Question_book-new.svg/50px-Question_book-new.svg.png","//upload.wikimedia.org/wikipedia/commons/thumb/3/32/Populus_tremula_bud%2C_ratelpopulier_knop.jpg/220px-Populus_tremula_bud%2C_ratelpopulier_knop.jpg","//bits.wikimedia.org/static-1.21wmf9/skins/common/images/magnify-clip.png","//upload.wikimedia.org/wikipedia/commons/thumb/8/8d/Ficus_bud.JPG/250px-Ficus_bud.JPG","//bits.wikimedia.org/static-1.21wmf9/skins/common/images/magnify-clip.png","//upload.wikimedia.org/wikipedia/commons/thumb/d/df/Flower_Buds.jpeg/220px-Flower_Buds.jpeg","//bits.wikimedia.org/static-1.21wmf9/skins/common/images/magnify-clip.png","//upload.wikimedia.org/wikipedia/commons/thumb/6/6c/Bud1web.jpg/150px-Bud1web.jpg","//bits.wikimedia.org/static-1.21wmf9/skins/common/images/magnify-clip.png","//upload.wikimedia.org/wikipedia/commons/thumb/e/eb/Plant_Buds_clasification.svg/270px-Plant_Buds_clasification.svg.png","//bits.wikimedia.org/static-1.21wmf9/skins/common/images/magnify-clip.png","//bits.wikimedia.org/static-1.21wmf9/skins/vector/images/search-ltr.png?303-4","//bits.wikimedia.org/images/wikimedia-button.png","//bits.wikimedia.org/static-1.21wmf9/skins/common/images/poweredby_mediawiki_88x31.png"],"tags":[["cell","biology"]],"members":["cell"],"related":["Botany","Plant_embryogenesis","Shoot","Axil","Leaf","Plant_stem","Zoology","Woody_plant","Scar","Sumac","Viburnum","Herbaceous","Cabbage","Brassica","Brussels_sprout","Aesculus","Sympodial","Beech","Persimmon","Budding","Zoology","Asexual_reproduction","Cell_(biology)","Cell_nucleus","Mitosis","Meiosis"]}