{"cursor":"27076","size":15,"audio":[],"currentlang":"en","article":"{{Infobox UK disused station\n| name = Reading Southern locale = Reading borough = Reading image_name =\n| Reading station 1865.jpg caption = A view of stations at Reading, circa\n| 1865â70, with the SER station on the left, and the GWR station at higher level\n| on the right original = South Eastern Railway pregroup = South Eastern and\n| Chatham Railway postgroup = Southern Railway platforms = 4 latitude = 51.4582\n| longitude = -0.9701 gridref = SU716737 years = events = Temporary station\n| opened years1 = 30 August 1855 events1 = Permanent station opened (as\n| 'Reading') years2 = 9 July 1856 events2 = LSWR services commence years3 = 1\n| January 1939 events3 = Electrified years4 = 26 September 1949 events4 =\n| Renamed 'Reading South' years5 = 11 September 1961 events5 = Renamed 'Reading\n| Southern' years6 = 6 September 1965 events6 = Closed to passengers years7 =\n| September 1970 events7 = Closed to goods\n}}\n\n'Reading Southern railway station' was the western terminus of the South Eastern\nRailway's route from . It was also used by London and South Western Railway\nservices from London Waterloo.\n\nThe station was situated adjacent to, and to the south-east of, the Great\nWestern Railway's Reading General station, which is now simply known as Reading\nstation. The 1989-built concourse of that station now occupies the site of the\nfrontage of the Southern station.\n","linknr":576,"url":"Reading_Southern_railway_station","recorded":1362484832,"links":19,"instances":["uk","surrey_railway_station","great_britain"],"pdf":[],"categories":["Railway stations opened in 1855","Railway stations closed in 1965","Disused railway stations in Berkshire","Former South Eastern Railway (UK) stations"],"headings":["History","Accidents","Routes","See also","Notes","References","Further reading","External links"],"image":["//upload.wikimedia.org/wikipedia/commons/thumb/b/be/Reading_station_1865.jpg/265px-Reading_station_1865.jpg","//upload.wikimedia.org/wikipedia/commons/thumb/c/cc/170433_at_Edinburgh_Waverley.JPG/32px-170433_at_Edinburgh_Waverley.JPG","//upload.wikimedia.org/wikipedia/commons/thumb/f/f6/Bere_Alston%2C_Reading_%26_Wokingham_RJD_64.jpg/220px-Bere_Alston%2C_Reading_%26_Wokingham_RJD_64.jpg","//bits.wikimedia.org/static-1.21wmf10/skins/common/images/magnify-clip.png","//upload.wikimedia.org/wikipedia/commons/thumb/1/12/Reading_Southern_station%2C_with_steam_train_from_Redhill_geograph-2638092-by-Ben-Brooksbank.jpg/220px-Reading_Southern_station%2C_with_steam_train_from_Redhill_geograph-2638092-by-Ben-Brooksbank.jpg","//bits.wikimedia.org/static-1.21wmf10/skins/common/images/magnify-clip.png","//upload.wikimedia.org/wikipedia/commons/thumb/f/fb/Reading_railway_station_MMB_01.jpg/220px-Reading_railway_station_MMB_01.jpg","//bits.wikimedia.org/static-1.21wmf10/skins/common/images/magnify-clip.png","//upload.wikimedia.org/wikipedia/commons/thumb/4/43/2-bil_emu.jpg/220px-2-bil_emu.jpg","//bits.wikimedia.org/static-1.21wmf10/skins/common/images/magnify-clip.png","//upload.wikimedia.org/wikipedia/commons/thumb/2/24/Diesel-electric_unit_at_Reading_-_geograph.org.uk_-_531938.jpg/220px-Diesel-electric_unit_at_Reading_-_geograph.org.uk_-_531938.jpg","//bits.wikimedia.org/static-1.21wmf10/skins/common/images/magnify-clip.png","//bits.wikimedia.org/static-1.21wmf10/skins/vector/images/search-ltr.png?303-4","//bits.wikimedia.org/images/wikimedia-button.png","//bits.wikimedia.org/static-1.21wmf10/skins/common/images/poweredby_mediawiki_88x31.png"],"tags":[["south_eastern_railway","uk"],["southern_railway","great_britain"],["south_eastern_railway","uk"],["south_eastern_railway","uk"],["southern_railway","great_britain"],["guildford","surrey_railway_station"],["southern_railway","great_britain"],["guildford","surrey_railway_station"],["southern_railway","great_britain"],["south_eastern_railway","uk"],["south_eastern_railway","uk"],["southern_railway","great_britain"]],"members":["south_eastern_railway","guildford","southern_railway"],"related":["Reading,_Berkshire","South_Eastern_Railway_(UK)","South_Eastern_and_Chatham_Railway","Southern_Railway_(Great_Britain)","South_Eastern_Railway_(UK)","London_and_South_Western_Railway","London_Waterloo_station","Great_Western_Railway","Reading_railway_station","South_Eastern_Railway_(UK)","London_Bridge_station","Dover_Town_railway_station","Farnborough_North_railway_station","Great_Western_Railway","London_and_South_Western_Railway","London_Waterloo_station","London_Bridge_station","London,_Chatham_and_Dover_Railway","South_Eastern_and_Chatham_Railway","Southern_Railway_(Great_Britain)","London_Bridge_station","SR_V_Schools_class","Southern_Region_of_British_Railways","Western_Region_of_British_Railways","Guildford_(Surrey)_railway_station","Huntley_&_Palmers","Reading_railway_station","Great_Western_Railway","Reading_railway_station","SR_U_class","SECR_D_class","SECR_R1_class","Waterloo_to_Reading_Line","Hounslow_Loop_Line","Windsor_&_Eton_Riverside_railway_station","Southern_Railway_(Great_Britain)","London_Waterloo_station","Guildford_(Surrey)_railway_station","Traction_motor","British_Rail_Class_401","Bognor_Regis_railway_station","Waterloo_to_Reading_Line","North_Downs_Line","British_Rail_Class_201","British_Rail_Class_416","British_Rail_Class_206","British_Rail_Class_33","Southern_Railway_(Great_Britain)","South_Eastern_Railway_(UK)","London_and_South_Western_Railway","Reading_railway_station","Reading_West_railway_station","South_Eastern_and_Chatham_Railway","South_Eastern_Railway_(UK)","Southern_Railway_(Great_Britain)","Ian_Allan_Publishing"]}