{"cursor":"3133","size":15,"audio":[],"currentlang":"en","article":"\n{{Infobox anatomy | Name = Somatotropic cell | Latin = | GraySubject = |\nGrayPage = | Image = | Caption = | Image2 = | Caption2 = | Precursor = |\nSystem = | Artery = | Vein = | Nerve = | Lymph = | MeshName = | MeshNumber = |\nCode = | }} 'Somatotropes' are cells in the anterior pituitary that produce\ngrowth hormone.\n","linknr":238,"url":"Somatotropic_cell","recorded":1363127151,"links":["/w/index.php?title=Somatotropic_cell&action=edit","/w/index.php?title=Somatotropic_cell&action=edit","//en.wikipedia.org/apple-touch-icon.png","//bits.wikimedia.org/favicon/wikipedia.ico","/w/opensearch_desc.php","//en.wikipedia.org/w/api.php?action=rsd","//creativecommons.org/licenses/by-sa/3.0/","/w/index.php?title=Special:RecentChanges&feed=atom","//bits.wikimedia.org/en.wikipedia.org/load.php?debug=false&lang=en&modules=ext.gadget.DRN-wizard%2CReferenceTooltips%2Ccharinsert%2Cteahouse%7Cext.wikihiero%7Cmediawiki.legacy.commonPrint%2Cshared%7Cmw.PopUpMediaTransform%7Cskins.vector&only=styles&skin=vector&*","//bits.wikimedia.org/en.wikipedia.org/load.php?debug=false&lang=en&modules=site&only=styles&skin=vector&*","//bits.wikimedia.org/en.wikipedia.org/load.php?debug=false&lang=en&modules=startup&only=scripts&skin=vector&*","//bits.wikimedia.org/geoiplookup","//meta.wikimedia.org","#mw-head","#p-search","/wiki/File:Question_book-new.svg","//upload.wikimedia.org/wikipedia/en/thumb/9/99/Question_book-new.svg/50px-Question_book-new.svg.png","/wiki/Wikipedia:Citing_sources","/wiki/Wikipedia:Verifiability","//en.wikipedia.org/w/index.php?title=Somatotropic_cell&action=edit","/wiki/Help:Introduction_to_referencing/1","/wiki/Wikipedia:Verifiability#Burden_of_evidence","/wiki/Terminologia_Histologica","http://www.unifr.ch/ifaa/Public/EntryPage/ViewTH/THh308.html","/wiki/Anterior_pituitary","/wiki/Growth_hormone","#Description","#Hormone_Deficiency","#Hormone_Excess","#Bovine","#References","/w/index.php?title=Somatotropic_cell&action=edit&section=1","/wiki/Growth_hormone","/wiki/Growth_hormone_releasing_hormone","/wiki/GHIH","/wiki/Hypothalamus","/wiki/Hypophyseal_portal_system","/wiki/Meissner%27s_plexus","/wiki/Acidophile","/w/index.php?title=Somatotropic_cell&action=edit&section=2","/wiki/Growth_hormone_treatment","/wiki/Growth_hormone_deficiency","/wiki/Blood_sugar","/w/index.php?title=Somatotropic_cell&action=edit&section=3","/wiki/Acromegaly","/wiki/Diabetes","/wiki/High_blood_pressure","/wiki/Thyroid_gland","/wiki/Arthritis","/w/index.php?title=Somatotropic_cell&action=edit&section=4","/wiki/Bovine_somatotropin","/w/index.php?title=Somatotropic_cell&action=edit&section=5","/wiki/Template:Endocrine_system_anatomy","/wiki/Template_talk:Endocrine_system_anatomy","//en.wikipedia.org/w/index.php?title=Template:Endocrine_system_anatomy&action=edit","/wiki/Human_anatomy","/wiki/Endocrine_system","/wiki/Endocrine_gland","/wiki/Terminologia_Anatomica","/wiki/Terminologia_Histologica","/wiki/List_of_subjects_in_Gray%27s_Anatomy:_XI._Splanchnology","/wiki/Islets_of_Langerhans","/wiki/Alpha_cell","/wiki/Beta_cell","/wiki/Delta_cell","/wiki/PP_cell","/wiki/Epsilon_cell","/wiki/Hypothalamus","/wiki/Pituitary_gland","/wiki/Hypothalamic%E2%80%93pituitary%E2%80%93adrenal_axis","/wiki/Posterior_pituitary","/wiki/Pars_nervosa","/wiki/Median_eminence","/wiki/Infundibular_stalk","/wiki/Pituicyte","/wiki/Herring_bodies","/wiki/Anterior_pituitary","/wiki/Pars_intermedia","/wiki/Pars_tuberalis","/wiki/Pars_distalis","/wiki/Acidophil_cell","/wiki/Prolactin_cell","/wiki/Basophil_cell","/wiki/Corticotropic_cell","/wiki/Gonadotropic_cell","/wiki/Thyrotropic_cell","/wiki/Chromophobe_cell","/wiki/Hypothalamic-pituitary-thyroid_axis","/wiki/Thyroid","/wiki/Thyroid_isthmus","/wiki/Lobes_of_thyroid_gland","/wiki/Pyramidal_lobe_of_thyroid_gland","/wiki/Follicular_cell","/wiki/Parafollicular_cell","/wiki/Parathyroid_gland","/wiki/Parathyroid_chief_cell","/wiki/Oxyphil_cell_(parathyroid)","/wiki/Hypothalamic-pituitary-adrenal_axis","/wiki/Adrenal_gland","/wiki/Adrenal_cortex","/wiki/Zona_glomerulosa","/wiki/Zona_fasciculata","/wiki/Zona_reticularis","/wiki/Adrenal_medulla","/wiki/Medullary_chromaffin_cell","/wiki/Hypothalamic-pituitary-gonadal_axis","/wiki/Gonad","/wiki/Testicle","/wiki/Ovary","/wiki/Corpus_luteum","/wiki/Pineal_gland","/wiki/Pinealocyte","/wiki/Corpora_arenacea","/wiki/Enteroendocrine_cell","/wiki/Paraganglia","/wiki/Template:Medicine_navs","/wiki/Endocrine_system","/wiki/Template:Endocrine_system_anatomy","/wiki/Template:Endocrinology_physiology","/wiki/Template:Embryology_of_endocrine_system","/wiki/Template:Hormones","/wiki/Template:Endocrine_pathology","/wiki/Template:Diabetes","/wiki/Template:Congenital_endocrine_disorders","/wiki/Template:Endocrine_gland_neoplasia","/wiki/Template:Symptoms_concerning_nutrition,_metabolism_and_development","/wiki/Template:Eponymous_medical_signs_for_endocrinology,_nutrition,_and_metabolism","/wiki/Template:Endocrine_system_procedures","/wiki/ATC_code_A","/wiki/Template:Oral_hypoglycemics_and_insulin_analogs","/wiki/Template:Pituitary_and_hypothalamic_hormones_and_analogues","/wiki/Template:Corticosteroids","/wiki/Template:Thyroid_therapy","/wiki/Template:Calcium_homeostasis","/wiki/Template:Human_cell_types_derived_primarily_from_ectoderm","/wiki/Template_talk:Human_cell_types_derived_primarily_from_ectoderm","//en.wikipedia.org/w/index.php?title=Template:Human_cell_types_derived_primarily_from_ectoderm&action=edit","/wiki/Cell_type","/wiki/List_of_distinct_cell_types_in_the_adult_human_body","/wiki/Ectoderm","/wiki/Surface_ectoderm","/wiki/Integumentary_system","/wiki/Trichocyte_(human)","/wiki/Keratinocyte","/wiki/Anterior_pituitary","/wiki/Gonadotrope","/wiki/Corticotrope","/wiki/Thyrotrope","/wiki/Somatotrope","/wiki/Lactotroph","/wiki/Neural_crest","/wiki/Central_nervous_system","/wiki/Neuron","/wiki/Neuroglia","/wiki/Schwann_cell","/wiki/Satellite_glial_cell","/wiki/Neuroendocrine_system","/wiki/Chromaffin_cell","/wiki/Parafollicular_cell","/wiki/Glomus_cell","/wiki/Integumentary_system","/wiki/Melanocyte","/wiki/Nevus_cell","/wiki/Merkel_cell","/wiki/Tooth","/wiki/Odontoblast","/wiki/Cementoblast","/wiki/Human_eye","/wiki/Corneal_keratocyte","/wiki/Neural_tube","/wiki/Peripheral_nervous_system","/wiki/Neuron","/wiki/Neuroglia","/wiki/Oligodendrocyte","/wiki/Astrocyte","/wiki/Ependyma","/wiki/Ependymocyte","/wiki/Pineal_gland","/wiki/Pinealocyte","http://en.wikipedia.org/w/index.php?title=Somatotropic_cell&oldid=541164180","/wiki/Help:Categories","/wiki/Category:Peptide_hormone_secreting_cells","/wiki/Category:Human_cells","/wiki/Category:Articles_lacking_sources_from_December_2009","/wiki/Category:All_articles_lacking_sources","/w/index.php?title=Special:UserLogin&returnto=Somatotropic+cell&type=signup","/w/index.php?title=Special:UserLogin&returnto=Somatotropic+cell","/wiki/Somatotropic_cell","/wiki/Talk:Somatotropic_cell","#","/wiki/Somatotropic_cell","/w/index.php?title=Somatotropic_cell&action=edit","/w/index.php?title=Somatotropic_cell&action=history","#","/w/index.php","//bits.wikimedia.org/static-1.21wmf10/skins/vector/images/search-ltr.png?303-4","/wiki/Main_Page","/wiki/Main_Page","/wiki/Portal:Contents","/wiki/Portal:Featured_content","/wiki/Portal:Current_events","/wiki/Special:Random","//donate.wikimedia.org/wiki/Special:FundraiserRedirector?utm_source=donate&utm_medium=sidebar&utm_campaign=C13_en.wikipedia.org&uselang=en","/wiki/Help:Contents","/wiki/Wikipedia:About","/wiki/Wikipedia:Community_portal","/wiki/Special:RecentChanges","/wiki/Wikipedia:Contact_us","/wiki/Special:WhatLinksHere/Somatotropic_cell","/wiki/Special:RecentChangesLinked/Somatotropic_cell","/wiki/Wikipedia:File_Upload_Wizard","/wiki/Special:SpecialPages","/w/index.php?title=Somatotropic_cell&oldid=541164180","/w/index.php?title=Somatotropic_cell&action=info","/w/index.php?title=Special:Cite&page=Somatotropic_cell&id=541164180","/w/index.php?title=Special:Book&bookcmd=book_creator&referer=Somatotropic+cell","/w/index.php?title=Special:Book&bookcmd=render_article&arttitle=Somatotropic+cell&oldid=541164180&writer=rl","/w/index.php?title=Somatotropic_cell&printable=yes","//bn.wikipedia.org/wiki/%E0%A6%B8%E0%A7%8B%E0%A6%AE%E0%A6%BE%E0%A6%9F%E0%A7%8B%E0%A6%9F%E0%A7%8D%E0%A6%B0%E0%A7%8B%E0%A6%AA","//es.wikipedia.org/wiki/C%C3%A9lulas_somat%C3%B3tropas","//pt.wikipedia.org/wiki/Somatotrofo","//sv.wikipedia.org/wiki/Somatotrof_cell","//www.wikidata.org/wiki/Special:ItemByTitle/enwiki/Somatotropic cell","//en.wikipedia.org/wiki/Wikipedia:Text_of_Creative_Commons_Attribution-ShareAlike_3.0_Unported_License","//creativecommons.org/licenses/by-sa/3.0/","//wikimediafoundation.org/wiki/Terms_of_Use","//www.wikimediafoundation.org/","//en.wikipedia.org/wiki/Wikipedia:Contact_us","//wikimediafoundation.org/wiki/Privacy_policy","/wiki/Wikipedia:About","/wiki/Wikipedia:General_disclaimer","http://en.m.wikipedia.org/wiki/Somatotropic_cell","//wikimediafoundation.org/","//bits.wikimedia.org/images/wikimedia-button.png","//www.mediawiki.org/","//bits.wikimedia.org/static-1.21wmf10/skins/common/images/poweredby_mediawiki_88x31.png","//bits.wikimedia.org/en.wikipedia.org/load.php?debug=false&lang=en&modules=skins.vector&only=scripts&skin=vector&*","/w/index.php?title=MediaWiki:Gadget-ReferenceTooltips.js&action=raw&ctype=text/javascript&508635914","//bits.wikimedia.org/en.wikipedia.org/load.php?debug=false&lang=en&modules=site&only=scripts&skin=vector&*"],"instances":[],"pdf":[],"categories":["Peptide hormone secreting cells","Human cells"],"headings":["Description","Hormone Deficiency","Hormone Excess","Bovine","References"],"image":["//upload.wikimedia.org/wikipedia/en/thumb/9/99/Question_book-new.svg/50px-Question_book-new.svg.png","//bits.wikimedia.org/static-1.21wmf10/skins/vector/images/search-ltr.png?303-4","//bits.wikimedia.org/images/wikimedia-button.png","//bits.wikimedia.org/static-1.21wmf10/skins/common/images/poweredby_mediawiki_88x31.png"],"tags":[],"members":[],"related":["Anterior_pituitary","Growth_hormone","Growth_hormone","Growth_hormone_releasing_hormone","GHIH","Hypothalamus","Hypophyseal_portal_system","Meissner's_plexus","Acidophile","Growth_hormone_treatment","Growth_hormone_deficiency","Blood_sugar","Acromegaly","Diabetes","High_blood_pressure","Thyroid_gland","Arthritis","Bovine_somatotropin"]}