{"cursor":"6607","size":15,"audio":[],"currentlang":"en","article":"{{Infobox person\n| name = Leo Henryk Sternbach image = Sternbach2.jpg alt = caption = birth_name\n| = birth_date = birth_place = Opatija, Austria-Hungary (now Croatia) death_date\n| = death_place = Chapel Hill, North Carolina nationality = Croatian, American\n| relations = Michael Abracham Sternbach (father) Piroska (nÃ©e Cohn)\n| Sternbach (mother) spouse = other_names = known_for = Discovering\n| benzodiazepines occupation = Chemist\n}} 'Leo Henryk Sternbach' (May 7, 1908 – September 28, 2005) was a Croatian-\nAmerican chemist who is credited with discovering benzodiazepines, main class of\ntranquilizers. Alex Baenninger;\n[http://books.google.com/books?id=rKBMRineTJsC&printsec=frontcover \"Good\nchemistry: The life and legacy of valium inventor Leo Sternbach\"], New York :\nMcGraw-Hill, 2004. ISBN 0-07-142617-5\n","linknr":176,"url":"Leo_Sternbach","recorded":1362503016,"links":22,"instances":["eastern_europe"],"pdf":[],"categories":["1908 births","2005 deaths","People from Opatija","Croatian Jews","American Jews","People of Polish-Jewish descent","People of Hungarian-Jewish descent","Jagiellonian University alumni","Croatian emigrants to the United States","National Inventors Hall of Fame inductees","Hoffmann-La Roche"],"headings":["Background and family","Education and career","Legacy","References"],"image":["//upload.wikimedia.org/wikipedia/en/thumb/3/3d/Sternbach2.jpg/220px-Sternbach2.jpg","//upload.wikimedia.org/wikipedia/commons/thumb/5/58/Opatija012.jpg/225px-Opatija012.jpg","//bits.wikimedia.org/static-1.21wmf10/skins/common/images/magnify-clip.png","//bits.wikimedia.org/static-1.21wmf10/skins/vector/images/search-ltr.png?303-4","//bits.wikimedia.org/images/wikimedia-button.png","//bits.wikimedia.org/static-1.21wmf10/skins/common/images/poweredby_mediawiki_88x31.png"],"tags":[["galicia","eastern_europe"]],"members":["galicia"],"related":["Opatija","Austria-Hungary","Croatia","Chapel_Hill,_North_Carolina","Married_and_maiden_names","Benzodiazepines","Croatian_people","Americans","Chemistry","Benzodiazepines","Tranquilizer","Alex_Baenninger","Opatija","Jew","Przemyśl","Galicia_(Eastern_Europe)","Married_and_maiden_names","Orosháza","Hungary","Jagiellonian_University","Krakow,_Poland","Hoffmann-La_Roche","Basel","Switzerland","United_States","Nazis","Nutley,_New_Jersey","Chlordiazepoxide","Diazepam","Flurazepam","Nitrazepam","Flunitrazepam","Clonazepam","Trimethaphan","Moses_Wolf_Goldberg","Biotin","Pharmaceutical_industry","Upper_Montclair,_New_Jersey","Chapel_Hill,_North_Carolina","Hoffmann–La_Roche","Sachsenhausen_concentration_camp","Gustav_Sorge","New_Jersey_Inventor's_Hall_of_Fame","National_Inventors_Hall_of_Fame"]}