{"cursor":"80792","size":15,"audio":[],"currentlang":"en","article":"\n\n\n points for the hypothetical case of an ocean of constant depth with no land.\n There would also be smaller, superimposed bulges on the sides facing toward and\n away from the sun.]]\n (U.S.) low tide occurs roughly at moonrise and high tide with a high moon,\n      corresponding to the simple gravity model of two tidal bulges; at most\n      places however, moon and tides have a phase shift.]]\n\n'Tides' are the rise and fall of sea levels caused by the combined effects of\nthe gravitational forces exerted by the Moon and the Sun and the rotation of\nthe Earth.\n\nSome shorelines experience two almost equal high tides and two low tides each\nday, called a semi-diurnal tide. Some locations experience only one high and one\nlow tide each day, called a diurnal tide. Some locations experience two uneven\ntides a day, or sometimes one high and one low each day; this is called a mixed\ntide. The times and amplitude of the tides at a locale are influenced by the\nalignment of the Sun and Moon, by the pattern of tides in the deep ocean, by the\namphidromic systems of the oceans, and by the shape of the coastline and near-\nshore bathymetry (see [[Tide#Timing|Timing]]). {{cite book\n|title=Descriptive physical oceanography: State of the Art |author=Reddy, M.P.M.\n& Affholder, M. |url=http://books.google.com/?id=2NC3JmKI7mYC&pg=PA436&dq=tides-\n+centrifugal+%22equilibrium+theory%22+date:2000-2010 |isbn=90-5410-706-5\n|year=2002 |publisher=Taylor and Francis |page=249 |oclc=223133263 47801346\n}} {{cite book |title=Boater's Bowditch: The Small Craft\nAmerican Practical Navigator |author=Hubbard, Richard |url=http://books.google.-\ncom/?id=nfWSxRr8VP4C&pg=PA54&dq=centrifugal+revolution+and+rotation+date:1970-\n2009 |isbn=0-07-136136-7 |publisher=McGraw-Hill Professional |year=1893 |page=54\n|oclc=44059064 }} Coastal orientation and geometry affects the phase,\ndirection, and amplitude of amphidromic systems, coastal Kelvin waves as well as\nresonant seiches in bays. In estuaries seasonal river outflows influence tidal\nflow.\n\nTides vary on timescales ranging from hours to years due to numerous influences.\nTo make accurate records, tide gauges at fixed stations measure the water level\nover time. Gauges ignore variations caused by waves with periods shorter than\nminutes. These data are compared to the reference (or datum) level usually\ncalled mean sea level. {{cite web |url=http://www.oceanservice.noaa.gov/edu-\ncation/kits/tides/media/supp_tide05.html |title=Tidal lunar day |publisher=NOAA\n}} Do not confuse with the astronomical lunar day on the Moon. A lunar zenith is\nthe Moon's highest point in the sky.\n\nWhile tides are usually the largest source of short-term sea-level fluctuations,\nsea levels are also subject to forces such as wind and barometric pressure\nchanges, resulting in storm surges, especially in shallow seas and near coasts.\n\nTidal phenomena are not limited to the oceans, but can occur in other systems\nwhenever a gravitational field that varies in time and space is present. For\nexample, the solid part of the Earth is affected by tides, though this is not as\neasily seen as the water tidal movements.\n","linknr":1082,"url":"Ocean_tides","recorded":1362268734,"links":123,"instances":["biology","arithmetic","abstract","algebra","astronomy","hull","unit","hydrosphere","pliny","astronomy"],"pdf":["http://tidesandcurrents.noaa.gov/publications/glossary2.pdf","http://tidesandcurrents.noaa.gov/publications/glossary2.pdf","http://accelconf.web.cern.ch/accelconf/e00/PAPERS/MOP5A04.pdf","http://accelconf.web.cern.ch/accelconf/e00/PAPERS/MOP5A04.pdf","http://tidesandcurrents.noaa.gov/publications/150_years_of_tides.pdf","http://faculty.ifmo.ru/butikov/Projects/tides1.pdf","http://ocw.mit.edu/NR/rdonlyres/Earth--Atmospheric--and-Planetary-Sciences/12-090Spring-2007/LectureNotes/earthsurface_8.pdf","http://www.jal.cc.il.us/~mikolajsawicki/Tides_new2.pdf"],"categories":["Tides","Physical oceanography","Geophysics","Geodesy","Navigation"],"headings":["Characteristics","Tidal constituents","Phase and amplitude","Physics","Observation and prediction","Navigation","Biological aspects","Other tides","Misapplications","See also","Notes","External links"],"image":["//upload.wikimedia.org/wikipedia/commons/thumb/7/76/Bay_of_Fundy_High_Tide.jpg/200px-Bay_of_Fundy_High_Tide.jpg","//upload.wikimedia.org/wikipedia/commons/thumb/c/cf/Bay_of_Fundy_Low_Tide.jpg/200px-Bay_of_Fundy_Low_Tide.jpg","//upload.wikimedia.org/wikipedia/commons/thumb/e/eb/Tide_overview.svg/300px-Tide_overview.svg.png","//bits.wikimedia.org/static-1.21wmf10/skins/common/images/magnify-clip.png","//upload.wikimedia.org/wikipedia/commons/thumb/1/1d/Tide_and_Moon.jpg/300px-Tide_and_Moon.jpg","//bits.wikimedia.org/static-1.21wmf10/skins/common/images/magnify-clip.png","//upload.wikimedia.org/wikipedia/en/thumb/0/00/Tide_type.gif/220px-Tide_type.gif","//bits.wikimedia.org/static-1.21wmf10/skins/common/images/magnify-clip.png","//upload.wikimedia.org/wikipedia/commons/thumb/d/d5/Tide_schematic.svg/220px-Tide_schematic.svg.png","//bits.wikimedia.org/static-1.21wmf10/skins/common/images/magnify-clip.png","//upload.wikimedia.org/wikipedia/commons/thumb/9/95/Negative_low_tide_at_Ocean_Beach_1.jpg/220px-Negative_low_tide_at_Ocean_Beach_1.jpg","//bits.wikimedia.org/static-1.21wmf10/skins/common/images/magnify-clip.png","//upload.wikimedia.org/wikipedia/commons/thumb/5/5e/M2_tidal_constituent.jpg/220px-M2_tidal_constituent.jpg","//bits.wikimedia.org/static-1.21wmf10/skins/common/images/magnify-clip.png","//upload.wikimedia.org/wikipedia/commons/thumb/d/d8/Field_tidal.png/220px-Field_tidal.png","//bits.wikimedia.org/static-1.21wmf10/skins/common/images/magnify-clip.png","//upload.wikimedia.org/wikipedia/commons/thumb/2/2e/Brouscon_Almanach_1546_Compass_bearing_of_high_waters_in_the_Bay_of_Biscay_left_Brittany_to_Dover_right.jpg/220px-Brouscon_Almanach_1546_Compass_bearing_of_high_waters_in_the_Bay_of_Biscay_left_Brittany_to_Dover_right.jpg","//bits.wikimedia.org/static-1.21wmf10/skins/common/images/magnify-clip.png","//upload.wikimedia.org/wikipedia/commons/thumb/4/46/Brouscon_Almanach_1546_Tidal_diagrams_according_to_the_age_of_the_Moon.jpg/220px-Brouscon_Almanach_1546_Tidal_diagrams_according_to_the_age_of_the_Moon.jpg","//bits.wikimedia.org/static-1.21wmf10/skins/common/images/magnify-clip.png","//upload.wikimedia.org/wikipedia/commons/thumb/8/89/Diurnal_tide_types_map.jpg/220px-Diurnal_tide_types_map.jpg","//bits.wikimedia.org/static-1.21wmf10/skins/common/images/magnify-clip.png","//upload.wikimedia.org/wikipedia/commons/thumb/f/ff/Water_surface_level_changes_with_tides.svg/220px-Water_surface_level_changes_with_tides.svg.png","//bits.wikimedia.org/static-1.21wmf10/skins/common/images/magnify-clip.png","//upload.wikimedia.org/wikipedia/en/thumb/0/0e/Tidal_constituent_sum.gif/220px-Tidal_constituent_sum.gif","//bits.wikimedia.org/static-1.21wmf10/skins/common/images/magnify-clip.png","//upload.wikimedia.org/wikipedia/en/thumb/a/a5/Tide.Bridgeport.50h.png/220px-Tide.Bridgeport.50h.png","//bits.wikimedia.org/static-1.21wmf10/skins/common/images/magnify-clip.png","//upload.wikimedia.org/wikipedia/en/thumb/0/0f/Tide.Bridgeport.30d.png/220px-Tide.Bridgeport.30d.png","//bits.wikimedia.org/static-1.21wmf10/skins/common/images/magnify-clip.png","//upload.wikimedia.org/wikipedia/en/thumb/f/f6/Tide.Bridgeport.400d.png/220px-Tide.Bridgeport.400d.png","//bits.wikimedia.org/static-1.21wmf10/skins/common/images/magnify-clip.png","//upload.wikimedia.org/wikipedia/en/thumb/2/29/Tide.NZ.November.png/220px-Tide.NZ.November.png","//bits.wikimedia.org/static-1.21wmf10/skins/common/images/magnify-clip.png","//upload.wikimedia.org/wikipedia/en/thumb/1/19/Tide_legal_use.gif/220px-Tide_legal_use.gif","//bits.wikimedia.org/static-1.21wmf10/skins/common/images/magnify-clip.png","//upload.wikimedia.org/wikipedia/en/thumb/d/d9/Tidal_Indicator_Delaware_River_ca1897.jpg/220px-Tidal_Indicator_Delaware_River_ca1897.jpg","//bits.wikimedia.org/static-1.21wmf10/skins/common/images/magnify-clip.png","//upload.wikimedia.org/wikipedia/commons/thumb/c/c8/Intertide_zonation_at_Kalaloch.jpg/220px-Intertide_zonation_at_Kalaloch.jpg","//bits.wikimedia.org/static-1.21wmf10/skins/common/images/magnify-clip.png","//upload.wikimedia.org/wikipedia/commons/thumb/8/8f/Yacht_foresail.svg/24px-Yacht_foresail.svg.png","//upload.wikimedia.org/wikipedia/commons/thumb/a/ae/Drinking_water.jpg/18px-Drinking_water.jpg","//upload.wikimedia.org/wikipedia/commons/thumb/4/4d/Moon-Mdf-2005.jpg/28px-Moon-Mdf-2005.jpg","//upload.wikimedia.org/wikipedia/commons/thumb/7/72/DirkvdM_rocks.jpg/32px-DirkvdM_rocks.jpg","//upload.wikimedia.org/wikipedia/commons/thumb/d/d6/Wikiquote-logo-en.svg/40px-Wikiquote-logo-en.svg.png","//upload.wikimedia.org/wikipedia/en/thumb/4/4a/Commons-logo.svg/30px-Commons-logo.svg.png","//upload.wikimedia.org/wikipedia/commons/thumb/e/ee/Upwelling.svg/140px-Upwelling.svg.png","//upload.wikimedia.org/wikipedia/commons/thumb/2/2c/Antarctic_bottom_water_hg.png/140px-Antarctic_bottom_water_hg.png","//bits.wikimedia.org/static-1.21wmf10/skins/vector/images/search-ltr.png?303-4","//bits.wikimedia.org/images/wikimedia-button.png","//bits.wikimedia.org/static-1.21wmf10/skins/common/images/poweredby_mediawiki_88x31.png"],"tags":[["syzygy","astronomy"],["spring","season"],["spring","hydrosphere"],["altitude","astronomy"],["square","algebra"],["cube","arithmetic"],["model","abstract"],["natural_history","pliny"],["draft","hull"],["knot","unit"],["competition","biology"]],"members":["competition","cube","model","square","syzygy","draft","knot","spring","natural_history","altitude"],"related":["Moon","Sun","Semi-diurnal","Diurnal","Amphidromic","Bathymetry","Amphidromic_system","Kelvin_wave","Seiche","Tide_gauge","Mean_sea_level","NOAA","Lunar_day","Storm_surge","Slack_water","Tide_table","Equator","Tidal_constituent","Tidal_constituents","Bathymetry","Earth_tide","Zenith","Tide_clock","Culmination","Hour_angle","Zenith","Nadir","New_moon","Full_moon","Syzygy_(astronomy)","Tidal_force","Spring_(season)","Spring_(hydrosphere)","Gibbous","Slack_water","Perigee","Apogee","Lunation","Perigean_spring_tide","Bathymetry","Altitude_(astronomy)","Lunitidal_interval","Norfolk,_Virginia","Amphidromic_point","New_Zealand","Iceland","Madagascar","Coriolis_effect","Heliocentrism","Celestial_mechanics","Galileo_Galilei","Johannes_Kepler","Ptolemy","Tetrabiblos","Isaac_Newton","Newton's_law_of_universal_gravitation","Pierre-Simon_Laplace","Scalar_potential","Bathymetry","Académie_Royale_des_Sciences","Daniel_Bernoulli","Leonhard_Euler","Colin_Maclaurin","Antoine_Cavalleri","Prolate","Coriolis_effect","Jean_le_Rond_d'Alembert","Partial_differential_equation","Laplace's_tidal_equations","William_Thomson,_1st_Baron_Kelvin","Vorticity","Kelvin_wave","Henri_Poincaré","Lunar_theory","Ernest_William_Brown","Arthur_Thomas_Doodson","Tidal_force","Standard_gravity","Vector_field","Tidal_force","Geoid","Gradient","Tangent","Inverse-square_law","Square_(algebra)","Cube_(arithmetic)","Model_(abstract)","Laplace's_tidal_equations","Wind_shear","Tangent","Coriolis_effect","Lithosphere","Earth_tide","Average","Terawatt","Woods_Hole_Oceanographic_Institution","Tidal_acceleration","Bay_of_Biscay","Brittany","Dover","Pytheas","British_Isles","Babylonian_astronomy","Seleucus_of_Seleucia","Heliocentrism","Moon","Pneuma","Strabo","Natural_History_(Pliny)","Pliny_the_Elder","Persian_Gulf","Mediterranean","Euripus_Strait","Strait_of_Messina","Aristotle","Philostratus","Apollonius_of_Tyana","Bede","Tide_table","China","Tidal_bore","Qiantang_River","Thames","London","William_Thomson,_1st_Baron_Kelvin","Harmonic_analysis","Tide-predicting_machine","Thames_Estuary","William_Whewell","North_Sea","American_Meteorological_Society","Bathymetry","Coast","Bay_of_Fundy","Canada","Ungava_Bay","Quebec","Pack_ice","Southampton","United_Kingdom","English_Channel","Strait_of_Dover","Land's_End","Isle_of_Wight","Mediterranean_Sea","Baltic_Sea","Gulf_of_Mexico","Sea_of_Japan","Australia","Isaac_Newton","Bathymetry","Lord_Kelvin","Fourier_series","Sine_wave","Harmonic_analysis","George_Darwin","Arthur_Thomas_Doodson","Lunitidal_interval","Ptolemy","Data_analysis","Metonic_cycle","National_Oceanic_and_Atmospheric_Administration","South_China_Sea","Gulf_of_Mexico","NOAA","Amphidromic_point","Baja_California_Peninsula","Alaska","France","Ireland","Cook_Strait","U.S.A.","Eddies","Nautical_chart","Cook_Strait","Nelson,_New_Zealand","Wellington,_New_Zealand","Napier,_New_Zealand","Cape_Terawhiti","Westport,_New_Zealand","Turbine","Rance_tidal_power_plant","St_Malo","Draft_(hull)","Royal_Navy","Tidal_stream_atlas","Knot_(unit)","Tidal_diamond","Dead_reckoning","Nautical_chart","Echo_sounding","Contour_line","Chart_datum","Seabed","Rule_of_twelfths","Intertidal_zone","Ecosystem","Ecologist","Biological_interaction","Rocky_shore","Adaptation","Vertical_zonation","Desiccation","Competition_(biology)","Exploitation_of_natural_resources","Intertidal_ecology","Overexploitation","Invasive_species","Global_warming","Marine_Protected_Area","Scientific_research","Biological_rhythm","Vertebrate","Gestation","Menstrual_cycle","Lunar_month","Common_descent","The_Descent_of_Man,_and_Selection_in_Relation_to_Sex","Internal_waves","Nantucket_Shoals","Continuum_mechanics","Fluid_mechanics","Solid_mechanics","Lake_Superior","Lake_Erie","Seiche","Lake_Michigan","Weather","Earth's_atmosphere","Gyroscope","GPS","VLBI","Nutation","Particle_physics","Stanford_University","CERN","SLAC","Particle_accelerator","IEEE","Earth's_magnetic_field","Satellite_galaxies","Solar_System","Oort_cloud","Tsunamis","Rip_current","Storm_tide","Hurricane_tide","Oil_spill","Red_tide","Aquaculture","Clairaut's_theorem","Coastal_erosion","Head_of_tide","Hough_function","Internal_tide","King_tide","Lunar_Laser_Ranging_Experiment","Lunar_phase","Lunitidal_interval","Marine_terrace","Mean_high_water_spring","Mean_low_water_springs","Orbit_of_the_Moon","Perigean_Spring_Tides","Primitive_equations","Red_tide","Rip_current","Slack_water","Storm_tide","Tidal_bore","Tidal_island","Tidal_locking","Tidal_power","Tidal_prism","Tidal_range","Tidal_resonance","Tide_pool","Tideline"]}