{"cursor":"47830","size":15,"audio":[],"currentlang":"en","article":"[[Power Rangers Wild Force]] is the 2002 Power Rangers season that tells\nthe story of the Wild Force Power Rangers and their fight against the\npolluting Orgs.\n","linknr":366,"url":"Taylor_Earhardt","recorded":1363415241,"links":["/w/index.php?title=List_of_Power_Rangers_Wild_Force_characters&action=edit","/w/index.php?title=List_of_Power_Rangers_Wild_Force_characters&action=edit","//en.wikipedia.org/apple-touch-icon.png","//bits.wikimedia.org/favicon/wikipedia.ico","/w/opensearch_desc.php","//en.wikipedia.org/w/api.php?action=rsd","//creativecommons.org/licenses/by-sa/3.0/","/w/index.php?title=Special:RecentChanges&feed=atom","/wiki/List_of_Power_Rangers_Wild_Force_characters","//bits.wikimedia.org/en.wikipedia.org/load.php?debug=false&lang=en&modules=ext.gadget.DRN-wizard%2CReferenceTooltips%2Ccharinsert%2Cteahouse%7Cext.wikihiero%7Cmediawiki.legacy.commonPrint%2Cshared%7Cmw.PopUpMediaTransform%7Cskins.vector&only=styles&skin=vector&*","//bits.wikimedia.org/en.wikipedia.org/load.php?debug=false&lang=en&modules=site&only=styles&skin=vector&*","//bits.wikimedia.org/en.wikipedia.org/load.php?debug=false&lang=en&modules=startup&only=scripts&skin=vector&*","//bits.wikimedia.org/geoiplookup","//meta.wikimedia.org","/w/index.php?title=Taylor_Earhardt&redirect=no","#mw-head","#p-search","/wiki/Power_Rangers_Wild_Force","/wiki/Power_Rangers","#Wild_Force_Power_Rangers","#Cole_Evans","#Taylor_Earhardt","#Max_Cooper","#Danny_Delgado","#Alyssa_Enril.C3.A9","#Merrick_Baliton","#Allies_of_the_Power_Rangers","#Princess_Shayla","#Alpha_7","#Orgs","#Master_Org","#Org_Generals","#Retinax","#Nayzor","#Mandilok","#Duke_Orgs","#Jindrax","#Toxica","#Zen-Aku","#Artilla","#Helicos","#Juggelo","#Onikage","#Mut-Orgs","#Machine_Empire_Remnants","#Putrids","#Orgs_2","#References","/w/index.php?title=List_of_Power_Rangers_Wild_Force_characters&action=edit&section=1","/wiki/Princess_Shayla","/wiki/Zord","/wiki/Zords_in_Power_Rangers_Wild_Force","/w/index.php?title=List_of_Power_Rangers_Wild_Force_characters&action=edit&section=2","/wiki/Protagonist","/wiki/Master_Org","/wiki/Jungle","/wiki/Veterinarian","/wiki/Ricardo_Medina,_Jr.","/wiki/Power_Rangers_Samurai","/w/index.php?title=List_of_Power_Rangers_Wild_Force_characters&action=edit&section=3","/wiki/United_States_Air_Force","/wiki/Time_Force_Power_Rangers","/wiki/Time_Force_Power_Rangers","/wiki/Alyson_Kiperman","/w/index.php?title=List_of_Power_Rangers_Wild_Force_characters&action=edit&section=4","/wiki/Phillip_Jeanmarie","/w/index.php?title=List_of_Power_Rangers_Wild_Force_characters&action=edit&section=5","/wiki/Winston_Churchill","/wiki/Jack_Guzman","/w/index.php?title=List_of_Power_Rangers_Wild_Force_characters&action=edit&section=6","/wiki/Jessica_Rey","/w/index.php?title=List_of_Power_Rangers_Wild_Force_characters&action=edit&section=7","/w/index.php?title=Phillip_Andrew&action=edit&redlink=1","/wiki/Other_Rangers_and_Ranger-like_Allies","/wiki/Master_Org","/wiki/Zen-Aku","/wiki/Nayzor","/wiki/Wild_Zords","/wiki/Tommy_Oliver","/wiki/Mighty_Morphin_Power_Rangers","/wiki/Lightspeed_Rescue_Power_Rangers#Ryan_Mitchell","/wiki/Power_Rangers_Lightspeed_Rescue","/wiki/Antihero","/wiki/Power_Rangers_Time_Force","/wiki/Time_Force_Power_Rangers#Eric_Myers","/wiki/Princess_Shayla","/w/index.php?title=List_of_Power_Rangers_Wild_Force_characters&action=edit&section=8","/w/index.php?title=List_of_Power_Rangers_Wild_Force_characters&action=edit&section=9","/wiki/Master_Org","/wiki/Damsel_in_distress","/wiki/Merrick_Baliton","/w/index.php?title=Ann_Marie_Crouch&action=edit&redlink=1","/w/index.php?title=List_of_Power_Rangers_Wild_Force_characters&action=edit&section=10","/wiki/Power_Rangers","/wiki/Tommy_Oliver","/wiki/Andros_(Power_Rangers)","/wiki/Alpha_5","/wiki/Alpha_4","/wiki/Alpha_5","/wiki/Richard_Steven_Horvitz","/w/index.php?title=List_of_Power_Rangers_Wild_Force_characters&action=edit&section=11","/wiki/Pollution","/w/index.php?title=List_of_Power_Rangers_Wild_Force_characters&action=edit&section=12","/wiki/Power_Rangers:_Wild_Force","/wiki/Merrick_Baliton","/wiki/Princess_Shayla","#Jindrax","#Toxica","/wiki/Wild_Force_Power_Rangers","#Mandilok","#Onikage","#Retinax","#Nayzor","/wiki/Wild_zord","/wiki/Ilia_Volok","/wiki/Gosei_Sentai_Dairanger","/wiki/Mighty_Morphin%27_Power_Rangers","/wiki/Lord_Zedd","/w/index.php?title=List_of_Power_Rangers_Wild_Force_characters&action=edit&section=13","/w/index.php?title=List_of_Power_Rangers_Wild_Force_characters&action=edit&section=14","#Master_Org","#Toxica","#Jindrax","#Nayzor","#Mandilok","/wiki/Michael_Sorich","/wiki/Eye","/wiki/Retina","/wiki/Axe","/w/index.php?title=List_of_Power_Rangers_Wild_Force_characters&action=edit&section=15","/wiki/Nose","/wiki/Ear","/wiki/Nose","/wiki/Merrick_Baliton","/wiki/Zen-Aku","#Master_Org","#Toxica","/wiki/X-Men","/wiki/Ken_Merckx","/w/index.php?title=List_of_Power_Rangers_Wild_Force_characters&action=edit&section=16","/wiki/Mouth","#Jindrax","#Toxica","#Master_Org","/wiki/Barbara_Goodson","/wiki/Ezra_Weisz","/wiki/Mandible","/w/index.php?title=List_of_Power_Rangers_Wild_Force_characters&action=edit&section=17","/w/index.php?title=List_of_Power_Rangers_Wild_Force_characters&action=edit&section=18","#Toxica","#Master_Org","/wiki/Knives","/wiki/Sword","#Mandilok","/wiki/Richard_Cansino","/w/index.php?title=Danny_Wayne_Stallcup&action=edit&redlink=1","/w/index.php?title=List_of_Power_Rangers_Wild_Force_characters&action=edit&section=19","#Jindrax","#Master_Org","#Nayzor","#Mandilok","/wiki/Princess_Shayla","/wiki/Sin_Wong","/w/index.php?title=List_of_Power_Rangers_Wild_Force_characters&action=edit&section=20","/wiki/Gray_wolf","/wiki/Wild_Force_Power_Rangers#Merrick_Baliton","/wiki/Nayzor","/wiki/Werewolf","/wiki/Dan_Woren","/wiki/Lex_Lang","/w/index.php?title=List_of_Power_Rangers_Wild_Force_characters&action=edit&section=21","/wiki/Tank","/wiki/Michael_Sorich","/w/index.php?title=List_of_Power_Rangers_Wild_Force_characters&action=edit&section=22","/wiki/Helicopter","/wiki/Dave_Mallow","/w/index.php?title=List_of_Power_Rangers_Wild_Force_characters&action=edit&section=23","/wiki/Juggling","/wiki/Patrick_Thomas_(actor)","/w/index.php?title=List_of_Power_Rangers_Wild_Force_characters&action=edit&section=24","/wiki/Ninja","#Mandilok","/wiki/Princess_Shayla","#Toxica","/wiki/List_of_evil_Power_Rangers","#Jindrax","/wiki/Wild_zord","/wiki/Dan_Woren","/w/index.php?title=List_of_Power_Rangers_Wild_Force_characters&action=edit&section=25","/wiki/Villains_in_Power_Rangers:_Time_Force#Ransik","#Master_Org","/wiki/Wild_Force_Power_Rangers","/w/index.php?title=Big_Bad_Beetleborg&action=edit&redlink=1","/wiki/David_Lodge_(voice_actor)","/wiki/Kim_Strauss","/w/index.php?title=List_of_Power_Rangers_Wild_Force_characters&action=edit&section=26","/wiki/Machine_Empire","/w/index.php?title=List_of_Power_Rangers_Wild_Force_characters&action=edit&section=27","/wiki/Conch_shell","/wiki/Kanabo","/w/index.php?title=List_of_Power_Rangers_Wild_Force_characters&action=edit&section=28","/wiki/Tom_Wyner","/wiki/AC_power_plugs_and_sockets","/wiki/Steve_Kramer_(actor)","/wiki/Turbine","/wiki/David_Lodge_(voice_actor)","/wiki/Barbed_wire","/wiki/Michael_Sorich","/wiki/Camera","/wiki/Bob_Papenbrook","/wiki/Church_bell","/wiki/Derek_Stephen_Prince","/wiki/Tire","/wiki/Mike_Reynolds_(actor)","/wiki/Ship","/w/index.php?title=William_Holmes_(actor)&action=edit&redlink=1","/wiki/Mobile_phone","/wiki/Jason_Faunt","/wiki/Bulldozer","/w/index.php?title=Billy_Forester&action=edit&redlink=1","/wiki/Refrigerator","/wiki/Dave_Mallow","/wiki/Vacuum_cleaner","/wiki/David_Leisure","/wiki/Bus","/wiki/Kirk_Thornton","/wiki/Scooter_(motorcycle)","/wiki/Motorcycle","/wiki/Kim_Strauss","/wiki/Lawn_mower","/w/index.php?title=Frank_Adelia&action=edit&redlink=1","/wiki/Chimera_(mythology)","/wiki/Monica_Louwerens","/wiki/Karaoke","/wiki/Tony_Oliver","/wiki/Traffic_light","/wiki/Richard_Epcar","/wiki/Bowling_ball","/wiki/Peggy_O%27Neal","/wiki/Wedding_dress","/wiki/Mannequin","/wiki/Tom_Wyner","/wiki/Samurai","/wiki/Stephen_Apostolina","/wiki/Headstone","/wiki/Monica_Louwerens","/wiki/Flute","/wiki/Tom_Wyner","/wiki/Animal_training","/wiki/Circus","/wiki/Kerrigan_Mahan","/wiki/Video_monitor","/w/index.php?title=Steve_McGowan_(actor)&action=edit&redlink=1","/wiki/Toy","/wiki/Robot","/wiki/Clock","/wiki/Michael_Sorich","/wiki/Train","/w/index.php?title=List_of_Power_Rangers_Wild_Force_characters&action=edit&section=29","/wiki/Template:Power_Rangers_characters","/wiki/Template_talk:Power_Rangers_characters","//en.wikipedia.org/w/index.php?title=Template:Power_Rangers_characters&action=edit","/wiki/Power_Rangers","/wiki/List_of_Power_Rangers","/wiki/List_of_Power_Rangers_characters","/wiki/List_of_minor_Power_Rangers_characters","/wiki/Mighty_Morphin_Power_Rangers","/wiki/Jason_Lee_Scott","/wiki/Trini_Kwan","/wiki/Billy_Cranston","/wiki/Kimberly_Hart","/wiki/Zack_Taylor","/wiki/Alpha_5","/wiki/Tommy_Oliver","/wiki/Rita_Repulsa","/wiki/Goldar","/wiki/Villains_in_Mighty_Morphin_Power_Rangers","/wiki/Lord_Zedd","/wiki/Rocky_DeSantos","/wiki/Adam_Park","/wiki/Aisha_Campbell","/wiki/Mighty_Morphin_Alien_Rangers","/wiki/Rito_Revolto","/wiki/Katherine_Hillard","/wiki/Aquitian_Rangers","/wiki/Power_Rangers_Zeo","/wiki/Tanya_Sloan","/wiki/Machine_Empire","/wiki/King_Mondo","/wiki/Trey_of_Triforia","/wiki/Power_Rangers_Turbo","/wiki/Justin_Stewart","/wiki/Carlos_Vallerte","/wiki/Ashley_Hammond","/wiki/Cassie_Chan","/wiki/T._J._Johnson","/wiki/Phantom_Ranger","/wiki/Villains_in_Power_Rangers_Turbo","/wiki/List_of_Power_Rangers_Lost_Galaxy_characters","/wiki/Karone","/wiki/List_of_Power_Rangers_Lightspeed_Rescue_characters","/wiki/List_of_Power_Rangers_Time_Force_characters","/wiki/List_of_Power_Rangers_Ninja_Storm_characters","/wiki/List_of_Power_Rangers_Dino_Thunder_characters","/wiki/Tommy_Oliver","/wiki/List_of_Power_Rangers_S.P.D._characters","/wiki/List_of_Power_Rangers_Mystic_Force_characters","/wiki/List_of_Power_Rangers_Operation_Overdrive_characters","/wiki/List_of_Power_Rangers_Jungle_Fury_characters","/wiki/List_of_Power_Rangers_RPM_characters","/wiki/List_of_Power_Rangers_Samurai_characters","/wiki/List_of_Power_Rangers_Megaforce_characters","http://en.wikipedia.org/w/index.php?title=List_of_Power_Rangers_Wild_Force_characters&oldid=541622828#Taylor_Earhardt","/wiki/Help:Categories","/wiki/Category:Fictional_characters_introduced_in_2002","/wiki/Category:Power_Rangers_characters","/wiki/Category:Power_Rangers_Wild_Force","/w/index.php?title=Special:UserLogin&returnto=List+of+Power+Rangers+Wild+Force+characters&type=signup","/w/index.php?title=Special:UserLogin&returnto=List+of+Power+Rangers+Wild+Force+characters","/wiki/List_of_Power_Rangers_Wild_Force_characters","/wiki/Talk:List_of_Power_Rangers_Wild_Force_characters","#","/wiki/List_of_Power_Rangers_Wild_Force_characters","/w/index.php?title=List_of_Power_Rangers_Wild_Force_characters&action=edit","/w/index.php?title=List_of_Power_Rangers_Wild_Force_characters&action=history","#","/w/index.php","//bits.wikimedia.org/static-1.21wmf11/skins/vector/images/search-ltr.png?303-4","/wiki/Main_Page","/wiki/Main_Page","/wiki/Portal:Contents","/wiki/Portal:Featured_content","/wiki/Portal:Current_events","/wiki/Special:Random","//donate.wikimedia.org/wiki/Special:FundraiserRedirector?utm_source=donate&utm_medium=sidebar&utm_campaign=C13_en.wikipedia.org&uselang=en","/wiki/Help:Contents","/wiki/Wikipedia:About","/wiki/Wikipedia:Community_portal","/wiki/Special:RecentChanges","/wiki/Wikipedia:Contact_us","/wiki/Special:WhatLinksHere/List_of_Power_Rangers_Wild_Force_characters","/wiki/Special:RecentChangesLinked/List_of_Power_Rangers_Wild_Force_characters","/wiki/Wikipedia:File_Upload_Wizard","/wiki/Special:SpecialPages","/w/index.php?title=List_of_Power_Rangers_Wild_Force_characters&oldid=541622828","/w/index.php?title=List_of_Power_Rangers_Wild_Force_characters&action=info","/w/index.php?title=Special:Cite&page=List_of_Power_Rangers_Wild_Force_characters&id=541622828","/w/index.php?title=Special:Book&bookcmd=book_creator&referer=List+of+Power+Rangers+Wild+Force+characters","/w/index.php?title=Special:Book&bookcmd=render_article&arttitle=List+of+Power+Rangers+Wild+Force+characters&oldid=541622828&writer=rl","/w/index.php?title=List_of_Power_Rangers_Wild_Force_characters&printable=yes","//nl.wikipedia.org/wiki/Wild_Force_Power_Rangers","//en.wikipedia.org/wiki/Wikipedia:Text_of_Creative_Commons_Attribution-ShareAlike_3.0_Unported_License","//creativecommons.org/licenses/by-sa/3.0/","//wikimediafoundation.org/wiki/Terms_of_Use","//www.wikimediafoundation.org/","//en.wikipedia.org/wiki/Wikipedia:Contact_us","//wikimediafoundation.org/wiki/Privacy_policy","/wiki/Wikipedia:About","/wiki/Wikipedia:General_disclaimer","http://en.m.wikipedia.org/wiki/List_of_Power_Rangers_Wild_Force_characters#Taylor_Earhardt","//wikimediafoundation.org/","//bits.wikimedia.org/images/wikimedia-button.png","//www.mediawiki.org/","//bits.wikimedia.org/static-1.21wmf11/skins/common/images/poweredby_mediawiki_88x31.png","//bits.wikimedia.org/en.wikipedia.org/load.php?debug=false&lang=en&modules=skins.vector&only=scripts&skin=vector&*","/w/index.php?title=MediaWiki:Gadget-ReferenceTooltips.js&action=raw&ctype=text/javascript&508635914","//bits.wikimedia.org/en.wikipedia.org/load.php?debug=false&lang=en&modules=site&only=scripts&skin=vector&*"],"instances":["actor","actor","mythology","actor","motorcycle","actor","power_rangers","voice_actor","actor"],"pdf":[],"categories":["Fictional characters introduced in 2002|Power Rangers Wild Force","Power Rangers characters|Wild Force","Power Rangers Wild Force"],"headings":["Wild Force Power Rangers","Allies of the Power Rangers","Orgs","References"],"image":["//bits.wikimedia.org/static-1.21wmf11/skins/vector/images/search-ltr.png?303-4","//bits.wikimedia.org/images/wikimedia-button.png","//bits.wikimedia.org/static-1.21wmf11/skins/common/images/poweredby_mediawiki_88x31.png"],"tags":[["andros","power_rangers"],["patrick_thomas","actor"],["david_lodge","voice_actor"],["steve_kramer","actor"],["david_lodge","voice_actor"],["mike_reynolds","actor"],["william_holmes","actor"],["scooter","motorcycle"],["chimera","mythology"],["steve_mcgowan","actor"]],"members":["mike_reynolds","steve_mcgowan","chimera","patrick_thomas","scooter","steve_kramer","andros","david_lodge","william_holmes"],"related":["Power_Rangers","Princess_Shayla","Zord","Zords_in_Power_Rangers_Wild_Force","Protagonist","Master_Org","Jungle","Veterinarian","Ricardo_Medina,_Jr.","Power_Rangers_Samurai","United_States_Air_Force","Time_Force_Power_Rangers","Time_Force_Power_Rangers","Alyson_Kiperman","Phillip_Jeanmarie","Winston_Churchill","Jack_Guzman","Jessica_Rey","Phillip_Andrew","Other_Rangers_and_Ranger-like_Allies","Master_Org","Zen-Aku","Nayzor","Wild_Zords","Tommy_Oliver","Mighty_Morphin_Power_Rangers","Antihero","Princess_Shayla","Master_Org","Damsel_in_distress","Merrick_Baliton","Ann_Marie_Crouch","Power_Rangers","Tommy_Oliver","Andros_(Power_Rangers)","Alpha_5","Alpha_4","Alpha_5","Richard_Steven_Horvitz","Pollution","Merrick_Baliton","Princess_Shayla","Wild_Force_Power_Rangers","Wild_zord","Ilia_Volok","Gosei_Sentai_Dairanger","Mighty_Morphin'_Power_Rangers","Lord_Zedd","Michael_Sorich","Eye","Retina","Axe","Nose","Ear","Nose","Merrick_Baliton","Zen-Aku","X-Men","Ken_Merckx","Mouth","Barbara_Goodson","Ezra_Weisz","Mandible","Knives","Sword","Richard_Cansino","Danny_Wayne_Stallcup","Princess_Shayla","Sin_Wong","Gray_wolf","Nayzor","Werewolf","Dan_Woren","Lex_Lang","Tank","Michael_Sorich","Helicopter","Dave_Mallow","Juggling","Patrick_Thomas_(actor)","Ninja","Princess_Shayla","List_of_evil_Power_Rangers","Wild_zord","Dan_Woren","Wild_Force_Power_Rangers","Big_Bad_Beetleborg","David_Lodge_(voice_actor)","Kim_Strauss","Conch_shell","Kanabo","Tom_Wyner","AC_power_plugs_and_sockets","Steve_Kramer_(actor)","Turbine","David_Lodge_(voice_actor)","Barbed_wire","Michael_Sorich","Camera","Bob_Papenbrook","Church_bell","Derek_Stephen_Prince","Tire","Mike_Reynolds_(actor)","Ship","William_Holmes_(actor)","Mobile_phone","Jason_Faunt","Bulldozer","Billy_Forester","Refrigerator","Dave_Mallow","Vacuum_cleaner","David_Leisure","Bus","Kirk_Thornton","Scooter_(motorcycle)","Motorcycle","Kim_Strauss","Lawn_mower","Frank_Adelia","Chimera_(mythology)","Monica_Louwerens","Karaoke","Tony_Oliver","Traffic_light","Richard_Epcar","Bowling_ball","Peggy_O'Neal","Wedding_dress","Mannequin","Tom_Wyner","Samurai","Stephen_Apostolina","Headstone","Monica_Louwerens","Flute","Tom_Wyner","Animal_training","Circus","Kerrigan_Mahan","Video_monitor","Steve_McGowan_(actor)","Toy","Robot","Clock","Michael_Sorich","Train"]}