{"cursor":"172900","size":15,"audio":[],"currentlang":"en","article":"\n\n{{Infobox former country |native_name = GroÃdeutsches Reich\n|conventional_long_name = Greater German Reich |common_name = Germany |continent\n= Europe |country = Germany |era = Interwar period / WWII |event_start =\nMachtergreifung |year_start =1933 |date_start = 30 January |event1 =\nGleichschaltung |date_event1 = 27 February 1933 |event2 = Anschluss |date_event2\n= 12 March 1938 |event3 = World War II |date_event3 = 1 September 1939 |event4 =\nDeath of Adolf Hitler |date_event4 = 30 April 1945 |event_end = Surrender of\nGermany |year_end = 1945 |date_end = 8 May |legislature = Reichstag |house1 = Reichsrat |type_house1 = State council |p1 = Weimar Republic |flag_p1 =Flag_of_Germany_(3-\n2_aspect_ratio).svg |p2 = Saar (League of Nations) |flag_p2 = Flag of Saar 1920-\n1935.svg |p3 = Federal State of Austria |flag_p3 = Flag of Austria.svg |p4 =\nFirst Czechoslovak RepublicCzechoslovak Republic |flag_p4 = Flag of\nCzechoslovakia.svg |p5 = KlaipÄda Region |flag_p5 = Flag of Lithuania 1918-\n1940.svg |p6 = Free City of Danzig |flag_p6 = Gdansk flag.svg |p7 = Second\nPolish Republic |flag_p7 = Flag of Poland.svg |p8 = Ukrainian National\nGovernment |flag_p8 = Flag of Ukraine.svg |p9 = Kingdom of Italy\n(1861â1946)Kingdom of Italy |flag_p9 = Flag of Italy (1861-1946).svg |p10 = Eupen-\nMalmedy |flag_p10 = Flag of Belgium.svg |p11 = Luxembourg |flag_p11 = Flag of\nLuxembourg.svg |p12 = Alsace-Lorraine |flag_p12 = Flag of France.svg |p13 =\nDrava Banovina |flag_p13 = Flag of the Kingdom of Yugoslavia.svg |s1 = Flensburg\nGovernment |flag_s1 = Flag of German Reich (1935â1945).svg |s2 = Allied-occupied\nGermany |flag_s2 = Flag of Germany (1946-1949).svg |s3 = Allied-occupied Austria\n|flag_s3 = Flag of Austria.svg |s4 = History of Czechoslovakia (1945â1948)Third\nRepublic of Czechoslovakia |flag_s4 = Flag of Czechoslovakia.svg |s5 = People's\nRepublic of PolandRepublic of Poland |flag_s5 = Flag_of_Poland.svg |s6 = Alsace-\nLorraine |flag_s6 = Flag_of_France.svg |s7 = Eupen-Malmedy |flag_s7 =\nFlag_of_Belgium.svg |s8 = Luxembourg |flag_s8 = Flag_of_Luxembourg.svg |s9 =\nKingdom of Italy (1861â1946)Kingdom of Italy |flag_s9 = Flag of Italy (1861-\n1946).svg |s10 = Kaliningrad Oblast |flag_s10 = Flag of the Soviet Union\n1923.svg |s11 = Saar protectorate |flag_s11 = Flag of Saar (1947â1956).svg |s12\n= Socialist Federal Republic of YugoslaviaDemocratic Federal Yugoslavia\n|flag_s12 = Flag of SFR Yugoslavia.svg |s13 = Dutch annexation of German\nterritory after World War II#ImplementationElten and Selfkant |flag_s13 = Flag\nof the Netherlands.svg |image_flag = Flag of German Reich (1935â1945).svg ","linknr":2971,"url":"Nazi_Germany","recorded":1362538049,"links":248,"instances":["german_empire","eastern_europe","number","negationism","politician","1938_film","weimar_republic","league_of_nations","kanzlei_des_führers","residence","1970","nazism","nazism","germany","element","1945","germany","racial_categorization"],"pdf":["http://www.nathaninc.com/nathan2/files/ccLibraryFiles/FILENAME/000000000072/Forced%20Labour%20Under%20the%20Third%20Reich%2C%20Part%20One.pdf","http://www.nathaninc.com/nathan2/files/ccLibraryFiles/FILENAME/000000000072/Forced%20Labour%20Under%20the%20Third%20Reich%2C%20Part%20One.pdf","http://www.nathaninc.com/nathan2/files/ccLibraryFiles/FILENAME/000000000073/Forced%20Labour%20Under%20the%20Third%20Reich%2C%20Part%20Two.pdf","http://www.nathaninc.com/nathan2/files/ccLibraryFiles/FILENAME/000000000073/Forced%20Labour%20Under%20the%20Third%20Reich%2C%20Part%20Two.pdf","http://www.spio.de/media_content/610.pdf","http://web.archive.org/web/20070926002255/http://www.destatis.de/jetspeed/portal/cms/Sites/destatis/Internet/DE/Content/Publikationen/Querschnittsveroeffentlichungen/StatistischesJahrbuch/Downloads/Jahrbuch2006Inland,property=file.pdf","http://www.destatis.de/jetspeed/portal/cms/Sites/destatis/Internet/DE/Content/Publikationen/Querschnittsveroeffentlichungen/StatistischesJahrbuch/Downloads/Jahrbuch2006Inland,property=file.pdf","http://web.archive.org/web/20070926002255/http://www.destatis.de/jetspeed/portal/cms/Sites/destatis/Internet/DE/Content/Publikationen/Querschnittsveroeffentlichungen/StatistischesJahrbuch/Downloads/Jahrbuch2006Inland,property=file.pdf"],"categories":["Nazi Germany|","Former republics","Single-party states","States and territories established in 1933","States and territories disestablished in 1945"],"headings":["Name","History","Geography","Politics","Economy","Demographics","Society","Culture","Legacy","See also","Notes","References","Bibliography","Further reading","External links"],"image":["//upload.wikimedia.org/wikipedia/commons/thumb/9/99/Flag_of_German_Reich_%281935%E2%80%931945%29.svg/125px-Flag_of_German_Reich_%281935%E2%80%931945%29.svg.png","//upload.wikimedia.org/wikipedia/commons/thumb/0/06/Reichsadler_der_Deutsches_Reich_%281933%E2%80%931945%29.svg/85px-Reichsadler_der_Deutsches_Reich_%281933%E2%80%931945%29.svg.png","//upload.wikimedia.org/wikipedia/commons/thumb/1/16/Europe_under_Nazi_domination.png/280px-Europe_under_Nazi_domination.png","//upload.wikimedia.org/wikipedia/commons/thumb/8/86/Flag_of_Germany_%283-2_aspect_ratio%29.svg/20px-Flag_of_Germany_%283-2_aspect_ratio%29.svg.png","//upload.wikimedia.org/wikipedia/commons/thumb/d/d6/Flag_of_Saar_1920-1935.svg/20px-Flag_of_Saar_1920-1935.svg.png","//upload.wikimedia.org/wikipedia/commons/thumb/4/41/Flag_of_Austria.svg/20px-Flag_of_Austria.svg.png","//upload.wikimedia.org/wikipedia/commons/thumb/2/2d/Flag_of_Czechoslovakia.svg/20px-Flag_of_Czechoslovakia.svg.png","//upload.wikimedia.org/wikipedia/commons/thumb/9/9c/Flag_of_Lithuania_1918-1940.svg/20px-Flag_of_Lithuania_1918-1940.svg.png","//upload.wikimedia.org/wikipedia/commons/thumb/e/ed/Gdansk_flag.svg/20px-Gdansk_flag.svg.png","//upload.wikimedia.org/wikipedia/en/thumb/1/12/Flag_of_Poland.svg/20px-Flag_of_Poland.svg.png","//upload.wikimedia.org/wikipedia/commons/thumb/4/49/Flag_of_Ukraine.svg/20px-Flag_of_Ukraine.svg.png","//upload.wikimedia.org/wikipedia/commons/thumb/a/ad/Flag_of_Italy_%281861-1946%29.svg/20px-Flag_of_Italy_%281861-1946%29.svg.png","//upload.wikimedia.org/wikipedia/commons/thumb/6/65/Flag_of_Belgium.svg/20px-Flag_of_Belgium.svg.png","//upload.wikimedia.org/wikipedia/commons/thumb/d/da/Flag_of_Luxembourg.svg/20px-Flag_of_Luxembourg.svg.png","//upload.wikimedia.org/wikipedia/en/thumb/c/c3/Flag_of_France.svg/20px-Flag_of_France.svg.png","//upload.wikimedia.org/wikipedia/commons/thumb/e/e7/Flag_of_the_Kingdom_of_Yugoslavia.svg/20px-Flag_of_the_Kingdom_of_Yugoslavia.svg.png","//upload.wikimedia.org/wikipedia/commons/thumb/9/99/Flag_of_German_Reich_%281935%E2%80%931945%29.svg/20px-Flag_of_German_Reich_%281935%E2%80%931945%29.svg.png","//upload.wikimedia.org/wikipedia/commons/thumb/0/05/Flag_of_Germany_%281946-1949%29.svg/20px-Flag_of_Germany_%281946-1949%29.svg.png","//upload.wikimedia.org/wikipedia/commons/thumb/4/41/Flag_of_Austria.svg/20px-Flag_of_Austria.svg.png","//upload.wikimedia.org/wikipedia/commons/thumb/2/2d/Flag_of_Czechoslovakia.svg/20px-Flag_of_Czechoslovakia.svg.png","//upload.wikimedia.org/wikipedia/en/thumb/1/12/Flag_of_Poland.svg/20px-Flag_of_Poland.svg.png","//upload.wikimedia.org/wikipedia/en/thumb/c/c3/Flag_of_France.svg/20px-Flag_of_France.svg.png","//upload.wikimedia.org/wikipedia/commons/thumb/6/65/Flag_of_Belgium.svg/20px-Flag_of_Belgium.svg.png","//upload.wikimedia.org/wikipedia/commons/thumb/d/da/Flag_of_Luxembourg.svg/20px-Flag_of_Luxembourg.svg.png","//upload.wikimedia.org/wikipedia/commons/thumb/a/ad/Flag_of_Italy_%281861-1946%29.svg/20px-Flag_of_Italy_%281861-1946%29.svg.png","//upload.wikimedia.org/wikipedia/commons/thumb/5/58/Flag_of_the_Soviet_Union_%281923-1955%29.svg/20px-Flag_of_the_Soviet_Union_%281923-1955%29.svg.png","//upload.wikimedia.org/wikipedia/commons/thumb/2/2b/Flag_of_Saar_%281947%E2%80%931956%29.svg/20px-Flag_of_Saar_%281947%E2%80%931956%29.svg.png","//upload.wikimedia.org/wikipedia/commons/thumb/7/71/Flag_of_SFR_Yugoslavia.svg/20px-Flag_of_SFR_Yugoslavia.svg.png","//upload.wikimedia.org/wikipedia/commons/thumb/2/20/Flag_of_the_Netherlands.svg/20px-Flag_of_the_Netherlands.svg.png","//upload.wikimedia.org/wikipedia/en/thumb/b/ba/Flag_of_Germany.svg/22px-Flag_of_Germany.svg.png","//upload.wikimedia.org/wikipedia/commons/thumb/4/41/Flag_of_Austria.svg/22px-Flag_of_Austria.svg.png","//upload.wikimedia.org/wikipedia/commons/thumb/9/92/Flag_of_Belgium_%28civil%29.svg/22px-Flag_of_Belgium_%28civil%29.svg.png","//upload.wikimedia.org/wikipedia/commons/thumb/c/cb/Flag_of_the_Czech_Republic.svg/22px-Flag_of_the_Czech_Republic.svg.png","//upload.wikimedia.org/wikipedia/en/thumb/c/c3/Flag_of_France.svg/22px-Flag_of_France.svg.png","//upload.wikimedia.org/wikipedia/commons/thumb/8/85/Flag_of_Belarus.svg/22px-Flag_of_Belarus.svg.png","//upload.wikimedia.org/wikipedia/en/thumb/0/03/Flag_of_Italy.svg/22px-Flag_of_Italy.svg.png","//upload.wikimedia.org/wikipedia/commons/thumb/1/11/Flag_of_Lithuania.svg/22px-Flag_of_Lithuania.svg.png","//upload.wikimedia.org/wikipedia/commons/thumb/d/da/Flag_of_Luxembourg.svg/22px-Flag_of_Luxembourg.svg.png","//upload.wikimedia.org/wikipedia/commons/thumb/e/ea/Flag_of_Monaco.svg/22px-Flag_of_Monaco.svg.png","//upload.wikimedia.org/wikipedia/commons/thumb/2/20/Flag_of_the_Netherlands.svg/22px-Flag_of_the_Netherlands.svg.png","//upload.wikimedia.org/wikipedia/en/thumb/1/12/Flag_of_Poland.svg/22px-Flag_of_Poland.svg.png","//upload.wikimedia.org/wikipedia/en/thumb/f/f3/Flag_of_Russia.svg/22px-Flag_of_Russia.svg.png","//upload.wikimedia.org/wikipedia/commons/thumb/f/f0/Flag_of_Slovenia.svg/22px-Flag_of_Slovenia.svg.png","//upload.wikimedia.org/wikipedia/commons/thumb/4/49/Flag_of_Ukraine.svg/22px-Flag_of_Ukraine.svg.png","//upload.wikimedia.org/wikipedia/commons/thumb/e/e6/Flag_of_Slovakia.svg/22px-Flag_of_Slovakia.svg.png","//upload.wikimedia.org/wikipedia/en/thumb/7/7d/Adolf_Hitler_cph_3a48970.jpg/170px-Adolf_Hitler_cph_3a48970.jpg","//bits.wikimedia.org/static-1.21wmf10/skins/common/images/magnify-clip.png","//upload.wikimedia.org/wikipedia/commons/thumb/3/3b/National_flag_of_Germany_1933-1935.svg/150px-National_flag_of_Germany_1933-1935.svg.png","//bits.wikimedia.org/static-1.21wmf10/skins/common/images/magnify-clip.png","//upload.wikimedia.org/wikipedia/commons/thumb/9/99/Flag_of_German_Reich_%281935%E2%80%931945%29.svg/150px-Flag_of_German_Reich_%281935%E2%80%931945%29.svg.png","//bits.wikimedia.org/static-1.21wmf10/skins/common/images/magnify-clip.png","//upload.wikimedia.org/wikipedia/commons/thumb/6/67/Reichsparteitag_1935.jpg/170px-Reichsparteitag_1935.jpg","//bits.wikimedia.org/static-1.21wmf10/skins/common/images/magnify-clip.png","//upload.wikimedia.org/wikipedia/commons/thumb/9/98/Bundesarchiv_Bild_146-1976-033-20%2C_Anschluss_sudetendeutscher_Gebiete.jpg/220px-Bundesarchiv_Bild_146-1976-033-20%2C_Anschluss_sudetendeutscher_Gebiete.jpg","//bits.wikimedia.org/static-1.21wmf10/skins/common/images/magnify-clip.png","//upload.wikimedia.org/wikipedia/commons/thumb/f/fd/Ozn%C3%A1men%C3%AD_o_poprav%C4%9B_1944.gif/220px-Ozn%C3%A1men%C3%AD_o_poprav%C4%9B_1944.gif","//bits.wikimedia.org/static-1.21wmf10/skins/common/images/magnify-clip.png","//upload.wikimedia.org/wikipedia/commons/thumb/7/74/Second_world_war_europe_animation_large_de.gif/300px-Second_world_war_europe_animation_large_de.gif","//bits.wikimedia.org/static-1.21wmf10/skins/common/images/magnify-clip.png","//upload.wikimedia.org/wikipedia/commons/thumb/e/e7/Bundesarchiv_Bild_183-L05487%2C_Paris%2C_Avenue_Foch%2C_Siegesparade.jpg/220px-Bundesarchiv_Bild_183-L05487%2C_Paris%2C_Avenue_Foch%2C_Siegesparade.jpg","//bits.wikimedia.org/static-1.21wmf10/skins/common/images/magnify-clip.png","//upload.wikimedia.org/wikipedia/commons/thumb/1/17/RIAN_archive_2153_After_bombing.jpg/220px-RIAN_archive_2153_After_bombing.jpg","//bits.wikimedia.org/static-1.21wmf10/skins/common/images/magnify-clip.png","//upload.wikimedia.org/wikipedia/commons/thumb/9/9e/EG_A_%C5%A0iauliai_Lithuania_July_1941.JPG/220px-EG_A_%C5%A0iauliai_Lithuania_July_1941.JPG","//bits.wikimedia.org/static-1.21wmf10/skins/common/images/magnify-clip.png","//upload.wikimedia.org/wikipedia/commons/thumb/1/1e/Bundesarchiv_Bild_183-J16796%2C_Rommel_mit_Soldaten_der_Legion_%22Freies_Indien%22.jpg/220px-Bundesarchiv_Bild_183-J16796%2C_Rommel_mit_Soldaten_der_Legion_%22Freies_Indien%22.jpg","//bits.wikimedia.org/static-1.21wmf10/skins/common/images/magnify-clip.png","//upload.wikimedia.org/wikipedia/commons/thumb/5/53/Americans_cross_Siegfried_Line.jpg/220px-Americans_cross_Siegfried_Line.jpg","//bits.wikimedia.org/static-1.21wmf10/skins/common/images/magnify-clip.png","//upload.wikimedia.org/wikipedia/commons/thumb/f/fc/Bundesarchiv_Bild_183-R77767%2C_Berlin%2C_Rotarmisten_Unter_den_Linden.jpg/220px-Bundesarchiv_Bild_183-R77767%2C_Berlin%2C_Rotarmisten_Unter_den_Linden.jpg","//bits.wikimedia.org/static-1.21wmf10/skins/common/images/magnify-clip.png","//upload.wikimedia.org/wikipedia/commons/thumb/8/8d/Nuremberg-1-.jpg/220px-Nuremberg-1-.jpg","//bits.wikimedia.org/static-1.21wmf10/skins/common/images/magnify-clip.png","//upload.wikimedia.org/wikipedia/commons/thumb/9/9e/Nazi_Germany.svg/300px-Nazi_Germany.svg.png","//bits.wikimedia.org/static-1.21wmf10/skins/common/images/magnify-clip.png","//upload.wikimedia.org/wikipedia/commons/thumb/8/83/NS_administrative_Gliederung_1944.png/300px-NS_administrative_Gliederung_1944.png","//bits.wikimedia.org/static-1.21wmf10/skins/common/images/magnify-clip.png","//upload.wikimedia.org/wikipedia/commons/thumb/7/77/Bundesarchiv_Bild_101I-031-2436-03A%2C_Russland%2C_Hinrichtung_von_Partisanen-2.jpg/220px-Bundesarchiv_Bild_101I-031-2436-03A%2C_Russland%2C_Hinrichtung_von_Partisanen-2.jpg","//bits.wikimedia.org/static-1.21wmf10/skins/common/images/magnify-clip.png","//upload.wikimedia.org/wikipedia/commons/thumb/e/eb/Bundesarchiv_Bild_102-04062A%2C_N%C3%BCrnberg%2C_Reichsparteitag%2C_SA-_und_SS-Appell.jpg/170px-Bundesarchiv_Bild_102-04062A%2C_N%C3%BCrnberg%2C_Reichsparteitag%2C_SA-_und_SS-Appell.jpg","//bits.wikimedia.org/static-1.21wmf10/skins/common/images/magnify-clip.png","//upload.wikimedia.org/wikipedia/commons/thumb/9/9c/Bundesarchiv_Bild_183-R69173%2C_M%C3%BCnchener_Abkommen%2C_Staatschefs.jpg/220px-Bundesarchiv_Bild_183-R69173%2C_M%C3%BCnchener_Abkommen%2C_Staatschefs.jpg","//bits.wikimedia.org/static-1.21wmf10/skins/common/images/magnify-clip.png","//upload.wikimedia.org/wikipedia/commons/thumb/4/4e/Bundesarchiv_Bild_101I-218-0510-22%2C_Russland-S%C3%BCd%2C_Panzersoldat.jpg/220px-Bundesarchiv_Bild_101I-218-0510-22%2C_Russland-S%C3%BCd%2C_Panzersoldat.jpg","//bits.wikimedia.org/static-1.21wmf10/skins/common/images/magnify-clip.png","//upload.wikimedia.org/wikipedia/commons/thumb/c/cd/20_Deutschmark_note_3rd_Reich.jpg/220px-20_Deutschmark_note_3rd_Reich.jpg","//bits.wikimedia.org/static-1.21wmf10/skins/common/images/magnify-clip.png","//upload.wikimedia.org/wikipedia/commons/thumb/1/1c/Wiki_letter_w_cropped.svg/20px-Wiki_letter_w_cropped.svg.png","//upload.wikimedia.org/wikipedia/commons/thumb/1/1c/Wiki_letter_w_cropped.svg/20px-Wiki_letter_w_cropped.svg.png","//upload.wikimedia.org/wikipedia/commons/thumb/3/39/Ostarbeiter-Abzeichen.png/150px-Ostarbeiter-Abzeichen.png","//bits.wikimedia.org/static-1.21wmf10/skins/common/images/magnify-clip.png","//upload.wikimedia.org/wikipedia/commons/thumb/9/99/Arbeitsbuch_f%C3%BCr_Ausl%C3%A4nder.jpg/220px-Arbeitsbuch_f%C3%BCr_Ausl%C3%A4nder.jpg","//bits.wikimedia.org/static-1.21wmf10/skins/common/images/magnify-clip.png","//upload.wikimedia.org/wikipedia/commons/thumb/1/1c/Wiki_letter_w_cropped.svg/20px-Wiki_letter_w_cropped.svg.png","//upload.wikimedia.org/wikipedia/commons/thumb/e/e5/No_entrance_for_poles1.jpeg/220px-No_entrance_for_poles1.jpeg","//bits.wikimedia.org/static-1.21wmf10/skins/common/images/magnify-clip.png","//upload.wikimedia.org/wikipedia/commons/thumb/1/1c/Wiki_letter_w_cropped.svg/20px-Wiki_letter_w_cropped.svg.png","//upload.wikimedia.org/wikipedia/commons/thumb/5/56/Bundesarchiv_Bild_183-2007-0329-501%2C_Reichsgr%C3%BCndungsfeier%2C_Schulklasse.jpg/220px-Bundesarchiv_Bild_183-2007-0329-501%2C_Reichsgr%C3%BCndungsfeier%2C_Schulklasse.jpg","//bits.wikimedia.org/static-1.21wmf10/skins/common/images/magnify-clip.png","//upload.wikimedia.org/wikipedia/commons/thumb/4/43/Bundesarchiv_B_145_Bild-P017100%2C_Berlin%2C_Olympiade%2C_Pariser_Platz_bei_Nacht.jpg/220px-Bundesarchiv_B_145_Bild-P017100%2C_Berlin%2C_Olympiade%2C_Pariser_Platz_bei_Nacht.jpg","//bits.wikimedia.org/static-1.21wmf10/skins/common/images/magnify-clip.png","//upload.wikimedia.org/wikipedia/commons/thumb/e/ec/Jewish_shops_in_Nazi_Germany.jpg/220px-Jewish_shops_in_Nazi_Germany.jpg","//bits.wikimedia.org/static-1.21wmf10/skins/common/images/magnify-clip.png","//upload.wikimedia.org/wikipedia/en/thumb/a/a7/Kristallnacht_example_of_physical_damage.jpg/220px-Kristallnacht_example_of_physical_damage.jpg","//bits.wikimedia.org/static-1.21wmf10/skins/common/images/magnify-clip.png","//upload.wikimedia.org/wikipedia/commons/thumb/c/c2/Buchenwald-bei-Weimar-am-24-April-1945.jpg/220px-Buchenwald-bei-Weimar-am-24-April-1945.jpg","//bits.wikimedia.org/static-1.21wmf10/skins/common/images/magnify-clip.png","//upload.wikimedia.org/wikipedia/commons/thumb/5/59/Bundesarchiv_Bild_192-208%2C_KZ_Mauthausen%2C_Sowjetische_Kriegsgefangene.jpg/220px-Bundesarchiv_Bild_192-208%2C_KZ_Mauthausen%2C_Sowjetische_Kriegsgefangene.jpg","//bits.wikimedia.org/static-1.21wmf10/skins/common/images/magnify-clip.png","//upload.wikimedia.org/wikipedia/commons/thumb/4/4e/Bundesarchiv_Bild_183-2000-0110-500%2C_BDM%2C_Gymnastikvorf%C3%BChrung.jpg/220px-Bundesarchiv_Bild_183-2000-0110-500%2C_BDM%2C_Gymnastikvorf%C3%BChrung.jpg","//bits.wikimedia.org/static-1.21wmf10/skins/common/images/magnify-clip.png","//upload.wikimedia.org/wikipedia/commons/thumb/7/7a/Bundesarchiv_Bild_146-1979-145-04A%2C_Hermann_G%C3%B6ring_auf_der_Jagd.jpg/220px-Bundesarchiv_Bild_146-1979-145-04A%2C_Hermann_G%C3%B6ring_auf_der_Jagd.jpg","//bits.wikimedia.org/static-1.21wmf10/skins/common/images/magnify-clip.png","//upload.wikimedia.org/wikipedia/commons/thumb/2/2b/1933-may-10-berlin-book-burning.JPG/220px-1933-may-10-berlin-book-burning.JPG","//bits.wikimedia.org/static-1.21wmf10/skins/common/images/magnify-clip.png","//upload.wikimedia.org/wikipedia/commons/thumb/c/ce/Nazi_World_War_II_poster_Danzig_is_German.jpg/170px-Nazi_World_War_II_poster_Danzig_is_German.jpg","//bits.wikimedia.org/static-1.21wmf10/skins/common/images/magnify-clip.png","//upload.wikimedia.org/wikipedia/en/thumb/b/ba/Flag_of_Germany.svg/32px-Flag_of_Germany.svg.png","//upload.wikimedia.org/wikipedia/commons/thumb/7/74/Fasces_lictoriae.svg/10px-Fasces_lictoriae.svg.png","//upload.wikimedia.org/wikipedia/commons/thumb/9/99/Flag_of_German_Reich_%281935%E2%80%931945%29.svg/32px-Flag_of_German_Reich_%281935%E2%80%931945%29.svg.png","//upload.wikimedia.org/wikipedia/commons/thumb/f/f8/Wiktionary-logo-en.svg/23px-Wiktionary-logo-en.svg.png","//upload.wikimedia.org/wikipedia/en/thumb/4/4a/Commons-logo.svg/18px-Commons-logo.svg.png","//upload.wikimedia.org/wikipedia/commons/thumb/1/1b/Wikiversity-logo-en.svg/25px-Wikiversity-logo-en.svg.png","//upload.wikimedia.org/wikipedia/commons/thumb/2/24/Wikinews-logo.svg/25px-Wikinews-logo.svg.png","//upload.wikimedia.org/wikipedia/commons/thumb/f/fa/Wikiquote-logo.svg/21px-Wikiquote-logo.svg.png","//upload.wikimedia.org/wikipedia/commons/thumb/4/4c/Wikisource-logo.svg/24px-Wikisource-logo.svg.png","//upload.wikimedia.org/wikipedia/commons/thumb/f/fa/Wikibooks-logo.svg/25px-Wikibooks-logo.svg.png","//upload.wikimedia.org/wikipedia/commons/thumb/8/8a/Wikivoyage-logo.svg/25px-Wikivoyage-logo.svg.png","//upload.wikimedia.org/wikipedia/commons/thumb/f/f3/Gnome-globe.svg/16px-Gnome-globe.svg.png","//upload.wikimedia.org/wikipedia/en/thumb/4/4a/Commons-logo.svg/30px-Commons-logo.svg.png","//upload.wikimedia.org/wikipedia/commons/thumb/8/86/Parteiadler_der_Nationalsozialistische_Deutsche_Arbeiterpartei_%281933%E2%80%931945%29.svg/140px-Parteiadler_der_Nationalsozialistische_Deutsche_Arbeiterpartei_%281933%E2%80%931945%29.svg.png","//upload.wikimedia.org/wikipedia/en/thumb/4/48/Folder_Hexagonal_Icon.svg/16px-Folder_Hexagonal_Icon.svg.png","//upload.wikimedia.org/wikipedia/commons/thumb/0/06/Reichsadler_der_Deutsches_Reich_%281933%E2%80%931945%29.svg/100px-Reichsadler_der_Deutsches_Reich_%281933%E2%80%931945%29.svg.png","//upload.wikimedia.org/wikipedia/commons/thumb/0/06/Reichsadler_der_Deutsches_Reich_%281933%E2%80%931945%29.svg/60px-Reichsadler_der_Deutsches_Reich_%281933%E2%80%931945%29.svg.png","//upload.wikimedia.org/wikipedia/commons/thumb/d/da/Wappen_Deutsches_Reich_-_Reichsadler_1889.svg/25px-Wappen_Deutsches_Reich_-_Reichsadler_1889.svg.png","//upload.wikimedia.org/wikipedia/commons/thumb/c/ce/Fascist_symbol.svg/80px-Fascist_symbol.svg.png","//bits.wikimedia.org/static-1.21wmf10/skins/vector/images/search-ltr.png?303-4","//bits.wikimedia.org/images/wikimedia-button.png","//bits.wikimedia.org/static-1.21wmf10/skins/common/images/poweredby_mediawiki_88x31.png"],"tags":[["reichstag","weimar_republic"],["reichsrat","germany"],["president_of_germany","1919–1945"],["the_system","nazism"],["centre_party","germany"],["german_army","german_empire"],["historical_revisionism","negationism"],["saar","league_of_nations"],["berghof","residence"],["royal_italian_army","1940–1946"],["berlin_declaration","1945"],["saar","protectorate"],["saar","league_of_nations"],["ludwig_siebert","politician"],["galicia","eastern_europe"],["new_order","nazism"],["flight_and_expulsion_of_germans","1944–1950"],["treaty_of_warsaw","1970"],["hitler's_chancellery","kanzlei_des_führers"],["kingdom_of_italy","1861–1946"],["racialism","racial_categorization"],["mercury","element"],["1000000000","number"],["olympia","1938_film"],["sino-german_cooperation","1911–1941"]],"members":["german_army","galicia","1000000000","historical_revisionism","ludwig_siebert","royal_italian_army","olympia","reichstag","saar","president_of_germany","kingdom_of_italy","berghof","treaty_of_warsaw","the_system","new_order","reichsrat","mercury","berlin_declaration","centre_party","racialism","flight_and_expulsion_of_germans"],"related":["Interwar_period","World_War_II","Machtergreifung","Gleichschaltung","Anschluss","World_War_II","Death_of_Adolf_Hitler","German_Instrument_of_Surrender","Reichstag_(Weimar_Republic)","Reichsrat_(Germany)","Nazi","Single-party_state","Totalitarian_dictatorship","President_of_Germany_(1919–1945)","Führer","Paul_von_Hindenburg","Adolf_Hitler","Karl_Dönitz","List_of_Chancellors_of_Germany","Adolf_Hitler","Joseph_Goebbels","Reichsmark","Annexation","Enabling_Act_of_1933","Germany","Totalitarian_state","Adolf_Hitler","Nazi_Party","Chancellor_of_Germany","Führer","Great_Depression","Mixed_economy","Antisemitism","Gestapo","Schutzstaffel","Heinrich_Himmler","Germanic_peoples","Nordic_race","Aryan_race","Master_race","Racial_biology","Hitler_Youth","Strength_Through_Joy","Degenerate_art","Nazi_propaganda","Joseph_Goebbels","1936_Summer_Olympics","Appeasement","Austria","Anschluss","Sudetenland","Munich_Agreement","Czechoslovakia","Molotov–Ribbentrop_Pact","Invasion_of_Poland","World_War_II","Benito_Mussolini","Italy","General_Government","Nazi_concentration_camps","The_Holocaust","Soviet_Union","Battle_of_Stalingrad","Battle_of_Kursk","Allies_of_World_War_II","Denazification","Nuremberg_Trials","German_Reich","Arthur_Moeller_van_den_Bruck","Holy_Roman_Empire","German_Empire","Weimar_Republic","The_System_(Nazism)","Treaty_of_Versailles","Nazi_propaganda","Stab-in-the-back_legend","Great_Depression","Weimar_Republic","Communist_Party_of_Germany","Völkisch_movement","Traditional_values","German_federal_election,_July_1932","Franz_von_Papen","Chancellor_of_Germany","German_National_People's_Party","Reichstag_fire","Marinus_van_der_Lubbe","Dachau_concentration_camp","Enabling_Act_of_1933","Franz_von_Papen","Centre_Party_(Germany)","Single-party_state","German_election,_November_1933","German_election_and_referendum,_1936","German_election_and_referendum,_1938","Alfred_Hugenberg","Swastika_flag","Horst-Wessel-Lied","Hamburg","German_Army_(German_Empire)","Ernst_Röhm","Martial_law","Heinrich_Himmler","Hermann_Göring","Night_of_the_Long_Knives","Strasserism","Führer","Nazism","Nazi_symbolism","Historical_revisionism_(negationism)","Pan-Germanism","Joseph_Goebbels","Nazi_concentration_camps","German_resistance","Sondergerichte","Court-martial","League_of_Nations","Saar_(League_of_Nations)","Rhineland","Spanish_Civil_War","Kurt_Schuschnigg","Berghof_(residence)","Sudeten_German_Party","Konrad_Henlein","Appeasement","Neville_Chamberlain","Gdańsk","Free_City_of_Danzig","Free_City_of_Danzig","Polish_Corridor","Molotov-Ribbentrop_Pact","Invasion_of_Poland","Wilhelmshaven","Cuxhaven","Heligoland","Phoney_War","Prague","Vienna","Sylt","Altmark_Incident","Occupation_of_Denmark_by_Nazi_Germany","Norway","Sweden","Central_Norway","North_Norway","Norwegian_Campaign","Low_Countries","Battle_of_France","The_Blitz","Air_supremacy","Operation_Sea_Lion","Battle_of_Britain","Operation_Barbarossa","Balkans","Commonwealth_of_Nations","North_African_Campaign","Invasion_of_Yugoslavia","Battle_of_Greece","Battle_of_Crete","Siege_of_Leningrad","Pearl_Harbor","Lend-Lease","Rainbow_Five","Franklin_D._Roosevelt","Appeasement","Unrestricted_submarine_warfare","U-boats","Battlecruiser","Battle_of_the_Atlantic","Šiauliai","Yellow_badge","Ghetto","Wannsee_Conference","Reinhard_Heydrich","Heinrich_Himmler","Final_Solution","Porajmos","Jehovah's_Witnesses","Generalplan_Ost","Nazi_crimes_against_Soviet_POWs","Action_T4","Persecution_of_homosexuals_in_Nazi_Germany_and_the_Holocaust","The_Holocaust","Hebrew_language","Ethnic_cleansing","Nationalists","Anti-communism","Germanisation","Polish_areas_annexed_by_Nazi_Germany","Nazism_and_race","Expulsion_of_Poles_by_Nazi_Germany","Volksdeutsche","Nazi–Soviet_population_transfers","Kidnapping_of_Eastern_European_children_by_Nazi_Germany","Indische_Legion","Red_Army","Case_Blue","Battle_of_Stalingrad","Battle_of_Kursk","First_Battle_of_El_Alamein","Bombing_of_Hamburg_in_World_War_II","Bombing_of_Cologne_in_World_War_II","Bombing_of_Dresden_in_World_War_II","Royal_Italian_Army_(1940–1946)","Tunisia_Campaign","Operation_Shingle","Battle_of_Monte_Cassino","Operation_Overlord","Operation_Bagration","East_Prussia","West_Prussia","Silesia","Bolshevik","Torgau","Nazi_party_rally_grounds","Battle_of_Berlin","Hitler_Youth","Felix_Steiner","Army_Detachment_Steiner","Hermann_Göring","Bavaria","BBC","Heinrich_Himmler","Hermann_Fegelein","Urban_warfare","Reich_Chancellery","Eva_Braun","Death_of_Adolf_Hitler","Helmuth_Weidling","Vasily_Chuikov","Karl_Dönitz","Last_will_and_testament_of_Adolf_Hitler","Flensburg_Government","German_Instrument_of_Surrender","End_of_World_War_II_in_Europe","World_War_II_casualties","The_Holocaust","Nazi_crimes_against_Soviet_POWs","Soviet_Union","Refugee","War_crime","Crimes_against_humanity","Nuremberg_Trials","Hermann_Göring","Ernst_Kaltenbrunner","Rudolf_Hess","Albert_Speer","Karl_Dönitz","Hans_Frank","Julius_Streicher","Allied_Control_Council","Berlin_Declaration_(1945)","Potsdam_Conference","War_reparations","Oder-Neisse_line","Saar_(protectorate)","Treaty_of_Versailles","North_Sea","Baltic_Sea","Lithuania","Free_City_of_Danzig","Czechoslovakia","Austria","Switzerland","Luxembourg","Netherlands","Saar_(League_of_Nations)","German_question","Sudetenland","Czech_lands","Memel_Territory","Ethnic_Germans","Sudetenland","Lithuania","Klaipėda_Region","Eupen-Malmedy","Alsace-Lorraine","Free_City_of_Danzig","Second_Polish_Republic","Constituent_country","Prussia","Hermann_Göring","Ludwig_Siebert_(politician)","First_Czechoslovak_Republic","Protectorate_of_Bohemia_and_Moravia","Czech_Silesia","Province_of_Silesia","Luxembourg","Second_Polish_Republic","Galicia_(Eastern_Europe)","General_Government","Poles","South_Tyrol","Istria","Austria-Hungary","Trieste","Italian_Fascism","Operational_Zone_of_the_Adriatic_Littoral","Operational_Zone_of_the_Alpine_Foothills","Reichskommissar","Baltic_states","Kresy","Second_Polish_Republic","Belarus","Caucasus","Norway","Netherlands","Military_Administration_in_Belgium_and_Northern_France","Reichsgau","Reichsgau_Flandern","Reichsgau_Wallonien","District_of_Brussels","Allies_of_World_War_II","Battle_of_the_Bulge","Germanic_peoples","Scandinavia","Dutch_people","Flemish_people","Aryan_race","Master_race","Nordic_theory","Anschluss","Greater_Germanic_Reich","New_Order_(Nazism)","British_Empire","British_people","Supremacism","Zweites_Buch","Red_Army","Western_Allies","Debellatio","Oder-Neisse_line","Stettin","Former_eastern_territories_of_Germany","Flight_and_expulsion_of_Germans_(1944–1950)","Potsdam_Conference","Kaliningrad_Oblast","Treaty_of_Warsaw_(1970)","Treaty_on_the_Final_Settlement_with_Respect_to_Germany","Führer","Führerprinzip","Gauleiter","Hitler_Cabinet","Cabinet_Schwerin_von_Krosigk","Hitler's_Chancellery_(Kanzlei_des_Führers)","Philip_Bouhler","Party_Chancellery","Martin_Bormann","Otto_Meißner","Reich_Chancellery","Hans_Lammers","Konstantin_von_Neurath","Reich_Foreign_Ministry","Joachim_von_Ribbentrop","Reich_Interior_Ministry","Wilhelm_Frick","Heinrich_Himmler","Ministry_of_Public_Enlightenment_and_Propaganda","Joseph_Goebbels","Reich_Ministry_of_Aviation","Hermann_Göring","Reich_Ministry_of_Finance","Lutz_Schwerin_von_Krosigk","Reich_Ministry_of_Justice","Franz_Gürtner","Otto_Thierack","Reich_Economics_Ministry","Alfred_Hugenberg","Kurt_Schmitt","Hjalmar_Schacht","Hermann_Göring","Walther_Funk","Richard_Walther_Darré","Herbert_Backe","Reich_Labour_Ministry","Franz_Seldte","Reichserziehungsministerium","Bernhard_Rust","Hanns_Kerrl","Julius_Dorpmüller","Wilhelm_Ohnesorge","Fritz_Todt","Albert_Speer","Reich_Ministry_for_the_Occupied_Eastern_Territories","Alfred_Rosenberg","Konstantin_von_Neurath","Hans_Frank","Hjalmar_Schacht","Arthur_Seyss-Inquart","Four_Year_Plan","Hermann_Göring","SS-Reichssicherheitshauptamt","Reinhard_Heydrich","Hermann_Göring","Munich,_Bavaria","Office_of_Racial_Policy","NSDAP_Office_of_Colonial_Policy","Nazi_Party_Foreign_Affairs_Office","Amt_Rosenberg","Benito_Mussolini","Militarism","Anti-communism","Dictatorship","Portugal","Totalitarian","Kingdom_of_Italy_(1861–1946)","Roman_salute","Corporatism","Viktor_Lutze","Germanic_peoples","Polish_corridor","Gdańsk","Slavic_peoples","Racialism_(Racial_categorization)","Antisemitism","Anti-communism","The_Holocaust","Poles","Romani_people","Porajmos","History_of_gay_men_in_Nazi_Germany_and_the_Holocaust","Freethought","Persecution_of_Jehovah's_Witnesses_in_Nazi_Germany","Christadelphians","Confessing_Church","Freemasonry","Weimar_Republic","Roland_Freisler","Rome-Berlin_Axis","South_Tyrol","Neville_Chamberlain","Édouard_Daladier","Benito_Mussolini","Galeazzo_Ciano","Munich_Agreement","Sudetenland","Czechoslovakia","Neville_Chamberlain","Benito_Mussolini","Free_City_of_Danzig","Molotov_Pact","Phoney_War","Philippe_Petain","Vichy_France","Vichy","Francisco_Franco","Spain_under_Franco","Soviet_Union","Economic_liberalism","Yugoslavia","Slavs","Croatia","Independent_State_of_Croatia","Ante_Pavelić","Ustashe","Croatia","Bosnia_and_Herzegovina","Territory_of_the_Military_Commander_in_Serbia","Italian_Social_Republic","Heinrich_Himmler","Battle_of_Stalingrad","German_Army","German_casualties_in_World_War_II","Hjalmar_Schacht","German_re-armament","Gold_standard","Great_Depression","Keynesian","Inflation","Collective_bargaining","Strike_action","Quadrennium","Hjalmar_Schacht","Four_Year_Plan","Prices","Dividend","Book_capital","Synthetic_rubber","Four_Year_Plan","Hossbach_Memorandum","Syncretic_politics","Mixed_economy","Richard_Overy","Fritz_Todt","Albert_Speer","War_economy","Forced_labour_under_German_rule_during_World_War_II","Strategic_bombing_during_World_War_II","Fritz_Hippler","Bernhard_Rust","Robert_N._Proctor","Anti-tobacco_movement_in_Nazi_Germany","Epidemiology","Asbestos","Johns-Manville","Mercury_(element)","Hereditary_Health_Court","Action_T4","Health_informatics","IBM_and_the_Holocaust","Götz_Aly","Social_welfare","Strength_Through_Joy","Hitler_Youth","Winter_Relief","Nazism","Aryan_race","Nordic_race","Master_race","Nuremberg_Laws","Nuremberg_Laws","Pogrom","Buchenwald_concentration_camp","Porajmos","Jehovah's_Witnesses_and_the_Holocaust","Nazi_eugenics","History_of_gay_men_in_Nazi_Germany_and_the_Holocaust","Dachau_concentration_camp","Heinrich_Himmler","Political_prisoner","T-4_Euthanasia_Program","Master_race","Nazi_propaganda","The_Holocaust","Compulsory_sterilization","Mental_illness","Jewish_Bolshevism","Occupation_of_Poland","Master_race","Nordic_race","Germanised","Poland","Ethnic_Poles","Nazis","Slavic_people","Russians","Ukrainians","Czechs","Aryan_race","Nordic_race","Germanisation","West_Siberian_Plain","Herbert_Backe","Hunger_Plan","Timothy_Snyder","Ghettos_in_Nazi-occupied_Europe","Red_Army","Jewish_question","Adolf_Eichmann","Palestine","Franz_Rademacher","Benito_Mussolini","Hans_Frank","Wannsee_Conference","Final_Solution","Auschwitz_concentration_camp","Patriarchal","Great_Depression","Gertrud_Scholtz-Klink","National_Socialist_Women's_League","Rosenstrasse_protest","Blood_and_soil","NS-Frauenschaft","Hanna_Reitsch","Leni_Riefenstahl","Württemberg","Lebensborn","Rassenschande","Forest_management","List_of_Nazi_Party_leaders_and_officials","Environmentalism","Rudolf_Hess","Animal_welfare","Conservation_movement","German_culture","Racial_purity","Militarism","Heroism","Abstract_art","Avant-garde","Degenerate_art","Dada","Cubism","Expressionism","Fauvism","Impressionism","New_Objectivity","Surrealism","Neoclassical_architecture","Roman_architecture","Art_Deco","Albert_Speer","Nuremberg","Reich_Chancellery","Pantheon,_Rome","Triumphal_arch","Nationalisation","1000000000_(number)","Musical_film","Johann_Strauß_II","Operetta","Veit_Harlan","Film_industry","Agfacolor","Leni_Riefenstahl","Nuremberg_Rally","1936_Summer_Olympics","Marika_Rokk","Johannes_Heesters","Gottbegnadeten_list","1936_Summer_Olympics","Olympia_(1938_film)","Nationalsozialistischer_Reichsbund_für_Leibesübungen","1936_Summer_Olympics","Exposition_Internationale_des_Arts_et_Techniques_dans_la_Vie_Moderne","Nuremberg_Trials","Pan-Germanism","Völkisch_movement","Collaboration_with_the_Axis_Powers_during_World_War_II","German_resistance","Glossary_of_German_military_terms","Glossary_of_Nazi_Germany","List_of_Nazi_Party_leaders_and_officials","Nazi_architecture","Nazi_rule_over_the_Danube_River","Nazi_songs","Orders,_decorations,_and_medals_of_Nazi_Germany","Sino-German_cooperation_(1911–1941)","Vergangenheitsbewältigung","Claudia_Koonz","Adam_Tooze","Richard_Overy","Richard_Overy","Richard_C._Lukas","Harvard_University_Press","Harvard_University_Press","Greenwood_Publishing_Group","George_Mosse","Karl_Dietrich_Bracher","Richard_J._Evans","William_L._Shirer","Adam_Tooze","Henry_Ashby_Turner","Alfred_Sohn-Rethel","Gisela_Bock","Heinz_Höhne","Claudia_Koonz","Detlev_Peukert","Martin_Broszat","Guido_Knopp","Rainer_Zitelmann","William_Sheridan_Allen","Paul_Garson","John_Wheeler-Bennett","Andreas_Hillgruber","David_Irving","Roger_Moorhouse","Richard_Grunberger","Claudia_Koonz","Eric_Michaud","David_Schoenbaum"]}