{"cursor":"17066","size":15,"audio":[],"currentlang":"en","article":"\n\n\n\n\n\nA 'stream' is a body of water . with a current, confined within a bed\nand stream banks. Depending on its locale or certain characteristics, a stream\nmay be referred to as a branch, brook, beck, [[Burn (topography)|burn]], creek,\n\"crick\", gill (occasionally ghyll), [[Kill (body of water)|kill]], [[lick\n(stream)|lick]], [[mill race]], [[rill]], [[river]], syke, [[bayou]], rivulet,\nstreamage, wash, run or runnel.\n\nStreams are important as conduits in the water cycle, instruments in groundwater\nrecharge, and corridors for fish and wildlife migration. The biological habitat\nin the immediate vicinity of a stream is called a riparian zone. Given the\nstatus of the ongoing Holocene extinction, streams play an important corridor\nrole in connecting fragmented habitats and thus in conserving biodiversity. The\nstudy of streams and waterways in general is known as surface [[hydrology]] and\nis a core element of environmental geography. U.S. Geological Survey (USGS).\nAtlanta, GA. [http://ga.water.usgs.gov/edu/hydrology.html \"What is hydrology and\nwhat do hydrologists do?\"] 2009-05-13.\n","linknr":609,"url":"Torrent_(stream)","recorded":1363906617,"links":["/w/index.php?title=Stream&action=edit","/w/index.php?title=Stream&action=edit","//en.wikipedia.org/apple-touch-icon.png","//bits.wikimedia.org/favicon/wikipedia.ico","/w/opensearch_desc.php","//en.wikipedia.org/w/api.php?action=rsd","//creativecommons.org/licenses/by-sa/3.0/","/w/index.php?title=Special:RecentChanges&feed=atom","/wiki/Stream","//bits.wikimedia.org/en.wikipedia.org/load.php?debug=false&lang=en&modules=ext.gadget.DRN-wizard%2CReferenceTooltips%2Ccharinsert%2Cteahouse%7Cext.wikihiero%7Cmediawiki.legacy.commonPrint%2Cshared%7Cmw.PopUpMediaTransform%7Cskins.vector&only=styles&skin=vector&*","//bits.wikimedia.org/en.wikipedia.org/load.php?debug=false&lang=en&modules=site&only=styles&skin=vector&*","//bits.wikimedia.org/en.wikipedia.org/load.php?debug=false&lang=en&modules=startup&only=scripts&skin=vector&*","//bits.wikimedia.org/geoiplookup","//meta.wikimedia.org","/w/index.php?title=Torrent_(stream)&redirect=no","#mw-head","#p-search","/wiki/Stream_(disambiguation)","//upload.wikimedia.org/wikipedia/en/thumb/9/99/Question_book-new.svg/50px-Question_book-new.svg.png","//en.wikipedia.org/w/index.php?title=Stream&action=edit","/wiki/Help:Introduction_to_referencing/1","/wiki/Template:Citation_needed","/wiki/Wikipedia:Verifiability#Burden_of_evidence","/wiki/Rivulet_(moth)","/wiki/File:Potok_pod_jezerom_1.jpg","//upload.wikimedia.org/wikipedia/commons/thumb/5/55/Potok_pod_jezerom_1.jpg/220px-Potok_pod_jezerom_1.jpg","/wiki/File:Potok_pod_jezerom_1.jpg","//bits.wikimedia.org/static-1.21wmf11/skins/common/images/magnify-clip.png","//upload.wikimedia.org/wikipedia/commons/thumb/f/f8/Wiktionary-logo-en.svg/37px-Wiktionary-logo-en.svg.png","//en.wiktionary.org/wiki/stream","/wiki/Body_of_water","#cite_note-1","/wiki/Current_(stream)","/wiki/Stream_bed","/wiki/Bank_(geography)","/wiki/Burn_(topography)","/wiki/Kill_(body_of_water)","/wiki/Lick_(stream)","/wiki/Mill_race","/wiki/Rill","/wiki/River","/wiki/Bayou","/wiki/Water_cycle","/wiki/Groundwater_recharge","/wiki/Fish","/wiki/Wildlife","/wiki/Habitat","/wiki/Riparian_zone","/wiki/Holocene_extinction","/wiki/Wildlife_corridor","/wiki/Habitat_fragmentation","/wiki/Biodiversity","/wiki/Waterway","/wiki/Hydrology","/wiki/Environmental_geography","#cite_note-2","#Types","#Other_names","#Parts_of_a_stream","#Sources","#Characteristics","#Intermittent_and_ephemeral_streams","#Intermittent_stream","#Ephemeral_stream","#Drainage_basins","#See_also","#References","#External_links","/w/index.php?title=Stream&action=edit&section=1","/wiki/File:Arkhangelskaia_oblast_Plesetskiy_Raion.JPG","//upload.wikimedia.org/wikipedia/commons/thumb/4/48/Arkhangelskaia_oblast_Plesetskiy_Raion.JPG/220px-Arkhangelskaia_oblast_Plesetskiy_Raion.JPG","/wiki/File:Arkhangelskaia_oblast_Plesetskiy_Raion.JPG","//bits.wikimedia.org/static-1.21wmf11/skins/common/images/magnify-clip.png","/wiki/Arkhangelsk_Oblast","/wiki/File:SpearfishCreek.jpg","//upload.wikimedia.org/wikipedia/commons/thumb/e/e0/SpearfishCreek.jpg/220px-SpearfishCreek.jpg","/wiki/File:SpearfishCreek.jpg","//bits.wikimedia.org/static-1.21wmf11/skins/common/images/magnify-clip.png","/wiki/Spearfish_Canyon","/wiki/File:Heathcote_National_Park_stream_3.jpg","//upload.wikimedia.org/wikipedia/commons/thumb/4/44/Heathcote_National_Park_stream_3.jpg/220px-Heathcote_National_Park_stream_3.jpg","/wiki/File:Heathcote_National_Park_stream_3.jpg","//bits.wikimedia.org/static-1.21wmf11/skins/common/images/magnify-clip.png","/wiki/File:WymingBrook.jpg","//upload.wikimedia.org/wikipedia/commons/thumb/2/2e/WymingBrook.jpg/220px-WymingBrook.jpg","/wiki/File:WymingBrook.jpg","//bits.wikimedia.org/static-1.21wmf11/skins/common/images/magnify-clip.png","/wiki/Wyming_Brook","/wiki/Sheffield","/wiki/File:Brook.jpg","//upload.wikimedia.org/wikipedia/commons/thumb/a/ab/Brook.jpg/220px-Brook.jpg","/wiki/File:Brook.jpg","//bits.wikimedia.org/static-1.21wmf11/skins/common/images/magnify-clip.png","/wiki/Bay_of_Fundy","/wiki/River","/wiki/Waterway","/wiki/North_America","/wiki/Australia","/wiki/New_Zealand","/wiki/New_England","#cite_note-3","/wiki/India","/wiki/Tidal","/wiki/Inlet","/wiki/Salt_marsh","/wiki/Mangrove","/wiki/Marsh","/wiki/Swamp","/wiki/Port_Creek","/wiki/Portsea_Island","/wiki/Seawater","/wiki/Creek_(tidal)","/wiki/Tributary","/wiki/Spring_(hydrosphere)","/wiki/Seep_(hydrology)","/wiki/Ford_(river)","/wiki/Stream_bed","/wiki/Sandbar","/wiki/Swale_(landform)","/w/index.php?title=Stream&action=edit&section=2","/wiki/United_Kingdom","/wiki/Yorkshire","/wiki/Lancashire","/wiki/Dumfriesshire","/wiki/Cumbria","/wiki/Downland","/wiki/English_Midlands","/wiki/Scotland","/wiki/North_East_England","/wiki/Wales","/wiki/Southern_England","/wiki/Lowland","/wiki/Scottish_Highlands","/wiki/Kill_(body_of_water)","/wiki/New_York","/wiki/Pennsylvania","/wiki/Delaware","/wiki/New_Jersey","/wiki/Dutch_language","/wiki/Ohio","/wiki/Maryland","/wiki/Virginia","/wiki/Cardinal_direction","/wiki/Gunpowder_River","/wiki/Jones_Falls","/wiki/Midwestern_United_States","/wiki/Mid-Atlantic_states","/wiki/New_England","/w/index.php?title=Stream&action=edit&section=3","/wiki/Bar_(landform)","/wiki/Bar_(landform)","/wiki/Spring_(hydrosphere)","/wiki/Sediment","/wiki/Cave","/wiki/Source_(river_or_stream)","/wiki/Headwaters","/wiki/Point_source","/wiki/Confluence_(geography)","/wiki/River_bifurcation","/wiki/Stream_pool","/wiki/Riffle","/wiki/Turbulence","/wiki/Channel_(geography)","/wiki/Erosion","/wiki/Floodplain","/wiki/Flood","/wiki/Stream_bed","/wiki/Gauging_station","/wiki/Thalweg","/wiki/Wetted_perimeter","/wiki/Knickpoint","/wiki/Stream_gradient","/wiki/Waterfall","/wiki/Stratum","/wiki/Kinetic_energy","/wiki/Estuary","/wiki/River_delta","/wiki/Lake","/wiki/Ocean","/w/index.php?title=Stream&action=edit&section=4","/wiki/File:Homesteadcreekflowers.jpg","//upload.wikimedia.org/wikipedia/commons/thumb/e/eb/Homesteadcreekflowers.jpg/170px-Homesteadcreekflowers.jpg","/wiki/File:Homesteadcreekflowers.jpg","//bits.wikimedia.org/static-1.21wmf11/skins/common/images/magnify-clip.png","/wiki/Diamond_Ridge,_Alaska","/wiki/File:Creek_in_perisher.jpg","//upload.wikimedia.org/wikipedia/commons/thumb/b/bd/Creek_in_perisher.jpg/220px-Creek_in_perisher.jpg","/wiki/File:Creek_in_perisher.jpg","//bits.wikimedia.org/static-1.21wmf11/skins/common/images/magnify-clip.png","/wiki/Perisher_Ski_Resort","/wiki/Precipitation_(meteorology)","/wiki/Rain","/wiki/Snow","/wiki/Evaporation","/wiki/Evapotranspiration","/wiki/Infiltration_(hydrology)","/wiki/Groundwater","/wiki/Glacier","/wiki/Surface_runoff","/w/index.php?title=Stream&action=edit&section=5","/wiki/Intermittent_stream","/wiki/Strahler_Stream_Order","/wiki/Base_level","/wiki/Meander","/wiki/Oxbow_lake","/wiki/Stream_Load","/wiki/Velocity","/w/index.php?title=Stream&action=edit&section=6","/wiki/File:Low_creek.jpg","//upload.wikimedia.org/wikipedia/en/thumb/8/8c/Low_creek.jpg/250px-Low_creek.jpg","/wiki/File:Low_creek.jpg","//bits.wikimedia.org/static-1.21wmf11/skins/common/images/magnify-clip.png","/wiki/Perennial_stream","#cite_note-Meinzer_1923-4","#cite_note-5","#cite_note-urlOSM-COALEX97-6","/w/index.php?title=Stream&action=edit&section=7","/wiki/Topographic_map","#cite_note-Meinzer_1923-4","/wiki/Arroyo_(creek)","/wiki/Desert","/wiki/American_Southwest","/wiki/Thunderstorm","/wiki/Monsoon","/wiki/Flash_flood","/wiki/Arroyo_(creek)","/wiki/Latin_America","/wiki/Winterbourne_(stream)","/wiki/Wadi","/wiki/Arabic","/wiki/Italy","/wiki/Italian_language","/wiki/Apennine_mountains","/wiki/Alps","/w/index.php?title=Stream&action=edit&section=8","#cite_note-Meinzer_1923-4","/w/index.php?title=Stream&action=edit&section=9","/wiki/Drainage_basin","#cite_note-7","/wiki/Continental_Divide","/wiki/Atlantic_Ocean","/wiki/Arctic_Ocean","/wiki/Pacific_Ocean","/wiki/Gulf_of_Mexico","/wiki/Eastern_Continental_Divide","/wiki/Mississippi_River","/wiki/Tombigbee_River","/wiki/Ohio_River","/wiki/Kentucky_River","/w/index.php?title=Stream&action=edit&section=10","/wiki/Chalk_stream","/wiki/Lotic_ecosystem","/wiki/Playfair%27s_Law","/wiki/Rock-cut_basin","/w/index.php?title=Stream&action=edit&section=11","#cite_ref-1","http://water.usgs.gov/wsc/glossary.html#Stream","http://water.usgs.gov/wsc/glossary.html#Stream","#cite_ref-2","http://ga.water.usgs.gov/edu/hydrology.html","#cite_ref-3","http://www.sprucecreekassociation.org/sprucecreek.html","#cite_ref-Meinzer_1923_4-0","#cite_ref-Meinzer_1923_4-1","#cite_ref-Meinzer_1923_4-2","http://pubs.er.usgs.gov/publication/wsp494","http://pubs.er.usgs.gov/publication/wsp494","#cite_ref-5","http://pubs.er.usgs.gov/publication/wsp494","http://pubs.er.usgs.gov/publication/wsp494","#cite_ref-urlOSM-COALEX97_6-0","http://www.osmre.gov/topic/Coalex/COALEX97.shtm","http://www.osmre.gov/topic/Coalex/COALEX97.shtm","#cite_ref-7","http://water.usgs.gov/wsc/glossary.html#Watershed","http://water.usgs.gov/wsc/glossary.html#Watershed","/w/index.php?title=Stream&action=edit&section=12","http://www.streamnet.org/glossarystream.html","//upload.wikimedia.org/wikipedia/en/thumb/4/4a/Commons-logo.svg/12px-Commons-logo.svg.png","//commons.wikimedia.org/wiki/category:Streams","//upload.wikimedia.org/wikipedia/commons/thumb/d/d6/Wikiquote-logo-en.svg/16px-Wikiquote-logo-en.svg.png","//en.wikiquote.org/wiki/Streams","/wiki/Template:Rivers,_streams_and_springs","/wiki/Template_talk:Rivers,_streams_and_springs","//en.wikipedia.org/w/index.php?title=Template:Rivers,_streams_and_springs&action=edit","/wiki/River","/wiki/Spring_(hydrology)","/wiki/River","/wiki/Alluvial_river","/wiki/Braided_river","/wiki/Blackwater_river","/wiki/Channel_(geography)","/wiki/Channel_pattern","/wiki/Channel_types","/wiki/Confluence","/wiki/Distributary","/wiki/Drainage_basin","/wiki/Subterranean_river","/wiki/River_bifurcation","/wiki/River_ecosystem","/wiki/River_source","/wiki/Tributary","/wiki/Category:Rivers","/wiki/File:Stream_in_the_redwoods.jpg","//upload.wikimedia.org/wikipedia/commons/thumb/e/e6/Stream_in_the_redwoods.jpg/140px-Stream_in_the_redwoods.jpg","/wiki/Arroyo_(creek)","/wiki/Burn_(landform)","/wiki/Chalk_stream","/wiki/Coulee","/wiki/Current_(stream)","/wiki/Gill_(stream)","/wiki/Stream_bed","/wiki/Stream_channel","/wiki/Stream_gradient","/wiki/Stream_pool","/wiki/Perennial_stream","/wiki/Winterbourne_(stream)","/wiki/Category:Water_streams","/wiki/Spring_(hydrology)","/wiki/Geyser","/wiki/Holy_well","/wiki/Hot_spring","/wiki/Mineral_spring","/wiki/Rhythmic_spring","/wiki/Spring_(hydrology)","/wiki/Spring_horizon","/wiki/Category:Springs","/wiki/Sediment","/wiki/Erosion","/wiki/Abrasion_(geology)","/wiki/Anabranch","/wiki/Aggradation","/wiki/Armor_(hydrology)","/wiki/Bed_load","/wiki/Bed_material_load","/wiki/Granular_flow","/wiki/Debris_flow","/wiki/Deposition_(geology)","/wiki/Dissolved_load","/wiki/Downcutting","/wiki/Erosion","/wiki/Headward_erosion","/wiki/Knickpoint","/wiki/Palaeochannel","/wiki/Progradation","/wiki/Retrogradation","/wiki/Saltation_(geology)","/wiki/Secondary_flow#River_bends","/wiki/Sediment_transport","/wiki/Suspended_load","/wiki/Wash_load","/wiki/Water_gap","/wiki/Fluvial#Fluvial_landforms","/wiki/Ait","/wiki/Alluvial_fan","/wiki/Antecedent_drainage_stream","/wiki/Avulsion_(river)","/wiki/Bank_(geography)","/wiki/Bar_(river_morphology)","/wiki/Bayou","/wiki/Billabong","/wiki/Canyon","/wiki/Chine","/wiki/Cut_bank","/wiki/Estuary","/wiki/Fluvial_terrace","/wiki/Gulch","/wiki/Gully","/wiki/Glen","/wiki/Meander_scar","/wiki/Mouth_bar","/wiki/Oxbow_lake","/wiki/Riffle-pool_sequence","/wiki/Point_bar","/wiki/Ravine","/wiki/Rill","/wiki/River_island","/wiki/Rock-cut_basin","/wiki/Sedimentary_basin","/wiki/Sedimentary_structures","/wiki/Strath","/wiki/Thalweg","/wiki/Valley","/wiki/Wadi","/wiki/Fluvial#Fluvial_processes","/wiki/Helicoidal_flow","/wiki/International_Scale_of_River_Difficulty","/wiki/Meander","/wiki/Plunge_pool","/wiki/Rapid","/wiki/Riffle","/wiki/Shoal","/wiki/Waterfall","/wiki/Whitewater","/wiki/Surface_runoff","/wiki/Agricultural_wastewater_treatment","/wiki/Effluent","/wiki/First_flush","/wiki/Urban_runoff","/wiki/Wastewater","/wiki/Flood","/wiki/Stormwater","/wiki/100-year_flood","/wiki/Crevasse_splay","/wiki/Flash_flood","/wiki/Flood","/wiki/Flood_barrier","/wiki/Flood_control","/wiki/Flood_forecasting","/wiki/Flood-meadow","/wiki/Floodplain","/wiki/Flood_pulse_concept","/wiki/Flooded_grasslands_and_savannas","/wiki/Storm_Water_Management_Model","/wiki/Return_period","/wiki/Baer%27s_law","/wiki/Baseflow","/wiki/Bradshaw_model","/wiki/Discharge_(hydrology)","/wiki/Drainage_density","/wiki/Exner_equation","/wiki/Groundwater_model","/wiki/Hack%27s_law","/wiki/Hjulstr%C3%B6m_curve","/wiki/Hydrograph","/wiki/Hydrological_modelling","/wiki/Hydrological_transport_model","/wiki/Infiltration_(hydrology)","/wiki/Main_stem","/wiki/Playfair%27s_Law","/wiki/Relief_ratio","/wiki/River_continuum_concept","/wiki/Rouse_number","/wiki/Runoff_curve_number","/wiki/Runoff_model_(reservoir)","/wiki/Stream_gauge","/wiki/Universal_Soil_Loss_Equation","/wiki/WAFLEX","/wiki/Wetted_perimeter","/wiki/Volumetric_flow_rate","/wiki/River_engineering","/wiki/Aqueduct_(bridge)","/wiki/Balancing_lake","/wiki/Canal","/wiki/Check_dam","/wiki/Dam","/wiki/Drop_structure","/wiki/Daylighting_(streams)","/wiki/Detention_basin","/wiki/Erosion_control","/wiki/Fish_ladder","/wiki/Floodplain_restoration","/wiki/Flume","/wiki/Infiltration_basin","/wiki/Leat","/wiki/Levee","/wiki/Retention_basin","/wiki/Revetment","/wiki/Riparian_zone_restoration","/wiki/Stream_restoration","/wiki/Weir","/wiki/Canyoning","/wiki/Rafting","/wiki/River_surfing","/wiki/Riverboarding","/wiki/Whitewater_canoeing","/wiki/Whitewater_kayaking","/wiki/Whitewater_slalom","/wiki/Aquifer","/wiki/Aquatic_toxicology","/wiki/Body_of_water","/wiki/Limnology","/wiki/Riparian_zone","/wiki/River_civilization","/wiki/River_cruise","/wiki/Surface_water","/wiki/World_Rivers_Day","/wiki/Lists_of_rivers","/wiki/List_of_rivers_by_continent","/wiki/List_of_rivers_by_length","/wiki/List_of_rivers_by_discharge","/wiki/List_of_drainage_basins","/wiki/List_of_whitewater_rivers","/wiki/List_of_flash_floods","/wiki/List_of_river_name_etymologies","http://en.wikipedia.org/w/index.php?title=Stream&oldid=545072292#Intermittent_and_ephemeral_streams","/wiki/Help:Categories","/wiki/Category:Water_streams","/wiki/Category:Fluvial_landforms","/wiki/Category:Geomorphology","/wiki/Category:Hydrology","/wiki/Category:Rivers","/wiki/Category:Bodies_of_water","/wiki/Category:Articles_needing_additional_references_from_October_2010","/wiki/Category:All_articles_needing_additional_references","/wiki/Category:Wikipedia_indefinitely_move-protected_pages","/w/index.php?title=Special:UserLogin&returnto=Stream&type=signup","/w/index.php?title=Special:UserLogin&returnto=Stream","/wiki/Stream","/wiki/Talk:Stream","#","/wiki/Stream","/w/index.php?title=Stream&action=edit","/w/index.php?title=Stream&action=history","#","/w/index.php","//bits.wikimedia.org/static-1.21wmf11/skins/vector/images/search-ltr.png?303-4","/wiki/Main_Page","/wiki/Main_Page","/wiki/Portal:Contents","/wiki/Portal:Featured_content","/wiki/Portal:Current_events","/wiki/Special:Random","//donate.wikimedia.org/wiki/Special:FundraiserRedirector?utm_source=donate&utm_medium=sidebar&utm_campaign=C13_en.wikipedia.org&uselang=en","/wiki/Help:Contents","/wiki/Wikipedia:About","/wiki/Wikipedia:Community_portal","/wiki/Special:RecentChanges","/wiki/Wikipedia:Contact_us","/wiki/Special:WhatLinksHere/Stream","/wiki/Special:RecentChangesLinked/Stream","/wiki/Wikipedia:File_Upload_Wizard","/wiki/Special:SpecialPages","/w/index.php?title=Stream&oldid=545072292","/w/index.php?title=Stream&action=info","/w/index.php?title=Special:Cite&page=Stream&id=545072292","/w/index.php?title=Special:Book&bookcmd=book_creator&referer=Stream","/w/index.php?title=Special:Book&bookcmd=render_article&arttitle=Stream&oldid=545072292&writer=rl","/w/index.php?title=Stream&printable=yes","//als.wikipedia.org/wiki/Bach","//ar.wikipedia.org/wiki/%D8%AC%D8%AF%D9%88%D9%84_%D9%85%D8%A7%D8%A6%D9%8A","//an.wikipedia.org/wiki/Rigachuelo","//bn.wikipedia.org/wiki/%E0%A6%9B%E0%A6%A1%E0%A6%BC%E0%A6%BE","//zh-min-nan.wikipedia.org/wiki/Khe","//be.wikipedia.org/wiki/%D0%A0%D1%83%D1%87%D0%B0%D0%B9","//be-x-old.wikipedia.org/wiki/%D0%A0%D1%83%D1%87%D0%B0%D0%B9","//bo.wikipedia.org/wiki/%E0%BD%82%E0%BE%B2%E0%BD%BC%E0%BD%82%E0%BC%8B%E0%BD%86%E0%BD%B4%E0%BC%8D","//ca.wikipedia.org/wiki/Rierol","//cs.wikipedia.org/wiki/Potok","//da.wikipedia.org/wiki/B%C3%A6k","//pdc.wikipedia.org/wiki/Grick","//de.wikipedia.org/wiki/Bach","//et.wikipedia.org/wiki/Oja","//es.wikipedia.org/wiki/Arroyo","//eo.wikipedia.org/wiki/Rivereto","//eu.wikipedia.org/wiki/Erreka","//fa.wikipedia.org/wiki/%D8%B1%D9%88%D8%AF_%D9%81%D8%B5%D9%84%DB%8C","//fr.wikipedia.org/wiki/Ruisseau","//gd.wikipedia.org/wiki/Allt","//gl.wikipedia.org/wiki/Regato","//ko.wikipedia.org/wiki/%EB%82%B4","//hr.wikipedia.org/wiki/Potok","//io.wikipedia.org/wiki/Aquofluo","//it.wikipedia.org/wiki/Ruscello","//he.wikipedia.org/wiki/%D7%A0%D7%97%D7%9C","//kk.wikipedia.org/wiki/%D0%A0%D1%83%D1%87%D0%B5%D0%B9_(%D0%9A%D1%8B%D1%80%D0%B4%D0%B6%D0%B0%D0%BB%D0%B8_%D0%BE%D0%B1%D0%BB%D1%8B%D1%81%D1%8B)","//rw.wikipedia.org/wiki/Umugezi","//lv.wikipedia.org/wiki/Strauts","//lt.wikipedia.org/wiki/Upok%C5%A1nis","//li.wikipedia.org/wiki/Baek_(water)","//mk.wikipedia.org/wiki/%D0%9F%D0%BE%D1%82%D0%BE%D0%BA","//mn.wikipedia.org/wiki/%D0%93%D0%BE%D1%80%D1%85%D0%B8","//my.wikipedia.org/wiki/%E1%80%85%E1%80%99%E1%80%BA%E1%80%B8","//nl.wikipedia.org/wiki/Beek_(watergang)","//nds-nl.wikipedia.org/wiki/Bekke","//cr.wikipedia.org/wiki/%E1%93%B0%E1%90%B2%E1%93%AF%E1%94%85","//ne.wikipedia.org/wiki/%E0%A4%96%E0%A5%8B%E0%A4%B2%E0%A4%BE","//ja.wikipedia.org/wiki/%E6%B8%93%E6%B5%81","//no.wikipedia.org/wiki/Bekk","//pl.wikipedia.org/wiki/Potok","//pt.wikipedia.org/wiki/C%C3%B3rrego","//ru.wikipedia.org/wiki/%D0%A0%D1%83%D1%87%D0%B5%D0%B9","//sah.wikipedia.org/wiki/%D2%AE%D1%80%D1%8D%D1%85","//scn.wikipedia.org/wiki/Rusceddu","//si.wikipedia.org/wiki/%E0%B6%AF%E0%B7%9C%E0%B7%85","//simple.wikipedia.org/wiki/Stream","//sk.wikipedia.org/wiki/Potok","//sl.wikipedia.org/wiki/Potok","//szl.wikipedia.org/wiki/Rzyczka","//sr.wikipedia.org/wiki/%D0%9F%D0%BE%D1%82%D0%BE%D0%BA","//sh.wikipedia.org/wiki/Potok","//fi.wikipedia.org/wiki/Puro","//sv.wikipedia.org/wiki/B%C3%A4ck_(vattendrag)","//tl.wikipedia.org/wiki/Batis","//th.wikipedia.org/wiki/%E0%B8%A5%E0%B8%B3%E0%B8%98%E0%B8%B2%E0%B8%A3","//chr.wikipedia.org/wiki/%E1%8E%A4%E1%8F%AA%E1%8F%B4%E1%8E%A2","//tr.wikipedia.org/wiki/Dere","//uk.wikipedia.org/wiki/%D0%A1%D1%82%D1%80%D1%83%D0%BC%D0%BE%D0%BA","//vi.wikipedia.org/wiki/Su%E1%BB%91i","//fiu-vro.wikipedia.org/wiki/Uja","//wa.wikipedia.org/wiki/Ri_(aiwe)","//diq.wikipedia.org/wiki/Dere","//zh.wikipedia.org/wiki/%E6%BA%AA","//www.wikidata.org/wiki/Special:ItemByTitle/enwiki/Stream","//en.wikipedia.org/wiki/Wikipedia:Text_of_Creative_Commons_Attribution-ShareAlike_3.0_Unported_License","//creativecommons.org/licenses/by-sa/3.0/","//wikimediafoundation.org/wiki/Terms_of_Use","//www.wikimediafoundation.org/","//en.wikipedia.org/wiki/Wikipedia:Contact_us","//wikimediafoundation.org/wiki/Privacy_policy","/wiki/Wikipedia:About","/wiki/Wikipedia:General_disclaimer","http://en.m.wikipedia.org/wiki/Stream#Intermittent_and_ephemeral_streams","//wikimediafoundation.org/","//bits.wikimedia.org/images/wikimedia-button.png","//www.mediawiki.org/","//bits.wikimedia.org/static-1.21wmf11/skins/common/images/poweredby_mediawiki_88x31.png","//bits.wikimedia.org/en.wikipedia.org/load.php?debug=false&lang=en&modules=skins.vector&only=scripts&skin=vector&*","/w/index.php?title=MediaWiki:Gadget-ReferenceTooltips.js&action=raw&ctype=text/javascript&508635914","//bits.wikimedia.org/en.wikipedia.org/load.php?debug=false&lang=en&modules=site&only=scripts&skin=vector&*"],"instances":["river_or_stream","landform","geography","hydrology","meteorology","geography","tidal","geography","hydrology","hydrosphere","landform","creek","stream","river","stream"],"pdf":[],"categories":["Water streams|","Fluvial landforms","Geomorphology","Hydrology","Rivers","Bodies of water"],"headings":["Types","Other names","Parts of a stream","Sources","Characteristics","Intermittent and ephemeral streams","Drainage basins","See also","References","External links"],"image":["//upload.wikimedia.org/wikipedia/en/thumb/9/99/Question_book-new.svg/50px-Question_book-new.svg.png","//upload.wikimedia.org/wikipedia/commons/thumb/5/55/Potok_pod_jezerom_1.jpg/220px-Potok_pod_jezerom_1.jpg","//bits.wikimedia.org/static-1.21wmf11/skins/common/images/magnify-clip.png","//upload.wikimedia.org/wikipedia/commons/thumb/f/f8/Wiktionary-logo-en.svg/37px-Wiktionary-logo-en.svg.png","//upload.wikimedia.org/wikipedia/commons/thumb/4/48/Arkhangelskaia_oblast_Plesetskiy_Raion.JPG/220px-Arkhangelskaia_oblast_Plesetskiy_Raion.JPG","//bits.wikimedia.org/static-1.21wmf11/skins/common/images/magnify-clip.png","//upload.wikimedia.org/wikipedia/commons/thumb/e/e0/SpearfishCreek.jpg/220px-SpearfishCreek.jpg","//bits.wikimedia.org/static-1.21wmf11/skins/common/images/magnify-clip.png","//upload.wikimedia.org/wikipedia/commons/thumb/4/44/Heathcote_National_Park_stream_3.jpg/220px-Heathcote_National_Park_stream_3.jpg","//bits.wikimedia.org/static-1.21wmf11/skins/common/images/magnify-clip.png","//upload.wikimedia.org/wikipedia/commons/thumb/2/2e/WymingBrook.jpg/220px-WymingBrook.jpg","//bits.wikimedia.org/static-1.21wmf11/skins/common/images/magnify-clip.png","//upload.wikimedia.org/wikipedia/commons/thumb/a/ab/Brook.jpg/220px-Brook.jpg","//bits.wikimedia.org/static-1.21wmf11/skins/common/images/magnify-clip.png","//upload.wikimedia.org/wikipedia/commons/thumb/e/eb/Homesteadcreekflowers.jpg/170px-Homesteadcreekflowers.jpg","//bits.wikimedia.org/static-1.21wmf11/skins/common/images/magnify-clip.png","//upload.wikimedia.org/wikipedia/commons/thumb/b/bd/Creek_in_perisher.jpg/220px-Creek_in_perisher.jpg","//bits.wikimedia.org/static-1.21wmf11/skins/common/images/magnify-clip.png","//upload.wikimedia.org/wikipedia/en/thumb/8/8c/Low_creek.jpg/250px-Low_creek.jpg","//bits.wikimedia.org/static-1.21wmf11/skins/common/images/magnify-clip.png","//upload.wikimedia.org/wikipedia/en/thumb/4/4a/Commons-logo.svg/12px-Commons-logo.svg.png","//upload.wikimedia.org/wikipedia/commons/thumb/d/d6/Wikiquote-logo-en.svg/16px-Wikiquote-logo-en.svg.png","//upload.wikimedia.org/wikipedia/commons/thumb/e/e6/Stream_in_the_redwoods.jpg/140px-Stream_in_the_redwoods.jpg","//bits.wikimedia.org/static-1.21wmf11/skins/vector/images/search-ltr.png?303-4","//bits.wikimedia.org/images/wikimedia-button.png","//bits.wikimedia.org/static-1.21wmf11/skins/common/images/poweredby_mediawiki_88x31.png"],"tags":[["current","stream"],["bank","geography"],["creek","tidal"],["spring","hydrosphere"],["seep","hydrology"],["ford","river"],["swale","landform"],["bar","landform"],["bar","landform"],["spring","hydrosphere"],["source","river_or_stream"],["confluence","geography"],["channel","geography"],["precipitation","meteorology"],["infiltration","hydrology"],["arroyo","creek"],["winterbourne","stream"]],"members":["source","swale","confluence","seep","precipitation","channel","creek","bank","infiltration","spring","bar","arroyo","current","ford","winterbourne"],"related":["Body_of_water","Current_(stream)","Stream_bed","Bank_(geography)","Water_cycle","Groundwater_recharge","Fish","Wildlife","Habitat","Riparian_zone","Holocene_extinction","Wildlife_corridor","Habitat_fragmentation","Biodiversity","Waterway","Environmental_geography","Sheffield","River","Waterway","North_America","Australia","New_Zealand","New_England","India","Tidal","Inlet","Salt_marsh","Mangrove","Marsh","Swamp","Port_Creek","Portsea_Island","Seawater","Creek_(tidal)","Tributary","Spring_(hydrosphere)","Seep_(hydrology)","Ford_(river)","Stream_bed","Sandbar","Swale_(landform)","United_Kingdom","Yorkshire","Lancashire","Dumfriesshire","Cumbria","Downland","English_Midlands","Scotland","North_East_England","Wales","Southern_England","Lowland","Scottish_Highlands","New_York","Pennsylvania","Delaware","New_Jersey","Dutch_language","Ohio","Maryland","Virginia","Cardinal_direction","Gunpowder_River","Jones_Falls","Midwestern_United_States","Mid-Atlantic_states","New_England","Bar_(landform)","Bar_(landform)","Spring_(hydrosphere)","Sediment","Cave","Source_(river_or_stream)","Headwaters","Point_source","Confluence_(geography)","River_bifurcation","Stream_pool","Riffle","Turbulence","Channel_(geography)","Erosion","Floodplain","Flood","Stream_bed","Gauging_station","Thalweg","Wetted_perimeter","Knickpoint","Stream_gradient","Waterfall","Stratum","Kinetic_energy","Estuary","River_delta","Lake","Ocean","Precipitation_(meteorology)","Rain","Snow","Evaporation","Evapotranspiration","Infiltration_(hydrology)","Groundwater","Glacier","Surface_runoff","Intermittent_stream","Strahler_Stream_Order","Base_level","Meander","Stream_Load","Velocity","Topographic_map","Desert","American_Southwest","Thunderstorm","Monsoon","Flash_flood","Arroyo_(creek)","Latin_America","Winterbourne_(stream)","Wadi","Arabic","Italy","Apennine_mountains","Alps","Continental_Divide","Atlantic_Ocean","Arctic_Ocean","Pacific_Ocean","Gulf_of_Mexico","Eastern_Continental_Divide","Mississippi_River","Tombigbee_River","Ohio_River","Kentucky_River","Chalk_stream","Lotic_ecosystem","Playfair's_Law","Rock-cut_basin"]}