{"cursor":"4608","size":15,"audio":[],"currentlang":"en","article":"\n\n'Orange' may refer to:\n* Orange (fruit), a citrus fruit ** Orange juice\n* Orange (colour), occurs between red and yellow in the visible spectrum\n\n'Orange' may also refer to:\n","linknr":220,"url":"orange","recorded":1363421027,"links":["/w/index.php?title=Orange&action=edit","/w/index.php?title=Orange&action=edit","//en.wikipedia.org/apple-touch-icon.png","//bits.wikimedia.org/favicon/wikipedia.ico","/w/opensearch_desc.php","//en.wikipedia.org/w/api.php?action=rsd","//creativecommons.org/licenses/by-sa/3.0/","/w/index.php?title=Special:RecentChanges&feed=atom","//bits.wikimedia.org/en.wikipedia.org/load.php?debug=false&lang=en&modules=ext.gadget.DRN-wizard%2CReferenceTooltips%2Ccharinsert%2Cteahouse%7Cext.wikihiero%7Cmediawiki.legacy.commonPrint%2Cshared%7Cmw.PopUpMediaTransform%7Cskins.vector&only=styles&skin=vector&*","//bits.wikimedia.org/en.wikipedia.org/load.php?debug=false&lang=en&modules=site&only=styles&skin=vector&*","//bits.wikimedia.org/en.wikipedia.org/load.php?debug=false&lang=en&modules=startup&only=scripts&skin=vector&*","//bits.wikimedia.org/geoiplookup","//meta.wikimedia.org","#mw-head","#p-search","//upload.wikimedia.org/wikipedia/commons/thumb/f/f8/Wiktionary-logo-en.svg/37px-Wiktionary-logo-en.svg.png","//en.wiktionary.org/wiki/Orange","//en.wiktionary.org/wiki/orange","/wiki/Orange_(fruit)","/wiki/Orange_juice","/wiki/Orange_(colour)","#Company","#Entertainment","#Film","#Music","#History_and_politics","#Places","#Australia","#France","#South_Africa","#United_States","#Software","#Sports","#Other","#See_also","/w/index.php?title=Orange&action=edit&section=1","/wiki/Orange_(telecommunications)","/wiki/Orange_Micro","/wiki/Orange_Music_Electronic_Company","/w/index.php?title=Orange&action=edit&section=2","/w/index.php?title=Orange&action=edit&section=3","/wiki/Orange_(2010_Telugu_film)","/wiki/Orange_(2012_film)","/wiki/Oranges_(film)","/w/index.php?title=Orange&action=edit&section=4","/wiki/L%27Orange","/wiki/Orange_(Al_Stewart_album)","/wiki/Orange_(Jon_Spencer_Blues_Explosion_album)","/wiki/Orange_(song)","/wiki/Orange_Record_Label","/wiki/Orange_(band)","/wiki/Between_the_Eyes","/w/index.php?title=Orange&action=edit&section=5","/wiki/Orange_Democratic_Movement","/wiki/Orange_Revolution","/wiki/Principality_of_Orange","/wiki/Prince_of_Orange","/wiki/House_of_Orange-Nassau","/wiki/William_the_Silent","/wiki/William_III_of_Orange","/wiki/Orange_Institution","/wiki/Independent_Orange_Order","/wiki/War_of_the_Oranges","/wiki/War_Plan_Orange","/w/index.php?title=Orange&action=edit&section=6","/w/index.php?title=Orange&action=edit&section=7","/wiki/Orange,_New_South_Wales","/w/index.php?title=Orange&action=edit&section=8","/wiki/Orange,_Vaucluse","/w/index.php?title=Orange&action=edit&section=9","/wiki/Orange_Free_State","/wiki/Orange_River","/wiki/Orange_River_Colony","/w/index.php?title=Orange&action=edit&section=10","/wiki/Orange,_California","/wiki/Orange,_Connecticut","/wiki/Liberty_County,_Florida","/wiki/Orange,_Georgia","/wiki/Orange,_Illinois","/wiki/Orange,_Indiana","/wiki/List_of_unincorporated_communities_in_Iowa","/wiki/Orange,_Massachusetts","/wiki/Orange_Township,_Michigan_(disambiguation)","/wiki/Orange,_New_Hampshire","/wiki/Orange,_New_Jersey","/wiki/Orange,_New_York","/wiki/Orange,_North_Dakota","/wiki/Orange,_Ohio","/wiki/Orange,_Texas","/wiki/Orange,_Vermont","/wiki/Orange,_Virginia","/wiki/Orange,_Wisconsin","/wiki/Orange_City_(disambiguation)","/wiki/Orange_County_(disambiguation)","/wiki/Orange_Township_(disambiguation)","/wiki/Orangeville_(disambiguation)","/w/index.php?title=Orange&action=edit&section=11","/wiki/Orange_(software)","/wiki/Orange_(database_management_and_monitoring_software)","/w/index.php?title=Orange&action=edit&section=12","/wiki/Netherlands_national_football_team","/wiki/Orange_(bicycles)","/wiki/Syracuse_Orange","/w/index.php?title=Orange&action=edit&section=13","/wiki/Agent_Orange","/wiki/Agent_Orange_(disambiguation)","/wiki/Orange_(heraldry)","/wiki/Orange_(name)","/wiki/Orange_(word)","/wiki/The_Annoying_Orange","/wiki/The_Box_(New_Zealand)","/w/index.php?title=Orange&action=edit&section=14","/wiki/Orangery","/wiki/Ornge","/wiki/Special:PrefixIndex/orange","/wiki/File:Disambig_gray.svg","//upload.wikimedia.org/wikipedia/en/thumb/5/5f/Disambig_gray.svg/30px-Disambig_gray.svg.png","/wiki/Help:Disambiguation","//en.wikipedia.org/w/index.php?title=Special:WhatLinksHere/Orange&namespace=0","http://en.wikipedia.org/w/index.php?title=Orange&oldid=544456500","/wiki/Help:Categories","/wiki/Category:Disambiguation_pages","/wiki/Category:Place_name_disambiguation_pages","/wiki/Category:Wikipedia_indefinitely_move-protected_pages","/wiki/Category:All_article_disambiguation_pages","/wiki/Category:All_disambiguation_pages","/w/index.php?title=Special:UserLogin&returnto=Orange&type=signup","/w/index.php?title=Special:UserLogin&returnto=Orange","/wiki/Orange","/wiki/Talk:Orange","#","/wiki/Orange","/w/index.php?title=Orange&action=edit","/w/index.php?title=Orange&action=history","#","/w/index.php","//bits.wikimedia.org/static-1.21wmf11/skins/vector/images/search-ltr.png?303-4","/wiki/Main_Page","/wiki/Main_Page","/wiki/Portal:Contents","/wiki/Portal:Featured_content","/wiki/Portal:Current_events","/wiki/Special:Random","//donate.wikimedia.org/wiki/Special:FundraiserRedirector?utm_source=donate&utm_medium=sidebar&utm_campaign=C13_en.wikipedia.org&uselang=en","/wiki/Help:Contents","/wiki/Wikipedia:About","/wiki/Wikipedia:Community_portal","/wiki/Special:RecentChanges","/wiki/Wikipedia:Contact_us","/wiki/Special:WhatLinksHere/Orange","/wiki/Special:RecentChangesLinked/Orange","/wiki/Wikipedia:File_Upload_Wizard","/wiki/Special:SpecialPages","/w/index.php?title=Orange&oldid=544456500","/w/index.php?title=Orange&action=info","/w/index.php?title=Special:Cite&page=Orange&id=544456500","/w/index.php?title=Special:Book&bookcmd=book_creator&referer=Orange","/w/index.php?title=Special:Book&bookcmd=render_article&arttitle=Orange&oldid=544456500&writer=rl","/w/index.php?title=Orange&printable=yes","//ar.wikipedia.org/wiki/%D8%A3%D9%88%D8%B1%D9%86%D8%AC_(%D8%AA%D9%88%D8%B6%D9%8A%D8%AD)","//bg.wikipedia.org/wiki/%D0%9E%D1%80%D0%B8%D0%BD%D0%B4%D0%B6","//br.wikipedia.org/wiki/Orange","//ca.wikipedia.org/wiki/Orange","//ceb.wikipedia.org/wiki/Orange","//cs.wikipedia.org/wiki/Orange","//cy.wikipedia.org/wiki/Orange","//da.wikipedia.org/wiki/Orange_(flertydig)","//de.wikipedia.org/wiki/Orange","//et.wikipedia.org/wiki/Orange","//es.wikipedia.org/wiki/Orange","//eo.wikipedia.org/wiki/Oran%C4%9Do","//fa.wikipedia.org/wiki/%D9%86%D8%A7%D8%B1%D9%86%D8%AC%DB%8C_(%D8%A7%D8%A8%D9%87%D8%A7%D9%85%E2%80%8C%D8%B2%D8%AF%D8%A7%DB%8C%DB%8C)","//fr.wikipedia.org/wiki/Orange","//gl.wikipedia.org/wiki/Laranxa","//ko.wikipedia.org/wiki/%EC%98%A4%EB%A0%8C%EC%A7%80_(%EB%8F%99%EC%9D%8C%EC%9D%B4%EC%9D%98)","//hy.wikipedia.org/wiki/%D5%95%D6%80%D5%A1%D5%B6%D5%AA","//hi.wikipedia.org/wiki/%E0%A4%A8%E0%A4%BE%E0%A4%B0%E0%A4%82%E0%A4%97%E0%A5%80","//hr.wikipedia.org/wiki/Oranje_(razdvojba)","//id.wikipedia.org/wiki/Oranye","//it.wikipedia.org/wiki/Orange","//he.wikipedia.org/wiki/%D7%90%D7%95%D7%A8%D7%A0%D7%92%27","//sw.wikipedia.org/wiki/Orange","//lb.wikipedia.org/wiki/Orange","//ml.wikipedia.org/wiki/%E0%B4%93%E0%B4%B1%E0%B4%9E%E0%B5%8D%E0%B4%9A%E0%B5%8D_(%E0%B4%B5%E0%B4%BF%E0%B4%B5%E0%B4%95%E0%B5%8D%E0%B4%B7%E0%B4%95%E0%B5%BE)","//nl.wikipedia.org/wiki/Orange","//ja.wikipedia.org/wiki/%E3%82%AA%E3%83%AC%E3%83%B3%E3%82%B8_(%E6%9B%96%E6%98%A7%E3%81%95%E5%9B%9E%E9%81%BF)","//no.wikipedia.org/wiki/Orange","//pl.wikipedia.org/wiki/Orange","//pt.wikipedia.org/wiki/Orange","//ro.wikipedia.org/wiki/Orange","//ru.wikipedia.org/wiki/%D0%9E%D1%80%D0%B0%D0%BD%D0%B6_(%D0%B7%D0%BD%D0%B0%D1%87%D0%B5%D0%BD%D0%B8%D1%8F)","//simple.wikipedia.org/wiki/Orange_(disambiguation)","//sk.wikipedia.org/wiki/Orange_(rozli%C5%A1ovacia_str%C3%A1nka)","//sr.wikipedia.org/wiki/%D0%9E%D1%80%D0%B8%D0%BD%D1%9F","//fi.wikipedia.org/wiki/Orange","//sv.wikipedia.org/wiki/Orange_(olika_betydelser)","//th.wikipedia.org/wiki/%E0%B8%AD%E0%B8%AD%E0%B9%80%E0%B8%A3%E0%B8%99%E0%B8%88%E0%B9%8C","//tr.wikipedia.org/wiki/Orange","//uk.wikipedia.org/wiki/%D0%9E%D1%80%D0%B0%D0%BD%D0%B6","//ur.wikipedia.org/wiki/%D9%86%D8%A7%D8%B1%D9%86%D8%AC%DB%8C","//vo.wikipedia.org/wiki/Orange","//yi.wikipedia.org/wiki/%D7%90%D7%A8%D7%90%D7%A0%D7%96%D7%A9_(%D7%91%D7%90%D7%93%D7%99%D7%99%D7%98%D7%9F)","//zh-yue.wikipedia.org/wiki/Orange","//zh.wikipedia.org/wiki/Orange","//www.wikidata.org/wiki/Special:ItemByTitle/enwiki/Orange","//en.wikipedia.org/wiki/Wikipedia:Text_of_Creative_Commons_Attribution-ShareAlike_3.0_Unported_License","//creativecommons.org/licenses/by-sa/3.0/","//wikimediafoundation.org/wiki/Terms_of_Use","//www.wikimediafoundation.org/","//en.wikipedia.org/wiki/Wikipedia:Contact_us","//wikimediafoundation.org/wiki/Privacy_policy","/wiki/Wikipedia:About","/wiki/Wikipedia:General_disclaimer","http://en.m.wikipedia.org/wiki/Orange","//wikimediafoundation.org/","//bits.wikimedia.org/images/wikimedia-button.png","//www.mediawiki.org/","//bits.wikimedia.org/static-1.21wmf11/skins/common/images/poweredby_mediawiki_88x31.png","//bits.wikimedia.org/en.wikipedia.org/load.php?debug=false&lang=en&modules=skins.vector&only=scripts&skin=vector&*","/w/index.php?title=MediaWiki:Gadget-ReferenceTooltips.js&action=raw&ctype=text/javascript&508635914","//bits.wikimedia.org/en.wikipedia.org/load.php?debug=false&lang=en&modules=site&only=scripts&skin=vector&*"],"instances":["film","disambiguation","word","disambiguation","new_zealand"],"pdf":[],"categories":[],"headings":["Company","Entertainment","History and politics","Places","Software","Sports","Other","See also"],"image":["//upload.wikimedia.org/wikipedia/commons/thumb/f/f8/Wiktionary-logo-en.svg/37px-Wiktionary-logo-en.svg.png","//upload.wikimedia.org/wikipedia/en/thumb/5/5f/Disambig_gray.svg/30px-Disambig_gray.svg.png","//bits.wikimedia.org/static-1.21wmf11/skins/vector/images/search-ltr.png?303-4","//bits.wikimedia.org/images/wikimedia-button.png","//bits.wikimedia.org/static-1.21wmf11/skins/common/images/poweredby_mediawiki_88x31.png"],"tags":[["orange","fruit"],["orange","colour"],["orange","telecommunications"],["orange","2010_telugu_film"],["orange","2012_film"],["oranges","film"],["orange","al_stewart_album"],["orange","jon_spencer_blues_explosion_album"],["orange","song"],["orange","band"],["orange_township,_michigan","disambiguation"],["orange","software"],["orange","database_management_and_monitoring_software"],["orange","bicycles"],["agent_orange","disambiguation"],["orange","heraldry"],["orange","name"],["orange","word"],["the_box","new_zealand"]],"members":["oranges","orange","agent_orange","the_box"],"related":["Orange_(fruit)","Orange_juice","Orange_(colour)","Orange_(telecommunications)","Orange_Micro","Orange_Music_Electronic_Company","Orange_(2010_Telugu_film)","Orange_(2012_film)","Oranges_(film)","Orange_(Al_Stewart_album)","Orange_(Jon_Spencer_Blues_Explosion_album)","Orange_(song)","Orange_Record_Label","Orange_(band)","Orange_Democratic_Movement","Orange_Revolution","Principality_of_Orange","Prince_of_Orange","House_of_Orange-Nassau","William_the_Silent","William_III_of_Orange","Orange_Institution","Independent_Orange_Order","War_of_the_Oranges","War_Plan_Orange","Orange,_New_South_Wales","Orange,_Vaucluse","Orange_Free_State","Orange_River","Orange_River_Colony","Orange,_California","Orange,_Connecticut","Liberty_County,_Florida","Orange,_Georgia","Orange,_Illinois","Orange,_Indiana","List_of_unincorporated_communities_in_Iowa","Orange,_Massachusetts","Orange_Township,_Michigan_(disambiguation)","Orange,_New_Hampshire","Orange,_New_Jersey","Orange,_New_York","Orange,_North_Dakota","Orange,_Ohio","Orange,_Texas","Orange,_Vermont","Orange,_Virginia","Orange,_Wisconsin","Orange_(software)","Orange_(database_management_and_monitoring_software)","Netherlands_national_football_team","Orange_(bicycles)","Syracuse_Orange","Agent_Orange","Agent_Orange_(disambiguation)","Orange_(heraldry)","Orange_(name)","Orange_(word)","The_Box_(New_Zealand)","Orangery","Ornge"]}