{"cursor":"5311","size":15,"audio":[],"currentlang":"en","article":"{{chembox\n| Watchedfields = changed verifiedrevid = 399104661 Name = 1,4-Dioxin\n| ImageFileL1 = 1,4-Dioxin.svg ImageSizeL1 = 100px ImageFileR1 = 1,4-dioxin-3D-\n| balls.png ImageSizeR1 = 120px IUPACName = 1,4-Dioxine OtherNames = p-\n| dioxin, dioxin Section1 = {{Chembox Identifiers ChemSpiderID_Ref =\n| ChemSpiderID = 71301 InChI = 1/C4H4O2/c1-2-6-4-3-5-1/h1-4H InChIKey = KVGZZAHHUNAVKZ-\n| UHFFFAOYAD SMILES = O\\1/C=C\\O/C=C/1 StdInChI_Ref = StdInChI = 1S/C4H4O2/c1-2-6-4-3-5-1/h1-\n| 4H StdInChIKey_Ref = StdInChIKey = KVGZZAHHUNAVKZ-UHFFFAOYSA-N CASNo =\n| 290-67-5\n  }}\n| Section2 = {{Chembox Properties Formula =\n| C 4H 4O 2 MolarMass = 84.07 g/mol Appearance =\n| Colorless liquid Density = Solubility = MeltingPt = BoilingPtC = 75 \n  }}\n| Section7 = {{Chembox Hazards MainHazards = highly flammable EUClass = NFPA-H =\n| NFPA-F = NFPA-R = RPhrases = SPhrases =\n  }}\n| Section8 = {{Chembox Related OtherCpds = 1,2-dioxin, dibenzodioxin}}\n}}\n\n'1,4-Dioxin' (also referred as 'dioxin' or 'p-dioxin') is a heterocyclic,\norganic, antiaromatic compound with the chemical formula\nC 4H 4O 2. There is an isomeric form of 1,4-\ndioxin, 1,2-dioxin (or o-dioxin). 1,2-Dioxin is very unstable due to its peroxide-\nlike characteristics. s and substituent numbering schemes of 'dioxin isomers']]\nThe term âdioxinâ is most commonly used for a family of derivatives of dioxin,\nknown as polychlorinated dibenzodioxins (PCDDs).\n","linknr":179,"url":"1,4-Dioxin","recorded":1364126809,"links":["/w/index.php?title=1,4-Dioxin&action=edit","/w/index.php?title=1,4-Dioxin&action=edit","//en.wikipedia.org/apple-touch-icon.png","//bits.wikimedia.org/favicon/wikipedia.ico","/w/opensearch_desc.php","//en.wikipedia.org/w/api.php?action=rsd","//creativecommons.org/licenses/by-sa/3.0/","/w/index.php?title=Special:RecentChanges&feed=atom","//bits.wikimedia.org/en.wikipedia.org/load.php?debug=false&lang=en&modules=ext.gadget.DRN-wizard%2CReferenceTooltips%2Ccharinsert%2Cteahouse%7Cext.wikihiero%7Cmediawiki.legacy.commonPrint%2Cshared%7Cmw.PopUpMediaTransform%7Cskins.vector&only=styles&skin=vector&*","//bits.wikimedia.org/en.wikipedia.org/load.php?debug=false&lang=en&modules=site&only=styles&skin=vector&*","//bits.wikimedia.org/en.wikipedia.org/load.php?debug=false&lang=en&modules=startup&only=scripts&skin=vector&*","//bits.wikimedia.org/geoiplookup","//meta.wikimedia.org","#mw-head","#p-search","/wiki/File:1,4-Dioxin.svg","//upload.wikimedia.org/wikipedia/commons/thumb/f/fd/1%2C4-Dioxin.svg/100px-1%2C4-Dioxin.svg.png","/wiki/File:1,4-dioxin-3D-balls.png","//upload.wikimedia.org/wikipedia/commons/thumb/f/f8/1%2C4-dioxin-3D-balls.png/120px-1%2C4-dioxin-3D-balls.png","/wiki/International_Union_of_Pure_and_Applied_Chemistry_nomenclature","/wiki/CAS_registry_number","http://www.commonchemistry.org/ChemicalDetail.aspx?ref=290-67-5","/wiki/ChemSpider","http://www.chemspider.com/71301","//upload.wikimedia.org/wikipedia/en/thumb/f/fb/Yes_check.svg/7px-Yes_check.svg.png","/wiki/Jmol","http://chemapps.stolaf.edu/jmol/jmol.php?model=O%5C1%2FC%3DC%5CO%2FC%3DC%2F1","/wiki/Simplified_molecular-input_line-entry_system","/wiki/International_Chemical_Identifier","//upload.wikimedia.org/wikipedia/en/thumb/f/fb/Yes_check.svg/7px-Yes_check.svg.png","//upload.wikimedia.org/wikipedia/en/thumb/f/fb/Yes_check.svg/7px-Yes_check.svg.png","/wiki/Chemical_formula","/wiki/Molar_mass","/wiki/Boiling_point","/wiki/Worker_safety_and_health","/wiki/1,2-dioxin","/wiki/Dibenzodioxin","//upload.wikimedia.org/wikipedia/en/thumb/f/fb/Yes_check.svg/14px-Yes_check.svg.png","//en.wikipedia.org/w/index.php?title=Special:ComparePages&rev1=399104661&page2=1%2C4-Dioxin","/wiki/Wikipedia:WikiProject_Chemicals/Chembox_validation","//upload.wikimedia.org/wikipedia/en/thumb/f/fb/Yes_check.svg/10px-Yes_check.svg.png","//upload.wikimedia.org/wikipedia/commons/thumb/a/a2/X_mark.svg/10px-X_mark.svg.png","/wiki/Standard_state","/wiki/Wikipedia:Chemical_infobox#References","/wiki/Heterocyclic_compound","/wiki/Organic_compound","/wiki/Antiaromaticity","/wiki/Chemical_compound","/wiki/Chemical_formula","/wiki/Isomer","/wiki/1,2-dioxin","/wiki/Peroxide","/wiki/File:Dioxin_isomers.svg","//upload.wikimedia.org/wikipedia/commons/thumb/f/f7/Dioxin_isomers.svg/220px-Dioxin_isomers.svg.png","/wiki/File:Dioxin_isomers.svg","//bits.wikimedia.org/static-1.21wmf11/skins/common/images/magnify-clip.png","/wiki/Skeletal_formula","/wiki/Substituent","/wiki/Polychlorinated_dibenzodioxins","#Preparation","#Derivatives","#Polychlorinated_dibenzodioxins","#References","/w/index.php?title=1,4-Dioxin&action=edit&section=1","/wiki/Cycloaddition","/wiki/Diels%E2%80%93Alder_reaction","/wiki/Furan","/wiki/Maleic_anhydride","/wiki/Adduct","/wiki/Epoxide#Olefin_peroxidation","/wiki/Retro-Diels%E2%80%93Alder_reaction","#cite_note-1","/wiki/File:Synthesis-of-1,4-dioxin-1994-2D-skeletal.png","//upload.wikimedia.org/wikipedia/commons/thumb/f/f5/Synthesis-of-1%2C4-dioxin-1994-2D-skeletal.png/600px-Synthesis-of-1%2C4-dioxin-1994-2D-skeletal.png","/w/index.php?title=1,4-Dioxin&action=edit&section=2","/wiki/File:Dibenzo-p-dioxin-numbering-2D-skeletal.png","//upload.wikimedia.org/wikipedia/commons/thumb/8/8e/Dibenzo-p-dioxin-numbering-2D-skeletal.png/220px-Dibenzo-p-dioxin-numbering-2D-skeletal.png","/wiki/File:Dibenzo-p-dioxin-numbering-2D-skeletal.png","//bits.wikimedia.org/static-1.21wmf11/skins/common/images/magnify-clip.png","/wiki/Skeletal_formula","/wiki/Substituent","/wiki/Dibenzodioxin","/wiki/Substituent","/wiki/Dibenzo-1,4-dioxin","/w/index.php?title=1,4-Dioxin&action=edit&section=3","/wiki/Polychlorinated_dibenzodioxins","/wiki/Polychlorinated_dibenzodioxins","/wiki/2,3,7,8-Tetrachlorodibenzodioxin","/wiki/Halocarbon","/wiki/Bioaccumulate","/wiki/Wildlife","/wiki/Lipophilic","/wiki/Teratogens","/wiki/Mutagens","/wiki/Carcinogens","/wiki/Combustion","/wiki/Chlorine","/wiki/Manufacturing","#cite_note-mgov-2","#cite_note-mgov-2","/wiki/Natural_environment","#cite_note-mgov-2","#cite_note-mgov-2","/wiki/Agent_Orange","/wiki/Monsanto","/wiki/Seveso_disaster","/wiki/Viktor_Yushchenko","/wiki/Polychlorinated_dibenzofurans","/w/index.php?title=1,4-Dioxin&action=edit&section=4","#cite_ref-1","/wiki/Digital_object_identifier","http://dx.doi.org/10.1039%2Fp19940000927","#cite_ref-mgov_2-0","#cite_ref-mgov_2-1","#cite_ref-mgov_2-2","#cite_ref-mgov_2-3","http://maine.gov/dep/dioxin/","http://maine.gov/dep/index.shtml","http://en.wikipedia.org/w/index.php?title=1,4-Dioxin&oldid=540393432","/wiki/Help:Categories","/wiki/Category:Dioxins","/wiki/Category:Chemboxes_which_contain_changes_to_watched_fields","/w/index.php?title=Special:UserLogin&returnto=1%2C4-Dioxin&type=signup","/w/index.php?title=Special:UserLogin&returnto=1%2C4-Dioxin","/wiki/1,4-Dioxin","/wiki/Talk:1,4-Dioxin","#","/wiki/1,4-Dioxin","/w/index.php?title=1,4-Dioxin&action=edit","/w/index.php?title=1,4-Dioxin&action=history","#","/w/index.php","//bits.wikimedia.org/static-1.21wmf11/skins/vector/images/search-ltr.png?303-4","/wiki/Main_Page","/wiki/Main_Page","/wiki/Portal:Contents","/wiki/Portal:Featured_content","/wiki/Portal:Current_events","/wiki/Special:Random","//donate.wikimedia.org/wiki/Special:FundraiserRedirector?utm_source=donate&utm_medium=sidebar&utm_campaign=C13_en.wikipedia.org&uselang=en","/wiki/Help:Contents","/wiki/Wikipedia:About","/wiki/Wikipedia:Community_portal","/wiki/Special:RecentChanges","/wiki/Wikipedia:Contact_us","/wiki/Special:WhatLinksHere/1,4-Dioxin","/wiki/Special:RecentChangesLinked/1,4-Dioxin","/wiki/Wikipedia:File_Upload_Wizard","/wiki/Special:SpecialPages","/w/index.php?title=1,4-Dioxin&oldid=540393432","/w/index.php?title=1,4-Dioxin&action=info","/w/index.php?title=Special:Cite&page=1%2C4-Dioxin&id=540393432","/w/index.php?title=Special:Book&bookcmd=book_creator&referer=1%2C4-Dioxin","/w/index.php?title=Special:Book&bookcmd=render_article&arttitle=1%2C4-Dioxin&oldid=540393432&writer=rl","/w/index.php?title=1,4-Dioxin&printable=yes","//ar.wikipedia.org/wiki/1%D8%8C4-%D8%AF%D9%8A%D9%88%D9%83%D8%B3%D9%8A%D9%86","//de.wikipedia.org/wiki/1,4-Dioxin","//fa.wikipedia.org/wiki/%D8%AF%DB%8C_%D8%A7%DA%A9%D8%B3%DB%8C%D9%86","//fr.wikipedia.org/wiki/1,4-dioxine","//mk.wikipedia.org/wiki/1,4-%D0%B4%D0%B8%D0%BE%D0%BA%D1%81%D0%B8%D0%BD","//pt.wikipedia.org/wiki/1,4-Dioxina","//ru.wikipedia.org/wiki/1,4-%D0%B4%D0%B8%D0%BE%D0%BA%D1%81%D0%B8%D0%BD","//zh.wikipedia.org/wiki/%E4%BA%8C%E5%99%81%E8%8B%B1","//www.wikidata.org/wiki/Special:ItemByTitle/enwiki/1,4-Dioxin","//en.wikipedia.org/wiki/Wikipedia:Text_of_Creative_Commons_Attribution-ShareAlike_3.0_Unported_License","//creativecommons.org/licenses/by-sa/3.0/","//wikimediafoundation.org/wiki/Terms_of_Use","//www.wikimediafoundation.org/","//en.wikipedia.org/wiki/Wikipedia:Contact_us","//wikimediafoundation.org/wiki/Privacy_policy","/wiki/Wikipedia:About","/wiki/Wikipedia:General_disclaimer","http://en.m.wikipedia.org/wiki/1,4-Dioxin","//wikimediafoundation.org/","//bits.wikimedia.org/images/wikimedia-button.png","//www.mediawiki.org/","//bits.wikimedia.org/static-1.21wmf11/skins/common/images/poweredby_mediawiki_88x31.png","//bits.wikimedia.org/en.wikipedia.org/load.php?debug=false&lang=en&modules=skins.vector&only=scripts&skin=vector&*","/w/index.php?title=MediaWiki:Gadget-ReferenceTooltips.js&action=raw&ctype=text/javascript&508635914","//bits.wikimedia.org/en.wikipedia.org/load.php?debug=false&lang=en&modules=site&only=scripts&skin=vector&*"],"instances":[],"pdf":[],"categories":["Dioxins"],"headings":["Preparation","Derivatives","References"],"image":["//upload.wikimedia.org/wikipedia/commons/thumb/f/fd/1%2C4-Dioxin.svg/100px-1%2C4-Dioxin.svg.png","//upload.wikimedia.org/wikipedia/commons/thumb/f/f8/1%2C4-dioxin-3D-balls.png/120px-1%2C4-dioxin-3D-balls.png","//upload.wikimedia.org/wikipedia/en/thumb/f/fb/Yes_check.svg/7px-Yes_check.svg.png","//upload.wikimedia.org/wikipedia/en/thumb/f/fb/Yes_check.svg/7px-Yes_check.svg.png","//upload.wikimedia.org/wikipedia/en/thumb/f/fb/Yes_check.svg/7px-Yes_check.svg.png","//upload.wikimedia.org/wikipedia/en/thumb/f/fb/Yes_check.svg/14px-Yes_check.svg.png","//upload.wikimedia.org/wikipedia/en/thumb/f/fb/Yes_check.svg/10px-Yes_check.svg.png","//upload.wikimedia.org/wikipedia/commons/thumb/a/a2/X_mark.svg/10px-X_mark.svg.png","//upload.wikimedia.org/wikipedia/commons/thumb/f/f7/Dioxin_isomers.svg/220px-Dioxin_isomers.svg.png","//bits.wikimedia.org/static-1.21wmf11/skins/common/images/magnify-clip.png","//upload.wikimedia.org/wikipedia/commons/thumb/f/f5/Synthesis-of-1%2C4-dioxin-1994-2D-skeletal.png/600px-Synthesis-of-1%2C4-dioxin-1994-2D-skeletal.png","//upload.wikimedia.org/wikipedia/commons/thumb/8/8e/Dibenzo-p-dioxin-numbering-2D-skeletal.png/220px-Dibenzo-p-dioxin-numbering-2D-skeletal.png","//bits.wikimedia.org/static-1.21wmf11/skins/common/images/magnify-clip.png","//bits.wikimedia.org/static-1.21wmf11/skins/vector/images/search-ltr.png?303-4","//bits.wikimedia.org/images/wikimedia-button.png","//bits.wikimedia.org/static-1.21wmf11/skins/common/images/poweredby_mediawiki_88x31.png"],"tags":[],"members":[],"related":["1,2-dioxin","Dibenzodioxin","Heterocyclic_compound","Organic_compound","Antiaromaticity","Chemical_compound","Chemical_formula","Isomer","1,2-dioxin","Peroxide","Substituent","Polychlorinated_dibenzodioxins","Cycloaddition","Diels–Alder_reaction","Furan","Maleic_anhydride","Adduct","Retro-Diels–Alder_reaction","Substituent","Dibenzodioxin","Substituent","Dibenzo-1,4-dioxin","Polychlorinated_dibenzodioxins","2,3,7,8-Tetrachlorodibenzodioxin","Halocarbon","Bioaccumulate","Wildlife","Lipophilic","Teratogens","Mutagens","Carcinogens","Combustion","Chlorine","Manufacturing","Natural_environment","Agent_Orange","Monsanto","Seveso_disaster","Viktor_Yushchenko","Polychlorinated_dibenzofurans"]}