{"cursor":"1096","size":15,"audio":[],"currentlang":"en","article":"The 'immobilized whole cell' system is an alternative to enzyme immobilization.\nUnlike enzyme immobilization, where the enzyme is attached to a solid support\n(such as calcium alginate), in immobilized whole cell systems, the target cell\nis immobilized. Such methods may be implemented when the enzymes required are\ndifficult or expensive to extract, an example being intracellular enzymes. Also,\nif a series of enzymes are required in the reaction; whole cell immobilization\nmay be used for convenience.This is only done on a commercial basis when the\nneed for the product is more justified.\n","linknr":84,"url":"Whole_cell_immobilization","recorded":1362673253,"links":14,"instances":[],"pdf":[],"categories":["Biochemistry methods"],"headings":["Advantages","Disadvantages","See also"],"image":["//upload.wikimedia.org/wikipedia/commons/thumb/d/d9/PBB_GE_PNPLA6_203718_at_tn.png/60px-PBB_GE_PNPLA6_203718_at_tn.png","//bits.wikimedia.org/static-1.21wmf10/skins/vector/images/search-ltr.png?303-4","//bits.wikimedia.org/images/wikimedia-button.png","//bits.wikimedia.org/static-1.21wmf10/skins/common/images/poweredby_mediawiki_88x31.png"],"tags":[],"members":[],"related":["Immobilized_enzyme","Intracellular","Immobilized_enzyme"]}