{"cursor":"10311","size":15,"audio":[],"currentlang":"en","article":"\n\n'Variation' in language use among speakers or groups of speakers is a principal\nconcern in sociolinguistics. Such variation may occur in pronunciation (accent),\nword choice (lexicon), or even preferences for particular grammatical\npatterns.\n\nStudies of language variation and its correlation with sociological categories,\nsuch as William Labov's 1963 paper \"The social motivation of a sound change,\"\nled to the foundation of sociolinguistics as a subfield of\nlinguistics. Although contemporary sociolinguistics\nincludes other topics, language variation and change remains an important issue\nat the heart of the field.\n","linknr":178,"url":"Variation_(linguistics)","recorded":1362667054,"links":14,"instances":["linguistics","sociolinguistics"],"pdf":[],"categories":["Sociolinguistics","Language varieties and styles","Linguistics"],"headings":["Sociolinguistic variables","Variation associated with age","Variation associated with geography","Variation associated with gender","See also","Explanatory notes","Citations","Works consulted"],"image":["//bits.wikimedia.org/static-1.21wmf10/skins/vector/images/search-ltr.png?303-4","//bits.wikimedia.org/images/wikimedia-button.png","//bits.wikimedia.org/static-1.21wmf10/skins/common/images/poweredby_mediawiki_88x31.png"],"tags":[["accent","sociolinguistics"],["variety","linguistics"]],"members":["variety","accent"],"related":["Sociolinguistics","Accent_(sociolinguistics)","Lexicon","Grammar","Sociology","William_Labov","Linguistics","Glottal_stop","Vowel","Double_negative","Age-graded_variation","Apparent-time_hypothesis","Robin_Lakoff","Deborah_Tannen","Communication_Accommodation_Theory","Dialect","Language_change","Speech_community","Variable_rules_analysis","Variety_(linguistics)"]}