{"cursor":"1465","size":15,"audio":[],"currentlang":"en","article":"\n\n'ADD' may refer to:\n* ADD, National Rail station code for Adderley Park railway station,\n  United Kingdom\n* ADD, IATA airport code for Bole International Airport in Addis Ababa, Ethiopia\n* ADD, SPARS code appearing on some compact disc recordings, telling the\n  consumer that the recording was made on analog (A) equipment and digital (D)\n  equipment was used to mix/edit and master the recording\n* ADD, accumulated degree days as calculated by summing average daily\n  temperatures and used to determine the state of temperature dependent\n  processes, usually biological\n* ADD, Arab Digital Distribution, a pay television network in the Middle East\n  and North Africa\n* ADD, architectural design document, describes the architectural design using\n  the software requirements and the logical model defined in the software\n  design document\n* ADD, automatic dropping device, equipment of rail vehicle pantograph\n* ADD model, a hypothesis in physics to explain the weakness of gravity relative\n  to the other forces\n* ADD, attention deficit disorder, also referred to as ADHD, Adult ADHD,\n  and Adult ADD *\"A.D.D\", a song on Vanilla Ice's third studio album [[Hard\n  to Swallow]]\n* ADD2, advanced digital display 2, a designation for Intel SDVO adapter cards\n","linknr":108,"url":"add","recorded":1362688654,"links":26,"instances":["rail"],"pdf":[],"categories":[],"headings":["See also"],"image":["//upload.wikimedia.org/wikipedia/commons/thumb/f/f8/Wiktionary-logo-en.svg/37px-Wiktionary-logo-en.svg.png","//upload.wikimedia.org/wikipedia/en/thumb/5/5f/Disambig_gray.svg/30px-Disambig_gray.svg.png","//bits.wikimedia.org/static-1.21wmf10/skins/vector/images/search-ltr.png?303-4","//bits.wikimedia.org/images/wikimedia-button.png","//bits.wikimedia.org/static-1.21wmf10/skins/common/images/poweredby_mediawiki_88x31.png"],"tags":[["pantograph","rail"]],"members":["pantograph"],"related":["Adderley_Park_railway_station","Bole_International_Airport","Degree_day","Arab_Digital_Distribution","Software_design_document","Pantograph_(rail)","ADD_model","Attention_deficit_disorder","SDVO","AD&D"]}