{"cursor":"56812","size":15,"audio":[],"currentlang":"en","article":"\n{{Infobox language |name=Scots |nativename=(Braid) Scots, Lallans |states=\nUnited Kingdom, Republic of Ireland |region=Scotland: Scottish Lowlands,\nNorthern Isles, Caithness, Arran and Campbeltown Ulster: Counties Down,\nAntrim, Londonderry and Donegal |speakers=100,000 |date=1999 |ref=\n(The figure of 200,000 is an error, from the total being listed in two\ncountries.) |speakers2=1.5 million L2 speakers Total:\n17% to 85% of the Scottish\npopulation speak it to some degree |familycolor=Indo-European |fam2=Germanic\n|fam3=West Germanic |fam4=Anglo-Frisian |fam5=Anglic |ancestor=Early Scots\n|ancestor2=Middle Scots |minority= |nation=None â Classified as a\n\"traditional language\" by the Scottish Government. â Classified as a\n\"regional or minority language\" under the European Charter for Regional or\nMinority Languages, ratified by the United Kingdom in 2001. â Classified as\na \"traditional language\" by [[The North/South Language Body|Tha Noarth/Sooth\nBoord o Leid]]. |agency=â Scotland: None, although the [[Dictionary of\nthe Scots Language]] carries great authority and the Scottish Government's\nPartnership for a Better Scotland coalition agreement (2003) promises\n\"support\". .â Ireland: None, although the cross-border [[Ulster-\nScots Agency|Boord o UlstÃ¨r-Scotch]], established as a result of the ''Guid\nFriday Greeance'', promotes usage. |dia1=Central |dia2=Southern\n|dia3=Ulster |dia4=Northern |dia5=Insular |script=Latin |iso2=sco|iso3=sco|lingua=52-ABA-\naa (varieties: 52-ABA-aaa to -aav) |map=ScotsLanguageMap.png\n|mapcaption=Areas where the Scots language was spoken in the 20th\ncentury Grant, William (1931) [http://www.dsl.ac.uk/dsl/INTRO/map.php?num=2\nScottish National Dictionary] Gregg R.J. (1972) The Scotch-Irish\nDialect Boundaries in Ulster in Wakelin M.F., Patterns in the Folk Speech of The\nBritish Isles, London }} 'Scots' is the Germanic language variety spoken in\nLowland Scotland and parts of Ulster (where the local dialect is known as Ulster\nScots). It is sometimes called 'Lowland Scots' to distinguish it from\nScottish Gaelic, the Celtic language spoken in most of the western Highlands and\nin the Hebrides.\n\nSince there are no universally accepted criteria for distinguishing languages\nfrom dialects, scholars and other interested parties often disagree about the\nlinguistic, historical and social status of Scots. A.J. Aitken in The Oxford Companion to the English Language, Oxford\nUniversity Press 1992. p.894 Although a number of paradigms for\ndistinguishing between languages and dialects do exist, these often render\ncontradictory results. Focused broad Scots is at one end of a bipolar linguistic\ncontinuum, with Scottish Standard English at the other. Stuart-\nSmith J. Scottish English: Phonology in Varieties of English: The British Isles,\nKortman & Upton (Eds), Mouton de Gruyter, New York 2008. p.47\nConsequently, Scots is generally regarded as one of the ancient varieties of\nEnglish, yet it has its own distinct dialects. Alternatively, Scots is sometimes treated as a distinct Germanic\nlanguage, in the way Norwegian is closely linked to, yet distinct from,\nDanish.\n\nA 2010 Scottish Government study of \"public attitudes towards the Scots\nlanguage\" found that 64% of respondents (around 1,000 individuals being a\nrepresentative sample of Scotland's adult population) \"don't really think of\nScots as a language\", but it also found that \"the most frequent speakers are\nleast likely to agree that it is not a language (58%) and those never speaking\nScots most likely to do so (72%)\". In the\n2011 Scottish census, a question on Scots language ability was featured.\n","linknr":1186,"url":"Scots_language","recorded":1363454021,"links":["/w/index.php?title=Scots_language&action=edit","/w/index.php?title=Scots_language&action=edit","//en.wikipedia.org/apple-touch-icon.png","//bits.wikimedia.org/favicon/wikipedia.ico","/w/opensearch_desc.php","//en.wikipedia.org/w/api.php?action=rsd","//creativecommons.org/licenses/by-sa/3.0/","/w/index.php?title=Special:RecentChanges&feed=atom","//bits.wikimedia.org/en.wikipedia.org/load.php?debug=false&lang=en&modules=ext.gadget.DRN-wizard%2CReferenceTooltips%2Ccharinsert%2Cteahouse%7Cext.wikihiero%7Cmediawiki.legacy.commonPrint%2Cshared%7Cmw.PopUpMediaTransform%7Cskins.vector&only=styles&skin=vector&*","//bits.wikimedia.org/en.wikipedia.org/load.php?debug=false&lang=en&modules=site&only=styles&skin=vector&*","//bits.wikimedia.org/en.wikipedia.org/load.php?debug=false&lang=en&modules=startup&only=scripts&skin=vector&*","//bits.wikimedia.org/geoiplookup","//meta.wikimedia.org","#mw-head","#p-search","/wiki/Scottish_English","/wiki/Scottish_Gaelic","/wiki/United_Kingdom","/wiki/Republic_of_Ireland","/wiki/Scottish_Lowlands","/wiki/Northern_Isles","/wiki/Caithness","/wiki/Isle_of_Arran","/wiki/Campbeltown","/wiki/Counties_of_Ireland","/wiki/County_Down","/wiki/County_Antrim","/wiki/County_Londonderry","/wiki/County_Donegal","#cite_note-e16-1","#cite_note-e16-1","#cite_note-Mate-2","#cite_note-Public_Attitudes-3","/wiki/Language_family","/wiki/Indo-European_languages","/wiki/Germanic_languages","/wiki/West_Germanic_languages","/wiki/Anglo-Frisian_languages","/wiki/English_languages","/wiki/Early_Scots","/wiki/Middle_Scots","/wiki/Central_Scots","/wiki/Southern_Scots","/wiki/Ulster_Scots_dialects","/wiki/Northern_Scots","/wiki/Insular_Scots","/wiki/Writing_system","/wiki/Latin_script","/wiki/Scottish_Government","/wiki/European_Charter_for_Regional_or_Minority_Languages","/wiki/United_Kingdom","/wiki/The_North/South_Language_Body","//upload.wikimedia.org/wikipedia/commons/thumb/1/10/Flag_of_Scotland.svg/22px-Flag_of_Scotland.svg.png","/wiki/Scotland","//upload.wikimedia.org/wikipedia/en/thumb/a/ae/Flag_of_the_United_Kingdom.svg/22px-Flag_of_the_United_Kingdom.svg.png","/wiki/Northern_Ireland","/wiki/List_of_language_regulators","/wiki/Scotland","/wiki/Dictionary_of_the_Scots_Language","/wiki/Ireland","/wiki/Ulster-Scots_Agency","/wiki/Good_Friday_Agreement","/wiki/ISO_639-2","http://www.sil.org/iso639-3/documentation.asp?id=sco","/wiki/ISO_639-3","http://www.sil.org/iso639-3/documentation.asp?id=sco","/wiki/Linguasphere_Observatory","/wiki/File:ScotsLanguageMap.png","//upload.wikimedia.org/wikipedia/commons/thumb/a/a3/ScotsLanguageMap.png/300px-ScotsLanguageMap.png","#cite_note-4","#cite_note-5","/wiki/History_of_the_Scots_language","/wiki/Early_Scots","/wiki/Middle_Scots","/wiki/Modern_Scots","/wiki/Insular_Scots","/wiki/Northern_Scots","/wiki/Central_Scots","/wiki/Southern_Scots","/wiki/Ulster_Scots_dialects","/wiki/Template:Scots_language","/wiki/Template_talk:Scots_language","//en.wikipedia.org/w/index.php?title=Template:Scots_language&action=edit","/wiki/Germanic_languages","/wiki/Natural_language","/wiki/Variety_(linguistics)","/wiki/Scottish_Lowlands","/wiki/Scotland","/wiki/Ulster","/wiki/Ulster_Scots_dialects","#cite_note-6","/wiki/Scottish_Gaelic","/wiki/Celtic_language","/wiki/Scottish_Highlands","/wiki/Hebrides","/wiki/Wikipedia:Citation_needed","/wiki/Language","/wiki/Dialect","#cite_note-English_Language_1992._p.894-7","/wiki/Scottish_English","#cite_note-Stuart-Smith-8","/wiki/English_language","#cite_note-English_Language_1992._p.894-7","/wiki/Germanic_language","/wiki/Norwegian_language","/wiki/Danish_language","#cite_note-English_Language_1992._p.894-7","/wiki/Scottish_Government","#cite_note-Public_Attitudes-3","#Nomenclature","#Etymology","#History","#Status","#Language_shift","#Language_revitalisation","#Number_of_speakers","#Literature","#Orthography","#Sample_text_of_Modern_Scots","#Grammar","#Phonology","#Vowels","#Consonants","#See_also","#References","#External_links","#Dictionaries_and_linguistic_information","#Collections_of_texts","/w/index.php?title=Scots_language&action=edit&section=1","/wiki/Vernacular","#cite_note-9","/wiki/Mid_Northern_Scots","#cite_note-10","#cite_note-11","/wiki/Scotch_(adjective)","#cite_note-12","#cite_note-13","#cite_note-14","/wiki/Modern_Scots","/wiki/Wikipedia:IPA","#cite_note-15","/wiki/Lallans","/wiki/Literary_language","#cite_note-16","/wiki/Ulster_Scots_dialects","/wiki/Neologism","#cite_note-17","/w/index.php?title=Scots_language&action=edit&section=2","/wiki/Early_Scots","#cite_note-18","/wiki/Old_English","/wiki/Germanic_umlaut","#cite_note-19","#cite_note-20","/wiki/Gaelic_(language)","#cite_note-English_Language_1992._p.894-7","/wiki/Irish_(language)","/wiki/William_Dunbar","/wiki/Gavin_Douglas","#cite_note-21","#cite_note-22","/wiki/Scottish_Gaelic","/w/index.php?title=Scots_language&action=edit&section=3","/wiki/History_of_the_Scots_language","/wiki/File:History_of_Scots_in_Scotland_and_Ulster.png","//upload.wikimedia.org/wikipedia/commons/thumb/9/96/History_of_Scots_in_Scotland_and_Ulster.png/220px-History_of_Scots_in_Scotland_and_Ulster.png","/wiki/File:History_of_Scots_in_Scotland_and_Ulster.png","//bits.wikimedia.org/static-1.21wmf11/skins/common/images/magnify-clip.png","//en.wikipedia.org/wiki/Old_English","//en.wikipedia.org/wiki/Anglo-Saxons","//en.wikipedia.org/wiki/Northumbria","//en.wikipedia.org/wiki/Early_Scots","//en.wikipedia.org/wiki/Modern_Scots","/wiki/Northumbrian_(Anglo-Saxon)","/wiki/Old_English","/wiki/River_Forth","/wiki/Anglo-Saxon","/wiki/Northumbria","#cite_note-23","/wiki/Middle_Irish","/wiki/List_of_Scottish_monarchs","/wiki/Middle_English","/wiki/Early_Scots","/wiki/Northumbria","/wiki/Old_Norse_language","#cite_note-24","/wiki/Romance_language","/wiki/Latin","/wiki/Norman_language","#cite_note-25","/wiki/French_language","/wiki/Auld_Alliance","/wiki/Dutch_language","/wiki/Middle_Low_German","/wiki/Low_Countries","#cite_note-26","/wiki/Middle_Irish","#cite_note-27","/wiki/Scottish_Gaelic","/wiki/Ceilidh","/wiki/Loch","/wiki/Scottish_Clan","/wiki/Burgh","/wiki/David_I_of_Scotland","/wiki/Prestige_dialect","/wiki/Middle_Scots","#cite_note-28","/wiki/Plantation_of_Ulster","#cite_note-Montgomery_.26_Gregg_1997:_572-29","#cite_note-30","/wiki/Modern_Scots","/wiki/Modern_English","/w/index.php?title=Scots_language&action=edit&section=4","/wiki/File:LufeGodAbufeAlAndYiNychtbourAsYiSelf_JohnKnoxHouse200411_CopyrightKaihsuTai.jpg","//upload.wikimedia.org/wikipedia/commons/thumb/2/24/LufeGodAbufeAlAndYiNychtbourAsYiSelf_JohnKnoxHouse200411_CopyrightKaihsuTai.jpg/220px-LufeGodAbufeAlAndYiNychtbourAsYiSelf_JohnKnoxHouse200411_CopyrightKaihsuTai.jpg","/wiki/File:LufeGodAbufeAlAndYiNychtbourAsYiSelf_JohnKnoxHouse200411_CopyrightKaihsuTai.jpg","//bits.wikimedia.org/static-1.21wmf11/skins/common/images/magnify-clip.png","/wiki/Early_Scots","/wiki/John_Knox_House","/wiki/Edinburgh","/wiki/Treaty_of_Union_1707","/wiki/Kingdom_of_Great_Britain","/wiki/Sister_language","#cite_note-31","/wiki/Pluricentric_language","/wiki/Diasystem","/wiki/Heinz_Kloss","/wiki/Ausbausprache_%E2%80%93_Abstandsprache_%E2%80%93_Dachsprache","#cite_note-32","/wiki/Scottish_English","/wiki/Diglossia","/wiki/Code-switching","#cite_note-Stuart-Smith-8","#cite_note-Maggie_Mcott-33","/wiki/Regional_language","/wiki/European_Charter_for_Regional_or_Minority_Languages","#cite_note-34","/wiki/Wikipedia:Link_rot","/wiki/Orthography","/wiki/Parliament_of_Scotland","#cite_note-35","/w/index.php?title=Scots_language&action=edit&section=5","/wiki/Standard_English","#cite_note-36","/wiki/William_Flower_(officer_of_arms)","/wiki/Mary_of_Guise","#cite_note-37","#cite_note-Scots.27_2003_p._11-38","/wiki/James_I_of_England","/wiki/Authorized_King_James_Version","/wiki/Acts_of_Union_1707","/wiki/London","#cite_note-39","/wiki/David_Hume","#cite_note-40","#cite_note-Scots.27_2003_p._11-38","/w/index.php?title=Frederick_Albert_Pottle&action=edit&redlink=1","/wiki/James_Boswell","/wiki/Alexander_Boswell_(judge)","/wiki/College_of_Justice","/wiki/Scottish_Enlightenment","/wiki/Adam_Smith","#cite_note-41","/wiki/Thomas_Sheridan_(actor)","/wiki/Elocution","/wiki/Guinea_(British_coin)","#cite_note-inflation-UK-42","//en.wiktionary.org/wiki/freeman","/wiki/Edinburgh","/wiki/Scottish_English","#cite_note-43","#cite_note-44","/wiki/File:AU_Burns_Canberra.jpg","//upload.wikimedia.org/wikipedia/commons/thumb/2/23/AU_Burns_Canberra.jpg/220px-AU_Burns_Canberra.jpg","/wiki/File:AU_Burns_Canberra.jpg","//bits.wikimedia.org/static-1.21wmf11/skins/common/images/magnify-clip.png","/wiki/Robert_Burns","/wiki/Canberra,_Australia","/wiki/Literary_language","/wiki/Robert_Burns","#cite_note-45","/wiki/Language_policy","#cite_note-46","/wiki/Language_attrition","/wiki/Mass_media","/wiki/Second_World_War","#cite_note-47","/wiki/Language_shift","/wiki/Language_change","/wiki/Language_convergence","/wiki/Language_merger","/wiki/Language_death","#cite_note-48","/wiki/Slang","#cite_note-49","/wiki/Scottish_Government","#cite_note-Public_Attitudes-3","/w/index.php?title=Scots_language&action=edit&section=6","/wiki/Medium_of_instruction","#cite_note-50","#cite_note-51","#cite_note-52","/wiki/Wikipedia:WikiProject_Countering_systemic_bias","/wiki/Burns_supper","/wiki/Scottish_Parliament","#cite_note-test-53","/w/index.php?title=Scots_language&action=edit&section=7","/wiki/United_Kingdom_Census_2001","/wiki/General_Register_Office_for_Scotland","#cite_note-Mate-2","/wiki/Wikipedia:Citation_needed","/wiki/University_of_Aberdeen","#cite_note-54","/wiki/Aberdeen_University","/wiki/Census","#cite_note-Stuart-Smith-8","#cite_note-55","#cite_note-56","#cite_note-57","/wiki/Scottish_Government","#cite_note-Public_Attitudes-3","#cite_note-58","#cite_note-59","#cite_note-60","/w/index.php?title=Scots_language&action=edit&section=8","/wiki/Scottish_literature","/wiki/John_Barbour_(poet)","/wiki/Wyntoun","/wiki/Blind_Harry","/wiki/The_Actes_and_Deidis_of_the_Illustre_and_Vallyeant_Campioun_Schir_William_Wallace","/wiki/University_of_St_Andrews","/wiki/Robert_Henryson","/wiki/William_Dunbar","/wiki/Gavin_Douglas","/wiki/David_Lyndsay","/wiki/The_Complaynt_of_Scotland","/wiki/Eneados","/wiki/Middle_Scots","/wiki/Virgil","/wiki/Aeneid","/wiki/Border_ballads","/wiki/Robert_Sempill","/wiki/Robert_Sempill_the_younger","/wiki/Francis_Sempill","/wiki/Grizel_Baillie","/wiki/Allan_Ramsay_(poet)","/wiki/Robert_Burns","/wiki/James_Orr_(poet)","/wiki/Robert_Fergusson","/wiki/Walter_Scott","/wiki/Auld_Lang_Syne","/wiki/Robert_Louis_Stevenson","/wiki/George_MacDonald","/wiki/J._M._Barrie","/wiki/Kailyard_school","/wiki/Ian_Maclaren","/wiki/Victorian_era","#cite_note-61","/wiki/Scottish_Renaissance","/wiki/Hugh_MacDiarmid","/wiki/A_Drunk_Man_Looks_at_the_Thistle","/wiki/Douglas_Young_(classicist)","/wiki/John_Buchan,_1st_Baron_Tweedsmuir","/wiki/Sidney_Goodsir_Smith","/wiki/Robert_Garioch","/wiki/Edith_Anne_Robertson","/wiki/Robert_McLellan","/wiki/Ayrshire","/wiki/Ayr_Academy","/wiki/Ayr","/w/index.php?title=Cumnock_Academy&action=edit&redlink=1","#cite_note-62","/wiki/Nursery_rhyme","/wiki/Alexander_Gray_(poet)","/wiki/William_Laughton_Lorimer","/wiki/New_Testament","/wiki/Trainspotting_(novel)","/wiki/Irvine_Welsh","/wiki/But%27n%27Ben_A-Go-Go","/wiki/Matthew_Fitt","/wiki/Cyberpunk","#cite_note-63","/wiki/Neologism","/wiki/Rubaiyat_of_Omar_Khayyam","/wiki/Catullus","/wiki/Liz_Lochhead","/wiki/Tartuffe","/wiki/Moli%C3%A8re","/wiki/J._K._Annand","/wiki/Oor_Wullie","/wiki/The_Broons","/wiki/Sunday_Post","/w/index.php?title=Scots_language&action=edit&section=9","/wiki/Early_Scots","/wiki/Middle_Scots","/wiki/Modern_Scots","/wiki/Orthography","/wiki/Early_Scots","#cite_note-64","#cite_note-65","/wiki/Union_of_the_Crowns","/wiki/Standard_English","#cite_note-66","/wiki/Acts_of_Union_1707","/wiki/Scottish_English","#cite_note-Scots.27_2003_p._11-38","/wiki/Literary_language","#cite_note-67","#cite_note-David_D._Murison_1976-68","/wiki/Apologetic_apostrophe","#cite_note-69","/wiki/Consonant","/wiki/Cognate","/wiki/Authorized_King_James_Version","/wiki/Augustan_literature","#cite_note-70","#cite_note-71","#cite_note-72","#cite_note-73","#cite_note-74","#cite_note-75","/wiki/Charles_Murray_(poet)","/w/index.php?title=David_Herbison&action=edit&redlink=1","/wiki/James_Hogg","/wiki/William_Laidlaw","#cite_note-76","#cite_note-David_D._Murison_1976-68","#cite_note-77","/wiki/Apologetic_apostrophe","/wiki/John_Barbour_(poet)","/wiki/Cognate","/w/index.php?title=Scots_language&action=edit&section=10","/w/index.php?title=Scots_language&action=edit&section=11","/wiki/Modern_Scots#Grammar","/wiki/Subject%E2%80%93verb%E2%80%93object","/wiki/Standard_English","#cite_note-English_Language_1992._p.897-78","/wiki/Article_(grammar)","#cite_note-79","/wiki/Possessive_pronoun","#cite_note-80","/wiki/Plural","#cite_note-81","#cite_note-English_Language_1992._p.896-82","/wiki/Noun","#cite_note-English_Language_1992._p.896-82","#cite_note-83","/wiki/Relative_pronoun","#cite_note-English_Language_1992._p.896-82","#cite_note-84","#cite_note-English_Language_1992._p.896-82","/wiki/Present_tense","/wiki/Verb","/wiki/Northern_subject_rule","#cite_note-English_Language_1992._p.896-82","#cite_note-85","#cite_note-English_Language_1992._p.896-82","#cite_note-English_Language_1992._p.897-78","/wiki/Germanic_strong_verb","/wiki/Irregular_verb","#cite_note-English_Language_1992._p.896-82","#cite_note-86","/wiki/Germanic_weak_verb","/wiki/Regular_verb","#cite_note-English_Language_1992._p.896-82","#cite_note-87","/wiki/Present_participle","/wiki/Gerund","#cite_note-88","#cite_note-89","/wiki/Negation_(linguistics)","#cite_note-Grant.2C_William_1921_p.115-90","/wiki/Adverb","/wiki/Adjective","/w/index.php?title=Scots_language&action=edit&section=12","/wiki/Modern_Scots#Phonology","/wiki/Phonological_history_of_Scots","/w/index.php?title=Scots_language&action=edit&section=13","#cite_note-91","/wiki/A.J._Aitken","/wiki/Vowel_length","/wiki/Scottish_Vowel_Length_Rule","/w/index.php?title=Scots_language&action=edit&section=14","/wiki/Bilabial_consonant","/wiki/Labiodental_consonant","/wiki/Interdental_consonant","/wiki/Alveolar_consonant","/wiki/Postalveolar_consonant","/wiki/Palatal_consonant","/wiki/Velar_consonant","/wiki/Labial-velar_consonant","/wiki/Glottal_consonant","#cite_note-92","#cite_note-Johnston.2C_Paul_1997_p.501-93","#cite_note-Johnston.2C_Paul_1997_p.501-93","#cite_note-94","#cite_note-95","#cite_note-Johnston.2C_Paul_1997_p.507-96","/wiki/Yogh","/wiki/Menzies","/wiki/Finzean","/wiki/Culzean","/wiki/Mackenzie_(surname)","#cite_note-Johnston.2C_Paul_1997_p.499-97","#cite_note-98","/wiki/Rhotic_consonant","#cite_note-Johnston.2C_Paul_1997_p.499-97","#cite_note-Johnston.2C_Paul_1997_p.507-96","#cite_note-Johnston.2C_Paul_1997_p.507-96","/wiki/Nasal_stop","/wiki/Stop_consonant","/wiki/Affricate_consonant","/wiki/Fricative_consonant","/wiki/Approximant_consonant","/wiki/Trill_consonant","/wiki/Lateral_consonant","/w/index.php?title=Scots_language&action=edit&section=15","/wiki/Bungi_creole","/wiki/Metis_people","/wiki/Dictionary_of_the_Scots_Language","/wiki/Doric_dialect_(Scotland)","/wiki/Glasgow_patter","/wiki/Billy_Kay_(writer)","/wiki/Lallans","/wiki/Languages_of_the_United_Kingdom","/wiki/Modern_Scots","/wiki/Phonological_history_of_Scots","/wiki/Report_and_Recommendations_of_the_Scots_Spelling_Committee","/wiki/Scotticism","/wiki/Scottish_Corpus_of_Texts_and_Speech","/wiki/Scottish_English","/wiki/Scottish_literature","/w/index.php?title=Scots_language&action=edit&section=16","#cite_ref-e16_1-0","#cite_ref-e16_1-1","http://archive.ethnologue.com/16/show_language.asp?code=sco","/wiki/Ethnologue","#cite_ref-Mate_2-0","#cite_ref-Mate_2-1","#cite_ref-Public_Attitudes_3-0","#cite_ref-Public_Attitudes_3-1","#cite_ref-Public_Attitudes_3-2","#cite_ref-Public_Attitudes_3-3","http://www.scotland.gov.uk/Publications/2010/01/06105123/0","http://www.scotland.gov.uk/Publications/2010/01/06105123/0","#cite_ref-4","http://www.dsl.ac.uk/dsl/INTRO/map.php?num=2","#cite_ref-5","#cite_ref-6","http://conventions.coe.int/Treaty/Commun/ListeDeclarations.asp?NT=148&CV=1&NA=&PO=999&CN=999&VL=1&CM=9&CL=ENG","http://conventions.coe.int/Treaty/Commun/ListeDeclarations.asp?NT=148&CV=1&NA=&PO=999&CN=999&VL=1&CM=9&CL=ENG","#cite_ref-English_Language_1992._p.894_7-0","#cite_ref-English_Language_1992._p.894_7-1","#cite_ref-English_Language_1992._p.894_7-2","#cite_ref-English_Language_1992._p.894_7-3","/wiki/A.J._Aitken","#cite_ref-Stuart-Smith_8-0","#cite_ref-Stuart-Smith_8-1","#cite_ref-Stuart-Smith_8-2","#cite_ref-9","http://www.dsl.ac.uk/dsl/getent4.php?query=braid+scots&sset=1&fset=20&printset=20&searchtype=full&dregion=entry&dtext=both","http://www.dsl.ac.uk/dsl/getent4.php?query=braid+scots&sset=1&fset=20&printset=20&searchtype=full&dregion=entry&dtext=both","#cite_ref-10","http://www.dsl.ac.uk/dsl/getent4.php?query=doric&sset=1&fset=20&printset=20&searchtype=full&dregion=entry&dtext=both","http://www.dsl.ac.uk/dsl/getent4.php?query=doric&sset=1&fset=20&printset=20&searchtype=full&dregion=entry&dtext=both","#cite_ref-11","#cite_ref-12","/wiki/A.J._Aitken","#cite_ref-13","#cite_ref-14","#cite_ref-15","http://www.dsl.ac.uk/dsl/getent4.php?query=lawland&sset=1&fset=20&printset=20&searchtype=full&dregion=form&dtext=both","http://www.dsl.ac.uk/dsl/getent4.php?query=lawland&sset=1&fset=20&printset=20&searchtype=full&dregion=form&dtext=both","#cite_ref-16","http://www.ethnologue.com/show_language.asp?code=sco","http://www.ethnologue.com/show_language.asp?code=sco","#cite_ref-17","#cite_ref-18","http://www.dsl.ac.uk/dsl/getent4.php?plen=46309&startset=34713072&query=SCOTS&fhit=Scots&dregion=form&dtext=snd#fhit","http://www.dsl.ac.uk/dsl/getent4.php?plen=46309&startset=34713072&query=SCOTS&fhit=Scots&dregion=form&dtext=snd#fhit","#cite_ref-19","#cite_ref-20","#cite_ref-21","#cite_ref-22","#cite_ref-23","http://www.dsl.ac.uk/dsl/SCOTSHIST/list.html","/wiki/Dictionary_of_the_Older_Scottish_Tongue","#cite_ref-24","#cite_ref-25","#cite_ref-26","#cite_ref-27","#cite_ref-28","/wiki/Special:BookSources/0748615962","#cite_ref-Montgomery_.26_Gregg_1997:_572_29-0","#cite_ref-30","#cite_ref-31","http://www.scots-online.org/airticles/eurlang.htm","#cite_ref-32","#cite_ref-Maggie_Mcott_33-0","http://www.arts.gla.ac.uk/ScotLit/ASLS/SWE/TBI/TBIIssue2/ScotsContinuum.html","http://www.arts.gla.ac.uk/ScotLit/ASLS/SWE/TBI/TBIIssue2/ScotsContinuum.html","#cite_ref-34","http://www.coe.int/t/e/human_rights/minorities/2._framework_convention_%28monitoring%29/2._monitoring_mechanism/3._state_reports_and_unmik_kosovo_report/2._second_cycle/PDF_2nd_SR_UK_en.pdf","http://www.coe.int/t/e/human_rights/minorities/2._framework_convention_%28monitoring%29/2._monitoring_mechanism/3._state_reports_and_unmik_kosovo_report/2._second_cycle/PDF_2nd_SR_UK_en.pdf","#cite_ref-35","http://www.statutelaw.gov.uk/content.aspx?ActiveTextDocId=1519008","#cite_ref-36","/wiki/Special:BookSources/0748615962","#cite_ref-37","#cite_ref-Scots.27_2003_p._11_38-0","#cite_ref-Scots.27_2003_p._11_38-1","#cite_ref-Scots.27_2003_p._11_38-2","/wiki/Special:BookSources/0748615962","#cite_ref-39","#cite_ref-40","#cite_ref-41","http://www.scuilwab.org.uk/assets/TheHistoryOScots-1.pdf","http://www.scuilwab.org.uk/assets/TheHistoryOScots-1.pdf","#cite_ref-inflation-UK_42-0","/wiki/Consumer_Price_Index_(United_Kingdom)","http://www.measuringworth.org/ukearncpi/","#cite_ref-43","/wiki/Special:BookSources/0748615962","#cite_ref-44","/wiki/Special:BookSources/0748615962","#cite_ref-45","http://www.scots-online.org/airticles/AwAeWey.pdf","http://www.scots-online.org/airticles/AwAeWey.pdf","#cite_ref-46","#cite_ref-47","/wiki/Special:BookSources/0748615962","#cite_ref-48","/wiki/Special:BookSources/0748615962","#cite_ref-49","http://books.google.com/?id=0ldowI6VgeMC&pg=PA518&lpg=PA518&dq=%22scots+language%22+slang#v=onepage&q=%22scots%20language%22%20slang&f=false","/wiki/Edinburgh","/wiki/Edinburgh_University_Press","/wiki/International_Standard_Book_Number","/wiki/Special:BookSources/0-7486-0754-4_9780748607549","http://books.google.com/?id=0ldowI6VgeMC&pg=PA518&lpg=PA518&dq=%22scots+language%22+slang#v=onepage&q=%22scots%20language%22%20slang&f=false","#cite_ref-50","http://news.scotsman.com/opinion/Exposed-to-ridicule.2501212.jp","http://news.scotsman.com/opinion/Exposed-to-ridicule.2501212.jp","#cite_ref-51","http://www.ltscotland.org.uk/5to14/specialfocus/scots/ideas/index.asp","http://www.ltscotland.org.uk/5to14/specialfocus/scots/ideas/index.asp","#cite_ref-52","http://www.ltscotland.org.uk/5to14/htmlunrevisedguidelines/Pages/englang/main/elng1003.htm","http://www.ltscotland.org.uk/5to14/htmlunrevisedguidelines/Pages/englang/main/elng1003.htm","#cite_ref-test_53-0","http://www.scottish.parliament.uk/vli/language/scots/index.htm","http://www.scottish.parliament.uk/vli/language/scots/index.htm","#cite_ref-54","#cite_ref-55","http://www.scotland.gov.uk/Publications/2010/01/06105123/4","/wiki/International_Standard_Serial_Number","//www.worldcat.org/issn/1570-1239","http://www.scotland.gov.uk/Publications/2010/01/06105123/4","#cite_ref-56","/wiki/International_Standard_Book_Number","/wiki/Special:BookSources/0-7486-1625-X","#cite_ref-57","http://www.scotland.gov.uk/Publications/2009/04/01090908/20","http://www.scotland.gov.uk/Publications/2009/04/01090908/20","#cite_ref-58","http://www.bbc.co.uk/news/uk-scotland-12871752","http://www.bbc.co.uk/news/uk-scotland-12871752","#cite_ref-59","http://www.ayecan.com/","http://www.ayecan.com/","#cite_ref-60","http://www.scotlandscensus.gov.uk/en/howto/questionshelp/q/i16.html","http://www.scotlandscensus.gov.uk/en/howto/questionshelp/q/i16.html","#cite_ref-61","#cite_ref-62","/wiki/Special:BookSources/9780907526117","#cite_ref-63","http://www.scots-online.org/grammar","http://www.scots-online.org/grammar","#cite_ref-64","#cite_ref-65","#cite_ref-66","#cite_ref-67","#cite_ref-David_D._Murison_1976_68-0","#cite_ref-David_D._Murison_1976_68-1","#cite_ref-69","#cite_ref-70","#cite_ref-71","#cite_ref-72","#cite_ref-73","#cite_ref-74","#cite_ref-75","#cite_ref-76","#cite_ref-77","#cite_ref-English_Language_1992._p.897_78-0","#cite_ref-English_Language_1992._p.897_78-1","#cite_ref-79","#cite_ref-80","#cite_ref-81","#cite_ref-English_Language_1992._p.896_82-0","#cite_ref-English_Language_1992._p.896_82-1","#cite_ref-English_Language_1992._p.896_82-2","#cite_ref-English_Language_1992._p.896_82-3","#cite_ref-English_Language_1992._p.896_82-4","#cite_ref-English_Language_1992._p.896_82-5","#cite_ref-English_Language_1992._p.896_82-6","#cite_ref-English_Language_1992._p.896_82-7","#cite_ref-83","#cite_ref-84","#cite_ref-85","#cite_ref-86","#cite_ref-87","#cite_ref-88","#cite_ref-89","http://www.dsl.ac.uk/INTRO/intro2.php?num=22","http://www.dsl.ac.uk/INTRO/intro2.php?num=22","#cite_ref-Grant.2C_William_1921_p.115_90-0","#cite_ref-91","#cite_ref-92","#cite_ref-Johnston.2C_Paul_1997_p.501_93-0","#cite_ref-Johnston.2C_Paul_1997_p.501_93-1","#cite_ref-94","#cite_ref-95","#cite_ref-Johnston.2C_Paul_1997_p.507_96-0","#cite_ref-Johnston.2C_Paul_1997_p.507_96-1","#cite_ref-Johnston.2C_Paul_1997_p.507_96-2","#cite_ref-Johnston.2C_Paul_1997_p.499_97-0","#cite_ref-Johnston.2C_Paul_1997_p.499_97-1","#cite_ref-98","/w/index.php?title=Scots_language&action=edit&section=17","//upload.wikimedia.org/wikipedia/en/thumb/4/4a/Commons-logo.svg/30px-Commons-logo.svg.png","//commons.wikimedia.org/wiki/Scots_language","//upload.wikimedia.org/wikipedia/commons/thumb/d/df/Wikibooks-logo-en-noslogan.svg/40px-Wikibooks-logo-en-noslogan.svg.png","//en.wikibooks.org/wiki/Lowland_Scots","//upload.wikimedia.org/wikipedia/en/thumb/8/80/Wikipedia-logo-v2.svg/40px-Wikipedia-logo-v2.svg.png","//sco.wikipedia.org/wiki/","/wiki/Wikipedia","http://www.scots-online.org/","http://www.lallans.co.uk/","http://www.scotslanguage.com/","http://cf.linguistlist.org/cfdocs/new-website/LL-WorkingDirs/search/search-all-res2.cfm?res=All&AppLanguageId=5462&search1=search1#Papers","/wiki/Eastern_Michigan_University","/wiki/Wayne_State_University","http://www.omniglot.com/writing/scots.htm","http://www.ethnologue.org/show_language.asp?code=sco","http://www.dsl.ac.uk/dsl/INTRO/intro2.php?num=00","http://wordswithoutborders.org/article/scots-the-auld-an-nobill-tung/","http://www.ltscotland.org.uk/5to14/specialfocus/scots/index.asp","http://dspace.nitle.org/bitstream/10090/811/1/s10intl2007kilborn.pdf","/w/index.php?title=Scots_language&action=edit&section=18","http://www.dsl.ac.uk/dsl/","http://www.scotsdictionaries.org.uk/","http://www.scots-online.org/grammar/pronunci.htm#cairt","http://www.scots-online.org/airticles/phonetics.htm","http://www.stooryduster.co.uk/","http://cf.linguistlist.org/cfdocs/new-website/LL-WorkingDirs/pubs/papers/browse-papers-action.cfm?paperid=5007","/wiki/University_of_California","http://www.scotsindependent.org/features/scots/index.htm","/w/index.php?title=Scots_language&action=edit&section=19","http://www.scotstext.org/","http://myweb.tiscali.co.uk/wirhoose/but/wan/index.htm","http://www.scottishcorpus.ac.uk/","/wiki/Multimedia","/wiki/Text_corpus","/wiki/Scottish_English","http://www.bbc.co.uk/voices/multilingual/scots.shtml","/wiki/Template:Germanic_languages","/wiki/Template_talk:Germanic_languages","//en.wikipedia.org/w/index.php?title=Template:Germanic_languages&action=edit","/wiki/Germanic_languages","/wiki/North_Germanic_languages","/wiki/Faroese_language","/wiki/Icelandic_language","/wiki/Norwegian_language","/wiki/Nynorsk","/wiki/Danish_language","/wiki/Norwegian_language","/wiki/Bokm%C3%A5l","/wiki/Swedish_language","/wiki/West_Germanic_languages","/wiki/Anglo-Frisian_languages","/wiki/English_language","/wiki/North_Frisian_language","/wiki/Saterland_Frisian_language","/wiki/West_Frisian_language","/wiki/Low_Franconian_languages","/wiki/Afrikaans","/wiki/Dutch_language","/wiki/West_Flemish","/wiki/Limburgish_language","/wiki/Zeelandic","/wiki/Low_German","/wiki/Dutch_Low_Saxon","/wiki/Achterhooks","/wiki/Dr%C3%A8ents","/wiki/East_Frisian_Low_Saxon","/wiki/Gronings","/wiki/Low_German","/wiki/Plautdietsch_language","/wiki/Sallaans","/wiki/Stellingwarfs","/wiki/Tweants","/wiki/Veluws","/wiki/Westphalian_language","/wiki/High_German_languages","/wiki/Central_German","/wiki/German_language","/wiki/K%C3%B6lsch_dialect","/wiki/Luxembourgish_language","/wiki/Palatinate_German","/wiki/Pennsylvania_German_language","/wiki/Riograndenser_Hunsr%C3%BCckisch","/wiki/Silesian_German","/wiki/Upper_Saxon_German","/wiki/Vilamovian_language","/wiki/Upper_German","/wiki/Alsatian_language","/wiki/Bavarian_language","/wiki/Colonia_Tovar_dialect","/wiki/Main-Franconian","/wiki/Cimbrian_language","/wiki/Hutterite_German","/wiki/M%C3%B2cheno_language","/wiki/Swabian_German","/wiki/Swiss_German","/wiki/Walser_German","/wiki/Yiddish_language","/wiki/Yiddish_language","/wiki/Template:Scotland_topics","/wiki/Template_talk:Scotland_topics","//en.wikipedia.org/w/index.php?title=Template:Scotland_topics&action=edit","/wiki/Scotland","/wiki/List_of_Scotland-related_topics","/wiki/History_of_Scotland","/wiki/Timeline_of_Scottish_history","/wiki/Prehistoric_Scotland","/wiki/Scotland_during_the_Roman_Empire","/wiki/Scotland_in_the_Early_Middle_Ages","/wiki/Kingdom_of_Scotland","/wiki/Scotland_in_the_High_Middle_Ages","/wiki/Davidian_Revolution","/wiki/Wars_of_Scottish_Independence","/wiki/Scotland_in_the_Late_Middle_Ages","/wiki/Renaissance_in_Scotland","/wiki/Scottish_Reformation","/wiki/Scottish_colonization_of_the_Americas","/wiki/Acts_of_Union_1707","/wiki/Jacobitism","/wiki/Scottish_Enlightenment","/wiki/Highland_Clearances","/wiki/Lowland_Clearances","/wiki/Romanticism_in_Scotland","/wiki/Scotland_in_the_modern_era","/wiki/Geography_of_Scotland","/wiki/Anglo-Scottish_border","/wiki/Central_Belt","/wiki/Climate_of_Scotland","/wiki/Fauna_of_Scotland","/wiki/Flora_of_Scotland","/wiki/Geology_of_Scotland","/wiki/Scottish_Highlands","/wiki/List_of_islands_of_Scotland","/wiki/List_of_lochs_in_Scotland","/wiki/Scottish_Lowlands","/wiki/Mountains_and_hills_of_Scotland","/wiki/Waterfalls_of_Scotland","/wiki/History_of_Scottish_devolution","/wiki/Elections_in_Scotland","/wiki/First_Minister_of_Scotland","/wiki/Scottish_Government","/wiki/Scottish_independence","/wiki/Local_government_in_Scotland","/wiki/Military_of_Scotland","/wiki/List_of_Scottish_monarchs","/wiki/Scottish_Parliament","/wiki/Politics_of_Scotland","/wiki/List_of_political_parties_in_Scotland","/wiki/Scotland_Office","/wiki/Secretary_of_State_for_Scotland","/wiki/Unionism_in_Scotland","/wiki/Scots_law","/wiki/Courts_of_Scotland","/wiki/Crown_Office_and_Procurator_Fiscal_Service","/wiki/Lord_Advocate","/wiki/Lord_President_of_the_Court_of_Session","/wiki/Procurator_fiscal","/wiki/Solicitor_General_for_Scotland","/wiki/Udal_law","/wiki/Economy_of_Scotland","/wiki/Bank_of_Scotland","/wiki/List_of_companies_of_Scotland","/wiki/Harris_Tweed","/wiki/North_Sea_oil","/wiki/Renewable_energy_in_Scotland","/wiki/Royal_Bank_of_Scotland","/wiki/Tourism_in_Scotland","/wiki/Transport_in_Scotland","/wiki/Scotch_whisky","/wiki/Category:Scottish_society","/wiki/Culture_of_Scotland","/wiki/Architecture_of_Scotland","/wiki/Scottish_art","/wiki/Scottish_clan","/wiki/Scottish_cuisine","/wiki/Education_in_Scotland","/wiki/Hogmanay","/wiki/Scottish_national_identity","/wiki/Scottish_inventions_and_discoveries","/wiki/Scottish_literature","/wiki/Music_of_Scotland","/wiki/Oldest_buildings_in_Scotland","/wiki/Royal_National_Mod","/wiki/Sport_in_Scotland","/wiki/Scottish_surnames","/wiki/National_symbols_of_Scotland","/wiki/National_anthem_of_Scotland","/wiki/Royal_coat_of_arms_of_Scotland","/wiki/List_of_Scottish_flags","/wiki/World_Heritage_Sites_in_Scotland","/wiki/Demographics_of_Scotland","/wiki/Languages_of_Scotland","/wiki/Highland_English","/wiki/Scottish_English","/wiki/Scottish_Gaelic","/wiki/Scottish_people","/wiki/List_of_Scots","/wiki/List_of_Scottish_actors","/wiki/Scottish_inventions_and_discoveries","/wiki/List_of_Scottish_musicians","/wiki/List_of_Scottish_scientists","/wiki/List_of_Scottish_writers","/wiki/Religion_in_Scotland","/wiki/Category:Christianity_in_Scotland","/wiki/Church_of_Scotland","/wiki/General_Assembly_of_the_Church_of_Scotland","/wiki/Roman_Catholicism_in_Scotland","/wiki/Scottish_Episcopal_Church","/wiki/Hinduism_in_Scotland","/wiki/Islam_in_Scotland","/wiki/History_of_the_Jews_in_Scotland","/wiki/Outline_of_Scotland","/wiki/Category:Scotland","/wiki/Portal:Scotland","/wiki/Wikipedia:WikiProject_Scotland","/wiki/Template:Northern_Ireland_topics","/wiki/Template_talk:Northern_Ireland_topics","//en.wikipedia.org/w/index.php?title=Template:Northern_Ireland_topics&action=edit","/wiki/Northern_Ireland","/wiki/History_of_Northern_Ireland","/wiki/Annals_of_Ulster","/wiki/Norman_invasion_of_Ireland","/wiki/Bruce_campaign_in_Ireland","/wiki/Black_Death","/wiki/Tudor_conquest_of_Ireland","/wiki/Nine_Years%27_War_(Ireland)","/wiki/Flight_of_the_Earls","/wiki/Plantation_of_Ulster","/wiki/Irish_Rebellion_of_1641","/wiki/Irish_Confederate_Wars","/wiki/Act_for_the_Settlement_of_Ireland_1652","/wiki/Williamite_War_in_Ireland","/wiki/Penal_Laws_(Ireland)","/wiki/Irish_Famine_(1740%E2%80%931741)","/wiki/Irish_Rebellion_of_1798","/wiki/Acts_of_Union_1800","/wiki/Tithe_War","/wiki/Great_Famine_(Ireland)","/wiki/Land_War","/wiki/Fenian_Rising","/wiki/Government_of_Ireland_Act_1914","/wiki/Easter_Rising","/wiki/Irish_War_of_Independence","/wiki/Anglo-Irish_Treaty","/wiki/Belfast_Blitz","/wiki/Northern_Campaign_(IRA)","/wiki/Border_Campaign_(IRA)","/wiki/The_Troubles","/wiki/Northern_Ireland_peace_process","/wiki/History_of_Belfast","/wiki/History_of_Derry","/wiki/File:BIThumbMap_NI.png","//upload.wikimedia.org/wikipedia/commons/thumb/6/65/BIThumbMap_NI.png/120px-BIThumbMap_NI.png","/wiki/Geography_of_Northern_Ireland","/wiki/Areas_of_Outstanding_Natural_Beauty_in_Northern_Ireland","/wiki/Counties_of_Northern_Ireland","/wiki/Northern_Ireland#Geography_and_climate","/wiki/List_of_National_Trust_properties_in_Northern_Ireland","/wiki/List_of_places_in_Northern_Ireland","/wiki/Giant%27s_Causeway","/wiki/Mourne_Mountains","/wiki/Governance_of_Northern_Ireland","/wiki/Acts_of_Union_1800","/wiki/Government_of_Ireland_Act_1920","/wiki/Parliament_of_Northern_Ireland","/wiki/List_of_Acts_of_the_Parliament_of_Northern_Ireland","/wiki/Secretary_of_State_for_Northern_Ireland","/wiki/Good_Friday_Agreement","/wiki/Northern_Ireland_Act_1998","/wiki/Northern_Ireland_Assembly","/wiki/List_of_Acts_of_the_Northern_Ireland_Assembly","/wiki/Northern_Ireland_flags_issue","/wiki/Local_government_in_Northern_Ireland","/wiki/List_of_Parliamentary_constituencies_in_Northern_Ireland","/wiki/Politics_of_Northern_Ireland","/wiki/Economy_of_Northern_Ireland","/wiki/Category:Banking_in_Northern_Ireland","/wiki/Bank_of_Ireland","/wiki/First_Trust_Bank","/wiki/Northern_Bank","/wiki/Ulster_Bank","/wiki/Transport_in_Northern_Ireland","/wiki/Category:Northern_Irish_society","/wiki/Culture_of_Northern_Ireland","/wiki/Education_in_Northern_Ireland","/wiki/Integrated_education","/wiki/Media_of_Northern_Ireland","/wiki/Parades_in_Northern_Ireland","/wiki/Ulster_Museum","/wiki/Northern_Ireland#Sport","/wiki/Association_football_in_Northern_Ireland","/wiki/Camogie","/wiki/Cricket_in_Ireland","/wiki/Gaelic_football","/wiki/Gaelic_handball","/wiki/Hurling","/wiki/Ulster_Rugby","/wiki/Demographics_of_Northern_Ireland","/wiki/Demographics_and_politics_of_Northern_Ireland","/wiki/Christianity_in_Ireland","/wiki/Association_of_Baptist_Churches_in_Ireland","/wiki/Roman_Catholicism_in_Ireland","/wiki/Church_of_Ireland","/wiki/Methodist_Church_in_Ireland","/wiki/Presbyterian_Church_in_Ireland","/wiki/Ethnic_minorities_in_Northern_Ireland","/wiki/Irish_language_in_Northern_Ireland","/wiki/List_of_Northern_Irish_people","/wiki/Ulster_Scots_dialects","/wiki/Coat_of_arms_of_Northern_Ireland","/wiki/C%C3%BAchulainn","/wiki/Flag_of_Northern_Ireland","/wiki/Northern_Ireland_flags_issue","/wiki/Flax","/wiki/Red_Hand_of_Ulster","/wiki/Outline_of_Northern_Ireland","/wiki/Index_of_Northern_Ireland-related_articles","/wiki/Category:Northern_Ireland","/wiki/Portal:Northern_Ireland","/wiki/Wikipedia:WikiProject_Northern_Ireland","http://en.wikipedia.org/w/index.php?title=Scots_language&oldid=543172301","/wiki/Help:Categories","/wiki/Category:Languages_with_ISO_639-2_code","/wiki/Category:Scots_language","/wiki/Category:Languages_of_Ireland","/wiki/Category:Languages_of_Scotland","/wiki/Category:English_languages","/wiki/Category:Subject%E2%80%93verb%E2%80%93object_languages","/wiki/Category:Language_versus_dialect","/wiki/Category:All_articles_with_unsourced_statements","/wiki/Category:Articles_with_unsourced_statements_from_February_2013","/wiki/Category:All_articles_with_dead_external_links","/wiki/Category:Articles_with_dead_external_links_from_October_2012","/wiki/Category:Vague_or_ambiguous_geographic_scope_from_February_2012","/wiki/Category:Articles_with_unsourced_statements_from_February_2012","/wiki/Category:Articles_containing_Old_English_language_text","/w/index.php?title=Special:UserLogin&returnto=Scots+language&type=signup","/w/index.php?title=Special:UserLogin&returnto=Scots+language","/wiki/Scots_language","/wiki/Talk:Scots_language","#","/wiki/Scots_language","/w/index.php?title=Scots_language&action=edit","/w/index.php?title=Scots_language&action=history","#","/w/index.php","//bits.wikimedia.org/static-1.21wmf11/skins/vector/images/search-ltr.png?303-4","/wiki/Main_Page","/wiki/Main_Page","/wiki/Portal:Contents","/wiki/Portal:Featured_content","/wiki/Portal:Current_events","/wiki/Special:Random","//donate.wikimedia.org/wiki/Special:FundraiserRedirector?utm_source=donate&utm_medium=sidebar&utm_campaign=C13_en.wikipedia.org&uselang=en","/wiki/Help:Contents","/wiki/Wikipedia:About","/wiki/Wikipedia:Community_portal","/wiki/Special:RecentChanges","/wiki/Wikipedia:Contact_us","/wiki/Special:WhatLinksHere/Scots_language","/wiki/Special:RecentChangesLinked/Scots_language","/wiki/Wikipedia:File_Upload_Wizard","/wiki/Special:SpecialPages","/w/index.php?title=Scots_language&oldid=543172301","/w/index.php?title=Scots_language&action=info","/w/index.php?title=Special:Cite&page=Scots_language&id=543172301","/w/index.php?title=Special:Book&bookcmd=book_creator&referer=Scots+language","/w/index.php?title=Special:Book&bookcmd=render_article&arttitle=Scots+language&oldid=543172301&writer=rl","/w/index.php?title=Scots_language&printable=yes","//af.wikipedia.org/wiki/Skots","//am.wikipedia.org/wiki/%E1%88%B5%E1%8A%AE%E1%89%B5%E1%8A%9B","//ang.wikipedia.org/wiki/Scotta_Englisc_spr%C7%A3c","//ar.wikipedia.org/wiki/%D8%A7%D9%84%D9%84%D8%BA%D8%A9_%D8%A7%D9%84%D8%A3%D8%B3%D9%83%D8%AA%D9%84%D9%86%D8%AF%D9%8A%D8%A9","//an.wikipedia.org/wiki/Idioma_anglico_escoc%C3%A9s","//ast.wikipedia.org/wiki/Escoc%C3%A9s_(llingua_xerm%C3%A1nica)","//az.wikipedia.org/wiki/%C5%9Eotland_(german)_dili","//bn.wikipedia.org/wiki/%E0%A6%B8%E0%A7%8D%E0%A6%95%E0%A6%9F%E0%A7%8D%E2%80%8C%E0%A6%B8_%E0%A6%AD%E0%A6%BE%E0%A6%B7%E0%A6%BE","//bs.wikipedia.org/wiki/%C5%A0kotski_jezik","//br.wikipedia.org/wiki/Skoteg","//ca.wikipedia.org/wiki/Scots","//cs.wikipedia.org/wiki/Skot%C5%A1tina","//cy.wikipedia.org/wiki/Sgoteg","//da.wikipedia.org/wiki/Skotsk_(sprog)","//de.wikipedia.org/wiki/Scots","//et.wikipedia.org/wiki/%C5%A0oti_keel","//el.wikipedia.org/wiki/%CE%A3%CE%BA%CF%89%CF%84%CE%B9%CE%BA%CE%AE_%CE%B3%CE%BB%CF%8E%CF%83%CF%83%CE%B1_(%CE%A3%CE%BA%CF%89%CF%84%CF%82)","//es.wikipedia.org/wiki/Escoc%C3%A9s_(lengua_germ%C3%A1nica)","//eo.wikipedia.org/wiki/Skota_lingvo","//eu.wikipedia.org/wiki/Eskoziera","//fa.wikipedia.org/wiki/%D8%A7%D8%B3%DA%A9%D8%A7%D8%AA%D8%B3","//fo.wikipedia.org/wiki/Skotskt_m%C3%A1l","//fr.wikipedia.org/wiki/Scots","//fy.wikipedia.org/wiki/Skotsk","//ga.wikipedia.org/wiki/An_Albainis","//gv.wikipedia.org/wiki/Baarle_Albinagh","//gd.wikipedia.org/wiki/A%27_Bheurla_Ghallda","//gl.wikipedia.org/wiki/Lingua_escocesa","//ko.wikipedia.org/wiki/%EC%8A%A4%EC%BD%94%ED%8A%B8%EC%96%B4","//hy.wikipedia.org/wiki/%D5%87%D5%B8%D5%BF%D5%AC%D5%A1%D5%B6%D5%A4%D5%A5%D6%80%D5%A5%D5%B6_(%D5%A1%D5%B5%D5%AC_%D5%AF%D5%AB%D6%80%D5%A1%D5%BC%D5%B8%D6%82%D5%B4%D5%B6%D5%A5%D6%80)","//hr.wikipedia.org/wiki/%C5%A0kotski_jezik","//io.wikipedia.org/wiki/Skotiana_linguo","//ia.wikipedia.org/wiki/Scots","//is.wikipedia.org/wiki/Skoska","//it.wikipedia.org/wiki/Lingua_scots","//he.wikipedia.org/wiki/%D7%A1%D7%A7%D7%95%D7%98%D7%99%D7%AA","//kw.wikipedia.org/wiki/Skots","//la.wikipedia.org/wiki/Lingua_Scotica_(Teutonica)","//lv.wikipedia.org/wiki/Skotu_valoda","//lt.wikipedia.org/wiki/%C5%A0kot%C5%B3_kalba","//lij.wikipedia.org/wiki/Lengua_scosseise","//li.wikipedia.org/wiki/Sjots","//lmo.wikipedia.org/wiki/Lengua_scots","//hu.wikipedia.org/wiki/Scots_nyelv","//mk.wikipedia.org/wiki/%D0%A8%D0%BA%D0%BE%D1%82%D1%81%D0%BA%D0%B8_%D1%98%D0%B0%D0%B7%D0%B8%D0%BA_(%D0%B3%D0%B5%D1%80%D0%BC%D0%B0%D0%BD%D1%81%D0%BA%D0%B8)","//mr.wikipedia.org/wiki/%E0%A4%B8%E0%A5%8D%E0%A4%95%E0%A5%89%E0%A4%9F%E0%A5%8D%E0%A4%B8_%E0%A4%AD%E0%A4%BE%E0%A4%B7%E0%A4%BE","//nl.wikipedia.org/wiki/Schots_(taal)","//nds-nl.wikipedia.org/wiki/Skots","//ja.wikipedia.org/wiki/%E3%82%B9%E3%82%B3%E3%83%83%E3%83%88%E3%83%A9%E3%83%B3%E3%83%89%E8%AA%9E","//no.wikipedia.org/wiki/Skotsk","//nn.wikipedia.org/wiki/Skotsk","//nrm.wikipedia.org/wiki/Scots","//oc.wikipedia.org/wiki/Scots_(lenga)","//pnb.wikipedia.org/wiki/%D8%B3%DA%A9%D8%A7%D9%B9%D8%B3_%D8%A8%D9%88%D9%84%DB%8C","//pms.wikipedia.org/wiki/Lenga_sc%C3%B2ts","//nds.wikipedia.org/wiki/Scots","//pl.wikipedia.org/wiki/J%C4%99zyk_scots","//pt.wikipedia.org/wiki/Scots","//ro.wikipedia.org/wiki/Limba_scots","//ru.wikipedia.org/wiki/%D0%A8%D0%BE%D1%82%D0%BB%D0%B0%D0%BD%D0%B4%D1%81%D0%BA%D0%B8%D0%B9_%D1%8F%D0%B7%D1%8B%D0%BA_(%D0%B3%D0%B5%D1%80%D0%BC%D0%B0%D0%BD%D1%81%D0%BA%D0%B8%D0%B9)","//sco.wikipedia.org/wiki/Scots_leid","//scn.wikipedia.org/wiki/Lingua_scuzzisa","//simple.wikipedia.org/wiki/Lowland_Scots_language","//sk.wikipedia.org/wiki/%C5%A0k%C3%B3t%C4%8Dina","//sl.wikipedia.org/wiki/Scots","//fi.wikipedia.org/wiki/Skotin_kieli","//sv.wikipedia.org/wiki/L%C3%A5gskotska","//ta.wikipedia.org/wiki/%E0%AE%9A%E0%AF%81%E0%AE%95%E0%AE%BE%E0%AE%A4%E0%AF%8D%E0%AE%A4%E0%AF%81_%E0%AE%AE%E0%AF%8A%E0%AE%B4%E0%AE%BF","//tt.wikipedia.org/wiki/%D0%A8%D0%BE%D1%82%D0%BB%D0%B0%D0%BD%D0%B4_%D1%82%D0%B5%D0%BB%D0%B5_(%D0%B3%D0%B5%D1%80%D0%BC%D0%B0%D0%BD)","//tr.wikipedia.org/wiki/%C4%B0sko%C3%A7%C3%A7a_(Cermen)","//uk.wikipedia.org/wiki/%D0%A8%D0%BE%D1%82%D0%BB%D0%B0%D0%BD%D0%B4%D1%81%D1%8C%D0%BA%D0%B0_%D1%80%D1%96%D0%B2%D0%BD%D0%B8%D0%BD%D0%BD%D0%B0_%D0%BC%D0%BE%D0%B2%D0%B0","//zh.wikipedia.org/wiki/%E4%BD%8E%E5%9C%B0%E8%98%87%E6%A0%BC%E8%98%AD%E8%AA%9E","//www.wikidata.org/wiki/Special:ItemByTitle/enwiki/Scots language","//en.wikipedia.org/wiki/Wikipedia:Text_of_Creative_Commons_Attribution-ShareAlike_3.0_Unported_License","//creativecommons.org/licenses/by-sa/3.0/","//wikimediafoundation.org/wiki/Terms_of_Use","//www.wikimediafoundation.org/","//en.wikipedia.org/wiki/Wikipedia:Contact_us","//wikimediafoundation.org/wiki/Privacy_policy","/wiki/Wikipedia:About","/wiki/Wikipedia:General_disclaimer","http://en.m.wikipedia.org/wiki/Scots_language","//wikimediafoundation.org/","//bits.wikimedia.org/images/wikimedia-button.png","//www.mediawiki.org/","//bits.wikimedia.org/static-1.21wmf11/skins/common/images/poweredby_mediawiki_88x31.png","//bits.wikimedia.org/en.wikipedia.org/load.php?debug=false&lang=en&modules=skins.vector&only=scripts&skin=vector&*","/w/index.php?title=MediaWiki:Gadget-ReferenceTooltips.js&action=raw&ctype=text/javascript&508635914","//bits.wikimedia.org/en.wikipedia.org/load.php?debug=false&lang=en&modules=site&only=scripts&skin=vector&*"],"instances":["actor","poet","poet","british_coin","poet","classicist","poet","grammar","officer_of_arms","linguistics","scotland","poet","writer","judge","language","language","linguistics"],"pdf":["http://www.coe.int/t/e/human_rights/minorities/2._framework_convention_%28monitoring%29/2._monitoring_mechanism/3._state_reports_and_unmik_kosovo_report/2._second_cycle/PDF_2nd_SR_UK_en.pdf","http://www.coe.int/t/e/human_rights/minorities/2._framework_convention_%28monitoring%29/2._monitoring_mechanism/3._state_reports_and_unmik_kosovo_report/2._second_cycle/PDF_2nd_SR_UK_en.pdf","http://www.scuilwab.org.uk/assets/TheHistoryOScots-1.pdf","http://www.scuilwab.org.uk/assets/TheHistoryOScots-1.pdf","http://www.scots-online.org/airticles/AwAeWey.pdf","http://www.scots-online.org/airticles/AwAeWey.pdf","http://dspace.nitle.org/bitstream/10090/811/1/s10intl2007kilborn.pdf"],"categories":["Scots language|","Languages of Ireland","Languages of Scotland","English languages","Subject–verb–object languages","Language versus dialect"],"headings":["Nomenclature","History","Status","Number of speakers","Literature","Orthography","Grammar","Phonology","See also","References","External links"],"image":["//upload.wikimedia.org/wikipedia/commons/thumb/1/10/Flag_of_Scotland.svg/22px-Flag_of_Scotland.svg.png","//upload.wikimedia.org/wikipedia/en/thumb/a/ae/Flag_of_the_United_Kingdom.svg/22px-Flag_of_the_United_Kingdom.svg.png","//upload.wikimedia.org/wikipedia/commons/thumb/a/a3/ScotsLanguageMap.png/300px-ScotsLanguageMap.png","//upload.wikimedia.org/wikipedia/commons/thumb/9/96/History_of_Scots_in_Scotland_and_Ulster.png/220px-History_of_Scots_in_Scotland_and_Ulster.png","//bits.wikimedia.org/static-1.21wmf11/skins/common/images/magnify-clip.png","//upload.wikimedia.org/wikipedia/commons/thumb/2/24/LufeGodAbufeAlAndYiNychtbourAsYiSelf_JohnKnoxHouse200411_CopyrightKaihsuTai.jpg/220px-LufeGodAbufeAlAndYiNychtbourAsYiSelf_JohnKnoxHouse200411_CopyrightKaihsuTai.jpg","//bits.wikimedia.org/static-1.21wmf11/skins/common/images/magnify-clip.png","//upload.wikimedia.org/wikipedia/commons/thumb/2/23/AU_Burns_Canberra.jpg/220px-AU_Burns_Canberra.jpg","//bits.wikimedia.org/static-1.21wmf11/skins/common/images/magnify-clip.png","//upload.wikimedia.org/wikipedia/en/thumb/4/4a/Commons-logo.svg/30px-Commons-logo.svg.png","//upload.wikimedia.org/wikipedia/commons/thumb/d/df/Wikibooks-logo-en-noslogan.svg/40px-Wikibooks-logo-en-noslogan.svg.png","//upload.wikimedia.org/wikipedia/en/thumb/8/80/Wikipedia-logo-v2.svg/40px-Wikipedia-logo-v2.svg.png","//upload.wikimedia.org/wikipedia/commons/thumb/6/65/BIThumbMap_NI.png/120px-BIThumbMap_NI.png","//bits.wikimedia.org/static-1.21wmf11/skins/vector/images/search-ltr.png?303-4","//bits.wikimedia.org/images/wikimedia-button.png","//bits.wikimedia.org/static-1.21wmf11/skins/common/images/poweredby_mediawiki_88x31.png"],"tags":[["variety","linguistics"],["gaelic","language"],["irish","language"],["northumbrian","anglo-saxon"],["william_flower","officer_of_arms"],["alexander_boswell","judge"],["thomas_sheridan","actor"],["guinea","british_coin"],["john_barbour","poet"],["allan_ramsay","poet"],["james_orr","poet"],["douglas_young","classicist"],["alexander_gray","poet"],["charles_murray","poet"],["john_barbour","poet"],["article","grammar"],["negation","linguistics"],["doric_dialect","scotland"],["billy_kay","writer"]],"members":["thomas_sheridan","james_orr","charles_murray","guinea","allan_ramsay","northumbrian","douglas_young","alexander_gray","article","william_flower","variety","doric_dialect","john_barbour","billy_kay","alexander_boswell","gaelic","irish","negation"],"related":["United_Kingdom","Republic_of_Ireland","Scottish_Lowlands","Northern_Isles","Caithness","Isle_of_Arran","Campbeltown","Counties_of_Ireland","County_Down","County_Antrim","County_Londonderry","County_Donegal","Germanic_languages","West_Germanic_languages","Anglo-Frisian_languages","English_languages","Early_Scots","Middle_Scots","Scottish_Government","European_Charter_for_Regional_or_Minority_Languages","United_Kingdom","Scotland","Ireland","Good_Friday_Agreement","Central_Scots","Southern_Scots","Ulster_Scots_dialects","Northern_Scots","Insular_Scots","Latin_script","Germanic_languages","Natural_language","Variety_(linguistics)","Scottish_Lowlands","Scotland","Ulster","Ulster_Scots_dialects","Scottish_Gaelic","Celtic_language","Scottish_Highlands","Hebrides","Language","Dialect","A.J._Aitken","Scottish_English","English_language","Germanic_language","Norwegian_language","Danish_language","Scottish_Government","Vernacular","Mid_Northern_Scots","A.J._Aitken","Modern_Scots","Lallans","Literary_language","Ulster_Scots_dialects","Neologism","Early_Scots","Old_English","Germanic_umlaut","Gaelic_(language)","Irish_(language)","William_Dunbar","Gavin_Douglas","Scottish_Gaelic","Northumbrian_(Anglo-Saxon)","Old_English","River_Forth","Anglo-Saxon","Northumbria","Dictionary_of_the_Older_Scottish_Tongue","Middle_Irish","List_of_Scottish_monarchs","Middle_English","Early_Scots","Northumbria","Old_Norse_language","Romance_language","Latin","Norman_language","French_language","Auld_Alliance","Dutch_language","Middle_Low_German","Low_Countries","Middle_Irish","Scottish_Gaelic","Burgh","David_I_of_Scotland","Prestige_dialect","Middle_Scots","Plantation_of_Ulster","Modern_Scots","Modern_English","John_Knox_House","Edinburgh","Treaty_of_Union_1707","Kingdom_of_Great_Britain","Sister_language","Pluricentric_language","Diasystem","Heinz_Kloss","Scottish_English","Diglossia","Code-switching","Regional_language","European_Charter_for_Regional_or_Minority_Languages","Orthography","Parliament_of_Scotland","Standard_English","William_Flower_(officer_of_arms)","Mary_of_Guise","James_I_of_England","Authorized_King_James_Version","Acts_of_Union_1707","London","David_Hume","Frederick_Albert_Pottle","James_Boswell","Alexander_Boswell_(judge)","College_of_Justice","Scottish_Enlightenment","Adam_Smith","Thomas_Sheridan_(actor)","Elocution","Guinea_(British_coin)","Edinburgh","Scottish_English","Canberra,_Australia","Literary_language","Robert_Burns","Language_policy","Language_attrition","Mass_media","Second_World_War","Language_shift","Language_change","Language_convergence","Language_merger","Language_death","Slang","Scottish_Government","Medium_of_instruction","Burns_supper","Scottish_Parliament","United_Kingdom_Census_2001","General_Register_Office_for_Scotland","University_of_Aberdeen","Aberdeen_University","Census","Scottish_Government","John_Barbour_(poet)","Wyntoun","Blind_Harry","University_of_St_Andrews","Robert_Henryson","William_Dunbar","Gavin_Douglas","David_Lyndsay","Middle_Scots","Virgil","Border_ballads","Robert_Sempill","Robert_Sempill_the_younger","Francis_Sempill","Grizel_Baillie","Allan_Ramsay_(poet)","Robert_Burns","James_Orr_(poet)","Robert_Fergusson","Walter_Scott","Auld_Lang_Syne","Robert_Louis_Stevenson","George_MacDonald","J._M._Barrie","Kailyard_school","Ian_Maclaren","Victorian_era","Scottish_Renaissance","Hugh_MacDiarmid","A_Drunk_Man_Looks_at_the_Thistle","Douglas_Young_(classicist)","John_Buchan,_1st_Baron_Tweedsmuir","Sidney_Goodsir_Smith","Robert_Garioch","Edith_Anne_Robertson","Robert_McLellan","Ayrshire","Ayr_Academy","Ayr","Cumnock_Academy","Nursery_rhyme","Alexander_Gray_(poet)","William_Laughton_Lorimer","New_Testament","Irvine_Welsh","Matthew_Fitt","Cyberpunk","Neologism","Catullus","Liz_Lochhead","Molière","J._K._Annand","Orthography","Early_Scots","Union_of_the_Crowns","Standard_English","Acts_of_Union_1707","Scottish_English","Literary_language","Apologetic_apostrophe","Consonant","Cognate","Authorized_King_James_Version","Augustan_literature","Charles_Murray_(poet)","David_Herbison","James_Hogg","William_Laidlaw","Apologetic_apostrophe","John_Barbour_(poet)","Cognate","Subject–verb–object","Standard_English","Article_(grammar)","Possessive_pronoun","Plural","Noun","Relative_pronoun","Present_tense","Verb","Northern_subject_rule","Germanic_strong_verb","Irregular_verb","Germanic_weak_verb","Regular_verb","Present_participle","Gerund","Negation_(linguistics)","Adverb","Adjective","Phonological_history_of_Scots","A.J._Aitken","Vowel_length","Scottish_Vowel_Length_Rule","Bilabial_consonant","Labiodental_consonant","Interdental_consonant","Alveolar_consonant","Postalveolar_consonant","Palatal_consonant","Velar_consonant","Labial-velar_consonant","Glottal_consonant","Yogh","Rhotic_consonant","Nasal_stop","Stop_consonant","Affricate_consonant","Fricative_consonant","Approximant_consonant","Trill_consonant","Lateral_consonant","Bungi_creole","Metis_people","Dictionary_of_the_Scots_Language","Doric_dialect_(Scotland)","Glasgow_patter","Billy_Kay_(writer)","Lallans","Languages_of_the_United_Kingdom","Modern_Scots","Phonological_history_of_Scots","Report_and_Recommendations_of_the_Scots_Spelling_Committee","Scotticism","Scottish_Corpus_of_Texts_and_Speech","Scottish_English","Scottish_literature","Eastern_Michigan_University","Wayne_State_University","University_of_California","Multimedia","Text_corpus","Scottish_English"]}