{"cursor":"10806","size":15,"audio":[],"currentlang":"en","article":"A 'caller' is a person who prompts dance figures in such dances as line dance,\nsquare dance, and contra dance. The caller might be one of the participating\ndancers, though in modern country dance this is rare.\n\nIn round dance a person who performs this function is called a 'cuer'. Their\nrole is fundamentally the same as a caller, in that they tell dancers what to do\nin a given dance, though they differ on several smaller points.\n","linknr":131,"url":"Caller_(dancing)","recorded":1363509776,"links":["/w/index.php?title=Caller_(dancing)&action=edit","/w/index.php?title=Caller_(dancing)&action=edit","//en.wikipedia.org/apple-touch-icon.png","//bits.wikimedia.org/favicon/wikipedia.ico","/w/opensearch_desc.php","//en.wikipedia.org/w/api.php?action=rsd","//creativecommons.org/licenses/by-sa/3.0/","/w/index.php?title=Special:RecentChanges&feed=atom","//bits.wikimedia.org/en.wikipedia.org/load.php?debug=false&lang=en&modules=ext.gadget.DRN-wizard%2CReferenceTooltips%2Ccharinsert%2Cteahouse%7Cext.wikihiero%7Cmediawiki.legacy.commonPrint%2Cshared%7Cmw.PopUpMediaTransform%7Cskins.vector&only=styles&skin=vector&*","//bits.wikimedia.org/en.wikipedia.org/load.php?debug=false&lang=en&modules=site&only=styles&skin=vector&*","//bits.wikimedia.org/en.wikipedia.org/load.php?debug=false&lang=en&modules=startup&only=scripts&skin=vector&*","//bits.wikimedia.org/geoiplookup","//meta.wikimedia.org","#mw-head","#p-search","/wiki/Dance_figure","/wiki/Line_dance","/wiki/Square_dance","/wiki/Contra_dance","/wiki/Country_dancing","/wiki/Round_dance","#Comparing_callers_and_cuers","#The_modern_Western_square_dance_caller","#Call_types","#Patter_calls","#Singing_calls","#Programming","#Training_to_call","#The_round_dance_cuer","#The_Salsa_Rueda_caller","#See_also","#References","#External_links","/w/index.php?title=Caller_(dancing)&action=edit&section=1","/wiki/Improvisation","/wiki/Round_dance","/wiki/Modern_Western_square_dance","/wiki/Salsa_Rueda","/w/index.php?title=Caller_(dancing)&action=edit&section=2","/wiki/Modern_Western_square_dance","/wiki/Choreography","/wiki/Patter","/wiki/Right_and_Left_Grand","/wiki/Promenade_(dance_move)","/w/index.php?title=Caller_(dancing)&action=edit&section=3","/w/index.php?title=Caller_(dancing)&action=edit&section=4","/wiki/Patter","/w/index.php?title=Caller_(dancing)&action=edit&section=5","/wiki/Beat_(music)","/wiki/Square_dance_program","#cite_note-1","/w/index.php?title=Caller_(dancing)&action=edit&section=6","/w/index.php?title=Caller_(dancing)&action=edit&section=7","/wiki/Teacher","/wiki/Partner_dance","/wiki/Callerlab","/w/index.php?title=Caller_(dancing)&action=edit&section=8","/wiki/Round_dance","/wiki/Salsa_Rueda","/wiki/Modern_Western_square_dance","/wiki/Country_dance","/w/index.php?title=Caller_(dancing)&action=edit&section=9","/wiki/Salsa_Rueda","/wiki/Hand_sign","/w/index.php?title=Caller_(dancing)&action=edit&section=10","/wiki/Callerlab","/wiki/Modern_Western_square_dance","/wiki/Round_dance","/wiki/Salsa_Rueda","/wiki/Traditional_square_dance","/wiki/Contra_dance","/w/index.php?title=Caller_(dancing)&action=edit&section=11","#cite_ref-1","http://tiac.net/~mabaker/winchester.html","/w/index.php?title=Caller_(dancing)&action=edit&section=12","http://www.callerlab.org","http://en.wikipedia.org/w/index.php?title=Caller_(dancing)&oldid=543499277","/wiki/Help:Categories","/wiki/Category:Dance_occupations","/wiki/Category:Square_dance","/w/index.php?title=Special:UserLogin&returnto=Caller+%28dancing%29&type=signup","/w/index.php?title=Special:UserLogin&returnto=Caller+%28dancing%29","/wiki/Caller_(dancing)","/wiki/Talk:Caller_(dancing)","#","/wiki/Caller_(dancing)","/w/index.php?title=Caller_(dancing)&action=edit","/w/index.php?title=Caller_(dancing)&action=history","#","/w/index.php","//bits.wikimedia.org/static-1.21wmf11/skins/vector/images/search-ltr.png?303-4","/wiki/Main_Page","/wiki/Main_Page","/wiki/Portal:Contents","/wiki/Portal:Featured_content","/wiki/Portal:Current_events","/wiki/Special:Random","//donate.wikimedia.org/wiki/Special:FundraiserRedirector?utm_source=donate&utm_medium=sidebar&utm_campaign=C13_en.wikipedia.org&uselang=en","/wiki/Help:Contents","/wiki/Wikipedia:About","/wiki/Wikipedia:Community_portal","/wiki/Special:RecentChanges","/wiki/Wikipedia:Contact_us","/wiki/Special:WhatLinksHere/Caller_(dancing)","/wiki/Special:RecentChangesLinked/Caller_(dancing)","/wiki/Wikipedia:File_Upload_Wizard","/wiki/Special:SpecialPages","/w/index.php?title=Caller_(dancing)&oldid=543499277","/w/index.php?title=Caller_(dancing)&action=info","/w/index.php?title=Special:Cite&page=Caller_%28dancing%29&id=543499277","/w/index.php?title=Special:Book&bookcmd=book_creator&referer=Caller+%28dancing%29","/w/index.php?title=Special:Book&bookcmd=render_article&arttitle=Caller+%28dancing%29&oldid=543499277&writer=rl","/w/index.php?title=Caller_(dancing)&printable=yes","//de.wikipedia.org/wiki/Caller","//sv.wikipedia.org/wiki/Caller","//www.wikidata.org/wiki/Special:ItemByTitle/enwiki/Caller (dancing)","//en.wikipedia.org/wiki/Wikipedia:Text_of_Creative_Commons_Attribution-ShareAlike_3.0_Unported_License","//creativecommons.org/licenses/by-sa/3.0/","//wikimediafoundation.org/wiki/Terms_of_Use","//www.wikimediafoundation.org/","//en.wikipedia.org/wiki/Wikipedia:Contact_us","//wikimediafoundation.org/wiki/Privacy_policy","/wiki/Wikipedia:About","/wiki/Wikipedia:General_disclaimer","http://en.m.wikipedia.org/wiki/Caller_(dancing)","//wikimediafoundation.org/","//bits.wikimedia.org/images/wikimedia-button.png","//www.mediawiki.org/","//bits.wikimedia.org/static-1.21wmf11/skins/common/images/poweredby_mediawiki_88x31.png","//bits.wikimedia.org/en.wikipedia.org/load.php?debug=false&lang=en&modules=skins.vector&only=scripts&skin=vector&*","/w/index.php?title=MediaWiki:Gadget-ReferenceTooltips.js&action=raw&ctype=text/javascript&508635914","//bits.wikimedia.org/en.wikipedia.org/load.php?debug=false&lang=en&modules=site&only=scripts&skin=vector&*"],"instances":["dance_move","music"],"pdf":[],"categories":["Dance occupations","Square dance"],"headings":["Comparing callers and cuers","The modern Western square dance caller","The round dance cuer","The Salsa Rueda caller","See also","References","External links"],"image":["//bits.wikimedia.org/static-1.21wmf11/skins/vector/images/search-ltr.png?303-4","//bits.wikimedia.org/images/wikimedia-button.png","//bits.wikimedia.org/static-1.21wmf11/skins/common/images/poweredby_mediawiki_88x31.png"],"tags":[["promenade","dance_move"],["beat","music"]],"members":["promenade","beat"],"related":["Dance_figure","Line_dance","Square_dance","Contra_dance","Country_dancing","Round_dance","Improvisation","Round_dance","Modern_Western_square_dance","Salsa_Rueda","Modern_Western_square_dance","Choreography","Patter","Right_and_Left_Grand","Promenade_(dance_move)","Patter","Beat_(music)","Square_dance_program","Teacher","Partner_dance","Callerlab","Round_dance","Salsa_Rueda","Modern_Western_square_dance","Country_dance","Salsa_Rueda","Hand_sign","Callerlab","Modern_Western_square_dance","Round_dance","Salsa_Rueda","Traditional_square_dance","Contra_dance"]}