{"cursor":"1587","size":15,"audio":[],"currentlang":"en","article":"'PMP' may mean several things:\n\n* Perlman Music Program, a six-week summer residential course in Shelter\n  Island, New York\n* Pompano Beach Airpark, an airport which is home to the Goodyear blimp\n* Pretoria Metal Pressings, a division of weapons manufacturer Denel\n* Prime Material Plane, the central plane of existence in the Dungeons & Dragons\n  role-playing game\n* Pwersa ng Masang Pilipino, a Filipino political party\n* Proto-Malayo-Polynesian language\n","linknr":115,"url":"pmp","recorded":1363513503,"links":["/w/index.php?title=PMP&action=edit","/w/index.php?title=PMP&action=edit","//en.wikipedia.org/apple-touch-icon.png","//bits.wikimedia.org/favicon/wikipedia.ico","/w/opensearch_desc.php","//en.wikipedia.org/w/api.php?action=rsd","//creativecommons.org/licenses/by-sa/3.0/","/w/index.php?title=Special:RecentChanges&feed=atom","/wiki/PMP","//bits.wikimedia.org/en.wikipedia.org/load.php?debug=false&lang=en&modules=ext.gadget.DRN-wizard%2CReferenceTooltips%2Ccharinsert%2Cteahouse%7Cext.wikihiero%7Cmediawiki.legacy.commonPrint%2Cshared%7Cmw.PopUpMediaTransform%7Cskins.vector&only=styles&skin=vector&*","//bits.wikimedia.org/en.wikipedia.org/load.php?debug=false&lang=en&modules=site&only=styles&skin=vector&*","//bits.wikimedia.org/en.wikipedia.org/load.php?debug=false&lang=en&modules=startup&only=scripts&skin=vector&*","//bits.wikimedia.org/geoiplookup","//meta.wikimedia.org","/w/index.php?title=Pmp&redirect=no","#mw-head","#p-search","/wiki/Perlman_Music_Program","/wiki/Shelter_Island_(town),_New_York","/wiki/Pompano_Beach_Airpark","/w/index.php?title=Pretoria_Metal_Pressings&action=edit&redlink=1","/wiki/Denel","/wiki/Prime_Material_Plane","/wiki/Pwersa_ng_Masang_Pilipino","/wiki/Proto-Malayo-Polynesian_language","#Technology","#Healthcare","#Biology_and_chemistry","#Management","/w/index.php?title=PMP&action=edit&section=1","/wiki/NAT_Port_Mapping_Protocol","/wiki/Pic_Micro_Pascal","/wiki/Point-to-multipoint_communication_(telecommunications)","/wiki/Port_multiplier","/wiki/Portable_media_player","/wiki/Protected_Media_Path","/w/index.php?title=PMP&action=edit&section=2","/wiki/Acronyms_in_healthcare","/wiki/Pseudomyxoma_peritonei","/w/index.php?title=PMP&action=edit&section=3","/wiki/Pharming_(genetics)","/w/index.php?title=P-methoxyphenyl&action=edit&redlink=1","/wiki/Protecting_group","/wiki/Polymethylpentene","/w/index.php?title=PMP&action=edit&section=4","/wiki/Project_management_plan","/wiki/Project_Management_Professional","/wiki/File:Disambig_gray.svg","//upload.wikimedia.org/wikipedia/en/thumb/5/5f/Disambig_gray.svg/30px-Disambig_gray.svg.png","/wiki/Help:Disambiguation","//en.wikipedia.org/w/index.php?title=Special:WhatLinksHere/PMP&namespace=0","http://en.wikipedia.org/w/index.php?title=PMP&oldid=541339742","/wiki/Help:Categories","/wiki/Category:Disambiguation_pages","/wiki/Category:All_article_disambiguation_pages","/wiki/Category:All_disambiguation_pages","/wiki/Category:Article_Feedback_Blacklist","/w/index.php?title=Special:UserLogin&returnto=PMP&type=signup","/w/index.php?title=Special:UserLogin&returnto=PMP","/wiki/PMP","/wiki/Talk:PMP","#","/wiki/PMP","/w/index.php?title=PMP&action=edit","/w/index.php?title=PMP&action=history","#","/w/index.php","//bits.wikimedia.org/static-1.21wmf10/skins/vector/images/search-ltr.png?303-4","/wiki/Main_Page","/wiki/Main_Page","/wiki/Portal:Contents","/wiki/Portal:Featured_content","/wiki/Portal:Current_events","/wiki/Special:Random","//donate.wikimedia.org/wiki/Special:FundraiserRedirector?utm_source=donate&utm_medium=sidebar&utm_campaign=C13_en.wikipedia.org&uselang=en","/wiki/Help:Contents","/wiki/Wikipedia:About","/wiki/Wikipedia:Community_portal","/wiki/Special:RecentChanges","/wiki/Wikipedia:Contact_us","/wiki/Special:WhatLinksHere/PMP","/wiki/Special:RecentChangesLinked/PMP","/wiki/Wikipedia:File_Upload_Wizard","/wiki/Special:SpecialPages","/w/index.php?title=PMP&oldid=541339742","/w/index.php?title=PMP&action=info","/w/index.php?title=Special:Cite&page=PMP&id=541339742","/w/index.php?title=Special:Book&bookcmd=book_creator&referer=PMP","/w/index.php?title=Special:Book&bookcmd=render_article&arttitle=PMP&oldid=541339742&writer=rl","/w/index.php?title=PMP&printable=yes","//de.wikipedia.org/wiki/PMP","//es.wikipedia.org/wiki/PMP","//fr.wikipedia.org/wiki/PMP","//ko.wikipedia.org/wiki/PMP","//it.wikipedia.org/wiki/PMP","//nl.wikipedia.org/wiki/PMP","//ja.wikipedia.org/wiki/PMP_(%E6%9B%96%E6%98%A7%E3%81%95%E5%9B%9E%E9%81%BF)","//pt.wikipedia.org/wiki/PMP","//sv.wikipedia.org/wiki/PMP","//www.wikidata.org/wiki/Special:ItemByTitle/enwiki/PMP","//en.wikipedia.org/wiki/Wikipedia:Text_of_Creative_Commons_Attribution-ShareAlike_3.0_Unported_License","//creativecommons.org/licenses/by-sa/3.0/","//wikimediafoundation.org/wiki/Terms_of_Use","//www.wikimediafoundation.org/","//en.wikipedia.org/wiki/Wikipedia:Contact_us","//wikimediafoundation.org/wiki/Privacy_policy","/wiki/Wikipedia:About","/wiki/Wikipedia:General_disclaimer","http://en.m.wikipedia.org/wiki/PMP","//wikimediafoundation.org/","//bits.wikimedia.org/images/wikimedia-button.png","//www.mediawiki.org/","//bits.wikimedia.org/static-1.21wmf10/skins/common/images/poweredby_mediawiki_88x31.png","//bits.wikimedia.org/en.wikipedia.org/load.php?debug=false&lang=en&modules=skins.vector&only=scripts&skin=vector&*","/w/index.php?title=MediaWiki:Gadget-ReferenceTooltips.js&action=raw&ctype=text/javascript&508635914","//bits.wikimedia.org/en.wikipedia.org/load.php?debug=false&lang=en&modules=site&only=scripts&skin=vector&*"],"instances":["genetics","telecommunications"],"pdf":[],"categories":[],"headings":["Technology","Healthcare","Biology and chemistry","Management"],"image":["//upload.wikimedia.org/wikipedia/en/thumb/5/5f/Disambig_gray.svg/30px-Disambig_gray.svg.png","//bits.wikimedia.org/static-1.21wmf10/skins/vector/images/search-ltr.png?303-4","//bits.wikimedia.org/images/wikimedia-button.png","//bits.wikimedia.org/static-1.21wmf10/skins/common/images/poweredby_mediawiki_88x31.png"],"tags":[["shelter_island","town,_new_york"],["point-to-multipoint_communication","telecommunications"],["pharming","genetics"]],"members":["pharming","shelter_island"],"related":["Perlman_Music_Program","Shelter_Island_(town),_New_York","Pompano_Beach_Airpark","Pretoria_Metal_Pressings","Denel","Prime_Material_Plane","Pwersa_ng_Masang_Pilipino","Proto-Malayo-Polynesian_language","NAT_Port_Mapping_Protocol","Pic_Micro_Pascal","Point-to-multipoint_communication_(telecommunications)","Port_multiplier","Portable_media_player","Protected_Media_Path","Acronyms_in_healthcare","Pseudomyxoma_peritonei","Pharming_(genetics)","P-methoxyphenyl","Protecting_group","Polymethylpentene","Project_management_plan","Project_Management_Professional"]}