{"cursor":"15468","size":15,"audio":[],"currentlang":"en","article":"\n\nThe term 'charisma' (pronounced ; pl. charismata, adj. charismatic) has two\nsenses: (1) compelling attractiveness or charm that can inspire devotion in\nothers, (2) a divinely conferred power or talent. New Oxford American\nDictionary, edited by Angus Stevenson and Christine A. Lindberg. Oxford\nUniversity Press, 2010. For some theological usages the term is rendered\n[[charism]], with a meaning the same as sense 2. Oxford Dictionary of\nEnglish, edited by Angus Stevenson. Oxford University Press, 2010. Since\nthe 1950s, the term has become widely used, with varying meanings, in religion,\nthe social sciences, the media, and throughout Western societies. This article\ndescribes the theological and personality senses of the definition of charisma,\nthe history of the term, and 21st century uses of both senses in particular\nsectors of society.\n","linknr":272,"url":"Charisma","recorded":1364194469,"links":["/w/index.php?title=Charisma&action=edit","/w/index.php?title=Charisma&action=edit","//en.wikipedia.org/apple-touch-icon.png","//bits.wikimedia.org/favicon/wikipedia.ico","/w/opensearch_desc.php","//en.wikipedia.org/w/api.php?action=rsd","//creativecommons.org/licenses/by-sa/3.0/","/w/index.php?title=Special:RecentChanges&feed=atom","//bits.wikimedia.org/en.wikipedia.org/load.php?debug=false&lang=en&modules=ext.gadget.DRN-wizard%2CReferenceTooltips%2Ccharinsert%2Cteahouse%7Cext.wikihiero%7Cmediawiki.legacy.commonPrint%2Cshared%7Cmw.PopUpMediaTransform%7Cskins.vector&only=styles&skin=vector&*","//bits.wikimedia.org/en.wikipedia.org/load.php?debug=false&lang=en&modules=site&only=styles&skin=vector&*","//bits.wikimedia.org/en.wikipedia.org/load.php?debug=false&lang=en&modules=startup&only=scripts&skin=vector&*","//bits.wikimedia.org/geoiplookup","//meta.wikimedia.org","#mw-head","#p-search","/wiki/Charisma_(disambiguation)","/wiki/Help:IPA_for_English","#cite_note-1","/wiki/Theological","/wiki/Charism","#cite_note-2","#Etymology","#History","#Divinely_conferred_charisma","#Secular_history","#21st-century_religion","#Pentecostal_and_Charismatic_Christianity","#See_also","#References","#External_links","/w/index.php?title=Charisma&action=edit&section=1","/wiki/Ancient_Greek","#cite_note-OED-3","#cite_note-4","/wiki/Koine_Greek","/wiki/Ancient_Rome","#cite_note-Ebertz-5","/wiki/Ancient_Greek","/wiki/Greek_mythology","/wiki/Charites","/wiki/Theologians","/wiki/Social_scientists","#cite_note-6","/w/index.php?title=Charisma&action=edit&section=2","/w/index.php?title=Charisma&action=edit&section=3","/wiki/Hebrew_Bible","/wiki/Bible","/wiki/Hebrew_Bible","/wiki/Koine_Greek#Biblical_Koine","#cite_note-Scheper-7","#cite_note-8","/wiki/1_Corinthians","/wiki/Paul_the_Apostle","#cite_note-9","#cite_note-10","/wiki/New_Testament","/wiki/Epistle","/wiki/1_Corinthians","/wiki/Koine_Greek","/wiki/2_Corinthians","/wiki/1_Timothy","/wiki/2_Timothy","#cite_note-Ebertz-5","#cite_note-11","#cite_note-12","/wiki/Gospel","/wiki/Jesus","/wiki/Baptism_of_Jesus","/wiki/Transfiguration_of_Jesus","/wiki/Gabriel","/wiki/Mary_(mother_of_Jesus)","#cite_note-Scheper-7","/wiki/Early_Christians","#cite_note-Benz-13","#cite_note-Benz-13","/wiki/Christian_Church","#cite_note-14","#cite_note-15","/wiki/Western_Christianity","/wiki/God_in_Christianity","/wiki/Holy_Spirit","/wiki/Protestantism","/wiki/Catholic","/wiki/Theology","/wiki/Early_Christianity","#cite_note-16","#cite_note-17","/wiki/Pentecostalism","/wiki/Charismatic_movements","#21st_century_religion","/w/index.php?title=Charisma&action=edit&section=4","/wiki/Germans","/wiki/Sociologist","/wiki/Max_Weber","/wiki/Rudolph_Sohm","/wiki/Germans","/wiki/Church_historian","#cite_note-18","#cite_note-19","/wiki/The_Protestant_Ethic_and_the_Spirit_of_Capitalism","/wiki/Sociology_of_Religion_(book)","#cite_note-20","/wiki/Charismatic_authority","#cite_note-21","#cite_note-22","#cite_note-23","#cite_note-MacRae-24","#cite_note-25","#cite_note-26","#cite_note-MacRae-24","#cite_note-27","#cite_note-28","#cite_note-29","#cite_note-30","#cite_note-31","/w/index.php?title=Charisma&action=edit&section=5","/w/index.php?title=Charisma&action=edit&section=6","/wiki/Charismatic_Movement","/wiki/Christianity","/w/index.php?title=Charisma&action=edit&section=7","/wiki/Charismatic_authority","/wiki/Charm_offensive","/wiki/Superficial_charm","/wiki/Trait_leadership","/w/index.php?title=Charisma&action=edit&section=8","#cite_ref-1","#cite_ref-2","#cite_ref-OED_3-0","#cite_ref-4","#cite_ref-Ebertz_5-0","#cite_ref-Ebertz_5-1","#cite_ref-6","#cite_ref-Scheper_7-0","#cite_ref-Scheper_7-1","#cite_ref-8","#cite_ref-9","#cite_ref-10","#cite_ref-11","#cite_ref-12","#cite_ref-Benz_13-0","#cite_ref-Benz_13-1","#cite_ref-14","#cite_ref-15","#cite_ref-16","#cite_ref-17","#cite_ref-18","#cite_ref-19","#cite_ref-20","#cite_ref-21","#cite_ref-22","#cite_ref-23","#cite_ref-MacRae_24-0","#cite_ref-MacRae_24-1","#cite_ref-25","#cite_ref-26","#cite_ref-27","#cite_ref-28","#cite_ref-29","#cite_ref-30","#cite_ref-31","/w/index.php?title=Charisma&action=edit&section=9","http://www.psychologytoday.com/articles/pto-20050502-000001.html","/wiki/Psychology_Today","http://cbae.nmsu.edu/~dboje/teaching/338/charisma.htm","http://hirr.hartsem.edu/ency/charisma.htm","/wiki/Special:BookSources/0761989560","http://web.pdx.edu/~tothm/essays/essays/toward_a_theory_of__the_routiniz.htm","http://www.apa.org/monitor/jan05/savoir.html","http://www.bbc.co.uk/radio4/factual/thinkingallowed_20050126.shtml","/wiki/BBC_Four","http://links.jstor.org/sici?sici=0043-4078(197906)32%3A2%3C123%3AMCAC%3E2.0.CO%3B2-R","http://whyfiles.org/205charisma/","http://www.nytimes.com/2008/02/17/weekinreview/17zernike.html?pagewanted=1&_r=1&hp","http://www.boston.com/bostonglobe/ideas/articles/2008/07/20/charm_school/","http://www.scripturecatholic.com/tongues.html","http://en.wikipedia.org/w/index.php?title=Charisma&oldid=545932461","/wiki/Help:Categories","/wiki/Category:Anthropology_of_religion","/wiki/Category:Charismatic_and_Pentecostal_Christianity","/wiki/Category:Religious_behaviour_and_experience","/wiki/Category:Social_psychology","/wiki/Category:Sociological_terminology","/wiki/Category:Spiritual_gifts","/wiki/Category:Max_Weber","/wiki/Category:Religious_terminology","/wiki/Category:Articles_containing_Ancient_Greek_language_text","/w/index.php?title=Special:UserLogin&returnto=Charisma&type=signup","/w/index.php?title=Special:UserLogin&returnto=Charisma","/wiki/Charisma","/wiki/Talk:Charisma","#","/wiki/Charisma","/w/index.php?title=Charisma&action=edit","/w/index.php?title=Charisma&action=history","#","/w/index.php","//bits.wikimedia.org/static-1.21wmf11/skins/vector/images/search-ltr.png?303-4","/wiki/Main_Page","/wiki/Main_Page","/wiki/Portal:Contents","/wiki/Portal:Featured_content","/wiki/Portal:Current_events","/wiki/Special:Random","//donate.wikimedia.org/wiki/Special:FundraiserRedirector?utm_source=donate&utm_medium=sidebar&utm_campaign=C13_en.wikipedia.org&uselang=en","/wiki/Help:Contents","/wiki/Wikipedia:About","/wiki/Wikipedia:Community_portal","/wiki/Special:RecentChanges","/wiki/Wikipedia:Contact_us","/wiki/Special:WhatLinksHere/Charisma","/wiki/Special:RecentChangesLinked/Charisma","/wiki/Wikipedia:File_Upload_Wizard","/wiki/Special:SpecialPages","/w/index.php?title=Charisma&oldid=545932461","/w/index.php?title=Charisma&action=info","/w/index.php?title=Special:Cite&page=Charisma&id=545932461","/w/index.php?title=Special:Book&bookcmd=book_creator&referer=Charisma","/w/index.php?title=Special:Book&bookcmd=render_article&arttitle=Charisma&oldid=545932461&writer=rl","/w/index.php?title=Charisma&printable=yes","//ar.wikipedia.org/wiki/%D9%83%D8%A7%D8%B1%D9%8A%D8%B2%D9%85%D8%A7","//bg.wikipedia.org/wiki/%D0%A5%D0%B0%D1%80%D0%B8%D0%B7%D0%BC%D0%B0","//ca.wikipedia.org/wiki/Carisma","//cs.wikipedia.org/wiki/Charisma","//da.wikipedia.org/wiki/Karisma","//de.wikipedia.org/wiki/Charisma","//et.wikipedia.org/wiki/Karisma","//es.wikipedia.org/wiki/Carisma","//eo.wikipedia.org/wiki/Karismo","//fa.wikipedia.org/wiki/%D9%81%D8%B1%D9%87%D9%85%D9%86%D8%AF%DB%8C","//fr.wikipedia.org/wiki/Charisme_(psychologie)","//ko.wikipedia.org/wiki/%EC%B9%B4%EB%A6%AC%EC%8A%A4%EB%A7%88","//hr.wikipedia.org/wiki/Karizma","//it.wikipedia.org/wiki/Carisma_(psicologia)","//he.wikipedia.org/wiki/%D7%9B%D7%A8%D7%99%D7%96%D7%9E%D7%94","//kk.wikipedia.org/wiki/%D0%A5%D0%B0%D1%80%D0%B8%D0%B7%D0%BC%D0%B0","//sw.wikipedia.org/wiki/Karama","//ky.wikipedia.org/wiki/%D0%A5%D0%B0%D1%80%D0%B8%D0%B7%D0%BC%D0%B0","//lt.wikipedia.org/wiki/Charizma","//mk.wikipedia.org/wiki/%D0%A5%D0%B0%D1%80%D0%B8%D0%B7%D0%BC%D0%B0","//nl.wikipedia.org/wiki/Charisma_(karakter)","//ja.wikipedia.org/wiki/%E3%82%AB%E3%83%AA%E3%82%B9%E3%83%9E","//no.wikipedia.org/wiki/Karisma","//pl.wikipedia.org/wiki/Charyzma","//pt.wikipedia.org/wiki/Carisma","//ro.wikipedia.org/wiki/Carism%C4%83","//ru.wikipedia.org/wiki/%D0%A5%D0%B0%D1%80%D0%B8%D0%B7%D0%BC%D0%B0","//simple.wikipedia.org/wiki/Charisma","//sk.wikipedia.org/wiki/Charizma_(sociol%C3%B3gia)","//sr.wikipedia.org/wiki/%D0%A5%D0%B0%D1%80%D0%B8%D0%B7%D0%BC%D0%B0","//sh.wikipedia.org/wiki/Harizma","//fi.wikipedia.org/wiki/Karisma","//sv.wikipedia.org/wiki/Karisma","//th.wikipedia.org/wiki/%E0%B9%80%E0%B8%AA%E0%B8%99%E0%B9%88%E0%B8%AB%E0%B9%8C","//tr.wikipedia.org/wiki/Karizma","//uk.wikipedia.org/wiki/%D0%A5%D0%B0%D1%80%D0%B8%D0%B7%D0%BC%D0%B0","//zh.wikipedia.org/wiki/%E7%A5%9E%E5%8C%96%E9%A0%98%E8%A2%96%E9%AD%85%E5%8A%9B","//www.wikidata.org/wiki/Special:ItemByTitle/enwiki/Charisma","//en.wikipedia.org/wiki/Wikipedia:Text_of_Creative_Commons_Attribution-ShareAlike_3.0_Unported_License","//creativecommons.org/licenses/by-sa/3.0/","//wikimediafoundation.org/wiki/Terms_of_Use","//www.wikimediafoundation.org/","//en.wikipedia.org/wiki/Wikipedia:Contact_us","//wikimediafoundation.org/wiki/Privacy_policy","/wiki/Wikipedia:About","/wiki/Wikipedia:General_disclaimer","http://en.m.wikipedia.org/wiki/Charisma","//wikimediafoundation.org/","//bits.wikimedia.org/images/wikimedia-button.png","//www.mediawiki.org/","//bits.wikimedia.org/static-1.21wmf11/skins/common/images/poweredby_mediawiki_88x31.png","//bits.wikimedia.org/en.wikipedia.org/load.php?debug=false&lang=en&modules=skins.vector&only=scripts&skin=vector&*","/w/index.php?title=MediaWiki:Gadget-ReferenceTooltips.js&action=raw&ctype=text/javascript&508635914","//bits.wikimedia.org/en.wikipedia.org/load.php?debug=false&lang=en&modules=site&only=scripts&skin=vector&*"],"instances":["mother_of_jesus","book"],"pdf":[],"categories":["Anthropology of religion","Charismatic and Pentecostal Christianity","Religious behaviour and experience","Social psychology","Sociological terminology","Spiritual gifts","Max Weber","Religious terminology"],"headings":["Etymology","History","21st-century religion","See also","References","External links"],"image":["//bits.wikimedia.org/static-1.21wmf11/skins/vector/images/search-ltr.png?303-4","//bits.wikimedia.org/images/wikimedia-button.png","//bits.wikimedia.org/static-1.21wmf11/skins/common/images/poweredby_mediawiki_88x31.png"],"tags":[["mary","mother_of_jesus"],["sociology_of_religion","book"]],"members":["mary","sociology_of_religion"],"related":["Theological","Ancient_Greek","Koine_Greek","Ancient_Rome","Ancient_Greek","Greek_mythology","Theologians","Social_scientists","Hebrew_Bible","Bible","Hebrew_Bible","1_Corinthians","Paul_the_Apostle","New_Testament","Epistle","1_Corinthians","Koine_Greek","2_Corinthians","1_Timothy","2_Timothy","Gospel","Jesus","Baptism_of_Jesus","Transfiguration_of_Jesus","Gabriel","Mary_(mother_of_Jesus)","Early_Christians","Christian_Church","Western_Christianity","God_in_Christianity","Holy_Spirit","Protestantism","Catholic","Theology","Early_Christianity","Pentecostalism","Charismatic_movements","Germans","Sociologist","Max_Weber","Rudolph_Sohm","Germans","Church_historian","Sociology_of_Religion_(book)","Charismatic_authority","Charismatic_Movement","Christianity","Charismatic_authority","Charm_offensive","Superficial_charm","Trait_leadership","BBC_Four"]}