{"cursor":"1744","size":15,"audio":[],"currentlang":"en","article":"{{Infobox Album |  Name = Downstream|\nType = Studio album | Artist = New Monsoon | Cover = NM-Downstream.jpg |\nReleased = 2003| Recorded = Feb - Nov 2002| Genre = Rock, Jazz, World | Length =\n| Label = Sci Fidelity| Producer = | Reviews = | Last album = [[Hydrophonic (New\nMonsoon album)|Hydrophonic]] (2001)| This album = Downstream (2003) |\nNext album = [[Live at the Telluride Bluegrass Festival]] (2004)| }}\n\n'Downstream' is the second studio album by the San Francisco, CA based band New\nMonsoon. It was recorded over a period of months from February to November in\n2002 and was released in early 2003.\n","linknr":91,"url":"Downstream_(album)","recorded":1362538248,"links":11,"instances":["music"],"pdf":[],"categories":["2003 albums","New Monsoon albums"],"headings":["Track listing","Personnel","External links"],"image":["//upload.wikimedia.org/wikipedia/en/f/f3/NM-Downstream.jpg","//bits.wikimedia.org/static-1.21wmf10/skins/vector/images/search-ltr.png?303-4","//bits.wikimedia.org/images/wikimedia-button.png","//bits.wikimedia.org/static-1.21wmf10/skins/common/images/poweredby_mediawiki_88x31.png"],"tags":[["rock","music"]],"members":["rock"],"related":["Studio_album","New_Monsoon","Rock_(music)","Jazz","World_music","San_Francisco,_CA","New_Monsoon","Dobro","Didjeridu"]}