{"cursor":"976","size":15,"audio":[],"currentlang":"en","article":"\n'Agitation' may refer to:\n\n* Agitation (action), putting into motion by shaking or stirring, often to\n  achieve Mixing\n* Emotional state of excitement or restlessness ** Psychomotor agitation, an\n  extreme form of the above, which can be part of a mental illness or a side\n  effect of anti-psychotic medication ** Agitation (dementia)\n* Political agitation, political activities in which an agitator urges people to\n  do something ** Agitation and Propaganda against the State, former criminal\n  offence in communist Albania ** Anti-Soviet agitation, a criminal offence in\n  the Soviet Union\n* Agitation, a Miles Davis tune from his album [[E.S.P. (Miles Davis\n  album)|E.S.P.]]\n* Agitated, a B-Side from the band Muse\n","linknr":93,"url":"agitation","recorded":1363410119,"links":["/w/index.php?title=Agitation&action=edit","/w/index.php?title=Agitation&action=edit","//en.wikipedia.org/apple-touch-icon.png","//bits.wikimedia.org/favicon/wikipedia.ico","/w/opensearch_desc.php","//en.wikipedia.org/w/api.php?action=rsd","//creativecommons.org/licenses/by-sa/3.0/","/w/index.php?title=Special:RecentChanges&feed=atom","//bits.wikimedia.org/en.wikipedia.org/load.php?debug=false&lang=en&modules=ext.gadget.DRN-wizard%2CReferenceTooltips%2Ccharinsert%2Cteahouse%7Cext.wikihiero%7Cmediawiki.legacy.commonPrint%2Cshared%7Cmw.PopUpMediaTransform%7Cskins.vector&only=styles&skin=vector&*","//bits.wikimedia.org/en.wikipedia.org/load.php?debug=false&lang=en&modules=site&only=styles&skin=vector&*","//bits.wikimedia.org/en.wikipedia.org/load.php?debug=false&lang=en&modules=startup&only=scripts&skin=vector&*","//bits.wikimedia.org/geoiplookup","//meta.wikimedia.org","#mw-head","#p-search","//upload.wikimedia.org/wikipedia/commons/thumb/f/f8/Wiktionary-logo-en.svg/37px-Wiktionary-logo-en.svg.png","//en.wiktionary.org/wiki/agitation","/wiki/Agitation_(action)","/wiki/Mixing_(process_engineering)","/wiki/Psychomotor_agitation","/wiki/Agitation_(dementia)","/wiki/Agitator","/wiki/Agitation_and_Propaganda_against_the_State","/wiki/Anti-Soviet_agitation","/wiki/E.S.P._(Miles_Davis_album)","/wiki/Muse_(band)","/w/index.php?title=Agitation&action=edit&section=1","/wiki/Agitator_(disambiguation)","/wiki/Excitation_(disambiguation)","/wiki/Mix_(disambiguation)","/wiki/Restless_(disambiguation)","/wiki/File:Disambig_gray.svg","//upload.wikimedia.org/wikipedia/en/thumb/5/5f/Disambig_gray.svg/30px-Disambig_gray.svg.png","/wiki/Help:Disambiguation","//en.wikipedia.org/w/index.php?title=Special:WhatLinksHere/Agitation&namespace=0","http://en.wikipedia.org/w/index.php?title=Agitation&oldid=541169171","/wiki/Help:Categories","/wiki/Category:Disambiguation_pages","/wiki/Category:All_article_disambiguation_pages","/wiki/Category:All_disambiguation_pages","/w/index.php?title=Special:UserLogin&returnto=Agitation&type=signup","/w/index.php?title=Special:UserLogin&returnto=Agitation","/wiki/Agitation","/wiki/Talk:Agitation","#","/wiki/Agitation","/w/index.php?title=Agitation&action=edit","/w/index.php?title=Agitation&action=history","#","/w/index.php","//bits.wikimedia.org/static-1.21wmf11/skins/vector/images/search-ltr.png?303-4","/wiki/Main_Page","/wiki/Main_Page","/wiki/Portal:Contents","/wiki/Portal:Featured_content","/wiki/Portal:Current_events","/wiki/Special:Random","//donate.wikimedia.org/wiki/Special:FundraiserRedirector?utm_source=donate&utm_medium=sidebar&utm_campaign=C13_en.wikipedia.org&uselang=en","/wiki/Help:Contents","/wiki/Wikipedia:About","/wiki/Wikipedia:Community_portal","/wiki/Special:RecentChanges","/wiki/Wikipedia:Contact_us","/wiki/Special:WhatLinksHere/Agitation","/wiki/Special:RecentChangesLinked/Agitation","/wiki/Wikipedia:File_Upload_Wizard","/wiki/Special:SpecialPages","/w/index.php?title=Agitation&oldid=541169171","/w/index.php?title=Agitation&action=info","/w/index.php?title=Special:Cite&page=Agitation&id=541169171","/w/index.php?title=Special:Book&bookcmd=book_creator&referer=Agitation","/w/index.php?title=Special:Book&bookcmd=render_article&arttitle=Agitation&oldid=541169171&writer=rl","/w/index.php?title=Agitation&printable=yes","//cs.wikipedia.org/wiki/Agitace","//ja.wikipedia.org/wiki/%E3%82%A2%E3%82%B8%E3%83%86%E3%83%BC%E3%82%B7%E3%83%A7%E3%83%B3","//sk.wikipedia.org/wiki/Agit%C3%A1cia","//uk.wikipedia.org/wiki/%D0%90%D0%B3%D1%96%D1%82%D0%B0%D1%86%D1%96%D1%8F_(%D0%B7%D0%BD%D0%B0%D1%87%D0%B5%D0%BD%D0%BD%D1%8F)","//www.wikidata.org/wiki/Special:ItemByTitle/enwiki/Agitation","//en.wikipedia.org/wiki/Wikipedia:Text_of_Creative_Commons_Attribution-ShareAlike_3.0_Unported_License","//creativecommons.org/licenses/by-sa/3.0/","//wikimediafoundation.org/wiki/Terms_of_Use","//www.wikimediafoundation.org/","//en.wikipedia.org/wiki/Wikipedia:Contact_us","//wikimediafoundation.org/wiki/Privacy_policy","/wiki/Wikipedia:About","/wiki/Wikipedia:General_disclaimer","http://en.m.wikipedia.org/wiki/Agitation","//wikimediafoundation.org/","//bits.wikimedia.org/images/wikimedia-button.png","//www.mediawiki.org/","//bits.wikimedia.org/static-1.21wmf11/skins/common/images/poweredby_mediawiki_88x31.png","//bits.wikimedia.org/en.wikipedia.org/load.php?debug=false&lang=en&modules=skins.vector&only=scripts&skin=vector&*","/w/index.php?title=MediaWiki:Gadget-ReferenceTooltips.js&action=raw&ctype=text/javascript&508635914","//bits.wikimedia.org/en.wikipedia.org/load.php?debug=false&lang=en&modules=site&only=scripts&skin=vector&*"],"instances":["disambiguation","disambiguation","disambiguation","dementia","disambiguation","band","process_engineering"],"pdf":[],"categories":[],"headings":["See also"],"image":["//upload.wikimedia.org/wikipedia/commons/thumb/f/f8/Wiktionary-logo-en.svg/37px-Wiktionary-logo-en.svg.png","//upload.wikimedia.org/wikipedia/en/thumb/5/5f/Disambig_gray.svg/30px-Disambig_gray.svg.png","//bits.wikimedia.org/static-1.21wmf11/skins/vector/images/search-ltr.png?303-4","//bits.wikimedia.org/images/wikimedia-button.png","//bits.wikimedia.org/static-1.21wmf11/skins/common/images/poweredby_mediawiki_88x31.png"],"tags":[["agitation","action"],["mixing","process_engineering"],["agitation","dementia"],["muse","band"],["agitator","disambiguation"],["excitation","disambiguation"],["mix","disambiguation"],["restless","disambiguation"]],"members":["restless","excitation","agitator","agitation","mix","muse","mixing"],"related":["Agitation_(action)","Mixing_(process_engineering)","Psychomotor_agitation","Agitation_(dementia)","Agitator","Agitation_and_Propaganda_against_the_State","Anti-Soviet_agitation","Muse_(band)","Agitator_(disambiguation)","Excitation_(disambiguation)","Mix_(disambiguation)","Restless_(disambiguation)"]}