{"cursor":"1375","size":15,"audio":[],"currentlang":"en","article":"\n\n\n\n\n'Twine' is a light string or strong thread composed of two or more smaller\nstrands or yarns twisted together. More generally, the term can be applied\nto a cord.\n\nNatural fibres used for making twine include cotton, sisal, jute, hemp,\nhenequen, and coir. A variety of synthetic fibres may also be used.\n","linknr":157,"url":"Twine","recorded":1364048934,"links":["/w/index.php?title=Twine&action=edit","/w/index.php?title=Twine&action=edit","//en.wikipedia.org/apple-touch-icon.png","//bits.wikimedia.org/favicon/wikipedia.ico","/w/opensearch_desc.php","//en.wikipedia.org/w/api.php?action=rsd","//creativecommons.org/licenses/by-sa/3.0/","/w/index.php?title=Special:RecentChanges&feed=atom","//bits.wikimedia.org/en.wikipedia.org/load.php?debug=false&lang=en&modules=ext.gadget.DRN-wizard%2CReferenceTooltips%2Ccharinsert%2Cteahouse%7Cext.wikihiero%7Cmediawiki.legacy.commonPrint%2Cshared%7Cmw.PopUpMediaTransform%7Cskins.vector&only=styles&skin=vector&*","//bits.wikimedia.org/en.wikipedia.org/load.php?debug=false&lang=en&modules=site&only=styles&skin=vector&*","//bits.wikimedia.org/en.wikipedia.org/load.php?debug=false&lang=en&modules=startup&only=scripts&skin=vector&*","//bits.wikimedia.org/geoiplookup","//meta.wikimedia.org","#mw-head","#p-search","/wiki/Twine_(disambiguation)","/wiki/File:Question_book-new.svg","//upload.wikimedia.org/wikipedia/en/thumb/9/99/Question_book-new.svg/50px-Question_book-new.svg.png","/wiki/Wikipedia:Citing_sources","/wiki/Wikipedia:Verifiability","//en.wikipedia.org/w/index.php?title=Twine&action=edit","/wiki/Help:Introduction_to_referencing/1","/wiki/Wikipedia:Verifiability#Burden_of_evidence","/wiki/File:Bindfaden.jpg","//upload.wikimedia.org/wikipedia/commons/thumb/b/b7/Bindfaden.jpg/225px-Bindfaden.jpg","/wiki/File:Bindfaden.jpg","//bits.wikimedia.org/static-1.21wmf10/skins/common/images/magnify-clip.png","/wiki/File:Twinetrees2006.jpg","//upload.wikimedia.org/wikipedia/en/thumb/4/47/Twinetrees2006.jpg/245px-Twinetrees2006.jpg","/wiki/File:Twinetrees2006.jpg","//bits.wikimedia.org/static-1.21wmf10/skins/common/images/magnify-clip.png","/wiki/Yarn","/wiki/Rope","/wiki/Natural_fibre","/wiki/Cotton","/wiki/Sisal","/wiki/Jute","/wiki/Hemp","/wiki/Henequen","/wiki/Coir","/wiki/Synthetic_fibre","/w/index.php?title=Twine&action=edit&section=1","//upload.wikimedia.org/wikipedia/en/thumb/f/f2/Edit-clear.svg/40px-Edit-clear.svg.png","/wiki/Wikipedia:Proseline","/wiki/Wikipedia:Embedded_list","/wiki/Help:Editing","/wiki/Baler","/wiki/Clothes_line","/wiki/Craft","/wiki/Drawstring","/wiki/Muay_Thai","/wiki/Jewelry","/wiki/Knot","/wiki/Binding_(knot)","/wiki/Mail","/wiki/Net_(device)","/wiki/Noose","/wiki/Pet_toy","/wiki/Pullstring","/wiki/Rope","/wiki/Whipped_rope","/wiki/String_figure","/wiki/Boat","/wiki/Kite","/wiki/Trap_(tactic)","/wiki/Tripwire","/wiki/Gardening","/w/index.php?title=Twine&action=edit&section=2","/wiki/Biggest_ball_of_twine","/wiki/Binder_Twine_Festival","/wiki/International_Year_of_Natural_Fibres","/wiki/String","//upload.wikimedia.org/wikipedia/commons/thumb/f/f8/Wiktionary-logo-en.svg/37px-Wiktionary-logo-en.svg.png","//en.wiktionary.org/wiki/Special:Search/twine","/wiki/File:Denim.jpg","//upload.wikimedia.org/wikipedia/commons/thumb/c/c9/Denim.jpg/33px-Denim.jpg","/wiki/Textile","/wiki/Wikipedia:Stub","//en.wikipedia.org/w/index.php?title=Twine&action=edit","/wiki/Template:Textile-stub","/wiki/Template_talk:Textile-stub","//en.wikipedia.org/w/index.php?title=Template:Textile-stub&action=edit","http://en.wikipedia.org/w/index.php?title=Twine&oldid=540967792","/wiki/Help:Categories","/wiki/Category:Fasteners","/wiki/Category:Fibers","/wiki/Category:Ropework","/wiki/Category:Textile_stubs","/wiki/Category:Articles_lacking_sources_from_December_2009","/wiki/Category:All_articles_lacking_sources","/wiki/Category:Articles_needing_cleanup_from_April_2011","/wiki/Category:All_pages_needing_cleanup","/wiki/Category:Articles_with_sections_that_need_to_be_turned_into_prose_from_April_2011","/w/index.php?title=Special:UserLogin&returnto=Twine&type=signup","/w/index.php?title=Special:UserLogin&returnto=Twine","/wiki/Twine","/wiki/Talk:Twine","#","/wiki/Twine","/w/index.php?title=Twine&action=edit","/w/index.php?title=Twine&action=history","#","/w/index.php","//bits.wikimedia.org/static-1.21wmf11/skins/vector/images/search-ltr.png?303-4","/wiki/Main_Page","/wiki/Main_Page","/wiki/Portal:Contents","/wiki/Portal:Featured_content","/wiki/Portal:Current_events","/wiki/Special:Random","//donate.wikimedia.org/wiki/Special:FundraiserRedirector?utm_source=donate&utm_medium=sidebar&utm_campaign=C13_en.wikipedia.org&uselang=en","/wiki/Help:Contents","/wiki/Wikipedia:About","/wiki/Wikipedia:Community_portal","/wiki/Special:RecentChanges","/wiki/Wikipedia:Contact_us","/wiki/Special:WhatLinksHere/Twine","/wiki/Special:RecentChangesLinked/Twine","/wiki/Wikipedia:File_Upload_Wizard","/wiki/Special:SpecialPages","/w/index.php?title=Twine&oldid=540967792","/w/index.php?title=Twine&action=info","/w/index.php?title=Special:Cite&page=Twine&id=540967792","/w/index.php?title=Special:Book&bookcmd=book_creator&referer=Twine","/w/index.php?title=Special:Book&bookcmd=render_article&arttitle=Twine&oldid=540967792&writer=rl","/w/index.php?title=Twine&printable=yes","//ar.wikipedia.org/wiki/%D8%AD%D8%A8%D9%84_%D9%85%D9%84%D9%81%D9%88%D9%81","//br.wikipedia.org/wiki/Fiselenn","//cs.wikipedia.org/wiki/Provaznick%C3%A9_v%C3%BDrobky","//de.wikipedia.org/wiki/Kordel_(Textilie)","//es.wikipedia.org/wiki/Cordel_(textil)","//fr.wikipedia.org/wiki/Ficelle_(corde)","//it.wikipedia.org/wiki/Spago","//hu.wikipedia.org/wiki/Sp%C3%A1rga_(k%C3%B6t%C3%B6z%C5%91eszk%C3%B6z)","//ja.wikipedia.org/wiki/%E7%B4%90","//no.wikipedia.org/wiki/Hyssing","//pl.wikipedia.org/wiki/Dratwa","//ru.wikipedia.org/wiki/%D0%A8%D0%BF%D0%B0%D0%B3%D0%B0%D1%82_(%D0%BD%D0%B8%D1%82%D1%8C)","//fi.wikipedia.org/wiki/Naru","//sv.wikipedia.org/wiki/Sn%C3%B6re","//uk.wikipedia.org/wiki/%D0%A8%D0%BF%D0%B0%D0%B3%D0%B0%D1%82_(%D0%BD%D0%B8%D1%82%D0%BA%D0%B0)","//www.wikidata.org/wiki/Special:ItemByTitle/enwiki/Twine","//en.wikipedia.org/wiki/Wikipedia:Text_of_Creative_Commons_Attribution-ShareAlike_3.0_Unported_License","//creativecommons.org/licenses/by-sa/3.0/","//wikimediafoundation.org/wiki/Terms_of_Use","//www.wikimediafoundation.org/","//en.wikipedia.org/wiki/Wikipedia:Contact_us","//wikimediafoundation.org/wiki/Privacy_policy","/wiki/Wikipedia:About","/wiki/Wikipedia:General_disclaimer","http://en.m.wikipedia.org/wiki/Twine","//wikimediafoundation.org/","//bits.wikimedia.org/images/wikimedia-button.png","//www.mediawiki.org/","//bits.wikimedia.org/static-1.21wmf11/skins/common/images/poweredby_mediawiki_88x31.png","//bits.wikimedia.org/en.wikipedia.org/load.php?debug=false&lang=en&modules=skins.vector&only=scripts&skin=vector&*","/w/index.php?title=MediaWiki:Gadget-ReferenceTooltips.js&action=raw&ctype=text/javascript&508635914","//bits.wikimedia.org/en.wikipedia.org/load.php?debug=false&lang=en&modules=site&only=scripts&skin=vector&*"],"instances":["tactic","knot","device"],"pdf":[],"categories":["Fasteners","Fibers","Ropework"],"headings":["Applications","See also"],"image":["//upload.wikimedia.org/wikipedia/en/thumb/9/99/Question_book-new.svg/50px-Question_book-new.svg.png","//upload.wikimedia.org/wikipedia/commons/thumb/b/b7/Bindfaden.jpg/225px-Bindfaden.jpg","//bits.wikimedia.org/static-1.21wmf10/skins/common/images/magnify-clip.png","//upload.wikimedia.org/wikipedia/en/thumb/4/47/Twinetrees2006.jpg/245px-Twinetrees2006.jpg","//bits.wikimedia.org/static-1.21wmf10/skins/common/images/magnify-clip.png","//upload.wikimedia.org/wikipedia/en/thumb/f/f2/Edit-clear.svg/40px-Edit-clear.svg.png","//upload.wikimedia.org/wikipedia/commons/thumb/f/f8/Wiktionary-logo-en.svg/37px-Wiktionary-logo-en.svg.png","//upload.wikimedia.org/wikipedia/commons/thumb/c/c9/Denim.jpg/33px-Denim.jpg","//bits.wikimedia.org/static-1.21wmf11/skins/vector/images/search-ltr.png?303-4","//bits.wikimedia.org/images/wikimedia-button.png","//bits.wikimedia.org/static-1.21wmf11/skins/common/images/poweredby_mediawiki_88x31.png"],"tags":[["binding","knot"],["net","device"],["trap","tactic"]],"members":["trap","binding","net"],"related":["Yarn","Rope","Natural_fibre","Cotton","Sisal","Jute","Hemp","Henequen","Coir","Synthetic_fibre","Baler","Clothes_line","Craft","Drawstring","Muay_Thai","Jewelry","Knot","Binding_(knot)","Mail","Net_(device)","Noose","Pet_toy","Pullstring","Rope","Whipped_rope","String_figure","Boat","Kite","Trap_(tactic)","Tripwire","Gardening","Biggest_ball_of_twine","Binder_Twine_Festival","International_Year_of_Natural_Fibres","String"]}