{"cursor":"5441","size":15,"audio":[],"currentlang":"en","article":"A 'dispersant' or a 'dispersing agent' or a [[plasticizer]] or a\n[[superplasticizer]] is either a non-surface active polymer or a surface-active\nsubstance added to a suspension, usually a colloid, to improve the separation of\nand to prevent settling or . Dispersants consist normally of one or more\nsurfactants, but may also be gases.\n","linknr":177,"url":"Dispersant","recorded":1362512324,"links":17,"instances":["chemistry","chemistry"],"pdf":[],"categories":["Colloidal chemistry","Fouling","Process chemicals","Oil spill remediation technologies","Solvents"],"headings":["Applications","See also","References"],"image":["//bits.wikimedia.org/static-1.21wmf10/skins/vector/images/search-ltr.png?303-4","//bits.wikimedia.org/images/wikimedia-button.png","//bits.wikimedia.org/static-1.21wmf10/skins/common/images/poweredby_mediawiki_88x31.png"],"tags":[["suspension","chemistry"],["dispersion","chemistry"]],"members":["dispersion","suspension"],"related":["Polymer","Surfactant","Suspension_(chemistry)","Colloid","Settling","Surfactant","Gas","Automotive","Engines","Gasoline","Biofouling","Biofilm","Bacteria","Biocides","Plasticizer","Superplasticizer","Concrete","Detergents","Emulsifier","Plasticizer","Wallboard","Oil_drilling","Solids","Liquids","Droplets","Deflocculant","Oil","Water","Surfactant","Hydrophilic-lipophilic_balance","Detergent","Soap","Polymer","Oil_slick","Dispersion_(chemistry)","Surface","Water_column","Micelle","Oil-in-water_emulsion","Exxon_Valdez_oil_spill","Corexit","Deepwater_Horizon_oil_spill","Ixtoc","Process_industries","Plasticizer","Fouling","Coating","Flocculation","Plasticizer","Deflocculant","Detergent","Surfactant","Superplasticizer","Solubilization"]}