{"cursor":"2424","size":15,"audio":[],"currentlang":"en","article":"\n'Thomson' may refer to:\n","linknr":138,"url":"Thomson_(disambiguation)","recorded":1363140352,"links":["/w/index.php?title=Thomson&action=edit","/w/index.php?title=Thomson&action=edit","//en.wikipedia.org/apple-touch-icon.png","//bits.wikimedia.org/favicon/wikipedia.ico","/w/opensearch_desc.php","//en.wikipedia.org/w/api.php?action=rsd","//creativecommons.org/licenses/by-sa/3.0/","/w/index.php?title=Special:RecentChanges&feed=atom","/wiki/Thomson","//bits.wikimedia.org/en.wikipedia.org/load.php?debug=false&lang=en&modules=ext.gadget.DRN-wizard%2CReferenceTooltips%2Ccharinsert%2Cteahouse%7Cext.wikihiero%7Cmediawiki.legacy.commonPrint%2Cshared%7Cmw.PopUpMediaTransform%7Cskins.vector&only=styles&skin=vector&*","//bits.wikimedia.org/en.wikipedia.org/load.php?debug=false&lang=en&modules=site&only=styles&skin=vector&*","//bits.wikimedia.org/en.wikipedia.org/load.php?debug=false&lang=en&modules=startup&only=scripts&skin=vector&*","//bits.wikimedia.org/geoiplookup","//meta.wikimedia.org","/w/index.php?title=Thomson_(disambiguation)&redirect=no","#mw-head","#p-search","#People","#Science","#Places","#Business","#See_also","/w/index.php?title=Thomson&action=edit&section=1","/wiki/Thomson_(surname)","/w/index.php?title=Thomson_(First_name)&action=edit&redlink=1","/w/index.php?title=Thomson&action=edit&section=2","/wiki/Thomson_(unit)","/wiki/J._J._Thomson","/wiki/Thomson_effect","/wiki/Joule%E2%80%93Thomson_effect","/wiki/James_Prescott_Joule","/wiki/Thomson%27s_gazelle","/w/index.php?title=Thomson&action=edit&section=3","/wiki/Thomson_River_(Queensland)","/wiki/Thomson_River_(Victoria)","/wiki/Thomson,_Victoria","/wiki/David_and_Mary_Thomson_Collegiate_Institute","/wiki/Thomson,_Singapore","/wiki/Thomson_MRT_Line","/wiki/Thomson,_Georgia","/wiki/Thomson,_Illinois","/wiki/Thomson,_Minnesota","/w/index.php?title=Thomson&action=edit&section=4","/wiki/The_Thomson_Corporation","/wiki/Thomson_Reuters","/wiki/Thomson-CSF","/wiki/Thomson_Local","/wiki/Thomson_Directories","/wiki/Thomsons_Online_Benefits","/wiki/Thomson_SA","/wiki/Thomson_MO5","/wiki/Thomson_TO7","/wiki/Thomson_Holidays","/wiki/Thomsonfly","/wiki/Thomson_Airways","/wiki/L.H._Thomson","/w/index.php?title=Thomson&action=edit&section=5","/wiki/Thompson_(disambiguation)","/wiki/Thomsen","/wiki/Thomason_(disambiguation)","/wiki/File:Disambig_gray.svg","//upload.wikimedia.org/wikipedia/en/thumb/5/5f/Disambig_gray.svg/30px-Disambig_gray.svg.png","/wiki/Help:Disambiguation","//en.wikipedia.org/w/index.php?title=Special:WhatLinksHere/Thomson&namespace=0","http://en.wikipedia.org/w/index.php?title=Thomson&oldid=539797523","/wiki/Help:Categories","/wiki/Category:Disambiguation_pages","/wiki/Category:All_article_disambiguation_pages","/wiki/Category:All_disambiguation_pages","/w/index.php?title=Special:UserLogin&returnto=Thomson&type=signup","/w/index.php?title=Special:UserLogin&returnto=Thomson","/wiki/Thomson","/wiki/Talk:Thomson","#","/wiki/Thomson","/w/index.php?title=Thomson&action=edit","/w/index.php?title=Thomson&action=history","#","/w/index.php","//bits.wikimedia.org/static-1.21wmf11/skins/vector/images/search-ltr.png?303-4","/wiki/Main_Page","/wiki/Main_Page","/wiki/Portal:Contents","/wiki/Portal:Featured_content","/wiki/Portal:Current_events","/wiki/Special:Random","//donate.wikimedia.org/wiki/Special:FundraiserRedirector?utm_source=donate&utm_medium=sidebar&utm_campaign=C13_en.wikipedia.org&uselang=en","/wiki/Help:Contents","/wiki/Wikipedia:About","/wiki/Wikipedia:Community_portal","/wiki/Special:RecentChanges","/wiki/Wikipedia:Contact_us","/wiki/Special:WhatLinksHere/Thomson","/wiki/Special:RecentChangesLinked/Thomson","/wiki/Wikipedia:File_Upload_Wizard","/wiki/Special:SpecialPages","/w/index.php?title=Thomson&oldid=539797523","/w/index.php?title=Thomson&action=info","/w/index.php?title=Special:Cite&page=Thomson&id=539797523","/w/index.php?title=Special:Book&bookcmd=book_creator&referer=Thomson","/w/index.php?title=Special:Book&bookcmd=render_article&arttitle=Thomson&oldid=539797523&writer=rl","/w/index.php?title=Thomson&printable=yes","//ca.wikipedia.org/wiki/Thomson","//cs.wikipedia.org/wiki/Thomson","//de.wikipedia.org/wiki/Thomson","//es.wikipedia.org/wiki/Thomson","//fr.wikipedia.org/wiki/Thomson","//ko.wikipedia.org/wiki/%ED%86%B0%EC%8A%A8","//ia.wikipedia.org/wiki/Thomson_(disambiguation)","//it.wikipedia.org/wiki/Thomson","//he.wikipedia.org/wiki/%D7%AA%D7%95%D7%9E%D7%A1%D7%95%D7%9F","//lv.wikipedia.org/wiki/Tomsons","//nl.wikipedia.org/wiki/Thomson","//ja.wikipedia.org/wiki/%E3%83%88%E3%83%A0%E3%82%BD%E3%83%B3","//pl.wikipedia.org/wiki/Thomson","//pt.wikipedia.org/wiki/Thomson","//ro.wikipedia.org/wiki/Thomson_(dezambiguizare)","//ru.wikipedia.org/wiki/Thomson","//sl.wikipedia.org/wiki/Thomson","//fi.wikipedia.org/wiki/Thomson","//vo.wikipedia.org/wiki/Thomson","//zh.wikipedia.org/wiki/%E6%B1%A4%E5%A7%86%E6%A3%AE","//www.wikidata.org/wiki/Special:ItemByTitle/enwiki/Thomson","//en.wikipedia.org/wiki/Wikipedia:Text_of_Creative_Commons_Attribution-ShareAlike_3.0_Unported_License","//creativecommons.org/licenses/by-sa/3.0/","//wikimediafoundation.org/wiki/Terms_of_Use","//www.wikimediafoundation.org/","//en.wikipedia.org/wiki/Wikipedia:Contact_us","//wikimediafoundation.org/wiki/Privacy_policy","/wiki/Wikipedia:About","/wiki/Wikipedia:General_disclaimer","http://en.m.wikipedia.org/wiki/Thomson","//wikimediafoundation.org/","//bits.wikimedia.org/images/wikimedia-button.png","//www.mediawiki.org/","//bits.wikimedia.org/static-1.21wmf11/skins/common/images/poweredby_mediawiki_88x31.png","//bits.wikimedia.org/en.wikipedia.org/load.php?debug=false&lang=en&modules=skins.vector&only=scripts&skin=vector&*","/w/index.php?title=MediaWiki:Gadget-ReferenceTooltips.js&action=raw&ctype=text/javascript&508635914","//bits.wikimedia.org/en.wikipedia.org/load.php?debug=false&lang=en&modules=site&only=scripts&skin=vector&*"],"instances":["disambiguation","victoria","disambiguation","unit"],"pdf":[],"categories":[],"headings":["People","Science","Places","Business","See also"],"image":["//upload.wikimedia.org/wikipedia/en/thumb/5/5f/Disambig_gray.svg/30px-Disambig_gray.svg.png","//bits.wikimedia.org/static-1.21wmf11/skins/vector/images/search-ltr.png?303-4","//bits.wikimedia.org/images/wikimedia-button.png","//bits.wikimedia.org/static-1.21wmf11/skins/common/images/poweredby_mediawiki_88x31.png"],"tags":[["thomson","surname"],["thomson","first_name"],["thomson","unit"],["thomson_river","queensland"],["thomson_river","victoria"],["thompson","disambiguation"],["thomason","disambiguation"]],"members":["thomason","thomson_river","thompson","thomson"],"related":["Thomson_(surname)","Thomson_(First_name)","Thomson_(unit)","J._J._Thomson","Thomson_effect","Joule–Thomson_effect","James_Prescott_Joule","Thomson's_gazelle","Thomson_River_(Queensland)","Thomson_River_(Victoria)","Thomson,_Victoria","David_and_Mary_Thomson_Collegiate_Institute","Thomson,_Singapore","Thomson_MRT_Line","Thomson,_Georgia","Thomson,_Illinois","Thomson,_Minnesota","The_Thomson_Corporation","Thomson_Reuters","Thomson-CSF","Thomson_Local","Thomson_Directories","Thomsons_Online_Benefits","Thomson_SA","Thomson_MO5","Thomson_TO7","Thomson_Holidays","Thomsonfly","Thomson_Airways","L.H._Thomson","Thompson_(disambiguation)","Thomsen","Thomason_(disambiguation)"]}