{"cursor":"18675","size":15,"audio":[],"currentlang":"en","article":"\n\n\nIn chemistry, a 'chemical substance' is a form of matter that has constant\nchemical composition and characteristic properties. It cannot be\nseparated into components by physical separation methods, i.e. without breaking\nchemical bonds. It can be solid, liquid, gas, or plasma.\n\nChemical substances are often called 'pure' to set them apart from mixtures. A\ncommon example of a chemical substance is pure water; it has the same properties\nand the same ratio of hydrogen to oxygen whether it is isolated from a river or\nmade in a laboratory. Other chemical substances commonly encountered in pure\nform are diamond (carbon), gold, table salt (sodium chloride) and refined sugar\n(sucrose). However, simple or seemingly pure substances found in nature can in\nfact be mixtures of chemical substances. For example, tap water may contain\nsmall amounts of dissolved sodium chloride and compounds containing iron,\ncalcium and many other chemical substances.\n\nChemical substances exist as solids, liquids, gases, or plasma and may change\nbetween these phases of matter with changes in temperature or pressure. Chemical\nreactions convert one chemical substance into another.\n\nForms of energy, such as light and heat, are not considered to be matter, and\nthus they are not \"substances\" in this regard.\n","linknr":380,"url":"Chemical_substance","recorded":1364116258,"links":["/w/index.php?title=Chemical_substance&action=edit","/w/index.php?title=Chemical_substance&action=edit","//en.wikipedia.org/apple-touch-icon.png","//bits.wikimedia.org/favicon/wikipedia.ico","/w/opensearch_desc.php","//en.wikipedia.org/w/api.php?action=rsd","//creativecommons.org/licenses/by-sa/3.0/","/w/index.php?title=Special:RecentChanges&feed=atom","//bits.wikimedia.org/en.wikipedia.org/load.php?debug=false&lang=en&modules=ext.gadget.DRN-wizard%2CReferenceTooltips%2Ccharinsert%2Cteahouse%7Cext.wikihiero%7Cmediawiki.legacy.commonPrint%2Cshared%7Cmw.PopUpMediaTransform%7Cskins.vector&only=styles&skin=vector&*","//bits.wikimedia.org/en.wikipedia.org/load.php?debug=false&lang=en&modules=site&only=styles&skin=vector&*","//bits.wikimedia.org/en.wikipedia.org/load.php?debug=false&lang=en&modules=startup&only=scripts&skin=vector&*","//bits.wikimedia.org/geoiplookup","//meta.wikimedia.org","#mw-head","#p-search","/wiki/Chemical_(disambiguation)","/wiki/File:Kochendes_wasser02.jpg","//upload.wikimedia.org/wikipedia/commons/thumb/1/18/Kochendes_wasser02.jpg/220px-Kochendes_wasser02.jpg","/wiki/File:Kochendes_wasser02.jpg","//bits.wikimedia.org/static-1.21wmf11/skins/common/images/magnify-clip.png","/wiki/Chemistry","/wiki/Matter","/wiki/Chemical_compound","#cite_note-1","/wiki/Water_(molecule)","/wiki/Ratio","/wiki/Hydrogen","/wiki/Oxygen","/wiki/Laboratory","/wiki/Diamond","/wiki/Gold","/wiki/Edible_salt","/wiki/Sodium_chloride","/wiki/Sugar","/wiki/Sucrose","/wiki/Solid","/wiki/Liquid","/wiki/Gas","/wiki/Plasma_(physics)","/wiki/Phase_(matter)","/wiki/Temperature","/wiki/Pressure","/wiki/Chemical_reaction","/wiki/Energy","/wiki/Light","/wiki/Heat","#Definition","#History","#Chemical_elements","#Chemical_compounds","#Substances_versus_mixtures","#Chemicals_versus_chemical_substances","#Naming_and_indexing","#Isolation.2C_purification.2C_characterization.2C_and_identification","#See_also","#External_links","#Notes_and_references","/w/index.php?title=Chemical_substance&action=edit&section=1","/wiki/File:Nile_red_01.jpg","//upload.wikimedia.org/wikipedia/commons/thumb/9/96/Nile_red_01.jpg/220px-Nile_red_01.jpg","/wiki/File:Nile_red_01.jpg","//bits.wikimedia.org/static-1.21wmf11/skins/common/images/magnify-clip.png","/wiki/Nile_red","#cite_note-HillPetrucciP5-2","/wiki/Chemical_element","/wiki/Matter","#cite_note-3","/wiki/Chemical_Abstracts_Service","/wiki/Alloys","#cite_note-4","/wiki/Non-stoichiometric_compound","/wiki/Palladium_hydride","#cite_note-5","/wiki/Geology","/wiki/Mineral","/wiki/Rock_(geology)","/wiki/Solid_solution","/wiki/Feldspar","/wiki/Anorthoclase","/w/index.php?title=Chemical_substance&action=edit&section=2","/wiki/Concept","/wiki/Joseph_Proust","/wiki/Basic_copper_carbonate","#cite_note-Hill_et_al_p37-6","/wiki/Law_of_constant_composition","#cite_note-7","/wiki/Chemical_synthesis","/wiki/Organic_chemistry","/wiki/Analytical_chemistry","/wiki/Chemistry","/wiki/Isomerism","/wiki/Benzene","/wiki/Friedrich_August_Kekul%C3%A9","/wiki/Stereoisomerism","/wiki/Tartaric_acid","/wiki/Diastereomer","/wiki/Enantiomer","/w/index.php?title=Chemical_substance&action=edit&section=3","/wiki/File:Schwefel_01.jpg","//upload.wikimedia.org/wikipedia/commons/thumb/f/f1/Schwefel_01.jpg/220px-Schwefel_01.jpg","/wiki/File:Schwefel_01.jpg","//bits.wikimedia.org/static-1.21wmf11/skins/common/images/magnify-clip.png","/wiki/Sulfide","/wiki/Sulfate","/wiki/Hydrogen_sulfide","/wiki/Chemical_element","/wiki/List_of_elements_by_name","/wiki/Chemical_element","/wiki/Nuclear_reaction","/wiki/Isotope","/wiki/Radioactive_decay","/wiki/Allotropes","/wiki/Ozone","/wiki/Metal","/wiki/Lustre_(mineralogy)","/wiki/Iron","/wiki/Copper","/wiki/Gold","/wiki/Malleability","/wiki/Ductility","#cite_note-Hill_et_al_pp44-45-8","#cite_note-9","/wiki/Carbon","/wiki/Nitrogen","/wiki/Oxygen","/wiki/Non-metal","/wiki/Electronegativity","/wiki/Ion","/wiki/Silicon","/wiki/Metalloid","/w/index.php?title=Chemical_substance&action=edit&section=4","/wiki/File:Potassium-ferricyanide-sample.jpg","//upload.wikimedia.org/wikipedia/commons/thumb/3/3e/Potassium-ferricyanide-sample.jpg/220px-Potassium-ferricyanide-sample.jpg","/wiki/File:Potassium-ferricyanide-sample.jpg","//bits.wikimedia.org/static-1.21wmf11/skins/common/images/magnify-clip.png","/wiki/Potassium_ferricyanide","/wiki/Chemical_compound","/wiki/List_of_organic_compounds","/wiki/List_of_inorganic_compounds","/wiki/Molecule","/wiki/Ion","/wiki/Chemical_reaction","/wiki/Chemical_compound","/wiki/Chemical_bond","/wiki/Molecule","/wiki/Crystal","/wiki/Crystal_structure","/wiki/Organic_compound","/wiki/Inorganic_compound","/wiki/Organometallic_compound","/wiki/Covalent_bond","/wiki/Ion","/wiki/Ionic_bond","/wiki/Salt","/wiki/Isomer","/wiki/Glucose","/wiki/Fructose","/wiki/Aldehyde","/wiki/Ketone","/wiki/Glucose_isomerase","/wiki/Lobry%E2%80%93de_Bruyn%E2%80%93van_Ekenstein_transformation","/wiki/Tautomer","/wiki/Glucose","/wiki/Hemiacetal","/w/index.php?title=Chemical_substance&action=edit&section=5","/wiki/File:Vintage_cranberry_glass.jpg","//upload.wikimedia.org/wikipedia/commons/thumb/5/5f/Vintage_cranberry_glass.jpg/220px-Vintage_cranberry_glass.jpg","/wiki/File:Vintage_cranberry_glass.jpg","//bits.wikimedia.org/static-1.21wmf11/skins/common/images/magnify-clip.png","/wiki/Gold","/wiki/Mixture","/wiki/Mechanics","/wiki/Butter","/wiki/Soil","/wiki/Wood","/wiki/Sulfur","/wiki/Magnet","/wiki/Gram","/wiki/Mole_(unit)","/wiki/Iron(II)_sulfide","/wiki/Melting_point","/wiki/Solubility","/w/index.php?title=Chemical_substance&action=edit&section=6","#cite_note-10","#cite_note-11","#cite_note-12","/wiki/Fine_chemical","/wiki/United_States_Pharmacopeia","/w/index.php?title=Chemical_substance&action=edit&section=7","/wiki/Systematic_name","/wiki/IUPAC_nomenclature","/wiki/Chemical_Abstracts_Service","/wiki/Sugar","/wiki/Glucose","/wiki/Secondary_metabolite","/wiki/Pharmaceutical","/wiki/Naproxen","/wiki/Chemist","/wiki/Chemical_compound","/wiki/Chemical_formula","/wiki/Molecular_structure","/wiki/Scientific_literature","#cite_note-13","#cite_note-14","/wiki/IUPAC","/wiki/CAS_registry_number","/wiki/Chemistry_journal","/wiki/Patent","/wiki/Database","/wiki/Simplified_molecular_input_line_entry_specification","/wiki/International_Chemical_Identifier","/wiki/IUPAC_nomenclature","/wiki/Chemical_formula","/wiki/Chemical_structure","/wiki/CAS_registry_number","/wiki/International_Chemical_Identifier","/wiki/File:Ethanol-2D-skeletal.png","//upload.wikimedia.org/wikipedia/commons/thumb/f/fc/Ethanol-2D-skeletal.png/60px-Ethanol-2D-skeletal.png","/w/index.php?title=Chemical_substance&action=edit&section=8","/wiki/Pure","/wiki/Mixture","/wiki/Nature","/wiki/Chemical_reaction","/w/index.php?title=Chemical_substance&action=edit&section=9","/wiki/File:Nuvola_apps_edu_science.svg","//upload.wikimedia.org/wikipedia/commons/thumb/5/59/Nuvola_apps_edu_science.svg/28px-Nuvola_apps_edu_science.svg.png","/wiki/Portal:Chemistry","/wiki/IUPAC_nomenclature","/wiki/Prices_of_elements_and_their_compounds","/wiki/Chemical_safety_signs","/w/index.php?title=Chemical_substance&action=edit&section=10","//upload.wikimedia.org/wikipedia/en/thumb/4/4a/Commons-logo.svg/30px-Commons-logo.svg.png","//commons.wikimedia.org/wiki/Category:Chemical_substances","http://www.echemportal.org","/w/index.php?title=Chemical_substance&action=edit&section=11","#cite_ref-1","http://goldbook.iupac.org/C01039.html","/wiki/IUPAC_Compendium_of_Chemical_Terminology","/wiki/Digital_object_identifier","http://dx.doi.org/10.1351%2Fgoldbook.C01039","/wiki/International_Standard_Book_Number","/wiki/Special:BookSources/0-9678550-9-8","http://goldbook.iupac.org/C01039.html","#cite_ref-HillPetrucciP5_2-0","#cite_ref-3","http://www.diracdelta.co.uk/science/source/p/u/pure%20substance/source.html","#cite_ref-4","http://www.cas.org/ASSETS/58D34DD3892142D18F5C3B0A004D3A0C/indexguideapp.pdf","#cite_ref-5","http://www.epa.gov/oppt/newchems/pubs/invntory.htm","http://www.epa.gov/oppt/newchems/pubs/invntory.htm","#cite_ref-Hill_et_al_p37_6-0","#cite_ref-7","http://dbhs.wvusd.k12.ca.us/webdocs/AtomicStructure/LawofDefiniteProportion.html","#cite_ref-Hill_et_al_pp44-45_8-0","#cite_ref-9","#cite_ref-10","http://www.nicnas.gov.au/Industry/New_Chemicals/Does_My_Chemical_Require_Notification/What_Is_A_Chemical.asp","#cite_ref-11","http://www.bfr.bund.de/cd/569","#cite_ref-12","#cite_ref-13","http://www.rz.uni-karlsruhe.de/~ed01/Jslit/eduquim.htm","#cite_ref-14","http://www.cas.org/newsevents/releases/60millionth052011.html","http://en.wikipedia.org/w/index.php?title=Chemical_substance&oldid=546344116","/wiki/Help:Categories","/wiki/Category:Chemistry","/wiki/Category:Chemical_substances","/w/index.php?title=Special:UserLogin&returnto=Chemical+substance&type=signup","/w/index.php?title=Special:UserLogin&returnto=Chemical+substance","/wiki/Chemical_substance","/wiki/Talk:Chemical_substance","#","/wiki/Chemical_substance","/w/index.php?title=Chemical_substance&action=edit","/w/index.php?title=Chemical_substance&action=history","#","/w/index.php","//bits.wikimedia.org/static-1.21wmf11/skins/vector/images/search-ltr.png?303-4","/wiki/Main_Page","/wiki/Main_Page","/wiki/Portal:Contents","/wiki/Portal:Featured_content","/wiki/Portal:Current_events","/wiki/Special:Random","//donate.wikimedia.org/wiki/Special:FundraiserRedirector?utm_source=donate&utm_medium=sidebar&utm_campaign=C13_en.wikipedia.org&uselang=en","/wiki/Help:Contents","/wiki/Wikipedia:About","/wiki/Wikipedia:Community_portal","/wiki/Special:RecentChanges","/wiki/Wikipedia:Contact_us","/wiki/Special:WhatLinksHere/Chemical_substance","/wiki/Special:RecentChangesLinked/Chemical_substance","/wiki/Wikipedia:File_Upload_Wizard","/wiki/Special:SpecialPages","/w/index.php?title=Chemical_substance&oldid=546344116","/w/index.php?title=Chemical_substance&action=info","/w/index.php?title=Special:Cite&page=Chemical_substance&id=546344116","/w/index.php?title=Special:Book&bookcmd=book_creator&referer=Chemical+substance","/w/index.php?title=Special:Book&bookcmd=render_article&arttitle=Chemical+substance&oldid=546344116&writer=rl","/w/index.php?title=Chemical_substance&printable=yes","//ar.wikipedia.org/wiki/%D9%85%D8%A7%D8%AF%D8%A9_%D9%83%D9%8A%D9%85%D9%8A%D8%A7%D8%A6%D9%8A%D8%A9","//az.wikipedia.org/wiki/Madd%C9%99","//be.wikipedia.org/wiki/%D0%A0%D1%8D%D1%87%D1%8B%D0%B2%D0%B0","//be-x-old.wikipedia.org/wiki/%D0%A0%D1%8D%D1%87%D1%8B%D0%B2%D0%B0","//bg.wikipedia.org/wiki/%D0%A5%D0%B8%D0%BC%D0%B8%D1%87%D0%BD%D0%BE_%D0%B2%D0%B5%D1%89%D0%B5%D1%81%D1%82%D0%B2%D0%BE","//ca.wikipedia.org/wiki/Subst%C3%A0ncia_qu%C3%ADmica","//cv.wikipedia.org/wiki/%D0%AF%D0%BF%D0%B0%D0%BB%D0%B0%D0%BB%C4%83%D1%85","//cs.wikipedia.org/wiki/L%C3%A1tka","//sn.wikipedia.org/wiki/Mushonga","//da.wikipedia.org/wiki/Kemisk_stof","//de.wikipedia.org/wiki/Chemischer_Stoff","//et.wikipedia.org/wiki/Keemiline_aine","//el.wikipedia.org/wiki/%CE%A7%CE%B7%CE%BC%CE%B9%CE%BA%CE%AE_%CE%BF%CF%85%CF%83%CE%AF%CE%B1","//es.wikipedia.org/wiki/Sustancia_qu%C3%ADmica","//eo.wikipedia.org/wiki/Kemia%C4%B5o","//fa.wikipedia.org/wiki/%D9%85%D9%88%D8%A7%D8%AF_%D8%B4%DB%8C%D9%85%DB%8C%D8%A7%DB%8C%DB%8C","//fr.wikipedia.org/wiki/Substance_chimique","//gl.wikipedia.org/wiki/Substancia_qu%C3%ADmica","//ko.wikipedia.org/wiki/%ED%99%94%ED%95%99_%EB%AC%BC%EC%A7%88","//hr.wikipedia.org/wiki/Kemijska_tvar","//id.wikipedia.org/wiki/Zat_kimia","//it.wikipedia.org/wiki/Sostanza_pura","//he.wikipedia.org/wiki/%D7%9B%D7%99%D7%9E%D7%99%D7%A7%D7%9C","//jv.wikipedia.org/wiki/Zat_Kimia","//ka.wikipedia.org/wiki/%E1%83%9C%E1%83%98%E1%83%95%E1%83%97%E1%83%98%E1%83%94%E1%83%A0%E1%83%94%E1%83%91%E1%83%90","//kk.wikipedia.org/wiki/%D0%A5%D0%B8%D0%BC%D0%B8%D0%BA%D0%B0%D1%82%D1%82%D0%B0%D1%80","//ht.wikipedia.org/wiki/Sibstans","//ky.wikipedia.org/wiki/%D0%97%D0%B0%D1%82","//ltg.wikipedia.org/wiki/L%C4%ABtne_-_fizik%C4%81,_biologej%C4%81","//lv.wikipedia.org/wiki/%C4%B6%C4%ABmisk%C4%81_viela","//lt.wikipedia.org/wiki/Chemin%C4%97_med%C5%BEiaga","//mk.wikipedia.org/wiki/%D0%A1%D1%83%D0%BF%D1%81%D1%82%D0%B0%D0%BD%D1%86%D0%B0","//mr.wikipedia.org/wiki/%E0%A4%B0%E0%A4%BE%E0%A4%B8%E0%A4%BE%E0%A4%AF%E0%A4%A8%E0%A4%BF%E0%A4%95_%E0%A4%AA%E0%A4%A6%E0%A4%BE%E0%A4%B0%E0%A5%8D%E0%A4%A5","//ms.wikipedia.org/wiki/Bahan_kimia","//nl.wikipedia.org/wiki/Stof_(scheikunde)","//ne.wikipedia.org/wiki/%E0%A4%B0%E0%A4%BE%E0%A4%B8%E0%A4%BE%E0%A4%AF%E0%A4%A8%E0%A4%BF%E0%A4%95_%E0%A4%AA%E0%A4%A6%E0%A4%BE%E0%A4%B0%E0%A5%8D%E0%A4%A5","//ja.wikipedia.org/wiki/%E5%8C%96%E5%AD%A6%E7%89%A9%E8%B3%AA","//no.wikipedia.org/wiki/Kjemisk_substans","//nn.wikipedia.org/wiki/Kjemikalie","//mhr.wikipedia.org/wiki/%D0%AD%D0%BC%D0%B5%D0%BD","//km.wikipedia.org/wiki/%E1%9E%9F%E1%9E%B6%E1%9E%9A%E1%9E%92%E1%9E%B6%E1%9E%8F%E1%9E%BB%E1%9E%82%E1%9E%B8%E1%9E%98%E1%9E%B8","//nds.wikipedia.org/wiki/Cheemsch_Stoff","//pl.wikipedia.org/wiki/Substancja_chemiczna","//pt.wikipedia.org/wiki/Subst%C3%A2ncia","//ru.wikipedia.org/wiki/%D0%92%D0%B5%D1%89%D0%B5%D1%81%D1%82%D0%B2%D0%BE","//simple.wikipedia.org/wiki/Chemical_substance","//sr.wikipedia.org/wiki/%D0%A5%D0%B5%D0%BC%D0%B8%D1%98%D1%81%D0%BA%D0%B0_%D1%81%D1%83%D0%BF%D1%81%D1%82%D0%B0%D0%BD%D1%86%D0%B0","//sh.wikipedia.org/wiki/Supstanca","//su.wikipedia.org/wiki/Bahan_kimia","//fi.wikipedia.org/wiki/Kemikaali","//sv.wikipedia.org/wiki/Kemikalie","//tl.wikipedia.org/wiki/Kompuwesto","//ta.wikipedia.org/wiki/%E0%AE%B5%E0%AF%87%E0%AE%A4%E0%AE%BF%E0%AE%AA%E0%AF%8D%E0%AE%AA%E0%AF%8A%E0%AE%B0%E0%AF%81%E0%AE%B3%E0%AF%8D","//th.wikipedia.org/wiki/%E0%B8%AA%E0%B8%B2%E0%B8%A3%E0%B9%80%E0%B8%84%E0%B8%A1%E0%B8%B5","//tr.wikipedia.org/wiki/Kimyasal_madde","//uk.wikipedia.org/wiki/%D0%A0%D0%B5%D1%87%D0%BE%D0%B2%D0%B8%D0%BD%D0%B0","//ur.wikipedia.org/wiki/%DA%A9%DB%8C%D9%85%DB%8C%D8%A7%D8%A6%DB%8C_%D8%B4%DB%92","//vec.wikipedia.org/wiki/Sostansa","//fiu-vro.wikipedia.org/wiki/Ollus","//yi.wikipedia.org/wiki/%D7%9B%D7%A2%D7%9E%D7%99%D7%A9%D7%A2_%D7%A1%D7%95%D7%91%D7%A1%D7%98%D7%90%D7%A0%D7%A5","//yo.wikipedia.org/wiki/Ohun_%C3%A0p%C3%B2p%E1%BB%8D%CC%80%C3%B2g%C3%B9n","//zh.wikipedia.org/wiki/%E5%8C%96%E5%AD%A6%E7%89%A9%E8%B4%A8","//www.wikidata.org/wiki/Special:ItemByTitle/enwiki/Chemical substance","//en.wikipedia.org/wiki/Wikipedia:Text_of_Creative_Commons_Attribution-ShareAlike_3.0_Unported_License","//creativecommons.org/licenses/by-sa/3.0/","//wikimediafoundation.org/wiki/Terms_of_Use","//www.wikimediafoundation.org/","//en.wikipedia.org/wiki/Wikipedia:Contact_us","//wikimediafoundation.org/wiki/Privacy_policy","/wiki/Wikipedia:About","/wiki/Wikipedia:General_disclaimer","http://en.m.wikipedia.org/wiki/Chemical_substance","//wikimediafoundation.org/","//bits.wikimedia.org/images/wikimedia-button.png","//www.mediawiki.org/","//bits.wikimedia.org/static-1.21wmf11/skins/common/images/poweredby_mediawiki_88x31.png","//bits.wikimedia.org/en.wikipedia.org/load.php?debug=false&lang=en&modules=skins.vector&only=scripts&skin=vector&*","/w/index.php?title=MediaWiki:Gadget-ReferenceTooltips.js&action=raw&ctype=text/javascript&508635914","//bits.wikimedia.org/en.wikipedia.org/load.php?debug=false&lang=en&modules=site&only=scripts&skin=vector&*"],"instances":["physics","matter","geology","mineralogy","unit","molecule"],"pdf":["http://www.cas.org/ASSETS/58D34DD3892142D18F5C3B0A004D3A0C/indexguideapp.pdf"],"categories":["Chemistry","Chemical substances|"],"headings":["Definition","History","Chemical elements","Chemical compounds","Substances versus mixtures","Chemicals versus chemical substances","Naming and indexing","Isolation, purification, characterization, and identification","See also","External links","Notes and references"],"image":["//upload.wikimedia.org/wikipedia/commons/thumb/1/18/Kochendes_wasser02.jpg/220px-Kochendes_wasser02.jpg","//bits.wikimedia.org/static-1.21wmf11/skins/common/images/magnify-clip.png","//upload.wikimedia.org/wikipedia/commons/thumb/9/96/Nile_red_01.jpg/220px-Nile_red_01.jpg","//bits.wikimedia.org/static-1.21wmf11/skins/common/images/magnify-clip.png","//upload.wikimedia.org/wikipedia/commons/thumb/f/f1/Schwefel_01.jpg/220px-Schwefel_01.jpg","//bits.wikimedia.org/static-1.21wmf11/skins/common/images/magnify-clip.png","//upload.wikimedia.org/wikipedia/commons/thumb/3/3e/Potassium-ferricyanide-sample.jpg/220px-Potassium-ferricyanide-sample.jpg","//bits.wikimedia.org/static-1.21wmf11/skins/common/images/magnify-clip.png","//upload.wikimedia.org/wikipedia/commons/thumb/5/5f/Vintage_cranberry_glass.jpg/220px-Vintage_cranberry_glass.jpg","//bits.wikimedia.org/static-1.21wmf11/skins/common/images/magnify-clip.png","//upload.wikimedia.org/wikipedia/commons/thumb/f/fc/Ethanol-2D-skeletal.png/60px-Ethanol-2D-skeletal.png","//upload.wikimedia.org/wikipedia/commons/thumb/5/59/Nuvola_apps_edu_science.svg/28px-Nuvola_apps_edu_science.svg.png","//upload.wikimedia.org/wikipedia/en/thumb/4/4a/Commons-logo.svg/30px-Commons-logo.svg.png","//bits.wikimedia.org/static-1.21wmf11/skins/vector/images/search-ltr.png?303-4","//bits.wikimedia.org/images/wikimedia-button.png","//bits.wikimedia.org/static-1.21wmf11/skins/common/images/poweredby_mediawiki_88x31.png"],"tags":[["water","molecule"],["plasma","physics"],["phase","matter"],["rock","geology"],["lustre","mineralogy"],["mole","unit"],["iron(ii_sulfide"]],"members":["plasma","phase","rock","lustre","mole","water"],"related":["Chemistry","Matter","Chemical_compound","Water_(molecule)","Ratio","Hydrogen","Oxygen","Laboratory","Diamond","Gold","Edible_salt","Sodium_chloride","Sugar","Sucrose","Solid","Liquid","Gas","Plasma_(physics)","Phase_(matter)","Temperature","Pressure","Chemical_reaction","Energy","Light","Heat","Chemical_element","Matter","Chemical_Abstracts_Service","Alloys","Non-stoichiometric_compound","Palladium_hydride","Geology","Mineral","Rock_(geology)","Solid_solution","Feldspar","Anorthoclase","Concept","Joseph_Proust","Basic_copper_carbonate","Law_of_constant_composition","Chemical_synthesis","Organic_chemistry","Analytical_chemistry","Chemistry","Isomerism","Benzene","Friedrich_August_Kekulé","Stereoisomerism","Tartaric_acid","Diastereomer","Enantiomer","Sulfate","Hydrogen_sulfide","Chemical_element","Nuclear_reaction","Isotope","Radioactive_decay","Allotropes","Ozone","Metal","Lustre_(mineralogy)","Iron","Copper","Gold","Malleability","Ductility","Carbon","Nitrogen","Oxygen","Non-metal","Electronegativity","Ion","Silicon","Metalloid","Molecule","Ion","Chemical_reaction","Chemical_compound","Chemical_bond","Molecule","Crystal","Crystal_structure","Organic_compound","Inorganic_compound","Organometallic_compound","Covalent_bond","Ion","Ionic_bond","Salt","Isomer","Glucose","Fructose","Aldehyde","Ketone","Glucose_isomerase","Lobry–de_Bruyn–van_Ekenstein_transformation","Tautomer","Glucose","Hemiacetal","Mechanics","Butter","Soil","Wood","Sulfur","Magnet","Gram","Mole_(unit)","Iron(II)_sulfide","Melting_point","Solubility","Fine_chemical","United_States_Pharmacopeia","Systematic_name","IUPAC_nomenclature","Chemical_Abstracts_Service","Sugar","Glucose","Secondary_metabolite","Pharmaceutical","Naproxen","Chemist","Chemical_compound","Chemical_formula","Molecular_structure","Scientific_literature","IUPAC","CAS_registry_number","Chemistry_journal","Patent","Database","Simplified_molecular_input_line_entry_specification","International_Chemical_Identifier","IUPAC_nomenclature","Chemical_formula","Chemical_structure","CAS_registry_number","International_Chemical_Identifier","Pure","Mixture","Nature","Chemical_reaction","IUPAC_nomenclature","Prices_of_elements_and_their_compounds","Chemical_safety_signs"]}