{"cursor":"5644","size":15,"audio":[],"currentlang":"en","article":"\n'Mustard seeds' are the small round seeds of various mustard plants. The seeds\nare usually about 1 or 2 mm in diameter. Mustard seeds may be colored from\nyellowish white to black. They are important spices in many regional foods. The\nseeds can come from three different plants: black mustard ([[Brassica nigra]]),\nbrown Indian mustard ([[Brassica juncea|B. juncea]]), and white mustard ([[White\nmustard|B. hirta/Sinapis alba]]).\n","linknr":380,"url":"Mustard_seed","recorded":1363506580,"links":["/w/index.php?title=Mustard_seed&action=edit","/w/index.php?title=Mustard_seed&action=edit","//en.wikipedia.org/apple-touch-icon.png","//bits.wikimedia.org/favicon/wikipedia.ico","/w/opensearch_desc.php","//en.wikipedia.org/w/api.php?action=rsd","//creativecommons.org/licenses/by-sa/3.0/","/w/index.php?title=Special:RecentChanges&feed=atom","//bits.wikimedia.org/en.wikipedia.org/load.php?debug=false&lang=en&modules=ext.gadget.DRN-wizard%2CReferenceTooltips%2Ccharinsert%2Cteahouse%7Cext.wikihiero%7Cmediawiki.legacy.commonPrint%2Cshared%7Cmw.PopUpMediaTransform%7Cskins.vector&only=styles&skin=vector&*","//bits.wikimedia.org/en.wikipedia.org/load.php?debug=false&lang=en&modules=site&only=styles&skin=vector&*","//bits.wikimedia.org/en.wikipedia.org/load.php?debug=false&lang=en&modules=startup&only=scripts&skin=vector&*","//bits.wikimedia.org/geoiplookup","//meta.wikimedia.org","#mw-head","#p-search","/wiki/File:Mustard.png","//upload.wikimedia.org/wikipedia/commons/thumb/3/35/Mustard.png/225px-Mustard.png","/wiki/Food_energy","/wiki/Carbohydrate","/wiki/Sugar","/wiki/Dietary_fiber","/wiki/Fat","/wiki/Saturated_fat","/wiki/Monounsaturated_fat","/wiki/Polyunsaturated_fat","/wiki/Protein_(nutrient)","/wiki/Water","/wiki/Vitamin_A","/wiki/Thiamine","/wiki/Riboflavin","/wiki/Niacin","/wiki/Vitamin_B6","/wiki/Folate","/wiki/Vitamin_B12","/wiki/Vitamin_C","/wiki/Vitamin_E","/wiki/Vitamin_K","/wiki/Calcium#Nutrition","/wiki/Iron#Biological_role","/wiki/Magnesium_in_biology","/wiki/Phosphorus#Biological_role","/wiki/Potassium#Potassium_in_the_diet_and_by_supplement","/wiki/Sodium#Biological_role","/wiki/Zinc#Biological_role","/wiki/Dietary_Reference_Intake","http://www.nal.usda.gov/fnic/foodcomp/search/","/wiki/Mustard_plant","/wiki/Spice","/wiki/Brassica_nigra","/wiki/India","/wiki/Brassica_juncea","/wiki/White_mustard","#History","#Regional_usage","#Cultivation","#Production","#See_also","#References","#External_links","/w/index.php?title=Mustard_seed&action=edit&section=1","#cite_note-1","/wiki/Nahmanides","#cite_note-2","/wiki/Christian","/wiki/New_Testament","/wiki/Jesus","/wiki/Parable_of_the_Mustard_Seed","#cite_note-3","#cite_note-4","#cite_note-5","#cite_note-6","#cite_note-7","/w/index.php?title=Mustard_seed&action=edit&section=2","/wiki/Pickling","/wiki/Mangoes","/w/index.php?title=Mustard_seed&action=edit&section=3","#cite_note-8","/w/index.php?title=Mustard_seed&action=edit&section=4","/wiki/Tonne","//upload.wikimedia.org/wikipedia/en/thumb/c/cf/Flag_of_Canada.svg/22px-Flag_of_Canada.svg.png","/wiki/Canada","//upload.wikimedia.org/wikipedia/commons/thumb/9/9b/Flag_of_Nepal.svg/15px-Flag_of_Nepal.svg.png","/wiki/Nepal","//upload.wikimedia.org/wikipedia/commons/thumb/4/49/Flag_of_Ukraine.svg/22px-Flag_of_Ukraine.svg.png","/wiki/Ukraine","//upload.wikimedia.org/wikipedia/commons/thumb/8/8c/Flag_of_Myanmar.svg/22px-Flag_of_Myanmar.svg.png","/wiki/Myanmar","//upload.wikimedia.org/wikipedia/en/thumb/f/f3/Flag_of_Russia.svg/22px-Flag_of_Russia.svg.png","/wiki/Russia","//upload.wikimedia.org/wikipedia/en/thumb/a/a4/Flag_of_the_United_States.svg/22px-Flag_of_the_United_States.svg.png","/wiki/United_States","//upload.wikimedia.org/wikipedia/commons/thumb/f/fa/Flag_of_the_People%27s_Republic_of_China.svg/22px-Flag_of_the_People%27s_Republic_of_China.svg.png","/wiki/China","//upload.wikimedia.org/wikipedia/commons/thumb/c/cb/Flag_of_the_Czech_Republic.svg/22px-Flag_of_the_Czech_Republic.svg.png","/wiki/Czech_Republic","//upload.wikimedia.org/wikipedia/en/thumb/c/c3/Flag_of_France.svg/22px-Flag_of_France.svg.png","/wiki/France","//upload.wikimedia.org/wikipedia/commons/thumb/7/73/Flag_of_Romania.svg/22px-Flag_of_Romania.svg.png","/wiki/Romania","/wiki/UN_Food_%26_Agriculture_Organisation","#cite_note-9","/w/index.php?title=Mustard_seed&action=edit&section=5","/wiki/Mustard_(condiment)","/w/index.php?title=Mustard_seed&action=edit&section=6","#cite_ref-1","http://learnkabbalah.com/the_meaning_of_god/","/wiki/Wikipedia:V","http://learnkabbalah.com/about_jay_michaelson/","#cite_ref-2","http://www.aish.com/ci/sam/48951136.html","#cite_ref-3","http://bibref.hebtools.com/?book=%20Matthew&verse=13:31–13:32&src=NIV","#cite_ref-4","http://bibref.hebtools.com/?book=%20Matthew&verse=17:20–17:21&src=NIV","#cite_ref-5","http://bibref.hebtools.com/?book=%20Mark&verse=4:30–4:32&src=NIV","#cite_ref-6","http://bibref.hebtools.com/?book=%20Luke&verse=13:18–13:19&src=NIV","#cite_ref-7","http://bibref.hebtools.com/?book=%20Luke&verse=17:6&src=NIV","#cite_ref-8","http://www.agr.gc.ca/misb/spec/index_e.php?s1=mtd&page=intro","http://www.agr.gc.ca/misb/spec/index_e.php?s1=mtd&page=intro","#cite_ref-9","http://faostat.fao.org/site/567/DesktopDefault.aspx?PageID=567#ancor","http://faostat.fao.org/site/567/DesktopDefault.aspx?PageID=567#ancor","/w/index.php?title=Mustard_seed&action=edit&section=7","http://homecooking.about.com/od/foodhistory/a/mustardhistory.htm","http://www.keensmustard.com.au/about-keens-mustard/history-of-mustard","/wiki/Template:Herbs_%26_spices","/wiki/Template_talk:Herbs_%26_spices","//en.wikipedia.org/w/index.php?title=Template:Herbs_%26_spices&action=edit","/wiki/Herb","/wiki/Angelica_archangelica","/wiki/Basil","/wiki/Ocimum_tenuiflorum","/wiki/Thai_basil","/wiki/Bay_leaf","/wiki/Cinnamomum_tamala","/wiki/Boldo","/wiki/Borage","/wiki/Chervil","/wiki/Chives","/wiki/Allium_tuberosum","/wiki/Cicely","/wiki/Coriander","/wiki/Porophyllum_ruderale","/wiki/Persicaria_odorata","/wiki/Eryngium_foetidum","/wiki/Garden_cress","/wiki/Curry_Tree","/wiki/Dill","/wiki/Dysphania_ambrosioides","/wiki/Hemp","/wiki/Piper_auritum","/wiki/Houttuynia_cordata","/wiki/Hyssopus_officinalis","/wiki/Jimbu","/wiki/Elsholtzia_ciliata","/wiki/Lavandula_angustifolia","/wiki/Melissa_officinalis","/wiki/Cymbopogon","/wiki/Backhousia_citriodora","/wiki/Aloysia_citrodora","/wiki/Limnophila_aromatica","/wiki/Lovage","/wiki/Marjoram","/wiki/Mentha","/wiki/Mugwort","/wiki/Cryptotaenia","/wiki/Oregano","/wiki/Parsley","/wiki/Perilla","/wiki/Rosemary","/wiki/Ruta_graveolens","/wiki/Salvia_officinalis","/wiki/Satureja","/wiki/Zanthoxylum_piperitum","/wiki/Shiso","/wiki/Sorrel","/wiki/Tarragon","/wiki/Thyme","/wiki/Galium_odoratum","/wiki/Spice","/wiki/Aonori","/wiki/Trachyspermum_ammi","/wiki/Allspice","/wiki/Mango#Usage_as_food","/wiki/Anise","/wiki/Illicium_verum","/wiki/Asafoetida","/wiki/Cinnamomum_camphora","/wiki/Caraway","/wiki/Cardamom","/wiki/Black_cardamom","/wiki/Cinnamomum_aromaticum","/wiki/Cayenne_pepper","/wiki/Celery","/wiki/Charoli","/wiki/Chenpi","/wiki/Chili_pepper","/wiki/Cinnamon","/wiki/Clove","/wiki/Coriander","/wiki/Cubeb","/wiki/Cumin","/wiki/Nigella_sativa","/wiki/Bunium_persicum","/wiki/Dill","/wiki/Fennel","/wiki/Fenugreek","/wiki/Boesenbergia_rotunda","/wiki/Alpinia_galanga","/wiki/Alpinia_officinarum","/wiki/Garlic","/wiki/Ginger","/wiki/Kaempferia_galanga","/wiki/Heracleum_persicum","/wiki/Aframomum_melegueta","/wiki/Grains_of_Selim","/wiki/Horseradish","/wiki/Juniper_berry","/wiki/Garcinia_indica","/wiki/Aframomum_corrorima","/wiki/Black_lime","/wiki/Liquorice","/wiki/Litsea_cubeba","/wiki/Nutmeg","/wiki/Curcuma_amada","/wiki/Mahlab","/wiki/Brassica_nigra","/wiki/Brassica_juncea","/wiki/White_mustard","/wiki/Nigella_sativa","/wiki/Njangsa","/wiki/Nutmeg","/wiki/Paprika","/wiki/Alligator_pepper","/wiki/Schinus_terebinthifolius","/wiki/Long_pepper","/wiki/Schinus_molle","/wiki/Sichuan_pepper","/wiki/Tasmannia_lanceolata","/wiki/Black_pepper","/wiki/Pomegranate","/wiki/Poppy_seed","/wiki/Radhuni","/wiki/Rosa_%C3%97_damascena","/wiki/Saffron","/wiki/Salt","/wiki/Smilax_regelii","/wiki/Zanthoxylum_piperitum","/wiki/Sassafras","/wiki/Sesame","/wiki/Shiso","/wiki/Sumac","/wiki/Tamarind","/wiki/Dipteryx_odorata","/wiki/Turmeric","/wiki/Uzazi","/wiki/Vanilla","/wiki/Piper_borbonense","/wiki/Wasabi","/wiki/Yuzu","/wiki/Zedoary","/wiki/Berberis_vulgaris","/wiki/Zest_(ingredient)","/wiki/Spice_mix","/wiki/Adjika","/wiki/Advieh","/wiki/Baharat","/wiki/Berbere","/wiki/Bouquet_garni","/wiki/Buknu","/wiki/Chaat_masala","/wiki/Chaunk","/wiki/Chili_powder","/wiki/Crab_boil","/wiki/Curry_powder","/wiki/Doubanjiang","/wiki/Douchi","/wiki/Fines_herbes","/wiki/Five-spice_powder","/wiki/Garam_masala","/wiki/Garlic_salt","/wiki/Gochujang","/wiki/Harissa","/wiki/Hawaij","/wiki/Herbes_de_Provence","/wiki/Jamaican_jerk_spice","/wiki/Khmeli_suneli","/wiki/Lemon_pepper","/wiki/Masala","/wiki/Mitmita","/wiki/Mixed_spice","/wiki/Montreal_steak_seasoning","/wiki/Mulling_spices","/wiki/Old_Bay_Seasoning","/wiki/Panch_phoron","/wiki/Persillade","/wiki/Powder-douce","/wiki/Pumpkin_pie_spice","/wiki/Q%C3%A2lat_daqqa","/wiki/Quatre_%C3%A9pices","/wiki/Ras_el_hanout","/wiki/Recado_rojo","/wiki/Summer_savory","/wiki/Shichimi","/wiki/Tabil","/wiki/Tandoori_masala","/wiki/Vadouvan","/wiki/Yuzukosh%C5%8D","/wiki/Za%27atar","/wiki/List_of_Australian_herbs_and_spices","/wiki/Chinese_herbology","/wiki/List_of_culinary_herbs_and_spices","/wiki/List_of_Indian_spices","/wiki/List_of_Pakistani_spices","/wiki/Marination","/wiki/Spice_rub","/wiki/Tisane","http://en.wikipedia.org/w/index.php?title=Mustard_seed&oldid=541305506","/wiki/Help:Categories","/wiki/Category:Spices","/wiki/Category:Edible_nuts_and_seeds","/w/index.php?title=Special:UserLogin&returnto=Mustard+seed&type=signup","/w/index.php?title=Special:UserLogin&returnto=Mustard+seed","/wiki/Mustard_seed","/wiki/Talk:Mustard_seed","#","/wiki/Mustard_seed","/w/index.php?title=Mustard_seed&action=edit","/w/index.php?title=Mustard_seed&action=history","#","/w/index.php","//bits.wikimedia.org/static-1.21wmf11/skins/vector/images/search-ltr.png?303-4","/wiki/Main_Page","/wiki/Main_Page","/wiki/Portal:Contents","/wiki/Portal:Featured_content","/wiki/Portal:Current_events","/wiki/Special:Random","//donate.wikimedia.org/wiki/Special:FundraiserRedirector?utm_source=donate&utm_medium=sidebar&utm_campaign=C13_en.wikipedia.org&uselang=en","/wiki/Help:Contents","/wiki/Wikipedia:About","/wiki/Wikipedia:Community_portal","/wiki/Special:RecentChanges","/wiki/Wikipedia:Contact_us","/wiki/Special:WhatLinksHere/Mustard_seed","/wiki/Special:RecentChangesLinked/Mustard_seed","/wiki/Wikipedia:File_Upload_Wizard","/wiki/Special:SpecialPages","/w/index.php?title=Mustard_seed&oldid=541305506","/w/index.php?title=Mustard_seed&action=info","/w/index.php?title=Special:Cite&page=Mustard_seed&id=541305506","/w/index.php?title=Special:Book&bookcmd=book_creator&referer=Mustard+seed","/w/index.php?title=Special:Book&bookcmd=render_article&arttitle=Mustard+seed&oldid=541305506&writer=rl","/w/index.php?title=Mustard_seed&printable=yes","//cs.wikipedia.org/wiki/Ho%C5%99%C4%8Di%C4%8Dn%C3%A9_sem%C3%ADnko","//de.wikipedia.org/wiki/Senfkorn","//es.wikipedia.org/wiki/Granos_de_mostaza","//fa.wikipedia.org/wiki/%D8%AF%D8%A7%D9%86%D9%87_%D8%AE%D8%B1%D8%AF%D9%84","//ml.wikipedia.org/wiki/%E0%B4%95%E0%B4%9F%E0%B5%81%E0%B4%95%E0%B5%8D","//pt.wikipedia.org/wiki/Semente_de_mostarda","//www.wikidata.org/wiki/Special:ItemByTitle/enwiki/Mustard seed","//en.wikipedia.org/wiki/Wikipedia:Text_of_Creative_Commons_Attribution-ShareAlike_3.0_Unported_License","//creativecommons.org/licenses/by-sa/3.0/","//wikimediafoundation.org/wiki/Terms_of_Use","//www.wikimediafoundation.org/","//en.wikipedia.org/wiki/Wikipedia:Contact_us","//wikimediafoundation.org/wiki/Privacy_policy","/wiki/Wikipedia:About","/wiki/Wikipedia:General_disclaimer","http://en.m.wikipedia.org/wiki/Mustard_seed","//wikimediafoundation.org/","//bits.wikimedia.org/images/wikimedia-button.png","//www.mediawiki.org/","//bits.wikimedia.org/static-1.21wmf11/skins/common/images/poweredby_mediawiki_88x31.png","//bits.wikimedia.org/en.wikipedia.org/load.php?debug=false&lang=en&modules=skins.vector&only=scripts&skin=vector&*","/w/index.php?title=MediaWiki:Gadget-ReferenceTooltips.js&action=raw&ctype=text/javascript&508635914","//bits.wikimedia.org/en.wikipedia.org/load.php?debug=false&lang=en&modules=site&only=scripts&skin=vector&*"],"instances":["condiment"],"pdf":[],"categories":["Spices","Edible nuts and seeds"],"headings":["History","Regional usage","Cultivation","Production","See also","References","External links"],"image":["//upload.wikimedia.org/wikipedia/commons/thumb/3/35/Mustard.png/225px-Mustard.png","//upload.wikimedia.org/wikipedia/en/thumb/c/cf/Flag_of_Canada.svg/22px-Flag_of_Canada.svg.png","//upload.wikimedia.org/wikipedia/commons/thumb/9/9b/Flag_of_Nepal.svg/15px-Flag_of_Nepal.svg.png","//upload.wikimedia.org/wikipedia/commons/thumb/4/49/Flag_of_Ukraine.svg/22px-Flag_of_Ukraine.svg.png","//upload.wikimedia.org/wikipedia/commons/thumb/8/8c/Flag_of_Myanmar.svg/22px-Flag_of_Myanmar.svg.png","//upload.wikimedia.org/wikipedia/en/thumb/f/f3/Flag_of_Russia.svg/22px-Flag_of_Russia.svg.png","//upload.wikimedia.org/wikipedia/en/thumb/a/a4/Flag_of_the_United_States.svg/22px-Flag_of_the_United_States.svg.png","//upload.wikimedia.org/wikipedia/commons/thumb/f/fa/Flag_of_the_People%27s_Republic_of_China.svg/22px-Flag_of_the_People%27s_Republic_of_China.svg.png","//upload.wikimedia.org/wikipedia/commons/thumb/c/cb/Flag_of_the_Czech_Republic.svg/22px-Flag_of_the_Czech_Republic.svg.png","//upload.wikimedia.org/wikipedia/en/thumb/c/c3/Flag_of_France.svg/22px-Flag_of_France.svg.png","//upload.wikimedia.org/wikipedia/commons/thumb/7/73/Flag_of_Romania.svg/22px-Flag_of_Romania.svg.png","//bits.wikimedia.org/static-1.21wmf11/skins/vector/images/search-ltr.png?303-4","//bits.wikimedia.org/images/wikimedia-button.png","//bits.wikimedia.org/static-1.21wmf11/skins/common/images/poweredby_mediawiki_88x31.png"],"tags":[["mustard","condiment"]],"members":["mustard"],"related":["Mustard_plant","Spice","India","Nahmanides","Christian","New_Testament","Jesus","Parable_of_the_Mustard_Seed","Pickling","Mangoes","Tonne","Mustard_(condiment)"]}