{"cursor":"26811","size":15,"audio":[],"currentlang":"en","article":"\n'Pulp' is a lignocellulosic fibrous material prepared by chemically or\nmechanically separating cellulose fibres from wood, fibre crops or waste paper.\nWood pulp is the most common raw material in papermaking.\n","linknr":507,"url":"Deinked_pulp","recorded":1364161563,"links":["/w/index.php?title=Pulp_(paper)&action=edit","/w/index.php?title=Pulp_(paper)&action=edit","//en.wikipedia.org/apple-touch-icon.png","//bits.wikimedia.org/favicon/wikipedia.ico","/w/opensearch_desc.php","//en.wikipedia.org/w/api.php?action=rsd","//creativecommons.org/licenses/by-sa/3.0/","/w/index.php?title=Special:RecentChanges&feed=atom","/wiki/Pulp_(paper)","//bits.wikimedia.org/en.wikipedia.org/load.php?debug=false&lang=en&modules=ext.gadget.DRN-wizard%2CReferenceTooltips%2Ccharinsert%2Cteahouse%7Cext.wikihiero%7Cmediawiki.legacy.commonPrint%2Cshared%7Cmw.PopUpMediaTransform%7Cskins.vector&only=styles&skin=vector&*","//bits.wikimedia.org/en.wikipedia.org/load.php?debug=false&lang=en&modules=site&only=styles&skin=vector&*","//bits.wikimedia.org/en.wikipedia.org/load.php?debug=false&lang=en&modules=startup&only=scripts&skin=vector&*","//bits.wikimedia.org/geoiplookup","//meta.wikimedia.org","/w/index.php?title=Deinked_pulp&redirect=no","#mw-head","#p-search","/wiki/File:Paperfibersar.jpg","//upload.wikimedia.org/wikipedia/commons/thumb/c/cd/Paperfibersar.jpg/250px-Paperfibersar.jpg","/wiki/File:Paperfibersar.jpg","//bits.wikimedia.org/static-1.21wmf11/skins/common/images/magnify-clip.png","/wiki/Cellulose_fiber","/wiki/Wood","/wiki/Fibre_crop","/wiki/Paper_recycling","/wiki/Papermaking","#History","#Manufacture_of_wood_pulp","#Harvesting_trees","#Preparation_for_pulping","#Pulping","#Mechanical_pulp","#Thermomechanical_pulp","#Chemithermomechanical_pulp","#Chemical_pulp","#Recycled_pulp","#Organosolv_pulping","#Alternative_pulping_methods","#Bleaching","#Alternatives_to_wood_pulp","#Market_pulp","#Air_dry_pulp","#Roll_pulp","#Flash_dried_pulp","#Environmental_concerns","#Forest_resources","#Effluents_from_pulp_mills","#Odor_problems","#Applications","#Paper_production","#Economics","#See_also","#References","/w/index.php?title=Pulp_(paper)&action=edit&section=1","/wiki/Paper","/wiki/Lynn_Townsend_White,_Jr.","/wiki/Spinning_wheel","#cite_note-1","/wiki/Fibre_crop","/wiki/Linen","/wiki/F.G._Keller","#cite_note-eero-2","/wiki/Charles_Fenerty","/wiki/Nova_Scotia","#cite_note-3","/w/index.php?title=J._Roth&action=edit&redlink=1","/wiki/Sulfurous_acid","/w/index.php?title=B._Tilghman&action=edit&redlink=1","/wiki/United_States_patent_law","/wiki/Calcium_bisulfite","#cite_note-bier-4","/wiki/Sulfite_process","/wiki/Magnesium","/wiki/Counter_ion","/wiki/Carl_Daniel_Ekman","/wiki/Kraft_process","/w/index.php?title=Carl_F._Dahl&action=edit&redlink=1","#cite_note-bier-4","/wiki/Recovery_boiler","/w/index.php?title=G._H._Tomlinson&action=edit&redlink=1","#cite_note-eero-2","#cite_note-5","#cite_note-bier-4","#cite_note-6","#cite_note-market-7","/w/index.php?title=Pulp_(paper)&action=edit&section=2","/wiki/Timber","/wiki/Pulpwood","/wiki/Softwood","/wiki/Spruce","/wiki/Pine","/wiki/Fir","/wiki/Larch","/wiki/Tsuga","/wiki/Hardwood","/wiki/Eucalyptus","/wiki/Aspen","/wiki/Birch","#cite_note-8","/wiki/Lignin","/wiki/Hemicellulose","#cite_note-9","/wiki/Tonne","/w/index.php?title=Pulp_(paper)&action=edit&section=3","/wiki/Logging","/wiki/Forest_management","/wiki/Biodiversity","#cite_note-10","#cite_note-chase-11","/wiki/Reforestation","/wiki/Forest_Stewardship_Council","/wiki/Sustainable_Forestry_Initiative","/wiki/Programme_for_the_Endorsement_of_Forest_Certification","#cite_note-12","/wiki/Kraft_process","/wiki/Newsprint","#cite_note-13","#cite_note-14","/w/index.php?title=Pulp_(paper)&action=edit&section=4","/wiki/Woodchips","/wiki/Wood_processing","/wiki/Mulch","/wiki/Heartwood","/wiki/Sapwood_(wood)","/wiki/Bark","/w/index.php?title=Pulp_(paper)&action=edit&section=5","/w/index.php?title=Pulp_(paper)&action=edit&section=6","/wiki/Grindstone","/wiki/Silicon_carbide","/wiki/Aluminum_oxide","/wiki/Newsprint","/wiki/Paperboard","/w/index.php?title=Pulp_(paper)&action=edit&section=7","/wiki/File:Mechanicalpulping.png","//upload.wikimedia.org/wikipedia/commons/thumb/3/36/Mechanicalpulping.png/300px-Mechanicalpulping.png","/wiki/File:Mechanicalpulping.png","//bits.wikimedia.org/static-1.21wmf11/skins/common/images/magnify-clip.png","#cite_note-igg-15","/wiki/Wood_chip","/wiki/Thermo","/wiki/Bark","/wiki/Lignin","/wiki/Timber","#cite_note-igg-15","/w/index.php?title=Pulp_(paper)&action=edit&section=8","/wiki/Sodium_carbonate","/wiki/Sodium_hydroxide","/wiki/Sodium_sulfite","/wiki/PH","/w/index.php?title=Pulp_(paper)&action=edit&section=9","/wiki/File:InternationalPaper6413.jpg","//upload.wikimedia.org/wikipedia/commons/thumb/c/c5/InternationalPaper6413.jpg/220px-InternationalPaper6413.jpg","/wiki/File:InternationalPaper6413.jpg","//bits.wikimedia.org/static-1.21wmf11/skins/common/images/magnify-clip.png","/wiki/Fluff_pulp","/wiki/Absorption_(chemistry)","/wiki/Kraft_process","/wiki/Kraft_process","/wiki/Sulfite_process","/wiki/Soda_pulping","/wiki/Dissolving_pulp","/wiki/Fluff_pulp","/wiki/NBSK","/wiki/SBSK_(pulp)","/wiki/Digester","/wiki/Cellulose","/wiki/Cellulose_fibre","/wiki/Kraft_process","/wiki/Sulfite_process","/wiki/Soda_pulping","/w/index.php?title=Pulp_(paper)&action=edit&section=10","/wiki/Paper_recycling","/wiki/Deinking","/wiki/Paper_recycling","/wiki/Printing_ink","/wiki/Deinking","/wiki/Papermaking","/wiki/Newsprint","/wiki/Toilet_paper","/wiki/Facial_tissue","/w/index.php?title=Pulp_(paper)&action=edit&section=11","/wiki/Organosolv","/w/index.php?title=Pulp_(paper)&action=edit&section=12","/wiki/Fungus","#cite_note-16","/wiki/Lignin_peroxidase","/wiki/Environmentally_friendly","/wiki/Steam_exploded_fiber","#cite_note-Avella_1995-17","/w/index.php?title=Pulp_(paper)&action=edit&section=13","/wiki/Bleaching_of_wood_pulp","/wiki/Bleaching_of_wood_pulp","/wiki/White_paper","/wiki/Chlorine","/wiki/Chlorine_dioxide","/wiki/Oxygen","/wiki/Ozone","/wiki/Hydrogen_peroxide","/w/index.php?title=Pulp_(paper)&action=edit&section=14","/wiki/Tree-free_paper","/wiki/Fibre_crop","/wiki/Sustainability","/wiki/Wikipedia:Citation_needed","#cite_note-18","#cite_note-chase-11","#cite_note-market-7","#cite_note-19","#cite_note-20","/wiki/Nonwovens","/wiki/Filter_paper","/wiki/Tea_bag","#cite_note-FPC-21","/w/index.php?title=Pulp_(paper)&action=edit&section=15","#cite_note-marketpulp-22","/wiki/Brightness","/wiki/Metric_tons","#cite_note-23","/w/index.php?title=Pulp_(paper)&action=edit&section=16","/wiki/Paper","#cite_note-marketpulp-22","/w/index.php?title=Pulp_(paper)&action=edit&section=17","/wiki/Fluff_pulp","#cite_note-marketpulp-22","/w/index.php?title=Pulp_(paper)&action=edit&section=18","/wiki/Silo","/wiki/Charring","/wiki/Cellulose","/wiki/Cell_wall","/wiki/Lumen_(anatomy)","#cite_note-marketpulp-22","/w/index.php?title=Pulp_(paper)&action=edit&section=19","/wiki/Environmental_issues_with_paper","/w/index.php?title=Pulp_(paper)&action=edit&section=20","/wiki/Forest_management","/wiki/Logging","/wiki/Forest_management","/wiki/Pulp_mill","/wiki/Clear_cutting","/wiki/Logging","/wiki/Reforestation","/wiki/Biodiversity","/wiki/Monocultures","/wiki/Old_growth_forest","#cite_note-chase-11","/w/index.php?title=Pulp_(paper)&action=edit&section=21","/wiki/Kraft_process","/wiki/Sulfite_process","/wiki/Bleaching_of_wood_pulp","/wiki/Industrial_wastewater_treatment","/wiki/Hydrogen_peroxide","/wiki/Sodium_dithionite","/wiki/Sodium_sulfate","/wiki/Bleaching_of_wood_pulp","/wiki/Organochlorine","/wiki/Polychlorinated_dibenzodioxins","#cite_note-can-24","/w/index.php?title=Pulp_(paper)&action=edit&section=22","/wiki/Methanethiol","/wiki/Dimethyl_sulfide","/wiki/Dimethyl_disulfide","/wiki/Camembert_cheese","/w/index.php?title=Pulp_(paper)&action=edit&section=23","/wiki/Paper","/wiki/Paperboard","/wiki/Pulpwood","/wiki/Bleaching_of_wood_pulp","/wiki/Nanocellulose","/wiki/Dissolving_pulp","/wiki/Viscose","/wiki/Rayon","/wiki/Cellophane","/wiki/Cellulose","/wiki/Fluff_pulp","/wiki/Diapers","/wiki/Feminine_hygiene","/wiki/Nonwoven_fabric","/w/index.php?title=Pulp_(paper)&action=edit&section=24","/wiki/Fourdrinier_machine","/wiki/Papermaking","/wiki/Paper","/w/index.php?title=Pulp_(paper)&action=edit&section=25","/wiki/NBSK","#cite_note-25","/w/index.php?title=Pulp_(paper)&action=edit&section=26","/wiki/Nanocellulose","/wiki/Pulp_%26_Paper_chemicals","/wiki/Pulp_mill","/wiki/Pulpwood","/wiki/Johan_Richter_(inventor)","/wiki/World_Forestry_Congress","/w/index.php?title=Pulp_(paper)&action=edit&section=27","#cite_ref-1","http://www.cesaremarchetti.org/archive/scan/MARCHETTI-079.pdf","http://www.cesaremarchetti.org/archive/scan/MARCHETTI-079.pdf","#cite_ref-eero_2-0","#cite_ref-eero_2-1","/wiki/Academic_Press","#cite_ref-3","http://www.charlesfenerty.ca/book.html","/wiki/Special:BookSources/9780978331818","#cite_ref-bier_4-0","#cite_ref-bier_4-1","#cite_ref-bier_4-2","/wiki/International_Standard_Book_Number","/wiki/Special:BookSources/0-12-097360-X","#cite_ref-5","http://www.indiapapermarket.com/history1.asp","http://www.indiapapermarket.com/history1.asp","#cite_ref-6","http://web.archive.org/web/20071023105508/http://www.metso.com/corporation/home_eng.nsf/FR?ReadForm&ATL=/corporation/articles_eng.nsf/WebWID/WTB-060828-2256F-A001F","http://www.metso.com/corporation/home_eng.nsf/FR?ReadForm&ATL=/corporation/articles_eng.nsf/WebWID/WTB-060828-2256F-A001F","http://web.archive.org/web/20071023105508/http://www.metso.com/corporation/home_eng.nsf/FR?ReadForm&ATL=/corporation/articles_eng.nsf/WebWID/WTB-060828-2256F-A001F","#cite_ref-market_7-0","#cite_ref-market_7-1","http://www.pppc.org/en/2_0/2_1.html","http://www.pppc.org/en/2_0/2_1.html","#cite_ref-8","/wiki/Wikipedia:Citation_needed","#cite_ref-9","/wiki/International_Standard_Book_Number","/wiki/Special:BookSources/3-527-30997-7","#cite_ref-10","http://www.triplepundit.com/2007/10/askpablo-how-many-trees-does-my-office-kill/","http://www.triplepundit.com/2007/10/askpablo-how-many-trees-does-my-office-kill/","#cite_ref-chase_11-0","#cite_ref-chase_11-1","#cite_ref-chase_11-2","http://web.archive.org/web/20070619104819/http://www.ecology.com/feature-stories/paper-chase/index.html","http://www.ecology.com/feature-stories/paper-chase/index.html","http://web.archive.org/web/20070619104819/http://www.ecology.com/feature-stories/paper-chase/index.html","#cite_ref-12","http://www.fsccanada.org/certification.htm","http://www.fsccanada.org/certification.htm","#cite_ref-13","http://www.conservatree.com/learn/EnviroIssues/TreeStats.shtml","#cite_ref-14","http://www.doa.state.wi.us/docs_view2.asp?docid=778","#cite_ref-igg_15-0","#cite_ref-igg_15-1","#cite_ref-16","http://www.jbiochemtech.com","http://www.jbiochemtech.com","#cite_ref-Avella_1995_17-0","http://books.google.com/books?id=NckXAAAAIAAJ","http://books.google.com/books?id=NckXAAAAIAAJ","#cite_ref-18","http://canopyplanet.org/what-we-do/straw-paper/growing-new-paper-options/","http://canopyplanet.org/what-we-do/straw-paper/growing-new-paper-options/","#cite_ref-19","http://www.inpaper.com/magzines/inpaper/oct-dec-y1k/analysis-4.htm","http://www.inpaper.com/magzines/inpaper/oct-dec-y1k/analysis-4.htm","#cite_ref-20","http://news.southcn.com/gdnews/nanyuedadi/content/2009-07/20/content_5389863.htm","#cite_ref-FPC_21-0","/wiki/International_Standard_Book_Number","/wiki/Special:BookSources/952-5216-03-9","#cite_ref-marketpulp_22-0","#cite_ref-marketpulp_22-1","#cite_ref-marketpulp_22-2","#cite_ref-marketpulp_22-3","/wiki/International_Standard_Book_Number","/wiki/Special:BookSources/0-615-13013-5","#cite_ref-23","/wiki/International_Standard_Book_Number","/wiki/Special:BookSources/0-615-13013-5","#cite_ref-can_24-0","http://www.hc-sc.gc.ca/ewh-semt/pubs/contaminants/psl1-lsp1/pulp_mill_effluents_pate_blanchie/index_e.html","/wiki/Special:BookSources/0662187342","http://www.hc-sc.gc.ca/ewh-semt/pubs/contaminants/psl1-lsp1/pulp_mill_effluents_pate_blanchie/index_e.html","#cite_ref-25","/wiki/The_Chronicle","/wiki/Template:Paper","/wiki/Template_talk:Paper","//en.wikipedia.org/w/index.php?title=Template:Paper&action=edit","/wiki/Paper","/wiki/History_of_paper","/wiki/Wood_pulp","/wiki/Fiber_crop","/wiki/Papyrus","/wiki/Paper_chemicals","/wiki/Blotting_paper","/wiki/Bond_paper","/wiki/Construction_paper","/wiki/Copy_paper","/wiki/Cotton_paper","/wiki/Cr%C3%AApe_paper","/wiki/Glassine","/wiki/India_paper","/wiki/Kraft_paper","/wiki/Laid_paper","/wiki/Manila_paper","/wiki/Newsprint","/wiki/Onionskin","/wiki/Origami_paper","/wiki/Rag_paper","/wiki/Rice_paper","/wiki/Security_paper","/wiki/Seed_paper","/wiki/Tar_paper","/wiki/Thermal_paper","/wiki/Tissue_paper","/wiki/Tracing_paper","/wiki/Transfer_paper","/wiki/Tree-free_paper","/wiki/Wallpaper","/wiki/Waterproof_paper","/wiki/Wax_paper","/wiki/Wood-free_paper","/wiki/Wove_paper","/wiki/Paper#Types.2C_thickness_and_weight","/wiki/Paper_size","/wiki/Paper_density","/wiki/Papermaking","/wiki/Paper_engineering","/wiki/Paper_mill","/wiki/Paper_machine","/wiki/Sulfite_process","/wiki/Kraft_process","/wiki/Soda_pulping","/wiki/Paper_recycling","/wiki/List_of_paper_mills","/wiki/Pulp_and_paper_industry_in_Europe","/wiki/Pulp_and_paper_industry_in_the_United_States","/wiki/Pulp_and_paper_industry_in_Japan","/wiki/Bleaching_of_wood_pulp","/wiki/Environmental_impact_of_paper","/wiki/Paper_pollution","//upload.wikimedia.org/wikipedia/en/thumb/4/48/Folder_Hexagonal_Icon.svg/16px-Folder_Hexagonal_Icon.svg.png","/wiki/Category:Paper","//upload.wikimedia.org/wikipedia/en/thumb/4/4a/Commons-logo.svg/12px-Commons-logo.svg.png","//commons.wikimedia.org/wiki/Category:Paper","http://en.wikipedia.org/w/index.php?title=Pulp_(paper)&oldid=545553147#Recycled_pulp","/wiki/Help:Categories","/wiki/Category:Wood","/wiki/Category:Papermaking","/wiki/Category:Cellulose","/wiki/Category:All_articles_with_unsourced_statements","/wiki/Category:Articles_with_unsourced_statements_from_September_2011","/wiki/Category:Articles_with_unsourced_statements_from_July_2009","/w/index.php?title=Special:UserLogin&returnto=Pulp+%28paper%29&type=signup","/w/index.php?title=Special:UserLogin&returnto=Pulp+%28paper%29","/wiki/Pulp_(paper)","/wiki/Talk:Pulp_(paper)","#","/wiki/Pulp_(paper)","/w/index.php?title=Pulp_(paper)&action=edit","/w/index.php?title=Pulp_(paper)&action=history","#","/w/index.php","//bits.wikimedia.org/static-1.21wmf11/skins/vector/images/search-ltr.png?303-4","/wiki/Main_Page","/wiki/Main_Page","/wiki/Portal:Contents","/wiki/Portal:Featured_content","/wiki/Portal:Current_events","/wiki/Special:Random","//donate.wikimedia.org/wiki/Special:FundraiserRedirector?utm_source=donate&utm_medium=sidebar&utm_campaign=C13_en.wikipedia.org&uselang=en","/wiki/Help:Contents","/wiki/Wikipedia:About","/wiki/Wikipedia:Community_portal","/wiki/Special:RecentChanges","/wiki/Wikipedia:Contact_us","/wiki/Special:WhatLinksHere/Pulp_(paper)","/wiki/Special:RecentChangesLinked/Pulp_(paper)","/wiki/Wikipedia:File_Upload_Wizard","/wiki/Special:SpecialPages","/w/index.php?title=Pulp_(paper)&oldid=545553147","/w/index.php?title=Pulp_(paper)&action=info","/w/index.php?title=Special:Cite&page=Pulp_%28paper%29&id=545553147","/w/index.php?title=Special:Book&bookcmd=book_creator&referer=Pulp+%28paper%29","/w/index.php?title=Special:Book&bookcmd=render_article&arttitle=Pulp+%28paper%29&oldid=545553147&writer=rl","/w/index.php?title=Pulp_(paper)&printable=yes","//ar.wikipedia.org/wiki/%D9%84%D8%A8_%D8%A7%D9%84%D9%88%D8%B1%D9%82","//ca.wikipedia.org/wiki/Polpa_de_cel%C2%B7lulosa","//cs.wikipedia.org/wiki/D%C5%99evovina","//de.wikipedia.org/wiki/Holzstoff","//es.wikipedia.org/wiki/Pulpa_de_celulosa","//fr.wikipedia.org/wiki/P%C3%A2te_%C3%A0_papier","//ko.wikipedia.org/wiki/%ED%8E%84%ED%94%84","//id.wikipedia.org/wiki/Pulp","//nl.wikipedia.org/wiki/Pulp_(organisch)","//ja.wikipedia.org/wiki/%E3%83%91%E3%83%AB%E3%83%97","//no.wikipedia.org/wiki/Papirmasse","//pl.wikipedia.org/wiki/%C5%9Acier","//pt.wikipedia.org/wiki/Polpa_de_celulose","//ru.wikipedia.org/wiki/%D0%94%D1%80%D0%B5%D0%B2%D0%B5%D1%81%D0%BD%D0%B0%D1%8F_%D0%BC%D0%B0%D1%81%D1%81%D0%B0","//fi.wikipedia.org/wiki/Paperimassa","//sv.wikipedia.org/wiki/Pappersmassa","//uk.wikipedia.org/wiki/%D0%94%D0%B5%D1%80%D0%B5%D0%B2%D0%BD%D0%B0_%D0%BC%D0%B0%D1%81%D0%B0","//vi.wikipedia.org/wiki/B%E1%BB%99t_gi%E1%BA%A5y","//zh.wikipedia.org/wiki/%E6%9C%A8%E6%B5%86","//www.wikidata.org/wiki/Special:ItemByTitle/enwiki/Pulp (paper)","//en.wikipedia.org/wiki/Wikipedia:Text_of_Creative_Commons_Attribution-ShareAlike_3.0_Unported_License","//creativecommons.org/licenses/by-sa/3.0/","//wikimediafoundation.org/wiki/Terms_of_Use","//www.wikimediafoundation.org/","//en.wikipedia.org/wiki/Wikipedia:Contact_us","//wikimediafoundation.org/wiki/Privacy_policy","/wiki/Wikipedia:About","/wiki/Wikipedia:General_disclaimer","http://en.m.wikipedia.org/wiki/Pulp_(paper)#Recycled_pulp","//wikimediafoundation.org/","//bits.wikimedia.org/images/wikimedia-button.png","//www.mediawiki.org/","//bits.wikimedia.org/static-1.21wmf11/skins/common/images/poweredby_mediawiki_88x31.png","//bits.wikimedia.org/en.wikipedia.org/load.php?debug=false&lang=en&modules=skins.vector&only=scripts&skin=vector&*","/w/index.php?title=MediaWiki:Gadget-ReferenceTooltips.js&action=raw&ctype=text/javascript&508635914","//bits.wikimedia.org/en.wikipedia.org/load.php?debug=false&lang=en&modules=site&only=scripts&skin=vector&*"],"instances":["inventor","chemistry","anatomy","wood"],"pdf":["http://www.cesaremarchetti.org/archive/scan/MARCHETTI-079.pdf","http://www.cesaremarchetti.org/archive/scan/MARCHETTI-079.pdf"],"categories":["Wood","Papermaking","Cellulose"],"headings":["History","Manufacture of wood pulp","Alternatives to wood pulp","Market pulp","Environmental concerns","Applications","Economics","See also","References"],"image":["//upload.wikimedia.org/wikipedia/commons/thumb/c/cd/Paperfibersar.jpg/250px-Paperfibersar.jpg","//bits.wikimedia.org/static-1.21wmf11/skins/common/images/magnify-clip.png","//upload.wikimedia.org/wikipedia/commons/thumb/3/36/Mechanicalpulping.png/300px-Mechanicalpulping.png","//bits.wikimedia.org/static-1.21wmf11/skins/common/images/magnify-clip.png","//upload.wikimedia.org/wikipedia/commons/thumb/c/c5/InternationalPaper6413.jpg/220px-InternationalPaper6413.jpg","//bits.wikimedia.org/static-1.21wmf11/skins/common/images/magnify-clip.png","//upload.wikimedia.org/wikipedia/en/thumb/4/48/Folder_Hexagonal_Icon.svg/16px-Folder_Hexagonal_Icon.svg.png","//upload.wikimedia.org/wikipedia/en/thumb/4/4a/Commons-logo.svg/12px-Commons-logo.svg.png","//bits.wikimedia.org/static-1.21wmf11/skins/vector/images/search-ltr.png?303-4","//bits.wikimedia.org/images/wikimedia-button.png","//bits.wikimedia.org/static-1.21wmf11/skins/common/images/poweredby_mediawiki_88x31.png"],"tags":[["sapwood","wood"],["absorption","chemistry"],["lumen","anatomy"],["johan_richter","inventor"]],"members":["johan_richter","absorption","lumen","sapwood"],"related":["Cellulose_fiber","Wood","Fibre_crop","Paper_recycling","Papermaking","Paper","Lynn_Townsend_White,_Jr.","Spinning_wheel","Fibre_crop","Linen","F.G._Keller","Charles_Fenerty","Nova_Scotia","J._Roth","Sulfurous_acid","B._Tilghman","United_States_patent_law","Calcium_bisulfite","Sulfite_process","Magnesium","Counter_ion","Carl_Daniel_Ekman","Kraft_process","Carl_F._Dahl","Recovery_boiler","G._H._Tomlinson","Timber","Pulpwood","Softwood","Spruce","Pine","Fir","Larch","Tsuga","Hardwood","Eucalyptus","Aspen","Birch","Lignin","Hemicellulose","Forest_management","Biodiversity","Reforestation","Forest_Stewardship_Council","Sustainable_Forestry_Initiative","Programme_for_the_Endorsement_of_Forest_Certification","Kraft_process","Newsprint","Wood_processing","Mulch","Heartwood","Sapwood_(wood)","Bark","Grindstone","Silicon_carbide","Aluminum_oxide","Newsprint","Paperboard","Wood_chip","Thermo","Bark","Lignin","Timber","Sodium_carbonate","Sodium_hydroxide","Sodium_sulfite","PH","Absorption_(chemistry)","Kraft_process","Digester","Cellulose","Cellulose_fibre","Kraft_process","Sulfite_process","Soda_pulping","Paper_recycling","Printing_ink","Deinking","Papermaking","Newsprint","Toilet_paper","Facial_tissue","Fungus","Lignin_peroxidase","Environmentally_friendly","Steam_exploded_fiber","Bleaching_of_wood_pulp","White_paper","Chlorine","Chlorine_dioxide","Oxygen","Ozone","Hydrogen_peroxide","Sustainability","Nonwovens","Filter_paper","Tea_bag","Brightness","Metric_tons","Paper","Fluff_pulp","Silo","Charring","Cellulose","Cell_wall","Lumen_(anatomy)","Logging","Forest_management","Pulp_mill","Clear_cutting","Logging","Reforestation","Biodiversity","Monocultures","Old_growth_forest","Industrial_wastewater_treatment","Hydrogen_peroxide","Sodium_dithionite","Sodium_sulfate","Bleaching_of_wood_pulp","Organochlorine","Polychlorinated_dibenzodioxins","Methanethiol","Dimethyl_sulfide","Dimethyl_disulfide","Camembert_cheese","Paper","Paperboard","Pulpwood","Bleaching_of_wood_pulp","Nanocellulose","Dissolving_pulp","Viscose","Rayon","Cellophane","Cellulose","Fluff_pulp","Diapers","Feminine_hygiene","Nonwoven_fabric","Papermaking","Paper","NBSK","Nanocellulose","Pulp_&_Paper_chemicals","Pulp_mill","Pulpwood","Johan_Richter_(inventor)","World_Forestry_Congress"]}