{"cursor":"1779","size":15,"audio":[],"currentlang":"en","article":"'Jack Bernstein', also known as \"John Dodick,\" \"Kid Murphy,\" and Young Murphy,\"\n(November 5, 1899, in New York, New York â December 26, 1945) was an American\nboxer. He was World Junior lightweight Champion, with the title taken from and\nlater lost to Johnny Dundee . {{cite news |author= |title=Hoots\n|date=December 24, 1923 |work=Time Magazine\n|url=http://www.time.com/time/magazine/article/0,9171,727679,00.html\n|accessdate=August 10, 2008 }} Bernstein, who was Jewish, was inducted\ninto the International Jewish Sports Hall of Fame in\n2000. [http://www.jewishsports.net/BioPages/JackBernstein.htm Jack Bernstein\n(John Dodick) ] at www.jewishsports.net\n","linknr":109,"url":"Young_Murphy","recorded":1362557661,"links":14,"instances":[],"pdf":[],"categories":["1899 births","1945 deaths","Jewish boxers","Boxers from New York","Super-featherweight boxers","Featherweight boxers","Sportspeople from New York City","World super-featherweight boxing champions","World boxing champions"],"headings":["See also","Notes","External links"],"image":["//upload.wikimedia.org/wikipedia/commons/thumb/d/db/Boxingicon_US.svg/35px-Boxingicon_US.svg.png","//bits.wikimedia.org/static-1.21wmf10/skins/vector/images/search-ltr.png?303-4","//bits.wikimedia.org/images/wikimedia-button.png","//bits.wikimedia.org/static-1.21wmf10/skins/common/images/poweredby_mediawiki_88x31.png"],"tags":[],"members":[],"related":["Young_Murphy","New_York,_New_York","Boxing","Junior_lightweight","Johnny_Dundee","Time_Magazine","Jew","International_Jewish_Sports_Hall_of_Fame"]}