{"cursor":"2225","size":15,"audio":[],"currentlang":"en","article":"{{Infobox Italian comune\n| name = Nicolosi official_name = Comune di Nicolosi native_name = image_skyline\n| = Panorama Nicolosi.JPG imagesize = image_alt = image_caption = image_shield =\n| Nicolosi-Stemma.png shield_alt = image_map = map_alt = map_caption =\n| pushpin_label_position = pushpin_map_alt = latd = 37 |latm = 37 |lats = |latNS\n| = N longd = 15 |longm = 1 |longs = |longEW = E coordinates_type =\n| type:city(6,560)_region:IT coordinates_display = coordinates_footnotes =\n| region = Sicily province = Catania (CT) frazioni = mayor_party = mayor =\n| Antonino BorzÃ¬ area_footnotes = area_total_km2 = 42.5 population_footnotes =\n| population_total = 6959 population_as_of = December 2007 All\n| demographics and other statistics: Italian statistical institute Istat.\n| pop_density_footnotes = population_demonym = Nicolositi elevation_footnotes =\n| elevation_m = 700 twin1 = twin1_country = saint = St. Anthony of Padua day =\n| Second Sunday in August postal_code = 95030 area_code = 095 website =\n| footnotes =\n}}\n\n'Nicolosi' () is a [[comune]] (municipality) in the Province of Catania in the\nItalian region Sicily, located about 160 km southeast of Palermo and about\n12 km northwest of Catania.\n\nNicolosi borders the following municipalities: Adrano, Belpasso, Biancavilla,\nBronte, Castiglione di Sicilia, Maletto, Mascalucia, Pedara, Randazzo,\nSant'Alfio, Zafferana Etnea.\n","linknr":216,"url":"nicolosi","recorded":1364116841,"links":["/w/index.php?title=Nicolosi&action=edit","/w/index.php?title=Nicolosi&action=edit","//en.wikipedia.org/apple-touch-icon.png","//bits.wikimedia.org/favicon/wikipedia.ico","/w/opensearch_desc.php","//en.wikipedia.org/w/api.php?action=rsd","//creativecommons.org/licenses/by-sa/3.0/","/w/index.php?title=Special:RecentChanges&feed=atom","//bits.wikimedia.org/en.wikipedia.org/load.php?debug=false&lang=en&modules=ext.gadget.DRN-wizard%2CReferenceTooltips%2Ccharinsert%2Cteahouse%7Cext.wikihiero%7Cmediawiki.legacy.commonPrint%2Cshared%7Cmw.PopUpMediaTransform%7Cskins.vector&only=styles&skin=vector&*","//bits.wikimedia.org/en.wikipedia.org/load.php?debug=false&lang=en&modules=site&only=styles&skin=vector&*","//bits.wikimedia.org/en.wikipedia.org/load.php?debug=false&lang=en&modules=startup&only=scripts&skin=vector&*","//bits.wikimedia.org/geoiplookup","//meta.wikimedia.org","#mw-head","#p-search","/wiki/Comune","/wiki/File:Panorama_Nicolosi.JPG","//upload.wikimedia.org/wikipedia/commons/thumb/9/97/Panorama_Nicolosi.JPG/250px-Panorama_Nicolosi.JPG","/wiki/File:Nicolosi-Stemma.png","//upload.wikimedia.org/wikipedia/en/thumb/6/60/Nicolosi-Stemma.png/100px-Nicolosi-Stemma.png","/wiki/File:Italy_provincial_location_map.svg","//upload.wikimedia.org/wikipedia/commons/thumb/6/6b/Italy_provincial_location_map.svg/250px-Italy_provincial_location_map.svg.png","//upload.wikimedia.org/wikipedia/en/thumb/0/0c/Red_pog.svg/6px-Red_pog.svg.png","http://toolserver.org/~geohack/geohack.php?pagename=Nicolosi&params=37_37_N_15_1_E_type:city(6,560)_region:IT","/wiki/Italy","/wiki/Regions_of_Italy","/wiki/Sicily","/wiki/Provinces_of_Italy","/wiki/Province_of_Catania","#cite_note-istat-1","/wiki/Demonym","/wiki/Time_zone","/wiki/Central_European_Time","/wiki/UTC%2B1","/wiki/Daylight_saving_time","/wiki/Central_European_Summer_Time","/wiki/UTC%2B2","/wiki/Area_codes_in_Italy","http://www.comune.nicolosi.ct.it/","/wiki/Sicilian_language","/wiki/Comune","/wiki/Province_of_Catania","/wiki/Italy","/wiki/Sicily","/wiki/Palermo","/wiki/Catania","/wiki/Adrano","/wiki/Belpasso","/wiki/Biancavilla","/wiki/Bronte_(CT)","/wiki/Castiglione_di_Sicilia","/wiki/Maletto","/wiki/Mascalucia","/wiki/Pedara","/wiki/Randazzo","/wiki/Sant%27Alfio","/wiki/Zafferana_Etnea","/w/index.php?title=Nicolosi&action=edit&section=1","#cite_ref-istat_1-0","/wiki/National_Institute_of_Statistics_(Italy)","/w/index.php?title=Nicolosi&action=edit&section=2","http://www.comune.nicolosi.ct.it/","/wiki/File:Flag-map_of_Sicily.svg","//upload.wikimedia.org/wikipedia/commons/thumb/1/12/Flag-map_of_Sicily.svg/35px-Flag-map_of_Sicily.svg.png","/wiki/Wikipedia:Stub","//en.wikipedia.org/w/index.php?title=Nicolosi&action=edit","/wiki/Template:Sicily-geo-stub","/wiki/Template_talk:Sicily-geo-stub","//en.wikipedia.org/w/index.php?title=Template:Sicily-geo-stub&action=edit","/wiki/Template:Province_of_Catania","/wiki/Template_talk:Province_of_Catania","//en.wikipedia.org/w/index.php?title=Template:Province_of_Catania&action=edit","/wiki/Sicily","/wiki/Comune","/wiki/Province_of_Catania","/wiki/Aci_Bonaccorsi","/wiki/Aci_Castello","/wiki/Aci_Catena","/wiki/Aci_Sant%27Antonio","/wiki/Acireale","/wiki/Adrano","/wiki/Belpasso","/wiki/Biancavilla","/wiki/Bronte,_Sicily","/wiki/Calatabiano","/wiki/Caltagirone","/wiki/Camporotondo_Etneo","/wiki/Castel_di_Iudica","/wiki/Castiglione_di_Sicilia","/wiki/Catania","/wiki/Fiumefreddo_di_Sicilia","/wiki/Giarre","/wiki/Grammichele","/wiki/Gravina_di_Catania","/wiki/Licodia_Eubea","/wiki/Linguaglossa","/wiki/Maletto","/wiki/Maniace","/wiki/Mascali","/wiki/Mascalucia","/wiki/Mazzarrone","/wiki/Militello_in_Val_di_Catania","/wiki/Milo,_Sicily","/wiki/Mineo","/wiki/Mirabella_Imbaccari","/wiki/Misterbianco","/wiki/Motta_Sant%27Anastasia","/wiki/Palagonia","/wiki/Patern%C3%B2","/wiki/Pedara","/wiki/Piedimonte_Etneo","/wiki/Raddusa","/wiki/Ragalna","/wiki/Ramacca","/wiki/Randazzo","/wiki/Riposto","/wiki/San_Cono","/wiki/San_Giovanni_la_Punta","/wiki/San_Gregorio_di_Catania","/wiki/San_Michele_di_Ganzaria","/wiki/San_Pietro_Clarenza","/wiki/Sant%27Agata_li_Battiati","/wiki/Sant%27Alfio","/wiki/Santa_Maria_di_Licodia","/wiki/Santa_Venerina","/wiki/Scordia","/wiki/Trecastagni","/wiki/Tremestieri_Etneo","/wiki/Valverde,_Sicily","/wiki/Viagrande","/wiki/Vizzini","/wiki/Zafferana_Etnea","http://en.wikipedia.org/w/index.php?title=Nicolosi&oldid=539511117","/wiki/Help:Categories","/wiki/Category:Sicily_geography_stubs","/wiki/Category:Cities_and_towns_in_Sicily","/wiki/Category:Municipalities_of_the_Province_of_Catania","/wiki/Category:Articles_containing_Italian_language_text","/wiki/Category:Pages_with_bad_rounding_precision","/wiki/Category:Articles_containing_Sicilian_language_text","/w/index.php?title=Special:UserLogin&returnto=Nicolosi&type=signup","/w/index.php?title=Special:UserLogin&returnto=Nicolosi","/wiki/Nicolosi","/wiki/Talk:Nicolosi","#","/wiki/Nicolosi","/w/index.php?title=Nicolosi&action=edit","/w/index.php?title=Nicolosi&action=history","#","/w/index.php","//bits.wikimedia.org/static-1.21wmf11/skins/vector/images/search-ltr.png?303-4","/wiki/Main_Page","/wiki/Main_Page","/wiki/Portal:Contents","/wiki/Portal:Featured_content","/wiki/Portal:Current_events","/wiki/Special:Random","//donate.wikimedia.org/wiki/Special:FundraiserRedirector?utm_source=donate&utm_medium=sidebar&utm_campaign=C13_en.wikipedia.org&uselang=en","/wiki/Help:Contents","/wiki/Wikipedia:About","/wiki/Wikipedia:Community_portal","/wiki/Special:RecentChanges","/wiki/Wikipedia:Contact_us","/wiki/Special:WhatLinksHere/Nicolosi","/wiki/Special:RecentChangesLinked/Nicolosi","/wiki/Wikipedia:File_Upload_Wizard","/wiki/Special:SpecialPages","/w/index.php?title=Nicolosi&oldid=539511117","/w/index.php?title=Nicolosi&action=info","/w/index.php?title=Special:Cite&page=Nicolosi&id=539511117","/w/index.php?title=Special:Book&bookcmd=book_creator&referer=Nicolosi","/w/index.php?title=Special:Book&bookcmd=render_article&arttitle=Nicolosi&oldid=539511117&writer=rl","/w/index.php?title=Nicolosi&printable=yes","//ar.wikipedia.org/wiki/%D9%86%D9%8A%D9%83%D9%88%D9%84%D9%88%D8%B3%D9%8A","//ca.wikipedia.org/wiki/Nicolosi","//de.wikipedia.org/wiki/Nicolosi","//es.wikipedia.org/wiki/Nicolosi","//eo.wikipedia.org/wiki/Nicolosi","//fr.wikipedia.org/wiki/Nicolosi","//it.wikipedia.org/wiki/Nicolosi","//kk.wikipedia.org/wiki/%D0%9D%D0%B8%D0%BA%D0%BE%D0%BB%D0%BE%D0%B7%D0%B8","//la.wikipedia.org/wiki/Nicolausi","//lmo.wikipedia.org/wiki/Nicolosi","//nl.wikipedia.org/wiki/Nicolosi","//ja.wikipedia.org/wiki/%E3%83%8B%E3%82%B3%E3%83%AD%E3%83%BC%E3%82%B8","//nap.wikipedia.org/wiki/Nicolosi","//uz.wikipedia.org/wiki/Nicolosi","//pms.wikipedia.org/wiki/Nicolosi","//pl.wikipedia.org/wiki/Nicolosi","//pt.wikipedia.org/wiki/Nicolosi","//ro.wikipedia.org/wiki/Nicolosi","//ru.wikipedia.org/wiki/%D0%9D%D0%B8%D0%BA%D0%BE%D0%BB%D0%BE%D0%B7%D0%B8","//scn.wikipedia.org/wiki/Niculusi_(CT)","//tl.wikipedia.org/wiki/Nicolosi","//roa-tara.wikipedia.org/wiki/Nicolosi","//uk.wikipedia.org/wiki/%D0%9D%D1%96%D0%BA%D0%BE%D0%BB%D0%BE%D0%B7%D1%96","//vi.wikipedia.org/wiki/Nicolosi","//vo.wikipedia.org/wiki/Nicolosi","//war.wikipedia.org/wiki/Nicolosi","//zh.wikipedia.org/wiki/%E5%B0%BC%E7%A7%91%E6%B4%9B%E8%A5%BF","//www.wikidata.org/wiki/Special:ItemByTitle/enwiki/Nicolosi","//en.wikipedia.org/wiki/Wikipedia:Text_of_Creative_Commons_Attribution-ShareAlike_3.0_Unported_License","//creativecommons.org/licenses/by-sa/3.0/","//wikimediafoundation.org/wiki/Terms_of_Use","//www.wikimediafoundation.org/","//en.wikipedia.org/wiki/Wikipedia:Contact_us","//wikimediafoundation.org/wiki/Privacy_policy","/wiki/Wikipedia:About","/wiki/Wikipedia:General_disclaimer","http://en.m.wikipedia.org/wiki/Nicolosi","//wikimediafoundation.org/","//bits.wikimedia.org/images/wikimedia-button.png","//www.mediawiki.org/","//bits.wikimedia.org/static-1.21wmf11/skins/common/images/poweredby_mediawiki_88x31.png","//bits.wikimedia.org/en.wikipedia.org/load.php?debug=false&lang=en&modules=skins.vector&only=scripts&skin=vector&*","/w/index.php?title=MediaWiki:Gadget-ReferenceTooltips.js&action=raw&ctype=text/javascript&508635914","//bits.wikimedia.org/en.wikipedia.org/load.php?debug=false&lang=en&modules=site&only=scripts&skin=vector&*"],"instances":["ct","italy"],"pdf":[],"categories":["Cities and towns in Sicily"],"headings":["References","External links"],"image":["//upload.wikimedia.org/wikipedia/commons/thumb/9/97/Panorama_Nicolosi.JPG/250px-Panorama_Nicolosi.JPG","//upload.wikimedia.org/wikipedia/en/thumb/6/60/Nicolosi-Stemma.png/100px-Nicolosi-Stemma.png","//upload.wikimedia.org/wikipedia/commons/thumb/6/6b/Italy_provincial_location_map.svg/250px-Italy_provincial_location_map.svg.png","//upload.wikimedia.org/wikipedia/en/thumb/0/0c/Red_pog.svg/6px-Red_pog.svg.png","//upload.wikimedia.org/wikipedia/commons/thumb/1/12/Flag-map_of_Sicily.svg/35px-Flag-map_of_Sicily.svg.png","//bits.wikimedia.org/static-1.21wmf11/skins/vector/images/search-ltr.png?303-4","//bits.wikimedia.org/images/wikimedia-button.png","//bits.wikimedia.org/static-1.21wmf11/skins/common/images/poweredby_mediawiki_88x31.png"],"tags":[["national_institute_of_statistics","italy"],["bronte","ct"]],"members":["bronte","national_institute_of_statistics"],"related":["Sicily","Province_of_Catania","National_Institute_of_Statistics_(Italy)","Province_of_Catania","Italy","Sicily","Palermo","Catania","Adrano","Belpasso","Biancavilla","Bronte_(CT)","Castiglione_di_Sicilia","Maletto","Mascalucia","Pedara","Randazzo","Sant'Alfio","Zafferana_Etnea"]}