{"cursor":"5145","size":15,"audio":[],"currentlang":"en","article":"\nIn mathematics, 'magnitude' is the size and direction of a mathematical object,\na property by which the object can be compared as larger or smaller than other\nobjects of the same kind. More formally, an object's magnitude is an ordering\n(or ranking) of the class of objects to which it belongs.\n","linknr":165,"url":"Magnitude_(mathematics)","recorded":1362685906,"links":24,"instances":["mathematics","mathematics"],"pdf":[],"categories":["Elementary mathematics"],"headings":["History","Numbers","Euclidean vectors","Normed vector spaces","Logarithmic magnitudes","\"Order of magnitude\"","See also","References"],"image":["//upload.wikimedia.org/wikipedia/en/thumb/9/99/Question_book-new.svg/50px-Question_book-new.svg.png","//upload.wikimedia.org/math/1/c/2/1c2b5f79d4576aa8b0453b585506eebc.png","//upload.wikimedia.org/math/8/f/8/8f8fa40625f309f826f545bf7ef88b19.png","//upload.wikimedia.org/math/2/7/7/277fdb037e5363edca4092e8ff40ea0f.png","//upload.wikimedia.org/math/d/4/5/d45de79f33937bd351b376228e3ec766.png","//upload.wikimedia.org/math/e/b/7/eb750083d523ce6a8f6f7c52fa701097.png","//bits.wikimedia.org/static-1.21wmf10/skins/vector/images/search-ltr.png?303-4","//bits.wikimedia.org/images/wikimedia-button.png","//bits.wikimedia.org/static-1.21wmf10/skins/common/images/poweredby_mediawiki_88x31.png"],"tags":[["class","mathematics"],["norm","mathematics#euclidean_norm"],["norm","mathematics"]],"members":["norm","class"],"related":["Mathematical_object","Order_theory","Class_(mathematics)","Fractions","Line_segment","Length","Area","Volume","Isomorphic","Number","Absolute_value","Real_number","Number_line","Complex_number","Euclidean_space","Complex_plane","Euclidean_norm","Euclidean_space","Real_part","Imaginary_part","Euclidean_vector","Euclidean_space","Real_number","Cartesian_coordinate","Square_root","Dot_product","Euclidean_distance","Absolute_value","Determinant","Norm_(mathematics)","Vector_space","Normed_vector_space","Logarithm","Loudness","Sound","Decibel","Brightness","Star","Richter_magnitude_scale","Addition","Subtract","Geek_culture","Number_sense"]}