{"cursor":"6839","size":15,"audio":[],"currentlang":"en","article":"\n{{Infobox Company\n| name = Avery Brewing Company logo = type = predecessor = successor =\n| foundation =  1993 founder = Adam Avery defunct =\n| location_city = Boulder, Colorado location_country = USA locations =\n| coordinates = area_served = key_people = industry = Alcoholic beverage\n| products = Beer production = revenue = owner = num_employees = parent =\n| divisions = subsid = homepage = http://averybrewing.com/ footnotes = intl = no\n}}\n\n'Avery Brewing Company' is a small to medium sized brewery that has produced\ncraft beers since 1993. The brewery is located in Boulder, Colorado. The brewery\nproduces year round beers as well as seasonal ones, some of which have received\npraise from brewing competitions and festivals like the Great American Beer\nFestival, for instance.\n","linknr":181,"url":"Avery_Brewing_Company","recorded":1364158011,"links":["/w/index.php?title=Avery_Brewing_Company&action=edit","/w/index.php?title=Avery_Brewing_Company&action=edit","//en.wikipedia.org/apple-touch-icon.png","//bits.wikimedia.org/favicon/wikipedia.ico","/w/opensearch_desc.php","//en.wikipedia.org/w/api.php?action=rsd","//creativecommons.org/licenses/by-sa/3.0/","/w/index.php?title=Special:RecentChanges&feed=atom","//bits.wikimedia.org/en.wikipedia.org/load.php?debug=false&lang=en&modules=ext.gadget.DRN-wizard%2CReferenceTooltips%2Ccharinsert%2Cteahouse%7Cext.wikihiero%7Cmediawiki.legacy.commonPrint%2Cshared%7Cmw.PopUpMediaTransform%7Cskins.vector&only=styles&skin=vector&*","//bits.wikimedia.org/en.wikipedia.org/load.php?debug=false&lang=en&modules=site&only=styles&skin=vector&*","//bits.wikimedia.org/en.wikipedia.org/load.php?debug=false&lang=en&modules=startup&only=scripts&skin=vector&*","//bits.wikimedia.org/geoiplookup","//meta.wikimedia.org","#mw-head","#p-search","/wiki/File:Avery_Brewing_Company_logo.jpg","//upload.wikimedia.org/wikipedia/en/thumb/8/8b/Avery_Brewing_Company_logo.jpg/170px-Avery_Brewing_Company_logo.jpg","/wiki/Alcoholic_beverage","/wiki/Boulder,_Colorado","/wiki/USA","/wiki/Beer","http://averybrewing.com/","/wiki/Brewery","/wiki/Craft_beer","/wiki/Boulder","/wiki/Colorado","/wiki/Great_American_Beer_Festival","#History","#Beer","#Year-round_beers","#Seasonal_beers","#References","#External_links","/w/index.php?title=Avery_Brewing_Company&action=edit&section=1","/wiki/Beer","#cite_note-1","#cite_note-2","/wiki/Colorado","/wiki/United_States","/w/index.php?title=Avery_Brewing_Company&action=edit&section=2","/wiki/ABV","/w/index.php?title=Avery_Brewing_Company&action=edit&section=3","/wiki/International_Bitterness_Units_scale","#cite_note-3","#cite_note-4","#cite_note-5","#cite_note-6","#cite_note-7","#cite_note-8","#cite_note-9","#cite_note-10","#cite_note-11","#cite_note-12","#cite_note-13","#cite_note-14","#cite_note-15","#cite_note-16","/w/index.php?title=Avery_Brewing_Company&action=edit&section=4","#cite_note-17","#cite_note-18","#cite_note-19","#cite_note-20","#cite_note-21","#cite_note-22","#cite_note-23","#cite_note-24","#cite_note-25","#cite_note-26","#cite_note-27","#cite_note-28","/w/index.php?title=Avery_Brewing_Company&action=edit&section=5","#cite_ref-1","http://www.averybrewing.com/index2.html","#cite_ref-2","http://www.averybrewing.com/index2.html","#cite_ref-3","http://www.averybrewing.com/index2.html","#cite_ref-4","http://beeradvocate.com/beer/profile/30","#cite_ref-5","http://www.averybrewing.com/index2.html","#cite_ref-6","http://beeradvocate.com/beer/profile/30","#cite_ref-7","http://www.averybrewing.com/index2.html","#cite_ref-8","http://beeradvocate.com/beer/profile/30","#cite_ref-9","http://www.averybrewing.com/index2.html","#cite_ref-10","http://beeradvocate.com/beer/profile/30","#cite_ref-11","http://www.averybrewing.com/index2.html","#cite_ref-12","http://beeradvocate.com/beer/profile/30","#cite_ref-13","http://www.averybrewing.com/index2.html","#cite_ref-14","http://beeradvocate.com/beer/profile/30","#cite_ref-15","http://www.averybrewing.com/index2.html","#cite_ref-16","http://beeradvocate.com/beer/profile/30","#cite_ref-17","http://www.averybrewing.com/index2.html","#cite_ref-18","http://beeradvocate.com/beer/profile/30","#cite_ref-19","http://www.averybrewing.com/index2.html","#cite_ref-20","http://beeradvocate.com/beer/profile/30","#cite_ref-21","http://www.averybrewing.com/index2.html","#cite_ref-22","http://beeradvocate.com/beer/profile/30","#cite_ref-23","http://www.averybrewing.com/index2.html","#cite_ref-24","http://beeradvocate.com/beer/profile/30","#cite_ref-25","http://www.averybrewing.com/index2.html","#cite_ref-26","http://beeradvocate.com/beer/profile/30","#cite_ref-27","http://www.averybrewing.com/index2.html","#cite_ref-28","http://beeradvocate.com/beer/profile/30","/w/index.php?title=Avery_Brewing_Company&action=edit&section=6","http://www.averybrewing.com","http://www.abnormaluse.com/2011/05/abnormal-interviews-adam-avery-of-avery.html","http://en.wikipedia.org/w/index.php?title=Avery_Brewing_Company&oldid=542616096","/wiki/Help:Categories","/wiki/Category:Beer_brewing_companies_based_in_Colorado","/w/index.php?title=Special:UserLogin&returnto=Avery+Brewing+Company&type=signup","/w/index.php?title=Special:UserLogin&returnto=Avery+Brewing+Company","/wiki/Avery_Brewing_Company","/wiki/Talk:Avery_Brewing_Company","#","/wiki/Avery_Brewing_Company","/w/index.php?title=Avery_Brewing_Company&action=edit","/w/index.php?title=Avery_Brewing_Company&action=history","#","/w/index.php","//bits.wikimedia.org/static-1.21wmf11/skins/vector/images/search-ltr.png?303-4","/wiki/Main_Page","/wiki/Main_Page","/wiki/Portal:Contents","/wiki/Portal:Featured_content","/wiki/Portal:Current_events","/wiki/Special:Random","//donate.wikimedia.org/wiki/Special:FundraiserRedirector?utm_source=donate&utm_medium=sidebar&utm_campaign=C13_en.wikipedia.org&uselang=en","/wiki/Help:Contents","/wiki/Wikipedia:About","/wiki/Wikipedia:Community_portal","/wiki/Special:RecentChanges","/wiki/Wikipedia:Contact_us","/wiki/Special:WhatLinksHere/Avery_Brewing_Company","/wiki/Special:RecentChangesLinked/Avery_Brewing_Company","/wiki/Wikipedia:File_Upload_Wizard","/wiki/Special:SpecialPages","/w/index.php?title=Avery_Brewing_Company&oldid=542616096","/w/index.php?title=Avery_Brewing_Company&action=info","/w/index.php?title=Special:Cite&page=Avery_Brewing_Company&id=542616096","/w/index.php?title=Special:Book&bookcmd=book_creator&referer=Avery+Brewing+Company","/w/index.php?title=Special:Book&bookcmd=render_article&arttitle=Avery+Brewing+Company&oldid=542616096&writer=rl","/w/index.php?title=Avery_Brewing_Company&printable=yes","//en.wikipedia.org/wiki/Wikipedia:Text_of_Creative_Commons_Attribution-ShareAlike_3.0_Unported_License","//creativecommons.org/licenses/by-sa/3.0/","//wikimediafoundation.org/wiki/Terms_of_Use","//www.wikimediafoundation.org/","//en.wikipedia.org/wiki/Wikipedia:Contact_us","//wikimediafoundation.org/wiki/Privacy_policy","/wiki/Wikipedia:About","/wiki/Wikipedia:General_disclaimer","http://en.m.wikipedia.org/wiki/Avery_Brewing_Company","//wikimediafoundation.org/","//bits.wikimedia.org/images/wikimedia-button.png","//www.mediawiki.org/","//bits.wikimedia.org/static-1.21wmf11/skins/common/images/poweredby_mediawiki_88x31.png","//bits.wikimedia.org/en.wikipedia.org/load.php?debug=false&lang=en&modules=skins.vector&only=scripts&skin=vector&*","/w/index.php?title=MediaWiki:Gadget-ReferenceTooltips.js&action=raw&ctype=text/javascript&508635914","//bits.wikimedia.org/en.wikipedia.org/load.php?debug=false&lang=en&modules=site&only=scripts&skin=vector&*"],"instances":[],"pdf":[],"categories":["Beer brewing companies based in Colorado"],"headings":["History","Beer","References","External links"],"image":["//upload.wikimedia.org/wikipedia/en/thumb/8/8b/Avery_Brewing_Company_logo.jpg/170px-Avery_Brewing_Company_logo.jpg","//bits.wikimedia.org/static-1.21wmf11/skins/vector/images/search-ltr.png?303-4","//bits.wikimedia.org/images/wikimedia-button.png","//bits.wikimedia.org/static-1.21wmf11/skins/common/images/poweredby_mediawiki_88x31.png"],"tags":[],"members":[],"related":["Boulder,_Colorado","USA","Alcoholic_beverage","Beer","Brewery","Craft_beer","Boulder","Colorado","Great_American_Beer_Festival","Beer","Colorado","United_States","ABV","International_Bitterness_Units_scale"]}