{"cursor":"3099","size":15,"audio":[],"currentlang":"en","article":"\n{{Infobox musical artist\n| name = The Briggs image = The Briggs.jpg caption = The Briggs performing in\n| Jacksonville, FL. image_size =  background = group_or_band origin = Los Angeles, California, United States\n| genre = Celtic punk, street punk, punk rock years_active = 2001–present\n| label = SideOneDummy Records associated_acts = website =\n| http://www.thebriggs.com/ current_members = Joey LaRocca, Jason LaRocca, Chris\n| \"X\" Arredondo, Ryan D. Roberts Former_members = Duck Matthews\n}}\n\n'The Briggs' are a punk rock band based out of Los Angeles, California. The Band\nFormed in 1999 under the name \"I Decline\" by brothers Joey and Jason LaRocca and\nbassist Matthew Stolarz (a.k.a. Duck). In 2001, with the addition of drummer\nChris Arredondo (a.k.a. Chris X) the band adopted the name The Briggs. Since the\nband started touring, they have shared the stage with the likes of Dropkick\nMurphys, Bad Religion, Anti-Flag, and Flogging Molly. They have also been\ninvolved with The Vans Warped Tour in 2002, 2004, 2007, and 2008. The Briggs\nreleased their fourth full length titled [[Come All You Madmen]] on SideOneDummy\nRecords on June 17, 2008. Their song This is LA is played as part of the\nintroduction for the Los Angeles Galaxy and the Los Angeles Kings at all of\ntheir home games. Their song \"Harder To Stand\" from the album \"Back to Higher\nGround\" was featured in the soundtrack to the film Big Stan (2008). After a\nshort hiatus, the band returned to the studio in 2012 and will be releasing the\nsong and video for \"Panic\" on May 1, 2012.\n","linknr":130,"url":"The_Briggs","recorded":1364124153,"links":["/w/index.php?title=The_Briggs&action=edit","/w/index.php?title=The_Briggs&action=edit","//en.wikipedia.org/apple-touch-icon.png","//bits.wikimedia.org/favicon/wikipedia.ico","/w/opensearch_desc.php","//en.wikipedia.org/w/api.php?action=rsd","//creativecommons.org/licenses/by-sa/3.0/","/w/index.php?title=Special:RecentChanges&feed=atom","//bits.wikimedia.org/en.wikipedia.org/load.php?debug=false&lang=en&modules=ext.gadget.DRN-wizard%2CReferenceTooltips%2Ccharinsert%2Cteahouse%7Cext.wikihiero%7Cmediawiki.legacy.commonPrint%2Cshared%7Cmw.PopUpMediaTransform%7Cskins.vector&only=styles&skin=vector&*","//bits.wikimedia.org/en.wikipedia.org/load.php?debug=false&lang=en&modules=site&only=styles&skin=vector&*","//bits.wikimedia.org/en.wikipedia.org/load.php?debug=false&lang=en&modules=startup&only=scripts&skin=vector&*","//bits.wikimedia.org/geoiplookup","//meta.wikimedia.org","#mw-head","#p-search","/wiki/File:Question_book-new.svg","//upload.wikimedia.org/wikipedia/en/thumb/9/99/Question_book-new.svg/50px-Question_book-new.svg.png","/wiki/Wikipedia:Citing_sources","/wiki/Wikipedia:Verifiability","//en.wikipedia.org/w/index.php?title=The_Briggs&action=edit","/wiki/Help:Introduction_to_referencing/1","/wiki/Wikipedia:Verifiability#Burden_of_evidence","/wiki/File:The_Briggs.jpg","//upload.wikimedia.org/wikipedia/commons/thumb/7/7f/The_Briggs.jpg/220px-The_Briggs.jpg","/wiki/Los_Angeles,_California","/wiki/California","/wiki/United_States","/wiki/Music_genre","/wiki/Celtic_punk","/wiki/Street_punk","/wiki/Punk_rock","/wiki/Record_label","/wiki/SideOneDummy_Records","http://www.thebriggs.com/","/wiki/Punk_rock","/wiki/Los_Angeles","/wiki/California","/wiki/Dropkick_Murphys","/wiki/Bad_Religion","/wiki/Anti-Flag","/wiki/Flogging_Molly","/wiki/Come_All_You_Madmen","/wiki/Los_Angeles_Galaxy","/wiki/Los_Angeles_Kings","/wiki/Back_to_Higher_Ground","/wiki/Big_Stan","#Band_members","#Discography","#Music_Videos","#External_links","/w/index.php?title=The_Briggs&action=edit&section=1","/w/index.php?title=The_Briggs&action=edit&section=2","/w/index.php?title=Is_This_What_You_Believe&action=edit&redlink=1","http://www.northeastrecords.com","/wiki/Numbers_(The_Briggs_album)","/wiki/Leaving_The_Ways","http://www.sideonedummy.com","/wiki/Back_to_Higher_Ground","/wiki/Come_All_You_Madmen","/w/index.php?title=The_Briggs&action=edit&section=3","/w/index.php?title=The_Briggs&action=edit&section=4","http://www.thebriggs.org","/w/index.php?title=Template:The_Briggs&action=edit&redlink=1","/wiki/File:Musical_Notes_USA.svg","//upload.wikimedia.org/wikipedia/commons/thumb/6/6d/Musical_Notes_USA.svg/35px-Musical_Notes_USA.svg.png","/wiki/Wikipedia:Stub","//en.wikipedia.org/w/index.php?title=The_Briggs&action=edit","/wiki/Template:US-punk-band-stub","/wiki/Template_talk:US-punk-band-stub","//en.wikipedia.org/w/index.php?title=Template:US-punk-band-stub&action=edit","http://en.wikipedia.org/w/index.php?title=The_Briggs&oldid=542555081","/wiki/Help:Categories","/wiki/Category:Musical_groups_from_Los_Angeles,_California","/wiki/Category:Street_punk","/wiki/Category:United_States_punk_musical_group_stubs","/wiki/Category:Articles_lacking_sources_from_June_2008","/wiki/Category:All_articles_lacking_sources","/wiki/Category:Articles_with_hCards","/w/index.php?title=Special:UserLogin&returnto=The+Briggs&type=signup","/w/index.php?title=Special:UserLogin&returnto=The+Briggs","/wiki/The_Briggs","/wiki/Talk:The_Briggs","#","/wiki/The_Briggs","/w/index.php?title=The_Briggs&action=edit","/w/index.php?title=The_Briggs&action=history","#","/w/index.php","//bits.wikimedia.org/static-1.21wmf11/skins/vector/images/search-ltr.png?303-4","/wiki/Main_Page","/wiki/Main_Page","/wiki/Portal:Contents","/wiki/Portal:Featured_content","/wiki/Portal:Current_events","/wiki/Special:Random","//donate.wikimedia.org/wiki/Special:FundraiserRedirector?utm_source=donate&utm_medium=sidebar&utm_campaign=C13_en.wikipedia.org&uselang=en","/wiki/Help:Contents","/wiki/Wikipedia:About","/wiki/Wikipedia:Community_portal","/wiki/Special:RecentChanges","/wiki/Wikipedia:Contact_us","/wiki/Special:WhatLinksHere/The_Briggs","/wiki/Special:RecentChangesLinked/The_Briggs","/wiki/Wikipedia:File_Upload_Wizard","/wiki/Special:SpecialPages","/w/index.php?title=The_Briggs&oldid=542555081","/w/index.php?title=The_Briggs&action=info","/w/index.php?title=Special:Cite&page=The_Briggs&id=542555081","/w/index.php?title=Special:Book&bookcmd=book_creator&referer=The+Briggs","/w/index.php?title=Special:Book&bookcmd=render_article&arttitle=The+Briggs&oldid=542555081&writer=rl","/w/index.php?title=The_Briggs&printable=yes","//de.wikipedia.org/wiki/The_Briggs","//it.wikipedia.org/wiki/The_Briggs","//pl.wikipedia.org/wiki/The_Briggs","//www.wikidata.org/wiki/Special:ItemByTitle/enwiki/The Briggs","//en.wikipedia.org/wiki/Wikipedia:Text_of_Creative_Commons_Attribution-ShareAlike_3.0_Unported_License","//creativecommons.org/licenses/by-sa/3.0/","//wikimediafoundation.org/wiki/Terms_of_Use","//www.wikimediafoundation.org/","//en.wikipedia.org/wiki/Wikipedia:Contact_us","//wikimediafoundation.org/wiki/Privacy_policy","/wiki/Wikipedia:About","/wiki/Wikipedia:General_disclaimer","http://en.m.wikipedia.org/wiki/The_Briggs","//wikimediafoundation.org/","//bits.wikimedia.org/images/wikimedia-button.png","//www.mediawiki.org/","//bits.wikimedia.org/static-1.21wmf11/skins/common/images/poweredby_mediawiki_88x31.png","//bits.wikimedia.org/en.wikipedia.org/load.php?debug=false&lang=en&modules=skins.vector&only=scripts&skin=vector&*","/w/index.php?title=MediaWiki:Gadget-ReferenceTooltips.js&action=raw&ctype=text/javascript&508635914","//bits.wikimedia.org/en.wikipedia.org/load.php?debug=false&lang=en&modules=site&only=scripts&skin=vector&*"],"instances":[],"pdf":[],"categories":["Musical groups from Los Angeles, California","Street punk"],"headings":["Band members","Discography","Music Videos","External links"],"image":["//upload.wikimedia.org/wikipedia/en/thumb/9/99/Question_book-new.svg/50px-Question_book-new.svg.png","//upload.wikimedia.org/wikipedia/commons/thumb/7/7f/The_Briggs.jpg/220px-The_Briggs.jpg","//upload.wikimedia.org/wikipedia/commons/thumb/6/6d/Musical_Notes_USA.svg/35px-Musical_Notes_USA.svg.png","//bits.wikimedia.org/static-1.21wmf11/skins/vector/images/search-ltr.png?303-4","//bits.wikimedia.org/images/wikimedia-button.png","//bits.wikimedia.org/static-1.21wmf11/skins/common/images/poweredby_mediawiki_88x31.png"],"tags":[],"members":[],"related":["Los_Angeles,_California","California","United_States","Celtic_punk","Street_punk","Punk_rock","SideOneDummy_Records","Punk_rock","Los_Angeles","California","Dropkick_Murphys","Bad_Religion","Anti-Flag","Flogging_Molly","Los_Angeles_Galaxy","Los_Angeles_Kings","Back_to_Higher_Ground","Big_Stan"]}