{"cursor":"612","size":15,"audio":[],"currentlang":"en","article":"\n'Freed' may refer to:\n\n;People\n* Alan Freed, the American radio personality\n* Arthur Freed, the American film producer and lyricist\n* Kayce Freed (born 1958), widow of Peter Jennings\n* Leonard Freed, American photographer\n* Jio Freed, 666 Satan protagonist\n\n;Other\n* \"Freed\" - Past tense - to set free\n* Freed of London, a specialist manufacturer of dance shoes and clothing\n* Freed.in, an FOSS event held in India\n* The song \"Freed\" by Tracy Bonham, from her album [[Down Here]]\n* Honda Freed, a Mini MPV vehicle made by Honda\n","linknr":91,"url":"freed","recorded":1364163954,"links":["/w/index.php?title=Freed&action=edit","/w/index.php?title=Freed&action=edit","//en.wikipedia.org/apple-touch-icon.png","//bits.wikimedia.org/favicon/wikipedia.ico","/w/opensearch_desc.php","//en.wikipedia.org/w/api.php?action=rsd","//creativecommons.org/licenses/by-sa/3.0/","/w/index.php?title=Special:RecentChanges&feed=atom","//bits.wikimedia.org/en.wikipedia.org/load.php?debug=false&lang=en&modules=ext.gadget.DRN-wizard%2CReferenceTooltips%2Ccharinsert%2Cteahouse%7Cext.wikihiero%7Cmediawiki.legacy.commonPrint%2Cshared%7Cmw.PopUpMediaTransform%7Cskins.vector&only=styles&skin=vector&*","//bits.wikimedia.org/en.wikipedia.org/load.php?debug=false&lang=en&modules=site&only=styles&skin=vector&*","//bits.wikimedia.org/en.wikipedia.org/load.php?debug=false&lang=en&modules=startup&only=scripts&skin=vector&*","//bits.wikimedia.org/geoiplookup","//meta.wikimedia.org","#mw-head","#p-search","//upload.wikimedia.org/wikipedia/commons/thumb/f/f8/Wiktionary-logo-en.svg/37px-Wiktionary-logo-en.svg.png","//en.wiktionary.org/wiki/Special:Search/freed","/wiki/Alan_Freed","/wiki/Arthur_Freed","/wiki/Kayce_Freed","/wiki/Leonard_Freed","/wiki/Jio_Freed","/wiki/666_Satan","/wiki/Freed_of_London","/wiki/Freed.in","/wiki/Tracy_Bonham","/wiki/Down_Here","/wiki/Honda_Freed","/wiki/Mini_MPV","/wiki/Honda","/wiki/File:Disambig_gray.svg","//upload.wikimedia.org/wikipedia/en/thumb/5/5f/Disambig_gray.svg/30px-Disambig_gray.svg.png","/wiki/Help:Disambiguation","//en.wikipedia.org/w/index.php?title=Special:WhatLinksHere/Freed&namespace=0","http://en.wikipedia.org/w/index.php?title=Freed&oldid=542424192","/wiki/Help:Categories","/wiki/Category:Disambiguation_pages","/wiki/Category:All_article_disambiguation_pages","/wiki/Category:All_disambiguation_pages","/w/index.php?title=Special:UserLogin&returnto=Freed&type=signup","/w/index.php?title=Special:UserLogin&returnto=Freed","/wiki/Freed","/wiki/Talk:Freed","#","/wiki/Freed","/w/index.php?title=Freed&action=edit","/w/index.php?title=Freed&action=history","#","/w/index.php","//bits.wikimedia.org/static-1.21wmf11/skins/vector/images/search-ltr.png?303-4","/wiki/Main_Page","/wiki/Main_Page","/wiki/Portal:Contents","/wiki/Portal:Featured_content","/wiki/Portal:Current_events","/wiki/Special:Random","//donate.wikimedia.org/wiki/Special:FundraiserRedirector?utm_source=donate&utm_medium=sidebar&utm_campaign=C13_en.wikipedia.org&uselang=en","/wiki/Help:Contents","/wiki/Wikipedia:About","/wiki/Wikipedia:Community_portal","/wiki/Special:RecentChanges","/wiki/Wikipedia:Contact_us","/wiki/Special:WhatLinksHere/Freed","/wiki/Special:RecentChangesLinked/Freed","/wiki/Wikipedia:File_Upload_Wizard","/wiki/Special:SpecialPages","/w/index.php?title=Freed&oldid=542424192","/w/index.php?title=Freed&action=info","/w/index.php?title=Special:Cite&page=Freed&id=542424192","/w/index.php?title=Special:Book&bookcmd=book_creator&referer=Freed","/w/index.php?title=Special:Book&bookcmd=render_article&arttitle=Freed&oldid=542424192&writer=rl","/w/index.php?title=Freed&printable=yes","//de.wikipedia.org/wiki/Freed","//fr.wikipedia.org/wiki/Freed","//ja.wikipedia.org/wiki/%E3%83%95%E3%83%AA%E3%83%BC%E3%83%89_(%E6%9B%96%E6%98%A7%E3%81%95%E5%9B%9E%E9%81%BF)","//www.wikidata.org/wiki/Special:ItemByTitle/enwiki/Freed","//en.wikipedia.org/wiki/Wikipedia:Text_of_Creative_Commons_Attribution-ShareAlike_3.0_Unported_License","//creativecommons.org/licenses/by-sa/3.0/","//wikimediafoundation.org/wiki/Terms_of_Use","//www.wikimediafoundation.org/","//en.wikipedia.org/wiki/Wikipedia:Contact_us","//wikimediafoundation.org/wiki/Privacy_policy","/wiki/Wikipedia:About","/wiki/Wikipedia:General_disclaimer","http://en.m.wikipedia.org/wiki/Freed","//wikimediafoundation.org/","//bits.wikimedia.org/images/wikimedia-button.png","//www.mediawiki.org/","//bits.wikimedia.org/static-1.21wmf11/skins/common/images/poweredby_mediawiki_88x31.png","//bits.wikimedia.org/en.wikipedia.org/load.php?debug=false&lang=en&modules=skins.vector&only=scripts&skin=vector&*","/w/index.php?title=MediaWiki:Gadget-ReferenceTooltips.js&action=raw&ctype=text/javascript&508635914","//bits.wikimedia.org/en.wikipedia.org/load.php?debug=false&lang=en&modules=site&only=scripts&skin=vector&*"],"instances":[],"pdf":[],"categories":[],"headings":[],"image":["//upload.wikimedia.org/wikipedia/commons/thumb/f/f8/Wiktionary-logo-en.svg/37px-Wiktionary-logo-en.svg.png","//upload.wikimedia.org/wikipedia/en/thumb/5/5f/Disambig_gray.svg/30px-Disambig_gray.svg.png","//bits.wikimedia.org/static-1.21wmf11/skins/vector/images/search-ltr.png?303-4","//bits.wikimedia.org/images/wikimedia-button.png","//bits.wikimedia.org/static-1.21wmf11/skins/common/images/poweredby_mediawiki_88x31.png"],"tags":[],"members":[],"related":["Alan_Freed","Arthur_Freed","Kayce_Freed","Leonard_Freed","Jio_Freed","666_Satan","Freed_of_London","Freed.in","Tracy_Bonham","Honda_Freed","Mini_MPV","Honda"]}