{"cursor":"26103","size":15,"audio":[],"currentlang":"en","article":"\nIn logic and philosophy, an 'argument' is an attempt to persuade someone of\nsomething, by giving reasons for accepting a particular conclusion as\nevident. [http://www.iep.utm.edu/argument/ \"Argument\", Internet Encyclopedia\nof Philosophy.\"] \"In everyday life, we often use the word \"argument\" to mean a\nverbal dispute or disagreement. This is not the way this word is usually used in\nphilosophy. However, the two uses are related. Normally, when two people\nverbally disagree with each other, each person attempts to convince the other\nthat his or her viewpoint is the right one. Unless he or she merely results to\nname calling or threats, he or she typically presents an argument for his or her\nposition, in the sense described above. In philosophy, \"arguments\" are those\nstatements a person makes in the attempt to convince someone of something, or\npresent reasons for accepting a given conclusion.\" Ralph H. Johnson,\nManifest Rationality: A pragmatic theory of argument (New Jersey: Laurence\nErlbaum, 2000), 46-49. The general structure of an argument in a natural\nlanguage is that of premises (typically in the form of propositions, statements\nor sentences) in support of a claim: the conclusion. Ralph H. Johnson,\nManifest Rationality: A pragmatic theory of argument (New Jersey: Laurence\nErlbaum, 2000), 46. The Cambridge Dictionary of Philosophy, 2nd Ed.\nCUM, 1995 \"Argument: a sequence of statements such that some of them (the\npremises) purport to give reason to accept another of them, the conclusion\" [http://plato.stanford.edu/entries/logic-\nclassical/#3 Stanford Enc. Phil., Classical Logic] The structure of some\narguments can also be set out in a formal language, and formally-defined\n\"arguments\" can be made independently of natural language arguments, as in math,\nlogic and computer science.\n\nIn a typical deductive argument, the premises are meant to provide a guarantee\nof the truth of the conclusion, while in an inductive argument, they are thought\nto provide reasons supporting the conclusion's probable truth. [http://www.iep.utm.edu/ded-\nind/ \"Deductive and Inductive Arguments,\" Internet Encyclopedia of\nPhilosophy]. The standards for evaluating non-deductive arguments may rest\non different or additional criteria than truth, for example, the persuasiveness\nof so-called \"indispensability claims\" in transcendental arguments, hCharles\nTaylor, \"The Validity of Transcendental Arguments\", Philosophical Arguments\n(Harvard, 1995), 20-33. \"[Transcendental] arguments consist of a string of what\none could call indispensability claims. They move from their starting points to\ntheir conclusions by showing that the condition stated in the conclusion is\nindispensable to the feature identified at the startâ¦ Thus we could spell out\nKant's transcendental deduction in the first edition in three stages: experience\nmust have an object, that is, be of something; for this it must be coherent; and\nto be coherent it must be shaped by the understanding through the\ncategories.\" the quality of hypotheses in retroduction, or even the\ndisclosure of new possibilities for thinking and acting. Nikolas Kompridis,\n\"World Disclosing Arguments?\" in ''Critique and Disclosure\" (Cambridge: MIT\nPress, 2006), 116-124.\n\nThe standards and criteria used in evaluating arguments and their forms of\nreasoning are studied in logic. [http://www.iep.utm.edu/argument/\n\"Argument\", Internet Encyclopedia of Philosophy.\"] Ways of formulating\narguments effectively are studied in rhetoric (see also: argumentation theory).\nAn argument in a formal language shows the logical form of the symbolically-\nrepresented or natural language arguments obtained by its interpretations.\n","linknr":616,"url":"argument","recorded":1363470681,"links":["/w/index.php?title=Argument&action=edit","/w/index.php?title=Argument&action=edit","//en.wikipedia.org/apple-touch-icon.png","//bits.wikimedia.org/favicon/wikipedia.ico","/w/opensearch_desc.php","//en.wikipedia.org/w/api.php?action=rsd","//creativecommons.org/licenses/by-sa/3.0/","/w/index.php?title=Special:RecentChanges&feed=atom","//bits.wikimedia.org/en.wikipedia.org/load.php?debug=false&lang=en&modules=ext.gadget.DRN-wizard%2CReferenceTooltips%2Ccharinsert%2Cteahouse%7Cext.wikihiero%7Cmediawiki.legacy.commonPrint%2Cshared%7Cmw.PopUpMediaTransform%7Cskins.vector&only=styles&skin=vector&*","//bits.wikimedia.org/en.wikipedia.org/load.php?debug=false&lang=en&modules=site&only=styles&skin=vector&*","//bits.wikimedia.org/en.wikipedia.org/load.php?debug=false&lang=en&modules=startup&only=scripts&skin=vector&*","//bits.wikimedia.org/geoiplookup","//meta.wikimedia.org","#mw-head","#p-search","/wiki/Argument_(disambiguation)","/wiki/Logic","/wiki/Philosophy","#cite_note-1","#cite_note-2","/wiki/Natural_language","/wiki/Proposition","/wiki/Statement_(logic)","/wiki/Sentence_(linguistics)","#cite_note-3","#cite_note-4","#cite_note-5","/wiki/Formal_language","/wiki/Deductive_argument","/wiki/Inductive_argument","#cite_note-6","/wiki/Transcendental_arguments","#cite_note-7","/wiki/Retroduction","/wiki/World_disclosure","#cite_note-8","/wiki/Reason","#cite_note-9","/wiki/Rhetoric","/wiki/Argumentation_theory","/wiki/Logical_form","/wiki/Interpretation_(logic)","#Formal_and_informal_arguments","#Standard_argument_types","#Deductive_arguments","#Validity","#Soundness","#Inductive_arguments","#Defeasible_arguments","#Argument_by_analogy","#Transitional_arguments","#Other_kinds_of_arguments","#Argument_in_informal_logic","#Logical_status_of_argument","#World-disclosing_arguments","#Explanations_and_arguments","#Fallacies_and_nonarguments","#See_also","#Notes","#References","#Further_reading","#External_links","/w/index.php?title=Argument&action=edit&section=1","/wiki/Informal_logic","/wiki/Formal_logic","/wiki/Ordinary_language","/wiki/Discourse","/wiki/Formal_language","/wiki/Argumentation","/wiki/Entailment","/wiki/Inference","/w/index.php?title=Argument&action=edit&section=2","/wiki/Deductive_reasoning","/wiki/Truth","/wiki/Logical_consequence","/wiki/Inductive_argument","/wiki/Truthbearer","/wiki/Logical_truth","/wiki/Entailment","/wiki/Corresponding_conditional","/w/index.php?title=Argument&action=edit&section=3","/wiki/Deductive_argument","/wiki/Entailment","/w/index.php?title=Argument&action=edit&section=4","/wiki/Validity","/wiki/Argument_form","/wiki/Counter_argument","/wiki/Corresponding_conditional_(logic)","/wiki/Logical_truth","/wiki/Interpretation_(logic)","/wiki/Tautology_(logic)","/wiki/Proof_procedure","/wiki/Existential_import","/wiki/Inductive_arguments","/wiki/Formal_fallacy","/wiki/Informal_fallacy","/w/index.php?title=Argument&action=edit&section=5","/wiki/Soundness","/w/index.php?title=Argument&action=edit&section=6","/wiki/Inductive_argument","/wiki/Statistical_syllogism","/wiki/Inductive_inference","/wiki/Cogency","/wiki/Inductive_logic","/wiki/Deductive_logic","/wiki/Soundness","/wiki/Mathematical_induction","/wiki/Problem_of_induction","/w/index.php?title=Argument&action=edit&section=7","/wiki/H.L.A._Hart","/wiki/Stephen_Toulmin","/wiki/Defeasible_reasoning","/w/index.php?title=Argument&action=edit&section=8","#cite_note-Shaw.p.74-10","/w/index.php?title=Argument&action=edit&section=9","/wiki/Epistemology","/wiki/Motion_(physics)","#cite_note-11","/w/index.php?title=Argument&action=edit&section=10","/wiki/Charles_Taylor_(philosopher)","/wiki/Transcendental_arguments","#cite_note-12","/wiki/Nikolas_Kompridis","/wiki/World_disclosure","#cite_note-13","/wiki/Michel_Foucault","#cite_note-14","/w/index.php?title=Argument&action=edit&section=11","/w/index.php?title=Argument&action=edit&section=12","/w/index.php?title=Argument&action=edit&section=13","/wiki/World_disclosure","/wiki/World_disclosure","/wiki/Ontology","#cite_note-15","/w/index.php?title=Argument&action=edit&section=14","/wiki/Explanation","/wiki/Claim_(logic)","/wiki/Rhetoric","/wiki/Critical_thinking","#cite_note-16","/wiki/Information_Systems","#cite_note-17","/w/index.php?title=Argument&action=edit&section=15","/wiki/Logical_fallacy","#cite_note-18","/wiki/Logic","/w/index.php?title=Argument&action=edit&section=16","/wiki/File:Logical_connectives_Hasse_diagram.svg","//upload.wikimedia.org/wikipedia/commons/thumb/3/3e/Logical_connectives_Hasse_diagram.svg/20px-Logical_connectives_Hasse_diagram.svg.png","/wiki/Portal:Logic","/wiki/File:Nicolas_P._Rougier%27s_rendering_of_the_human_brain.png","//upload.wikimedia.org/wikipedia/commons/thumb/7/73/Nicolas_P._Rougier%27s_rendering_of_the_human_brain.png/32px-Nicolas_P._Rougier%27s_rendering_of_the_human_brain.png","/wiki/Portal:Thinking","/wiki/Abductive_reasoning","/wiki/Analogy","/wiki/Argument_map","/wiki/Argumentation_theory","/wiki/Argumentative_dialogue","/wiki/Belief_bias","/wiki/Boolean_logic","/wiki/Deductive_reasoning","/wiki/Defeasible_reasoning","/wiki/Evidence","/wiki/Evidence-based_policy","/wiki/Fallacy","/wiki/Dialectic","/wiki/Formal_fallacy","/wiki/Inductive_reasoning","/wiki/Informal_fallacy","/wiki/Inquiry","/wiki/Practical_arguments","/wiki/Soundness_theorem","/wiki/Soundness","/wiki/Truth","/wiki/Validity","/w/index.php?title=Argument&action=edit&section=17","#cite_ref-1","http://www.iep.utm.edu/argument/","#cite_ref-2","#cite_ref-3","#cite_ref-4","#cite_ref-5","http://plato.stanford.edu/entries/logic-classical/#3","#cite_ref-6","http://www.iep.utm.edu/ded-ind/","#cite_ref-7","#cite_ref-8","#cite_ref-9","http://www.iep.utm.edu/argument/","#cite_ref-Shaw.p.74_10-0","#Shaw1922","#cite_ref-11","#cite_ref-12","#cite_ref-13","#cite_ref-14","http://socrates.berkeley.edu/~hdreyfus/html/paper_being.html","http://foucault.info/documents/whatIsEnlightenment/foucault.whatIsEnlightenment.en.html","#cite_ref-15","#cite_ref-16","#cite_ref-17","#cite_ref-18","http://www.iep.utm.edu/fallacy/#H5","/w/index.php?title=Argument&action=edit&section=18","http://books.google.com/books?id=WgtKAAAAIAAJ&pg=PA74&dq=%22argument+by+analogy%22&as_brr=0#PPA74,M1","/wiki/Allyn_and_Bacon","http://books.google.com/books?id=WgtKAAAAIAAJ&pg=PA74&dq=%22argument+by+analogy%22&as_brr=0#PPA74,M1","/wiki/Robert_Audi","/wiki/How_to_Do_Things_With_Words","/wiki/Vincent_F._Hendricks","/wiki/Special:BookSources/8799101378","/wiki/Yu._Manin","/wiki/Chaim_Perelman","/wiki/Henri_Poincar%C3%A9","/wiki/Rob_Grootendorst","/wiki/K._R._Popper","/wiki/L._S._Stebbing","/wiki/Douglas_Walton","/wiki/Ronald_Loui","/wiki/T._Edward_Damer","/wiki/Attacking_Faulty_Reasoning","/wiki/Special:BookSources/0534605168","/w/index.php?title=Argument&action=edit&section=19","/w/index.php?title=Argument&action=edit&section=20","http://philpapers.org/browse/argument","/wiki/PhilPapers","https://inpho.cogs.indiana.edu/idea/1437","/wiki/Indiana_Philosophy_Ontology_Project","http://www.iep.utm.edu/argument","/wiki/Internet_Encyclopedia_of_Philosophy","/wiki/Template:Logic","/wiki/Template_talk:Logic","//en.wikipedia.org/w/index.php?title=Template:Logic&action=edit","/wiki/Logic","/wiki/Argumentation_theory","/wiki/Axiology","/wiki/Critical_thinking","/wiki/Computability_theory","/wiki/Formal_semantics_(logic)","/wiki/History_of_logic","/wiki/Informal_logic","/wiki/Logic_in_computer_science","/wiki/Mathematical_logic","/wiki/Mathematics","/wiki/Metalogic","/wiki/Metamathematics","/wiki/Model_theory","/wiki/Philosophical_logic","/wiki/Philosophy","/wiki/Philosophy_of_logic","/wiki/Philosophy_of_mathematics","/wiki/Proof_theory","/wiki/Set_theory","/wiki/Abductive_reasoning","/wiki/Analytic%E2%80%93synthetic_distinction","/wiki/Antinomy","/wiki/A_priori_and_a_posteriori","/wiki/Deductive_reasoning","/wiki/Definition","/wiki/Description","/wiki/Inductive_reasoning","/wiki/Inference","/wiki/Logical_form","/wiki/Logical_consequence","/wiki/Logical_truth","/wiki/Name","/wiki/Necessary_and_sufficient_condition","/wiki/Meaning_(linguistics)","/wiki/Paradox","/wiki/Possible_world","/wiki/Presupposition","/wiki/Probability","/wiki/Reason","/wiki/Reason","/wiki/Reference","/wiki/Semantics","/wiki/Statement_(logic)","/wiki/Strict_implication","/wiki/Substitution_(logic)","/wiki/Syntax_(logic)","/wiki/Truth","/wiki/Truth_value","/wiki/Validity","/wiki/Philosophical_logic","/wiki/Critical_thinking","/wiki/Informal_logic","/wiki/Philosophical_analysis","/wiki/Ambiguity","/wiki/Belief","/wiki/Bias","/wiki/Credibility","/wiki/Evidence","/wiki/Explanation","/wiki/Explanatory_power","/wiki/Fact","/wiki/Fallacy","/wiki/Inquiry","/wiki/Opinion","/wiki/Occam%27s_razor","/wiki/Premise","/wiki/Propaganda","/wiki/Prudence","/wiki/Reason","/wiki/Relevance","/wiki/Rhetoric","/wiki/Rigour","/wiki/Vagueness","/wiki/Philosophy_of_logic","/wiki/Constructivism_(mathematics)","/wiki/Dialetheism","/wiki/Fictionalism","/wiki/Finitism","/wiki/Formalism_(mathematics)","/wiki/Intuitionism","/wiki/Logical_atomism","/wiki/Logicism","/wiki/Nominalism","/wiki/Platonic_realism","/wiki/Pragmatism","/wiki/Philosophical_realism","/wiki/Metalogic","/wiki/Metamathematics","/wiki/Cantor%27s_theorem","/wiki/Entscheidungsproblem","/wiki/Church%E2%80%93Turing_thesis","/wiki/Consistency","/wiki/Effective_method","/wiki/Foundations_of_mathematics","/wiki/G%C3%B6del%27s_completeness_theorem","/wiki/G%C3%B6del%27s_incompleteness_theorems","/wiki/Soundness","/wiki/Completeness","/wiki/Decidability_(logic)","/wiki/Interpretation_(logic)","/wiki/L%C3%B6wenheim%E2%80%93Skolem_theorem","/wiki/Metatheorem","/wiki/Satisfiability","/wiki/Independence_(mathematical_logic)","/wiki/Type%E2%80%93token_distinction","/wiki/Use%E2%80%93mention_distinction","/wiki/Mathematical_logic","/wiki/Formal_language","/wiki/Formation_rule","/wiki/Formal_system","/wiki/Deductive_system","/wiki/Formal_proof","/wiki/Formal_semantics_(logic)","/wiki/Well-formed_formula","/wiki/Set_(mathematics)","/wiki/Element_(mathematics)","/wiki/Class_(set_theory)","/wiki/Classical_logic","/wiki/Axiom","/wiki/Natural_deduction","/wiki/Rule_of_inference","/wiki/Finitary_relation","/wiki/Theorem","/wiki/Logical_consequence","/wiki/Axiomatic_system","/wiki/Type_theory","/wiki/Symbol_(formal)","/wiki/Syntax_(logic)","/wiki/Theory_(mathematical_logic)","/wiki/Term_logic","/wiki/Proposition","/wiki/Inference","/wiki/Validity","/wiki/Cogency","/wiki/Syllogism","/wiki/Square_of_opposition","/wiki/Venn_diagram","/wiki/Propositional_calculus","/wiki/Boolean_algebra","/wiki/Boolean_function","/wiki/Propositional_calculus","/wiki/Propositional_formula","/wiki/Logical_connective","/wiki/Truth_table","/wiki/Predicate_logic","/wiki/First-order_logic","/wiki/Quantification","/wiki/Predicate_(mathematical_logic)","/wiki/Second-order_logic","/wiki/Monadic_predicate_calculus","/wiki/Set_theory","/wiki/Set_(mathematics)","/wiki/Empty_set","/wiki/Enumeration","/wiki/Extensionality","/wiki/Finite_set","/wiki/Function_(mathematics)","/wiki/Subset","/wiki/Power_set","/wiki/Countable_set","/wiki/Recursive_set","/wiki/Domain_of_a_function","/wiki/Range_(mathematics)","/wiki/Ordered_pair","/wiki/Uncountable_set","/wiki/Model_theory","/wiki/Structure_(mathematical_logic)","/wiki/Interpretation_(logic)","/wiki/Non-standard_model","/wiki/Finite_model_theory","/wiki/Truth_value","/wiki/Validity","/wiki/Proof_theory","/wiki/Formal_proof","/wiki/Deductive_system","/wiki/Formal_system","/wiki/Theorem","/wiki/Logical_consequence","/wiki/Rule_of_inference","/wiki/Syntax_(logic)","/wiki/Computability_theory","/wiki/Recursion","/wiki/Recursive_set","/wiki/Recursively_enumerable_set","/wiki/Decision_problem","/wiki/Church%E2%80%93Turing_thesis","/wiki/Computable_function","/wiki/Primitive_recursive_function","/wiki/Non-classical_logic","/wiki/Modal_logic","/wiki/Modal_logic#Alethic_modalities","/wiki/Modal_operator#Axiological","/wiki/Deontic_logic","/wiki/Doxastic_logic","/wiki/Epistemic_modal_logic","/wiki/Temporal_logic","/wiki/Intuitionism","/wiki/Intuitionistic_logic","/wiki/Constructive_analysis","/wiki/Heyting_arithmetic","/wiki/Intuitionistic_type_theory","/wiki/Constructive_set_theory","/wiki/Fuzzy_logic","/wiki/Degree_of_truth","/wiki/Fuzzy_rule","/wiki/Fuzzy_set","/wiki/Fuzzy_finite_element","/wiki/Fuzzy_set_operations","/wiki/Substructural_logic","/wiki/Structural_rule","/wiki/Relevance_logic","/wiki/Linear_logic","/wiki/Paraconsistent_logic","/wiki/Dialetheism","/wiki/Description_logic","/wiki/Ontology","/wiki/Ontology_language","/wiki/List_of_logicians","/wiki/Alan_Ross_Anderson","/wiki/Aristotle","/wiki/Averroes","/wiki/Avicenna","/wiki/Alexander_Bain","/wiki/Jon_Barwise","/wiki/Paul_Bernays","/wiki/George_Boole","/wiki/George_Boolos","/wiki/Georg_Cantor","/wiki/Rudolf_Carnap","/wiki/Alonzo_Church","/wiki/Chrysippus","/wiki/Haskell_Curry","/wiki/Augustus_De_Morgan","/wiki/Gottlob_Frege","/wiki/Peter_Geach","/wiki/Gerhard_Gentzen","/wiki/Kurt_G%C3%B6del","/wiki/David_Hilbert","/wiki/Stephen_Cole_Kleene","/wiki/Saul_Kripke","/wiki/Gottfried_Wilhelm_Leibniz","/wiki/Leopold_L%C3%B6wenheim","/wiki/Giuseppe_Peano","/wiki/Charles_Sanders_Peirce","/wiki/Hilary_Putnam","/wiki/Willard_Van_Orman_Quine","/wiki/Bertrand_Russell","/wiki/Ernst_Schr%C3%B6der","/wiki/Duns_Scotus","/wiki/Thoralf_Skolem","/wiki/Raymond_Smullyan","/wiki/Alfred_Tarski","/wiki/Alan_Turing","/wiki/Alfred_North_Whitehead","/wiki/William_of_Ockham","/wiki/Ludwig_Wittgenstein","/wiki/Ernst_Zermelo","/wiki/Index_of_logic_articles","/wiki/List_of_mathematical_logic_topics","/wiki/List_of_Boolean_algebra_topics","/wiki/List_of_set_theory_topics","/wiki/List_of_logicians","/wiki/List_of_rules_of_inference","/wiki/List_of_paradoxes","/wiki/List_of_fallacies","/wiki/List_of_logic_symbols","/wiki/List_of_logic_symbols","/wiki/Ampersand","/wiki/Vel_(symbol)","/wiki/Negation","/wiki/Tilde","/wiki/Arrow_(symbol)","/wiki/Horseshoe_(symbol)","/wiki/Triple_bar","/wiki/Sheffer_stroke","/wiki/Turned_A","/wiki/Turned_E","/wiki/Tee_(symbol)","/wiki/Up_tack","/wiki/Turnstile_(symbol)","/wiki/Double_turnstile","/wiki/Therefore_sign","/wiki/Therefore_sign#Related_signs","/wiki/Portal:Logic","/wiki/Category:Logic","/wiki/Outline_of_logic","/wiki/Wikipedia:WikiProject_Logic","/wiki/Wikipedia_talk:WikiProject_Logic","//en.wikipedia.org/w/index.php?title=Special:Recentchangeslinked&target=Template:Logic&hidebots=0","http://en.wikipedia.org/w/index.php?title=Argument&oldid=539414159","/wiki/Help:Categories","/wiki/Category:Arguments","/wiki/Category:Critical_thinking","/wiki/Category:Logical_consequence","/wiki/Category:Reasoning","/wiki/Category:Use_dmy_dates_from_February_2011","/w/index.php?title=Special:UserLogin&returnto=Argument&type=signup","/w/index.php?title=Special:UserLogin&returnto=Argument","/wiki/Argument","/wiki/Talk:Argument","#","/wiki/Argument","/w/index.php?title=Argument&action=edit","/w/index.php?title=Argument&action=history","#","/w/index.php","//bits.wikimedia.org/static-1.21wmf11/skins/vector/images/search-ltr.png?303-4","/wiki/Main_Page","/wiki/Main_Page","/wiki/Portal:Contents","/wiki/Portal:Featured_content","/wiki/Portal:Current_events","/wiki/Special:Random","//donate.wikimedia.org/wiki/Special:FundraiserRedirector?utm_source=donate&utm_medium=sidebar&utm_campaign=C13_en.wikipedia.org&uselang=en","/wiki/Help:Contents","/wiki/Wikipedia:About","/wiki/Wikipedia:Community_portal","/wiki/Special:RecentChanges","/wiki/Wikipedia:Contact_us","/wiki/Special:WhatLinksHere/Argument","/wiki/Special:RecentChangesLinked/Argument","/wiki/Wikipedia:File_Upload_Wizard","/wiki/Special:SpecialPages","/w/index.php?title=Argument&oldid=539414159","/w/index.php?title=Argument&action=info","/w/index.php?title=Special:Cite&page=Argument&id=539414159","/w/index.php?title=Special:Book&bookcmd=book_creator&referer=Argument","/w/index.php?title=Special:Book&bookcmd=render_article&arttitle=Argument&oldid=539414159&writer=rl","/w/index.php?title=Argument&printable=yes","//ar.wikipedia.org/wiki/%D8%AD%D8%AC%D8%A7%D8%AC_(%D8%A7%D9%84%D9%85%D9%86%D8%B7%D9%82)","//ca.wikipedia.org/wiki/Argument","//cs.wikipedia.org/wiki/Argument","//da.wikipedia.org/wiki/Argumentation","//de.wikipedia.org/wiki/Argument","//et.wikipedia.org/wiki/Arutlus","//es.wikipedia.org/wiki/Argumento","//eo.wikipedia.org/wiki/Argumento_(filozofio)","//eu.wikipedia.org/wiki/Argudio","//fa.wikipedia.org/wiki/%D8%A8%D8%B1%D9%87%D8%A7%D9%86_(%D9%85%D9%86%D8%B7%D9%82)","//fr.wikipedia.org/wiki/Argumentation","//gl.wikipedia.org/wiki/Argumentaci%C3%B3n","//ko.wikipedia.org/wiki/%EB%85%BC%EC%A6%9D","//hr.wikipedia.org/wiki/Argument","//it.wikipedia.org/wiki/Argomento_(filosofia)","//he.wikipedia.org/wiki/%D7%98%D7%99%D7%A2%D7%95%D7%9F","//kk.wikipedia.org/wiki/%D0%90%D1%80%D0%B3%D1%83%D0%BC%D0%B5%D0%BD%D1%82","//la.wikipedia.org/wiki/Argumentum","//mk.wikipedia.org/wiki/%D0%9B%D0%BE%D0%B3%D0%B8%D1%87%D0%BA%D0%B8_%D0%B0%D1%80%D0%B3%D1%83%D0%BC%D0%B5%D0%BD%D1%82","//nl.wikipedia.org/wiki/Argument_(logica)","//ja.wikipedia.org/wiki/%E8%AB%96%E8%A8%BC","//no.wikipedia.org/wiki/Argumentasjon","//pl.wikipedia.org/wiki/Argument_(retoryka)","//pt.wikipedia.org/wiki/Argumento","//ro.wikipedia.org/wiki/Argument","//ru.wikipedia.org/wiki/%D0%90%D1%80%D0%B3%D1%83%D0%BC%D0%B5%D0%BD%D1%82_(%D0%BB%D0%BE%D0%B3%D0%B8%D0%BA%D0%B0)","//simple.wikipedia.org/wiki/Argument","//sk.wikipedia.org/wiki/Argument_(logika)","//sl.wikipedia.org/wiki/Argument_(logika)","//ckb.wikipedia.org/wiki/%D8%A8%DB%8C%D8%A7%D9%86%D9%88%D9%88","//sr.wikipedia.org/wiki/%D0%94%D0%BE%D0%BA%D0%B0%D0%B7","//sh.wikipedia.org/wiki/Dokaz_(logika)","//fi.wikipedia.org/wiki/Argumentti","//sv.wikipedia.org/wiki/Argumentation","//uk.wikipedia.org/wiki/%D0%90%D1%80%D0%B3%D1%83%D0%BC%D0%B5%D0%BD%D1%82","//vi.wikipedia.org/wiki/Lu%E1%BA%ADn_c%E1%BB%A9_logic","//zh-yue.wikipedia.org/wiki/%E8%AB%96%E8%AD%89","//zh.wikipedia.org/wiki/%E9%80%BB%E8%BE%91%E8%AE%BA%E8%AF%81","//www.wikidata.org/wiki/Special:ItemByTitle/enwiki/Argument","//en.wikipedia.org/wiki/Wikipedia:Text_of_Creative_Commons_Attribution-ShareAlike_3.0_Unported_License","//creativecommons.org/licenses/by-sa/3.0/","//wikimediafoundation.org/wiki/Terms_of_Use","//www.wikimediafoundation.org/","//en.wikipedia.org/wiki/Wikipedia:Contact_us","//wikimediafoundation.org/wiki/Privacy_policy","/wiki/Wikipedia:About","/wiki/Wikipedia:General_disclaimer","http://en.m.wikipedia.org/wiki/Argument","//wikimediafoundation.org/","//bits.wikimedia.org/images/wikimedia-button.png","//www.mediawiki.org/","//bits.wikimedia.org/static-1.21wmf11/skins/common/images/poweredby_mediawiki_88x31.png","//bits.wikimedia.org/en.wikipedia.org/load.php?debug=false&lang=en&modules=skins.vector&only=scripts&skin=vector&*","/w/index.php?title=MediaWiki:Gadget-ReferenceTooltips.js&action=raw&ctype=text/javascript&508635914","//bits.wikimedia.org/en.wikipedia.org/load.php?debug=false&lang=en&modules=site&only=scripts&skin=vector&*"],"instances":["linguistics","logic","logic","logic","philosopher","logic","physics","logic"],"pdf":[],"categories":["Arguments","Critical thinking","Logical consequence","Reasoning"],"headings":["Formal and informal arguments","Standard argument types","Deductive arguments","Inductive arguments","Defeasible arguments","Argument by analogy","Transitional arguments","Other kinds of arguments","Explanations and arguments","Fallacies and nonarguments","See also","Notes","References","Further reading","External links"],"image":["//upload.wikimedia.org/wikipedia/commons/thumb/3/3e/Logical_connectives_Hasse_diagram.svg/20px-Logical_connectives_Hasse_diagram.svg.png","//upload.wikimedia.org/wikipedia/commons/thumb/7/73/Nicolas_P._Rougier%27s_rendering_of_the_human_brain.png/32px-Nicolas_P._Rougier%27s_rendering_of_the_human_brain.png","//bits.wikimedia.org/static-1.21wmf11/skins/vector/images/search-ltr.png?303-4","//bits.wikimedia.org/images/wikimedia-button.png","//bits.wikimedia.org/static-1.21wmf11/skins/common/images/poweredby_mediawiki_88x31.png"],"tags":[["statement","logic"],["sentence","linguistics"],["interpretation","logic"],["corresponding_conditional","logic"],["interpretation","logic"],["tautology","logic"],["motion","physics"],["charles_taylor","philosopher"],["claim","logic"]],"members":["sentence","corresponding_conditional","claim","tautology","charles_taylor","statement","motion","interpretation"],"related":["Logic","Philosophy","Natural_language","Proposition","Statement_(logic)","Sentence_(linguistics)","Formal_language","Deductive_argument","Inductive_argument","Transcendental_arguments","Retroduction","World_disclosure","Reason","Rhetoric","Argumentation_theory","Logical_form","Interpretation_(logic)","Ordinary_language","Discourse","Formal_language","Argumentation","Entailment","Inference","Deductive_reasoning","Truth","Logical_consequence","Inductive_argument","Truthbearer","Logical_truth","Entailment","Corresponding_conditional","Entailment","Argument_form","Counter_argument","Corresponding_conditional_(logic)","Logical_truth","Interpretation_(logic)","Tautology_(logic)","Proof_procedure","Inductive_arguments","Statistical_syllogism","Inductive_inference","Cogency","Inductive_logic","Deductive_logic","Soundness","Mathematical_induction","Problem_of_induction","H.L.A._Hart","Stephen_Toulmin","Defeasible_reasoning","Epistemology","Motion_(physics)","Charles_Taylor_(philosopher)","Transcendental_arguments","Nikolas_Kompridis","World_disclosure","Michel_Foucault","World_disclosure","Ontology","Claim_(logic)","Rhetoric","Critical_thinking","Information_Systems","Logic","Abductive_reasoning","Analogy","Argument_map","Argumentation_theory","Argumentative_dialogue","Belief_bias","Boolean_logic","Deductive_reasoning","Defeasible_reasoning","Evidence","Evidence-based_policy","Fallacy","Dialectic","Formal_fallacy","Inductive_reasoning","Informal_fallacy","Inquiry","Practical_arguments","Soundness_theorem","Soundness","Truth","Validity","Robert_Audi","Vincent_F._Hendricks","Yu._Manin","Chaim_Perelman","Henri_Poincaré","Rob_Grootendorst","K._R._Popper","L._S._Stebbing","Douglas_Walton","Ronald_Loui","T._Edward_Damer","Attacking_Faulty_Reasoning"]}