{"cursor":"84309","size":15,"audio":["http://chomsky.info/audionvideo/19700216.mp3"],"currentlang":"en","article":"\n\n\n\n\n\n'Communism' (from Latin communis - common, universal) is a revolutionary\nsocialist movement to create a classless, moneyless [http://www.marxists.org/archive/marx/works/1847/11/prin-\ncom.htm Principals of Communism], Frederick Engels, 1847, Section 18. \"Finally,\nwhen all capital, all production, all exchange have been brought together in the\nhands of the nation, private property will disappear of its own accord, money\nwill become superfluous, and production will so expand and man so change that\nsociety will be able to slough off whatever of its old economic habits may rema-\nin.\" [http://www.marxists.org/archive/bukharin/works/1920/abc/03.htm\nThe ABC of Communism], Nikoli Bukharin, 1920, Section 20 and stateless\nsocial order structured upon common ownership of the means of production, as\nwell as a social, political and economic ideology that aims at the establishment\nof this social order. See for example, Socialism: Utopian or Scientific by\nFriedrich Engels, chapter III, paragraph III: \"The proletariat seizes the public\npower, and by means of this transforms the socialized means of production,\nslipping from the hands of the bourgeoisie, into public property. By this act,\nthe proletariat frees the means of production from the character of capital they\nhave thus far borne, and gives their socialized character complete freedom to\nwork itself out. Socialized production upon a predetermined plan becomes\nhenceforth possible. The development of production makes the existence of\ndifferent classes of society thenceforth an anachronism. In proportion as\nanarchy in social production vanishes, the political authority of the State dies\nout. Man, at last the master of his own form of social organization, becomes at\nthe same time the lord over Nature, his own master â free.\" or the ABC of\nCommunism: \"In a communist society there will be no classes. But if there will\nbe no classes, this implies that in communist society there will likewise be no\nState.\" This movement, in its MarxistâLeninist interpretations,\nsignificantly influenced the history of the 20th century, which saw intense\nrivalry between the \"socialist world\" (socialist states ruled by communist\nparties) and the \"western world\" (countries with capitalist\neconomies). [http://www.collinsdictionary.com/dictionary/english/communism\ncommunism]. CollinsDictionary.com. Collins English Dictionary - Complete &\nUnabridged 11th Edition. Retrieved December 02, 2012.\n\nMarxist theory holds that ''pure communism'' or ''full communism'' is a specific\nstage of historical development that inevitably emerges from the development of\nthe productive forces that leads to a superabundance of material wealth,\nallowing for distribution based on need and social relations based on freely\nassociated individuals. Critique of the Gotha Programme, Karl\nMarx. Full Communism: The Ultimate Goal: http://www.economictheories.org/2009/05/full-communism-ultimate-\ngoal.html  The exact definition of communism varies, and it is often\nmistakenly, in general political discourse, used interchangeably with socialism;\nhowever, Marxist theory contends that socialism is just a transitional stage on\nthe road to communism. Leninism adds to Marxism the notion of a vanguard party\nto lead the proletarian revolution and to secure all political power after the\nrevolution for the working class, for the development of universal class\nconsciousness and worker participation, in a transitional stage between\ncapitalism and communism.\n\nCouncil communists and non-Marxist libertarian communists and anarcho-communists\noppose the ideas of a vanguard party and a transition stage, and advocate for\nthe construction of full communism to begin immediately upon the abolition of\ncapitalism. There is a very wide range of theories amongst those particular\ncommunists in regards to how to build the types of institutions that would\nreplace the various economic engines (such as food distribution, education, and\nhospitals) as they exist under capitalist systemsâor even whether to do so at\nall. Some of these communists have specific plans for the types of\nadministrative bodies that would replace the current ones, while always\nqualifying that these bodies would be decentralised and worker-owned, just as\nthey currently are within the activist movements themselves. Others have no\nconcrete set of post-revolutionary blueprints at all, claiming instead that they\nsimply trust that the world's workers and poor will figure out proper modes of\ndistribution and wide-scale production, and also coordination, entirely on their\nown, without the need for any structured \"replacements\" for capitalist state-\nbased control.\n\nIn the modern lexicon of what many sociologists and political commentators refer\nto as the \"political mainstream\", communism is often used to refer to the\npolicies of communist states, i.e., the ones totally controlled by communist\nparties, regardless of the practical content of the actual economic system they\nmay preside over. Examples of this include the policies of the Socialist\nRepublic of Vietnam where the economic system incorporates \"doi moi\", the\nPeople's Republic of China (PRC) where the economic system incorporates\n\"socialist market economy\", and the economic system of the Soviet Union which\nhas been described as \"state capitalist\".\n","linknr":1917,"url":"Communism","recorded":1362373395,"links":213,"instances":["politics","communism_and_anarchism","polity","maoist","economist","1917","council","main","sociologist","marxism"],"pdf":["http://www.utopianmag.com/files/in/1000000034/12___WayneLibMarx.pdf","http://mises.org/pdf/econcalc.pdf","http://mises.org/pdf/econcalc.pdf","http://www.mises.org/etexts/Soc&Cap.pdf","http://www.mises.org/etexts/hayekintellectuals.pdf"],"categories":["Communism|","Anti-capitalism","Anti-fascism","Economic ideologies","Far-left politics","Political ideologies","Political culture","Socialism"],"headings":["Etymology and terminology","History","Marxist Communism","Non-Marxist Communism","Criticism","See also","References","External links"],"image":["//upload.wikimedia.org/wikipedia/commons/thumb/f/fc/Padlock-silver.svg/20px-Padlock-silver.svg.png","//upload.wikimedia.org/wikipedia/commons/thumb/c/c3/Hammer_and_Sickle_Red_Star_with_Glow.png/80px-Hammer_and_Sickle_Red_Star_with_Glow.png","//upload.wikimedia.org/wikipedia/commons/thumb/2/2c/Gracchus_Babeuf.jpg/20px-Gracchus_Babeuf.jpg","//upload.wikimedia.org/wikipedia/commons/thumb/d/d4/Karl_Marx_001.jpg/20px-Karl_Marx_001.jpg","//upload.wikimedia.org/wikipedia/commons/thumb/7/71/Engels.jpg/20px-Engels.jpg","//upload.wikimedia.org/wikipedia/commons/thumb/b/bb/Kropotkin1.jpg/20px-Kropotkin1.jpg","//upload.wikimedia.org/wikipedia/commons/thumb/5/52/Rosa_Luxemburg.jpg/20px-Rosa_Luxemburg.jpg","//upload.wikimedia.org/wikipedia/commons/thumb/0/0e/Karl_Liebknecht.jpg/20px-Karl_Liebknecht.jpg","//upload.wikimedia.org/wikipedia/commons/thumb/e/e6/Gramsci.png/20px-Gramsci.png","//upload.wikimedia.org/wikipedia/commons/thumb/b/b9/Lenin.jpg/20px-Lenin.jpg","//upload.wikimedia.org/wikipedia/en/thumb/2/2a/LeTrotskyDB.jpg/20px-LeTrotskyDB.jpg","//upload.wikimedia.org/wikipedia/commons/d/d2/Blank.png","//upload.wikimedia.org/wikipedia/commons/thumb/9/93/Brezhnev_1973.jpg/20px-Brezhnev_1973.jpg","//upload.wikimedia.org/wikipedia/commons/thumb/0/0b/Kim_Il-sung_1946.JPG/20px-Kim_Il-sung_1946.JPG","//upload.wikimedia.org/wikipedia/commons/thumb/e/e8/Mao_Zedong_portrait.jpg/20px-Mao_Zedong_portrait.jpg","//upload.wikimedia.org/wikipedia/commons/thumb/c/cb/1929_Deng_Xiaoping.jpg/20px-1929_Deng_Xiaoping.jpg","//upload.wikimedia.org/wikipedia/commons/thumb/1/17/Ho_Chi_Minh_1946_cropped.jpg/20px-Ho_Chi_Minh_1946_cropped.jpg","//upload.wikimedia.org/wikipedia/en/thumb/9/96/Palmiro_Togliatti.jpg/20px-Palmiro_Togliatti.jpg","//upload.wikimedia.org/wikipedia/commons/thumb/c/ca/Josip_Broz_Tito_Biha%C4%87_1942.jpg/20px-Josip_Broz_Tito_Biha%C4%87_1942.jpg","//upload.wikimedia.org/wikipedia/commons/thumb/c/c5/Fidel_Castro_-_MATS_Terminal_Washington_1959.jpg/20px-Fidel_Castro_-_MATS_Terminal_Washington_1959.jpg","//upload.wikimedia.org/wikipedia/commons/thumb/5/58/CheHigh.jpg/20px-CheHigh.jpg","//upload.wikimedia.org/wikipedia/commons/thumb/6/6e/Symbol-hammer-and-sickle.svg/16px-Symbol-hammer-and-sickle.svg.png","//upload.wikimedia.org/wikipedia/commons/thumb/f/f3/Emblem-money.svg/16px-Emblem-money.svg.png","//upload.wikimedia.org/wikipedia/commons/thumb/c/c3/Hammer_and_Sickle_Red_Star_with_Glow.png/125px-Hammer_and_Sickle_Red_Star_with_Glow.png","//bits.wikimedia.org/static-1.21wmf10/skins/common/images/magnify-clip.png","//upload.wikimedia.org/wikipedia/commons/thumb/2/28/Communism.svg/400px-Communism.svg.png","//bits.wikimedia.org/static-1.21wmf10/skins/common/images/magnify-clip.png","//upload.wikimedia.org/wikipedia/en/thumb/9/99/Question_book-new.svg/50px-Question_book-new.svg.png","//upload.wikimedia.org/wikipedia/commons/thumb/1/18/Soviet_Union%2C_Lenin_%2855%29.jpg/170px-Soviet_Union%2C_Lenin_%2855%29.jpg","//bits.wikimedia.org/static-1.21wmf10/skins/common/images/magnify-clip.png","//upload.wikimedia.org/wikipedia/commons/thumb/5/54/Sino-Soviet_split_1980.svg/300px-Sino-Soviet_split_1980.svg.png","//bits.wikimedia.org/static-1.21wmf10/skins/common/images/magnify-clip.png","//upload.wikimedia.org/wikipedia/commons/thumb/6/6a/Sputnik-stamp-ussr.jpg/150px-Sputnik-stamp-ussr.jpg","//bits.wikimedia.org/static-1.21wmf10/skins/common/images/magnify-clip.png","//upload.wikimedia.org/wikipedia/commons/thumb/2/21/Is_this_tomorrow.jpg/150px-Is_this_tomorrow.jpg","//bits.wikimedia.org/static-1.21wmf10/skins/common/images/magnify-clip.png","//upload.wikimedia.org/wikipedia/commons/thumb/3/33/Kerala_communist_tableaux.jpg/150px-Kerala_communist_tableaux.jpg","//bits.wikimedia.org/static-1.21wmf10/skins/common/images/magnify-clip.png","//upload.wikimedia.org/wikipedia/commons/thumb/8/8e/Communist_Party_of_the_Russian_Federation_meeting_at_Manezhnaya_Square%2C_Moscow%2C_2011-12-18.jpg/160px-Communist_Party_of_the_Russian_Federation_meeting_at_Manezhnaya_Square%2C_Moscow%2C_2011-12-18.jpg","//bits.wikimedia.org/static-1.21wmf10/skins/common/images/magnify-clip.png","//upload.wikimedia.org/wikipedia/en/thumb/9/99/Question_book-new.svg/50px-Question_book-new.svg.png","//upload.wikimedia.org/wikipedia/commons/thumb/7/79/Marx_and_Engels.jpg/180px-Marx_and_Engels.jpg","//upload.wikimedia.org/wikipedia/commons/thumb/c/c5/Red_flag_waving.svg/15px-Red_flag_waving.svg.png","//upload.wikimedia.org/wikipedia/en/thumb/f/fd/Portal-puzzle.svg/16px-Portal-puzzle.svg.png","//upload.wikimedia.org/wikipedia/commons/thumb/8/86/Communist-manifesto.png/170px-Communist-manifesto.png","//bits.wikimedia.org/static-1.21wmf10/skins/common/images/magnify-clip.png","//upload.wikimedia.org/wikipedia/commons/thumb/5/56/Lenin%2C_Engels%2C_Marx.png/150px-Lenin%2C_Engels%2C_Marx.png","//upload.wikimedia.org/wikipedia/commons/thumb/f/f1/JStalin_Secretary_general_CCCP_1942.jpg/150px-JStalin_Secretary_general_CCCP_1942.jpg","//bits.wikimedia.org/static-1.21wmf10/skins/common/images/magnify-clip.png","//upload.wikimedia.org/wikipedia/en/thumb/c/cd/Trotsky_militant.jpg/250px-Trotsky_militant.jpg","//bits.wikimedia.org/static-1.21wmf10/skins/common/images/magnify-clip.png","//upload.wikimedia.org/wikipedia/commons/thumb/9/94/Mao.jpg/150px-Mao.jpg","//upload.wikimedia.org/wikipedia/commons/thumb/6/6e/Symbol-hammer-and-sickle.svg/16px-Symbol-hammer-and-sickle.svg.png","//upload.wikimedia.org/wikipedia/commons/thumb/6/6a/ForbiddenCity_MaoZedongPortrait_%28pixinn.net%29.jpg/180px-ForbiddenCity_MaoZedongPortrait_%28pixinn.net%29.jpg","//bits.wikimedia.org/static-1.21wmf10/skins/common/images/magnify-clip.png","//upload.wikimedia.org/wikipedia/commons/thumb/5/58/Prachanda.jpg/220px-Prachanda.jpg","//bits.wikimedia.org/static-1.21wmf10/skins/common/images/magnify-clip.png","//upload.wikimedia.org/wikipedia/commons/thumb/5/52/Rosa_Luxemburg.jpg/200px-Rosa_Luxemburg.jpg","//bits.wikimedia.org/static-1.21wmf10/skins/common/images/magnify-clip.png","//upload.wikimedia.org/wikipedia/commons/thumb/3/37/AntonioNegri_SeminarioInternacionalMundo.jpg/170px-AntonioNegri_SeminarioInternacionalMundo.jpg","//bits.wikimedia.org/static-1.21wmf10/skins/common/images/magnify-clip.png","//upload.wikimedia.org/wikipedia/commons/thumb/0/00/Kropotkin2.jpg/180px-Kropotkin2.jpg","//bits.wikimedia.org/static-1.21wmf10/skins/common/images/magnify-clip.png","//upload.wikimedia.org/wikipedia/en/thumb/9/99/Question_book-new.svg/50px-Question_book-new.svg.png","//upload.wikimedia.org/wikipedia/commons/thumb/a/a3/GolodomorKharkiv.jpg/220px-GolodomorKharkiv.jpg","//bits.wikimedia.org/static-1.21wmf10/skins/common/images/magnify-clip.png","//upload.wikimedia.org/wikipedia/en/thumb/4/4a/Commons-logo.svg/30px-Commons-logo.svg.png","//upload.wikimedia.org/wikipedia/commons/thumb/d/d6/Wikiquote-logo-en.svg/40px-Wikiquote-logo-en.svg.png","//upload.wikimedia.org/wikipedia/commons/thumb/f/f8/Wiktionary-logo-en.svg/37px-Wiktionary-logo-en.svg.png","//upload.wikimedia.org/wikipedia/commons/thumb/4/4c/Wikisource-logo.svg/12px-Wikisource-logo.svg.png","//upload.wikimedia.org/wikipedia/commons/thumb/4/4c/Wikisource-logo.svg/12px-Wikisource-logo.svg.png","//upload.wikimedia.org/wikipedia/en/thumb/0/01/A_coloured_voting_box.svg/16px-A_coloured_voting_box.svg.png","//upload.wikimedia.org/wikipedia/commons/thumb/c/c3/Hammer_and_Sickle_Red_Star_with_Glow.png/100px-Hammer_and_Sickle_Red_Star_with_Glow.png","//bits.wikimedia.org/static-1.21wmf10/skins/vector/images/search-ltr.png?303-4","//bits.wikimedia.org/images/wikimedia-button.png","//bits.wikimedia.org/static-1.21wmf10/skins/common/images/poweredby_mediawiki_88x31.png"],"tags":[["free_association","communism_and_anarchism"],["state","polity"],["gordon_marshall","sociologist"],["soviet","council"],["history_of_soviet_russia_and_the_soviet_union","1917–1927#creation_of_the_ussr"],["deposition","politics"],["soviet","council"],["revisionism","marxism"],["revisionism","marxism"],["unified_communist_party_of_nepal","maoist"],["revisionism","marxism"],["international_conference_of_marxist-leninist_parties_and_organizations","unity_&_struggle"],["communist_party_of_spain","main"],["state","polity"],["john_holloway","economist"],["state","polity"],["russian_revolution","1917"]],"members":["deposition","history_of_soviet_russia_and_the_soviet_union","free_association","state","unified_communist_party_of_nepal","john_holloway","russian_revolution","soviet","communist_party_of_spain","gordon_marshall","revisionism"],"related":["Latin","Revolutionary_socialism","Classless_society","Stateless_society","Social_order","Base_and_superstructure","Common_ownership","Means_of_production","Social","Political","Economy","ABC_of_Communism","Marxism–Leninism","Socialist_state","Communist_party","Capitalist_economy","Marxism","Stateless_communism","Productive_forces","From_each_according_to_his_ability,_to_each_according_to_his_need","Free_association_(communism_and_anarchism)","Socialism","Leninism","Vanguard_party","Class_consciousness","Participatory_democracy","Capitalism","Council_communist","Libertarian_communist","Anarcho-communist","Decentralisation","Employee_ownership","Nation-state","Communist_party","Economic_system","Socialist_Republic_of_Vietnam","Doi_moi","People's_Republic_of_China","Socialist_market_economy","State_capitalist","Historical_materialism","Marxist_philosophy","Dictatorship_of_the_proletariat","Capitalism","Privatism","Political_science","Communist_state","Form_of_government","State_(polity)","Single-party_state","Marxism-Leninism","Red_star","Symbols_of_communism","One-party_state","Planned_economy","Means_of_production","Working_class","Marxism-Leninism","Mao_Zedong","New_Democracy","Vladimir_Lenin","War_communism","Doi_moi","Socialism_with_Chinese_characteristics","State_socialism","Pure_communism","Full_communism","Karl_Marx","Western_world","List_of_German-language_philosophers","Hunter-gatherer","Economic_surplus","Ancient_Greece","Richard_Pipes","Plato","History_of_Western_philosophy","Ancient_history","Spartacus","Slave_rebellion","Mazdak","Iran","Private_property","Ehsan_Yarshater","Cambridge_University_Press","Scripture","Middle_Ages","Christian_Church","Monasticism","Religious_order","Private_property","Thomas_More","Common_ownership","Puritan","Religious_denomination","Diggers","Eduard_Bernstein","English_Civil_War","Diggers","Oliver_Cromwell","Age_of_Enlightenment","Jean_Jacques_Rousseau","French_Revolution","Gordon_Marshall_(sociologist)","François-Noël_Babeuf","Encyclopædia_Britannica","Robert_Owen","New_Harmony,_Indiana","Charles_Fourier","Brook_Farm","Karl_Marx","Utopian_socialism","Scientific_socialism","Friedrich_Engels","Claude_Henri_de_Rouvroy,_comte_de_Saint-Simon","Industrial_Revolution","Proletariat","Manchester","Chartism","Saint_Petersburg","October_Revolution","Communist_Party_of_the_Soviet_Union","October_Revolution","Menshevik","Communist_revolution","World_War_I","Land_reform","Soviet_(council)","Single_party_state","Leninism","Second_International","World_War_I","Third_International","Twenty-one_Conditions","Democratic_centralism","Democratic_socialism","French_Section_of_the_Workers'_International","French_Communist_Party","Dictatorship_of_the_proletariat","Socialist_economics","Withering_away_of_the_state","Russian_Civil_War","Nationalization","War_communism","Kronstadt_rebellion","New_Economic_Policy","Joseph_Stalin","Russian_Empire","Professional_revolutionaries","Party_discipline","Norman_Davies","M._R._D._Foot","Great_Purge","Moscow_Trials","Lev_Kamenev","Grigory_Zinoviev","Alexei_Rykov","Nikolai_Bukharin","World_War_II","Central_Europe","Eastern_Europe","Communist_Party_of_China","Mao_Zedong","People's_Republic_of_China","Sino-Soviet_split","Cuba","North_Korea","Vietnam","Laos","Cambodia","Angola","Mozambique","Third_World","Communist_state","Arms_race","Space_race","Sputnik_1","Second_World_War","Bulgaria","Czechoslovakia","East_Germany","Poland","Hungary","Romania","Joseph_Tito","Yugoslavia","Socialist_Federal_Republic_of_Yugoslavia","Cominform","Comintern","Titoism","Deviationism","Albania","Communist_Party_of_China","Mainland_China","Guerrilla_warfare","Korean_War","Laos","Middle_East","Africa","Vietnam_War","Armed_forces","Nationalism","Socialism","Western_world","Imperialism","Cold_War","Nuclear_weapon","Joseph_McCarthy","Wisconsin","United_States_Department_of_State","Card-carrying_Communist","McCarthyism","Red-baiting","Blacklist","Mikhail_Gorbachev","Glasnost","Perestroika","Poland","East_Germany","Czechoslovakia","Bulgaria","Romania","Hungary","Dissolution_of_the_Soviet_Union","People's_Republic_of_China","Cuba","Laos","Vietnam","North_Korea","Dimitris_Christofias","Cyprus","Progressive_Party_of_Working_People","South_African_Communist_Party","African_National_Congress","Communism_in_India","States_and_territories_of_India","Nepal","Nepalese_Constituent_Assembly","Communist_Party_of_Brazil","Cabinet_of_Brazil","Dilma_Rousseff","Kerala","India","Chinese_economic_reform","Deng_Xiaoping","Special_Economic_Zone","Central_government","Politics_of_the_Soviet_Union","Degenerated_workers'_state","Deformed_workers'_state","Working_class","Caste","Ruling_class","Participatory_economics","Karl_Marx","Friedrich_Engels","Capitalism","Reform_movement","Social_class","Marx's_theory_of_alienation","Human_Freedom","Oxford_University_Press","Georg_Wilhelm_Friedrich_Hegel","Life_chances","False_consciousness","Pearson_Education","Means_of_production","Class_conflict","Proletariat","Communist_society","Private_property","Means_of_production","Communist_Movement","Developed_country","Vladimir_Lenin","Taylorism","Classical_Marxism","Industrialization","Collectivisation_in_the_Soviet_Union","Socialist_state","Proletariat","Vanguard_party","Professional_revolutionaries","Democratic_centralism","Capitalism","Fabianism","Social_democracy","Deposition_(politics)","Dictatorship_of_the_proletariat","False_consciousness","Bourgeoisie","Materialism","Proletarian_internationalism","Direct_democracy","Soviet_(council)","Soviet_democracy","October_Revolution","Bolshevik","Russian_nationalism","Joseph_Stalin","Great_Patriotic_War","Revolutionary_socialism","Political_system","Soviet_sphere_of_influence","Joseph_Stalin","Five-Year_Plans_for_the_National_Economy_of_the_Soviet_Union","Socialism_in_One_Country","Aggravation_of_class_struggle_under_socialism","Lenin's_Testament","Revisionism_(Marxism)","Leon_Trotsky","Permanent_revolution","World_revolution","Two_stage_theory","Socialism_in_one_country","Proletarian_internationalism","Degenerated_worker's_state","Dictatorship_of_the_proletariat","Fourth_International","Comintern","Political_movement","Latin_America","Asia","Argentina","Brazil","Bolivia","Sri_Lanka","North_America","Western_Europe","Eastern_Bloc","Secret_Speech","Tiananmen_Gate","Chairman_Mao","Communist_Party_of_China","Nikita_Khrushchev","Communist_Party_of_China","Communist_Party_of_the_Soviet_Union","Revisionism_(Marxism)","Party_of_Labour_of_Albania","People's_Republic_of_China","Egalitarianism","Deng_Xiaoping","Personality_cult","Pokhara","Unified_Communist_Party_of_Nepal_(Maoist)","Nepal","Anti-revisionist","Sino-Albanian_split","Party_of_Labour_of_Albania","Revisionism_(Marxism)","United_States","Enver_Hoxha","Social-imperialist","Soviet_invasion_of_Czechoslovakia","Warsaw_Pact","Latin_America","Popular_Liberation_Army","International_Conference_of_Marxist-Leninist_Parties_and_Organizations_(Unity_&_Struggle)","Pejorative","SFRY","Josip_Broz_Tito","Yugoslav_Partisans","Red_Army","Balkans","Warsaw_Pact","Comecon","North_Korea","Kim_Il_Sung","Western_Europe","Italian_Communist_Party","French_Communist_Party","Communist_Party_of_Spain_(main)","Antonio_Gramsci","Cultural_hegemony","Public_sector","Middle-class","New_social_movements","Feminism","Gay_liberation","Austromarxism","Anti-authoritarian","Marxism","Left_communism","Marxism–Leninism","Herman_Gorter","Antonie_Pannekoek","Sylvia_Pankhurst","Stalinism","Maoism","Trotskyism","Reformist","Social_democrats","Working_class","State_(polity)","Anarchism","Libertarian_socialism","Luxemburgism","Council_communism","Left_communism","Johnson-Forest_tendency","World_socialism","Lettrism","Situationist_International","Operaismo","Autonomism","New_Left","Post-left_anarchism","Social_anarchism","Anton_Pannekoek","Raya_Dunayevskaya","CLR_James","Antonio_Negri","Cornelius_Castoriadis","Maurice_Brinton","Guy_Debord","Daniel_Guérin","Ernesto_Screpanti","Raoul_Vaneigem","Far-left","Germany","Netherlands","Communist_Workers_Party_of_Germany","Libertarian_socialism","Social_democracy","Workers'_councils","Reformist","Ideology","New_institutionalism","Vanguard_party","Democratic_centralism","Economic_system","Workers'_councils","Recall_election","Planned_economy","Authoritarianism","State_socialism","State_capitalism","Bolshevik","Comintern","Anarchist_communism","De_Leonism","Rosa_Luxemburg","Amadeo_Bordiga","Herman_Gorter","Antonie_Pannekoek","Otto_Rühle","Karl_Korsch","Sylvia_Pankhurst","Paul_Mattick","List_of_left-wing_internationals","International_Communist_Party","International_Communist_Current","Internationalist_Communist_Tendency","General_strike","Wildcat_strikes","May_1968_in_France","Avant-garde","Capitalism","Unitary_urbanism","Psychogeography","Advanced_capitalism","Guy_Debord","Mass_media","Council_for_Maintaining_the_Occupations","Direct_democracy","Workers'_councils","Left-wing","History_of_Italy_as_a_Republic","Workerist","Post-Marxism","Anarchist","Situationist_International","Far-left","Antonio_Negri","Paolo_Virno","Johnson-Forest_Tendency","Socialisme_ou_Barbarie","Social_Centre_movement","Post-structuralism","Harry_Cleaver","John_Holloway_(economist)","Nick_Dyer-Witheford","Christian_communism","Anarchist_communism","Anarcho-communism","Anarchism","State_(polity)","Private_property","Capitalism","Common_ownership","Means_of_production","Direct_democracy","Voluntary_association","Workers'_council","From_each_according_to_his_ability,_to_each_according_to_his_need","Peter_Kropotkin","Insurrectionary_anarchism","Egoist_anarchism","Individualism","Renzo_Novatore","Peter_Kropotkin","Spanish_Revolution","Free_Territory","Russian_Revolution_(1917)","Spanish_Anarchists","Spanish_Revolution","Spanish_Civil_War","Aragon","Levante","Andalusia","Anarchist_Catalonia","Francoism","Adolf_Hitler","Benito_Mussolini","Nestor_Makhno","Revolutionary_Insurrectionary_Army_of_Ukraine","Free_Territory","Christian_communism","Christianity","Jesus","Social_structure","New_Testament","Acts_of_the_Apostles","Authorized_King_James_Version","Christian_socialism","Christian_anarchism","Marxism","Socialism","Leninism","Soviet_famine_of_1932–1933","Economic_calculation_problem","Ludwig_von_Mises_Institute","One-party_states","Communist_state","Human_rights","Daniel_Jonah_Goldhagen","PublicAffairs","Cornell_University_Press","Council_of_Europe","Council_of_Europe_resolution_1481","Prague_Declaration_on_European_Conscience_and_Communism","Declaration_on_Crimes_of_Communism","Stéphane_Courtois","List_of_communist_parties","Literary_criticism","New_England","François_Furet","University_of_Chicago_Press","Karl_Marx","Friedrich_Engels","Stéphane_Courtois","Harvard_University_Press","Paul_Hollander","Alexandre_Zinoviev","Marxists_Internet_Archive","Libertarian_communism"]}