{"cursor":"8809","size":15,"audio":[],"currentlang":"en","article":"In ring theory, a branch of mathematics, a 'radical of a ring' is an ideal of\n\"bad\" elements of the ring.\n\nThe first example of a radical was the nilradical introduced in , based on a\nsuggestion in . In the next few years several other radicals were discovered, of\nwhich the most important example is the Jacobson radical. The general theory of\nradicals was defined independently by and .\n","linknr":164,"url":"Radical_of_a_ring","recorded":1362896642,"links":11,"instances":["mathematics","ring_theory"],"pdf":[],"categories":["Ideals","Ring theory"],"headings":["Definitions","Examples","See also","References"],"image":["//upload.wikimedia.org/math/b/1/9/b196b68fe70e0c18da55945a3d25b84e.png","//upload.wikimedia.org/math/8/2/4/8249726d85d53fd72b23203bd1c54d10.png","//upload.wikimedia.org/math/0/4/3/0438f56b409ed77774dcbb9598e612ea.png","//bits.wikimedia.org/static-1.21wmf10/skins/vector/images/search-ltr.png?303-4","//bits.wikimedia.org/images/wikimedia-button.png","//bits.wikimedia.org/static-1.21wmf10/skins/common/images/poweredby_mediawiki_88x31.png"],"tags":[["ideal","ring_theory"],["ring","mathematics"]],"members":["ring","ideal"],"related":["Ring_theory","Mathematics","Ideal_(ring_theory)","Ring_(mathematics)","Nilradical_of_a_ring","Jacobson_radical","Simple_module","Jacobson_ring","Prime_ideal","Nilpotent","Nil_ideal","Nilradical_of_a_ring","Radical_of_an_ideal","Nil_ideal","Köthe's_conjecture","Essential_submodule","Left_ideal","Singular_submodule","Noetherian_ring","Hirsch–Plotkin_radical","Noetherian_ring","Simple_ring","Von_Neumann_regular_ring","Noetherian_ring","Artinian_module","Radical_of_a_module","Kaplansky_radical"]}