{"cursor":"13843","size":15,"audio":[],"currentlang":"en","article":"Quality}} 'Quality' in business, engineering and manufacturing has a pragmatic\ninterpretation as the non-inferiority or superiority of something; it is also\ndefined as fitness for purpose. Quality is a perceptual, conditional and\nsomewhat subjective attribute and may be understood differently by different\npeople. Consumers may focus on the 'specification quality' of a product/service,\nor how it compares to competitors in the marketplace. Producers might measure\nthe 'conformance quality', or degree to which the product/service was produced\ncorrectly. Support personnel may measure quality in the degree that a product is\nreliable, maintainable, or sustainable. 'Simply put, a quality item (an item\nthat has quality) has the ability to perform satisfactorily in service and is\nsuitable for its intended purpose.'\n\nThere are five aspects of quality in a business context:\n# Producing - providing something. Checking - confirming that something has been\n# done correctly. Quality Control - controlling a process to ensure that the\n# outcomes are predictable. Quality Management â directing an organisation so\n# that it optimises its performance through analysis and improvement. Quality\n# Assurance â obtaining confidence that a product or service will be\n# satisfactory. (Normally performed by a purchaser)\n\nQuality applied in these forms was mainly developed by the procurement\ndirectorates of NASA, the military and nuclear industries from the 1960's and\nthis is why so much emphasis was placed on Quality Assurance. The original\nversions of Quality Management System Standards (eventually merged to ISO 9001)\nwere designed to contract manufacturers to produce better products, consistently\nand were focussed on Producing, Checking and Quality Control.\n\nThe subsequent move of the Quality sector towards management systems can be\nclearly seen by the aggregation of the product quality requirements into one\neighth of the current version of ISO 9001. This increased focus on Quality\nManagement has promoted a general perception that quality is about procedures\nand documentation. Similar experiences can be seen in the areas of Safety\nManagement Systems and Environmental Management Systems.\n\nThe emergence of tools like Asset Optimisation and 6 sigma is an interesting\ndevelopment in the application of quality principles in business.\n\nManaging quality is fundamental to any activity and having a clear understanding\nof the five aspects, measuring performance and taking action to improve is\nessential to an organisations survival and growth.\n","linknr":269,"url":"Quality_(business)","recorded":1363127806,"links":["/w/index.php?title=Quality_(business)&action=edit","/w/index.php?title=Quality_(business)&action=edit","//en.wikipedia.org/apple-touch-icon.png","//bits.wikimedia.org/favicon/wikipedia.ico","/w/opensearch_desc.php","//en.wikipedia.org/w/api.php?action=rsd","//creativecommons.org/licenses/by-sa/3.0/","/w/index.php?title=Special:RecentChanges&feed=atom","//bits.wikimedia.org/en.wikipedia.org/load.php?debug=false&lang=en&modules=ext.gadget.DRN-wizard%2CReferenceTooltips%2Ccharinsert%2Cteahouse%7Cext.wikihiero%7Cmediawiki.legacy.commonPrint%2Cshared%7Cmw.PopUpMediaTransform%7Cskins.vector&only=styles&skin=vector&*","//bits.wikimedia.org/en.wikipedia.org/load.php?debug=false&lang=en&modules=site&only=styles&skin=vector&*","//bits.wikimedia.org/en.wikipedia.org/load.php?debug=false&lang=en&modules=startup&only=scripts&skin=vector&*","//bits.wikimedia.org/geoiplookup","//meta.wikimedia.org","#mw-head","#p-search","/wiki/Quality_(disambiguation)","/wiki/Pragmatic","/wiki/Conformance_testing","/wiki/Reliability","/wiki/Maintainability","/wiki/Sustainability","#Notable_definitions","#Market_sector_perspectives","#Operations_management","#Manufacturing","#Customers","#Quality_management_techniques","#Quality_Awards","#See_also","#References","#Bibliography","#External_links","/w/index.php?title=Quality_(business)&action=edit&section=1","/wiki/American_Society_for_Quality","#cite_note-ASQglossaryQ-1","/wiki/Subir_Chowdhury","#cite_note-2","/wiki/Philip_B._Crosby","#cite_note-3","#cite_note-ASQglossaryQ-1","/wiki/Customer","/wiki/W._Edwards_Deming","#cite_note-4","#cite_note-5","/wiki/Peter_Drucker","#cite_note-6","/wiki/ISO_9000","#cite_note-7","/wiki/Joseph_M._Juran","#cite_note-ASQglossaryQ-1","/wiki/Noriaki_Kano","#cite_note-8","/wiki/Product_(business)","/wiki/Service_(economics)","/wiki/Robert_Pirsig","#cite_note-9","/wiki/Six_Sigma","#cite_note-10","/wiki/Genichi_Taguchi","#cite_note-11","/wiki/Standard_deviation","#cite_note-12","/wiki/Gerald_M._Weinberg","#cite_note-13","/w/index.php?title=Quality_(business)&action=edit&section=2","/w/index.php?title=Quality_(business)&action=edit&section=3","/wiki/Operations_management","/wiki/Wikipedia:Citation_needed","/wiki/Dependability","/wiki/Speed","/wiki/Cost","/w/index.php?title=Quality_(business)&action=edit&section=4","//upload.wikimedia.org/wikipedia/en/f/f4/Ambox_content.png","/wiki/Wikipedia:No_original_research","//en.wikipedia.org/w/index.php?title=Quality_(business)&action=edit","/wiki/Wikipedia:Verifiability","/wiki/Wikipedia:References","/wiki/Revenue","#cite_note-14","/wiki/Customer_satisfaction","/wiki/Logical_and","/w/index.php?title=Quality_(business)&action=edit&section=5","/wiki/Wikipedia:Citation_needed","/w/index.php?title=Quality_(business)&action=edit&section=6","/wiki/Quality_management_system","/wiki/Total_quality_management","/wiki/Design_of_experiments","/wiki/Fractional_factorial_design","/wiki/Optimal_design","/wiki/Response_surface_methodology","/wiki/Continuous_improvement","/wiki/Six_Sigma","/wiki/Statistical_Process_Control","/wiki/Quality_circle","/wiki/Requirements_analysis","/wiki/Verification_and_validation","/wiki/Zero_Defects","/wiki/Theory_of_Constraints","/wiki/Business_process_management","/wiki/Business_process_re-engineering","/wiki/Capability_Maturity_Model","/w/index.php?title=Quality_(business)&action=edit&section=7","/wiki/Malcolm_Baldrige_National_Quality_Award","/wiki/EFQM","/wiki/Deming_Prize","/w/index.php?title=Quality_(business)&action=edit&section=8","/wiki/Common_law_of_business_balance","/wiki/Eight_dimensions_of_quality","/wiki/ISO_9000","/wiki/Metaphysics_of_quality","/wiki/Quality_assurance","/wiki/Quality_control","/wiki/Quality_investing","/wiki/Quality_engineering","/wiki/Six_Sigma","/wiki/Software_quality","/wiki/Theory_of_constraints","/wiki/W._Edwards_Deming","/wiki/List_of_economics_topics","/wiki/List_of_production_topics","/w/index.php?title=Quality_(business)&action=edit&section=9","#cite_ref-ASQglossaryQ_1-0","#cite_ref-ASQglossaryQ_1-1","#cite_ref-ASQglossaryQ_1-2","http://www.asq.org/glossary/q.html","http://www.asq.org/glossary/q.html","#cite_ref-2","/wiki/International_Standard_Book_Number","/wiki/Special:BookSources/978-0-385-51478-1","#cite_ref-3","/wiki/International_Standard_Book_Number","/wiki/Special:BookSources/0-07-014512-1","#cite_ref-4","/wiki/Special:BookSources/0911379010","#cite_ref-5","/wiki/International_Standard_Book_Number","/wiki/Special:BookSources/0-399-55000-3","#cite_ref-6","/wiki/International_Standard_Book_Number","/wiki/Special:BookSources/978-0-06-091360-1","#cite_ref-7","#cite_ref-8","/wiki/Noriaki_Kano","#cite_ref-9","/wiki/International_Standard_Book_Number","/wiki/Special:BookSources/0-688-00230-7","#cite_ref-10","http://www.motorola.com/content.jsp?globalObjectId=3088","http://www.motorola.com/content.jsp?globalObjectId=3088","/wiki/Wikipedia:Link_rot","#cite_ref-11","/wiki/International_Standard_Book_Number","/wiki/Special:BookSources/978-99929-1-026-9","#cite_ref-12","/wiki/International_Standard_Book_Number","/wiki/Special:BookSources/978-1-55623-970-0","http://scholar.lib.vt.edu/ejournals/JOTS/Summer-Fall-1996/PDF/9-2-Sriraman-article.pdf","http://scholar.lib.vt.edu/ejournals/JOTS/Summer-Fall-1996/PDF/9-2-Sriraman-article.pdf","#cite_ref-13","/wiki/International_Standard_Book_Number","/wiki/Special:BookSources/978-0-932633-72-9","/wiki/OCLC","//www.worldcat.org/oclc/23870230","#cite_ref-14","/w/index.php?title=Quality_(business)&action=edit&section=10","/w/index.php?title=Quality_(business)&action=edit&section=11","//upload.wikimedia.org/wikipedia/commons/thumb/f/f8/Wiktionary-logo-en.svg/37px-Wiktionary-logo-en.svg.png","//en.wiktionary.org/wiki/quality","http://www.docquality.info","http://www.compulegal.eu/files/qm.htm","http://en.wikipedia.org/w/index.php?title=Quality_(business)&oldid=543426751","/wiki/Help:Categories","/wiki/Category:Production_and_manufacturing","/wiki/Category:Product_management","/wiki/Category:Management","/wiki/Category:Services_management_and_marketing","/wiki/Category:Marketing","/wiki/Category:Quality","/wiki/Category:Evaluation","/wiki/Category:All_articles_with_dead_external_links","/wiki/Category:Articles_with_dead_external_links_from_February_2012","/wiki/Category:All_articles_with_unsourced_statements","/wiki/Category:Articles_with_unsourced_statements_from_September_2010","/wiki/Category:Articles_that_may_contain_original_research_from_February_2009","/wiki/Category:All_articles_that_may_contain_original_research","/w/index.php?title=Special:UserLogin&returnto=Quality+%28business%29&type=signup","/w/index.php?title=Special:UserLogin&returnto=Quality+%28business%29","/wiki/Quality_(business)","/wiki/Talk:Quality_(business)","#","/wiki/Quality_(business)","/w/index.php?title=Quality_(business)&action=edit&oldid=543426751","/w/index.php?title=Quality_(business)&action=history","#","/w/index.php","//bits.wikimedia.org/static-1.21wmf10/skins/vector/images/search-ltr.png?303-4","/wiki/Main_Page","/wiki/Main_Page","/wiki/Portal:Contents","/wiki/Portal:Featured_content","/wiki/Portal:Current_events","/wiki/Special:Random","//donate.wikimedia.org/wiki/Special:FundraiserRedirector?utm_source=donate&utm_medium=sidebar&utm_campaign=C13_en.wikipedia.org&uselang=en","/wiki/Help:Contents","/wiki/Wikipedia:About","/wiki/Wikipedia:Community_portal","/wiki/Special:RecentChanges","/wiki/Wikipedia:Contact_us","/wiki/Special:WhatLinksHere/Quality_(business)","/wiki/Special:RecentChangesLinked/Quality_(business)","/wiki/Wikipedia:File_Upload_Wizard","/wiki/Special:SpecialPages","/w/index.php?title=Quality_(business)&oldid=543426751","/w/index.php?title=Quality_(business)&action=info","/w/index.php?title=Special:Cite&page=Quality_%28business%29&id=543426751","/w/index.php?title=Special:Book&bookcmd=book_creator&referer=Quality+%28business%29","/w/index.php?title=Special:Book&bookcmd=render_article&arttitle=Quality+%28business%29&oldid=543426574&writer=rl","/w/index.php?title=Quality_(business)&printable=yes","//af.wikipedia.org/wiki/Kwaliteit","//ar.wikipedia.org/wiki/%D8%AC%D9%88%D8%AF%D8%A9","//bg.wikipedia.org/wiki/%D0%9A%D0%B0%D1%87%D0%B5%D1%81%D1%82%D0%B2%D0%BE_(%D0%B1%D0%B8%D0%B7%D0%BD%D0%B5%D1%81)","//ca.wikipedia.org/wiki/Qualitat","//cs.wikipedia.org/wiki/Kvalita","//de.wikipedia.org/wiki/Qualit%C3%A4t","//et.wikipedia.org/wiki/Kvaliteet","//es.wikipedia.org/wiki/Calidad","//eo.wikipedia.org/wiki/Kvalito","//eu.wikipedia.org/wiki/Kalitate","//fa.wikipedia.org/wiki/%DA%A9%DB%8C%D9%81%DB%8C%D8%AA","//fr.wikipedia.org/wiki/D%C3%A9marche_qualit%C3%A9","//ko.wikipedia.org/wiki/%ED%92%88%EC%A7%88","//hr.wikipedia.org/wiki/Kvaliteta","//id.wikipedia.org/wiki/Kualitas","//it.wikipedia.org/wiki/Qualit%C3%A0","//he.wikipedia.org/wiki/%D7%90%D7%99%D7%9B%D7%95%D7%AA","//kk.wikipedia.org/wiki/%D0%A1%D0%B0%D0%BF%D0%B0_%D1%82%D1%83%D1%80%D0%B0%D0%BB%D1%8B_%D1%82%D2%AF%D1%81%D1%96%D0%BD%D1%96%D0%BA","//lv.wikipedia.org/wiki/Kvalit%C4%81te","//hu.wikipedia.org/wiki/Min%C5%91s%C3%A9g","//mk.wikipedia.org/wiki/%D0%9A%D0%B2%D0%B0%D0%BB%D0%B8%D1%82%D0%B5%D1%82","//nl.wikipedia.org/wiki/Kwaliteit_(eigenschap)","//ja.wikipedia.org/wiki/%E5%93%81%E8%B3%AA","//no.wikipedia.org/wiki/Kvalitet","//nn.wikipedia.org/wiki/Kvalitet","//ps.wikipedia.org/wiki/%DA%A9%D9%8A%D9%81%D9%8A%D8%AA","//pl.wikipedia.org/wiki/Jako%C5%9B%C4%87","//pt.wikipedia.org/wiki/Qualidade","//ru.wikipedia.org/wiki/%D0%9A%D0%B0%D1%87%D0%B5%D1%81%D1%82%D0%B2%D0%BE_%D0%BF%D1%80%D0%BE%D0%B4%D1%83%D0%BA%D1%86%D0%B8%D0%B8","//simple.wikipedia.org/wiki/Quality","//sk.wikipedia.org/wiki/Kvalita_(akos%C5%A5)","//fi.wikipedia.org/wiki/Laatu","//sv.wikipedia.org/wiki/Kvalitet","//ta.wikipedia.org/wiki/%E0%AE%A4%E0%AE%B0%E0%AE%AE%E0%AF%8D_(%E0%AE%B5%E0%AE%A3%E0%AE%BF%E0%AE%95%E0%AE%AE%E0%AF%8D)","//tr.wikipedia.org/wiki/Kalite","//uk.wikipedia.org/wiki/%D0%AF%D0%BA%D1%96%D1%81%D1%82%D1%8C_%D0%BF%D1%80%D0%BE%D0%B4%D1%83%D0%BA%D1%86%D1%96%D1%97","//vi.wikipedia.org/wiki/Ch%E1%BA%A5t_l%C6%B0%E1%BB%A3ng_(kinh_doanh)","//zh.wikipedia.org/wiki/%E5%93%81%E8%B4%A8","//www.wikidata.org/wiki/Special:ItemByTitle/enwiki/Quality (business)","http://en.wikipedia.org/wiki/Wikipedia:Page_history","http://en.wikipedia.org/wiki/Wikipedia:Text_of_Creative_Commons_Attribution-ShareAlike_3.0_Unported_License","//wikimediafoundation.org/wiki/Privacy_policy","/wiki/Wikipedia:About","/wiki/Wikipedia:General_disclaimer","http://en.m.wikipedia.org/wiki/Quality_(business)","//wikimediafoundation.org/","//bits.wikimedia.org/images/wikimedia-button.png","//www.mediawiki.org/","//bits.wikimedia.org/static-1.21wmf10/skins/common/images/poweredby_mediawiki_88x31.png","//bits.wikimedia.org/en.wikipedia.org/load.php?debug=false&lang=en&modules=skins.vector&only=scripts&skin=vector&*","/w/index.php?title=MediaWiki:Gadget-ReferenceTooltips.js&action=raw&ctype=text/javascript&508635914","//bits.wikimedia.org/en.wikipedia.org/load.php?debug=false&lang=en&modules=site&only=scripts&skin=vector&*"],"instances":["business","economics"],"pdf":["http://scholar.lib.vt.edu/ejournals/JOTS/Summer-Fall-1996/PDF/9-2-Sriraman-article.pdf","http://scholar.lib.vt.edu/ejournals/JOTS/Summer-Fall-1996/PDF/9-2-Sriraman-article.pdf"],"categories":["Production and manufacturing","Product management","Management","Services management and marketing","Marketing","Quality","Evaluation"],"headings":["Notable definitions","Market sector perspectives","Quality management techniques","Quality Awards","See also","References","Bibliography","External links"],"image":["//upload.wikimedia.org/wikipedia/en/f/f4/Ambox_content.png","//upload.wikimedia.org/wikipedia/commons/thumb/f/f8/Wiktionary-logo-en.svg/37px-Wiktionary-logo-en.svg.png","//bits.wikimedia.org/static-1.21wmf10/skins/vector/images/search-ltr.png?303-4","//bits.wikimedia.org/images/wikimedia-button.png","//bits.wikimedia.org/static-1.21wmf10/skins/common/images/poweredby_mediawiki_88x31.png"],"tags":[["product","business"],["service","economics"]],"members":["product","service"],"related":["Pragmatic","Conformance_testing","Reliability","Maintainability","Sustainability","American_Society_for_Quality","Subir_Chowdhury","Philip_B._Crosby","Customer","W._Edwards_Deming","Peter_Drucker","ISO_9000","Joseph_M._Juran","Noriaki_Kano","Product_(business)","Service_(economics)","Robert_Pirsig","Six_Sigma","Genichi_Taguchi","Standard_deviation","Gerald_M._Weinberg","Operations_management","Dependability","Speed","Cost","Revenue","Customer_satisfaction","Logical_and","Quality_management_system","Total_quality_management","Design_of_experiments","Fractional_factorial_design","Optimal_design","Response_surface_methodology","Continuous_improvement","Six_Sigma","Statistical_Process_Control","Quality_circle","Requirements_analysis","Verification_and_validation","Zero_Defects","Theory_of_Constraints","Business_process_management","Business_process_re-engineering","Capability_Maturity_Model","Malcolm_Baldrige_National_Quality_Award","EFQM","Deming_Prize","Common_law_of_business_balance","Eight_dimensions_of_quality","ISO_9000","Metaphysics_of_quality","Quality_assurance","Quality_control","Quality_investing","Quality_engineering","Six_Sigma","Software_quality","Theory_of_constraints","W._Edwards_Deming","List_of_economics_topics","List_of_production_topics"]}