{"cursor":"7455","size":15,"audio":[],"currentlang":"en","article":"{{Infobox prepared food\n| name = Bread Roll image = caption = Bread rolls (lower bin) at a bakery\n| alternate_name = country = region = creator = course = Side dish type = Bread\n| served = main_ingredient = variations = calories = other =\n}}\n\n\nA 'bread roll' is a small, usually round loaf of bread for one person. Bread\nrolls are commonly served as a meal accompaniment (eaten plain or with butter),\nor else â cut transversely and with a filling placed between the two halves â\nused to make sandwiches similar to those produced using slices of bread.\n","linknr":264,"url":"Bread_roll","recorded":1363187055,"links":["/w/index.php?title=Bread_roll&action=edit","/w/index.php?title=Bread_roll&action=edit","//en.wikipedia.org/apple-touch-icon.png","//bits.wikimedia.org/favicon/wikipedia.ico","/w/opensearch_desc.php","//en.wikipedia.org/w/api.php?action=rsd","//creativecommons.org/licenses/by-sa/3.0/","/w/index.php?title=Special:RecentChanges&feed=atom","//bits.wikimedia.org/en.wikipedia.org/load.php?debug=false&lang=en&modules=ext.gadget.DRN-wizard%2CReferenceTooltips%2Ccharinsert%2Cteahouse%7Cext.wikihiero%7Cmediawiki.legacy.commonPrint%2Cshared%7Cmw.PopUpMediaTransform%7Cskins.vector&only=styles&skin=vector&*","//bits.wikimedia.org/en.wikipedia.org/load.php?debug=false&lang=en&modules=site&only=styles&skin=vector&*","//bits.wikimedia.org/en.wikipedia.org/load.php?debug=false&lang=en&modules=startup&only=scripts&skin=vector&*","//bits.wikimedia.org/geoiplookup","//meta.wikimedia.org","#mw-head","#p-search","/wiki/File:Bread_rolls_at_a_bakery.jpg","//upload.wikimedia.org/wikipedia/commons/thumb/8/8a/Bread_rolls_at_a_bakery.jpg/250px-Bread_rolls_at_a_bakery.jpg","/wiki/Side_dish","/wiki/Bread","/wiki/File:Korb_mit_Br%C3%B6tchen_.JPG","//upload.wikimedia.org/wikipedia/commons/thumb/1/1a/Korb_mit_Br%C3%B6tchen_.JPG/220px-Korb_mit_Br%C3%B6tchen_.JPG","/wiki/File:Korb_mit_Br%C3%B6tchen_.JPG","//bits.wikimedia.org/static-1.21wmf10/skins/common/images/magnify-clip.png","/wiki/Bread","/wiki/Sandwich","#Various_forms","#See_also","#Notes","#External_links","/w/index.php?title=Bread_roll&action=edit&section=1","/wiki/File:Question_book-new.svg","//upload.wikimedia.org/wikipedia/en/thumb/9/99/Question_book-new.svg/50px-Question_book-new.svg.png","/wiki/Wikipedia:Citing_sources","/wiki/Wikipedia:Verifiability","/wiki/Help:Introduction_to_referencing/1","/wiki/Wikipedia:Verifiability#Burden_of_evidence","/wiki/Dialect","/wiki/British_English","/wiki/Scotland","/wiki/Ireland","/wiki/Zante_currant","/wiki/Barm_cake","/wiki/Atherstone","/wiki/Coventry","/wiki/Merseyside","/wiki/Blaa","/wiki/Bulkie_roll","/wiki/Bun","/wiki/Hamburger_bun","/wiki/Hot_dog_bun","/wiki/Buttery_(bread)","/wiki/Aberdeen","/wiki/Bolton","/wiki/Hoagie","/wiki/Kaiser_roll","/wiki/Poppy_seed","/wiki/Sesame_seed","/wiki/Kummelweck","/wiki/Kaiser_roll","/wiki/Bulkie_roll","/wiki/Kosher_salt","/wiki/Caraway_seed","/wiki/Upstate_New_York","/wiki/Manchet","/wiki/West_Yorkshire","/wiki/English_muffin","/wiki/Liverpool","/wiki/Stottie_cake","/wiki/North_East_England","/wiki/Yorkshire","/wiki/Europe","/wiki/Germany","/wiki/Italy","/wiki/Austria","/wiki/Australia","/wiki/New_Zealand","/wiki/German_language","/wiki/Rhineland","/wiki/High_German","/wiki/Hamburg","/wiki/Schleswig-Holstein","#cite_note-1","/wiki/Hungarian_language","/wiki/Berlin","/wiki/Brandenburg","/wiki/Baden-W%C3%BCrttemberg","/wiki/Franconia","/wiki/Saarland","/wiki/Wheat","/wiki/Flour","/wiki/Rye","/wiki/Spice","/wiki/Coriander","/wiki/Cumin","/wiki/Nut_(fruit)","/wiki/Seed","/wiki/Sesame","/wiki/Poppy_seed","/wiki/Sunflower","/wiki/Ciabatta","/wiki/Panino","/wiki/Sweden","/wiki/Denmark","/wiki/Norway","/wiki/File:V%C3%BDroba_housek_(1).JPG","//upload.wikimedia.org/wikipedia/commons/thumb/3/3c/V%C3%BDroba_housek_%281%29.JPG/180px-V%C3%BDroba_housek_%281%29.JPG","/wiki/File:V%C3%BDroba_housek_(2).JPG","//upload.wikimedia.org/wikipedia/commons/thumb/e/e8/V%C3%BDroba_housek_%282%29.JPG/180px-V%C3%BDroba_housek_%282%29.JPG","/wiki/File:V%C3%BDroba_housek_(3).JPG","//upload.wikimedia.org/wikipedia/commons/thumb/f/f1/V%C3%BDroba_housek_%283%29.JPG/180px-V%C3%BDroba_housek_%283%29.JPG","/wiki/File:V%C3%BDroba_housek_(5).JPG","//upload.wikimedia.org/wikipedia/commons/thumb/6/62/V%C3%BDroba_housek_%285%29.JPG/180px-V%C3%BDroba_housek_%285%29.JPG","/wiki/File:V%C3%BDroba_housek_(7).JPG","//upload.wikimedia.org/wikipedia/commons/thumb/7/73/V%C3%BDroba_housek_%287%29.JPG/180px-V%C3%BDroba_housek_%287%29.JPG","/wiki/File:V%C3%BDroba_housek_(8).JPG","//upload.wikimedia.org/wikipedia/commons/thumb/f/f9/V%C3%BDroba_housek_%288%29.JPG/180px-V%C3%BDroba_housek_%288%29.JPG","/wiki/File:V%C3%BDroba_housek_(10).JPG","//upload.wikimedia.org/wikipedia/commons/thumb/3/3f/V%C3%BDroba_housek_%2810%29.JPG/180px-V%C3%BDroba_housek_%2810%29.JPG","/wiki/File:V%C3%BDroba_housek_(12).JPG","//upload.wikimedia.org/wikipedia/commons/thumb/5/58/V%C3%BDroba_housek_%2812%29.JPG/195px-V%C3%BDroba_housek_%2812%29.JPG","/wiki/File:V%C3%BDroba_housek_(14).JPG","//upload.wikimedia.org/wikipedia/commons/thumb/0/03/V%C3%BDroba_housek_%2814%29.JPG/180px-V%C3%BDroba_housek_%2814%29.JPG","/w/index.php?title=Bread_roll&action=edit&section=2","/wiki/Bagel","/wiki/Breakfast_roll","/wiki/Croissant","/wiki/Scuffler","/w/index.php?title=Bread_roll&action=edit&section=3","#cite_ref-1","http://www.abendblatt.de/daten/2002/08/05/53895.html","/w/index.php?title=Bread_roll&action=edit&section=4","//upload.wikimedia.org/wikipedia/en/thumb/4/4a/Commons-logo.svg/30px-Commons-logo.svg.png","//commons.wikimedia.org/wiki/Category:Bread_rolls","http://www.dmoz.org/Home/Cooking/Baking_and_Confections/Breads/","/wiki/Open_Directory_Project","http://www.artisanbreadbaking.com/breads/bap/baps.htm","http://www.artisanbreadbaking.com/breads/bialy/bialy.htm","http://www.artisanbreadbaking.com/breads/soft_rolls_1928/softrolls.htm","http://www.artisanbreadbaking.com/breads/pistolets/pistolets.htm","/wiki/Template:British_bread","/wiki/Template_talk:British_bread","//en.wikipedia.org/w/index.php?title=Template:British_bread&action=edit","/wiki/Bannock_(food)","/wiki/Bara_brith","/wiki/Barley_bread","/wiki/Barm_cake","/wiki/Bath_bun","/wiki/Buttery_(bread)","/wiki/Chelsea_bun","/wiki/Cockle_bread","/wiki/Colston_bun","/wiki/Cottage_loaf","/wiki/Crumpet","/wiki/Dripping_cake","/wiki/Farl","/wiki/Fried_bread","/wiki/Griddle_scone","/wiki/Hot_cross_bun","/wiki/Iced_bun","/wiki/Lady_Arundel%27s_Manchet","/wiki/Lardy_cake","/wiki/London_bun","/wiki/Manchet","/wiki/English_muffin","/wiki/Pan_loaf","/wiki/Plain_loaf","/wiki/Potato_scone","/wiki/Saffron_bun","/wiki/Sally_Lunn_bun","/wiki/Scone","/wiki/Scuffler","/wiki/Singing_hinny","/wiki/Stottie_cake","//upload.wikimedia.org/wikipedia/commons/thumb/8/89/Symbol_book_class2.svg/16px-Symbol_book_class2.svg.png","//en.wikibooks.org/wiki/Cookbook:Bread_Recipes","//upload.wikimedia.org/wikipedia/en/thumb/4/48/Folder_Hexagonal_Icon.svg/16px-Folder_Hexagonal_Icon.svg.png","/wiki/Category:British_breads","//upload.wikimedia.org/wikipedia/en/thumb/f/fd/Portal-puzzle.svg/16px-Portal-puzzle.svg.png","/wiki/Portal:Food","/wiki/United_Kingdom","//upload.wikimedia.org/wikipedia/en/thumb/a/ae/Flag_of_the_United_Kingdom.svg/22px-Flag_of_the_United_Kingdom.svg.png","/wiki/Portal:UK","http://en.wikipedia.org/w/index.php?title=Bread_roll&oldid=542061386","/wiki/Help:Categories","/wiki/Category:German_cuisine","/wiki/Category:Breads","/wiki/Category:British_breads","/wiki/Category:Articles_with_German_language_external_links","/wiki/Category:Articles_with_hRecipes","/wiki/Category:Articles_with_Adr_microformats","/wiki/Category:Articles_needing_additional_references_from_December_2011","/wiki/Category:All_articles_needing_additional_references","/w/index.php?title=Special:UserLogin&returnto=Bread+roll&type=signup","/w/index.php?title=Special:UserLogin&returnto=Bread+roll","/wiki/Bread_roll","/wiki/Talk:Bread_roll","#","/wiki/Bread_roll","/w/index.php?title=Bread_roll&action=edit","/w/index.php?title=Bread_roll&action=history","#","/w/index.php","//bits.wikimedia.org/static-1.21wmf10/skins/vector/images/search-ltr.png?303-4","/wiki/Main_Page","/wiki/Main_Page","/wiki/Portal:Contents","/wiki/Portal:Featured_content","/wiki/Portal:Current_events","/wiki/Special:Random","//donate.wikimedia.org/wiki/Special:FundraiserRedirector?utm_source=donate&utm_medium=sidebar&utm_campaign=C13_en.wikipedia.org&uselang=en","/wiki/Help:Contents","/wiki/Wikipedia:About","/wiki/Wikipedia:Community_portal","/wiki/Special:RecentChanges","/wiki/Wikipedia:Contact_us","/wiki/Special:WhatLinksHere/Bread_roll","/wiki/Special:RecentChangesLinked/Bread_roll","/wiki/Wikipedia:File_Upload_Wizard","/wiki/Special:SpecialPages","/w/index.php?title=Bread_roll&oldid=542061386","/w/index.php?title=Bread_roll&action=info","/w/index.php?title=Special:Cite&page=Bread_roll&id=542061386","/w/index.php?title=Special:Book&bookcmd=book_creator&referer=Bread+roll","/w/index.php?title=Special:Book&bookcmd=render_article&arttitle=Bread+roll&oldid=542061386&writer=rl","/w/index.php?title=Bread_roll&printable=yes","//als.wikipedia.org/wiki/Br%C3%B6tchen","//bar.wikipedia.org/wiki/S%C3%B6mmi","//ca.wikipedia.org/wiki/Br%C3%B6tchen","//cs.wikipedia.org/wiki/Houska","//da.wikipedia.org/wiki/Rundstykke","//de.wikipedia.org/wiki/Br%C3%B6tchen","//es.wikipedia.org/wiki/Br%C3%B6tchen","//eo.wikipedia.org/wiki/Bulko","//ko.wikipedia.org/wiki/%EB%A1%A4%EB%B9%B5","//hr.wikipedia.org/wiki/Pecivo","//he.wikipedia.org/wiki/%D7%9C%D7%97%D7%9E%D7%A0%D7%99%D7%99%D7%94","//nl.wikipedia.org/wiki/Kadetje","//ja.wikipedia.org/wiki/%E3%83%AD%E3%83%BC%E3%83%AB%E3%83%91%E3%83%B3","//no.wikipedia.org/wiki/Rundstykke","//pfl.wikipedia.org/wiki/Weck","//pl.wikipedia.org/wiki/Bu%C5%82ka","//pt.wikipedia.org/wiki/P%C3%A3o_franc%C3%AAs","//se.wikipedia.org/wiki/Jorbbut","//simple.wikipedia.org/wiki/Bread_roll","//szl.wikipedia.org/wiki/%C5%BBym%C5%82a","//fi.wikipedia.org/wiki/S%C3%A4mpyl%C3%A4","//sv.wikipedia.org/wiki/Sm%C3%A5franska","//zh.wikipedia.org/wiki/%E5%9C%86%E9%9D%A2%E5%8C%85","//www.wikidata.org/wiki/Special:ItemByTitle/enwiki/Bread roll","//en.wikipedia.org/wiki/Wikipedia:Text_of_Creative_Commons_Attribution-ShareAlike_3.0_Unported_License","//creativecommons.org/licenses/by-sa/3.0/","//wikimediafoundation.org/wiki/Terms_of_Use","//www.wikimediafoundation.org/","//en.wikipedia.org/wiki/Wikipedia:Contact_us","//wikimediafoundation.org/wiki/Privacy_policy","/wiki/Wikipedia:About","/wiki/Wikipedia:General_disclaimer","http://en.m.wikipedia.org/wiki/Bread_roll","//wikimediafoundation.org/","//bits.wikimedia.org/images/wikimedia-button.png","//www.mediawiki.org/","//bits.wikimedia.org/static-1.21wmf10/skins/common/images/poweredby_mediawiki_88x31.png","//bits.wikimedia.org/en.wikipedia.org/load.php?debug=false&lang=en&modules=skins.vector&only=scripts&skin=vector&*","/w/index.php?title=MediaWiki:Gadget-ReferenceTooltips.js&action=raw&ctype=text/javascript&508635914","//bits.wikimedia.org/en.wikipedia.org/load.php?debug=false&lang=en&modules=site&only=scripts&skin=vector&*"],"instances":["fruit"],"pdf":[],"categories":["German cuisine","Breads","British breads"],"headings":["Various forms","See also","Notes","External links"],"image":["//upload.wikimedia.org/wikipedia/commons/thumb/8/8a/Bread_rolls_at_a_bakery.jpg/250px-Bread_rolls_at_a_bakery.jpg","//upload.wikimedia.org/wikipedia/commons/thumb/1/1a/Korb_mit_Br%C3%B6tchen_.JPG/220px-Korb_mit_Br%C3%B6tchen_.JPG","//bits.wikimedia.org/static-1.21wmf10/skins/common/images/magnify-clip.png","//upload.wikimedia.org/wikipedia/en/thumb/9/99/Question_book-new.svg/50px-Question_book-new.svg.png","//upload.wikimedia.org/wikipedia/commons/thumb/3/3c/V%C3%BDroba_housek_%281%29.JPG/180px-V%C3%BDroba_housek_%281%29.JPG","//upload.wikimedia.org/wikipedia/commons/thumb/e/e8/V%C3%BDroba_housek_%282%29.JPG/180px-V%C3%BDroba_housek_%282%29.JPG","//upload.wikimedia.org/wikipedia/commons/thumb/f/f1/V%C3%BDroba_housek_%283%29.JPG/180px-V%C3%BDroba_housek_%283%29.JPG","//upload.wikimedia.org/wikipedia/commons/thumb/6/62/V%C3%BDroba_housek_%285%29.JPG/180px-V%C3%BDroba_housek_%285%29.JPG","//upload.wikimedia.org/wikipedia/commons/thumb/7/73/V%C3%BDroba_housek_%287%29.JPG/180px-V%C3%BDroba_housek_%287%29.JPG","//upload.wikimedia.org/wikipedia/commons/thumb/f/f9/V%C3%BDroba_housek_%288%29.JPG/180px-V%C3%BDroba_housek_%288%29.JPG","//upload.wikimedia.org/wikipedia/commons/thumb/3/3f/V%C3%BDroba_housek_%2810%29.JPG/180px-V%C3%BDroba_housek_%2810%29.JPG","//upload.wikimedia.org/wikipedia/commons/thumb/5/58/V%C3%BDroba_housek_%2812%29.JPG/195px-V%C3%BDroba_housek_%2812%29.JPG","//upload.wikimedia.org/wikipedia/commons/thumb/0/03/V%C3%BDroba_housek_%2814%29.JPG/180px-V%C3%BDroba_housek_%2814%29.JPG","//upload.wikimedia.org/wikipedia/en/thumb/4/4a/Commons-logo.svg/30px-Commons-logo.svg.png","//upload.wikimedia.org/wikipedia/commons/thumb/8/89/Symbol_book_class2.svg/16px-Symbol_book_class2.svg.png","//upload.wikimedia.org/wikipedia/en/thumb/4/48/Folder_Hexagonal_Icon.svg/16px-Folder_Hexagonal_Icon.svg.png","//upload.wikimedia.org/wikipedia/en/thumb/f/fd/Portal-puzzle.svg/16px-Portal-puzzle.svg.png","//upload.wikimedia.org/wikipedia/en/thumb/a/ae/Flag_of_the_United_Kingdom.svg/22px-Flag_of_the_United_Kingdom.svg.png","//bits.wikimedia.org/static-1.21wmf10/skins/vector/images/search-ltr.png?303-4","//bits.wikimedia.org/images/wikimedia-button.png","//bits.wikimedia.org/static-1.21wmf10/skins/common/images/poweredby_mediawiki_88x31.png"],"tags":[["nut","fruit"]],"members":["nut"],"related":["Side_dish","Bread","Bread","Sandwich","Dialect","British_English","Scotland","Ireland","Zante_currant","Atherstone","Coventry","Merseyside","Hamburger_bun","Hot_dog_bun","Aberdeen","Bolton","Hoagie","Poppy_seed","Sesame_seed","Kaiser_roll","Bulkie_roll","Kosher_salt","Caraway_seed","Upstate_New_York","West_Yorkshire","English_muffin","Liverpool","North_East_England","Yorkshire","Europe","Germany","Italy","Austria","Australia","New_Zealand","German_language","Rhineland","High_German","Hamburg","Schleswig-Holstein","Hungarian_language","Berlin","Brandenburg","Baden-Württemberg","Franconia","Saarland","Wheat","Flour","Rye","Spice","Coriander","Cumin","Nut_(fruit)","Seed","Sesame","Poppy_seed","Sunflower","Ciabatta","Sweden","Denmark","Norway","Bagel","Breakfast_roll","Croissant","Scuffler"]}