{"cursor":"7805","size":15,"audio":[],"currentlang":"en","article":"\n\n{{Infobox Non-profit\n| Non-profit_name = Wellcome Trust Non-profit_logo = founded_date = 1936 founder\n| = Sir Henry Wellcome location = London, United Kingdom origins = key_people =\n| Sir William Castell Sir Mark Walport area_served = United Kingdom\n| and overseas focus = Biomedical Research method = revenue = endowment = Â£13.9\n| billion num_volunteers = owner = Non-profit_slogan = homepage =\n| [http://www.wellcome.ac.uk/ www.wellcome.ac.uk] tax_exempt = dissolved =\n| footnotes =\n}} The 'Wellcome Trust' was established in 1936 as an independent charity\nfunding research to improve human and animal health. It has an endowment of\naround Â£14.5 billion [http://www.wellcome.ac.uk/ Wellcome Trust\nwebsite] Now in its 76th year, [http://www.wellcome.ac.uk/About-us/75th-\nanniversary/index.htm Wellcome Trust's 75th anniversary details] the aim\nof the Trust is to \"achieve extraordinary improvements in health by supporting\nthe brightest minds\", and in addition to funding biomedical research it supports\nthe public understanding of science.\n\nThe Trust has been described by the Financial Times as the United Kingdom's\nlargest provider of non governmental funding for scientific research and one of\nthe largest providers in the world.  In the field of medical\nresearch, it is the world's second largest private funder after Bill & Melinda\nGates Foundation.\n","linknr":327,"url":"Wellcome_Trust","recorded":1362505284,"links":28,"instances":["publishing"],"pdf":[],"categories":["Organizations established in 1936","Biomedical research foundations","Foundations based in the United Kingdom","Funding bodies in the United Kingdom","Health charities in the United Kingdom","Health in the United Kingdom","Science and technology in the United Kingdom","Medical museums in the United Kingdom","Museums in Camden","Wellcome Trust","1936 establishments in the United Kingdom"],"headings":["History","Activities","Headquarters","See also","References","External links"],"image":["//upload.wikimedia.org/wikipedia/en/thumb/5/58/Wellcome_Trust_logo.svg/200px-Wellcome_Trust_logo.svg.png","//upload.wikimedia.org/wikipedia/commons/thumb/8/83/Wellcome.jpg/250px-Wellcome.jpg","//bits.wikimedia.org/static-1.21wmf10/skins/common/images/magnify-clip.png","//upload.wikimedia.org/wikipedia/commons/thumb/8/83/Wellcome.jpg/180px-Wellcome.jpg","//upload.wikimedia.org/wikipedia/en/thumb/4/48/Folder_Hexagonal_Icon.svg/16px-Folder_Hexagonal_Icon.svg.png","//upload.wikimedia.org/wikipedia/en/thumb/a/ae/Flag_of_the_United_Kingdom.svg/22px-Flag_of_the_United_Kingdom.svg.png","//upload.wikimedia.org/wikipedia/en/thumb/4/48/Folder_Hexagonal_Icon.svg/16px-Folder_Hexagonal_Icon.svg.png","//upload.wikimedia.org/wikipedia/en/thumb/4/4a/Commons-logo.svg/12px-Commons-logo.svg.png","//bits.wikimedia.org/static-1.21wmf10/skins/vector/images/search-ltr.png?303-4","//bits.wikimedia.org/images/wikimedia-button.png","//bits.wikimedia.org/static-1.21wmf10/skins/common/images/poweredby_mediawiki_88x31.png"],"tags":[["open_access","publishing"]],"members":["open_access"],"related":["Henry_Wellcome","William_Castell","Mark_Walport","United_Kingdom","Bill_&_Melinda_Gates_Foundation","Henry_Wellcome","Burroughs_Wellcome","Ian_Macgregor","GlaxoSmithKline","Open_access_(publishing)","UKPMC","Wellcome_Collection","UCL_Centre_for_the_History_of_Medicine","University_College_London","Wellcome_Library","The_London_Museums_of_Health_&_Medicine","Euston_Road","London","Portland_stone","Wellcome_Collection","Hopkins_Architects","Bill_&_Melinda_Gates_Foundation","List_of_wealthiest_charitable_foundations","Heads_of_International_Research_Organizations","Channel_4"]}