{"cursor":"1950","size":15,"audio":[],"currentlang":"en","article":"{{Taxobox |name = Gentianales |image = Gentiana cruciata 2.jpg |image_caption =\n[[Gentiana cruciata]] |regnum = Plantae |unranked_divisio = Angiosperms\n|unranked_classis = Eudicots |unranked_ordo = Asterids |ordo = 'Gentianales'\n|ordo_authority = Lindley |subdivision_ranks = Families |subdivision =\nGentianaceae Apocynaceae Gelsemiaceae Loganiaceae Rubiaceae }}\n'Gentianales' are an order of flowering plants, included within the asterid\ngroup of dicotyledons.\n\nThe circumscription of Gentiales in the Cronquist system included a broadly\ndefined Loganiaceae (since broken up into several families), Retziaceae,\nGentianaceae, Saccifoliaceae, Apocynaceae, and Asclepiadaceae. The\ncircumscription recognized by the Angiosperm Phylogeny Group (APG) includes\nApocynaceae (including Asclepiadaceae), Gelsemiaceae (segregated from\nLoganiaceae), Gentianaceae (including Saccifoliaceae), Loganiaceae, and\nRubiaceae.\n\nUnder the APG definition some well-known members of Gentianales are coffee,\ngardenias, and frangipani.\n\nAPG includes Retziaceae in Stilbaceae (order Lamiales).\n","linknr":154,"url":"Gentianales","recorded":1363127866,"links":["/w/index.php?title=Gentianales&action=edit","/w/index.php?title=Gentianales&action=edit","//en.wikipedia.org/apple-touch-icon.png","//bits.wikimedia.org/favicon/wikipedia.ico","/w/opensearch_desc.php","//en.wikipedia.org/w/api.php?action=rsd","//creativecommons.org/licenses/by-sa/3.0/","/w/index.php?title=Special:RecentChanges&feed=atom","//bits.wikimedia.org/en.wikipedia.org/load.php?debug=false&lang=en&modules=ext.gadget.DRN-wizard%2CReferenceTooltips%2Ccharinsert%2Cteahouse%7Cext.wikihiero%7Cmediawiki.legacy.commonPrint%2Cshared%7Cmw.PopUpMediaTransform%7Cskins.vector&only=styles&skin=vector&*","//bits.wikimedia.org/en.wikipedia.org/load.php?debug=false&lang=en&modules=site&only=styles&skin=vector&*","//bits.wikimedia.org/en.wikipedia.org/load.php?debug=false&lang=en&modules=startup&only=scripts&skin=vector&*","//bits.wikimedia.org/geoiplookup","//meta.wikimedia.org","#mw-head","#p-search","/wiki/File:Gentiana_cruciata_2.jpg","//upload.wikimedia.org/wikipedia/commons/thumb/4/42/Gentiana_cruciata_2.jpg/220px-Gentiana_cruciata_2.jpg","/wiki/Gentiana_cruciata","/wiki/Biological_classification","/wiki/Plantae","/wiki/Angiosperms","/wiki/Eudicots","/wiki/Asterids","/wiki/John_Lindley","/wiki/Gentianaceae","/wiki/Apocynaceae","/wiki/Gelsemiaceae","/wiki/Loganiaceae","/wiki/Rubiaceae","/wiki/Flowering_plant","/wiki/Asterid","/wiki/Dicotyledon","/wiki/Cronquist_system","/wiki/Loganiaceae","/w/index.php?title=Retziaceae&action=edit&redlink=1","/wiki/Gentianaceae","/w/index.php?title=Saccifoliaceae&action=edit&redlink=1","/wiki/Apocynaceae","/wiki/Asclepiadaceae","/wiki/Angiosperm_Phylogeny_Group","/wiki/Apocynaceae","/wiki/Gelsemiaceae","/wiki/Rubiaceae","/wiki/Coffea","/wiki/Gardenia","/wiki/Frangipani","/wiki/Stilbaceae","/wiki/Lamiales","/w/index.php?title=Gentianales&action=edit&section=1","http://www.amjbot.org/cgi/content/full/87/7/1029","//upload.wikimedia.org/wikipedia/en/thumb/4/4a/Commons-logo.svg/12px-Commons-logo.svg.png","//commons.wikimedia.org/wiki/category:Gentianales","//upload.wikimedia.org/wikipedia/commons/thumb/d/df/Wikispecies-logo.svg/14px-Wikispecies-logo.svg.png","//species.wikimedia.org/wiki/Special:Search/Gentianales","/wiki/File:Gentiana-clusii-ClusiusEnzian.jpg","//upload.wikimedia.org/wikipedia/commons/thumb/b/b6/Gentiana-clusii-ClusiusEnzian.jpg/24px-Gentiana-clusii-ClusiusEnzian.jpg","/wiki/Wikipedia:Stub","//en.wikipedia.org/w/index.php?title=Gentianales&action=edit","/wiki/Template:Gentianales-stub","/wiki/Template_talk:Gentianales-stub","//en.wikipedia.org/w/index.php?title=Template:Gentianales-stub&action=edit","http://en.wikipedia.org/w/index.php?title=Gentianales&oldid=539427510","/wiki/Help:Categories","/wiki/Category:Gentianales","/wiki/Category:Angiosperm_orders","/wiki/Category:Gentianales_stubs","/wiki/Category:Articles_with_%27species%27_microformats","/w/index.php?title=Special:UserLogin&returnto=Gentianales&type=signup","/w/index.php?title=Special:UserLogin&returnto=Gentianales","/wiki/Gentianales","/wiki/Talk:Gentianales","#","/wiki/Gentianales","/w/index.php?title=Gentianales&action=edit","/w/index.php?title=Gentianales&action=history","#","/w/index.php","//bits.wikimedia.org/static-1.21wmf10/skins/vector/images/search-ltr.png?303-4","/wiki/Main_Page","/wiki/Main_Page","/wiki/Portal:Contents","/wiki/Portal:Featured_content","/wiki/Portal:Current_events","/wiki/Special:Random","//donate.wikimedia.org/wiki/Special:FundraiserRedirector?utm_source=donate&utm_medium=sidebar&utm_campaign=C13_en.wikipedia.org&uselang=en","/wiki/Help:Contents","/wiki/Wikipedia:About","/wiki/Wikipedia:Community_portal","/wiki/Special:RecentChanges","/wiki/Wikipedia:Contact_us","/wiki/Special:WhatLinksHere/Gentianales","/wiki/Special:RecentChangesLinked/Gentianales","/wiki/Wikipedia:File_Upload_Wizard","/wiki/Special:SpecialPages","/w/index.php?title=Gentianales&oldid=539427510","/w/index.php?title=Gentianales&action=info","/w/index.php?title=Special:Cite&page=Gentianales&id=539427510","/w/index.php?title=Special:Book&bookcmd=book_creator&referer=Gentianales","/w/index.php?title=Special:Book&bookcmd=render_article&arttitle=Gentianales&oldid=539427510&writer=rl","/w/index.php?title=Gentianales&printable=yes","//ar.wikipedia.org/wiki/%D8%AC%D9%86%D8%B7%D9%8A%D8%A7%D9%86%D9%8A%D8%A7%D8%AA","//az.wikipedia.org/wiki/Ac%C4%B1%C3%A7i%C3%A7%C9%99kkimil%C9%99r","//bg.wikipedia.org/wiki/Gentianales","//ca.wikipedia.org/wiki/Gencianal","//cs.wikipedia.org/wiki/Ho%C5%99cotvar%C3%A9","//da.wikipedia.org/wiki/Ensian-ordenen","//de.wikipedia.org/wiki/Enzianartige","//et.wikipedia.org/wiki/Emajuurelaadsed","//es.wikipedia.org/wiki/Gentianales","//eo.wikipedia.org/wiki/Gencianaloj","//fa.wikipedia.org/wiki/%DA%AF%D9%84%E2%80%8C%D8%B3%D9%BE%D8%A7%D8%B3%DB%8C%E2%80%8C%D8%B3%D8%A7%D9%86%D8%A7%D9%86","//fr.wikipedia.org/wiki/Gentianales","//ko.wikipedia.org/wiki/%EC%9A%A9%EB%8B%B4%EB%AA%A9","//id.wikipedia.org/wiki/Gentianales","//it.wikipedia.org/wiki/Gentianales","//he.wikipedia.org/wiki/%D7%92%D7%A0%D7%A6%D7%99%D7%99%D7%A0%D7%90%D7%99%D7%9D","//jv.wikipedia.org/wiki/Gentianales","//ku.wikipedia.org/wiki/Koma_kul%C3%AElktehlan","//la.wikipedia.org/wiki/Gentianales","//lt.wikipedia.org/wiki/Gencijonie%C4%8Diai","//hu.wikipedia.org/wiki/T%C3%A1rnicsvir%C3%A1g%C3%BAak","//mk.wikipedia.org/wiki/%D0%9B%D0%B8%D0%BD%D1%86%D1%83%D1%80%D0%BE%D0%B2%D0%B8%D0%B4%D0%BD%D0%B8","//ml.wikipedia.org/wiki/%E0%B4%9C%E0%B5%86%E0%B4%A8%E0%B5%8D%E0%B4%B1%E0%B5%8D%E0%B4%AF%E0%B4%A8%E0%B5%86%E0%B4%AF%E0%B4%BF%E0%B5%BD%E0%B4%B8%E0%B5%8D","//ms.wikipedia.org/wiki/Gentianales","//nl.wikipedia.org/wiki/Gentianales","//ja.wikipedia.org/wiki/%E3%83%AA%E3%83%B3%E3%83%89%E3%82%A6%E7%9B%AE","//frr.wikipedia.org/wiki/Gentianales","//no.wikipedia.org/wiki/Gentianales","//oc.wikipedia.org/wiki/Gentianales","//pl.wikipedia.org/wiki/Goryczkowce","//pt.wikipedia.org/wiki/Gentianales","//ru.wikipedia.org/wiki/%D0%93%D0%BE%D1%80%D0%B5%D1%87%D0%B0%D0%B2%D0%BA%D0%BE%D1%86%D0%B2%D0%B5%D1%82%D0%BD%D1%8B%D0%B5","//simple.wikipedia.org/wiki/Gentianales","//fi.wikipedia.org/wiki/Gentianales","//sv.wikipedia.org/wiki/Gentianales","//te.wikipedia.org/wiki/%E0%B0%9C%E0%B1%86%E0%B0%A8%E0%B1%8D%E0%B0%B7%E0%B0%BF%E0%B0%AF%E0%B0%A8%E0%B1%87%E0%B0%B2%E0%B0%BF%E0%B0%B8%E0%B1%8D","//vi.wikipedia.org/wiki/B%E1%BB%99_Long_%C4%91%E1%BB%9Fm","//zh.wikipedia.org/wiki/%E9%BE%8D%E8%86%BD%E7%9B%AE","//www.wikidata.org/wiki/Special:ItemByTitle/enwiki/Gentianales","//en.wikipedia.org/wiki/Wikipedia:Text_of_Creative_Commons_Attribution-ShareAlike_3.0_Unported_License","//creativecommons.org/licenses/by-sa/3.0/","//wikimediafoundation.org/wiki/Terms_of_Use","//www.wikimediafoundation.org/","//en.wikipedia.org/wiki/Wikipedia:Contact_us","//wikimediafoundation.org/wiki/Privacy_policy","/wiki/Wikipedia:About","/wiki/Wikipedia:General_disclaimer","http://en.m.wikipedia.org/wiki/Gentianales","//wikimediafoundation.org/","//bits.wikimedia.org/images/wikimedia-button.png","//www.mediawiki.org/","//bits.wikimedia.org/static-1.21wmf10/skins/common/images/poweredby_mediawiki_88x31.png","//bits.wikimedia.org/en.wikipedia.org/load.php?debug=false&lang=en&modules=skins.vector&only=scripts&skin=vector&*","/w/index.php?title=MediaWiki:Gadget-ReferenceTooltips.js&action=raw&ctype=text/javascript&508635914","//bits.wikimedia.org/en.wikipedia.org/load.php?debug=false&lang=en&modules=site&only=scripts&skin=vector&*"],"instances":[],"pdf":[],"categories":["Gentianales|","Angiosperm orders"],"headings":["References"],"image":["//upload.wikimedia.org/wikipedia/commons/thumb/4/42/Gentiana_cruciata_2.jpg/220px-Gentiana_cruciata_2.jpg","//upload.wikimedia.org/wikipedia/en/thumb/4/4a/Commons-logo.svg/12px-Commons-logo.svg.png","//upload.wikimedia.org/wikipedia/commons/thumb/d/df/Wikispecies-logo.svg/14px-Wikispecies-logo.svg.png","//upload.wikimedia.org/wikipedia/commons/thumb/b/b6/Gentiana-clusii-ClusiusEnzian.jpg/24px-Gentiana-clusii-ClusiusEnzian.jpg","//bits.wikimedia.org/static-1.21wmf10/skins/vector/images/search-ltr.png?303-4","//bits.wikimedia.org/images/wikimedia-button.png","//bits.wikimedia.org/static-1.21wmf10/skins/common/images/poweredby_mediawiki_88x31.png"],"tags":[],"members":[],"related":["Plantae","Angiosperms","Eudicots","Asterids","John_Lindley","Gentianaceae","Apocynaceae","Gelsemiaceae","Loganiaceae","Rubiaceae","Flowering_plant","Asterid","Dicotyledon","Cronquist_system","Loganiaceae","Retziaceae","Gentianaceae","Saccifoliaceae","Apocynaceae","Asclepiadaceae","Angiosperm_Phylogeny_Group","Apocynaceae","Gelsemiaceae","Rubiaceae","Coffea","Gardenia","Frangipani","Stilbaceae","Lamiales"]}