{"cursor":"80150","size":15,"audio":[],"currentlang":"en","article":"\n\n\n\n\n\nAn ' electronic health record (EHR)' is an evolving concept defined as a\nsystematic collection of electronic health information about individual patients\nor populations. It is a record in digital format that is\ntheoretically capable of being shared across different health care settings. In\nsome cases this sharing can occur by way of network-connected enterprise-wide\ninformation systems and other information networks or exchanges. EHRs may\ninclude a range of data, including demographics, medical history, medication and\nallergies, immunization status, laboratory test results, radiology images, vital\nsigns, personal stats like age and weight, and billing information.\n","linknr":745,"url":"Health_record_systems","recorded":1362501643,"links":49,"instances":[],"pdf":["http://www.cdsbc.org/~ASSETS/DOCUMENT/Dental-Records-Mgt.pdf","http://www.ncrr.nih.gov/publications/informatics/EHR.pdf","http://www.ischool.drexel.edu/faculty/ssilverstein/AJM-Himmelstein-Hospital-Computing.pdf","http://www.rwjf.org/files/publications/other/EHRReport0609.pdf","http://www.pnhp.org/sites/default/files/docs/AJM-Himmelstein-Hospital-Computing.pdf","http://www.himss.org/content/files/HIMSS_DefiningandTestingEMRUsability.pdf","http://www.nist.gov/healthcare/usability/upload/Draft_EUP_09_28_11.pdf","https://www.medmarx.com/docs/about.pdf","http://www.isb.nhs.uk/documents/isb-0160/dscn-18-2009/0160182009specification.pdf","http://jamia.bmj.com/site/icons/amiajnl8946.pdf","http://www.gpo.gov/fdsys/pkg/FR-2009-08-24/pdf/E9-20169.pdf","http://www.infor-med.com/downloads/why_praxis_downloads/Charting_Bass_Ackward.pdf","http://connectopensource.osuosl.org/sites/connectopensource.osuosl.org/files/CONNECTOverview.pdf","http://www.eecs.harvard.edu/cs199r/readings/RAND_benefits.pdf","http://www.rwjf.org/files/publications/other/EHRReport0609.pdf","http://www.digitalpreservationeurope.eu/publications/briefs/security_aspects.pdf"],"categories":["Health informatics"],"headings":["Terminology","Philosophical views of the EHR","Implementation, end user and patient considerations","Governance, privacy and legal issues","Medical Data Breach","Technical issues","eHealth and teleradiology","European Union: Directive 2011/24/EU on patients' rights in cross-border healthcare","National contexts","See also","References","External links","",""],"image":["//upload.wikimedia.org/wikipedia/en/thumb/8/8f/VistA_Img.png/300px-VistA_Img.png","//bits.wikimedia.org/static-1.21wmf10/skins/common/images/magnify-clip.png","//upload.wikimedia.org/wikipedia/commons/thumb/7/74/Electronic_medical_record.jpg/300px-Electronic_medical_record.jpg","//bits.wikimedia.org/static-1.21wmf10/skins/common/images/magnify-clip.png","//upload.wikimedia.org/wikipedia/commons/thumb/1/1c/Wiki_letter_w_cropped.svg/20px-Wiki_letter_w_cropped.svg.png","//upload.wikimedia.org/wikipedia/commons/thumb/1/18/Circle_frame.svg/200px-Circle_frame.svg.png","//upload.wikimedia.org/wikipedia/commons/thumb/7/74/Electronic_Health_Records_flow_chart.jpg/220px-Electronic_Health_Records_flow_chart.jpg","//bits.wikimedia.org/static-1.21wmf10/skins/common/images/magnify-clip.png","//bits.wikimedia.org/static-1.21wmf10/skins/vector/images/search-ltr.png?303-4","//bits.wikimedia.org/images/wikimedia-button.png","//bits.wikimedia.org/static-1.21wmf10/skins/common/images/poweredby_mediawiki_88x31.png"],"tags":[],"members":[],"related":["Demographics","Immunization","Electronic_medical_record","Patrick_Kierkegaard","Personal_health_record","Systematic_review","Actor-network_theory","Computer_supported_cooperative_work","Harvard_University","Wharton_School_of_the_University_of_Pennsylvania","Stanford_University","Healthcare_Information_and_Management_Systems_Society","National_Institute_of_Standards_and_Technology","Department_of_Commerce","Armed_Forces_Health_Longitudinal_Technology_Application","Social_informatics","Information_and_communications_technology","Joint_Commission","United_States_Pharmacopeia","National_Health_Service","Food_and_Drug_Administration","American_Medical_Informatics_Association","United_States_Department_of_Health_and_Human_Services","Government_database","Health_Insurance_Portability_and_Accountability_Act","European_Union","Personal_Information_Protection_and_Electronic_Documents_Act","Tort","Consumer_Credit_Act_2006","HIPAA","Health_Level_7","ANSI_X12","Electronic_Data_Interchange","Invoice","European_Committee_for_Standardization","EN_13606","CONTSYS","HISA","Continuity_of_Care_Record","DICOM","National_Electrical_Manufacturers_Association","HL7","Physician","International_Organization_for_Standardization","ISO_TC_215","OpenEHR","Virtual_Medical_Record","Client–server_model","File_synchronization","Peer-to-peer","Patrick_Kierkegaard","National_Center_for_Health_Statistics","Health_Information_Technology_for_Economic_and_Clinical_Health_Act","American_Recovery_and_Reinvestment_Act_of_2009","Medicaid","HITECH_Act","Health_information_exchange","Full-time_equivalent","VistA","United_States_Department_of_Veterans_Affairs","VistA","VistA_imaging","Graphical_user_interface","Nationwide_Health_Information_Network","Department_of_Health_and_Human_Services","Kaiser_Permanente","Nationwide_Health_Information_Network","National_Health_Service","United_Kingdom","VistA_EHR","Australia","PCEHR","Alberta","Alberta_Netcare","VistA_EHR","VistA_EHR","Regions_of_Denmark","EDIFACT","EMix","European_Institute_for_Health_Records","Health_informatics","Health_information_management","List_of_open_source_healthcare_software","Digital_Preservation_Europe"]}