{"cursor":"10565","size":15,"audio":[],"currentlang":"en","article":"{{Infobox scientist\n| name = W. Ross Ashby image = Wrossashby1960.jpg caption = birth_date =\n| birth_place = London, England death_date = fields = Psychiatry, Cybernetics,\n| Systems theory influenced = Norbert Wiener, Ludwig von Bertalanffy, Herbert A.\n| Simon, Stafford Beer and Stuart Kauffman known_for = Cybernetics, Law of\n| Requisite Variety, Principle of Self-Organization |, Principle of Self-\n| organization\n}}\n\n'W. Ross Ashby' (London, 6 September 1903 – 15 November 1972) was an\nEnglish psychiatrist and a pioneer in cybernetics, the study of complex systems.\nHis first name was not used: he was known as Ross Ashby.\n\nHis two books, Design for a Brain and An Introduction to Cybernetics, were\nlandmark works. They introduced exact and logical thinking into the nascent\ndiscipline and were highly influential.\n","linknr":419,"url":"Ross_Ashby","recorded":1362476897,"links":30,"instances":["cybernetics"],"pdf":["http://emergence.org/ECO_site/ECO_Archive/Issue_6_1-2/Ashby.pdf","http://peterasaro.org/writing/Asaro%20Ashby.pdf","http://pespmc1.vub.ac.be/books/IntroCyb.pdf","http://cybersophe.org/writing/Asaro%20Ashby.pdf"],"categories":["1903 births","1972 deaths","Alumni of the Medical College of St Bartholomew's Hospital","Artificial intelligence researchers","Control theorists","Cyberneticists","English psychiatrists","People from London","Systems psychologists","Systems scientists","Alumni of Sidney Sussex College, Cambridge"],"headings":["Biography","Work","See also","Publications","References","External links"],"image":["//upload.wikimedia.org/wikipedia/commons/thumb/3/39/Wrossashby1960.jpg/220px-Wrossashby1960.jpg","//upload.wikimedia.org/wikipedia/commons/thumb/0/00/Complex-adaptive-system.jpg/32px-Complex-adaptive-system.jpg","//bits.wikimedia.org/static-1.21wmf10/skins/vector/images/search-ltr.png?303-4","//bits.wikimedia.org/images/wikimedia-button.png","//bits.wikimedia.org/static-1.21wmf10/skins/common/images/poweredby_mediawiki_88x31.png"],"tags":[["variety","cybernetics"]],"members":["variety"],"related":["London","England","Psychiatry","Cybernetics","Systems_theory","Norbert_Wiener","Ludwig_von_Bertalanffy","Herbert_A._Simon","Stafford_Beer","Stuart_Kauffman","Cybernetics","Self-organization","England","Psychiatrist","Cybernetics","Complex_system","London","Advertising_agency","Edinburgh_Academy","Scotland","Sidney_Sussex_College,_Cambridge","St._Bartholomew's_Hospital","St_Andrew's_Hospital","Northampton","Royal_Army_Medical_Corps","Barnwood_House_Hospital","Gloucester","Burden_Neurological_Institute","University_of_Illinois_at_Urbana-Champaign","Society_for_General_Systems_Research","Royal_College_of_Psychiatry","University_of_Illinois_at_Urbana-Champaign","Stuart_Kauffman","Stephen_Wolfram","George_Klir","International_Journal_of_General_Systems","Klaus_Krippendorff","Stuart_Umpleby","Kevin_Warwick","Cybernetics","Systems_theory","Complex_systems","Herbert_A._Simon","Norbert_Wiener","Ludwig_von_Bertalanffy","Stafford_Beer","Stuart_Kauffman","Ratio_Club","Dining_club","Psychology","Physiology","Mathematics","Engineering","Cybernetics","Neurology","John_Bates","Alan_Turing","Automatic_Computing_Engine","Homeostat","Variety_(cybernetics)","Good_Regulator","Stafford_Beer","Viable_System_Model","Gregory_Chaitin","Algorithmic_information_theory","Cybernetics","Homeostat","Intelligence_amplification","Self-organization","Systems_theory","Cosma_Shalizi","Principia_Cybernetica_Web","YouTube","London","England"]}