{"cursor":"53819","size":15,"audio":[],"currentlang":"en","article":"\n during autumn migration]]\n\n\n'Bird migration' is the regular seasonal journey undertaken by many species of\nbirds. Bird movements include those made in response to changes in food\navailability, habitat, or weather. Sometimes, journeys are not termed \"true\nmigration\" because they are irregular (nomadism, invasions, irruptions) or in\nonly one direction (dispersal, movement of young away from natal area).\nMigration is marked by its annual seasonality. {{cite book|title=Bird\nMigration: A General Survey|author=Peter Berthold, Hans-GÃ¼nther Bauer, Valerie\nWesthead |year=2001|isbn=0-19-850787-9|publisher=Oxford University\nPress|location=Oxford}}\n\nIn contrast, birds that are non-migratory are said to be resident or\nsedentary. Approximately 1800 of the world's 10,000 bird species are long-\ndistance migrants.\n","linknr":934,"url":"Bird_migration","recorded":1362668805,"links":97,"instances":["bird","animal_migration","eggs","bird","bird_migration"],"pdf":["http://sora.unm.edu/sites/default/files/journals/condor/v092n02/p0284-p0290.pdf","http://sora.unm.edu/sites/default/files/journals/condor/v092n02/p0284-p0290.pdf","http://jeb.biologists.org/cgi/reprint/189/1/251.pdf","http://jeb.biologists.org/cgi/reprint/189/1/251.pdf","http://www.indiana.edu/~kettlab/ellen/pubs/KettersonNolan1990.pdf","http://dnr.wi.gov/files/pdf/pubs/er/er0650.pdf","http://dnr.wi.gov/files/pdf/pubs/er/er0650.pdf","http://www.sfu.ca/biology/wildberg/ydenbergetal2004PRSB.pdf","http://www.sfu.ca/biology/wildberg/ydenbergetal2004PRSB.pdf","http://virtual.clemson.edu/birdrad/pubs/Farnsworth,Gauthreaux,van%20Blaricom.pdf","http://virtual.clemson.edu/birdrad/pubs/Farnsworth,Gauthreaux,van%20Blaricom.pdf","http://repositorio.ispa.pt/bitstream/10400.12/1447/1/JAB%2035%20170-181.pdf","http://repositorio.ispa.pt/bitstream/10400.12/1447/1/JAB%2035%20170-181.pdf","http://www.fws.gov/birds/mortality-fact-sheet.pdf","http://www.fws.gov/birds/mortality-fact-sheet.pdf","http://www.mbfys.ru.nl/staff/j.vangisbergen/endnote/endnotepdfs/navigatie/Alerstam_detours_2001.pdf","http://www.mbfys.ru.nl/staff/j.vangisbergen/endnote/endnotepdfs/navigatie/Alerstam_detours_2001.pdf","http://www.swild.ch/publi/Bontadina_FunEco2003.pdf"],"categories":["Ornithology","Bird flight","Ornithological terminology"],"headings":["General patterns","Historical views","Long-distance migration","Short-distance and altitudinal migration","Irruptions and dispersal","Physiology and control","Adaptations","Evolutionary and ecological factors","Ecological effects","Study techniques","Threats and conservation","See also","References","Further reading","External links"],"image":["//upload.wikimedia.org/wikipedia/commons/thumb/a/a3/BrantaLeucopsisMigration.jpg/300px-BrantaLeucopsisMigration.jpg","//bits.wikimedia.org/static-1.21wmf10/skins/common/images/magnify-clip.png","//upload.wikimedia.org/wikipedia/commons/thumb/7/75/Migrationroutes.svg/300px-Migrationroutes.svg.png","//bits.wikimedia.org/static-1.21wmf10/skins/common/images/magnify-clip.png","//upload.wikimedia.org/wikipedia/commons/thumb/e/e0/101111_Maison_007.jpg/220px-101111_Maison_007.jpg","//bits.wikimedia.org/static-1.21wmf10/skins/common/images/magnify-clip.png","//upload.wikimedia.org/wikipedia/commons/thumb/2/2b/Waders_in_flight_Roebuck_Bay.jpg/220px-Waders_in_flight_Roebuck_Bay.jpg","//bits.wikimedia.org/static-1.21wmf10/skins/common/images/magnify-clip.png","//upload.wikimedia.org/wikipedia/commons/thumb/d/d6/SwainsonThrush23.jpg/220px-SwainsonThrush23.jpg","//bits.wikimedia.org/static-1.21wmf10/skins/common/images/magnify-clip.png","//upload.wikimedia.org/wikipedia/commons/thumb/2/22/Northern_Pintail.jpg/220px-Northern_Pintail.jpg","//bits.wikimedia.org/static-1.21wmf10/skins/common/images/magnify-clip.png","//upload.wikimedia.org/wikipedia/commons/thumb/5/5a/BartailedGodwit24.jpg/220px-BartailedGodwit24.jpg","//bits.wikimedia.org/static-1.21wmf10/skins/common/images/magnify-clip.png","//upload.wikimedia.org/wikipedia/commons/thumb/9/96/Arctic_terns.jpg/220px-Arctic_terns.jpg","//bits.wikimedia.org/static-1.21wmf10/skins/common/images/magnify-clip.png","//upload.wikimedia.org/wikipedia/commons/thumb/5/5d/Vulture_19o05.jpg/220px-Vulture_19o05.jpg","//bits.wikimedia.org/static-1.21wmf10/skins/common/images/magnify-clip.png","//upload.wikimedia.org/wikipedia/commons/thumb/8/87/Rubythroathummer65.jpg/220px-Rubythroathummer65.jpg","//bits.wikimedia.org/static-1.21wmf10/skins/common/images/magnify-clip.png","//upload.wikimedia.org/wikipedia/commons/thumb/2/22/Cedar_Waxwing-27527-1.jpg/220px-Cedar_Waxwing-27527-1.jpg","//bits.wikimedia.org/static-1.21wmf10/skins/common/images/magnify-clip.png","//upload.wikimedia.org/wikipedia/commons/thumb/b/b3/WoodlandKingfisher.jpg/220px-WoodlandKingfisher.jpg","//bits.wikimedia.org/static-1.21wmf10/skins/common/images/magnify-clip.png","//upload.wikimedia.org/wikipedia/commons/thumb/7/77/Rainbowbeeeater.jpg/220px-Rainbowbeeeater.jpg","//bits.wikimedia.org/static-1.21wmf10/skins/common/images/magnify-clip.png","//upload.wikimedia.org/wikipedia/commons/thumb/f/fe/Bar-tailed_Godwit_migration.jpg/300px-Bar-tailed_Godwit_migration.jpg","//bits.wikimedia.org/static-1.21wmf10/skins/common/images/magnify-clip.png","//upload.wikimedia.org/wikipedia/commons/thumb/4/44/EmlenFunnel.svg/220px-EmlenFunnel.svg.png","//bits.wikimedia.org/static-1.21wmf10/skins/common/images/magnify-clip.png","//upload.wikimedia.org/wikipedia/commons/thumb/5/5e/Auklet_flock_Shumagins_1986.jpg/140px-Auklet_flock_Shumagins_1986.jpg","//bits.wikimedia.org/static-1.21wmf10/skins/vector/images/search-ltr.png?303-4","//bits.wikimedia.org/images/wikimedia-button.png","//bits.wikimedia.org/static-1.21wmf10/skins/common/images/poweredby_mediawiki_88x31.png"],"tags":[["clutch","eggs"],["crane","bird"],["merlin","bird"],["satellite_tracking","animal_migration"],["reverse_migration","bird_migration"]],"members":["merlin","satellite_tracking","clutch","crane","reverse_migration"],"related":["Bird","Oxford_University_Press","Flyway","Arctic","Breeding_in_the_wild","Diurnality","Clutch_(eggs)","Eleonora's_Falcon","Mediterranean_Sea","Passerine","Greater_Noctule_bat","Common_Chaffinch","Scandinavia","Flyway","Mount_Everest","Northern_Pintail","Black-tailed_Godwit","Khumbu_Glacier","Bar-headed_Goose","Penguin","Emus","Australia","Hesiod","Homer","Herodotus","Aristotle","Book_of_Job","Book_of_Jeremiah","Stork","European_Turtle_Dove","Crane_(bird)","Swallow","Scythia","Nile","Pliny_the_Elder","Elliott_Coues","Swallow","Wildfowl","Fringillidae","North_Temperate_Zone","Pink-footed_goose","Iceland","Great_Britain","Dark-Eyed_Junco","Subarctic_climate","Tundra_climate","Southern_United_States","Western_Oregon","Garganey","European_pied_flycatcher","Brent_Goose","Taymyr_Peninsula","Wadden_Sea","White_Sea","Baltic_Sea","Arctic_Ocean","Scandinavia","Wader","Dunlin","Western_Sandpiper","Semipalmated_Sandpiper","Bay_of_Fundy","Delaware_River","Bar-tailed_Godwit","Alaska","New_Zealand","Seabird","Black_Guillemot","Gull","Tern","Auk","Arctic_Tern","Bird_ringing","Farne_Islands","Great_Britain","Melbourne","Australia","Wilson's_Petrel","Great_Shearwater","Procellariiformes","Albatross","Sooty_Shearwater","Falkland_Islands","Atlantic_Ocean","Norway","Manx_Shearwater","Thermal","Bird_of_prey","Vulture","Eagle","Buzzard","Stork","Bird_of_prey","Gibraltar","Falsterbo","Bosphorus","European_Honey_Buzzard","Central_America","Warbler","Hummingbird","Old_World_flycatcher","Wallcreeper","White-throated_Dipper","Merlin_(bird)","Skylark","Common_Chaffinch","Great_Britain","Ireland","Common_Chiffchaff","Waxwing","Monsoon","India","Jacobin_Cuckoo","Woodland_Kingfisher","Africa","Cuckoo","Lesser_Cuckoo","Himalayas","Andes","Kashmir_Flycatcher","Pied_Thrush","Sri_Lanka","Bohemian_Waxwing","Red_Crossbill","El_Niño","La_Niña","Africa","Greater_Striped_Swallow","Australia","Satin_Flycatcher","Dollarbird","Rainbow_Bee-eater","Lark","Finch","Swallow","Swift","Zugunruhe","Endogenous","New_Zealand","Animal_navigation","Magnetoception","Olfactory_navigation","Satellite_tracking_(animal_migration)","Gene","Blackcap","Great_Britain","Alps","Electromagnetism","Magnetic_field","Radical_pair_mechanism","Biological_pigment","Boy_scout","Magnetite","Trigeminal_system","Latitude","Reverse_migration_(bird_migration)","Point_Pelee_National_Park","Spurn","England","Drift_migration","Canada_Goose","Microlight","Whooping_Crane","Canada","Eurasia","Common_Blackbird","Scandinavia","Whinchat","Siberian_Stonechat","European_Stonechat","Resident_bird","South_America","Africa","Northern_hemisphere","Evolution","Aerodynamics","Swainson's_Thrush","North_America","Florida","South_America","Ectoparasite","Avian_influenza","West_Nile_Virus","Greater_Noctule_bat","Bird_ringing","Radar","GPS_satellite","Migratory_Bird_Treaty_Act","African-Eurasian_Migratory_Waterbird_Agreement","Passenger_Pigeon","Hunting","Siberian_Crane","India","Afghanistan","Central_Asia","Keoladeo_National_Park","Winged_Migration","Isoscapes","Smithsonian_Migratory_Bird_Center","Scott_Weidensaul"]}