{"cursor":"86193","size":15,"audio":[],"currentlang":"en","article":"\n\n\n{{Automatic taxobox\n| name = Sponge taxon = Porifera oldest fossil = Ediacaran image = Aplysina\n| archeri (Stove-pipe Sponge-pink variation).jpg image_caption =A stove-pipe\n| sponge image_width = 250px authority = Grant in Todd, 1836 subdivision ranks\n| = Classes\n|subdivision = *Calcarea *Hexactinellida *Demospongiae *Homoscleromorpha }}\n'Sponges' are animals of the phylum 'Porifera' (; meaning \"pore bearer\"). They\nare multicellular organisms which have bodies full of pores and channels\nallowing water to circulate through them, consisting of jelly-like mesohyl\nsandwiched between two thin layers of cells. Sponges have unspecialized cells\nthat can transform into other types and which often migrate between the main\ncell layers and the mesohyl in the process. Sponges do not have nervous,\ndigestive or circulatory systems. Instead, most rely on maintaining a constant\nwater flow through their bodies to obtain food and oxygen and to remove wastes.\n","linknr":1407,"url":"sponges","recorded":1364238505,"links":["//en.wikipedia.org/apple-touch-icon.png","//bits.wikimedia.org/favicon/wikipedia.ico","/w/opensearch_desc.php","//en.wikipedia.org/w/api.php?action=rsd","//creativecommons.org/licenses/by-sa/3.0/","/w/index.php?title=Special:RecentChanges&feed=atom","/wiki/Sponge","//bits.wikimedia.org/en.wikipedia.org/load.php?debug=false&lang=en&modules=ext.gadget.DRN-wizard%2CReferenceTooltips%2Ccharinsert%2Cteahouse%7Cext.wikihiero%7Cmediawiki.legacy.commonPrint%2Cshared%7Cmw.PopUpMediaTransform%7Cskins.vector&only=styles&skin=vector&*","//bits.wikimedia.org/en.wikipedia.org/load.php?debug=false&lang=en&modules=site&only=styles&skin=vector&*","//bits.wikimedia.org/en.wikipedia.org/load.php?debug=false&lang=en&modules=startup&only=scripts&skin=vector&*","//bits.wikimedia.org/geoiplookup","//meta.wikimedia.org","/w/index.php?title=Sponges&redirect=no","#mw-head","#p-search","/wiki/Sponge_(material)","/wiki/Sponge_(disambiguation)","/wiki/Wikipedia:Protection_policy#semi","//upload.wikimedia.org/wikipedia/commons/thumb/f/fc/Padlock-silver.svg/20px-Padlock-silver.svg.png","/wiki/Wikipedia:Good_articles","//upload.wikimedia.org/wikipedia/en/thumb/9/94/Symbol_support_vote.svg/15px-Symbol_support_vote.svg.png","/wiki/Precambrian","/wiki/Cambrian","/wiki/Ordovician","/wiki/Silurian","/wiki/Devonian","/wiki/Carboniferous","/wiki/Permian","/wiki/Triassic","/wiki/Jurassic","/wiki/Cretaceous","/wiki/Paleogene","/wiki/Neogene","/wiki/File:Aplysina_archeri_(Stove-pipe_Sponge-pink_variation).jpg","//upload.wikimedia.org/wikipedia/commons/thumb/2/20/Aplysina_archeri_%28Stove-pipe_Sponge-pink_variation%29.jpg/250px-Aplysina_archeri_%28Stove-pipe_Sponge-pink_variation%29.jpg","/wiki/Aplysina_archeri","/wiki/Biological_classification","/wiki/Template:Taxonomy/Porifera","//upload.wikimedia.org/wikipedia/commons/7/74/Red_Pencil_Icon.png","/wiki/Animal","/wiki/Parazoa","/wiki/Robert_Edmund_Grant","/wiki/Robert_Bentley_Todd","/wiki/Calcarea","/wiki/Hexactinellida","/wiki/Demospongiae","/wiki/Homoscleromorpha","/wiki/Animal","/wiki/Phylum","/wiki/Help:IPA_for_English","/wiki/Help:IPA_for_English#Key","/wiki/Help:IPA_for_English#Key","/wiki/Help:IPA_for_English#Key","/wiki/Help:IPA_for_English#Key","/wiki/Help:IPA_for_English#Key","/wiki/Help:IPA_for_English#Key","/wiki/Help:IPA_for_English#Key","/wiki/Help:IPA_for_English#Key","/wiki/Help:IPA_for_English","/wiki/Mesohyl","/wiki/Cell_(biology)","/wiki/Nervous_system","/wiki/Digestive_system","/wiki/Circulatory_system","#Overview","#Distinguishing_features","#Basic_structure","#Cell_types","#Glass_sponges.27_syncytia","#Water_flow_and_body_structures","#Skeleton","#Classes","#Vital_functions","#Movement","#Respiration.2C_feeding_and_excretion","#Carnivorous_sponges","#Endosymbionts","#.22Immune.22_system","#Reproduction","#Asexual","#Sexual","#Life_cycle","#Coordination_of_activities","#Ecology","#Habitats","#As_primary_producers","#Defenses","#Predation","#Bioerosion","#Diseases","#Collaboration_with_other_organisms","#Evolutionary_history","#Fossil_record","#Family_tree","#Taxonomy","#Use","#By_dolphins","#By_humans","#Skeleton_2","#Antibiotic_compounds","#Other_biologically_active_compounds","#See_also","#References","#Further_reading","#External_links","/wiki/Osculum","/wiki/Sessility_(zoology)","/wiki/Bacteria","/wiki/Photosynthesis","/wiki/Endosymbiont","/wiki/Carnivore","/wiki/Crustacean","#cite_note-1","/wiki/Sexual_reproduction","/wiki/Sperm","/wiki/Ovum","/wiki/Larva","/wiki/Gemmule","/wiki/Endoskeleton","/wiki/Biomineralization","/wiki/Sponge_spicule","/wiki/Spongin","/wiki/Demosponge","/wiki/Silica","/wiki/Calcium_carbonate","/wiki/Exoskeleton","/wiki/Calcareous_sponge","/wiki/Glass_sponge","/wiki/Scaffolding","http://toolserver.org/~verisimilus/Timeline/Timeline.php?Ma=580","/wiki/Million_years_ago","/wiki/Archaeocyathid","http://toolserver.org/~verisimilus/Timeline/Timeline.php?Ma=530–490","/wiki/Million_years_ago","/wiki/Unicellular","/wiki/Choanoflagellate","/wiki/Monophyletic","/wiki/Eumetazoa","/wiki/Homoscleromorpha","/wiki/Ctenophora","/wiki/Cnidaria","/wiki/Ctenophore","/wiki/Phylum","/wiki/Sessility_(zoology)","/wiki/Metazoa","/wiki/Choanocyte","#cite_note-HooperVanSoestDebrenne2002PhylumPorifera-2","#cite_note-HooperVanSoestDebrenne2002PhylumPorifera-2","#cite_note-RuppertBarnes2004Porifera-3","/wiki/Cnidaria","/wiki/Ctenophore","#cite_note-Bergquist2001PoriferaInAnderson-4","#cite_note-Hinde2001CnidariaAndCtenophoraInAnderson-5","/wiki/Basal_lamina","#cite_note-Hinde2001CnidariaAndCtenophoraInAnderson-5","#cite_note-RuppertBarnes2004Porifera-3","#cite_note-RuppertBarnes2004Porifera-3","#cite_note-Bergquist2001PoriferaInAnderson-4","/wiki/Cnidarian","/wiki/Ctenophore","#cite_note-Hinde2001CnidariaAndCtenophoraInAnderson-5","/wiki/Homoscleromorpha","#cite_note-ExpositoCluzelEtAl2002EvolutionOfCollagens-6","/wiki/File:Porifera_cell_types_01.png","//upload.wikimedia.org/wikipedia/commons/c/cc/Porifera_cell_types_01.png","/wiki/Mesohyl","/wiki/Pinacocyte","/wiki/Choanocyte","/w/index.php?title=Lophocyte&action=edit&redlink=1","/wiki/Porocyte","/wiki/Oocyte","/wiki/Archeocyte","/wiki/Sclerocyte","/wiki/Spicule","/wiki/File:Porifera_cell_types_01.png","//upload.wikimedia.org/wikipedia/commons/c/cc/Porifera_cell_types_01.png","#cite_note-7","/wiki/Mesohyl","/wiki/Collagen","/wiki/Choanocyte","/wiki/Flagellum","//en.wiktionary.org/wiki/ostium","/wiki/Porocytes","/wiki/Pinacocyte","#cite_note-RuppertBarnes2004Porifera-3","#cite_note-Bergquist2001PoriferaInAnderson-4","#cite_note-Bergquist2001PoriferaInAnderson-4","#cite_note-RuppertBarnes2004Porifera-3","#cite_note-Bergquist2001PoriferaInAnderson-4","/w/index.php?title=Lophocyte&action=edit&redlink=1","/wiki/Amoeba","/w/index.php?title=Collencyte&action=edit&redlink=1","/w/index.php?title=Rhabdiferous&action=edit&redlink=1","/wiki/Polysaccharide","/wiki/Oocyte","/wiki/Spermatocyte","/wiki/Sclerocyte","/wiki/Sponge_spicule","/wiki/Skeleton","/wiki/Demosponge","/w/index.php?title=Spongocyte&action=edit&redlink=1","/wiki/Polymer","/wiki/Spongin","/wiki/Myocyte","/wiki/Immune_system","/wiki/Archaeocytes","/wiki/Amoebocytes","/wiki/Amoeba","/wiki/Totipotent","/wiki/File:Euplectella_01.png","//upload.wikimedia.org/wikipedia/commons/thumb/5/52/Euplectella_01.png/100px-Euplectella_01.png","/wiki/Syncitium","/wiki/Spicule","/w/index.php?title=Choanosyncitium&action=edit&redlink=1","/wiki/File:Euplectella_01.png","//upload.wikimedia.org/wikipedia/commons/thumb/5/52/Euplectella_01.png/100px-Euplectella_01.png","/wiki/Glass_sponge","/wiki/Euplectella","#cite_note-8","/wiki/Glass_sponge","/wiki/Silica","/wiki/Scaffolding","/wiki/Spider_web","#cite_note-RuppertBarnes2004Porifera-3","/wiki/Syncytium","/wiki/Cell_membrane","/wiki/Cell_nucleus","/wiki/Cytoplasm","/wiki/Organelle","#cite_note-Leys2003SignificanceOfSyncytialTissues-9","#cite_note-RuppertBarnes2004Porifera-3","/wiki/Cytoplasm","/wiki/Sclerocyte","#cite_note-Leys2003SignificanceOfSyncytialTissues-9","/wiki/File:Porifera_body_structures_01.png","//upload.wikimedia.org/wikipedia/commons/thumb/2/20/Porifera_body_structures_01.png/439px-Porifera_body_structures_01.png","/wiki/Pinacocyte","/wiki/Choanocyte","/wiki/Mesohyl","/wiki/File:Porifera_body_structures_01.png","//upload.wikimedia.org/wikipedia/commons/thumb/2/20/Porifera_body_structures_01.png/439px-Porifera_body_structures_01.png","/wiki/Porifera","#cite_note-10","/wiki/Chimney","/wiki/Osculum","#cite_note-RuppertBarnes2004Porifera-3","/wiki/Pinacocyte","/wiki/Choanocyte","/wiki/Epithelia","#cite_note-RuppertBarnes2004Porifera-3","/wiki/Oxygen","#cite_note-RuppertBarnes2004Porifera-3","/wiki/File:Sea_sponge.svg","//upload.wikimedia.org/wikipedia/commons/thumb/5/51/Sea_sponge.svg/350px-Sea_sponge.svg.png","/w/index.php?title=Syconoid&action=edit&redlink=1","/wiki/Pleat","/wiki/Glass_sponge","#cite_note-RuppertBarnes2004Porifera-3","#cite_note-RuppertBarnes2004Porifera-3","/wiki/Leuconia","/wiki/Osculum","#cite_note-11","/wiki/File:Porifera_calcifying_01.png","//upload.wikimedia.org/wikipedia/commons/thumb/3/31/Porifera_calcifying_01.png/200px-Porifera_calcifying_01.png","/wiki/Pinacocyte","/wiki/Choanocyte","/wiki/Archeocyte","/wiki/Mesohyl","/wiki/Calcium_carbonate","/wiki/File:Porifera_calcifying_01.png","//upload.wikimedia.org/wikipedia/commons/thumb/3/31/Porifera_calcifying_01.png/200px-Porifera_calcifying_01.png","/wiki/Calcium_carbonate","#cite_note-RuppertBarnes2004Porifera-3","/wiki/Skeleton","/wiki/Biomineralization","/wiki/Endoskeleton","/wiki/Sponge_spicule","/wiki/Spongin","/wiki/Silica","/wiki/Calcium_carbonate","/wiki/Sclerocyte","#cite_note-RuppertBarnes2004Porifera-3","#cite_note-HooperVanSoestDebrenne2002PhylumPorifera-2","/wiki/Exoskeleton","/wiki/Sclerosponge","/wiki/Choanocyte","/wiki/Pinacocyte","#cite_note-RuppertBarnes2004Porifera-3","/wiki/Homoscleromorpha","/wiki/Demospongiae","#cite_note-Gazave2010-12","#cite_note-Gazave2012-13","/wiki/Class_(biology)","/wiki/Skeleton","#cite_note-Bergquist2001PoriferaInAnderson-4","#cite_note-Bergquist2001PoriferaInAnderson-4","/wiki/Sponge_spicule","#cite_note-Bergquist2001PoriferaInAnderson-4","/wiki/Spongin","#cite_note-Bergquist2001PoriferaInAnderson-4","#cite_note-Bergquist2001InEncOfLifeSci-14","#cite_note-Bergquist2001PoriferaInAnderson-4","/wiki/Calcarea","/wiki/Calcite","#cite_note-Cavalcanti2012-15","/wiki/Glass_sponge","/wiki/Syncytia","/wiki/Silica","/wiki/Demosponge","/wiki/Aragonite","#cite_note-HooperVanSoestDebrenne2002PhylumPorifera-2","#cite_note-Bergquist2001InEncOfLifeSci-14","/wiki/Homoscleromorpha","/wiki/File:Spongia_officinalis.jpg","//upload.wikimedia.org/wikipedia/commons/thumb/c/c9/Spongia_officinalis.jpg/200px-Spongia_officinalis.jpg","/wiki/File:Spongia_officinalis.jpg","//bits.wikimedia.org/static-1.21wmf11/skins/common/images/magnify-clip.png","/wiki/Spongia_officinalis","/wiki/Sessility_(zoology)","/wiki/Amoeba_(genus)","/wiki/Pinacocyte","/wiki/Osculum","//en.wiktionary.org/wiki/ostium","#cite_note-RuppertBarnes2004Porifera-3","/wiki/Circulatory","/wiki/Respiratory","/wiki/Digestion","/wiki/Excretory","/wiki/Filter_feeding","//en.wiktionary.org/wiki/ostium","/wiki/Pinacocyte","/wiki/Phagocytosis","/wiki/Archaeocyte","/wiki/Choanocyte","#cite_note-RuppertBarnes2004Porifera-3","#cite_note-Bergquist2001InEncOfLifeSci-14","/wiki/Vesicle_(biology)","#cite_note-RuppertBarnes2004Porifera-3","#cite_note-Bergquist2001PoriferaInAnderson-4","/wiki/Glass_sponge","#cite_note-Krautter1998EcologyOfSiliceousSponges-16","#cite_note-17","/wiki/Dynein","/wiki/Microtubule","/wiki/Syncytium","#cite_note-RuppertBarnes2004Porifera-3","/wiki/Diffusion","/wiki/Carbon_dioxide","/wiki/Ammonia","#cite_note-RuppertBarnes2004Porifera-3","/wiki/Crustacea","/wiki/Family_(biology)","/w/index.php?title=Cladorhizidae&action=edit&redlink=1","/w/index.php?title=Guitarridae&action=edit&redlink=1","/w/index.php?title=Esperiopsidae&action=edit&redlink=1","#cite_note-Vacelet2008NewGenusOfCarnivorousSpongesLollipocladia-18","/wiki/Sponge_spicule","#cite_note-Vacelet2008NewGenusOfCarnivorousSpongesLollipocladia-18","#cite_note-19","#cite_note-VaceletBouryEsnault1995CarnivorousSponges-20","#cite_note-RuppertBarnes2004Porifera-3","#cite_note-Vacelet2008NewGenusOfCarnivorousSpongesLollipocladia-18","/wiki/Mediterranean","/wiki/Filter_feeding","/wiki/Venom","#cite_note-VaceletBouryEsnault1995CarnivorousSponges-20","/wiki/Choanocyte","/wiki/Genus","/wiki/Chondrocladia","#cite_note-Vacelet2008NewGenusOfCarnivorousSpongesLollipocladia-18","#cite_note-VaceletKelly2008carnivorousSpongesEarlyJurassic-21","/wiki/Green_algae","/wiki/Endosymbiont","/wiki/Archaeocyte","/wiki/Photosynthesis","/wiki/Cyanobacteria","/wiki/Dinoflagellate","#cite_note-RuppertBarnes2004Porifera-3","/wiki/University_of_Stuttgart","/wiki/Spicule","/wiki/Silica","/wiki/Mesohyl","#cite_note-22","#cite_note-Bergquist2001PoriferaInAnderson-4","/wiki/Hydrothermal_vent","/wiki/Methanotrophic","#cite_note-Bergquist2001PoriferaInAnderson-4","/wiki/Immune_system","/wiki/Medical_grafting","#cite_note-Bergquist2001PoriferaInAnderson-4","/wiki/File:Spongilla_lacustris.jpg","//upload.wikimedia.org/wikipedia/commons/thumb/4/45/Spongilla_lacustris.jpg/200px-Spongilla_lacustris.jpg","/wiki/File:Spongilla_lacustris.jpg","//bits.wikimedia.org/static-1.21wmf11/skins/common/images/magnify-clip.png","/wiki/Spongilla_lacustris","/wiki/Asexual_reproduction","/wiki/Budding","/wiki/Gemmule","/wiki/Pinacocyte","/wiki/Choanocyte","/wiki/Mesohyl","#cite_note-RuppertBarnes2004Porifera-3","/w/index.php?title=Collencyte&action=edit&redlink=1","/wiki/Mesohyl","/wiki/Archeocyte","#cite_note-Bergquist2001InEncOfLifeSci-14","#cite_note-RuppertBarnes2004Porifera-3","/w/index.php?title=Spongocyte&action=edit&redlink=1","/wiki/Spongin","/wiki/Spicule","/wiki/Archeocyte","#cite_note-RuppertBarnes2004Porifera-3","#cite_note-SmithPennak2001FreshwaterInvertebrates-23","/wiki/Salinity","#cite_note-RuppertBarnes2004Porifera-3","#cite_note-SmithPennak2001FreshwaterInvertebrates-23","/wiki/Pinacocyte","#cite_note-RuppertBarnes2004Porifera-3","#cite_note-SmithPennak2001FreshwaterInvertebrates-23","/wiki/Hermaphrodite","/wiki/Gonad","/wiki/Choanocyte","/wiki/Mesohyl","/wiki/Cyst","/wiki/Archeocyte","/wiki/Yolk","/wiki/Osculum","/wiki/Ameboid","#cite_note-RuppertBarnes2004Porifera-3","/wiki/Flagella","/wiki/Cilia","#cite_note-RuppertBarnes2004Porifera-3","/wiki/Glass_sponge","/wiki/Ovoid","/wiki/Cilia","/wiki/Syncitium","/w/index.php?title=Choanosyncytia&action=edit&redlink=1","#cite_note-24","/wiki/Temperate","/wiki/Tropics","/wiki/Demosponge","#cite_note-RuppertBarnes2004Porifera-3","/wiki/Neuron","/wiki/Nervous_tissue","/wiki/Pinacocyte","/wiki/Osculum","/wiki/Siamese_twins","/wiki/Neurotransmitter","#cite_note-25","/wiki/Glass_sponge","/wiki/Syncytium","/wiki/Flagella","#cite_note-RuppertBarnes2004Porifera-3","/wiki/Myocyte","#cite_note-Bergquist2001PoriferaInAnderson-4","/wiki/Gene","/wiki/Synapse","#cite_note-26","/wiki/File:Euplectella_aspergillum.jpg","//upload.wikimedia.org/wikipedia/commons/thumb/c/c1/Euplectella_aspergillum.jpg/200px-Euplectella_aspergillum.jpg","/wiki/File:Euplectella_aspergillum.jpg","//bits.wikimedia.org/static-1.21wmf11/skins/common/images/magnify-clip.png","/wiki/Euplectella_aspergillum","/wiki/Deep_ocean","/wiki/Glass_sponge","/wiki/California","#cite_note-Bergquist2001InEncOfLifeSci-14","#cite_note-Krautter1998EcologyOfSiliceousSponges-16","#cite_note-27","#cite_note-28","/wiki/Glass_sponge","/wiki/Demosponge","/wiki/Calcarea","#cite_note-29","/wiki/Class_(biology)","#cite_note-Bergquist2001PoriferaInAnderson-4","#cite_note-Bergquist2001PoriferaInAnderson-4","#cite_note-Bergquist2001PoriferaInAnderson-4","/wiki/Calcarea","/wiki/Glass_sponge","/wiki/Sediment","/wiki/Demosponge","#cite_note-RuppertBarnes2004Porifera-3","#cite_note-Bergquist2001PoriferaInAnderson-4","#cite_note-VaceletBouryEsnault1995CarnivorousSponges-20","/wiki/Photosynthesis","/wiki/Endosymbiont","/wiki/Oxygen","/wiki/Great_Barrier_Reef","#cite_note-Bergquist2001InEncOfLifeSci-14","/wiki/File:BoredEncrustedShell.JPG","//upload.wikimedia.org/wikipedia/commons/thumb/1/10/BoredEncrustedShell.JPG/220px-BoredEncrustedShell.JPG","/wiki/File:BoredEncrustedShell.JPG","//bits.wikimedia.org/static-1.21wmf11/skins/common/images/magnify-clip.png","/wiki/Entobia","/wiki/Mercenaria_mercenaria","/wiki/North_Carolina","/wiki/File:Entobia_Modern.jpg","//upload.wikimedia.org/wikipedia/commons/thumb/b/b5/Entobia_Modern.jpg/220px-Entobia_Modern.jpg","/wiki/File:Entobia_Modern.jpg","//bits.wikimedia.org/static-1.21wmf11/skins/common/images/magnify-clip.png","/wiki/Spicule","/wiki/Echinoderm","#cite_note-Bergquist2001InEncOfLifeSci-14","/wiki/Bryozoa","/wiki/Sea_squirt","/wiki/Ageliferin","/wiki/Caribbean","/w/index.php?title=Tedania&action=edit&redlink=1","#cite_note-RuppertBarnes2004Porifera-3","#cite_note-RuppertBarnes2004Porifera-3","#cite_note-Bergquist2001PoriferaInAnderson-4","/wiki/Glass_sponge","#cite_note-Krautter1998EcologyOfSiliceousSponges-16","/wiki/Neuroptera","/wiki/Sisyridae","#cite_note-30","/wiki/Chondrilla_nucula","/wiki/Polyp","#cite_note-RuppertBarnes2004Porifera-3","/wiki/Clionaidae","/wiki/Mollusk","#cite_note-RuppertBarnes2004Porifera-3","#cite_note-Bergquist2001InEncOfLifeSci-14","/w/index.php?title=Aplysina&action=edit&redlink=1","/w/index.php?title=Aplysina_red_band_syndrome&action=edit&redlink=1","/wiki/Necrosis","/wiki/Contagious_disease","/wiki/Cyanobacterium","#cite_note-31","#cite_note-RuppertBarnes2004Porifera-3","/w/index.php?title=Lissodendoryx&action=edit&redlink=1","/wiki/Seagrass","/wiki/Starfish","#cite_note-32","/wiki/Shrimp","/wiki/Synalpheus","/wiki/Crustacea","/wiki/Synalpheus_regalis","#cite_note-33","/w/index.php?title=Loggerhead_sponge&action=edit&redlink=1","#cite_note-murph-34","/wiki/File:Fossil_Sponge_Raphidonema.jpg","//upload.wikimedia.org/wikipedia/commons/thumb/1/18/Fossil_Sponge_Raphidonema.jpg/250px-Fossil_Sponge_Raphidonema.jpg","/wiki/File:Fossil_Sponge_Raphidonema.jpg","//upload.wikimedia.org/wikipedia/commons/thumb/1/18/Fossil_Sponge_Raphidonema.jpg/250px-Fossil_Sponge_Raphidonema.jpg","/wiki/Cretaceous","/wiki/File:Archaeocyatha.png","//upload.wikimedia.org/wikipedia/commons/thumb/3/37/Archaeocyatha.png/150px-Archaeocyatha.png","/wiki/File:Archaeocyatha.png","//upload.wikimedia.org/wikipedia/commons/thumb/3/37/Archaeocyatha.png/150px-Archaeocyatha.png","/wiki/Archaeocyathid","/wiki/Cholestane","/wiki/Cholesterol","/wiki/Demosponge","/wiki/Eumetazoa","/wiki/Cnidaria","/wiki/Bilateria","/wiki/Choanoflagellate","/wiki/Biochemistry","/wiki/Gene","/wiki/Choanoflagellate","#cite_note-35","/wiki/Cholestane","http://toolserver.org/~verisimilus/Timeline/Timeline.php?Ma=1,800","/wiki/Million_years_ago","#cite_note-36","/wiki/Marinoan_glaciation","http://toolserver.org/~verisimilus/Timeline/Timeline.php?Ma=635","/wiki/Million_years_ago","#cite_note-37","http://toolserver.org/~verisimilus/Timeline/Timeline.php?Ma=713","/wiki/Million_years_ago","#cite_note-38","/wiki/Molecular_clock","/wiki/Biomarker","/wiki/Cambrian_explosion","/wiki/Silica","/wiki/Spicule","#cite_note-39","http://toolserver.org/~verisimilus/Timeline/Timeline.php?Ma=750","/wiki/Million_years_ago","#cite_note-40","/wiki/Fossil","http://toolserver.org/~verisimilus/Timeline/Timeline.php?Ma=580","/wiki/Million_years_ago","/wiki/Ediacaran","/wiki/Doushantuo_Formation","/wiki/Spicule","/wiki/Pinacocyte","/wiki/Porocyte","/wiki/Archeocyte","/wiki/Sclerocyte","/wiki/Glass_sponge","http://toolserver.org/~verisimilus/Timeline/Timeline.php?Ma=540","/wiki/Million_years_ago","#cite_note-M.C3.BCllerLiEtAl2007UniqueSkeletonOfSiliceousSponges-41","#cite_note-42","/wiki/Calcium_carbonate","/wiki/Calcarea","http://toolserver.org/~verisimilus/Timeline/Timeline.php?Ma=530–523","/wiki/Million_years_ago","/wiki/Cambrian","/wiki/Chengjiang_fauna","http://toolserver.org/~verisimilus/Timeline/Timeline.php?Ma=525–520","/wiki/Million_years_ago","#cite_note-LiChenHua1998PrecambrianSpongesWithCellularStructures-43","/wiki/Eocene","http://toolserver.org/~verisimilus/Timeline/Timeline.php?Ma=48–40","/wiki/Million_years_ago","#cite_note-M.C3.BCllerLiEtAl2007UniqueSkeletonOfSiliceousSponges-41","/wiki/Demosponges","#cite_note-Kazmierczak2004-44","/wiki/Archaeocyathid","http://toolserver.org/~verisimilus/Timeline/Timeline.php?Ma=530","/wiki/Million_years_ago","http://toolserver.org/~verisimilus/Timeline/Timeline.php?Ma=490","/wiki/Million_years_ago","#cite_note-LiChenHua1998PrecambrianSpongesWithCellularStructures-43","/wiki/File:Cronoflagelado2.jpg","//upload.wikimedia.org/wikipedia/commons/thumb/8/86/Cronoflagelado2.jpg/150px-Cronoflagelado2.jpg","/wiki/File:Cronoflagelado2.jpg","//bits.wikimedia.org/static-1.21wmf11/skins/common/images/magnify-clip.png","/wiki/Fungi","/wiki/Choanoflagellate","/wiki/Metazoa","/wiki/Glass_sponge","/wiki/Demosponge","/wiki/Calcarea","/wiki/Eumetazoa","/wiki/Ctenophora","/wiki/Placozoa","/wiki/Cnidaria","/wiki/Calcarea","#cite_note-BorchielliniManuelEtAl2001SpongeParaphylyAndOriginOfMetazoa-45","/wiki/Plant","/wiki/Fungi","/wiki/Metazoa","/wiki/Demosponge","/wiki/Calcarea","/wiki/Homoscleromorpha","/wiki/Eumetazoa","/wiki/Cnidaria","/wiki/Metazoa","/wiki/Homoscleromorpha","#cite_note-SperlingPeterson2007PoriferanParaphyly-46","/wiki/Monophyletic","/wiki/Metazoa","/wiki/Choanoflagellate","/wiki/Choanocytes","#cite_note-BorchielliniManuelEtAl2001SpongeParaphylyAndOriginOfMetazoa-45","/wiki/Eumetazoa","/wiki/Ribosome","/wiki/DNA","/wiki/Glass_sponge","/wiki/Calcarea","/wiki/Calcium_carbonate","/wiki/Spicule","#cite_note-BorchielliniManuelEtAl2001SpongeParaphylyAndOriginOfMetazoa-45","/wiki/RNA","#cite_note-M.C3.BCllerLiEtAl2007UniqueSkeletonOfSiliceousSponges-41","#cite_note-47","/wiki/Homoscleromorpha","/wiki/Cell_nucleus","/wiki/DNA","/wiki/Ctenophora","/wiki/Homoscleromorpha","/wiki/Chancelloriidae","/wiki/Cambrian","#cite_note-SperlingPeterson2007PoriferanParaphyly-46","/wiki/Sperm","/wiki/Collagen","/wiki/Spongin","#cite_note-ExpositoCluzelEtAl2002EvolutionOfCollagens-6","/wiki/File:Bathocyroe_fosteri.jpg","//upload.wikimedia.org/wikipedia/commons/thumb/2/21/Bathocyroe_fosteri.jpg/100px-Bathocyroe_fosteri.jpg","/wiki/File:Bathocyroe_fosteri.jpg","//bits.wikimedia.org/static-1.21wmf11/skins/common/images/magnify-clip.png","/wiki/Ctenophora","/wiki/Ctenophora","/wiki/Ctenophora","/wiki/Placozoa","#cite_note-class-48","/wiki/Cnidarian","#cite_note-plos2009-49","/wiki/Archaeocyathid","/wiki/Cambrian","http://toolserver.org/~verisimilus/Timeline/Timeline.php?Ma=530–520","/wiki/Million_years_ago","/wiki/Cnidaria","/wiki/Algae","/wiki/Foraminifera","/wiki/Phylum","/wiki/Kingdom_(biology)","#cite_note-Rowland2001ArchaeocyathaPhylogeneticInterpretations-50","/wiki/File:Halkieriid_sclerite_structure_300.png","//upload.wikimedia.org/wikipedia/en/thumb/8/82/Halkieriid_sclerite_structure_300.png/200px-Halkieriid_sclerite_structure_300.png","/wiki/Aragonite","/wiki/File:Halkieriid_sclerite_structure_300.png","//upload.wikimedia.org/wikipedia/en/thumb/8/82/Halkieriid_sclerite_structure_300.png/200px-Halkieriid_sclerite_structure_300.png","/wiki/Halkieriid","#cite_note-Porter2008ChancelloriidsHalkieriids-51","/wiki/Spongin","/wiki/Collagen","/wiki/Protein","/wiki/Demosponge","/w/index.php?title=Darwinella&action=edit&redlink=1","#cite_note-52","#cite_note-JanussenSteinerZhu2002-53","/wiki/Halkieriid","/wiki/Bilaterian","/wiki/Slug","/wiki/Chain_mail","/wiki/Dilemma","#cite_note-Porter2008ChancelloriidsHalkieriids-51","/wiki/File:Biological_classification_L_Pengo.svg","//upload.wikimedia.org/wikipedia/commons/thumb/5/5f/Biological_classification_L_Pengo.svg/100px-Biological_classification_L_Pengo.svg.png","/wiki/File:Biological_classification_L_Pengo.svg","//bits.wikimedia.org/static-1.21wmf11/skins/common/images/magnify-clip.png","/wiki/Linnean_taxonomy","/wiki/Linnaeus","/wiki/Vermes_in_the_10th_edition_of_Systema_Naturae#Zoophyta","/wiki/Vermes","/wiki/Spongia","/wiki/Algae","#cite_note-worms-54","/wiki/Parazoa","/wiki/Eumetazoa","/wiki/Kingdom_(biology)","/wiki/Animalia","#cite_note-Rowland2001ArchaeocyathaPhylogeneticInterpretations-50","/wiki/Paraphyly","/wiki/Phylum","#cite_note-55","/wiki/Class_(biology)","/wiki/Skeleton","#cite_note-HooperVanSoestDebrenne2002PhylumPorifera-2","#cite_note-Bergquist2001InEncOfLifeSci-14","/wiki/Hexactinellida","/wiki/Spicule","#cite_note-HooperVanSoestDebrenne2002PhylumPorifera-2","/wiki/Syncytia","/wiki/Cell_membrane","#cite_note-Bergquist2001InEncOfLifeSci-14","/wiki/Calcarea","/wiki/Calcite","/wiki/Calcium_carbonate","#cite_note-Bergquist2001InEncOfLifeSci-14","/wiki/Demospongiae","/wiki/Spongin","/wiki/Aragonite","#cite_note-HooperVanSoestDebrenne2002PhylumPorifera-2","#cite_note-Bergquist2001InEncOfLifeSci-14","#cite_note-Bergquist2001InEncOfLifeSci-14","/wiki/Archeocyatha","/wiki/Cambrian","#cite_note-Rowland2001ArchaeocyathaPhylogeneticInterpretations-50","/wiki/Sclerospongiae","#cite_note-56","#cite_note-57","#cite_note-Bergquist2001InEncOfLifeSci-14","#cite_note-RuppertBarnes2004Porifera-3","#cite_note-Bergquist2001InEncOfLifeSci-14","/wiki/Tool","/wiki/Bottlenose_dolphins","/wiki/Shark_Bay","/wiki/Rostrum_(anatomy)","/wiki/Sea_floor","#cite_note-Smolker_1997-58","#cite_note-Krutzen_2005-59","/wiki/File:Sponges.JPG","//upload.wikimedia.org/wikipedia/commons/thumb/e/ee/Sponges.JPG/220px-Sponges.JPG","/wiki/File:Sponges.JPG","//bits.wikimedia.org/static-1.21wmf11/skins/common/images/magnify-clip.png","/wiki/Kalymnos","/wiki/Greece","/wiki/Sea_sponge_aquaculture","/wiki/Sponge_(material)","/wiki/Calcium_carbonate","/wiki/Silica","/wiki/Spicule","/wiki/Genus","/w/index.php?title=Hippospongia&action=edit&redlink=1","/wiki/Spongia","/wiki/Ceramic_glaze","/wiki/Contraceptive","#cite_note-60","/wiki/Sponge_diving","/wiki/Sponge_(tool)","/wiki/Breast_implant","#cite_note-61","/wiki/Contraceptive_sponge","#cite_note-CBAS-62","/wiki/Cellulose","/wiki/Polyurethane","/wiki/Silicone","/wiki/Luffa","/wiki/Gourd","/wiki/Cucurbitaceae","#cite_note-63","/wiki/Medicine","/wiki/Symbiosis","/wiki/Virus","/wiki/Bacteria","/wiki/Tumor","#cite_note-64","#cite_note-65","/wiki/Oxylipin","#cite_note-66","#cite_note-67","/wiki/Sponge_reef","/wiki/Sponge_Reef_Project","#cite_ref-1","/wiki/Digital_object_identifier","http://dx.doi.org/10.1007%2Fs00435-004-0100-0","#cite_ref-HooperVanSoestDebrenne2002PhylumPorifera_2-0","#cite_ref-HooperVanSoestDebrenne2002PhylumPorifera_2-1","#cite_ref-HooperVanSoestDebrenne2002PhylumPorifera_2-2","#cite_ref-HooperVanSoestDebrenne2002PhylumPorifera_2-3","#cite_ref-HooperVanSoestDebrenne2002PhylumPorifera_2-4","#cite_ref-HooperVanSoestDebrenne2002PhylumPorifera_2-5","#cite_ref-HooperVanSoestDebrenne2002PhylumPorifera_2-6","http://books.google.com/?id=OQoxzqjQXWEC&pg=PA220","/wiki/International_Standard_Book_Number","/wiki/Special:BookSources/978-0-306-47260-2","#cite_ref-RuppertBarnes2004Porifera_3-0","#cite_ref-RuppertBarnes2004Porifera_3-1","#cite_ref-RuppertBarnes2004Porifera_3-2","#cite_ref-RuppertBarnes2004Porifera_3-3","#cite_ref-RuppertBarnes2004Porifera_3-4","#cite_ref-RuppertBarnes2004Porifera_3-5","#cite_ref-RuppertBarnes2004Porifera_3-6","#cite_ref-RuppertBarnes2004Porifera_3-7","#cite_ref-RuppertBarnes2004Porifera_3-8","#cite_ref-RuppertBarnes2004Porifera_3-9","#cite_ref-RuppertBarnes2004Porifera_3-10","#cite_ref-RuppertBarnes2004Porifera_3-11","#cite_ref-RuppertBarnes2004Porifera_3-12","#cite_ref-RuppertBarnes2004Porifera_3-13","#cite_ref-RuppertBarnes2004Porifera_3-14","#cite_ref-RuppertBarnes2004Porifera_3-15","#cite_ref-RuppertBarnes2004Porifera_3-16","#cite_ref-RuppertBarnes2004Porifera_3-17","#cite_ref-RuppertBarnes2004Porifera_3-18","#cite_ref-RuppertBarnes2004Porifera_3-19","#cite_ref-RuppertBarnes2004Porifera_3-20","#cite_ref-RuppertBarnes2004Porifera_3-21","#cite_ref-RuppertBarnes2004Porifera_3-22","#cite_ref-RuppertBarnes2004Porifera_3-23","#cite_ref-RuppertBarnes2004Porifera_3-24","#cite_ref-RuppertBarnes2004Porifera_3-25","#cite_ref-RuppertBarnes2004Porifera_3-26","#cite_ref-RuppertBarnes2004Porifera_3-27","#cite_ref-RuppertBarnes2004Porifera_3-28","#cite_ref-RuppertBarnes2004Porifera_3-29","#cite_ref-RuppertBarnes2004Porifera_3-30","#cite_ref-RuppertBarnes2004Porifera_3-31","#cite_ref-RuppertBarnes2004Porifera_3-32","#cite_ref-RuppertBarnes2004Porifera_3-33","#cite_ref-RuppertBarnes2004Porifera_3-34","#cite_ref-RuppertBarnes2004Porifera_3-35","#cite_ref-RuppertBarnes2004Porifera_3-36","#cite_ref-RuppertBarnes2004Porifera_3-37","/wiki/International_Standard_Book_Number","/wiki/Special:BookSources/0-03-025982-7","#cite_ref-Bergquist2001PoriferaInAnderson_4-0","#cite_ref-Bergquist2001PoriferaInAnderson_4-1","#cite_ref-Bergquist2001PoriferaInAnderson_4-2","#cite_ref-Bergquist2001PoriferaInAnderson_4-3","#cite_ref-Bergquist2001PoriferaInAnderson_4-4","#cite_ref-Bergquist2001PoriferaInAnderson_4-5","#cite_ref-Bergquist2001PoriferaInAnderson_4-6","#cite_ref-Bergquist2001PoriferaInAnderson_4-7","#cite_ref-Bergquist2001PoriferaInAnderson_4-8","#cite_ref-Bergquist2001PoriferaInAnderson_4-9","#cite_ref-Bergquist2001PoriferaInAnderson_4-10","#cite_ref-Bergquist2001PoriferaInAnderson_4-11","#cite_ref-Bergquist2001PoriferaInAnderson_4-12","#cite_ref-Bergquist2001PoriferaInAnderson_4-13","#cite_ref-Bergquist2001PoriferaInAnderson_4-14","#cite_ref-Bergquist2001PoriferaInAnderson_4-15","#cite_ref-Bergquist2001PoriferaInAnderson_4-16","#cite_ref-Bergquist2001PoriferaInAnderson_4-17","#cite_ref-Bergquist2001PoriferaInAnderson_4-18","#cite_ref-Bergquist2001PoriferaInAnderson_4-19","/wiki/International_Standard_Book_Number","/wiki/Special:BookSources/0-19-551368-1","#cite_ref-Hinde2001CnidariaAndCtenophoraInAnderson_5-0","#cite_ref-Hinde2001CnidariaAndCtenophoraInAnderson_5-1","#cite_ref-Hinde2001CnidariaAndCtenophoraInAnderson_5-2","/wiki/International_Standard_Book_Number","/wiki/Special:BookSources/0-19-551368-1","#cite_ref-ExpositoCluzelEtAl2002EvolutionOfCollagens_6-0","#cite_ref-ExpositoCluzelEtAl2002EvolutionOfCollagens_6-1","/wiki/Digital_object_identifier","http://dx.doi.org/10.1002%2Far.10162","/wiki/PubMed_Identifier","//www.ncbi.nlm.nih.gov/pubmed/12382326","#cite_ref-7","/wiki/International_Standard_Book_Number","/wiki/Special:BookSources/0030259827","#cite_ref-8","/wiki/International_Standard_Book_Number","/wiki/Special:BookSources/0030259827","#cite_ref-Leys2003SignificanceOfSyncytialTissues_9-0","#cite_ref-Leys2003SignificanceOfSyncytialTissues_9-1","/wiki/Digital_object_identifier","http://dx.doi.org/10.1093%2Ficb%2F43.1.19","/wiki/PubMed_Identifier","//www.ncbi.nlm.nih.gov/pubmed/21680406","#cite_ref-10","/wiki/International_Standard_Book_Number","/wiki/Special:BookSources/0030259827","#cite_ref-11","/wiki/International_Standard_Book_Number","/wiki/Special:BookSources/978-0-07-290961-6","#cite_ref-Gazave2010_12-0","/wiki/Digital_object_identifier","http://dx.doi.org/10.1371%2Fjournal.pone.0014290","#cite_ref-Gazave2012_13-0","/wiki/Digital_object_identifier","http://dx.doi.org/10.1007%2Fs10750-011-0842-x","#cite_ref-Bergquist2001InEncOfLifeSci_14-0","#cite_ref-Bergquist2001InEncOfLifeSci_14-1","#cite_ref-Bergquist2001InEncOfLifeSci_14-2","#cite_ref-Bergquist2001InEncOfLifeSci_14-3","#cite_ref-Bergquist2001InEncOfLifeSci_14-4","#cite_ref-Bergquist2001InEncOfLifeSci_14-5","#cite_ref-Bergquist2001InEncOfLifeSci_14-6","#cite_ref-Bergquist2001InEncOfLifeSci_14-7","#cite_ref-Bergquist2001InEncOfLifeSci_14-8","#cite_ref-Bergquist2001InEncOfLifeSci_14-9","#cite_ref-Bergquist2001InEncOfLifeSci_14-10","#cite_ref-Bergquist2001InEncOfLifeSci_14-11","#cite_ref-Bergquist2001InEncOfLifeSci_14-12","#cite_ref-Bergquist2001InEncOfLifeSci_14-13","#cite_ref-Bergquist2001InEncOfLifeSci_14-14","/wiki/Digital_object_identifier","http://dx.doi.org/10.1038%2Fnpg.els.0001582","#cite_ref-Cavalcanti2012_15-0","/wiki/Digital_object_identifier","http://dx.doi.org/10.1007%2Fs00435-011-0139-7","#cite_ref-Krautter1998EcologyOfSiliceousSponges_16-0","#cite_ref-Krautter1998EcologyOfSiliceousSponges_16-1","#cite_ref-Krautter1998EcologyOfSiliceousSponges_16-2","http://web.archive.org/web/20090319205858/http://www.ucm.es/BUCM/revistas/geo/16986180/articulos/JIGE9898110223A.PDF","#cite_ref-17","/wiki/Digital_object_identifier","http://dx.doi.org/10.4319%2Flo.2007.52.1.0428","#cite_ref-Vacelet2008NewGenusOfCarnivorousSpongesLollipocladia_18-0","#cite_ref-Vacelet2008NewGenusOfCarnivorousSpongesLollipocladia_18-1","#cite_ref-Vacelet2008NewGenusOfCarnivorousSpongesLollipocladia_18-2","#cite_ref-Vacelet2008NewGenusOfCarnivorousSpongesLollipocladia_18-3","http://www.mapress.com/zootaxa/2008/f/z01752p065f.pdf","#cite_ref-19","/wiki/Digital_object_identifier","http://dx.doi.org/10.1017%2FS0025315407058560","#cite_ref-VaceletBouryEsnault1995CarnivorousSponges_20-0","#cite_ref-VaceletBouryEsnault1995CarnivorousSponges_20-1","#cite_ref-VaceletBouryEsnault1995CarnivorousSponges_20-2","/wiki/Digital_object_identifier","http://dx.doi.org/10.1038%2F373333a0","#cite_ref-VaceletKelly2008carnivorousSpongesEarlyJurassic_21-0","/wiki/Digital_object_identifier","http://dx.doi.org/10.1038%2Fnpre.2008.2327.1","#cite_ref-22","/wiki/Digital_object_identifier","http://dx.doi.org/10.1016%2Fj.jembe.2008.06.036","http://news.bbc.co.uk/2/hi/science/nature/7720836.stm","#cite_ref-SmithPennak2001FreshwaterInvertebrates_23-0","#cite_ref-SmithPennak2001FreshwaterInvertebrates_23-1","#cite_ref-SmithPennak2001FreshwaterInvertebrates_23-2","http://books.google.com/?id=GqIctb8IqPoC&pg=PA48&lpg=PA48","/wiki/International_Standard_Book_Number","/wiki/Special:BookSources/0-471-35837-1","#cite_ref-24","/wiki/Digital_object_identifier","http://dx.doi.org/10.1093%2Ficb%2Ficj016","/wiki/PubMed_Identifier","//www.ncbi.nlm.nih.gov/pubmed/21672727","#cite_ref-25","/wiki/Digital_object_identifier","http://dx.doi.org/10.1242%2Fjeb.01289","/wiki/PubMed_Identifier","//www.ncbi.nlm.nih.gov/pubmed/15579547","#cite_ref-26","http://www.ncbi.nlm.nih.gov/pmc/articles/PMC1876816","/wiki/Digital_object_identifier","http://dx.doi.org/10.1371%2Fjournal.pone.0000506","/wiki/PubMed_Central","//www.ncbi.nlm.nih.gov/pmc/articles/PMC1876816","/wiki/PubMed_Identifier","//www.ncbi.nlm.nih.gov/pubmed/17551586","#cite_ref-27","/wiki/Digital_object_identifier","http://dx.doi.org/10.1016%2Fj.jsb.2006.10.027","/wiki/PubMed_Identifier","//www.ncbi.nlm.nih.gov/pubmed/17175169","#cite_ref-28","http://www.bio.georgiasouthern.edu/Bio-home/Gleason/Ruzicka&Gleasonfulltext.pdf","/wiki/Digital_object_identifier","http://dx.doi.org/10.1007%2Fs00442-007-0874-0","/wiki/PubMed_Identifier","//www.ncbi.nlm.nih.gov/pubmed/17960425","#cite_ref-29","http://books.google.com/?id=kHZO5igKhsAC","/wiki/International_Standard_Book_Number","/wiki/Special:BookSources/0-521-33665-1","#cite_ref-30","/wiki/Ross_Piper","/wiki/Greenwood_Publishing_Group","#cite_ref-31","/wiki/Digital_object_identifier","http://dx.doi.org/10.3354%2Fdao071163","/wiki/PubMed_Identifier","//www.ncbi.nlm.nih.gov/pubmed/16956064","http://www.practicalfishkeeping.co.uk/pfk/pages/item.php?news=1113","#cite_ref-32","/wiki/Digital_object_identifier","http://dx.doi.org/10.1111%2Fj.1439-0485.2008.00224.x","#cite_ref-33","http://web.vims.edu/bio/mobee/Duffy96BJLS.pdf?svr=www","/wiki/Digital_object_identifier","http://dx.doi.org/10.1111%2Fj.1095-8312.1996.tb01437.x","#cite_ref-murph_34-0","/wiki/International_Standard_Book_Number","/wiki/Special:BookSources/0-87850-138-X","#cite_ref-35","http://www.ncbi.nlm.nih.gov/pmc/articles/PMC2481317","/wiki/Digital_object_identifier","http://dx.doi.org/10.1073%2Fpnas.0803975105","/wiki/PubMed_Central","//www.ncbi.nlm.nih.gov/pmc/articles/PMC2481317","/wiki/PubMed_Identifier","//www.ncbi.nlm.nih.gov/pubmed/18632573","#cite_ref-36","/wiki/Digital_object_identifier","http://dx.doi.org/10.1093%2Ficb%2F45.2.333","/wiki/PubMed_Identifier","//www.ncbi.nlm.nih.gov/pubmed/21676777","#cite_ref-37","/wiki/Digital_object_identifier","http://dx.doi.org/10.1038%2Fnature07673","/wiki/PubMed_Identifier","//www.ncbi.nlm.nih.gov/pubmed/19194449","#cite_ref-38","/wiki/Digital_object_identifier","http://dx.doi.org/10.1111%2Fpala.12030","//en.wikipedia.org/w/index.php?title=Template:Cite_doi/10.1111.2Fpala.12030&action=edit&editintro=Template:Cite_doi/editintro2","#cite_ref-39","/wiki/Digital_object_identifier","http://dx.doi.org/10.1111%2Fj.1472-4669.2009.00225.x","/wiki/PubMed_Identifier","//www.ncbi.nlm.nih.gov/pubmed/19929965","#cite_ref-40","http://webdoc.sub.gwdg.de/pub/geo/geobiologie/2005/reitner/2002-porifera.pdf","#cite_ref-M.C3.BCllerLiEtAl2007UniqueSkeletonOfSiliceousSponges_41-0","#cite_ref-M.C3.BCllerLiEtAl2007UniqueSkeletonOfSiliceousSponges_41-1","#cite_ref-M.C3.BCllerLiEtAl2007UniqueSkeletonOfSiliceousSponges_41-2","/wiki/Digital_object_identifier","http://dx.doi.org/10.5194%2Fbg-4-219-2007","#cite_ref-42","#cite_ref-LiChenHua1998PrecambrianSpongesWithCellularStructures_43-0","#cite_ref-LiChenHua1998PrecambrianSpongesWithCellularStructures_43-1","/wiki/Digital_object_identifier","http://dx.doi.org/10.1126%2Fscience.279.5352.879","/wiki/PubMed_Identifier","//www.ncbi.nlm.nih.gov/pubmed/9452391","#cite_ref-Kazmierczak2004_44-0","http://www.ucmp.berkeley.edu/porifera/demospongia.html","http://www.ucmp.berkeley.edu/porifera/demospongia.html","#cite_ref-BorchielliniManuelEtAl2001SpongeParaphylyAndOriginOfMetazoa_45-0","#cite_ref-BorchielliniManuelEtAl2001SpongeParaphylyAndOriginOfMetazoa_45-1","#cite_ref-BorchielliniManuelEtAl2001SpongeParaphylyAndOriginOfMetazoa_45-2","/wiki/Digital_object_identifier","http://dx.doi.org/10.1046%2Fj.1420-9101.2001.00244.x","#cite_ref-SperlingPeterson2007PoriferanParaphyly_46-0","#cite_ref-SperlingPeterson2007PoriferanParaphyly_46-1","http://www.dartmouth.edu/~peterson/Sperling,%20Pisani%20and%20Peterson.pdf","/wiki/Digital_object_identifier","http://dx.doi.org/10.1144%2FSP286.25","#cite_ref-47","http://www.ncbi.nlm.nih.gov/pmc/articles/PMC55517","/wiki/Digital_object_identifier","http://dx.doi.org/10.1073%2Fpnas.171316998","/wiki/PubMed_Central","//www.ncbi.nlm.nih.gov/pmc/articles/PMC55517","/wiki/PubMed_Identifier","//www.ncbi.nlm.nih.gov/pubmed/11504944","#cite_ref-class_48-0","/wiki/Digital_object_identifier","http://dx.doi.org/10.1038%2Fnature06614","/wiki/PubMed_Identifier","//www.ncbi.nlm.nih.gov/pubmed/18322464","#cite_ref-plos2009_49-0","http://dx.plos.org/10.1371/journal.pbio.1000020","/wiki/Digital_object_identifier","http://dx.doi.org/10.1371%2Fjournal.pbio.1000020","/wiki/International_Standard_Serial_Number","//www.worldcat.org/issn/1544-9173","/wiki/PubMed_Central","//www.ncbi.nlm.nih.gov/pmc/articles/PMC2631068","/wiki/PubMed_Identifier","//www.ncbi.nlm.nih.gov/pubmed/19175291","//en.wikipedia.org/w/index.php?title=Template:Cite_doi/10.1371.2Fjournal.pbio.1000020&action=edit&editintro=Template:Cite_doi/editintro2","#cite_ref-Rowland2001ArchaeocyathaPhylogeneticInterpretations_50-0","#cite_ref-Rowland2001ArchaeocyathaPhylogeneticInterpretations_50-1","#cite_ref-Rowland2001ArchaeocyathaPhylogeneticInterpretations_50-2","http://web.archive.org/web/20081206151044/http://findarticles.com/p/articles/mi_qa3790/is_200111/ai_n8958761/pg_1?tag=artBody;col1","/wiki/Digital_object_identifier","http://dx.doi.org/10.1666%2F0022-3360%282001%29075%3C1065%3AAAHOPI%3E2.0.CO%3B2","/wiki/JSTOR","http://www.jstor.org/stable/1307076","#cite_ref-Porter2008ChancelloriidsHalkieriids_51-0","#cite_ref-Porter2008ChancelloriidsHalkieriids_51-1","/wiki/Digital_object_identifier","http://dx.doi.org/10.1111%2Fj.1475-4983.2008.00792.x","#cite_ref-52","#cite_ref-JanussenSteinerZhu2002_53-0","/wiki/Digital_object_identifier","http://dx.doi.org/10.1666%2F0022-3360%282002%29076%3C0596%3ANWPSOC%3E2.0.CO%3B2","http://web.archive.org/web/20081210092130/http://findarticles.com/p/articles/mi_qa3790/is_200207/ai_n9134583/pg_1?tag=artBody;col1","#cite_ref-worms_54-0","http://www.marinespecies.org/aphia.php?p=sourceget&id=44036","http://www.marinespecies.org/aphia.php?p=sourceget&id=44036","#cite_ref-55","http://www.dartmouth.edu/~peterson/Sperling,%20Pisani%20and%20Peterson.pdf","/wiki/Digital_object_identifier","http://dx.doi.org/10.1144%2FSP286.25","#cite_ref-56","http://mgg.rsmas.miami.edu/groups/sil/work1.htm","#cite_ref-57","/wiki/Oxford_University_Press","/wiki/International_Standard_Book_Number","/wiki/Special:BookSources/019857181","#cite_ref-Smolker_1997_58-0","/wiki/Digital_object_identifier","http://dx.doi.org/10.1111%2Fj.1439-0310.1997.tb00160.x","#cite_ref-Krutzen_2005_59-0","http://www.ncbi.nlm.nih.gov/pmc/articles/PMC1157020","/wiki/Proceedings_of_the_National_Academy_of_Sciences","/wiki/Digital_object_identifier","http://dx.doi.org/10.1073%2Fpnas.0500232102","/wiki/PubMed_Central","//www.ncbi.nlm.nih.gov/pmc/articles/PMC1157020","/wiki/PubMed_Identifier","//www.ncbi.nlm.nih.gov/pubmed/15947077","http://news.nationalgeographic.com/news/2005/06/0607_050607_dolphin_tools.html","/wiki/National_Geographic_Society","#cite_ref-60","http://books.google.com/?id=cGEeEfFegvEC&pg=PA26","/wiki/International_Standard_Book_Number","/wiki/Special:BookSources/1-84407-527-3","#cite_ref-61","http://books.google.com/?id=3ZIw_3Px4AEC&pg=PA62","/wiki/International_Standard_Book_Number","/wiki/Special:BookSources/0-8135-2715-5","#cite_ref-CBAS_62-0","http://www.cervicalbarriers.org/information/sponges.cfm","http://www.cervicalbarriers.org/information/sponges.cfm","#cite_ref-63","/wiki/Digital_object_identifier","http://dx.doi.org/10.1007%2FBF02859814","#cite_ref-64","/wiki/International_Standard_Book_Number","/wiki/Special:BookSources/3-540-00968-X","#cite_ref-65","#cite_ref-66","/wiki/Digital_object_identifier","http://dx.doi.org/10.1021%2Fjo00092a039","#cite_ref-67","/wiki/Digital_object_identifier","http://dx.doi.org/10.1016%2Fj.tetlet.2005.02.124","/wiki/International_Standard_Book_Number","/wiki/Special:BookSources/0-09-131820-3","/wiki/International_Standard_Book_Number","/wiki/Special:BookSources/0-07-234903-4","http://www.bursztyn.px.pl","//upload.wikimedia.org/wikipedia/en/thumb/4/4a/Commons-logo.svg/30px-Commons-logo.svg.png","//commons.wikimedia.org/wiki/Special:Search/Sponge","//upload.wikimedia.org/wikipedia/commons/thumb/d/df/Wikispecies-logo.svg/34px-Wikispecies-logo.svg.png","/wiki/Wikispecies","//species.wikimedia.org/wiki/Porifera","//upload.wikimedia.org/wikipedia/commons/thumb/d/df/Wikibooks-logo-en-noslogan.svg/40px-Wikibooks-logo-en-noslogan.svg.png","//en.wikibooks.org/wiki/Dichotomous_Key","//en.wikibooks.org/wiki/Dichotomous_Key/Porifera","http://www.biology.ualberta.ca/courses.hp/zool250/animations/Porifera.swf","/wiki/Adobe_Flash","http://www3.wooster.edu/geology/Bioerosion/Bioerosion.html","http://www.spongepage.info/","http://fcit.usf.edu/FLORIDA/lessons/tarpon/tarpon.htm","/wiki/Tarpon_Springs,_Florida","http://news.bbc.co.uk/2/hi/science/nature/7720836.stm","http://www.porifera.org/a/cif1.htm","http://www.qm.qld.gov.au/organisation/sections/SessileMarineInvertebrates/index.asp","http://www.qm.qld.gov.au/organisation/sections/SessileMarineInvertebrates/spong.pdf","http://www.habitas.org.uk/marinelife/sponge_guide/","http://www.marinespecies.org/porifera/","/wiki/Template:Animalia","/wiki/Template_talk:Animalia","//en.wikipedia.org/w/index.php?title=Template:Animalia&action=edit","/wiki/Phylum","/wiki/Animal","/wiki/Subkingdom","/wiki/Parazoa","/wiki/Calcareous_sponge","/wiki/Demosponge","/wiki/Hexactinellid","/wiki/Placozoa","/wiki/Trichoplax","/wiki/Mesozoa","/wiki/Orthonectida","/wiki/Dicyemida","/wiki/Monoblastozoa","/wiki/Eumetazoa","/wiki/Radiata","/wiki/Ctenophora_(phylum)","/wiki/Cnidaria","/wiki/Anthozoa","/wiki/Hydrozoa","/wiki/Scyphozoa","/wiki/Box_jellyfish","/wiki/Stauromedusae","/wiki/Myxozoa","/wiki/Polypodiozoa","/wiki/Bilateria","/wiki/Protostome","/wiki/Ecdysozoa","/wiki/Cycloneuralia","/wiki/Scalidophora","/wiki/Kinorhyncha","/wiki/Loricifera","/wiki/Priapulida","/wiki/Nematoida","/wiki/Nematode","/wiki/Nematomorpha","/wiki/Panarthropoda","/wiki/Onychophora","/wiki/Tardigrade","/wiki/Arthropod","/wiki/Lobopodia","/wiki/Lophotrochozoa","/wiki/Spiralia","/wiki/Platyzoa","/wiki/Flatworm","/wiki/Gastrotrich","/wiki/Gnathifera_(phylum)","/wiki/Rotifer","/wiki/Acanthocephala","/wiki/Gnathostomulid","/wiki/Limnognathia","/wiki/Symbion","/wiki/Trochozoa","/wiki/Sipuncula","/wiki/Nemertea","/wiki/Mollusca","/wiki/Annelid","/wiki/Lophophorata","/wiki/Phoronid","/wiki/Brachiopod","/wiki/Bryozoa","/wiki/Entoprocta","/wiki/Deuterostome","/wiki/Ambulacraria","/wiki/Xenacoelomorpha","/wiki/Acoelomorpha","/wiki/Acoela","/wiki/Nemertodermatida","/wiki/Xenoturbella","/wiki/Echinoderm","/wiki/Hemichordata","/wiki/Chordate","/wiki/Craniata","/wiki/Vertebrate","/wiki/Hagfish","/wiki/Cephalochordata","/wiki/Tunicate","/wiki/Chaetognatha","http://en.wikipedia.org/w/index.php?title=Sponge&oldid=546882703","/wiki/Help:Categories","/wiki/Category:Poriferans","/wiki/Category:Articles_with_inconsistent_citation_formats","/wiki/Category:Wikipedia_pages_semi-protected_against_vandalism","/wiki/Category:Wikipedia_protected_pages_without_expiry","/wiki/Category:Good_articles","/wiki/Category:Articles_with_%27species%27_microformats","/wiki/Category:Refs_for_Citation_Bot","/w/index.php?title=Special:UserLogin&returnto=Sponge&type=signup","/w/index.php?title=Special:UserLogin&returnto=Sponge","/wiki/Sponge","/wiki/Talk:Sponge","#","/wiki/Sponge","/w/index.php?title=Sponge&action=edit","/w/index.php?title=Sponge&action=history","#","/w/index.php","//bits.wikimedia.org/static-1.21wmf11/skins/vector/images/search-ltr.png?303-4","/wiki/Main_Page","/wiki/Main_Page","/wiki/Portal:Contents","/wiki/Portal:Featured_content","/wiki/Portal:Current_events","/wiki/Special:Random","//donate.wikimedia.org/wiki/Special:FundraiserRedirector?utm_source=donate&utm_medium=sidebar&utm_campaign=C13_en.wikipedia.org&uselang=en","/wiki/Help:Contents","/wiki/Wikipedia:About","/wiki/Wikipedia:Community_portal","/wiki/Special:RecentChanges","/wiki/Wikipedia:Contact_us","/wiki/Special:WhatLinksHere/Sponge","/wiki/Special:RecentChangesLinked/Sponge","/wiki/Wikipedia:File_Upload_Wizard","/wiki/Special:SpecialPages","/w/index.php?title=Sponge&oldid=546882703","/w/index.php?title=Sponge&action=info","/w/index.php?title=Special:Cite&page=Sponge&id=546882703","/w/index.php?title=Special:Book&bookcmd=book_creator&referer=Sponge","/w/index.php?title=Special:Book&bookcmd=render_article&arttitle=Sponge&oldid=546882703&writer=rl","/w/index.php?title=Sponge&printable=yes","//ar.wikipedia.org/wiki/%D8%A5%D8%B3%D9%81%D9%86%D8%AC%D9%8A%D8%A7%D8%AA","//az.wikipedia.org/wiki/S%C3%BCng%C9%99rl%C9%99r","//ba.wikipedia.org/wiki/%D0%91%D0%BE%D0%BB%D0%BE%D1%82%D1%82%D0%B0%D1%80","//be.wikipedia.org/wiki/%D0%93%D1%83%D0%B1%D0%BA%D1%96","//be-x-old.wikipedia.org/wiki/%D0%93%D1%83%D0%B1%D0%BA%D1%96","//bg.wikipedia.org/wiki/%D0%92%D0%BE%D0%B4%D0%BD%D0%B8_%D0%B3%D1%8A%D0%B1%D0%B8","//bs.wikipedia.org/wiki/Porifera_(spu%C5%BEve)","//br.wikipedia.org/wiki/Spoue","//ca.wikipedia.org/wiki/Por%C3%ADfer","//ceb.wikipedia.org/wiki/Banaog","//cs.wikipedia.org/wiki/Houbovci","//cy.wikipedia.org/wiki/Sbwng","//da.wikipedia.org/wiki/Svampedyr","//de.wikipedia.org/wiki/Schw%C3%A4mme","//nv.wikipedia.org/wiki/T%C3%A1%C5%82t%C5%82%CA%BC%C3%A1%C3%A1h_yilch%C3%A1azhii","//et.wikipedia.org/wiki/K%C3%A4snad","//el.wikipedia.org/wiki/%CE%A3%CF%80%CF%8C%CE%B3%CE%B3%CE%BF%CF%82","//es.wikipedia.org/wiki/Porifera","//eo.wikipedia.org/wiki/Spongulo","//eu.wikipedia.org/wiki/Belaki","//fa.wikipedia.org/wiki/%D8%A7%D8%B3%D9%81%D9%86%D8%AC_%D8%AF%D8%B1%DB%8C%D8%A7%DB%8C%DB%8C","//fr.wikipedia.org/wiki/Porifera","//gv.wikipedia.org/wiki/Porifera","//gl.wikipedia.org/wiki/Por%C3%ADferos","//ko.wikipedia.org/wiki/%ED%95%B4%EB%A9%B4%EB%8F%99%EB%AC%BC","//hi.wikipedia.org/wiki/%E0%A4%B8%E0%A5%8D%E0%A4%AA%E0%A4%82%E0%A4%9C","//hr.wikipedia.org/wiki/Spu%C5%BEve","//io.wikipedia.org/wiki/Sponjo","//id.wikipedia.org/wiki/Porifera","//is.wikipedia.org/wiki/Svampd%C3%BDr","//it.wikipedia.org/wiki/Porifera","//he.wikipedia.org/wiki/%D7%A1%D7%A4%D7%95%D7%92%D7%99%D7%99%D7%9D","//jv.wikipedia.org/wiki/Porifera","//kk.wikipedia.org/wiki/%D0%93%D1%83%D0%B1%D0%BA%D0%B0%D0%BB%D0%B0%D1%80","//ku.wikipedia.org/wiki/Parazoa","//la.wikipedia.org/wiki/Porifera","//lv.wikipedia.org/wiki/S%C5%ABk%C4%BCi","//lb.wikipedia.org/wiki/Schw%C3%A4mm_(D%C3%A9ieren)","//lt.wikipedia.org/wiki/Pintys","//li.wikipedia.org/wiki/Spoonze","//hu.wikipedia.org/wiki/Szivacsok","//mk.wikipedia.org/wiki/%D0%A1%D1%83%D0%BD%D1%93%D0%B5%D1%80%D0%B8","//my.wikipedia.org/wiki/%E1%80%85%E1%80%95%E1%80%94%E1%80%BA%E1%80%B8%E1%80%9B%E1%80%B1%E1%80%99%E1%80%BC%E1%80%BE%E1%80%AF%E1%80%95%E1%80%BA","//nl.wikipedia.org/wiki/Sponsdieren","//ja.wikipedia.org/wiki/%E6%B5%B7%E7%B6%BF%E5%8B%95%E7%89%A9","//frr.wikipedia.org/wiki/Swaampen_(weederdiarten)","//no.wikipedia.org/wiki/Svamper","//nn.wikipedia.org/wiki/Svampar","//oc.wikipedia.org/wiki/Porifera","//pl.wikipedia.org/wiki/G%C4%85bki","//pt.wikipedia.org/wiki/Porifera","//ro.wikipedia.org/wiki/Spongieri","//qu.wikipedia.org/wiki/Puqyala","//ru.wikipedia.org/wiki/%D0%93%D1%83%D0%B1%D0%BA%D0%B8","//sq.wikipedia.org/wiki/Sfungjeri","//simple.wikipedia.org/wiki/Sponge","//sk.wikipedia.org/wiki/Hubky","//sl.wikipedia.org/wiki/Spu%C5%BEve","//sr.wikipedia.org/wiki/%D0%A1%D1%83%D0%BD%D1%92%D0%B5%D1%80%D0%B8","//sh.wikipedia.org/wiki/Spu%C5%BEve","//fi.wikipedia.org/wiki/Sieniel%C3%A4imet","//sv.wikipedia.org/wiki/Svampdjur","//ta.wikipedia.org/wiki/%E0%AE%AA%E0%AE%9E%E0%AF%8D%E0%AE%9A%E0%AF%81%E0%AE%AF%E0%AE%BF%E0%AE%B0%E0%AE%BF","//te.wikipedia.org/wiki/%E0%B0%B8%E0%B1%8D%E0%B0%AA%E0%B0%82%E0%B0%9C%E0%B0%BF%E0%B0%95","//th.wikipedia.org/wiki/%E0%B8%9F%E0%B8%AD%E0%B8%87%E0%B8%99%E0%B9%89%E0%B8%B3","//tr.wikipedia.org/wiki/S%C3%BCngerler","//uk.wikipedia.org/wiki/%D0%93%D1%83%D0%B1%D0%BA%D0%B8","//ur.wikipedia.org/wiki/%D9%81%D8%A7%DB%8C%D9%84%D9%85_%D9%BE%D9%88%D8%B1%DB%8C%D9%81%DB%8C%D8%B1%D8%A7","//vi.wikipedia.org/wiki/%C4%90%E1%BB%99ng_v%E1%BA%ADt_th%C3%A2n_l%E1%BB%97","//war.wikipedia.org/wiki/Porifera","//zh.wikipedia.org/wiki/%E5%A4%9A%E5%AD%94%E5%8A%A8%E7%89%A9%E9%97%A8","//www.wikidata.org/wiki/Special:ItemByTitle/enwiki/Sponge","//en.wikipedia.org/wiki/Wikipedia:Text_of_Creative_Commons_Attribution-ShareAlike_3.0_Unported_License","//creativecommons.org/licenses/by-sa/3.0/","//wikimediafoundation.org/wiki/Terms_of_Use","//www.wikimediafoundation.org/","//en.wikipedia.org/wiki/Wikipedia:Contact_us","//wikimediafoundation.org/wiki/Privacy_policy","/wiki/Wikipedia:About","/wiki/Wikipedia:General_disclaimer","http://en.m.wikipedia.org/wiki/Sponge","//wikimediafoundation.org/","//bits.wikimedia.org/images/wikimedia-button.png","//www.mediawiki.org/","//bits.wikimedia.org/static-1.21wmf11/skins/common/images/poweredby_mediawiki_88x31.png","//bits.wikimedia.org/en.wikipedia.org/load.php?debug=false&lang=en&modules=skins.vector&only=scripts&skin=vector&*","/w/index.php?title=MediaWiki:Gadget-ReferenceTooltips.js&action=raw&ctype=text/javascript&508635914","//bits.wikimedia.org/en.wikipedia.org/load.php?debug=false&lang=en&modules=site&only=scripts&skin=vector&*"],"instances":["biology","biology","sponge","genus","biology","zoology","tool","biology","anatomy","biology","biology","biology"],"pdf":["http://www.mapress.com/zootaxa/2008/f/z01752p065f.pdf","http://www.bio.georgiasouthern.edu/Bio-home/Gleason/Ruzicka&Gleasonfulltext.pdf","http://webdoc.sub.gwdg.de/pub/geo/geobiologie/2005/reitner/2002-porifera.pdf","http://www.dartmouth.edu/~peterson/Sperling,%20Pisani%20and%20Peterson.pdf","http://www.dartmouth.edu/~peterson/Sperling,%20Pisani%20and%20Peterson.pdf","http://www.qm.qld.gov.au/organisation/sections/SessileMarineInvertebrates/spong.pdf"],"categories":["Poriferans|"],"headings":["Overview","Distinguishing features","Basic structure","Classes","Vital functions","Ecology","Evolutionary history","Taxonomy","Use","See also","References","Further reading","External links"],"image":["//upload.wikimedia.org/wikipedia/commons/thumb/f/fc/Padlock-silver.svg/20px-Padlock-silver.svg.png","//upload.wikimedia.org/wikipedia/en/thumb/9/94/Symbol_support_vote.svg/15px-Symbol_support_vote.svg.png","//upload.wikimedia.org/wikipedia/commons/thumb/2/20/Aplysina_archeri_%28Stove-pipe_Sponge-pink_variation%29.jpg/250px-Aplysina_archeri_%28Stove-pipe_Sponge-pink_variation%29.jpg","//upload.wikimedia.org/wikipedia/commons/7/74/Red_Pencil_Icon.png","//upload.wikimedia.org/wikipedia/commons/c/cc/Porifera_cell_types_01.png","//upload.wikimedia.org/wikipedia/commons/c/cc/Porifera_cell_types_01.png","//upload.wikimedia.org/wikipedia/commons/thumb/5/52/Euplectella_01.png/100px-Euplectella_01.png","//upload.wikimedia.org/wikipedia/commons/thumb/5/52/Euplectella_01.png/100px-Euplectella_01.png","//upload.wikimedia.org/wikipedia/commons/thumb/2/20/Porifera_body_structures_01.png/439px-Porifera_body_structures_01.png","//upload.wikimedia.org/wikipedia/commons/thumb/2/20/Porifera_body_structures_01.png/439px-Porifera_body_structures_01.png","//upload.wikimedia.org/wikipedia/commons/thumb/5/51/Sea_sponge.svg/350px-Sea_sponge.svg.png","//upload.wikimedia.org/wikipedia/commons/thumb/3/31/Porifera_calcifying_01.png/200px-Porifera_calcifying_01.png","//upload.wikimedia.org/wikipedia/commons/thumb/3/31/Porifera_calcifying_01.png/200px-Porifera_calcifying_01.png","//upload.wikimedia.org/wikipedia/commons/thumb/c/c9/Spongia_officinalis.jpg/200px-Spongia_officinalis.jpg","//bits.wikimedia.org/static-1.21wmf11/skins/common/images/magnify-clip.png","//upload.wikimedia.org/wikipedia/commons/thumb/4/45/Spongilla_lacustris.jpg/200px-Spongilla_lacustris.jpg","//bits.wikimedia.org/static-1.21wmf11/skins/common/images/magnify-clip.png","//upload.wikimedia.org/wikipedia/commons/thumb/c/c1/Euplectella_aspergillum.jpg/200px-Euplectella_aspergillum.jpg","//bits.wikimedia.org/static-1.21wmf11/skins/common/images/magnify-clip.png","//upload.wikimedia.org/wikipedia/commons/thumb/1/10/BoredEncrustedShell.JPG/220px-BoredEncrustedShell.JPG","//bits.wikimedia.org/static-1.21wmf11/skins/common/images/magnify-clip.png","//upload.wikimedia.org/wikipedia/commons/thumb/b/b5/Entobia_Modern.jpg/220px-Entobia_Modern.jpg","//bits.wikimedia.org/static-1.21wmf11/skins/common/images/magnify-clip.png","//upload.wikimedia.org/wikipedia/commons/thumb/1/18/Fossil_Sponge_Raphidonema.jpg/250px-Fossil_Sponge_Raphidonema.jpg","//upload.wikimedia.org/wikipedia/commons/thumb/1/18/Fossil_Sponge_Raphidonema.jpg/250px-Fossil_Sponge_Raphidonema.jpg","//upload.wikimedia.org/wikipedia/commons/thumb/3/37/Archaeocyatha.png/150px-Archaeocyatha.png","//upload.wikimedia.org/wikipedia/commons/thumb/3/37/Archaeocyatha.png/150px-Archaeocyatha.png","//upload.wikimedia.org/wikipedia/commons/thumb/8/86/Cronoflagelado2.jpg/150px-Cronoflagelado2.jpg","//bits.wikimedia.org/static-1.21wmf11/skins/common/images/magnify-clip.png","//upload.wikimedia.org/wikipedia/commons/thumb/2/21/Bathocyroe_fosteri.jpg/100px-Bathocyroe_fosteri.jpg","//bits.wikimedia.org/static-1.21wmf11/skins/common/images/magnify-clip.png","//upload.wikimedia.org/wikipedia/en/thumb/8/82/Halkieriid_sclerite_structure_300.png/200px-Halkieriid_sclerite_structure_300.png","//upload.wikimedia.org/wikipedia/en/thumb/8/82/Halkieriid_sclerite_structure_300.png/200px-Halkieriid_sclerite_structure_300.png","//upload.wikimedia.org/wikipedia/commons/thumb/5/5f/Biological_classification_L_Pengo.svg/100px-Biological_classification_L_Pengo.svg.png","//bits.wikimedia.org/static-1.21wmf11/skins/common/images/magnify-clip.png","//upload.wikimedia.org/wikipedia/commons/thumb/e/ee/Sponges.JPG/220px-Sponges.JPG","//bits.wikimedia.org/static-1.21wmf11/skins/common/images/magnify-clip.png","//upload.wikimedia.org/wikipedia/en/thumb/4/4a/Commons-logo.svg/30px-Commons-logo.svg.png","//upload.wikimedia.org/wikipedia/commons/thumb/d/df/Wikispecies-logo.svg/34px-Wikispecies-logo.svg.png","//upload.wikimedia.org/wikipedia/commons/thumb/d/df/Wikibooks-logo-en-noslogan.svg/40px-Wikibooks-logo-en-noslogan.svg.png","//bits.wikimedia.org/static-1.21wmf11/skins/vector/images/search-ltr.png?303-4","//bits.wikimedia.org/images/wikimedia-button.png","//bits.wikimedia.org/static-1.21wmf11/skins/common/images/poweredby_mediawiki_88x31.png"],"tags":[["cell","biology"],["sessility","zoology"],["sessility","zoology"],["class","biology"],["sessility","zoology"],["amoeba","genus"],["vesicle","biology"],["family","biology"],["matrix","biology"],["myocytes","sponge"],["class","biology"],["kingdom","biology"],["kingdom","biology"],["class","biology"],["tissue","biology"],["rostrum","anatomy"],["sponge","tool"]],"members":["kingdom","tissue","myocytes","amoeba","matrix","sessility","sponge","vesicle","rostrum","class","cell","family"],"related":["Aplysina_archeri","Robert_Edmund_Grant","Robert_Bentley_Todd","Calcarea","Hexactinellida","Demospongiae","Homoscleromorpha","Animal","Phylum","Mesohyl","Cell_(biology)","Nervous_system","Digestive_system","Circulatory_system","Osculum","Sessility_(zoology)","Bacteria","Photosynthesis","Endosymbiont","Carnivore","Crustacean","Sexual_reproduction","Sperm","Ovum","Larva","Gemmule","Endoskeleton","Biomineralization","Sponge_spicule","Spongin","Demosponge","Silica","Calcium_carbonate","Exoskeleton","Calcareous_sponge","Glass_sponge","Scaffolding","Archaeocyathid","Unicellular","Choanoflagellate","Monophyletic","Eumetazoa","Homoscleromorpha","Ctenophora","Phylum","Sessility_(zoology)","Metazoa","Choanocyte","Cnidaria","Ctenophore","Basal_lamina","Cnidarian","Ctenophore","Homoscleromorpha","Mesohyl","Collagen","Choanocyte","Flagellum","Porocytes","Pinacocyte","Lophocyte","Amoeba","Collencyte","Rhabdiferous","Polysaccharide","Oocyte","Spermatocyte","Sclerocyte","Sponge_spicule","Skeleton","Demosponge","Spongocyte","Polymer","Spongin","Myocyte","Immune_system","Archaeocytes","Amoebocytes","Amoeba","Totipotent","Glass_sponge","Silica","Scaffolding","Spider_web","Syncytium","Cell_membrane","Cell_nucleus","Cytoplasm","Organelle","Cytoplasm","Sclerocyte","Chimney","Osculum","Pinacocyte","Choanocyte","Epithelia","Oxygen","Syconoid","Pleat","Glass_sponge","Osculum","Calcium_carbonate","Pinacocyte","Choanocyte","Archeocyte","Mesohyl","Calcium_carbonate","Skeleton","Biomineralization","Endoskeleton","Sponge_spicule","Spongin","Silica","Calcium_carbonate","Sclerocyte","Exoskeleton","Sclerosponge","Choanocyte","Pinacocyte","Homoscleromorpha","Demospongiae","Class_(biology)","Skeleton","Sponge_spicule","Spongin","Calcarea","Calcite","Glass_sponge","Syncytia","Silica","Demosponge","Aragonite","Homoscleromorpha","Sessility_(zoology)","Amoeba_(genus)","Pinacocyte","Osculum","Circulatory","Respiratory","Digestion","Excretory","Filter_feeding","Pinacocyte","Phagocytosis","Archaeocyte","Choanocyte","Vesicle_(biology)","Glass_sponge","Dynein","Microtubule","Syncytium","Diffusion","Carbon_dioxide","Ammonia","Crustacea","Family_(biology)","Cladorhizidae","Guitarridae","Esperiopsidae","Sponge_spicule","Mediterranean","Filter_feeding","Venom","Choanocyte","Genus","Green_algae","Endosymbiont","Archaeocyte","Photosynthesis","Cyanobacteria","Dinoflagellate","University_of_Stuttgart","Spicule","Silica","Mesohyl","Hydrothermal_vent","Methanotrophic","Immune_system","Medical_grafting","Asexual_reproduction","Budding","Gemmule","Pinacocyte","Choanocyte","Mesohyl","Collencyte","Mesohyl","Archeocyte","Spongocyte","Spongin","Spicule","Archeocyte","Salinity","Pinacocyte","Hermaphrodite","Gonad","Choanocyte","Mesohyl","Cyst","Archeocyte","Yolk","Osculum","Ameboid","Flagella","Cilia","Glass_sponge","Ovoid","Cilia","Syncitium","Choanosyncytia","Temperate","Tropics","Demosponge","Neuron","Nervous_tissue","Pinacocyte","Osculum","Siamese_twins","Neurotransmitter","Glass_sponge","Syncytium","Flagella","Myocyte","Gene","Synapse","Archaeocytes","Amoebocytes","Totipotent","Sclerocytes","Spongocytes","Collencytes","Matrix_(biology)","Asconoid","Syconoid","Leuconoid","Choanocyte","Digestive_system","Protist","Choanoflagellate","Microvillus","Flagellum","Collencytes","Collagen","Myocytes_(sponge)","Pinacocytes","Pinacoderm","Porocytes","Mesohyl","Sclerocytes","Calcareous","Spongocytes","Spongin","Collagen","Spicule","Calcium_carbonate","Silicon_dioxide","Antipredator_adaptation","Deep_ocean","Glass_sponge","California","Glass_sponge","Demosponge","Calcarea","Class_(biology)","Calcarea","Glass_sponge","Sediment","Demosponge","Photosynthesis","Endosymbiont","Oxygen","Great_Barrier_Reef","Mercenaria_mercenaria","North_Carolina","Spicule","Echinoderm","Bryozoa","Sea_squirt","Ageliferin","Caribbean","Glass_sponge","Neuroptera","Sisyridae","Ross_Piper","Greenwood_Publishing_Group","Polyp","Clionaidae","Mollusk","Aplysina_red_band_syndrome","Necrosis","Contagious_disease","Cyanobacterium","Seagrass","Starfish","Shrimp","Crustacea","Synalpheus_regalis","Loggerhead_sponge","Cretaceous","Archaeocyathid","Cholestane","Cholesterol","Demosponge","Eumetazoa","Cnidaria","Bilateria","Choanoflagellate","Biochemistry","Gene","Choanoflagellate","Cholestane","Marinoan_glaciation","Molecular_clock","Biomarker","Cambrian_explosion","Silica","Spicule","Fossil","Ediacaran","Doushantuo_Formation","Spicule","Pinacocyte","Porocyte","Archeocyte","Sclerocyte","Glass_sponge","Calcium_carbonate","Calcarea","Cambrian","Chengjiang_fauna","Eocene","Demosponges","Archaeocyathid","Fungi","Choanoflagellate","Metazoa","Glass_sponge","Demosponge","Calcarea","Eumetazoa","Ctenophora","Placozoa","Cnidaria","Calcarea","Plant","Fungi","Metazoa","Demosponge","Calcarea","Homoscleromorpha","Eumetazoa","Cnidaria","Metazoa","Homoscleromorpha","Monophyletic","Metazoa","Choanoflagellate","Choanocytes","Eumetazoa","Ribosome","DNA","Glass_sponge","Calcarea","Calcium_carbonate","Spicule","RNA","Homoscleromorpha","Cell_nucleus","DNA","Ctenophora","Homoscleromorpha","Chancelloriidae","Cambrian","Sperm","Collagen","Spongin","Ctenophora","Ctenophora","Placozoa","Cnidarian","Archaeocyathid","Cambrian","Cnidaria","Algae","Foraminifera","Phylum","Kingdom_(biology)","Halkieriid","Aragonite","Spongin","Collagen","Protein","Demosponge","Halkieriid","Bilaterian","Slug","Chain_mail","Dilemma","Linnaeus","Vermes","Algae","Parazoa","Eumetazoa","Kingdom_(biology)","Animalia","Paraphyly","Phylum","Class_(biology)","Skeleton","Hexactinellida","Spicule","Syncytia","Cell_membrane","Calcarea","Calcite","Calcium_carbonate","Demospongiae","Spongin","Aragonite","Archeocyatha","Cambrian","Sclerospongiae","Oxford_University_Press","Animals","Gastrulation","Gastrointestinal_tract","Nerve","Muscle","Tissue_(biology)","Choanocyte","Choanoflagellate","Parazoa","Paraphyletic","Tool","Bottlenose_dolphins","Shark_Bay","Rostrum_(anatomy)","Sea_floor","Marine_mammal","Sea_otter","National_Geographic_Society","Florida","Greece","Calcium_carbonate","Silica","Spicule","Genus","Ceramic_glaze","Contraceptive","Sponge_diving","Sponge_(tool)","Breast_implant","Contraceptive_sponge","Cellulose","Polyurethane","Silicone","Luffa","Gourd","Cucurbitaceae","Medicine","Symbiosis","Virus","Bacteria","Tumor","Oxylipin","Sponge_reef","Sponge_Reef_Project","Adobe_Flash","Tarpon_Springs,_Florida"]}