{"cursor":"20603","size":15,"audio":[],"currentlang":"en","article":"Hafiz}} {{Infobox writer |name='Hafez' |birth_date=1325/26 C.E.\n|death_date=1389/1390 C.E. |feast_day= |birth_place= Shiraz, Iran |death_place=\nShiraz, Iran |caption=An artistic depiction of Hafez |titles=Spiritual Poet,\nMystic |beatified_date= |beatified_place= |beatified_by= |canonized_date=\n|canonized_place= |canonized_by= |attributes= |patronage= |Tomb=Tomb of Hafez,\nShiraz, Iran |suppressed_date= |issues= |quote= |influences=Ibn Arabi, Khwaju,\nSanai, Quran, Anvari, Nizami, Sa'di, Khaqani, Attar |influenced= Subsequent\nPersian lyric poetry, Goethe, Maula Shah |tradition=Mystic poetry (Ghazal,\nIrfan) |major_works=Divan-e-Hafez }} 'KhÄwaja Shamsu DÄ«n Muhammad HÄfez-e\nShÄ«rÄzÄ«' (), known by his pen name 'HÄfez' (1325/26â1389/1390), http://www.-\nbritannica.com/EBchecked/topic/251392/Hafez was an Iranian poet. His\ncollected works composed of series of Persian literature (Diwan) are to be found\nin the homes of most people in Iran, Afghanistan and Tajikistan, as well as\nelsewhere in the world, who learn his poems by heart and use them as proverbs\nand sayings to this day. His life and poems have been the subject of much\nanalysis, commentary and interpretation, influencing post-fourteenth century\nPersian writing more than any other author. Yarshater. Accessed 25 July\n2010. [http://www.amaana.org/sultweb/msmhafiz.htm Hafiz and the Place\nof Iranian Culture in the World] by Aga Khan III, November 9, 1936 London.\n\nThemes of his ghazals are the beloved, faith, and exposing hypocrisy. His\ninfluence in the lives of Iranians can be found in \"Hafez readings\" (fÄl-e\nhÄfez, ), frequent use of his poems in Persian traditional music, visual art and\nPersian calligraphy. His tomb is visited often. Adaptations, imitations and\ntranslations of Hafez' poems exist in all major languages.\n","linknr":655,"url":"Hafez","recorded":1363396654,"links":["/w/index.php?title=Hafez&action=edit","/w/index.php?title=Hafez&action=edit","//en.wikipedia.org/apple-touch-icon.png","//bits.wikimedia.org/favicon/wikipedia.ico","/w/opensearch_desc.php","//en.wikipedia.org/w/api.php?action=rsd","//creativecommons.org/licenses/by-sa/3.0/","/w/index.php?title=Special:RecentChanges&feed=atom","//bits.wikimedia.org/en.wikipedia.org/load.php?debug=false&lang=en&modules=ext.gadget.DRN-wizard%2CReferenceTooltips%2Ccharinsert%2Cteahouse%7Cext.wikihiero%7Cmediawiki.legacy.commonPrint%2Cshared%7Cmw.PopUpMediaTransform%7Cskins.vector&only=styles&skin=vector&*","//bits.wikimedia.org/en.wikipedia.org/load.php?debug=false&lang=en&modules=site&only=styles&skin=vector&*","//bits.wikimedia.org/en.wikipedia.org/load.php?debug=false&lang=en&modules=startup&only=scripts&skin=vector&*","//bits.wikimedia.org/geoiplookup","//meta.wikimedia.org","#mw-head","#p-search","/wiki/Hafiz_(disambiguation)","/wiki/Shiraz","/wiki/Iran","/wiki/Shiraz","/wiki/Iran","/wiki/Ibn_Arabi","/wiki/Khwaju_Kermani","/wiki/Sanai","/wiki/Quran","/wiki/Anvari","/wiki/Nizami_Ganjavi","/wiki/Saadi_(poet)","/wiki/Khaqani","/wiki/Attar_of_Nishapur","/wiki/Johann_Wolfgang_von_Goethe","/wiki/Maula_Shah","/wiki/Persian_language","/wiki/Pen_name","#cite_note-1","/wiki/Iran","/wiki/Persian_literature","/wiki/Diwan_(poetry)","/wiki/Iran","/wiki/Afghanistan","/wiki/Tajikistan","#cite_note-2","#cite_note-3","/wiki/Ghazals","/wiki/Persian_language","/wiki/Persian_traditional_music","/wiki/Persian_calligraphy","/wiki/Tomb_of_Hafez","#Life","#Legends","#Works_and_influence","#Interpretation","#Hafez_in_Persian_music","#The_Tomb_of_Hafez","#See_also","#Notes","#Sources","#External_links","/w/index.php?title=Hafez&action=edit&section=1","/wiki/Shiraz","/wiki/Tazkira","#cite_note-4","#cite_note-Khorramshahi-5","#cite_note-Lewisohn.2C_p._69-6","#cite_note-7","/wiki/Jami","#cite_note-Khorramshahi-5","#cite_note-8","/wiki/Timur","/wiki/Muzaffarids_of_Iran","/wiki/Shah_Shuja_(Muzaffarid)","#cite_note-Gray-9","/wiki/Isfahan_(city)","/wiki/Yazd","#cite_note-Gray-9","/wiki/Tomb_of_Hafez","/wiki/Shiraz,_Iran","/w/index.php?title=Hafez&action=edit&section=2","/wiki/File:Thr_muze_art_islam_17.jpg","//upload.wikimedia.org/wikipedia/commons/thumb/b/bc/Thr_muze_art_islam_17.jpg/220px-Thr_muze_art_islam_17.jpg","/wiki/File:Thr_muze_art_islam_17.jpg","//bits.wikimedia.org/static-1.21wmf11/skins/common/images/magnify-clip.png","/wiki/Persian_miniature","/wiki/Ghazal","/wiki/Nastaliq","/wiki/National_Museum_of_Iran","/wiki/Tehran","/wiki/Persia","/wiki/Qur%27an","/wiki/Hafiz_(Qur%27an)","/wiki/Rumi","/wiki/Saadi_(poet)","/wiki/Attar_Neyshapuri","/wiki/Nizami_Ganjavi","/wiki/Hajji_Zayn_al-Attar","/wiki/Unrequited_love","/wiki/Dante","/wiki/Beatrice_Portinari","/wiki/Chilla-nashini","/wiki/Tamerlane","/wiki/Samarkand","/wiki/Tamerlane","/wiki/Bokhara","#cite_note-Gray-9","/w/index.php?title=Hafez&action=edit&section=3","#cite_note-Gray-9","#cite_note-Lewisohn.2C_p._69-6","/wiki/Thoreau","/wiki/Goethe","/wiki/Ralph_Waldo_Emerson","/wiki/Wikipedia:Citation_needed","/wiki/William_Jones_(philologist)","#cite_note-10","/wiki/Divination","/w/index.php?title=Mas%27ud_Farzad&action=edit&redlink=1","/w/index.php?title=Qasim_Ghani&action=edit&redlink=1","/wiki/Iran","#cite_note-11","/wiki/Iraj_Bashiri","/wiki/Iran","#cite_note-12","#cite_note-13","/w/index.php?title=Hafez&action=edit&section=4","/wiki/File:Mohammad_Shams_al-Din_Hafez.jpg","//upload.wikimedia.org/wikipedia/commons/thumb/7/71/Mohammad_Shams_al-Din_Hafez.jpg/220px-Mohammad_Shams_al-Din_Hafez.jpg","/wiki/File:Mohammad_Shams_al-Din_Hafez.jpg","//bits.wikimedia.org/static-1.21wmf11/skins/common/images/magnify-clip.png","#cite_note-14","/wiki/Petrarch","#cite_note-15","/wiki/Rumi","#cite_note-16","/wiki/File:Divan_von_Hafiz.jpg","//upload.wikimedia.org/wikipedia/commons/thumb/d/d4/Divan_von_Hafiz.jpg/220px-Divan_von_Hafiz.jpg","/wiki/File:Divan_von_Hafiz.jpg","//bits.wikimedia.org/static-1.21wmf11/skins/common/images/magnify-clip.png","/wiki/Persian_miniature","#cite_note-17","#cite_note-18","/wiki/Ubayd_Zakani","#cite_note-19","/wiki/%C4%AAh%C4%81m","#cite_note-20","/w/index.php?title=Hafez&action=edit&section=5","/wiki/Mohsen_Namjoo","/wiki/Hayedeh","/wiki/Mohammad-Reza_Shajarian","/wiki/Parviz_Meshkatian","/wiki/Karol_Szymanowski","/wiki/The_Love_Songs_of_Hafiz","/w/index.php?title=Hafez&action=edit&section=6","/wiki/Tomb_of_Hafez","/wiki/File:Hafez_880714_095.jpg","//upload.wikimedia.org/wikipedia/commons/thumb/0/0d/Hafez_880714_095.jpg/220px-Hafez_880714_095.jpg","/wiki/File:Hafez_880714_095.jpg","//bits.wikimedia.org/static-1.21wmf11/skins/common/images/magnify-clip.png","/wiki/Tomb_of_Hafez","/wiki/Shiraz","/wiki/Andr%C3%A9_Godard","/w/index.php?title=Hafez&action=edit&section=7","/wiki/File:Quill_and_ink.svg","//upload.wikimedia.org/wikipedia/commons/thumb/c/c4/Quill_and_ink.svg/28px-Quill_and_ink.svg.png","/wiki/Portal:Poetry","/wiki/List_of_Persian_poets_and_authors","/wiki/Persian_literature","/wiki/Persian_mysticism","/wiki/The_Love_Songs_of_Hafiz","/w/index.php?title=Hafez&action=edit&section=8","#cite_ref-1","http://www.britannica.com/EBchecked/topic/251392/Hafez","#cite_ref-2","#cite_ref-3","http://www.amaana.org/sultweb/msmhafiz.htm","/wiki/Aga_Khan_III","#cite_ref-4","#reflhp","#cite_ref-Khorramshahi_5-0","#cite_ref-Khorramshahi_5-1","#cite_ref-Lewisohn.2C_p._69_6-0","#cite_ref-Lewisohn.2C_p._69_6-1","#cite_ref-7","#cite_ref-8","#cite_ref-Gray_9-0","#cite_ref-Gray_9-1","#cite_ref-Gray_9-2","#cite_ref-Gray_9-3","#cite_ref-10","/wiki/Massoud_Khalili#September_9.2C_2001","#cite_ref-11","#cite_ref-12","http://www.mehrnews.com/en/NewsDetail.aspx?NewsID=393152","#cite_ref-13","http://www.marxists.org/archive/marx/works/1853/letters/53_06_06.htm","http://www.marxists.org/archive/marx/works/1853/letters/53_06_06.htm","#cite_ref-14","#cite_ref-15","#cite_ref-16","#cite_ref-17","#cite_ref-18","#cite_ref-19","#cite_ref-20","/w/index.php?title=Hafez&action=edit&section=9","//upload.wikimedia.org/wikipedia/commons/thumb/4/4c/Wikisource-logo.svg/38px-Wikisource-logo.svg.png","/wiki/Wikisource","//en.wikisource.org/wiki/Author:Hafez","/wiki/Peter_Avery","/wiki/Special:BookSources/1901383091","/wiki/Parviz_Natel-Khanlari","/wiki/Tehran","/wiki/Iran","/wiki/Persian_calendar","/wiki/Special:BookSources/070070406X","/wiki/Will_Durant","/wiki/Special:BookSources/1883991064","/wiki/Special:BookSources/9780061138836","/wiki/Special:BookSources/0936347805","http://www.iranicaonline.org/articles/hafez-ii","http://www.iranicaonline.org/articles/hafez-ii","http://www.iranicaonline.org/articles/hafez-i","http://www.iranicaonline.org/articles/hafez-i","/wiki/OCLC","http://www.worldcat.org/oclc/460598","/wiki/Special:BookSources/9027701431","/w/index.php?title=Hafez&action=edit&section=10","//upload.wikimedia.org/wikipedia/en/thumb/4/4a/Commons-logo.svg/30px-Commons-logo.svg.png","//commons.wikimedia.org/wiki/Category:Hafez","http://poemsintranslation.blogspot.com/search/label/Hafiz","http://www.blackcatpoems.com/h/hafez.html","http://www.hafezdivan.blogpars.com/","http://www.hafizonlove.com/","http://www.poetseers.org/the_poetseers/hafiz/h_p/","http://www.falehafez.com","http://www.hafez.mastaneh.ir","http://www.mshams.ir/wp-content/uploads/2010/08/divan.html","http://www.RadioHafez.com","http://www.angelfire.com/rnb/bashiri/Poets/Hafiz.html","/wiki/University_of_Minnesota","http://www.iranica.com/articles/v11f5/v11f5004.html","/wiki/Encyclop%C3%A6dia_Iranica","/wiki/Columbia_University","http://ifile.it/5pxha04","http://www.dailymotion.com/video/xfyfe7_ullmann-drunken-betrunken-from-the-songbook-of-hafis_creation","/wiki/Viktor_Ullmann","/wiki/ARBOS_-_Company_for_Music_and_Theatre","http://www.facebook.com/ThePoetHafez?sk=app_4949752878","http://www.photoparsi.com/5/491-hafez-tomb-in-2012-nowruz","http://vimeo.com/livingwisdomschool/hafiz-of-shiraz","http://maxpix.net/show.php?ID=567","http://www.youtube.com/watch?v=YFFMzoOUpsM&list=UUyFTtat1sU29873mm4IwIiw&index=2&feature=plcp","/wiki/Template:Persian_literature","/wiki/Template_talk:Persian_literature","//en.wikipedia.org/w/index.php?title=Template:Persian_literature&action=edit","/wiki/Persian_literature","/wiki/Old_Persian_language","/wiki/Behistun_Inscription","/wiki/Old_Persian_language","/wiki/Middle_Persian_literature","/wiki/Ayadgar-i_Zariran","/wiki/Adurbad-e_Mahrspandan","/wiki/Denkard","/wiki/Jamasp_Namag","/wiki/Book_of_Arda_Viraf","/wiki/Karnamak-i_Artaxshir-i_Papakan","/wiki/Ka%27ba-ye_Zartosht#Inscriptions","/wiki/Dana-i_Menog_Khrat","/wiki/Shabuhragan","/wiki/Shahrestanha-ye_Eranshahr","/wiki/Bundahishn","/wiki/Bundahishn","/wiki/Menog-i_Khrad","/wiki/Jamasp_Namag","/wiki/Pazand","/wiki/Dadestan-i_Denig","/w/index.php?title=Zadspram&action=edit&redlink=1","/w/index.php?title=Sudgar_Nask&action=edit&redlink=1","/w/index.php?title=Warshtmansr&action=edit&redlink=1","/w/index.php?title=Zand-i_Vohuman_Yasht&action=edit&redlink=1","/wiki/Drakht-i_Asurig","/wiki/Bahman_Yasht","/wiki/Shikand-gumanic_Vichar","/wiki/Rudaki","/wiki/Abu-Mansur_Daqiqi","/wiki/Ferdowsi","/wiki/Shahnameh","/wiki/Abu-Shakur_Balkhi","/wiki/Shahid_Balkhi","/wiki/Bal%27ami","/wiki/Rabia_Balkhi","/wiki/Abusaeid_Abolkheir","/wiki/Avicenna","/wiki/Unsuri","/wiki/Asjadi","/wiki/Kisai_Marvazi","/wiki/Ayyuqi","/wiki/Baba_Taher","/wiki/Nasir_Khusraw","/wiki/Al-Ghazali","/wiki/Khwaja_Abdullah_Ansari","/wiki/Asadi_Tusi","/wiki/Qatran_Tabrizi","/wiki/Nizam_al-Mulk","/wiki/Masud_Sa%27d_Salman","/w/index.php?title=Moezi_Neyshapuri&action=edit&redlink=1","/wiki/Omar_Khayy%C3%A1m","/wiki/Fakhruddin_As%27ad_Gurgani","/wiki/Ahmad_Ghazali","/wiki/Hujwiri","/wiki/Manuchehri","/wiki/Ayn-al-Quzat_Hamadani","/wiki/Uthman_Mukhtari","/wiki/Abu-al-Faraj_Runi","/wiki/Sanai","/wiki/Banu_Goshasp","/wiki/Borzu-Nama","/wiki/Afdal_al-Din_Kashani","/wiki/Abu%27l_Hasan_Mihyar_al-Daylami","/wiki/Mu%27izzi","/wiki/Mahsati","/wiki/Suzani_Samarqandi","/wiki/Hassan_Ghaznavi","/wiki/Faramarz_Nama","/wiki/Shahab_al-Din_Suhrawardi","/wiki/Adib_Sabir","/wiki/Am%27aq","/wiki/Najm_al-Din_Razi","/wiki/Farid_al-Din_Attar","/wiki/Circa","/wiki/Khaghani","/wiki/Anvari","/w/index.php?title=Faramarz-e_Khodadad&action=edit&redlink=1","/wiki/Nizami_Ganjavi","/wiki/Fakhr_al-Din_al-Razi","/wiki/Kamal_al-din_Esfahani","/wiki/Shams_Tabrizi","/wiki/Darab_Nama","/wiki/Awhadi_Maraghai","/wiki/Sultan_Walad","/wiki/Nas%C4%ABr_al-D%C4%ABn_al-T%C5%ABs%C4%AB","/wiki/Afdal_al-Din_Kashani","/wiki/Fakhr-al-Din_Iraqi","/wiki/Mahmud_Shabistari","/wiki/Safina%E2%80%93yi_Tabriz","/wiki/Amir_Khusro","/wiki/Saadi_(poet)","/wiki/Bostan_(book)","/wiki/Gulistan_of_Sa%27di","/wiki/Bahram-e-Pazhdo","/wiki/Zartosht_Bahram_e_Pazhdo","/wiki/Rumi","/wiki/Homam_Tabrizi","/wiki/Nozhat_al-Majales","/wiki/Khwaju_Kermani","/wiki/Sultan_Walad","/wiki/Shah_Nimatullah_Wali","/wiki/Abu_Ali_Qalandar","/wiki/Fazlallah_Astarabadi","/wiki/Nasimi","/w/index.php?title=Emad_al-Din_Faqih_Kermani&action=edit&redlink=1","/wiki/Ubayd_Zakani","/wiki/Hatefi_(poet)","/wiki/Jami","/wiki/Kamal_Khujandi","/w/index.php?title=Ahli_Shirzi&action=edit&redlink=1","/wiki/Fuz%C3%BBl%C3%AE","/wiki/Vahshi_Bafqi","/wiki/%27Orfi_Shirazi","/w/index.php?title=Taleb_Amoli&action=edit&redlink=1","/wiki/Saib_Tabrizi","/wiki/Kalim_Kashani","/wiki/Hazin_Lahiji","/wiki/Abdul-Q%C4%81dir_B%C4%93dil","/wiki/Abbas_Foroughi_Bastami","/wiki/Ali_Abdolrezaei","/wiki/Ahmadreza_Ahmadi","/wiki/Mehdi_Akhavan-Sales","/w/index.php?title=Hormoz_Alipour&action=edit&redlink=1","/wiki/Qeysar_Aminpour","/w/index.php?title=Mohammadreza_Aslani&action=edit&redlink=1","/wiki/Aref_Qazvini","/wiki/Manouchehr_Atashi","/wiki/Mahmoud_Mosharraf_Azad_Tehrani","/wiki/Mohammad-Taqi_Bahar","/wiki/Reza_Baraheni","/wiki/Simin_Behbahani","/wiki/Hushang_Ebtehaj","/w/index.php?title=Bijan_Elahi&action=edit&redlink=1","/w/index.php?title=Parviz_Eslampour&action=edit&redlink=1","/wiki/Parvin_E%27tesami","/wiki/Forough_Farrokhzad","/wiki/Hossein_Monzavi","/wiki/Hushang_Irani","/wiki/Iraj_Mirza","/wiki/Bijan_Jalali","/wiki/Siavash_Kasraie","/wiki/Esmail_Khoi","/wiki/Shams_Langeroodi","/wiki/Mohammad_Mokhtari_(writer)","/wiki/Samira_Nozari","/wiki/Nosrat_Rahmani","/wiki/Yadollah_Royaee","/wiki/Tahereh_Saffarzadeh","/wiki/Sohrab_Sepehri","/wiki/Mohammad-Reza_Shafiei_Kadkani","/wiki/Mohammad-Hossein_Shahriar","/wiki/Ahmad_Shamlou","/w/index.php?title=Manouchehr_Sheybani&action=edit&redlink=1","/wiki/Nima_Yooshij","/wiki/Nadia_Anjuman","/wiki/Wasef_Bakhtari","/wiki/Raziq_Faani","/wiki/Khalilullah_Khalili","/wiki/Youssof_Kohzad","/wiki/Massoud_Nawabi","/wiki/Abdul_Ali_Mustaghni","/wiki/Sadriddin_Ayni","/wiki/Farzona","/wiki/Iskandar_Khatloni","/wiki/Abolqasem_Lahouti","/wiki/Gulrukhsor_Safieva","/wiki/Loiq_Sher-Ali","/wiki/Payrav_Sulaymoni","/wiki/Mirzo_Tursunzoda","/wiki/Asad_Gulzoda","/wiki/Muhammad_Iqbal","/wiki/Ali_Mohammad_Afghani","/wiki/Ghazaleh_Alizadeh","/wiki/Bozorg_Alavi","/wiki/Reza_Amirkhani","/wiki/Mahshid_Amirshahi","/wiki/Reza_Baraheni","/wiki/Simin_Daneshvar","/wiki/Mahmoud_Dowlatabadi","/wiki/Reza_Ghassemi","/wiki/Houshang_Golshiri","/w/index.php?title=Aboutorab_Khosravi&action=edit&redlink=1","/wiki/Ahmad_Mahmoud","/wiki/Shahriyar_Mandanipour","/wiki/Abbas_Maroufi","/wiki/Iraj_Pezeshkzad","/wiki/Jalal_Al-e-Ahmad","/wiki/Yousef_Alikhani","/w/index.php?title=Kourosh_Asadi&action=edit&redlink=1","/w/index.php?title=Shamim_Bahar&action=edit&redlink=1","/wiki/Sadeq_Chubak","/wiki/Simin_Daneshvar","/wiki/Nader_Ebrahimi","/w/index.php?title=Ali-Moraf_Fadaeenia&action=edit&redlink=1","/wiki/Ebrahim_Golestan","/wiki/Houshang_Golshiri","/wiki/Sadegh_Hedayat","/w/index.php?title=Bahram_Heydari&action=edit&redlink=1","/wiki/Mohammad-Ali_Jamalzadeh","/w/index.php?title=Aboutorab_Khosravi&action=edit&redlink=1","/wiki/Mostafa_Mastoor","/wiki/Jaafar_Modarres-Sadeghi","/wiki/Houshang_Moradi_Kermani","/wiki/Bijan_Najdi","/wiki/Shahrnush_Parsipur","/wiki/Gholam-Hossein_Sa%27edi","/w/index.php?title=Bahram_Sadeghi&action=edit&redlink=1","/wiki/Goli_Taraqqi","/wiki/Reza_Abdoh","/wiki/Mirza_Fatali_Akhundov","/w/index.php?title=Hamid_Amjad&action=edit&redlink=1","/wiki/Bahram_Bayzai","/w/index.php?title=Mohammad_Charmshir&action=edit&redlink=1","/wiki/Alireza_Koushk_Jalali","/w/index.php?title=Hadi_Marzban&action=edit&redlink=1","/wiki/Bijan_Mofid","/wiki/Hengameh_Mofid","/w/index.php?title=Abbas_Na%27lbandian&action=edit&redlink=1","/wiki/Akbar_Radi","/wiki/Pari_Saberi","/wiki/Mohammad_Yaghoubi","/w/index.php?title=Saeed_Aghighi&action=edit&redlink=1","/w/index.php?title=Mohammadreza_Aslani&action=edit&redlink=1","/wiki/Rakhshan_Bani-E%27temad","/wiki/Bahram_Bayzai","/wiki/Hajir_Darioush","/wiki/Pouran_Derakhshandeh","/wiki/Asghar_Farhadi","/wiki/Bahman_Farmanara","/wiki/Hamid_Farrokhnezhad","/wiki/Farrokh_Ghaffari","/wiki/Behrouz_Gharibpour","/wiki/Bahman_Ghobadi","/wiki/Fereydun_Gole","/wiki/Ebrahim_Golestan","/wiki/Ali_Hatami","/wiki/Hossein_Jafarian","/wiki/Abolfazl_Jalili","/wiki/Ebrahim_Hatamikia","/wiki/Abdolreza_Kahani","/wiki/Varuzh_Karim-Masihi","/wiki/Samuel_Khachikian","/wiki/Abbas_Kiarostami","/wiki/David_Mahmoudieh","/wiki/Majid_Majidi","/wiki/Mohsen_Makhmalbaf","/wiki/Dariush_Mehrjui","/wiki/Reza_Mirkarimi","/wiki/Hengameh_Mofid","/wiki/Rasoul_Mollagholipour","/wiki/Amir_Naderi","/wiki/Jafar_Panahi","/wiki/Kambuzia_Partovi","/wiki/Rasul_Sadr_Ameli","/wiki/Mohammad_Sadri","/wiki/Parviz_Shahbazi","/wiki/Sohrab_Shahid-Saless","/wiki/Ali-Akbar_Dehkhoda","/wiki/Iran","/wiki/Tajikistan","/wiki/Afghanistan","/wiki/Wikipedia:Persondata","/wiki/Shiraz","/wiki/Shiraz","http://en.wikipedia.org/w/index.php?title=Hafez&oldid=543986453","/wiki/Help:Categories","/wiki/Category:Persian_poets","/wiki/Category:Iranian_poets","/wiki/Category:Sufi_poets","/wiki/Category:Mystic_poets","/wiki/Category:Medieval_writers","/wiki/Category:People_from_Shiraz","/wiki/Category:14th-century_births","/wiki/Category:14th-century_deaths","/wiki/Category:Articles_containing_Persian_language_text","/wiki/Category:All_articles_with_unsourced_statements","/wiki/Category:Articles_with_unsourced_statements_from_December_2011","/wiki/Category:Persondata_templates_without_short_description_parameter","/w/index.php?title=Special:UserLogin&returnto=Hafez&type=signup","/w/index.php?title=Special:UserLogin&returnto=Hafez","/wiki/Hafez","/wiki/Talk:Hafez","#","/wiki/Hafez","/w/index.php?title=Hafez&action=edit","/w/index.php?title=Hafez&action=history","#","/w/index.php","//bits.wikimedia.org/static-1.21wmf11/skins/vector/images/search-ltr.png?303-4","/wiki/Main_Page","/wiki/Main_Page","/wiki/Portal:Contents","/wiki/Portal:Featured_content","/wiki/Portal:Current_events","/wiki/Special:Random","//donate.wikimedia.org/wiki/Special:FundraiserRedirector?utm_source=donate&utm_medium=sidebar&utm_campaign=C13_en.wikipedia.org&uselang=en","/wiki/Help:Contents","/wiki/Wikipedia:About","/wiki/Wikipedia:Community_portal","/wiki/Special:RecentChanges","/wiki/Wikipedia:Contact_us","/wiki/Special:WhatLinksHere/Hafez","/wiki/Special:RecentChangesLinked/Hafez","/wiki/Wikipedia:File_Upload_Wizard","/wiki/Special:SpecialPages","/w/index.php?title=Hafez&oldid=543986453","/w/index.php?title=Hafez&action=info","/w/index.php?title=Special:Cite&page=Hafez&id=543986453","/w/index.php?title=Special:Book&bookcmd=book_creator&referer=Hafez","/w/index.php?title=Special:Book&bookcmd=render_article&arttitle=Hafez&oldid=543986453&writer=rl","/w/index.php?title=Hafez&printable=yes","//als.wikipedia.org/wiki/Hafes","//ar.wikipedia.org/wiki/%D8%AD%D8%A7%D9%81%D8%B8_%D8%A7%D9%84%D8%B4%D9%8A%D8%B1%D8%A7%D8%B2%D9%8A","//an.wikipedia.org/wiki/Hafez","//az.wikipedia.org/wiki/Hafiz_%C5%9Eirazi","//bn.wikipedia.org/wiki/%E0%A6%B9%E0%A6%BE%E0%A6%AB%E0%A6%BF%E0%A6%9C","//ba.wikipedia.org/wiki/%D0%A5%D0%B0%D1%84%D0%B8%D0%B7_%D0%A8%D0%B8%D1%80%D0%B0%D0%B7%D0%B8","//be.wikipedia.org/wiki/%D0%A5%D0%B0%D1%84%D1%96%D0%B7_%D0%A8%D1%8B%D1%80%D0%B0%D0%B7%D1%96","//be-x-old.wikipedia.org/wiki/%D0%93%D0%B0%D1%84%D1%96%D0%B7","//bg.wikipedia.org/wiki/%D0%A5%D0%B0%D1%84%D0%B5%D0%B7","//bs.wikipedia.org/wiki/Hafiz_(pjesnik)","//br.wikipedia.org/wiki/Hafez","//ca.wikipedia.org/wiki/H%C3%A0fidh","//cs.wikipedia.org/wiki/Chv%C3%A1d%C5%BEe_%C5%A0amsudd%C3%ADn_Muhammad_H%C3%A1fiz","//cy.wikipedia.org/wiki/Hafez","//de.wikipedia.org/wiki/Hafis","//et.wikipedia.org/wiki/%E1%B8%A8%C4%81fez%CC%A7","//el.wikipedia.org/wiki/%CE%A7%CE%B1%CF%86%CE%AD%CE%B6","//es.wikipedia.org/wiki/Hafiz_Shirazi","//eo.wikipedia.org/wiki/Hafizo","//fa.wikipedia.org/wiki/%D8%AD%D8%A7%D9%81%D8%B8","//hif.wikipedia.org/wiki/Hafez","//fr.wikipedia.org/wiki/Hafez_(po%C3%A8te)","//gl.wikipedia.org/wiki/Hafez","//ko.wikipedia.org/wiki/%ED%95%98%ED%94%BC%EC%A6%88","//hy.wikipedia.org/wiki/%D5%80%D5%A1%D6%86%D5%A5%D5%A6","//hi.wikipedia.org/wiki/%E0%A4%B9%E0%A4%BE%E0%A4%AB%E0%A4%BC%E0%A4%BF%E0%A4%9C%E0%A4%BC","//hr.wikipedia.org/wiki/Hafiz","//ilo.wikipedia.org/wiki/Hafez","//id.wikipedia.org/wiki/Khojeh_Shamsuddin_Muhammad_Hafez_Shirazi","//os.wikipedia.org/wiki/%D0%A5%D0%B0%D1%84%D0%B8%D0%B7_%D0%A8%D0%B8%D1%80%D0%B0%D0%B7%D0%B8","//is.wikipedia.org/wiki/Hafez","//it.wikipedia.org/wiki/Hafez","//he.wikipedia.org/wiki/%D7%97%D7%90%D7%A4%D7%96","//ka.wikipedia.org/wiki/%E1%83%B0%E1%83%90%E1%83%A4%E1%83%94%E1%83%96%E1%83%98","//kk.wikipedia.org/wiki/%D0%A5%D0%B0%D1%84%D0%B8%D0%B7_%D0%A8%D0%B8%D1%80%D0%B0%D0%B7%D0%B8","//sw.wikipedia.org/wiki/Hafez","//la.wikipedia.org/wiki/Hafiz","//lv.wikipedia.org/wiki/H%C4%81fezs","//lt.wikipedia.org/wiki/Hafizas","//hu.wikipedia.org/wiki/H%C3%A1fiz","//ml.wikipedia.org/wiki/%E0%B4%B9%E0%B4%BE%E0%B4%AB%E0%B4%BF%E0%B4%B8%E0%B5%8D","//arz.wikipedia.org/wiki/%D8%AD%D8%A7%D9%81%D8%B8_%D8%A7%D9%84%D8%B4%D9%8A%D8%B1%D8%A7%D8%B2%D9%89","//ms.wikipedia.org/wiki/Khojeh_Shamsuddin_Muhammad_Hafez_Shirazi","//nl.wikipedia.org/wiki/Khwajeh_Shams_Al-din_Muhammad_Hafez-e_Shiraz","//ja.wikipedia.org/wiki/%E3%83%8F%E3%83%BC%E3%83%95%E3%82%A7%E3%82%BA","//no.wikipedia.org/wiki/Hafez","//nn.wikipedia.org/wiki/Hafez","//oc.wikipedia.org/wiki/Hafez","//mhr.wikipedia.org/wiki/%D0%A5%D0%B0%D1%84%D0%B8%D0%B7_%D0%A8%D0%B8%D1%80%D0%B0%D0%B7%D0%B8","//pa.wikipedia.org/wiki/%E0%A8%B9%E0%A8%BE%E0%A8%AB%E0%A8%BF%E0%A8%9C%E0%A8%BC_%E0%A8%B8%E0%A8%BC%E0%A8%BF%E0%A8%B0%E0%A8%BE%E0%A8%9C%E0%A8%BC%E0%A9%80","//pnb.wikipedia.org/wiki/%D8%AD%D8%A7%D9%81%D8%B8_%D8%B4%DB%8C%D8%B1%D8%A7%D8%B2%DB%8C","//pms.wikipedia.org/wiki/Hafez","//pl.wikipedia.org/wiki/Hafez","//pt.wikipedia.org/wiki/Hafez","//kaa.wikipedia.org/wiki/Xaf%C4%B1z_Sheraziy","//ro.wikipedia.org/wiki/Hafez","//rue.wikipedia.org/wiki/%D0%93%D0%B0%D1%84%D1%96%D0%B7","//ru.wikipedia.org/wiki/%D0%A5%D0%B0%D1%84%D0%B8%D0%B7_%D0%A8%D0%B8%D1%80%D0%B0%D0%B7%D0%B8","//sah.wikipedia.org/wiki/%D0%A5%D0%B0%D1%84%D0%B8%D0%B7","//simple.wikipedia.org/wiki/Hafez","//sl.wikipedia.org/wiki/Hafis","//ckb.wikipedia.org/wiki/%D8%AD%D8%A7%D9%81%D8%B2","//sr.wikipedia.org/wiki/%D0%9C%D1%83%D1%85%D0%B0%D0%BC%D0%B5%D0%B4_%D0%A8%D0%B5%D0%BC%D1%81%D1%83%D0%B4%D0%B8%D0%BD_%D0%A5%D0%B0%D1%84%D0%B8%D0%B7","//sh.wikipedia.org/wiki/Muhamed_%C5%A0emsudin_Hafiz","//fi.wikipedia.org/wiki/Muhammed_%C5%A0emseddin_Hafiz","//sv.wikipedia.org/wiki/Hafez","//ta.wikipedia.org/wiki/%E0%AE%B9%E0%AE%BE%E0%AE%83%E0%AE%AA%E0%AF%80%E0%AE%9A%E0%AF%81","//tg.wikipedia.org/wiki/%D2%B2%D0%BE%D1%84%D0%B8%D0%B7","//tr.wikipedia.org/wiki/H%C3%A2f%C4%B1z_(%C5%9Fair)","//uk.wikipedia.org/wiki/%D0%93%D0%B0%D1%84%D1%96%D0%B7","//ur.wikipedia.org/wiki/%D8%AD%D8%A7%D9%81%D8%B8_%D8%B4%DB%8C%D8%B1%D8%A7%D8%B2%DB%8C","//vi.wikipedia.org/wiki/Hafez","//fiu-vro.wikipedia.org/wiki/Hafez","//war.wikipedia.org/wiki/Hafez","//bat-smg.wikipedia.org/wiki/Haf%C4%97zos","//zh.wikipedia.org/wiki/%E5%93%88%E8%8F%B2%E5%85%B9_(%E8%AF%97%E4%BA%BA)","//www.wikidata.org/wiki/Special:ItemByTitle/enwiki/Hafez","//en.wikipedia.org/wiki/Wikipedia:Text_of_Creative_Commons_Attribution-ShareAlike_3.0_Unported_License","//creativecommons.org/licenses/by-sa/3.0/","//wikimediafoundation.org/wiki/Terms_of_Use","//www.wikimediafoundation.org/","//en.wikipedia.org/wiki/Wikipedia:Contact_us","//wikimediafoundation.org/wiki/Privacy_policy","/wiki/Wikipedia:About","/wiki/Wikipedia:General_disclaimer","http://en.m.wikipedia.org/wiki/Hafez","//wikimediafoundation.org/","//bits.wikimedia.org/images/wikimedia-button.png","//www.mediawiki.org/","//bits.wikimedia.org/static-1.21wmf11/skins/common/images/poweredby_mediawiki_88x31.png","//bits.wikimedia.org/en.wikipedia.org/load.php?debug=false&lang=en&modules=skins.vector&only=scripts&skin=vector&*","/w/index.php?title=MediaWiki:Gadget-ReferenceTooltips.js&action=raw&ctype=text/javascript&508635914","//bits.wikimedia.org/en.wikipedia.org/load.php?debug=false&lang=en&modules=site&only=scripts&skin=vector&*"],"instances":["city","poet","philologist","poetry","muzaffarid"],"pdf":[],"categories":["Persian poets","Iranian poets","Sufi poets","Mystic poets","Medieval writers","People from Shiraz","14th-century births","14th-century deaths"],"headings":["Life","Legends","Works and influence","Interpretation","Hafez in Persian music","The Tomb of Hafez","See also","Notes","Sources","External links"],"image":["//upload.wikimedia.org/wikipedia/commons/thumb/b/bc/Thr_muze_art_islam_17.jpg/220px-Thr_muze_art_islam_17.jpg","//bits.wikimedia.org/static-1.21wmf11/skins/common/images/magnify-clip.png","//upload.wikimedia.org/wikipedia/commons/thumb/7/71/Mohammad_Shams_al-Din_Hafez.jpg/220px-Mohammad_Shams_al-Din_Hafez.jpg","//bits.wikimedia.org/static-1.21wmf11/skins/common/images/magnify-clip.png","//upload.wikimedia.org/wikipedia/commons/thumb/d/d4/Divan_von_Hafiz.jpg/220px-Divan_von_Hafiz.jpg","//bits.wikimedia.org/static-1.21wmf11/skins/common/images/magnify-clip.png","//upload.wikimedia.org/wikipedia/commons/thumb/0/0d/Hafez_880714_095.jpg/220px-Hafez_880714_095.jpg","//bits.wikimedia.org/static-1.21wmf11/skins/common/images/magnify-clip.png","//upload.wikimedia.org/wikipedia/commons/thumb/c/c4/Quill_and_ink.svg/28px-Quill_and_ink.svg.png","//upload.wikimedia.org/wikipedia/commons/thumb/4/4c/Wikisource-logo.svg/38px-Wikisource-logo.svg.png","//upload.wikimedia.org/wikipedia/en/thumb/4/4a/Commons-logo.svg/30px-Commons-logo.svg.png","//bits.wikimedia.org/static-1.21wmf11/skins/vector/images/search-ltr.png?303-4","//bits.wikimedia.org/images/wikimedia-button.png","//bits.wikimedia.org/static-1.21wmf11/skins/common/images/poweredby_mediawiki_88x31.png"],"tags":[["saadi","poet"],["diwan","poetry"],["shah_shuja","muzaffarid"],["isfahan","city"],["hafiz","qur'an"],["saadi","poet"],["william_jones","philologist"]],"members":["hafiz","isfahan","saadi","william_jones","diwan","shah_shuja"],"related":["Shiraz","Iran","Shiraz","Iran","Tomb_of_Hafez","Shiraz","Iran","Ibn_Arabi","Khwaju_Kermani","Sanai","Quran","Anvari","Nizami_Ganjavi","Saadi_(poet)","Khaqani","Attar_of_Nishapur","Johann_Wolfgang_von_Goethe","Maula_Shah","Mysticism","Poetry","Ghazal","Irfan","Pen_name","Iran","Persian_literature","Diwan_(poetry)","Iran","Afghanistan","Tajikistan","Aga_Khan_III","Ghazals","Persian_traditional_music","Persian_calligraphy","Tomb_of_Hafez","Shiraz","Jami","Timur","Muzaffarids_of_Iran","Shah_Shuja_(Muzaffarid)","Isfahan_(city)","Yazd","Tomb_of_Hafez","Shiraz,_Iran","Ghazal","Nastaliq","National_Museum_of_Iran","Tehran","Persia","Qur'an","Hafiz_(Qur'an)","Rumi","Saadi_(poet)","Attar_Neyshapuri","Nizami_Ganjavi","Hajji_Zayn_al-Attar","Unrequited_love","Dante","Beatrice_Portinari","Tamerlane","Samarkand","Tamerlane","Bokhara","Thoreau","Goethe","Ralph_Waldo_Emerson","William_Jones_(philologist)","Divination","Mas'ud_Farzad","Qasim_Ghani","Iran","Iraj_Bashiri","Iran","Petrarch","Rumi","Ubayd_Zakani","Mohsen_Namjoo","Hayedeh","Mohammad-Reza_Shajarian","Parviz_Meshkatian","Karol_Szymanowski","The_Love_Songs_of_Hafiz","Shiraz","André_Godard","List_of_Persian_poets_and_authors","Persian_literature","Persian_mysticism","Weimar","Peter_Avery","Parviz_Natel-Khanlari","Tehran","Iran","Persian_calendar","Will_Durant","University_of_Minnesota","Columbia_University","Viktor_Ullmann","ARBOS_-_Company_for_Music_and_Theatre","Shiraz","Shiraz"]}