{"cursor":"17303","size":15,"audio":[],"currentlang":"en","article":"\n{{Taxobox |image = Barbarea vulgaris1.jpg |image_caption = Winter Cress\n(Barbarea vulgaris) |regnum = Plantae |unranked_divisio = Angiosperms\n|unranked_classis = Eudicots |unranked_ordo = Rosids\n| ordo = Brassicales\n|familia = 'Brassicaceae' |familia_authority = Juss. |subdivision_ranks = Genera\n|subdivision = See text. }} 'Brassicaceae', a medium-sized and economically\nimportant family of flowering plants (Angiosperms), are informally known as the\nmustards, mustard flowers, the 'crucifers' or the 'cabbage family'.\n\nThe name Brassicaceae is derived from the included genus [[Brassica]].\n'Cruciferae', an older name, meaning \"cross-bearing\", describes the four petals\nof mustard flowers, which are reminiscent of a cross; it is one of eight plant\nfamily names without the suffix -aceae that are authorized alternative names\n(according to ICBN Art. 18.5 and 18.6 (Vienna Code)), and thus both Cruciferae\nand Brassicaceae are used.\n\nThe family contains over 330 genera and about 3,700 species, according to the\nRoyal Botanic Gardens, Kew. The largest genera are [[Draba]] (365 species),\n[[Cardamine]] (200 species, but its definition is controversial), [[Erysimum]]\n(225 species), [[Lepidium]] (230 species), and [[Alyssum]] (195 species).\n\nThe family contains well-known species such as [[Brassica oleracea]] (broccoli,\ncabbage, cauliflower, etc.), [[Brassica rapa]] (turnip, Chinese cabbage, etc.),\n[[Brassica napus]] (rapeseed, etc.), [[Raphanus sativus]] (common radish),\n[[Armoracia rusticana]] (horseradish), [[Matthiola]] (stock), [[Arabidopsis\nthaliana]] (model organism) and many others.\n","linknr":640,"url":"Brassicaceae","recorded":1364213183,"links":["/w/index.php?title=Brassicaceae&action=edit","/w/index.php?title=Brassicaceae&action=edit","//en.wikipedia.org/apple-touch-icon.png","//bits.wikimedia.org/favicon/wikipedia.ico","/w/opensearch_desc.php","//en.wikipedia.org/w/api.php?action=rsd","//creativecommons.org/licenses/by-sa/3.0/","/w/index.php?title=Special:RecentChanges&feed=atom","//bits.wikimedia.org/en.wikipedia.org/load.php?debug=false&lang=en&modules=ext.gadget.DRN-wizard%2CReferenceTooltips%2Ccharinsert%2Cteahouse%7Cext.wikihiero%7Cmediawiki.legacy.commonPrint%2Cshared%7Cmw.PopUpMediaTransform%7Cskins.vector&only=styles&skin=vector&*","//bits.wikimedia.org/en.wikipedia.org/load.php?debug=false&lang=en&modules=site&only=styles&skin=vector&*","//bits.wikimedia.org/en.wikipedia.org/load.php?debug=false&lang=en&modules=startup&only=scripts&skin=vector&*","//bits.wikimedia.org/geoiplookup","//meta.wikimedia.org","#mw-head","#p-search","//upload.wikimedia.org/wikipedia/commons/thumb/a/a4/Text_document_with_red_question_mark.svg/40px-Text_document_with_red_question_mark.svg.png","/wiki/Wikipedia:Citing_sources","/wiki/Wikipedia:External_links","/wiki/Wikipedia:Citing_sources#Inline_citations","/wiki/Wikipedia:WikiProject_Fact_and_Reference_Check","/wiki/File:Barbarea_vulgaris1.jpg","//upload.wikimedia.org/wikipedia/commons/thumb/7/73/Barbarea_vulgaris1.jpg/220px-Barbarea_vulgaris1.jpg","/wiki/Winter_Cress","/wiki/Biological_classification","/wiki/Plantae","/wiki/Angiosperms","/wiki/Eudicots","/wiki/Rosids","/wiki/Brassicales","/wiki/Antoine_Laurent_de_Jussieu","/wiki/Genus","/wiki/Family_(biology)","/wiki/Angiosperms","/wiki/Genus","/wiki/Brassica","/wiki/Petal","/wiki/Cross","/wiki/ICBN","/wiki/Genus","/wiki/Species","/wiki/Royal_Botanic_Gardens,_Kew","/wiki/Draba","/wiki/Cardamine","/wiki/Erysimum","/wiki/Lepidium","/wiki/Alyssum","/wiki/Brassica_oleracea","/wiki/Brassica_rapa","/wiki/Brassica_napus","/wiki/Raphanus_sativus","/wiki/Armoracia_rusticana","/wiki/Matthiola","/wiki/Arabidopsis_thaliana","/wiki/Model_organism","#Distribution","#Taxonomy","#Description","#Uses","#Genera","#References","#External_links","/w/index.php?title=Brassicaceae&action=edit&section=1","/wiki/Cosmopolitan_distribution","/wiki/Temperate","/wiki/Mediterranean_area","/w/index.php?title=Brassicaceae&action=edit&section=2","/wiki/Order_(biology)","/wiki/APG_system","/wiki/Cronquist_system","/wiki/Capparales","/wiki/Caper","/wiki/Capparaceae","/wiki/Glucosinolate","/wiki/Paraphyletic","/wiki/Cleome","/wiki/APG_II","/wiki/Cleomaceae","/wiki/APG_III_system","/w/index.php?title=Brassicaceae&action=edit&section=3","/wiki/File:Purple_rock_cress.JPG","//upload.wikimedia.org/wikipedia/commons/thumb/e/eb/Purple_rock_cress.JPG/170px-Purple_rock_cress.JPG","/wiki/File:Purple_rock_cress.JPG","//bits.wikimedia.org/static-1.21wmf11/skins/common/images/magnify-clip.png","/wiki/Aubrieta_deltoidea","/wiki/Herbaceous","/wiki/Leaf","/wiki/Phyllotaxis","/wiki/Phyllotaxis","/wiki/Rosette_(botany)","/wiki/Stipule","/wiki/Flower","/wiki/Sepal","/wiki/Petal","/wiki/Floral_symmetry","/wiki/Floral_symmetry","/wiki/Stamen","/wiki/Pistil","/wiki/Carpel","/wiki/Inflorescence#Simple_inflorescences","/wiki/Pollination","/wiki/Entomogamy","/wiki/File:Cardamine.impatiens.pods.jpg","//upload.wikimedia.org/wikipedia/commons/thumb/a/a7/Cardamine.impatiens.pods.jpg/220px-Cardamine.impatiens.pods.jpg","/wiki/File:Cardamine.impatiens.pods.jpg","//bits.wikimedia.org/static-1.21wmf11/skins/common/images/magnify-clip.png","/wiki/Cardamine_impatiens","/wiki/Fruit","/wiki/Capsule_(fruit)","/wiki/Silique","/wiki/Seed","/wiki/Seed","/wiki/Loment","/wiki/Raphanus","/wiki/Cardamine","/wiki/Samara_(fruit)","/wiki/Isatis","/wiki/Mycorrhizae","/w/index.php?title=Brassicaceae&action=edit&section=4","/wiki/File:LunariaAnnua1.jpg","//upload.wikimedia.org/wikipedia/commons/thumb/8/83/LunariaAnnua1.jpg/170px-LunariaAnnua1.jpg","/wiki/File:LunariaAnnua1.jpg","//bits.wikimedia.org/static-1.21wmf11/skins/common/images/magnify-clip.png","/wiki/Lunaria_annua","/wiki/Cabbage","/wiki/Broccoli","/wiki/Cauliflower","/wiki/Turnip","/wiki/Rapeseed","/wiki/Mustard_plant","/wiki/Radish","/wiki/Horseradish","/wiki/Garden_cress","/wiki/Wasabi","/wiki/Watercress","/wiki/Cruciferous_vegetables","/wiki/Matthiola","/wiki/Cheiranthus","/wiki/Lobularia","/wiki/Iberis","/wiki/Lunaria","/wiki/Capsella_bursa-pastoris","/wiki/Lepidium","/wiki/Cardamine","/wiki/Isatis_tinctoria","/wiki/Indigo","/wiki/Arabidopsis_thaliana","/wiki/Model_organism","/wiki/Angiospermae","/w/index.php?title=Brassicaceae&action=edit&section=5","/wiki/Aethionema","/wiki/Agallis","/wiki/Alliaria","/w/index.php?title=Alyssoides&action=edit&redlink=1","/w/index.php?title=Alysopsis&action=edit&redlink=1","/wiki/Alyssum","/w/index.php?title=Ammosperma&action=edit&redlink=1","/wiki/Anastatica","/w/index.php?title=Anchonium&action=edit&redlink=1","/w/index.php?title=Andrzeiowskia&action=edit&redlink=1","/wiki/Anelsonia","/w/index.php?title=Aphragmus&action=edit&redlink=1","/w/index.php?title=Aplanodes&action=edit&redlink=1","/w/index.php?title=Arabidella&action=edit&redlink=1","/wiki/Arabidopsis","/wiki/Arabis","/w/index.php?title=Arcyosperma&action=edit&redlink=1","/wiki/Horseradish","/w/index.php?title=Aschersoniodoxa&action=edit&redlink=1","/w/index.php?title=Asperuginoides&action=edit&redlink=1","/w/index.php?title=Asta_(genus)&action=edit&redlink=1","/w/index.php?title=Atelanthera&action=edit&redlink=1","/wiki/Athysanus_(plant)","/wiki/Aubrieta","/wiki/Aurinia","/wiki/Ballantinia","/wiki/Barbarea","/w/index.php?title=Beringia_(plant)&action=edit&redlink=1","/w/index.php?title=Berteroa&action=edit&redlink=1","/w/index.php?title=Berteroella&action=edit&redlink=1","/wiki/Biscutella","/w/index.php?title=Bivonaea&action=edit&redlink=1","/w/index.php?title=Blennodia&action=edit&redlink=1","/wiki/Boechera","/w/index.php?title=Boleum&action=edit&redlink=1","/w/index.php?title=Boreava&action=edit&redlink=1","/w/index.php?title=Bornmuellera&action=edit&redlink=1","/w/index.php?title=Borodinia&action=edit&redlink=1","/w/index.php?title=Botscantzevia&action=edit&redlink=1","/w/index.php?title=Brachycarpaea&action=edit&redlink=1","/wiki/Brassica","/wiki/Braya","/w/index.php?title=Brayopsis&action=edit&redlink=1","/w/index.php?title=Brossardia&action=edit&redlink=1","/wiki/Bunias","/wiki/Cakile","/w/index.php?title=Calepina&action=edit&redlink=1","/w/index.php?title=Calymmatium&action=edit&redlink=1","/wiki/Camelina","/w/index.php?title=Camelinopsis&action=edit&redlink=1","/wiki/Capsella_(plant)","/wiki/Cardamine","/w/index.php?title=Cardaminopsis&action=edit&redlink=1","/wiki/Cardaria","/w/index.php?title=Carinavalva&action=edit&redlink=1","/w/index.php?title=Carrichtera&action=edit&redlink=1","/w/index.php?title=Catadysia&action=edit&redlink=1","/w/index.php?title=Catenulina&action=edit&redlink=1","/wiki/Caulanthus","/wiki/Caulostramina","/w/index.php?title=Ceratocnemum&action=edit&redlink=1","/w/index.php?title=Ceriosperma&action=edit&redlink=1","/w/index.php?title=Chalcanthus&action=edit&redlink=1","/w/index.php?title=Chamira&action=edit&redlink=1","/w/index.php?title=Chartoloma&action=edit&redlink=1","/wiki/Cheesemania","/wiki/Cheiranthus","/w/index.php?title=Chlorocrambe&action=edit&redlink=1","/w/index.php?title=Chorispora&action=edit&redlink=1","/w/index.php?title=Christolea&action=edit&redlink=1","/w/index.php?title=Chrysobraya&action=edit&redlink=1","/w/index.php?title=Chrysochamela&action=edit&redlink=1","/w/index.php?title=Cithareloma&action=edit&redlink=1","/w/index.php?title=Clastopus&action=edit&redlink=1","/w/index.php?title=Clausia&action=edit&redlink=1","/wiki/Clypeola_(plant)","/wiki/Cochlearia","/w/index.php?title=Coelonema&action=edit&redlink=1","/wiki/Coincya","/w/index.php?title=Coluteocarpus&action=edit&redlink=1","/wiki/Conringia","/w/index.php?title=Cordylocarpus&action=edit&redlink=1","/wiki/Coronopus","/wiki/Crambe","/w/index.php?title=Crambella&action=edit&redlink=1","/w/index.php?title=Cremolobus&action=edit&redlink=1","/w/index.php?title=Crucihimalaya&action=edit&redlink=1","/w/index.php?title=Cryptospora&action=edit&redlink=1","/w/index.php?title=Cuphonotus&action=edit&redlink=1","/wiki/Cusickiella","/w/index.php?title=Cycloptychis&action=edit&redlink=1","/w/index.php?title=Cymatocarpus&action=edit&redlink=1","/w/index.php?title=Cyphocardamum&action=edit&redlink=1","/w/index.php?title=Dactylocardamum&action=edit&redlink=1","/wiki/Degenia","/w/index.php?title=Delpinophytum&action=edit&redlink=1","/wiki/Descurainia","/w/index.php?title=Diceratella&action=edit&redlink=1","/w/index.php?title=Dichasianthus&action=edit&redlink=1","/w/index.php?title=Dictyophragmus&action=edit&redlink=1","/w/index.php?title=Didesmus&action=edit&redlink=1","/w/index.php?title=Didymophysa&action=edit&redlink=1","/w/index.php?title=Dielsiocharis&action=edit&redlink=1","/w/index.php?title=Dilophia&action=edit&redlink=1","/w/index.php?title=Dimorphocarpa&action=edit&redlink=1","/wiki/Diplotaxis_(plant)","/w/index.php?title=Dipoma&action=edit&redlink=1","/w/index.php?title=Diptychocarpus&action=edit&redlink=1","/wiki/Dithyrea","/w/index.php?title=Dolichirhynchus&action=edit&redlink=1","/w/index.php?title=Dontostemon&action=edit&redlink=1","/w/index.php?title=Douepea&action=edit&redlink=1","/wiki/Draba","/wiki/Drabastrum","/w/index.php?title=Drabopsis&action=edit&redlink=1","/w/index.php?title=Dryopetalon&action=edit&redlink=1","/w/index.php?title=Eigia&action=edit&redlink=1","/w/index.php?title=Elburzia&action=edit&redlink=1","/w/index.php?title=Enarthrocarpus&action=edit&redlink=1","/w/index.php?title=Englerocharis&action=edit&redlink=1","/w/index.php?title=Eremobium&action=edit&redlink=1","/w/index.php?title=Eremoblastus&action=edit&redlink=1","/w/index.php?title=Eremodraba&action=edit&redlink=1","/w/index.php?title=Eremophyton&action=edit&redlink=1","/w/index.php?title=Ermania&action=edit&redlink=1","/w/index.php?title=Ermaniopsis&action=edit&redlink=1","/w/index.php?title=Erophila&action=edit&redlink=1","/wiki/Eruca","/w/index.php?title=Erucaria&action=edit&redlink=1","/wiki/Erucastrum","/wiki/Erysimum","/wiki/Euclidium","/wiki/Eudema","/w/index.php?title=Eutrema&action=edit&redlink=1","/w/index.php?title=Euzomodendron&action=edit&redlink=1","/wiki/Farsetia","/w/index.php?title=Fezia&action=edit&redlink=1","/wiki/Fibigia","/w/index.php?title=Foleyola&action=edit&redlink=1","/w/index.php?title=Fortuynia&action=edit&redlink=1","/wiki/Galitzkya","/w/index.php?title=Geococcus&action=edit&redlink=1","/w/index.php?title=Glaribraya&action=edit&redlink=1","/w/index.php?title=Glastaria&action=edit&redlink=1","/wiki/Glaucocarpum","/w/index.php?title=Goldbachia&action=edit&redlink=1","/w/index.php?title=Gorodkovia&action=edit&redlink=1","/wiki/Graellsia_(Brassicaceae)","/w/index.php?title=Grammosperma&action=edit&redlink=1","/wiki/Guillenia","/w/index.php?title=Guiraoa&action=edit&redlink=1","/w/index.php?title=Gynophorea&action=edit&redlink=1","/wiki/Halimolobos","/w/index.php?title=Harmsiodoxa&action=edit&redlink=1","/w/index.php?title=Hedinia&action=edit&redlink=1","/w/index.php?title=Heldreichia&action=edit&redlink=1","/wiki/Heliophila","/wiki/Hemicrambe","/w/index.php?title=Hemilophia&action=edit&redlink=1","/wiki/Hesperis","/wiki/Heterodraba","/wiki/Hirschfeldia","/w/index.php?title=Hollermayera&action=edit&redlink=1","/w/index.php?title=Hormathophylla&action=edit&redlink=1","/wiki/Hornungia","/w/index.php?title=Hornwoodia&action=edit&redlink=1","/wiki/Hugueninia","/w/index.php?title=Hymenolobus&action=edit&redlink=1","/w/index.php?title=Ianhedgea&action=edit&redlink=1","/wiki/Iberis","/wiki/Idahoa","/w/index.php?title=Iodanthus&action=edit&redlink=1","/wiki/Ionopsidium","/w/index.php?title=Irenepharsus&action=edit&redlink=1","/wiki/Isatis","/w/index.php?title=Ischnocarpus&action=edit&redlink=1","/w/index.php?title=Iskandera&action=edit&redlink=1","/w/index.php?title=Iti&action=edit&redlink=1","/w/index.php?title=Ivania&action=edit&redlink=1","/w/index.php?title=Kernera&action=edit&redlink=1","/w/index.php?title=Kremeriella&action=edit&redlink=1","/wiki/Lachnocapsa","/w/index.php?title=Lachnoloma&action=edit&redlink=1","/w/index.php?title=Leavenworthia&action=edit&redlink=1","/wiki/Lepidium","/w/index.php?title=Lepidostemon&action=edit&redlink=1","/w/index.php?title=Leptaleum&action=edit&redlink=1","/wiki/Lesquerella","/w/index.php?title=Lignariella&action=edit&redlink=1","/w/index.php?title=Lithodraba&action=edit&redlink=1","/wiki/Lobularia","/w/index.php?title=Lonchophora&action=edit&redlink=1","/w/index.php?title=Loxostemon&action=edit&redlink=1","/wiki/Lunaria","/w/index.php?title=Lyocarpus&action=edit&redlink=1","/w/index.php?title=Lyrocarpa&action=edit&redlink=1","/w/index.php?title=Macropodium&action=edit&redlink=1","/wiki/Malcolmia","/w/index.php?title=Mancoa&action=edit&redlink=1","/wiki/Maresia","/w/index.php?title=Mathewsia&action=edit&redlink=1","/wiki/Matthiola","/w/index.php?title=Megacarpaea&action=edit&redlink=1","/w/index.php?title=Megadenia&action=edit&redlink=1","/w/index.php?title=Menkea&action=edit&redlink=1","/w/index.php?title=Menonvillea&action=edit&redlink=1","/w/index.php?title=Microlepidium&action=edit&redlink=1","/w/index.php?title=Microsysymbrium&action=edit&redlink=1","/w/index.php?title=Microstigma&action=edit&redlink=1","/w/index.php?title=Morettia&action=edit&redlink=1","/wiki/Moricandia","/w/index.php?title=Moriera&action=edit&redlink=1","/w/index.php?title=Morisia&action=edit&redlink=1","/w/index.php?title=Murbeckiella&action=edit&redlink=1","/w/index.php?title=Muricaria&action=edit&redlink=1","/w/index.php?title=Myagrum&action=edit&redlink=1","/w/index.php?title=Nasturtiopsis&action=edit&redlink=1","/wiki/Nasturtium_(scientific_name)","/w/index.php?title=Neomartinella&action=edit&redlink=1","/w/index.php?title=Neotchihatchewia&action=edit&redlink=1","/w/index.php?title=Neotorularia&action=edit&redlink=1","/w/index.php?title=Nerisyrenia&action=edit&redlink=1","/wiki/Neslia","/wiki/Nesocrambe","/w/index.php?title=Neuontobotrys&action=edit&redlink=1","/w/index.php?title=Notoceras&action=edit&redlink=1","/w/index.php?title=Notothlaspi&action=edit&redlink=1","/w/index.php?title=Ochthodium&action=edit&redlink=1","/w/index.php?title=Octoceras&action=edit&redlink=1","/w/index.php?title=Olimarabidopsis&action=edit&redlink=1","/w/index.php?title=Onuris_(plant)&action=edit&redlink=1","/w/index.php?title=Oreoloma&action=edit&redlink=1","/w/index.php?title=Oreophyton&action=edit&redlink=1","/w/index.php?title=Ornithocarpa&action=edit&redlink=1","/w/index.php?title=Orychophragmus&action=edit&redlink=1","/w/index.php?title=Otocarpus&action=edit&redlink=1","/w/index.php?title=Oudneya&action=edit&redlink=1","/wiki/Pachycladon","/wiki/Pachymitus","/w/index.php?title=Pachyphragma&action=edit&redlink=1","/w/index.php?title=Pachypterygium&action=edit&redlink=1","/w/index.php?title=Parlatoria&action=edit&redlink=1","/w/index.php?title=Parodiodoxa&action=edit&redlink=1","/w/index.php?title=Parolinia&action=edit&redlink=1","/w/index.php?title=Parrya&action=edit&redlink=1","/w/index.php?title=Parryodes&action=edit&redlink=1","/wiki/Paysonia","/w/index.php?title=Pegaeophyton&action=edit&redlink=1","/wiki/Peltaria","/w/index.php?title=Peltariopsis&action=edit&redlink=1","/w/index.php?title=Pennellia&action=edit&redlink=1","/w/index.php?title=Petiniotia&action=edit&redlink=1","/w/index.php?title=Petrocallis&action=edit&redlink=1","/w/index.php?title=Phaeonychium&action=edit&redlink=1","/wiki/Phlebolobium","/w/index.php?title=Phlegmatospermum&action=edit&redlink=1","/wiki/Phoenicaulis","/wiki/Physaria","/w/index.php?title=Physocardamum&action=edit&redlink=1","/w/index.php?title=Physoptychis&action=edit&redlink=1","/w/index.php?title=Physorrhynchus&action=edit&redlink=1","/w/index.php?title=Platycraspedum&action=edit&redlink=1","/wiki/Polyctenium","/w/index.php?title=Polypsecadium&action=edit&redlink=1","/wiki/Pringlea","/w/index.php?title=Prionotrichon&action=edit&redlink=1","/w/index.php?title=Pritzelago&action=edit&redlink=1","/w/index.php?title=Pseuderucaria&action=edit&redlink=1","/w/index.php?title=Pseudoarabidopsis&action=edit&redlink=1","/w/index.php?title=Pseudocamelina&action=edit&redlink=1","/w/index.php?title=Pseudoclausia&action=edit&redlink=1","/w/index.php?title=Pseudofortuynia&action=edit&redlink=1","/w/index.php?title=Pseudovesicaria&action=edit&redlink=1","/w/index.php?title=Psychine&action=edit&redlink=1","/w/index.php?title=Pterygiosperma&action=edit&redlink=1","/w/index.php?title=Pterygostemon&action=edit&redlink=1","/w/index.php?title=Pugionium&action=edit&redlink=1","/w/index.php?title=Pycnoplinthopsis&action=edit&redlink=1","/w/index.php?title=Pycnoplinthus&action=edit&redlink=1","/w/index.php?title=Pyramidium&action=edit&redlink=1","/w/index.php?title=Quezeliantha&action=edit&redlink=1","/w/index.php?title=Quidproquo_(genus)&action=edit&redlink=1","/w/index.php?title=Raffenaldia&action=edit&redlink=1","/w/index.php?title=Raphanorhyncha&action=edit&redlink=1","/wiki/Raphanus","/wiki/Rapistrum","/w/index.php?title=Reboudia&action=edit&redlink=1","/w/index.php?title=Redowskia&action=edit&redlink=1","/w/index.php?title=Rhizobotrya&action=edit&redlink=1","/w/index.php?title=Ricotia&action=edit&redlink=1","/w/index.php?title=Robeschia&action=edit&redlink=1","/w/index.php?title=Rollinsia&action=edit&redlink=1","/w/index.php?title=Romanschulzia&action=edit&redlink=1","/w/index.php?title=Roripella&action=edit&redlink=1","/wiki/Rorippa","/w/index.php?title=Rytidocarpus&action=edit&redlink=1","/w/index.php?title=Sameraria&action=edit&redlink=1","/w/index.php?title=Sarcodraba&action=edit&redlink=1","/w/index.php?title=Savignya&action=edit&redlink=1","/w/index.php?title=Scambopus&action=edit&redlink=1","/w/index.php?title=Schimpera&action=edit&redlink=1","/w/index.php?title=Schivereckia&action=edit&redlink=1","/wiki/Schizopetalon","/w/index.php?title=Schlechteria&action=edit&redlink=1","/w/index.php?title=Schoenocrambe&action=edit&redlink=1","/w/index.php?title=Schouwia&action=edit&redlink=1","/w/index.php?title=Scoliaxon&action=edit&redlink=1","/wiki/Selenia","/wiki/Sibara","/wiki/Sibaropsis","/w/index.php?title=Silicularia&action=edit&redlink=1","/w/index.php?title=Sinapidendron&action=edit&redlink=1","/wiki/Sinapis","/w/index.php?title=Sisymbrella&action=edit&redlink=1","/w/index.php?title=Sisymbriopsis&action=edit&redlink=1","/wiki/Sisymbrium","/w/index.php?title=Smelowskia&action=edit&redlink=1","/w/index.php?title=Sobolewslia&action=edit&redlink=1","/w/index.php?title=Sohms-Laubachia&action=edit&redlink=1","/w/index.php?title=Sophiopsis&action=edit&redlink=1","/w/index.php?title=Sphaerocardamum&action=edit&redlink=1","/w/index.php?title=Spirorhynchus&action=edit&redlink=1","/w/index.php?title=Spryginia&action=edit&redlink=1","/w/index.php?title=Staintoniella&action=edit&redlink=1","/w/index.php?title=Stanfordia&action=edit&redlink=1","/wiki/Stanleya_(plant)","/w/index.php?title=Stenopetalum&action=edit&redlink=1","/w/index.php?title=Sterigmostemum&action=edit&redlink=1","/w/index.php?title=Stevenia&action=edit&redlink=1","/w/index.php?title=Straussiella&action=edit&redlink=1","/wiki/Streptanthella","/wiki/Streptanthus","/w/index.php?title=Streptoloma&action=edit&redlink=1","/w/index.php?title=Stroganowia&action=edit&redlink=1","/w/index.php?title=Stubebdorffia&action=edit&redlink=1","/wiki/Subularia","/w/index.php?title=Succowia&action=edit&redlink=1","/w/index.php?title=Synstemon&action=edit&redlink=1","/w/index.php?title=Synthlipsis&action=edit&redlink=1","/w/index.php?title=Taphrospermum&action=edit&redlink=1","/wiki/Tauscheria","/w/index.php?title=Teesdalia&action=edit&redlink=1","/w/index.php?title=Teesdaliopsis&action=edit&redlink=1","/w/index.php?title=Tetracme_(plant)&action=edit&redlink=1","/wiki/Thellungiella","/w/index.php?title=Thelypodiopsis&action=edit&redlink=1","/wiki/Thelypodium","/w/index.php?title=Thlaspeocarpa&action=edit&redlink=1","/wiki/Thlaspi","/wiki/Thysanocarpus","/w/index.php?title=Trachystoma&action=edit&redlink=1","/w/index.php?title=Trichotolinum&action=edit&redlink=1","/w/index.php?title=Trochiscus&action=edit&redlink=1","/wiki/Tropidocarpum","/wiki/Turritis","/wiki/Vella_(plant)","/w/index.php?title=Warea_(genus)&action=edit&redlink=1","/w/index.php?title=Weberbauera&action=edit&redlink=1","/w/index.php?title=Werdermannia&action=edit&redlink=1","/w/index.php?title=Winklera&action=edit&redlink=1","/w/index.php?title=Xerodraba&action=edit&redlink=1","/w/index.php?title=Yinshania&action=edit&redlink=1","/wiki/Zerdana","/wiki/Zilla_(plant)","/w/index.php?title=Brassicaceae&action=edit&section=6","/wiki/American_Journal_of_Botany","/wiki/Digital_object_identifier","http://dx.doi.org/10.3732%2Fajb.89.11.1826","/wiki/PubMed_Identifier","//www.ncbi.nlm.nih.gov/pubmed/21665611","/wiki/International_Standard_Book_Number","/wiki/Special:BookSources/978-0-87893-407-2","http://www.mobot.org/MOBOT/research/APweb/","/w/index.php?title=Brassicaceae&action=edit&section=7","//upload.wikimedia.org/wikipedia/en/thumb/4/4a/Commons-logo.svg/30px-Commons-logo.svg.png","//commons.wikimedia.org/wiki/Category:Brassicaceae","//upload.wikimedia.org/wikipedia/commons/thumb/d/df/Wikispecies-logo.svg/34px-Wikispecies-logo.svg.png","/wiki/Wikispecies","//species.wikimedia.org/wiki/Special:Search/Brassicaceae","http://delta-intkey.com/angio/www/crucifer.htm","http://delta-intkey.com/angio/","http://delta-intkey.com","http://www.botany.hawaii.edu/faculty/carr/brassic.htm","http://www.flowersinisrael.com/FamBrassicaceae.html","http://en.wikipedia.org/w/index.php?title=Brassicaceae&oldid=542670949","/wiki/Help:Categories","/wiki/Category:Brassicales_families","/wiki/Category:Brassicaceae","/wiki/Category:Articles_lacking_in-text_citations_from_June_2011","/wiki/Category:All_articles_lacking_in-text_citations","/wiki/Category:Articles_with_%27species%27_microformats","/w/index.php?title=Special:UserLogin&returnto=Brassicaceae&type=signup","/w/index.php?title=Special:UserLogin&returnto=Brassicaceae","/wiki/Brassicaceae","/wiki/Talk:Brassicaceae","#","/wiki/Brassicaceae","/w/index.php?title=Brassicaceae&action=edit","/w/index.php?title=Brassicaceae&action=history","#","/w/index.php","//bits.wikimedia.org/static-1.21wmf11/skins/vector/images/search-ltr.png?303-4","/wiki/Main_Page","/wiki/Main_Page","/wiki/Portal:Contents","/wiki/Portal:Featured_content","/wiki/Portal:Current_events","/wiki/Special:Random","//donate.wikimedia.org/wiki/Special:FundraiserRedirector?utm_source=donate&utm_medium=sidebar&utm_campaign=C13_en.wikipedia.org&uselang=en","/wiki/Help:Contents","/wiki/Wikipedia:About","/wiki/Wikipedia:Community_portal","/wiki/Special:RecentChanges","/wiki/Wikipedia:Contact_us","/wiki/Special:WhatLinksHere/Brassicaceae","/wiki/Special:RecentChangesLinked/Brassicaceae","/wiki/Wikipedia:File_Upload_Wizard","/wiki/Special:SpecialPages","/w/index.php?title=Brassicaceae&oldid=542670949","/w/index.php?title=Brassicaceae&action=info","/w/index.php?title=Special:Cite&page=Brassicaceae&id=542670949","/w/index.php?title=Special:Book&bookcmd=book_creator&referer=Brassicaceae","/w/index.php?title=Special:Book&bookcmd=render_article&arttitle=Brassicaceae&oldid=542670949&writer=rl","/w/index.php?title=Brassicaceae&printable=yes","//ar.wikipedia.org/wiki/%D8%B5%D9%84%D9%8A%D8%A8%D9%8A%D8%A9","//az.wikipedia.org/wiki/K%C9%99l%C9%99m%C3%A7i%C3%A7%C9%99yikimil%C9%99r","//ba.wikipedia.org/wiki/%D0%9A%D3%99%D0%B1%D0%B5%D2%AB%D1%82%D3%99_%D2%BB%D1%8B%D0%BC%D0%B0%D2%A1%D1%82%D0%B0%D1%80","//be.wikipedia.org/wiki/%D0%9A%D0%B0%D0%BF%D1%83%D1%81%D1%82%D0%B0%D0%B2%D1%8B%D1%8F","//bg.wikipedia.org/wiki/%D0%9A%D1%80%D1%8A%D1%81%D1%82%D0%BE%D1%86%D0%B2%D0%B5%D1%82%D0%BD%D0%B8","//ca.wikipedia.org/wiki/Brassic%C3%A0cia","//cs.wikipedia.org/wiki/Brukvovit%C3%A9","//da.wikipedia.org/wiki/Korsblomst-familien","//de.wikipedia.org/wiki/Kreuzbl%C3%BCtler","//et.wikipedia.org/wiki/Rist%C3%B5ielised","//es.wikipedia.org/wiki/Brassicaceae","//eo.wikipedia.org/wiki/Kruciferacoj","//eu.wikipedia.org/wiki/Brassicaceae","//fa.wikipedia.org/wiki/%D8%B4%D8%A8%E2%80%8C%D8%A8%D9%88%DB%8C%D8%A7%D9%86","//fr.wikipedia.org/wiki/Brassicaceae","//ko.wikipedia.org/wiki/%EC%8B%AD%EC%9E%90%ED%99%94%EA%B3%BC","//hy.wikipedia.org/wiki/%D4%BD%D5%A1%D5%B9%D5%A1%D5%AE%D5%A1%D5%B2%D5%AF%D5%A1%D5%BE%D5%B8%D6%80%D5%B6%D5%A5%D6%80","//hi.wikipedia.org/wiki/%E0%A4%AC%E0%A5%8D%E0%A4%B0%E0%A5%88%E0%A4%B8%E0%A4%BF%E0%A4%95%E0%A5%87%E0%A4%B8%E0%A5%80","//hsb.wikipedia.org/wiki/K%C5%99i%C5%BEnokw%C4%9Btne_rostliny","//id.wikipedia.org/wiki/Brassicaceae","//is.wikipedia.org/wiki/Krossbl%C3%B3ma%C3%A6tt","//it.wikipedia.org/wiki/Brassicaceae","//he.wikipedia.org/wiki/%D7%9E%D7%A6%D7%9C%D7%99%D7%91%D7%99%D7%9D","//jv.wikipedia.org/wiki/Brassicaceae","//ka.wikipedia.org/wiki/%E1%83%AF%E1%83%95%E1%83%90%E1%83%A0%E1%83%9D%E1%83%A1%E1%83%9C%E1%83%94%E1%83%91%E1%83%98_(%E1%83%9D%E1%83%AF%E1%83%90%E1%83%AE%E1%83%98)","//ku.wikipedia.org/wiki/Fam%C3%AEleya_selket%C3%BBran","//la.wikipedia.org/wiki/Brassicaceae","//lv.wikipedia.org/wiki/Krustzie%C5%BEu_dzimta","//lt.wikipedia.org/wiki/Bastutiniai","//hu.wikipedia.org/wiki/K%C3%A1posztaf%C3%A9l%C3%A9k","//mk.wikipedia.org/wiki/%D0%97%D0%B5%D0%BB%D0%BA%D0%B8","//nl.wikipedia.org/wiki/Kruisbloemenfamilie","//ja.wikipedia.org/wiki/%E3%82%A2%E3%83%96%E3%83%A9%E3%83%8A%E7%A7%91","//no.wikipedia.org/wiki/Korsblomstfamilien","//nn.wikipedia.org/wiki/Krossblomfamilien","//pnb.wikipedia.org/wiki/%D8%B3%D8%B1%D9%88%DA%BA_%D8%AF%D8%A7_%D9%B9%D8%A8%D8%B1","//pl.wikipedia.org/wiki/Kapustowate","//pt.wikipedia.org/wiki/Brassicaceae","//ro.wikipedia.org/wiki/Brassicaceae","//qu.wikipedia.org/wiki/Chakana_tuktuyuq_rikch%27aq_ayllu","//ru.wikipedia.org/wiki/%D0%9A%D0%B0%D0%BF%D1%83%D1%81%D1%82%D0%BD%D1%8B%D0%B5","//simple.wikipedia.org/wiki/Brassicaceae","//fi.wikipedia.org/wiki/Ristikukkaiskasvit","//sv.wikipedia.org/wiki/Korsblommiga_v%C3%A4xter","//te.wikipedia.org/wiki/%E0%B0%AC%E0%B1%8D%E0%B0%B0%E0%B0%BE%E0%B0%B8%E0%B0%BF%E0%B0%95%E0%B1%87%E0%B0%B8%E0%B0%BF","//tr.wikipedia.org/wiki/Turpgiller","//uk.wikipedia.org/wiki/%D0%9A%D0%B0%D0%BF%D1%83%D1%81%D1%82%D1%8F%D0%BD%D1%96","//vi.wikipedia.org/wiki/H%E1%BB%8D_C%E1%BA%A3i","//wa.wikipedia.org/wiki/Cabutreces","//bat-smg.wikipedia.org/wiki/Kr%C4%AB%C5%BEma%C5%BE%C4%97id%C4%93_augal%C4%81","//zh.wikipedia.org/wiki/%E5%8D%81%E5%AD%97%E8%8A%B1%E7%A7%91","//www.wikidata.org/wiki/Special:ItemByTitle/enwiki/Brassicaceae","//en.wikipedia.org/wiki/Wikipedia:Text_of_Creative_Commons_Attribution-ShareAlike_3.0_Unported_License","//creativecommons.org/licenses/by-sa/3.0/","//wikimediafoundation.org/wiki/Terms_of_Use","//www.wikimediafoundation.org/","//en.wikipedia.org/wiki/Wikipedia:Contact_us","//wikimediafoundation.org/wiki/Privacy_policy","/wiki/Wikipedia:About","/wiki/Wikipedia:General_disclaimer","http://en.m.wikipedia.org/wiki/Brassicaceae","//wikimediafoundation.org/","//bits.wikimedia.org/images/wikimedia-button.png","//www.mediawiki.org/","//bits.wikimedia.org/static-1.21wmf11/skins/common/images/poweredby_mediawiki_88x31.png","//bits.wikimedia.org/en.wikipedia.org/load.php?debug=false&lang=en&modules=skins.vector&only=scripts&skin=vector&*","/w/index.php?title=MediaWiki:Gadget-ReferenceTooltips.js&action=raw&ctype=text/javascript&508635914","//bits.wikimedia.org/en.wikipedia.org/load.php?debug=false&lang=en&modules=site&only=scripts&skin=vector&*"],"instances":["fruit","botany","biology","fruit","biology"],"pdf":[],"categories":["Brassicales families","Brassicaceae|*"],"headings":["Distribution","Taxonomy","Description","Uses","Genera","References","External links"],"image":["//upload.wikimedia.org/wikipedia/commons/thumb/a/a4/Text_document_with_red_question_mark.svg/40px-Text_document_with_red_question_mark.svg.png","//upload.wikimedia.org/wikipedia/commons/thumb/7/73/Barbarea_vulgaris1.jpg/220px-Barbarea_vulgaris1.jpg","//upload.wikimedia.org/wikipedia/commons/thumb/e/eb/Purple_rock_cress.JPG/170px-Purple_rock_cress.JPG","//bits.wikimedia.org/static-1.21wmf11/skins/common/images/magnify-clip.png","//upload.wikimedia.org/wikipedia/commons/thumb/a/a7/Cardamine.impatiens.pods.jpg/220px-Cardamine.impatiens.pods.jpg","//bits.wikimedia.org/static-1.21wmf11/skins/common/images/magnify-clip.png","//upload.wikimedia.org/wikipedia/commons/thumb/8/83/LunariaAnnua1.jpg/170px-LunariaAnnua1.jpg","//bits.wikimedia.org/static-1.21wmf11/skins/common/images/magnify-clip.png","//upload.wikimedia.org/wikipedia/en/thumb/4/4a/Commons-logo.svg/30px-Commons-logo.svg.png","//upload.wikimedia.org/wikipedia/commons/thumb/d/df/Wikispecies-logo.svg/34px-Wikispecies-logo.svg.png","//bits.wikimedia.org/static-1.21wmf11/skins/vector/images/search-ltr.png?303-4","//bits.wikimedia.org/images/wikimedia-button.png","//bits.wikimedia.org/static-1.21wmf11/skins/common/images/poweredby_mediawiki_88x31.png"],"tags":[["family","biology"],["order","biology"],["rosette","botany"],["capsule","fruit"],["samara","fruit"]],"members":["capsule","rosette","order","samara","family"],"related":["Winter_Cress","Plantae","Angiosperms","Eudicots","Rosids","Brassicales","Antoine_Laurent_de_Jussieu","Genus","Family_(biology)","Angiosperms","Genus","Petal","Cross","ICBN","Genus","Species","Royal_Botanic_Gardens,_Kew","Model_organism","Cosmopolitan_distribution","Temperate","Mediterranean_area","Order_(biology)","APG_system","Cronquist_system","Capparales","Caper","Capparaceae","Glucosinolate","Paraphyletic","APG_II","Cleomaceae","APG_III_system","Herbaceous","Phyllotaxis","Phyllotaxis","Rosette_(botany)","Stipule","Sepal","Petal","Floral_symmetry","Floral_symmetry","Stamen","Pistil","Carpel","Pollination","Entomogamy","Capsule_(fruit)","Seed","Seed","Loment","Samara_(fruit)","Mycorrhizae","Cabbage","Broccoli","Cauliflower","Turnip","Rapeseed","Mustard_plant","Radish","Horseradish","Garden_cress","Wasabi","Watercress","Indigo","Model_organism","Angiospermae"]}