{"cursor":"3563","size":15,"audio":[],"currentlang":"en","article":" is a monoamine neurotransmitter]]\n\n'Monoamine neurotransmitters' are neurotransmitters and neuromodulators that\ncontain one amino group that is connected to an aromatic ring by a two-carbon\nchain (-CH 2-CH 2-). All monoamines are derived from\naromatic amino acids like phenylalanine, tyrosine, tryptophan, and the thyroid\nhormones by the action of aromatic amino acid decarboxylase enzymes.\n","linknr":2476,"url":"Monoamine_neurotransmitter","recorded":1363142020,"links":["/w/index.php?title=Monoamine_neurotransmitter&action=edit","/w/index.php?title=Monoamine_neurotransmitter&action=edit","//en.wikipedia.org/apple-touch-icon.png","//bits.wikimedia.org/favicon/wikipedia.ico","/w/opensearch_desc.php","//en.wikipedia.org/w/api.php?action=rsd","//creativecommons.org/licenses/by-sa/3.0/","/w/index.php?title=Special:RecentChanges&feed=atom","//bits.wikimedia.org/en.wikipedia.org/load.php?debug=false&lang=en&modules=ext.gadget.DRN-wizard%2CReferenceTooltips%2Ccharinsert%2Cteahouse%7Cext.wikihiero%7Cmediawiki.legacy.commonPrint%2Cshared%7Cmw.PopUpMediaTransform%7Cskins.vector&only=styles&skin=vector&*","//bits.wikimedia.org/en.wikipedia.org/load.php?debug=false&lang=en&modules=site&only=styles&skin=vector&*","//bits.wikimedia.org/en.wikipedia.org/load.php?debug=false&lang=en&modules=startup&only=scripts&skin=vector&*","//bits.wikimedia.org/geoiplookup","//meta.wikimedia.org","#mw-head","#p-search","/wiki/File:Norepinephrine_structure_with_descriptor.svg","//upload.wikimedia.org/wikipedia/commons/thumb/8/8c/Norepinephrine_structure_with_descriptor.svg/180px-Norepinephrine_structure_with_descriptor.svg.png","/wiki/File:Norepinephrine_structure_with_descriptor.svg","//bits.wikimedia.org/static-1.21wmf11/skins/common/images/magnify-clip.png","/wiki/Norepinephrine","/wiki/File:Monoamine_receptor_tree.svg","//upload.wikimedia.org/wikipedia/commons/thumb/7/79/Monoamine_receptor_tree.svg/350px-Monoamine_receptor_tree.svg.png","/wiki/File:Monoamine_receptor_tree.svg","//bits.wikimedia.org/static-1.21wmf11/skins/common/images/magnify-clip.png","/wiki/Neurotransmitter","/wiki/Neuromodulator","/wiki/Amino","/wiki/Aromaticity","/wiki/Monoamines","/wiki/Amino_acid","/wiki/Phenylalanine","/wiki/Tyrosine","/wiki/Tryptophan","/wiki/Thyroid_hormone","/wiki/Aromatic_amino_acid_decarboxylase","/wiki/Enzyme","#Examples","#Microevolution","#Disorders","#See_also","#References","#External_links","/w/index.php?title=Monoamine_neurotransmitter&action=edit&section=1","/wiki/Histamine","/wiki/Catecholamine","/wiki/Dopamine","/wiki/Noradrenaline","/wiki/Adrenaline","/wiki/Tryptamine","/wiki/Serotonin","/wiki/Melatonin","/wiki/Trace_amine","/wiki/Phenylethylamine","/wiki/Tyramine","/wiki/Tryptamine","/wiki/Octopamine","/wiki/3-Iodothyronamine","/wiki/Thyronamine","/wiki/Protein","/wiki/Monoamine_transporter","/wiki/Dopamine_transporter","/wiki/Serotonin_transporter","/wiki/Norepinephrine_transporter","/wiki/Cell_membrane","/wiki/Vesicular_monoamine_transporter","/wiki/VMAT1","/wiki/VMAT2","/wiki/Vesicle_(biology)","/wiki/Synaptic_cleft","/wiki/Enzyme","/wiki/Monoamine_oxidase","/wiki/Monoamine_oxidase_inhibitors","/wiki/Antidepressants","/w/index.php?title=Monoamine_neurotransmitter&action=edit&section=2","#cite_note-1","/w/index.php?title=Monoamine_neurotransmitter&action=edit&section=3","/wiki/Biosynthesis","/wiki/Dopamine","/wiki/Norepinephrine","/wiki/Epinephrine","/wiki/Serotonin","/wiki/Cerebral_palsy","#cite_note-2","/w/index.php?title=Monoamine_neurotransmitter&action=edit&section=4","/wiki/Monoamine_oxidase","/wiki/Monoamine_transporter","/wiki/Neurotransmitter","/wiki/Monoamine_Hypothesis","/wiki/Biogenic_amine","/wiki/Trace_amine","/w/index.php?title=Monoamine_neurotransmitter&action=edit&section=5","#cite_ref-1","http://journals1.scholarsportal.info.myaccess.library.utoronto.ca/tmp/68054133680581668.pdf","#cite_ref-2","/w/index.php?title=Monoamine_neurotransmitter&action=edit&section=6","http://www.nlm.nih.gov/cgi/mesh/2011/MB_cgi?mode=&term=Biogenic+monoamines","/wiki/Medical_Subject_Headings","/wiki/Template:Neurotransmitters","/wiki/Template_talk:Neurotransmitters","//en.wikipedia.org/w/index.php?title=Template:Neurotransmitters&action=edit","/wiki/Neurotransmitter","/wiki/Amino_acid","/wiki/Alanine","/wiki/Aspartic_acid","/wiki/Cycloserine","/wiki/Dimethylglycine","/wiki/Gamma-Aminobutyric_acid","/wiki/Glutamate","/wiki/Glycine","/wiki/Hypotaurine","/wiki/Kynurenic_acid","/wiki/N-Acetylaspartylglutamate","/wiki/Methylglycine","/wiki/Serine","/wiki/Taurine","/wiki/Trimethylglycine","/wiki/Endocannabinoid","/wiki/2-Arachidonoylglycerol","/wiki/2-Arachidonyl_glyceryl_ether","/wiki/N-Arachidonoylethanolamine","/wiki/N-Arachidonoyldopamine","/wiki/O-Arachidonoylethanolamine","/wiki/Oleamide","/wiki/Palmitoylethanolamide","/wiki/RVD-Hp%CE%B1","/wiki/Hemopressin","/wiki/Gasotransmitter","/wiki/Carbon_monoxide","/wiki/Hydrogen_sulfide","/wiki/Nitric_oxide","/wiki/Nitrous_oxide","/wiki/Monoamine","/wiki/Dopamine","/wiki/Epinephrine","/wiki/Melatonin","/wiki/N-Acetylserotonin","/wiki/Norepinephrine","/wiki/Serotonin","/wiki/Purine","/wiki/Adenosine","/wiki/Adenosine_diphosphate","/wiki/Adenosine_monophosphate","/wiki/Adenosine_triphosphate","/wiki/Trace_amine","/wiki/3-Iodothyronamine","/wiki/5-Methoxy-N,N-dimethyltryptamine","/wiki/Bufotenin","/wiki/N,N-Dimethyltryptamine","/wiki/Norfenefrine","/wiki/Octopamine","/wiki/Meta-Tyramine","/wiki/Tyramine","/wiki/N-Methyltryptamine","/wiki/Phenethylamine","/wiki/Synephrine","/wiki/Thyronamine","/wiki/Tryptamine","/wiki/1,4-Butanediol","/wiki/Acetylcholine","/wiki/Gamma-Butyrolactone","/wiki/Gamma-Hydroxybutyric_acid","/wiki/Histamine","/wiki/Template:Neuropeptides","/wiki/Template:Medicine_navs","/wiki/Peripheral_nervous_system","/wiki/Template:Nervous_system","/wiki/Template:Nervous_tissue","/wiki/Template:Cranial_nerves","/wiki/Template:Trigeminal_nerve","/wiki/Template:Cervical_plexus","/wiki/Template:Brachial_plexus","/wiki/Template:Lumbosacral_plexus","/wiki/Template:Somatosensory_system","/wiki/Template:Autonomic_nervous_system","/wiki/Template:Nervous_system_physiology","/wiki/Template:Reflex","/wiki/Template:Development_of_nervous_system","/wiki/Template:Nerve_tissue_protein","/wiki/Template:Neurotransmitter_transporters","/wiki/Template:Neurotransmitters","/wiki/Template:Neurotrophins","/wiki/Template:PNS_diseases_of_the_nervous_system","/wiki/Template:Autonomic_diseases","/wiki/Template:Congenital_malformations_and_deformations_of_nervous_system","/wiki/Template:Nervous_system_tumors","/wiki/Template:Nervous_and_musculoskeletal_system_symptoms_and_signs","/wiki/Template:Eponymous_medical_signs_for_nervous_system","/wiki/Template:Neurotrauma","/wiki/Template:Neuro_procedures","/wiki/Template:Local_anesthetics","/wiki/Template:Adrenergics","/wiki/Template_talk:Adrenergics","//en.wikipedia.org/w/index.php?title=Template:Adrenergics&action=edit","/wiki/Adrenergic","/wiki/Adrenergic_receptor","/wiki/Ligand","/wiki/%CE%911-adrenergic_receptor","/w/index.php?title=5-Fluoronorepinephrine&action=edit&redlink=1","/wiki/6-Fluoronorepinephrine","/wiki/Amidephrine","/wiki/Anisodamine","/wiki/Anisodine","/wiki/Cirazoline","/wiki/Dipivefrine","/wiki/Dopamine","/wiki/Ephedrine","/wiki/Epinephrine","/wiki/Etilefrine","/wiki/Ethylnorepinephrine","/wiki/Indanidine","/wiki/Levonordefrin","/wiki/Metaraminol","/wiki/Methoxamine","/wiki/Methyldopa","/wiki/Midodrine","/wiki/Naphazoline","/wiki/Norepinephrine","/wiki/Octopamine","/wiki/Oxymetazoline","/wiki/Phenylephrine","/wiki/Phenylpropanolamine","/wiki/Pseudoephedrine","/wiki/Synephrine","/wiki/Tetrahydrozoline","/wiki/Abanoquil","/wiki/Adimolol","/wiki/Ajmalicine","/wiki/Alfuzosin","/wiki/Amosulalol","/wiki/Arotinolol","/wiki/Atiprosin","/w/index.php?title=Benoxathian&action=edit&redlink=1","/wiki/Buflomedil","/wiki/Bunazosin","/wiki/Carvedilol","/w/index.php?title=CI-926&action=edit&redlink=1","/wiki/Corynanthine","/wiki/Dapiprazole","/w/index.php?title=DL-017&action=edit&redlink=1","/w/index.php?title=Domesticine&action=edit&redlink=1","/wiki/Doxazosin","/w/index.php?title=Eugenodilol&action=edit&redlink=1","/wiki/Fenspiride","/w/index.php?title=GYKI-12,743&action=edit&redlink=1","/w/index.php?title=GYKI-16,084&action=edit&redlink=1","/wiki/Indoramin","/wiki/Ketanserin","/wiki/L-765,314","/wiki/Labetalol","/w/index.php?title=Mephendioxan&action=edit&redlink=1","/w/index.php?title=Metazosin&action=edit&redlink=1","/wiki/Monatepil","/wiki/Moxisylyte","/wiki/Naftopidil","/wiki/Nantenine","/w/index.php?title=Neldazosin&action=edit&redlink=1","/wiki/Nicergoline","/wiki/Niguldipine","/w/index.php?title=Pelanserin&action=edit&redlink=1","/w/index.php?title=Phendioxan&action=edit&redlink=1","/wiki/Phenoxybenzamine","/wiki/Phentolamine","/wiki/Piperoxan","/wiki/Prazosin","/w/index.php?title=Quinazosin&action=edit&redlink=1","/wiki/Ritanserin","/w/index.php?title=RS-97,078&action=edit&redlink=1","/w/index.php?title=SGB-1,534&action=edit&redlink=1","/wiki/Silodosin","/w/index.php?title=SL-89.0591&action=edit&redlink=1","/wiki/Spiperone","/wiki/Talipexole","/wiki/Tamsulosin","/wiki/Terazosin","/w/index.php?title=Tibalosin&action=edit&redlink=1","/w/index.php?title=Tiodazosin&action=edit&redlink=1","/w/index.php?title=Tipentosin&action=edit&redlink=1","/wiki/Tolazoline","/wiki/Trimazosin","/w/index.php?title=Upidosin&action=edit&redlink=1","/wiki/Urapidil","/w/index.php?title=Zolertine&action=edit&redlink=1","/wiki/Tricyclic_antidepressant","/wiki/Tetracyclic_antidepressants","/wiki/Antipsychotic","/wiki/Ergoline","/wiki/Piperazine","/wiki/Buspirone","/wiki/Trazodone","/wiki/Orthostatic_hypotension","/wiki/%CE%912-adrenergic_receptor","/wiki/(R)-3-Nitrobiphenyline","/wiki/4-NEMD","/wiki/6-Fluoronorepinephrine","/wiki/Amitraz","/wiki/Apraclonidine","/wiki/Brimonidine","/wiki/Cannabivarin","/wiki/Clonidine","/wiki/Detomidine","/wiki/Dexmedetomidine","/wiki/Dihydroergotamine","/wiki/Dipivefrine","/wiki/Dopamine","/wiki/Ephedrine","/wiki/Ergotamine","/wiki/Epinephrine","/w/index.php?title=Esproquin&action=edit&redlink=1","/wiki/Etilefrine","/wiki/Ethylnorepinephrine","/wiki/Guanabenz","/wiki/Guanfacine","/wiki/Guanoxabenz","/wiki/Levonordefrin","/wiki/Lofexidine","/wiki/Medetomidine","/wiki/Methyldopa","/wiki/Mivazerol","/wiki/Naphazoline","/wiki/Norepinephrine","/wiki/Oxymetazoline","/wiki/Phenylpropanolamine","/wiki/Piperoxan","/wiki/Pseudoephedrine","/wiki/Rilmenidine","/wiki/Romifidine","/wiki/Talipexole","/wiki/Tetrahydrozoline","/wiki/Tizanidine","/wiki/Tolonidine","/wiki/Urapidil","/wiki/Xylazine","/wiki/Xylometazoline","/wiki/Pyrimidinylpiperazine","/wiki/Adimolol","/wiki/Aptazapine","/wiki/Atipamezole","/wiki/BRL-44408","/wiki/Buflomedil","/wiki/Cirazoline","/wiki/Efaroxan","/wiki/Esmirtazapine","/wiki/Fenmetozole","/wiki/Fluparoxan","/w/index.php?title=GYKI-12,743&action=edit&redlink=1","/w/index.php?title=GYKI-16,084&action=edit&redlink=1","/wiki/Idazoxan","/wiki/Mianserin","/wiki/Mirtazapine","/w/index.php?title=MK-912&action=edit&redlink=1","/wiki/NAN-190","/wiki/Olanzapine","/wiki/Phentolamine","/wiki/Phenoxybenzamine","/wiki/Piperoxan","/wiki/Piribedil","/wiki/Rauwolscine","/wiki/Rotigotine","/wiki/SB-269,970","/wiki/Setiptiline","/wiki/Spiroxatrine","/wiki/Sunepitron","/wiki/Tolazoline","/wiki/Yohimbine","/wiki/Atypical_antipsychotic","/wiki/Azapirone","/wiki/Buspirone","/wiki/Pyrimidinylpiperazine","/wiki/%CE%92-adrenergic_receptor","/w/index.php?title=2-Fluoronorepinephrine&action=edit&redlink=1","/w/index.php?title=5-Fluoronorepinephrine&action=edit&redlink=1","/wiki/Amibegron","/wiki/Arbutamine","/wiki/Arformoterol","/wiki/Arotinolol","/wiki/Bromoacetylalprenololmenthane","/wiki/Bambuterol","/wiki/Befunolol","/wiki/Bitolterol","/wiki/Broxaterol","/wiki/Buphenine","/wiki/Carbuterol","/wiki/Cimaterol","/wiki/Clenbuterol","/wiki/Denopamine","/w/index.php?title=Deterenol&action=edit&redlink=1","/wiki/Dipivefrine","/wiki/Dobutamine","/wiki/Dopamine","/wiki/Dopexamine","/wiki/Ephedrine","/wiki/Epinephrine","/wiki/Etafedrine","/wiki/Etilefrine","/wiki/Ethylnorepinephrine","/wiki/Fenoterol","/wiki/Formoterol","/wiki/Hexoprenaline","/wiki/Higenamine","/wiki/Indacaterol","/wiki/Isoetarine","/wiki/Isoprenaline","/wiki/Isoxsuprine","/wiki/Levonordefrin","/wiki/Levosalbutamol","/wiki/Mabuterol","/wiki/Methoxyphenamine","/wiki/Methyldopa","/wiki/Mirabegron","/w/index.php?title=N-Isopropyloctopamine&action=edit&redlink=1","/wiki/Norepinephrine","/wiki/Orciprenaline","/wiki/Oxyfedrine","/wiki/Phenylpropanolamine","/wiki/Pirbuterol","/wiki/Prenalterol","/wiki/Ractopamine","/wiki/Procaterol","/wiki/Pseudoephedrine","/wiki/Reproterol","/wiki/Rimiterol","/wiki/Ritodrine","/wiki/Salbutamol","/wiki/Salmeterol","/wiki/Solabegron","/wiki/Terbutaline","/wiki/Tretoquinol","/wiki/Tulobuterol","/wiki/Xamoterol","/wiki/Zilpaterol","/wiki/Zinterol","/wiki/Acebutolol","/wiki/Adaprolol","/wiki/Adimolol","/wiki/Afurolol","/wiki/Alprenolol","/wiki/Alprenoxime","/wiki/Amosulalol","/wiki/Ancarolol","/wiki/Arnolol","/wiki/Arotinolol","/wiki/Atenolol","/wiki/Befunolol","/wiki/Betaxolol","/wiki/Bevantolol","/wiki/Bisoprolol","/wiki/Bopindolol","/w/index.php?title=Bormetolol&action=edit&redlink=1","/w/index.php?title=Bornaprolol&action=edit&redlink=1","/w/index.php?title=Brefonalol&action=edit&redlink=1","/wiki/Bucindolol","/w/index.php?title=Bucumolol&action=edit&redlink=1","/w/index.php?title=Bufetolol&action=edit&redlink=1","/w/index.php?title=Buftiralol&action=edit&redlink=1","/wiki/Bufuralol","/w/index.php?title=Bunitrolol&action=edit&redlink=1","/wiki/Bunolol","/wiki/Bupranolol","/w/index.php?title=Burocrolol&action=edit&redlink=1","/wiki/Butaxamine","/w/index.php?title=Butidrine&action=edit&redlink=1","/wiki/Butofilolol","/w/index.php?title=Capsinolol&action=edit&redlink=1","/wiki/Carazolol","/w/index.php?title=Carpindolol&action=edit&redlink=1","/wiki/Carteolol","/wiki/Carvedilol","/wiki/Celiprolol","/w/index.php?title=Cetamolol&action=edit&redlink=1","/w/index.php?title=Cicloprolol&action=edit&redlink=1","/w/index.php?title=Cinamolol&action=edit&redlink=1","/wiki/Cloranolol","/wiki/Cyanopindolol","/w/index.php?title=Dalbraminol&action=edit&redlink=1","/w/index.php?title=Dexpropranolol&action=edit&redlink=1","/wiki/Diacetolol","/wiki/Dichloroisoprenaline","/wiki/Dihydroalprenolol","/w/index.php?title=Dilevalol&action=edit&redlink=1","/w/index.php?title=Diprafenone&action=edit&redlink=1","/w/index.php?title=Draquinolol&action=edit&redlink=1","/w/index.php?title=Dropranolol&action=edit&redlink=1","/w/index.php?title=Ecastolol&action=edit&redlink=1","/wiki/Epanolol","/w/index.php?title=Ericolol&action=edit&redlink=1","/w/index.php?title=Ersentilide&action=edit&redlink=1","/w/index.php?title=Esatenolol&action=edit&redlink=1","/wiki/Esmolol","/w/index.php?title=Esprolol&action=edit&redlink=1","/w/index.php?title=Eugenodilol&action=edit&redlink=1","/w/index.php?title=Exaprolol&action=edit&redlink=1","/w/index.php?title=Falintolol&action=edit&redlink=1","/w/index.php?title=Flestolol&action=edit&redlink=1","/w/index.php?title=Flusoxolol&action=edit&redlink=1","/w/index.php?title=Hydroxycarteolol&action=edit&redlink=1","/w/index.php?title=Hydroxytertatolol&action=edit&redlink=1","/wiki/ICI-118,551","/w/index.php?title=Idropranolol&action=edit&redlink=1","/w/index.php?title=Indenolol&action=edit&redlink=1","/w/index.php?title=Indopanolol&action=edit&redlink=1","/wiki/Iodocyanopindolol","/w/index.php?title=Iprocrolol&action=edit&redlink=1","/w/index.php?title=Isoxaprolol&action=edit&redlink=1","/wiki/Isamoltane","/wiki/Labetalol","/wiki/Landiolol","/wiki/Levobetaxolol","/wiki/Levobunolol","/w/index.php?title=Levocicloprolol&action=edit&redlink=1","/w/index.php?title=Levomoprolol&action=edit&redlink=1","/wiki/Medroxalol","/wiki/Mepindolol","/w/index.php?title=Metalol&action=edit&redlink=1","/wiki/Metipranolol","/wiki/Metoprolol","/w/index.php?title=Moprolol&action=edit&redlink=1","/wiki/Nadolol","/w/index.php?title=Nadoxolol&action=edit&redlink=1","/w/index.php?title=Nafetolol&action=edit&redlink=1","/wiki/Nebivolol","/w/index.php?title=Neraminol&action=edit&redlink=1","/w/index.php?title=Nifenalol&action=edit&redlink=1","/w/index.php?title=Nipradilol&action=edit&redlink=1","/w/index.php?title=Oberadilol&action=edit&redlink=1","/wiki/Oxprenolol","/w/index.php?title=Pacrinolol&action=edit&redlink=1","/w/index.php?title=Pafenolol&action=edit&redlink=1","/w/index.php?title=Pamatolol&action=edit&redlink=1","/w/index.php?title=Pargolol&action=edit&redlink=1","/w/index.php?title=Parodilol&action=edit&redlink=1","/wiki/Penbutolol","/w/index.php?title=Penirolol&action=edit&redlink=1","/w/index.php?title=PhQA-33&action=edit&redlink=1","/wiki/Pindolol","/w/index.php?title=Pirepolol&action=edit&redlink=1","/wiki/Practolol","/w/index.php?title=Primidolol&action=edit&redlink=1","/w/index.php?title=Procinolol&action=edit&redlink=1","/wiki/Pronethalol","/wiki/Propafenone","/wiki/Propranolol","/w/index.php?title=Ridazolol&action=edit&redlink=1","/w/index.php?title=Ronactolol&action=edit&redlink=1","/w/index.php?title=Soquinolol&action=edit&redlink=1","/wiki/Sotalol","/w/index.php?title=Spirendolol&action=edit&redlink=1","/wiki/SR_59230A","/w/index.php?title=Sulfinalol&action=edit&redlink=1","/w/index.php?title=TA-2005&action=edit&redlink=1","/wiki/Talinolol","/wiki/Tazolol","/w/index.php?title=Teoprolol&action=edit&redlink=1","/wiki/Tertatolol","/w/index.php?title=Terthianolol&action=edit&redlink=1","/w/index.php?title=Tienoxolol&action=edit&redlink=1","/wiki/Tilisolol","/wiki/Timolol","/w/index.php?title=Tiprenolol&action=edit&redlink=1","/w/index.php?title=Tolamolol&action=edit&redlink=1","/w/index.php?title=Toliprolol&action=edit&redlink=1","/w/index.php?title=Tribendilol&action=edit&redlink=1","/w/index.php?title=Trigevolol&action=edit&redlink=1","/wiki/Xibenolol","/wiki/Xipranolol","/wiki/Norepinephrine_reuptake_inhibitor","/wiki/Norepinephrine_transporter","/wiki/Amedalin","/wiki/Atomoxetine","/wiki/Ciclazindol","/wiki/Daledalin","/wiki/Edivoxetine","/wiki/Esreboxetine","/wiki/Lortalamine","/wiki/Mazindol","/wiki/Nisoxetine","/wiki/Reboxetine","/wiki/Talopram","/wiki/Talsupram","/wiki/Tandamine","/wiki/Viloxazine","/wiki/Amineptine","/wiki/Bupropion","/wiki/Fencamine","/wiki/Fencamfamine","/wiki/Lefetamine","/wiki/Levophacetoperane","/wiki/LR-5182","/wiki/Manifaxine","/wiki/Methylphenidate","/wiki/Nomifensine","/wiki/O-2172","/wiki/Radafaxine","/wiki/Bicifadine","/wiki/Desvenlafaxine","/wiki/Duloxetine","/wiki/Eclanamine","/wiki/Levomilnacipran","/wiki/Milnacipran","/wiki/Sibutramine","/wiki/Venlafaxine","/wiki/Brasofensine","/wiki/Diclofensine","/wiki/DOV-102,677","/wiki/DOV-21,947","/wiki/DOV-216,303","/wiki/JNJ-7925476","/wiki/JZ-IV-10","/wiki/Methylnaphthidate","/wiki/Naphyrone","/wiki/NS-2359","/wiki/PRC200-SS","/wiki/SEP-225,289","/wiki/SEP-227,162","/wiki/Tesofensine","/wiki/Amitriptyline","/wiki/Butriptyline","/wiki/Cianopramine","/wiki/Clomipramine","/wiki/Desipramine","/wiki/Dosulepin","/wiki/Doxepin","/wiki/Imipramine","/wiki/Lofepramine","/wiki/Melitracen","/wiki/Nortriptyline","/wiki/Protriptyline","/wiki/Trimipramine","/wiki/Amoxapine","/wiki/Maprotiline","/wiki/Mianserin","/wiki/Oxaprotiline","/wiki/Setiptiline","/wiki/Cocaine","/wiki/CP-39,332","/wiki/Ethanol","/wiki/EXP-561","/wiki/Fezolamine","/wiki/Ginkgo_biloba","/wiki/Indeloxazine","/wiki/Nefazodone","/wiki/Nefopam","/wiki/Pridefrine","/wiki/Tapentadol","/wiki/Tedatioxetine","/wiki/Teniloxazine","/wiki/Tofenacin","/wiki/Tramadol","/wiki/Ziprasidone","/wiki/Vesicular_monoamine_transporter","/wiki/Ibogaine","/wiki/Reserpine","/wiki/Tetrabenazine","/wiki/Norepinephrine_releasing_agent","/wiki/Fenbutrazate","/wiki/Fenmetramide","/wiki/Morazone","/wiki/Phendimetrazine","/wiki/Phenmetrazine","/wiki/Pseudophenmetrazine","/wiki/4-Methylaminorex","/wiki/Aminorex","/wiki/Clominorex","/wiki/Cyclazodone","/wiki/Fenozolone","/wiki/Fluminorex","/wiki/Pemoline","/wiki/Thozalinone","/wiki/2-Hydroxyphenethylamine","/wiki/4-Chlorophenylisobutylamine","/wiki/4-Fluoroamphetamine","/wiki/4-Fluoromethamphetamine","/wiki/4-Methylamphetamine","/wiki/4-Methylmethamphetamine","/wiki/Alfetamine","/wiki/Amfecloral","/wiki/Amfepentorex","/wiki/Amfepramone","/wiki/Amphetamine","/wiki/Dextroamphetamine","/wiki/Levoamphetamine","/wiki/Amphetaminil","/wiki/%CE%92-Methylphenethylamine","/wiki/Benzodioxolylbutanamine","/wiki/Benzphetamine","/wiki/Benzodioxolylhydroxybutanamine","/wiki/Buphedrone","/wiki/Butylone","/wiki/Cathine","/wiki/Cathinone","/wiki/Clobenzorex","/wiki/Clortermine","/wiki/Dimethylamphetamine","/wiki/Dimethylcathinone","/wiki/Dimethoxyamphetamine","/wiki/Dimethoxymethamphetamine","/wiki/Ethylbenzodioxolylbutanamine","/wiki/Ephedrine","/wiki/Ethcathinone","/wiki/Ethylone","/wiki/Etilamfetamine","/wiki/Famprofazone","/wiki/Fenethylline","/wiki/Fenproporex","/wiki/Flephedrone","/wiki/Fludorex","/wiki/Furfenorex","/wiki/Hordenine","/wiki/Hydroxyamphetamine","/wiki/Indanylaminopropane","/wiki/Indanylmethylaminopropane","/wiki/Iofetamine","/wiki/Lisdexamfetamine","/wiki/Lophophine","/wiki/Methylbenzodioxolylbutanamine","/wiki/Methylenedioxyamphetamine","/wiki/Methylenedioxyethylamphetamine","/wiki/Methylenedioxymethamphetamine","/wiki/Methylenedioxymethylphenethylamine","/wiki/Methylenedioxyhydroxyamphetamine","/wiki/Methylenedioxyphenethylamine","/wiki/Mefenorex","/wiki/Mephedrone","/wiki/Mephentermine","/wiki/Methamphetamine","/wiki/Dextromethamphetamine","/wiki/Levomethamphetamine","/wiki/Methcathinone","/wiki/Methedrone","/wiki/Methylone","/wiki/Naphthylisopropylamine","/wiki/Ortetamine","/wiki/Parabromoamphetamine","/wiki/Parachloroamphetamine","/wiki/Pentorex","/wiki/Phenethylamine","/wiki/Pholedrine","/wiki/Phenpromethamine","/wiki/Phentermine","/wiki/Phenylpropanolamine","/wiki/Paraiodoamphetamine","/wiki/Prenylamine","/wiki/Propylamphetamine","/wiki/Pseudoephedrine","/wiki/Selegiline","/wiki/D-Deprenyl","/wiki/Tiflorex","/wiki/Tyramine","/wiki/Xylopropamine","/wiki/Zylofuramine","/wiki/2C-B-BZP","/wiki/Benzylpiperazine","/wiki/Methylbenzylpiperazine","/wiki/Metachlorophenylpiperazine","/wiki/Methylenedioxybenzylpiperazine","/wiki/Methoxyphenylpiperazine","/wiki/Parafluorophenylpiperazine","/wiki/2-Amino-1,2-dihydronaphthalene","/wiki/2-Aminoindane","/wiki/2-Aminotetralin","/wiki/2-Benzylpiperidine","/wiki/4-Benzylpiperidine","/wiki/5-Iodo-2-aminoindane","/wiki/Clofenciclan","/wiki/Cyclopentamine","/wiki/Cypenamine","/wiki/Cyprodenate","/wiki/Feprosidnine","/wiki/Gilutensin","/wiki/Heptaminol","/wiki/Hexacyclonate","/wiki/Indanorex","/wiki/Isometheptene","/wiki/Methylhexanamine","/wiki/Octodrine","/wiki/Phthalimidopropiophenone","/wiki/Propylhexedrine","/wiki/Levopropylhexedrine","/wiki/Tuaminoheptane","/wiki/Enzyme_inhibitor","/wiki/Anabolism","/wiki/Phenylalanine_hydroxylase","/wiki/3,4-Dihydroxystyrene","/wiki/Tyrosine_hydroxylase","/wiki/3-Iodotyrosine","/wiki/Aquayamycin","/wiki/Bulbocapnine","/wiki/Metirosine","/wiki/Oudenone","/wiki/Aromatic_L-amino_acid_decarboxylase","/wiki/Benserazide","/wiki/Carbidopa","/wiki/Alpha-Difluoromethyl-DOPA","/wiki/Genistein","/wiki/Methyldopa","/wiki/Dopamine-beta-hydroxylase","/wiki/Bupicomide","/wiki/Disulfiram","/wiki/Dopastin","/wiki/Fusaric_acid","/wiki/Nepicastat","/wiki/Phenopicolinic_acid","/wiki/Tropolone","/wiki/Phenylethanolamine_N-methyltransferase","/w/index.php?title=CGS-19281A&action=edit&redlink=1","/w/index.php?title=SKF-64139&action=edit&redlink=1","/w/index.php?title=SKF-7698&action=edit&redlink=1","/wiki/Catabolism","/wiki/Monoamine_oxidase","/wiki/Benmoxin","/wiki/Caroxazone","/wiki/Echinopsidine","/wiki/Furazolidone","/wiki/Hydralazine","/wiki/Indantadol","/wiki/Iproclozide","/wiki/Iproniazid","/wiki/Isocarboxazid","/wiki/Isoniazid","/wiki/Linezolid","/wiki/Mebanazine","/wiki/Metfendrazine","/wiki/Nialamide","/wiki/Octamoxin","/wiki/Paraxazone","/wiki/Phenelzine","/wiki/Pheniprazine","/wiki/Phenoxypropazine","/wiki/Pivalylbenzhydrazine","/wiki/Procarbazine","/wiki/Safrazine","/wiki/Tranylcypromine","/wiki/Amiflamine","/wiki/Bazinaprine","/wiki/Befloxatone","/wiki/Befol","/wiki/Brofaromine","/wiki/Cimoxatone","/wiki/Clorgiline","/wiki/Esuprone","/wiki/Harmala_alkaloid","/wiki/Harmine","/wiki/Harmaline","/wiki/Tetrahydroharmine","/wiki/Harmala_alkaloid#Chemical_forms","/wiki/Norharman","/wiki/Methylene_blue","/wiki/Metralindole","/wiki/Minaprine","/wiki/Moclobemide","/wiki/Pirlindole","/wiki/Sercloremine","/wiki/Tetrindole","/wiki/Toloxatone","/wiki/Tyrima","/wiki/Ladostigil","/wiki/Lazabemide","/wiki/Milacemide","/wiki/Mofegiline","/wiki/Pargyline","/wiki/Rasagiline","/wiki/Safinamide","/wiki/Selegiline","/wiki/D-Deprenyl","/wiki/Catechol_O-methyl_transferase","/wiki/Entacapone","/wiki/Nitecapone","/wiki/Tolcapone","/wiki/Precursor_(chemistry)","/wiki/L-Phenylalanine","/wiki/Tyrosine","/wiki/L-DOPA","/wiki/Dopamine","/wiki/L-DOPS","/wiki/Cofactor_(biochemistry)","/wiki/Ferrous","/wiki/Iron","/wiki/S-Adenosyl-L-methionine","/wiki/Vitamin_B3","/wiki/Niacin","/wiki/Nicotinamide","/wiki/NADPH","/wiki/Vitamin_B6","/wiki/Pyridoxine","/wiki/Pyridoxamine","/wiki/Pyridoxal","/wiki/Pyridoxal_phosphate","/wiki/Vitamin_B9","/wiki/Folic_acid","/wiki/Tetrahydrofolic_acid","/wiki/Vitamin_C","/wiki/Ascorbic_acid","/wiki/Zinc","/wiki/Benzofuranylpropylaminopentane","/wiki/Phenylpropylaminopentane","/wiki/Bethanidine","/wiki/Bretylium","/wiki/Guanadrel","/wiki/Guanazodine","/w/index.php?title=Guanclofine&action=edit&redlink=1","/wiki/Guanethidine","/wiki/Guanoxan","/wiki/6-Hydroxydopamine","/wiki/List_of_adrenergic_drugs","/wiki/Template:Dopaminergics","/wiki/Template_talk:Dopaminergics","//en.wikipedia.org/w/index.php?title=Template:Dopaminergics&action=edit","/wiki/Dopaminergic","/wiki/Dopamine_receptor","/wiki/Ligand","/wiki/Dopamine_receptor_agonist","/wiki/Amantadine","/wiki/Memantine","/wiki/Rimantadine","/wiki/7-OH-DPAT","/wiki/8-OH-PBZI","/wiki/Rotigotine","/wiki/UH-232","/wiki/6-Br-APB","/wiki/Fenoldopam","/wiki/SKF-38,393","/wiki/SKF-77,434","/wiki/SKF-81,297","/wiki/SKF-82,958","/wiki/SKF-83,959","/wiki/Bromocriptine","/wiki/Cabergoline","/wiki/Dihydroergocryptine","/wiki/Epicriptine","/wiki/Lisuride","/wiki/Lysergic_acid_diethylamide","/wiki/Pergolide","/wiki/2-OH-NPA","/wiki/A-86,929","/wiki/Ciladopa","/wiki/Dihydrexidine","/wiki/Dinapsoline","/wiki/Dinoxyline","/wiki/Doxanthrine","/wiki/A-68,930","/wiki/A-77636","/wiki/A-412,997","/wiki/ABT-670","/wiki/ABT-724","/wiki/Aplindore","/wiki/Apomorphine","/wiki/Aripiprazole","/wiki/Bifeprunox","/wiki/BP-897","/wiki/CY-208,243","/wiki/Dizocilpine","/wiki/Etilevodopa","/wiki/Flibanserin","/wiki/Ketamine","/wiki/Melevodopa","/wiki/Modafinil","/wiki/Pardoprunox","/wiki/Phencyclidine","/wiki/PD-128,907","/wiki/PD-168,077","/wiki/PF-219,061","/wiki/Piribedil","/wiki/Pramipexole","/wiki/Propylnorapomorphine","/wiki/Pukateine","/wiki/Quinagolide","/wiki/Quinelorane","/wiki/Quinpirole","/wiki/RDS-127","/wiki/Ro10-5824","/wiki/Ropinirole","/wiki/Rotigotine","/wiki/Roxindole","/wiki/Salvinorin_A","/wiki/SKF-89,145","/wiki/Sumanirole","/wiki/Terguride","/wiki/Umespirone","/wiki/WAY-100,635","/wiki/Dopamine_receptor_antagonist","/wiki/Acepromazine","/wiki/Azaperone","/wiki/Benperidol","/wiki/Bromperidol","/wiki/Clopenthixol","/wiki/Chlorpromazine","/wiki/Chlorprothixene","/wiki/Droperidol","/wiki/Flupentixol","/wiki/Fluphenazine","/wiki/Fluspirilene","/wiki/Haloperidol","/wiki/Loxapine","/wiki/Mesoridazine","/wiki/Methotrimeprazine","/wiki/Nemonapride","/wiki/Penfluridol","/wiki/Perazine","/wiki/Periciazine","/wiki/Perphenazine","/wiki/Pimozide","/wiki/Prochlorperazine","/wiki/Promazine","/wiki/Sulforidazine","/wiki/Sulpiride","/wiki/Sultopride","/wiki/Thioridazine","/wiki/Thiothixene","/wiki/Trifluoperazine","/wiki/Triflupromazine","/wiki/Trifluperidol","/wiki/Zuclopenthixol","/wiki/Amisulpride","/wiki/Asenapine","/wiki/Blonanserin","/wiki/Cariprazine","/wiki/Carpipramine","/wiki/Clocapramine","/wiki/Clorotepine","/wiki/Clozapine","/wiki/Gevotroline","/wiki/Iloperidone","/wiki/Lurasidone","/wiki/Melperone","/wiki/Molindone","/wiki/Mosapramine","/wiki/Olanzapine","/wiki/Paliperidone","/wiki/Perospirone","/wiki/Piquindone","/wiki/Quetiapine","/wiki/Remoxipride","/wiki/Risperidone","/wiki/Sertindole","/wiki/Tiospirone","/wiki/Zicronapine","/wiki/Ziprasidone","/wiki/Zotepine","/wiki/AS-8112","/wiki/Alizapride","/wiki/Bromopride","/wiki/Clebopride","/wiki/Domperidone","/wiki/Metoclopramide","/wiki/Thiethylperazine","/wiki/Amoxapine","/wiki/Buspirone","/wiki/Butaclamol","/wiki/Ecopipam","/wiki/N-Ethoxycarbonyl-2-ethoxy-1,2-dihydroquinoline","/wiki/Eticlopride","/wiki/Fananserin","/wiki/L-745,870","/wiki/Nafadotride","/wiki/Nuciferine","/wiki/PNU-99,194","/wiki/Raclopride","/wiki/Sarizotan","/wiki/SB-277,011-A","/wiki/SCH-23,390","/wiki/SKF-83,959","/wiki/Sonepiprazole","/wiki/Spiperone","/wiki/Spiroxatrine","/wiki/Stepholidine","/wiki/Tetrahydropalmatine","/wiki/Tiapride","/wiki/UH-232","/wiki/Yohimbine","/wiki/Dopamine_reuptake_inhibitor","/wiki/Plasmalemmal","/wiki/Dopamine_transporter","/wiki/DBL-583","/wiki/GBR-12,935","/wiki/Nefazodone","/wiki/Vanoxerine","/wiki/Benocyclidine","/wiki/Desoxypipradrol","/wiki/Dextromethylphenidate","/wiki/Difemetorex","/wiki/Ethylphenidate","/wiki/Methylnaphthidate","/wiki/Methylphenidate","/wiki/Phencyclidine","/wiki/Pipradrol","/wiki/Diphenylprolinol","/wiki/Methylenedioxypyrovalerone","/wiki/Naphyrone","/wiki/Prolintane","/wiki/Pyrovalerone","/wiki/Altropane","/wiki/Brasofensine","/wiki/WIN_35428","/wiki/Cocaine","/wiki/Dichloropane","/wiki/Difluoropine","/wiki/FE-%CE%B2-CPPIT","/wiki/FP-%CE%B2-CPPIT","/wiki/Ioflupane_(123I)","/wiki/Iometopane","/wiki/RTI-112","/wiki/RTI-113","/wiki/RTI-121","/wiki/RTI-126","/wiki/RTI-150","/wiki/RTI-177","/wiki/RTI-229","/wiki/RTI-336","/wiki/Tenocyclidine","/wiki/Tesofensine","/wiki/Troparil","/wiki/Tropoxane","/wiki/2%CE%B2-Propanoyl-3%CE%B2-(4-tolyl)-tropane","/wiki/2%CE%B2-Propanoyl-3%CE%B2-(2-naphthyl)-tropane","/wiki/2-Propanoyl-3-(4-isopropylphenyl)-tropane","/wiki/2%CE%B1-(Propanoyl)-3%CE%B2-(2-(6-methoxynaphthyl))-tropane","/wiki/Adrafinil","/wiki/Armodafinil","/wiki/Amfonelic_acid","/wiki/Amphetamine","/wiki/Amineptine","/wiki/Benzatropine","/wiki/Bromantane","/wiki/2-Butyl-3-(p-tolyl)quinuclidine","/wiki/BTS-74,398","/wiki/Bupropion","/wiki/Ciclazindol","/wiki/Diclofensine","/wiki/Dimethocaine","/wiki/Diphenylpyraline","/wiki/Dizocilpine","/wiki/DOV-102,677","/wiki/DOV-21,947","/wiki/DOV-216,303","/wiki/Etybenzatropine","/wiki/EXP-561","/wiki/Fencamine","/wiki/Fencamfamine","/wiki/Fezolamine","/wiki/GYKI-52,895","/wiki/Indatraline","/wiki/Ketamine","/wiki/Lefetamine","/wiki/Levophacetoperane","/wiki/LR-5182","/wiki/Manifaxine","/wiki/Mazindol","/wiki/Medifoxamine","/wiki/Mesocarb","/wiki/Modafinil","/wiki/Nefopam","/wiki/Nomifensine","/wiki/NS-2359","/wiki/O-2172","/wiki/Pridefrine","/wiki/Propylamphetamine","/wiki/Radafaxine","/wiki/SEP-225,289","/wiki/SEP-227,162","/wiki/Sertraline","/wiki/Sibutramine","/wiki/Tametraline","/wiki/Tedatioxetine","/wiki/Tripelennamine","/wiki/Vesicle_(biology)","/wiki/Vesicular_monoamine_transporter","/wiki/Deserpidine","/wiki/Ibogaine","/wiki/Reserpine","/wiki/Tetrabenazine","/wiki/Dopamine_releasing_agent","/wiki/Fenbutrazate","/wiki/Fenmetramide","/wiki/Morazone","/wiki/Phendimetrazine","/wiki/Phenmetrazine","/wiki/Pseudophenmetrazine","/wiki/4-Methylaminorex","/wiki/Aminorex","/wiki/Clominorex","/wiki/Cyclazodone","/wiki/Fenozolone","/wiki/Fluminorex","/wiki/Pemoline","/wiki/Thozalinone","/wiki/2-Hydroxyphenethylamine","/wiki/4-Chlorophenylisobutylamine","/wiki/4-Fluoroamphetamine","/wiki/4-Fluoromethamphetamine","/wiki/4-Methylamphetamine","/wiki/4-Methylmethamphetamine","/wiki/Alfetamine","/wiki/Amfecloral","/wiki/Amfepentorex","/wiki/Amfepramone","/wiki/Amphetamine","/wiki/Dextroamphetamine","/wiki/Levoamphetamine","/wiki/Amphetaminil","/wiki/Beta-Methylphenethylamine","/wiki/Benzodioxolylbutanamine","/wiki/Benzodioxolylhydroxybutanamine","/wiki/Benzphetamine","/wiki/Buphedrone","/wiki/Butylone","/wiki/Cathine","/wiki/Cathinone","/wiki/Clobenzorex","/wiki/Clortermine","/wiki/D-Deprenyl","/wiki/Dimethoxyamphetamine","/wiki/Dimethoxymethamphetamine","/wiki/Dimethylamphetamine","/wiki/Dimethylcathinone","/wiki/Ephedrine","/wiki/Ethcathinone","/wiki/Ethylbenzodioxolylbutanamine","/wiki/Ethylone","/wiki/Etilamfetamine","/wiki/Famprofazone","/wiki/Fenethylline","/wiki/Fenproporex","/wiki/Flephedrone","/wiki/Fludorex","/wiki/Furfenorex","/wiki/Hordenine","/wiki/Hydroxyamphetamine","/wiki/Iofetamine","/wiki/Lophophine","/wiki/Mefenorex","/wiki/Mephedrone","/wiki/Methamphetamine","/wiki/Dextromethamphetamine","/wiki/Levomethamphetamine","/wiki/Methcathinone","/wiki/Methedrone","/wiki/Methoxymethylenedioxyamphetamine","/wiki/Methoxymethylenedioxymethamphetamine","/wiki/Methylbenzodioxolylbutanamine","/wiki/Methylenedioxyamphetamine","/wiki/Methylenedioxyethylamphetamine","/wiki/Methylenedioxymethamphetamine","/wiki/Methylenedioxymethylphenethylamine","/wiki/Methylenedioxyhydroxyamphetamine","/wiki/Methylenedioxyphenethylamine","/wiki/Methylone","/wiki/Ortetamine","/wiki/Parabromoamphetamine","/wiki/Parachloroamphetamine","/wiki/Paraiodoamphetamine","/wiki/Pholedrine","/wiki/Phenethylamine","/wiki/Pholedrine","/wiki/Phenpromethamine","/wiki/Prenylamine","/wiki/Propylamphetamine","/wiki/Pseudoephedrine","/wiki/Tiflorex","/wiki/Tyramine","/wiki/Xylopropamine","/wiki/Zylofuramine","/wiki/2C-B-BZP","/wiki/Benzylpiperazine","/wiki/Methylbenzylpiperazine","/wiki/Methylenedioxybenzylpiperazine","/wiki/Methoxyphenylpiperazine","/wiki/2-Amino-1,2-dihydronaphthalene","/wiki/2-Aminoindane","/wiki/2-Aminotetralin","/wiki/4-Benzylpiperidine","/wiki/5-Iodo-2-aminoindane","/wiki/Clofenciclan","/wiki/Cyclopentamine","/wiki/Cypenamine","/wiki/Cyprodenate","/wiki/Feprosidnine","/wiki/Gilutensin","/wiki/Heptaminol","/wiki/Hexacyclonate","/wiki/Indanylaminopropane","/wiki/Indanorex","/wiki/Isometheptene","/wiki/Methylhexanamine","/wiki/Naphthylisopropylamine","/wiki/Octodrine","/wiki/Phthalimidopropiophenone","/wiki/Propylhexedrine","/wiki/Levopropylhexedrine","/wiki/Tuaminoheptane","/wiki/Allosteric_regulation","/w/index.php?title=N-(Diphenylmethyl)-2-phenyl-4-quinazolinamine&action=edit&redlink=1","/w/index.php?title=N-(2,2-diphenylethyl)-2-phenyl-4-quinazolinamine&action=edit&redlink=1","/wiki/SoRI-20041","/wiki/Enzyme_inhibitor","/wiki/Anabolism","/wiki/Phenylalanine_hydroxylase","/wiki/3,4-Dihydroxystyrene","/wiki/Tyrosine_hydroxylase","/wiki/3-Iodotyrosine","/wiki/Aquayamycin","/wiki/Bulbocapnine","/wiki/Metirosine","/wiki/Oudenone","/wiki/Aromatic_L-amino_acid_decarboxylase","/wiki/Aromatic_L-amino_acid_decarboxylase_inhibitor","/wiki/Benserazide","/wiki/Carbidopa","/wiki/Alpha-Difluoromethyl-DOPA","/wiki/Genistein","/wiki/Methyldopa","/wiki/Catabolism","/wiki/Monoamine_oxidase_inhibitor","/wiki/Benmoxin","/wiki/Caroxazone","/wiki/Echinopsidine","/wiki/Furazolidone","/wiki/Hydralazine","/wiki/Indantadol","/wiki/Iproclozide","/wiki/Iproniazid","/wiki/Isocarboxazid","/wiki/Isoniazid","/wiki/Linezolid","/wiki/Mebanazine","/wiki/Metfendrazine","/wiki/Nialamide","/wiki/Octamoxin","/wiki/Paraxazone","/wiki/Phenelzine","/wiki/Pheniprazine","/wiki/Phenoxypropazine","/wiki/Pivalylbenzhydrazine","/wiki/Procarbazine","/wiki/Safrazine","/wiki/Tranylcypromine","/wiki/Amiflamine","/wiki/Bazinaprine","/wiki/Befloxatone","/wiki/Befol","/wiki/Brofaromine","/wiki/Cimoxatone","/wiki/Clorgiline","/wiki/Esuprone","/wiki/Harmala_alkaloid","/wiki/Methylene_blue","/wiki/Metralindole","/wiki/Minaprine","/wiki/Moclobemide","/wiki/Pirlindole","/wiki/Sercloremine","/wiki/Tetrindole","/wiki/Toloxatone","/wiki/Tyrima","/wiki/D-Deprenyl","/wiki/Ethanol","/wiki/L-Deprenyl","/wiki/Ladostigil","/wiki/Lazabemide","/wiki/Milacemide","/wiki/Nicotine","/wiki/Pargyline","/wiki/Rasagiline","/wiki/Safinamide","/wiki/COMT_inhibitor","/wiki/Entacapone","/wiki/Nitecapone","/wiki/Tolcapone","/wiki/Dopamine-beta-hydroxylase","/wiki/Disulfiram","/wiki/Dopastin","/wiki/Fusaric_acid","/wiki/Nepicastat","/wiki/Tropolone","/wiki/Precursor_(chemistry)","/wiki/L-Phenylalanine","/wiki/Tyrosine","/wiki/L-DOPA","/wiki/Cofactor_(biochemistry)","/wiki/Ferrous","/wiki/Iron","/wiki/Tetrahydrobiopterin","/wiki/Vitamin_B3","/wiki/Niacin","/wiki/Nicotinamide","/wiki/NADPH","/wiki/Vitamin_B6","/wiki/Pyridoxine","/wiki/Pyridoxamine","/wiki/Pyridoxal","/wiki/Pyridoxal_phosphate","/wiki/Vitamin_B9","/wiki/Folic_acid","/wiki/Tetrahydrofolic_acid","/wiki/Vitamin_C","/wiki/Ascorbic_acid","/wiki/Zinc","/wiki/Benzofuranylpropylaminopentane","/wiki/Phenylpropylaminopentane","/wiki/6-Hydroxydopamine","/wiki/List_of_dopaminergic_drugs","/wiki/Template:Serotonergics","/wiki/Template_talk:Serotonergics","//en.wikipedia.org/w/index.php?title=Template:Serotonergics&action=edit","/wiki/Serotonergic","/wiki/5-HT1_receptor","/wiki/Ligand","/wiki/5-HT1A_receptor","/wiki/Alnespirone","/wiki/Binospirone","/wiki/Buspirone","/wiki/Enilospirone","/wiki/Eptapirone","/wiki/Gepirone","/wiki/Ipsapirone","/wiki/Perospirone","/wiki/Revospirone","/wiki/Tandospirone","/wiki/Tiospirone","/wiki/Umespirone","/wiki/Zalospirone","/wiki/Etoperidone","/wiki/Nefazodone","/wiki/Trazodone","/wiki/Vortioxetine","/wiki/Aripiprazole","/wiki/Asenapine","/wiki/Clozapine","/wiki/Quetiapine","/wiki/Ziprasidone","/wiki/Dihydroergotamine","/wiki/Bromocriptine","/wiki/Ergotamine","/wiki/Lisuride","/wiki/Methysergide","/wiki/Lysergic_acid_diethylamide","/wiki/5-Carboxamidotryptamine","/wiki/5-MeO-DMT","/wiki/5-Methoxytryptamine","/wiki/Bufotenin","/wiki/Dimethyltryptamine","/wiki/Indorenate","/wiki/Psilocin","/wiki/Psilocybin","/wiki/8-OH-DPAT","/wiki/Adatanserin","/wiki/Bay_R_1531","/wiki/Befiradol","/wiki/BMY-14802","/wiki/Cannabidiol","/wiki/Dimemebfe","/wiki/Ebalzotan","/wiki/Eltoprazine","/w/index.php?title=F-11,461&action=edit&redlink=1","/w/index.php?title=F-12,826&action=edit&redlink=1","/w/index.php?title=F-13,714&action=edit&redlink=1","/w/index.php?title=F-14,679&action=edit&redlink=1","/wiki/F-15,063","/wiki/F-15,599","/wiki/Flesinoxan","/wiki/Flibanserin","/wiki/Lesopitron","/wiki/LY-293,284","/w/index.php?title=LY-301,317&action=edit&redlink=1","/wiki/MKC-242","/wiki/Naluzotan","/wiki/NBUMP","/wiki/Osemozotan","/wiki/Oxaflozane","/wiki/Pardoprunox","/wiki/Piclozotan","/wiki/Rauwolscine","/wiki/Repinotan","/wiki/Roxindole","/wiki/RU-24,969","/w/index.php?title=S_14,506&action=edit&redlink=1","/wiki/S-14,671","/wiki/S-15535","/wiki/Sarizotan","/w/index.php?title=SSR-181,507&action=edit&redlink=1","/wiki/Sunepitron","/wiki/U-92,016-A","/wiki/Urapidil","/wiki/Vilazodone","/wiki/Xaliproden","/wiki/Yohimbine","/wiki/Iloperidone","/wiki/Risperidone","/wiki/Sertindole","/wiki/Alprenolol","/wiki/Cyanopindolol","/wiki/Iodocyanopindolol","/wiki/Oxprenolol","/wiki/Pindobind","/wiki/Pindolol","/wiki/Propranolol","/wiki/Tertatolol","/w/index.php?title=AV965&action=edit&redlink=1","/wiki/BMY-7,378","/wiki/CSP-2503","/wiki/Dotarizine","/wiki/Flopropione","/w/index.php?title=GR-46611&action=edit&redlink=1","/wiki/Isamoltane","/wiki/Lecozotan","/wiki/Mefway_(18F)","/wiki/Metitepine","/wiki/MPPF","/wiki/NAN-190","/wiki/Robalzotan","/wiki/S-15535","/wiki/SB-649,915","/w/index.php?title=SDZ_216-525&action=edit&redlink=1","/wiki/Spiperone","/wiki/Spiramide","/wiki/Spiroxatrine","/wiki/UH-301","/wiki/WAY-100,135","/wiki/WAY-100,635","/wiki/Xylamidine","/wiki/5-HT1B_receptor","/wiki/Dihydroergotamine","/wiki/Ergotamine","/wiki/Methysergide","/wiki/Eltoprazine","/wiki/Trifluoromethylphenylpiperazine","/wiki/Avitriptan","/wiki/Eletriptan","/wiki/Sumatriptan","/wiki/Zolmitriptan","/wiki/5-Carboxamidotryptamine","/wiki/5-Methoxytryptamine","/wiki/CGS-12066A","/wiki/Bromocriptine","/wiki/CP-93,129","/wiki/CP-94,253","/wiki/CP-135,807","/wiki/RU-24,969","/wiki/Vortioxetine","/wiki/Metergoline","/wiki/AR-A000002","/wiki/Elzasonan","/wiki/GR-127,935","/wiki/Isamoltane","/wiki/Metitepine","/wiki/SB-216,641","/w/index.php?title=SB-224,289&action=edit&redlink=1","/w/index.php?title=SB-236,057&action=edit&redlink=1","/wiki/Yohimbine","/wiki/5-HT1D_receptor","/wiki/Dihydroergotamine","/wiki/Methysergide","/wiki/Almotriptan","/wiki/Avitriptan","/wiki/Eletriptan","/wiki/Frovatriptan","/wiki/Naratriptan","/wiki/Rizatriptan","/wiki/Sumatriptan","/wiki/Zolmitriptan","/wiki/5-Carboxamidotryptamine","/wiki/5-Ethyl-DMT","/wiki/5-Methoxytryptamine","/wiki/5-(Nonyloxy)tryptamine","/wiki/CP-135,807","/wiki/Bromocriptine","/w/index.php?title=CP-286,601&action=edit&redlink=1","/w/index.php?title=GR-46611&action=edit&redlink=1","/wiki/L-694,247","/w/index.php?title=L-772,405&action=edit&redlink=1","/w/index.php?title=PNU-109,291&action=edit&redlink=1","/wiki/PNU-142633","/wiki/Metergoline","/wiki/Alniditan","/wiki/BRL-15,572","/wiki/Elzasonan","/wiki/GR-127,935","/wiki/Ketanserin","/wiki/LY-310,762","/w/index.php?title=LY-367,642&action=edit&redlink=1","/w/index.php?title=LY-456,219&action=edit&redlink=1","/w/index.php?title=LY-456,220&action=edit&redlink=1","/wiki/Metitepine","/wiki/Ritanserin","/wiki/Yohimbine","/wiki/Ziprasidone","/wiki/5-HT1E_receptor","/wiki/Methysergide","/wiki/Eletriptan","/wiki/BRL-54443","/wiki/Tryptamine","/wiki/Metitepine","/wiki/5-HT1F_receptor","/wiki/Eletriptan","/wiki/Naratriptan","/wiki/Sumatriptan","/wiki/5-Methoxytryptamine","/wiki/BRL-54443","/wiki/Bromocriptine","/wiki/Lasmiditan","/wiki/LY-334,370","/wiki/Metitepine","/wiki/5-HT2_receptor","/wiki/5-HT2A_receptor","/wiki/ALD-52","/wiki/Ergometrine","/wiki/Lisuride","/wiki/Lysergic_acid_2,4-dimethylazetidide","/wiki/Lysergic_acid_diethylamide","/wiki/LSD-Pip","/wiki/Lysergic_acid_2-butyl_amide","/wiki/Lysergic_acid_3-pentyl_amide","/wiki/Methysergide","/wiki/25I-NBF","/wiki/25I-NBMD","/wiki/25I-NBOH","/wiki/25I-NBOMe","/wiki/2C-B","/wiki/2C-B-FLY","/wiki/2CB-Ind","/wiki/2C-C-NBOMe","/wiki/2C-E","/wiki/2C-I","/wiki/2C-TFM-NBOMe","/wiki/2C-T-2","/wiki/2C-T-7","/wiki/2C-T-21","/wiki/2CBCB-NBOMe","/wiki/2CBFly-NBOMe","/wiki/Bromo-DragonFLY","/wiki/2,5-Dimethoxy-4-bromoamphetamine","/wiki/2,5-Dimethoxy-4-chloroamphetamine","/wiki/2,5-Dimethoxy-4-iodoamphetamine","/wiki/2,5-Dimethoxy-4-methylamphetamine","/wiki/3,4-Methylenedioxyamphetamine","/wiki/MDMA","/wiki/Mescaline","/wiki/TCB-2","/wiki/TFMFly","/wiki/Benzylpiperazine","/wiki/Quipazine","/wiki/Trifluoromethylphenylpiperazine","/wiki/5-Carboxamidotryptamine","/wiki/5-MeO-AET","/wiki/5-MeO-AMT","/wiki/5-MeO-DET","/wiki/5-Methoxy-diisopropyltryptamine","/wiki/5-MeO-DMT","/wiki/5-MeO-DPT","/wiki/5-Methoxytryptamine","/wiki/Alpha-Ethyltryptamine","/wiki/%CE%91-Methyl-5-HT","/wiki/Alpha-Methyltryptamine","/wiki/Bufotenin","/wiki/Diethyltryptamine","/wiki/Diisopropyltryptamine","/wiki/Dimethyltryptamine","/wiki/Dipropyltryptamine","/wiki/Psilocin","/wiki/Psilocybin","/wiki/AL-34662","/wiki/AL-37350A","/wiki/Bromocriptine","/wiki/Dimemebfe","/wiki/Medifoxamine","/w/index.php?title=O-4310&action=edit&redlink=1","/wiki/Oxaflozane","/wiki/PNU-22394","/wiki/RH-34","/wiki/Amperozide","/wiki/Aripiprazole","/wiki/Carpipramine","/wiki/Clocapramine","/wiki/Clorotepine","/wiki/Clozapine","/wiki/Gevotroline","/wiki/Iloperidone","/wiki/Melperone","/wiki/Mosapramine","/wiki/Olanzapine","/wiki/Paliperidone","/wiki/Pimozide","/wiki/Quetiapine","/wiki/Risperidone","/wiki/Sertindole","/wiki/Zicronapine","/wiki/Ziprasidone","/wiki/Zotepine","/wiki/Loxapine","/wiki/Pipamperone","/wiki/Amitriptyline","/wiki/Amoxapine","/wiki/Aptazapine","/wiki/Etoperidone","/wiki/Mianserin","/wiki/Mirtazapine","/wiki/Nefazodone","/wiki/Teniloxazine","/wiki/Trazodone","/wiki/5-I-R91150","/wiki/5-MeO-NBpBrT","/w/index.php?title=AC-90179&action=edit&redlink=1","/wiki/Adatanserin","/wiki/Altanserin","/wiki/9-Aminomethyl-9,10-dihydroanthracene","/w/index.php?title=APD-215&action=edit&redlink=1","/wiki/Blonanserin","/wiki/Cinanserin","/wiki/CSP-2503","/wiki/Cyproheptadine","/wiki/Deramciclane","/wiki/Dotarizine","/wiki/Eplivanserin","/wiki/Esmirtazapine","/wiki/Fananserin","/wiki/Flibanserin","/wiki/Glemanserin","/wiki/Ketanserin","/wiki/KML-010","/wiki/Lubazodone","/wiki/Mepiprazole","/wiki/Metitepine","/wiki/Nantenine","/wiki/Pimavanserin","/wiki/Pizotifen","/wiki/Pruvanserin","/wiki/Rauwolscine","/wiki/Ritanserin","/wiki/S-14,671","/wiki/Sarpogrelate","/wiki/Setoperone","/wiki/Spiperone","/wiki/Spiramide","/w/index.php?title=SR-46349B&action=edit&redlink=1","/wiki/Volinanserin","/wiki/Xylamidine","/wiki/Yohimbine","/wiki/5-HT2B_receptor","/wiki/4-Methylaminorex","/wiki/Aminorex","/wiki/Chlorphentermine","/wiki/Cloforex","/wiki/2,5-Dimethoxy-4-bromoamphetamine","/wiki/2,5-Dimethoxy-4-chloroamphetamine","/wiki/2,5-Dimethoxy-4-iodoamphetamine","/wiki/2,5-Dimethoxy-4-methylamphetamine","/wiki/Fenfluramine","/wiki/Dexfenfluramine","/wiki/Levofenfluramine","/wiki/3,4-Methylenedioxyamphetamine","/wiki/MDMA","/wiki/Norfenfluramine","/wiki/5-Carboxamidotryptamine","/wiki/5-Methoxytryptamine","/wiki/%CE%91-Methyl-5-HT","/wiki/BW-723C86","/wiki/Bromocriptine","/wiki/Cabergoline","/wiki/Meta-Chlorophenylpiperazine","/wiki/Pergolide","/wiki/PNU-22394","/wiki/Ro60-0175","/wiki/Agomelatine","/wiki/Asenapine","/wiki/EGIS-7625","/wiki/Ketanserin","/wiki/Lisuride","/wiki/LY-272,015","/wiki/Metitepine","/wiki/PRX-08066","/wiki/Rauwolscine","/wiki/Ritanserin","/wiki/RS-127,445","/wiki/Sarpogrelate","/w/index.php?title=SB-200,646&action=edit&redlink=1","/wiki/SB-204,741","/wiki/SB-206,553","/wiki/SB-215,505","/w/index.php?title=SB-221,284&action=edit&redlink=1","/w/index.php?title=SB-228,357&action=edit&redlink=1","/wiki/SDZ_SER-082","/wiki/Tegaserod","/wiki/Yohimbine","/wiki/5-HT2C_receptor","/wiki/2C-B","/wiki/2C-E","/wiki/2C-I","/wiki/2C-T-2","/wiki/2C-T-7","/wiki/2C-T-21","/wiki/2,5-Dimethoxy-4-bromoamphetamine","/wiki/2,5-Dimethoxy-4-chloroamphetamine","/wiki/2,5-Dimethoxy-4-iodoamphetamine","/wiki/2,5-Dimethoxy-4-methylamphetamine","/wiki/3,4-Methylenedioxyamphetamine","/wiki/MDMA","/wiki/Mescaline","/wiki/Aripiprazole","/wiki/Meta-Chlorophenylpiperazine","/wiki/Trifluoromethylphenylpiperazine","/wiki/5-Carboxamidotryptamine","/wiki/5-MeO-AET","/wiki/5-MeO-AMT","/wiki/5-MeO-DET","/wiki/5-Methoxy-diisopropyltryptamine","/wiki/5-MeO-DMT","/wiki/5-MeO-DPT","/wiki/5-Methoxytryptamine","/wiki/Alpha-Ethyltryptamine","/wiki/%CE%91-Methyl-5-HT","/wiki/Alpha-Methyltryptamine","/wiki/Bufotenin","/wiki/Diethyltryptamine","/wiki/Diisopropyltryptamine","/wiki/Dimethyltryptamine","/wiki/Dipropyltryptamine","/wiki/Psilocin","/wiki/Psilocybin","/wiki/A-372,159","/wiki/Bromocriptine","/wiki/AL-38022A","/wiki/CP-809,101","/wiki/Dimemebfe","/wiki/Lorcaserin","/wiki/Medifoxamine","/wiki/MK-212","/wiki/Org_12,962","/wiki/ORG-37,684","/wiki/Oxaflozane","/wiki/PNU-22394","/wiki/Ro60-0175","/wiki/Ro60-0213","/wiki/Vabicaserin","/wiki/WAY-629","/wiki/WAY-161,503","/wiki/YM-348","/wiki/Clorotepine","/wiki/Clozapine","/wiki/Iloperidone","/wiki/Melperone","/wiki/Olanzapine","/wiki/Paliperidone","/wiki/Pimozide","/wiki/Quetiapine","/wiki/Risperidone","/wiki/Sertindole","/wiki/Ziprasidone","/wiki/Zotepine","/wiki/Chlorpromazine","/wiki/Loxapine","/wiki/Pipamperone","/wiki/Agomelatine","/wiki/Amitriptyline","/wiki/Amoxapine","/wiki/Aptazapine","/wiki/Etoperidone","/wiki/Fluoxetine","/wiki/Mianserin","/wiki/Mirtazapine","/wiki/Nefazodone","/wiki/Nortriptyline","/wiki/Tedatioxetine","/wiki/Trazodone","/wiki/Adatanserin","/wiki/6-Chloro-5-ethoxy-N-(pyridin-2-yl)indoline-1-carboxamide","/wiki/Cinanserin","/wiki/Cyproheptadine","/wiki/Deramciclane","/wiki/Dotarizine","/wiki/Eltoprazine","/wiki/Esmirtazapine","/w/index.php?title=FR-260,010&action=edit&redlink=1","/wiki/Ketanserin","/wiki/Ketotifen","/wiki/Latrepirdine","/wiki/Metitepine","/wiki/Methysergide","/wiki/Pizotifen","/wiki/Ritanserin","/wiki/RS-102,221","/wiki/S-14,671","/w/index.php?title=SB-200,646&action=edit&redlink=1","/wiki/SB-206,553","/w/index.php?title=SB-221,284&action=edit&redlink=1","/w/index.php?title=SB-228,357&action=edit&redlink=1","/wiki/SB-242,084","/w/index.php?title=SB-243,213&action=edit&redlink=1","/wiki/SDZ_SER-082","/wiki/Xylamidine","/wiki/5-HT3_receptor","/wiki/5-HT4_receptor","/wiki/5-HT5A_receptor","/wiki/5-HT6_receptor","/wiki/5-HT7_receptor","/wiki/5-HT3_receptor","/wiki/Benzylpiperazine","/wiki/Quipazine","/wiki/2-Methyl-5-hydroxytryptamine","/wiki/5-Carboxamidotryptamine","/wiki/Chlorophenylbiguanide","/wiki/N-Butanol","/wiki/Ethanol","/wiki/Halothane","/wiki/Isoflurane","/wiki/RS-56812","/w/index.php?title=SR-57,227&action=edit&redlink=1","/w/index.php?title=SR-57,227-A&action=edit&redlink=1","/wiki/Toluene","/wiki/1,1,1,-Trichloroethane","/wiki/2,2,2-Trichloroethanol","/wiki/Trichloroethylene","/wiki/YM-31636","/wiki/AS-8112","/wiki/Alosetron","/wiki/Azasetron","/wiki/Batanopride","/wiki/Bemesetron","/wiki/Cilansetron","/wiki/Dazopride","/wiki/Dolasetron","/wiki/Granisetron","/wiki/Lerisetron","/wiki/Ondansetron","/wiki/Palonosetron","/wiki/Ramosetron","/wiki/Renzapride","/wiki/Tropisetron","/wiki/Zacopride","/wiki/Zatosetron","/wiki/Clozapine","/wiki/Olanzapine","/wiki/Quetiapine","/wiki/Amoxapine","/wiki/Mianserin","/wiki/Mirtazapine","/wiki/CSP-2503","/w/index.php?title=ICS-205,930&action=edit&redlink=1","/w/index.php?title=MDL-72,222&action=edit&redlink=1","/wiki/Memantine","/wiki/Nitrous_oxide","/wiki/Ricasetron","/wiki/Sevoflurane","/wiki/Tedatioxetine","/wiki/Thujone","/wiki/Tropanserin","/wiki/Vortioxetine","/wiki/Xenon","/wiki/5-HT4_receptor","/wiki/Cinitapride","/wiki/Cisapride","/wiki/Dazopride","/wiki/Metoclopramide","/wiki/Mosapride","/wiki/Prucalopride","/wiki/Renzapride","/wiki/Tegaserod","/wiki/Velusetrag","/wiki/Zacopride","/wiki/5-Methoxytryptamine","/wiki/BIMU8","/wiki/CJ-033,466","/wiki/PRX-03140","/wiki/RS-67,333","/w/index.php?title=RS-67506&action=edit&redlink=1","/wiki/SL65.0155","/wiki/GR-113,808","/w/index.php?title=GR-125,487&action=edit&redlink=1","/wiki/Lysine","/wiki/Piboserod","/w/index.php?title=RS-39604&action=edit&redlink=1","/w/index.php?title=RS-67532&action=edit&redlink=1","/w/index.php?title=SB-203,186&action=edit&redlink=1","/wiki/SB-204,070","/wiki/5-HT5A_receptor","/wiki/Ergotamine","/wiki/Lysergic_acid_diethylamide","/wiki/5-Carboxamidotryptamine","/wiki/Valerenic_acid","/wiki/Asenapine","/wiki/Latrepirdine","/wiki/Metitepine","/wiki/Ritanserin","/wiki/SB-699,551","/wiki/5-HT6_receptor","/wiki/Dihydroergotamine","/wiki/Ergotamine","/wiki/Lisuride","/wiki/Lysergic_acid_diethylamide","/wiki/Mesulergine","/wiki/Metergoline","/wiki/Methysergide","/wiki/2-Methyl-5-hydroxytryptamine","/wiki/5-Benzyloxytryptamine","/wiki/5-Carboxamidotryptamine","/wiki/5-Methoxytryptamine","/wiki/Bufotenin","/wiki/E-6801","/wiki/E-6837","/wiki/EMD-386,088","/wiki/EMDT","/w/index.php?title=LY-586,713&action=edit&redlink=1","/w/index.php?title=N-Methyl-5-HT&action=edit&redlink=1","/wiki/Tryptamine","/wiki/WAY-181,187","/wiki/WAY-208,466","/wiki/Amitriptyline","/wiki/Amoxapine","/wiki/Clomipramine","/wiki/Doxepin","/wiki/Mianserin","/wiki/Nortriptyline","/wiki/Aripiprazole","/wiki/Asenapine","/wiki/Clorotepine","/wiki/Clozapine","/wiki/Fluperlapine","/wiki/Iloperidone","/wiki/Olanzapine","/wiki/Tiospirone","/wiki/Chlorpromazine","/wiki/Loxapine","/w/index.php?title=BGC20-760&action=edit&redlink=1","/w/index.php?title=BVT-5182&action=edit&redlink=1","/w/index.php?title=BVT-74316&action=edit&redlink=1","/wiki/Cerlapirdine","/wiki/EGIS-12,233","/w/index.php?title=GW-742,457&action=edit&redlink=1","/wiki/Ketanserin","/wiki/Latrepirdine","/wiki/Lu_AE58054","/wiki/Metitepine","/wiki/MS-245","/wiki/PRX-07034","/wiki/Ritanserin","/wiki/Ro04-6790","/w/index.php?title=Ro_63-0563&action=edit&redlink=1","/wiki/SB-258,585","/wiki/SB-271,046","/wiki/SB-357,134","/wiki/SB-399,885","/wiki/SB-742,457","/wiki/5-HT7_receptor","/wiki/Lysergic_acid_diethylamide","/wiki/5-Carboxamidotryptamine","/wiki/5-Methoxytryptamine","/wiki/Bufotenin","/wiki/8-OH-DPAT","/wiki/AS-19_(drug)","/wiki/Bifeprunox","/wiki/E-55888","/wiki/LP-12","/wiki/LP-44","/wiki/RU-24,969","/wiki/Sarizotan","/wiki/2-Bromo-LSD","/wiki/Bromocriptine","/wiki/Dihydroergotamine","/wiki/Ergotamine","/wiki/Mesulergine","/wiki/Metergoline","/wiki/Methysergide","/wiki/Amitriptyline","/wiki/Amoxapine","/wiki/Clomipramine","/wiki/Imipramine","/wiki/Maprotiline","/wiki/Mianserin","/wiki/Amisulpride","/wiki/Aripiprazole","/wiki/Clorotepine","/wiki/Clozapine","/wiki/Olanzapine","/wiki/Risperidone","/wiki/Sertindole","/wiki/Tiospirone","/wiki/Ziprasidone","/wiki/Zotepine","/wiki/Chlorpromazine","/wiki/Loxapine","/wiki/Butaclamol","/wiki/EGIS-12,233","/wiki/Ketanserin","/w/index.php?title=LY-215,840&action=edit&redlink=1","/wiki/Metitepine","/wiki/Pimozide","/wiki/Ritanserin","/wiki/SB-258,719","/w/index.php?title=SB-258,741&action=edit&redlink=1","/wiki/SB-269,970","/w/index.php?title=SB-656,104&action=edit&redlink=1","/w/index.php?title=SB-656,104-A&action=edit&redlink=1","/w/index.php?title=SB-691,673&action=edit&redlink=1","/w/index.php?title=SLV-313&action=edit&redlink=1","/w/index.php?title=SLV-314&action=edit&redlink=1","/wiki/Spiperone","/w/index.php?title=SSR-181,507&action=edit&redlink=1","/wiki/Vortioxetine","/wiki/Serotonin_reuptake_inhibitor","/wiki/Serotonin_transporter","/wiki/Alaproclate","/wiki/Citalopram","/wiki/Dapoxetine","/wiki/Desmethylcitalopram","/wiki/Desmethylsertraline","/wiki/Escitalopram","/wiki/Femoxetine","/wiki/Fluoxetine","/wiki/Fluvoxamine","/wiki/Indalpine","/wiki/Ifoxetine","/wiki/Litoxetine","/wiki/Lubazodone","/wiki/Omiloxetine","/wiki/Panuramine","/wiki/Paroxetine","/wiki/Pirandamine","/wiki/RTI-353","/wiki/Seproxetine","/wiki/Sertraline","/wiki/Vilazodone","/wiki/Vortioxetine","/wiki/Zimelidine","/wiki/Bicifadine","/wiki/Desvenlafaxine","/wiki/Duloxetine","/wiki/Eclanamine","/wiki/Levomilnacipran","/wiki/Milnacipran","/wiki/Sibutramine","/wiki/Venlafaxine","/wiki/Brasofensine","/wiki/Diclofensine","/wiki/DOV-102,677","/wiki/DOV-21,947","/wiki/DOV-216,303","/wiki/NS-2359","/wiki/SEP-225289","/wiki/SEP-227,162","/wiki/Tedatioxetine","/wiki/Tesofensine","/wiki/Amitriptyline","/wiki/Butriptyline","/wiki/Cianopramine","/wiki/Clomipramine","/wiki/Desipramine","/wiki/Dosulepin","/wiki/Doxepin","/wiki/Imipramine","/wiki/Lofepramine","/wiki/Nortriptyline","/wiki/Pipofezine","/wiki/Protriptyline","/wiki/Trimipramine","/wiki/Amoxapine","/wiki/Nefazodone","/wiki/Trazodone","/wiki/Brompheniramine","/wiki/Chlorphenamine","/wiki/Diphenhydramine","/wiki/Mepyramine","/wiki/Pheniramine","/wiki/Tripelennamine","/wiki/Pethidine","/wiki/Methadone","/wiki/Dextropropoxyphene","/wiki/Cocaine","/wiki/CP-39,332","/wiki/Cyclobenzaprine","/wiki/Dextromethorphan","/wiki/Dextrorphan","/wiki/EXP-561","/wiki/Fezolamine","/wiki/Mesembrine","/wiki/Nefopam","/wiki/PIM-35","/wiki/Pridefine","/wiki/Roxindole","/wiki/SB-649,915","/wiki/Tofenacin","/wiki/Ziprasidone","/wiki/Vesicular_monoamine_transporter","/wiki/Ibogaine","/wiki/Reserpine","/wiki/Tetrabenazine","/wiki/Serotonin_releasing_agent","/wiki/5-IAI","/wiki/1-Aminomethyl-5-methoxyindane","/wiki/Ethyltrifluoromethylaminoindane","/wiki/MDAI","/wiki/5,6-Methylenedioxy-N-methyl-2-aminoindane","/wiki/MMAI","/wiki/Trifluoromethylaminoindane","/wiki/6-CAT","/wiki/8-OH-DPAT","/wiki/MDAT","/wiki/MDMAT","/wiki/4-Methylaminorex","/wiki/Aminorex","/wiki/Clominorex","/wiki/Fluminorex","/wiki/2-Methyl-MDA","/wiki/4-Chlorophenylisobutylamine","/wiki/4-Fluoroamphetamine","/wiki/4-Fluoromethamphetamine","/wiki/Norpholedrine","/wiki/4-Methylthioamphetamine","/wiki/5-APDB","/wiki/5-Methyl-MDA","/wiki/6-APDB","/wiki/6-Methyl-MDA","/wiki/3-Methoxy-4-methyl-%CE%B1-ethylphenethylamine","/wiki/Amiflamine","/wiki/Benzodioxolylbutanamine","/wiki/BOH_(drug)","/wiki/4-Bromomethcathinone","/wiki/Butylone","/wiki/Chlorphentermine","/wiki/Cloforex","/wiki/Amfepramone","/wiki/Metamfepramone","/wiki/3,4-Dichloroamphetamine","/wiki/DFMDA","/wiki/Dimethoxyamphetamine","/wiki/Dimethoxymethamphetamine","/wiki/Ethylbenzodioxolylbutanamine","/wiki/EDMA","/wiki/Ethylone","/wiki/Etolorex","/wiki/Fenfluramine","/wiki/Dexfenfluramine","/wiki/Levofenfluramine","/wiki/Flephedrone","/wiki/Indanylaminopropane","/wiki/Indanylmethylaminopropane","/wiki/Iofetamine","/wiki/Lophophine","/wiki/Methylbenzodioxolylbutanamine","/wiki/3,4-Methylenedioxyamphetamine","/wiki/Methylenedioxyethylamphetamine","/wiki/Methylenedioxyhydroxymethamphetamine","/wiki/MDMA","/wiki/Methylenedioxymethylphenethylamine","/wiki/Methylenedioxyhydroxyamphetamine","/wiki/Methylenedioxyphenethylamine","/wiki/Mephedrone","/wiki/Methedrone","/wiki/Methylone","/wiki/3-Methoxy-4-methylamphetamine","/wiki/MMDA_(drug)","/wiki/MMDMA_(drug)","/wiki/3-Methoxy-4-methylmethamphetamine","/wiki/Naphthylaminopropane","/wiki/Norfenfluramine","/wiki/4-Trifluoromethylamphetamine","/wiki/Para-Bromoamphetamine","/wiki/Para-Chloroamphetamine","/wiki/Para-Iodoamphetamine","/wiki/Para-Methoxyamphetamine","/wiki/Para-Methoxyethylamphetamine","/wiki/Para-Methoxymethamphetamine","/wiki/Tetralinylaminopropane","/wiki/2C-B-BZP","/w/index.php?title=3-Methoxyphenylpiperazine&action=edit&redlink=1","/wiki/Benzylpiperazine","/w/index.php?title=3,4-Dichlorophenylpiperazine&action=edit&redlink=1","/wiki/Methylbenzylpiperazine","/wiki/Meta-Chlorophenylpiperazine","/wiki/Methylenedioxybenzylpiperazine","/wiki/Para-Methoxyphenylpiperazine","/wiki/Mepiprazole","/wiki/Para-Chlorophenylpiperazine","/wiki/Para-Fluorophenylpiperazine","/wiki/1-(4-Trifluoromethyl-phenyl)-piperazine","/wiki/Trifluoromethylphenylpiperazine","/wiki/4-Methyl-AET","/wiki/4-Methyl-AMT","/wiki/5-Carboxamidotryptamine","/wiki/5-MeO-AET","/wiki/5-MeO-AMT","/wiki/5-Methoxytryptamine","/wiki/Alpha-Ethyltryptamine","/wiki/Alpha-Methyltryptamine","/wiki/Dimethyltryptamine","/wiki/Tryptamine","/wiki/Indeloxazine","/wiki/Tramadol","/wiki/Viqualine","/wiki/Enzyme_inhibitor","/wiki/Anabolism","/wiki/Tryptophan_hydroxylase","/wiki/AGN-2979","/wiki/Fenclonine","/wiki/Aromatic_L-amino_acid_decarboxylase","/wiki/Benserazide","/wiki/Carbidopa","/wiki/Genistein","/wiki/Methyldopa","/wiki/Catabolism","/wiki/Monoamine_oxidase","/wiki/Benmoxin","/wiki/Caroxazone","/wiki/Echinopsidine","/wiki/Furazolidone","/wiki/Hydralazine","/wiki/Indantadol","/wiki/Iproclozide","/wiki/Iproniazid","/wiki/Isocarboxazid","/wiki/Isoniazid","/wiki/Linezolid","/wiki/Mebanazine","/wiki/Metfendrazine","/wiki/Nialamide","/wiki/Octamoxin","/wiki/Paraxazone","/wiki/Phenelzine","/wiki/Pheniprazine","/wiki/Phenoxypropazine","/wiki/Pivalylbenzhydrazine","/wiki/Procarbazine","/wiki/Safrazine","/wiki/Tranylcypromine","/wiki/Amiflamine","/wiki/Bazinaprine","/wiki/Befloxatone","/wiki/Befol","/wiki/Brofaromine","/wiki/Cimoxatone","/wiki/Clorgiline","/wiki/Esuprone","/wiki/Harmala_alkaloid","/wiki/Harmine","/wiki/Harmaline","/wiki/Harmala_alkaloid","/wiki/Harmala_alkaloid#Chemical_forms","/wiki/Harmala_alkaloid","/wiki/Methylene_blue","/wiki/Metralindole","/wiki/Minaprine","/wiki/Moclobemide","/wiki/Pirlindole","/wiki/Sercloremine","/wiki/Tetrindole","/wiki/Toloxatone","/wiki/Tyrima","/wiki/Precursor_(chemistry)","/wiki/Tryptophan","/wiki/5-Hydroxytryptophan","/wiki/Cofactor_(biochemistry)","/wiki/Ferrous","/wiki/Iron","/wiki/Magnesium","/wiki/Tetrahydrobiopterin","/wiki/Niacin","/wiki/Niacin","/wiki/Nicotinamide","/wiki/Nicotinamide_adenine_dinucleotide_phosphate","/wiki/Vitamin_B6","/wiki/Pyridoxine","/wiki/Pyridoxamine","/wiki/Pyridoxal","/wiki/Pyridoxal_phosphate","/wiki/Folic_acid","/wiki/Folic_acid","/wiki/Tetrahydrofolic_acid","/wiki/Vitamin_C","/wiki/Ascorbic_acid","/wiki/Zinc","/wiki/Benzofuranylpropylaminopentane","/wiki/Phenylpropylaminopentane","/wiki/Tianeptine","/wiki/Template:TAAR_ligands","/wiki/Template_talk:TAAR_ligands","//en.wikipedia.org/w/index.php?title=Template:TAAR_ligands&action=edit","/wiki/Trace_amine-associated_receptor","/wiki/Ligand","/wiki/Trace_amine-associated_receptor_1","/wiki/Agonist","/wiki/O-Phenyl-3-iodotyramine","/wiki/RO5166017","/wiki/3-Iodothyronamine","/wiki/3-Methoxytyramine","/wiki/5-MeO-DMT","/wiki/Amphetamine","/wiki/Apomorphine","/wiki/Bromocriptine","/wiki/Bufotenin","/wiki/N,N-Dimethyltryptamine","/wiki/2,5-Dimethoxy-4-iodoamphetamine","/wiki/Dopamine","/wiki/Lysergic_acid_diethylamide","/wiki/Meta-Octopamine","/wiki/Meta-Tyramine","/wiki/3,4-Methylenedioxy-N-methylamphetamine","/wiki/Methamphetamine","/wiki/N-Methylphenethylamine","/wiki/N-Methyltryptamine","/wiki/N-Methyltyramine","/wiki/Nomifensine","/wiki/Norepinephrine","/wiki/Para-Octopamine","/wiki/Para-Tyramine","/wiki/Phenethylamine","/wiki/Serotonin","/wiki/Synephrine","/wiki/Tryptamine","/wiki/RG7351","/wiki/Phenethylamine","/wiki/Tryptamine","/wiki/Ergoline","/wiki/Thyronamine","/wiki/Receptor_antagonist","/wiki/EPPTB","http://en.wikipedia.org/w/index.php?title=Monoamine_neurotransmitter&oldid=540607369","/wiki/Help:Categories","/wiki/Category:Neurotransmitters","/w/index.php?title=Special:UserLogin&returnto=Monoamine+neurotransmitter&type=signup","/w/index.php?title=Special:UserLogin&returnto=Monoamine+neurotransmitter","/wiki/Monoamine_neurotransmitter","/wiki/Talk:Monoamine_neurotransmitter","#","/wiki/Monoamine_neurotransmitter","/w/index.php?title=Monoamine_neurotransmitter&action=edit","/w/index.php?title=Monoamine_neurotransmitter&action=history","#","/w/index.php","//bits.wikimedia.org/static-1.21wmf11/skins/vector/images/search-ltr.png?303-4","/wiki/Main_Page","/wiki/Main_Page","/wiki/Portal:Contents","/wiki/Portal:Featured_content","/wiki/Portal:Current_events","/wiki/Special:Random","//donate.wikimedia.org/wiki/Special:FundraiserRedirector?utm_source=donate&utm_medium=sidebar&utm_campaign=C13_en.wikipedia.org&uselang=en","/wiki/Help:Contents","/wiki/Wikipedia:About","/wiki/Wikipedia:Community_portal","/wiki/Special:RecentChanges","/wiki/Wikipedia:Contact_us","/wiki/Special:WhatLinksHere/Monoamine_neurotransmitter","/wiki/Special:RecentChangesLinked/Monoamine_neurotransmitter","/wiki/Wikipedia:File_Upload_Wizard","/wiki/Special:SpecialPages","/w/index.php?title=Monoamine_neurotransmitter&oldid=540607369","/w/index.php?title=Monoamine_neurotransmitter&action=info","/w/index.php?title=Special:Cite&page=Monoamine_neurotransmitter&id=540607369","/w/index.php?title=Special:Book&bookcmd=book_creator&referer=Monoamine+neurotransmitter","/w/index.php?title=Special:Book&bookcmd=render_article&arttitle=Monoamine+neurotransmitter&oldid=540607369&writer=rl","/w/index.php?title=Monoamine_neurotransmitter&printable=yes","//de.wikipedia.org/wiki/Monoamine","//et.wikipedia.org/wiki/Monoamiinid","//es.wikipedia.org/wiki/Neurotransmisor_monoamina","//fa.wikipedia.org/wiki/%D9%85%D9%88%D9%86%D9%88_%D8%A2%D9%85%DB%8C%D9%86","//fr.wikipedia.org/wiki/Monoamine","//ko.wikipedia.org/wiki/%EB%AA%A8%EB%85%B8%EC%95%84%EB%AF%BC","//ja.wikipedia.org/wiki/%E3%83%A2%E3%83%8E%E3%82%A2%E3%83%9F%E3%83%B3%E7%A5%9E%E7%B5%8C%E4%BC%9D%E9%81%94%E7%89%A9%E8%B3%AA","//pl.wikipedia.org/wiki/Monoaminy","//pt.wikipedia.org/wiki/Monoaminas","//sr.wikipedia.org/wiki/Monoaminski_neurotransmiter","//fi.wikipedia.org/wiki/Hermoston_v%C3%A4litt%C3%A4j%C3%A4aine#Monoamiinit","//sv.wikipedia.org/wiki/Monoamin","//zh.wikipedia.org/wiki/%E5%8D%95%E8%83%BA%E7%B1%BB%E7%A5%9E%E7%BB%8F%E9%80%92%E8%B4%A8","//www.wikidata.org/wiki/Special:ItemByTitle/enwiki/Monoamine neurotransmitter","//en.wikipedia.org/wiki/Wikipedia:Text_of_Creative_Commons_Attribution-ShareAlike_3.0_Unported_License","//creativecommons.org/licenses/by-sa/3.0/","//wikimediafoundation.org/wiki/Terms_of_Use","//www.wikimediafoundation.org/","//en.wikipedia.org/wiki/Wikipedia:Contact_us","//wikimediafoundation.org/wiki/Privacy_policy","/wiki/Wikipedia:About","/wiki/Wikipedia:General_disclaimer","http://en.m.wikipedia.org/wiki/Monoamine_neurotransmitter","//wikimediafoundation.org/","//bits.wikimedia.org/images/wikimedia-button.png","//www.mediawiki.org/","//bits.wikimedia.org/static-1.21wmf11/skins/common/images/poweredby_mediawiki_88x31.png","//bits.wikimedia.org/en.wikipedia.org/load.php?debug=false&lang=en&modules=skins.vector&only=scripts&skin=vector&*","/w/index.php?title=MediaWiki:Gadget-ReferenceTooltips.js&action=raw&ctype=text/javascript&508635914","//bits.wikimedia.org/en.wikipedia.org/load.php?debug=false&lang=en&modules=site&only=scripts&skin=vector&*"],"instances":["biology_"],"pdf":["http://journals1.scholarsportal.info.myaccess.library.utoronto.ca/tmp/68054133680581668.pdf"],"categories":["Neurotransmitters"],"headings":["Examples","Microevolution","Disorders","See also","References","External links"],"image":["//upload.wikimedia.org/wikipedia/commons/thumb/8/8c/Norepinephrine_structure_with_descriptor.svg/180px-Norepinephrine_structure_with_descriptor.svg.png","//bits.wikimedia.org/static-1.21wmf11/skins/common/images/magnify-clip.png","//upload.wikimedia.org/wikipedia/commons/thumb/7/79/Monoamine_receptor_tree.svg/350px-Monoamine_receptor_tree.svg.png","//bits.wikimedia.org/static-1.21wmf11/skins/common/images/magnify-clip.png","//bits.wikimedia.org/static-1.21wmf11/skins/vector/images/search-ltr.png?303-4","//bits.wikimedia.org/images/wikimedia-button.png","//bits.wikimedia.org/static-1.21wmf11/skins/common/images/poweredby_mediawiki_88x31.png"],"tags":[["vesicle","biology_"]],"members":["vesicle"],"related":["Neurotransmitter","Neuromodulator","Amino","Aromaticity_","Monoamines","Amino_acid","Phenylalanine","Tyrosine","Tryptophan","Thyroid_hormone","Aromatic_amino_acid_decarboxylase","Enzyme","Histamine","Catecholamine","Dopamine","Noradrenaline","Adrenaline","Tryptamine","Serotonin","Melatonin","Trace_amine","Phenylethylamine","Tyramine","Tryptamine","Octopamine","3-Iodothyronamine","Thyronamine","Protein","Monoamine_transporter","Dopamine_transporter","Serotonin_transporter","Norepinephrine_transporter","Cell_membrane","Vesicular_monoamine_transporter","VMAT1","VMAT2","Vesicle_(biology)_","Synaptic_cleft","Enzyme","Monoamine_oxidase","Monoamine_oxidase_inhibitors","Antidepressants","Biosynthesis","Dopamine","Norepinephrine","Epinephrine","Serotonin","Cerebral_palsy","Monoamine_oxidase","Monoamine_transporter","Neurotransmitter","Monoamine_Hypothesis","Biogenic_amine","Trace_amine"]}