{"cursor":"3823","size":15,"audio":[],"currentlang":"en","article":"{{infobox UK place |country = England |latitude = 52.9868 |longitude = -2.2257\n|official_name = Clayton |shire_district = Newcastle-under-Lyme |shire_county =\nStaffordshire |region = West Midlands |constituency_westminster= Newcastle-under-\nLyme |post_town = NEWCASTLE, STAFFS |postcode_district = ST5 |postcode_area = ST\n|dial_code = 01782 |os_grid_reference = SJ849433\n| population = 4,026 population_ref = (2001 Census)\n }}\n\n'Clayton' is a suburb and a ward in the south of Newcastle-under-Lyme,\nStaffordshire.\n","linknr":136,"url":"Clayton,_Staffordshire","recorded":1364141974,"links":["/w/index.php?title=Clayton,_Staffordshire&action=edit","/w/index.php?title=Clayton,_Staffordshire&action=edit","//en.wikipedia.org/apple-touch-icon.png","//bits.wikimedia.org/favicon/wikipedia.ico","/w/opensearch_desc.php","//en.wikipedia.org/w/api.php?action=rsd","//creativecommons.org/licenses/by-sa/3.0/","/w/index.php?title=Special:RecentChanges&feed=atom","//bits.wikimedia.org/en.wikipedia.org/load.php?debug=false&lang=en&modules=ext.gadget.DRN-wizard%2CReferenceTooltips%2Ccharinsert%2Cteahouse%7Cext.wikihiero%7Cmediawiki.legacy.commonPrint%2Cshared%7Cmw.PopUpMediaTransform%7Cskins.vector&only=styles&skin=vector&*","//bits.wikimedia.org/en.wikipedia.org/load.php?debug=false&lang=en&modules=site&only=styles&skin=vector&*","//bits.wikimedia.org/en.wikipedia.org/load.php?debug=false&lang=en&modules=startup&only=scripts&skin=vector&*","//bits.wikimedia.org/geoiplookup","//meta.wikimedia.org","#mw-head","#p-search","/wiki/Geographic_coordinate_system","http://toolserver.org/~geohack/geohack.php?pagename=Clayton,_Staffordshire&params=52.9868_N_-2.2257_E_region:GB_type:city(4026)","/wiki/File:Staffordshire_UK_location_map.svg","//upload.wikimedia.org/wikipedia/commons/thumb/0/09/Staffordshire_UK_location_map.svg/240px-Staffordshire_UK_location_map.svg.png","//upload.wikimedia.org/wikipedia/en/thumb/0/0c/Red_pog.svg/6px-Red_pog.svg.png","//upload.wikimedia.org/wikipedia/en/thumb/0/0c/Red_pog.svg/6px-Red_pog.svg.png","/wiki/Staffordshire","/wiki/Ordnance_Survey_National_Grid","http://toolserver.org/~rhaworth/os/coor_g.php?pagename=Clayton,_Staffordshire&params=SJ849433_region%3AGB_scale%3A25000","/wiki/Districts_of_England","/wiki/Newcastle-under-Lyme_(borough)","/wiki/Metropolitan_and_non-metropolitan_counties_of_England","/wiki/Staffordshire","/wiki/Regions_of_England","/wiki/West_Midlands_(region)","/wiki/Countries_of_the_United_Kingdom","/wiki/England","/wiki/List_of_sovereign_states","/wiki/United_Kingdom","/wiki/Post_town","/wiki/Newcastle-under-Lyme","/wiki/Postcodes_in_the_United_Kingdom","/wiki/ST_postcode_area","/wiki/Telephone_numbers_in_the_United_Kingdom","/wiki/List_of_law_enforcement_agencies_in_the_United_Kingdom","/wiki/Staffordshire_Police","/wiki/Fire_service_in_the_United_Kingdom","/wiki/Staffordshire_Fire_and_Rescue_Service","/wiki/Emergency_medical_services_in_the_United_Kingdom","/wiki/West_Midlands_Ambulance_Service","/wiki/Members_of_the_European_Parliament_for_the_United_Kingdom_2009%E2%80%932014","/wiki/West_Midlands_(European_Parliament_constituency)","/wiki/List_of_United_Kingdom_Parliament_constituencies","/wiki/Newcastle-under-Lyme_(UK_Parliament_constituency)","/wiki/List_of_United_Kingdom_locations","/wiki/List_of_places_in_England","/wiki/List_of_places_in_Staffordshire","/wiki/Suburb","/wiki/Ward_(politics)","/wiki/Newcastle-under-Lyme","/wiki/Staffordshire","#Today","#Education","#Religion","#Transport","#Buses","#Road","/w/index.php?title=Clayton,_Staffordshire&action=edit&section=1","/w/index.php?title=Clayton,_Staffordshire&action=edit&section=2","/wiki/Clayton_Hall_Business_and_Language_College","#cite_note-1","/wiki/Specialist_School","/w/index.php?title=Clayton,_Staffordshire&action=edit&section=3","/wiki/United_Reformed_Church","/wiki/Scouts","/wiki/Duke_of_Edinburgh_award","/w/index.php?title=Clayton,_Staffordshire&action=edit&section=4","/w/index.php?title=Clayton,_Staffordshire&action=edit&section=5","/wiki/First_PMT","/w/index.php?title=D%26G_Buses&action=edit&redlink=1","/w/index.php?title=RML_Travel&action=edit&redlink=1","/w/index.php?title=Bakers_(company)&action=edit&redlink=1","/w/index.php?title=Clayton,_Staffordshire&action=edit&section=6","/wiki/A519_road","/wiki/M6_motorway","/wiki/A500_road","/wiki/Stoke-on-Trent","#cite_ref-1","http://www.clayton.staffs.sch.uk/index.htm","http://en.wikipedia.org/w/index.php?title=Clayton,_Staffordshire&oldid=530183746","/wiki/Help:Categories","/wiki/Category:Newcastle-under-Lyme","/wiki/Category:Articles_with_OS_grid_coordinates","/w/index.php?title=Special:UserLogin&returnto=Clayton%2C+Staffordshire&type=signup","/w/index.php?title=Special:UserLogin&returnto=Clayton%2C+Staffordshire","/wiki/Clayton,_Staffordshire","/wiki/Talk:Clayton,_Staffordshire","#","/wiki/Clayton,_Staffordshire","/w/index.php?title=Clayton,_Staffordshire&action=edit","/w/index.php?title=Clayton,_Staffordshire&action=history","#","/w/index.php","//bits.wikimedia.org/static-1.21wmf11/skins/vector/images/search-ltr.png?303-4","/wiki/Main_Page","/wiki/Main_Page","/wiki/Portal:Contents","/wiki/Portal:Featured_content","/wiki/Portal:Current_events","/wiki/Special:Random","//donate.wikimedia.org/wiki/Special:FundraiserRedirector?utm_source=donate&utm_medium=sidebar&utm_campaign=C13_en.wikipedia.org&uselang=en","/wiki/Help:Contents","/wiki/Wikipedia:About","/wiki/Wikipedia:Community_portal","/wiki/Special:RecentChanges","/wiki/Wikipedia:Contact_us","/wiki/Special:WhatLinksHere/Clayton,_Staffordshire","/wiki/Special:RecentChangesLinked/Clayton,_Staffordshire","/wiki/Wikipedia:File_Upload_Wizard","/wiki/Special:SpecialPages","/w/index.php?title=Clayton,_Staffordshire&oldid=530183746","/w/index.php?title=Clayton,_Staffordshire&action=info","/w/index.php?title=Special:Cite&page=Clayton%2C_Staffordshire&id=530183746","/w/index.php?title=Special:Book&bookcmd=book_creator&referer=Clayton%2C+Staffordshire","/w/index.php?title=Special:Book&bookcmd=render_article&arttitle=Clayton%2C+Staffordshire&oldid=530183746&writer=rl","/w/index.php?title=Clayton,_Staffordshire&printable=yes","//en.wikipedia.org/wiki/Wikipedia:Text_of_Creative_Commons_Attribution-ShareAlike_3.0_Unported_License","//creativecommons.org/licenses/by-sa/3.0/","//wikimediafoundation.org/wiki/Terms_of_Use","//www.wikimediafoundation.org/","//en.wikipedia.org/wiki/Wikipedia:Contact_us","//wikimediafoundation.org/wiki/Privacy_policy","/wiki/Wikipedia:About","/wiki/Wikipedia:General_disclaimer","http://en.m.wikipedia.org/wiki/Clayton,_Staffordshire","//wikimediafoundation.org/","//bits.wikimedia.org/images/wikimedia-button.png","//www.mediawiki.org/","//bits.wikimedia.org/static-1.21wmf11/skins/common/images/poweredby_mediawiki_88x31.png","//bits.wikimedia.org/en.wikipedia.org/load.php?debug=false&lang=en&modules=skins.vector&only=scripts&skin=vector&*","/w/index.php?title=MediaWiki:Gadget-ReferenceTooltips.js&action=raw&ctype=text/javascript&508635914","//bits.wikimedia.org/en.wikipedia.org/load.php?debug=false&lang=en&modules=site&only=scripts&skin=vector&*"],"instances":["politics","company","uk_parliament_constituency"],"pdf":[],"categories":["Newcastle-under-Lyme"],"headings":["Today","Transport"],"image":["//upload.wikimedia.org/wikipedia/commons/thumb/0/09/Staffordshire_UK_location_map.svg/240px-Staffordshire_UK_location_map.svg.png","//upload.wikimedia.org/wikipedia/en/thumb/0/0c/Red_pog.svg/6px-Red_pog.svg.png","//upload.wikimedia.org/wikipedia/en/thumb/0/0c/Red_pog.svg/6px-Red_pog.svg.png","//bits.wikimedia.org/static-1.21wmf11/skins/vector/images/search-ltr.png?303-4","//bits.wikimedia.org/images/wikimedia-button.png","//bits.wikimedia.org/static-1.21wmf11/skins/common/images/poweredby_mediawiki_88x31.png"],"tags":[["newcastle-under-lyme","borough"],["newcastle-under-lyme","uk_parliament_constituency"],["ward","politics"],["bakers","company"]],"members":["ward","bakers"],"related":["Newcastle-under-Lyme_(borough)","Staffordshire","Newcastle-under-Lyme_(UK_Parliament_constituency)","Newcastle-under-Lyme","Suburb","Ward_(politics)","Newcastle-under-Lyme","Staffordshire","Clayton_Hall_Business_and_Language_College","Specialist_School","United_Reformed_Church","Scouts","Duke_of_Edinburgh_award","First_PMT","D&G_Buses","RML_Travel","Bakers_(company)","A519_road","M6_motorway","A500_road","Stoke-on-Trent"]}