{"cursor":"10670","size":15,"audio":[],"currentlang":"en","article":"\n{{taxobox |image = Pink petunias.jpg |image_caption = Petunia Ã hybrida flower\n|regnum = Plantae |unranked_divisio = Angiosperms |unranked_classis = Eudicots\n|unranked_ordo = Asterids |ordo = Solanales |familia = Solanaceae |subfamilia =\nPetunioideae |genus = 'Petunia' |genus_authority = Juss. |subdivision_ranks =\nSpecies |subdivision = See text.\n|}}\n\n'Petunia' is genus of 35 species of  Maberly, D.J. 1990. The Plant Book. A\nportable dictionary of the higher plants. Cambridge Univ. Press, Cambridge,\nU.K. flowering plants of South American origin, closely related to\ntobacco, cape gooseberries, tomatoes, deadly nightshades, potatoes and chili\npeppers; in the family Solanaceae. The popular flower of the same name derived\nits epithet from the French, which took the word petun, meaning \"tobacco,\" from\na TupiâGuarani language. Most of the varieties seen in gardens are hybrids\n(Petunia Ã hybrida). Winterrowd, Wayne. Annuals and Tender Plants for North\nAmerican Gardens. New York. Random House. 2004. Print.\n","linknr":293,"url":"Petunia","recorded":1362374420,"links":57,"instances":["biology"],"pdf":["http://www.butterfly-conservation.org/uploads/Humming-bird_Hawk-moth.pdf"],"categories":["Annual plants","Solanaceae","Flowers","Garden plants"],"headings":["Origin","Classification","Cultivation","Categories","AGM cultivars","Species","Gallery","References","External links"],"image":["//upload.wikimedia.org/wikipedia/commons/thumb/e/e2/Pink_petunias.jpg/220px-Pink_petunias.jpg","//upload.wikimedia.org/wikipedia/commons/thumb/f/fb/Purple_Petunia.jpg/120px-Purple_Petunia.jpg","//upload.wikimedia.org/wikipedia/commons/thumb/1/14/Pink_Petunia.jpg/120px-Pink_Petunia.jpg","//upload.wikimedia.org/wikipedia/commons/thumb/f/fe/White_petunia.JPG/120px-White_petunia.JPG","//upload.wikimedia.org/wikipedia/commons/thumb/a/a9/Petunie.jpg/90px-Petunie.jpg","//upload.wikimedia.org/wikipedia/commons/thumb/9/98/Bloemenbak.jpg/120px-Bloemenbak.jpg","//upload.wikimedia.org/wikipedia/commons/thumb/c/ca/494_-_Bathrust_NB.JPG/120px-494_-_Bathrust_NB.JPG","//upload.wikimedia.org/wikipedia/commons/thumb/5/53/Wave_petunia.JPG/120px-Wave_petunia.JPG","//upload.wikimedia.org/wikipedia/commons/thumb/e/e4/PetuniaHybridaPiebald.jpg/120px-PetuniaHybridaPiebald.jpg","//upload.wikimedia.org/wikipedia/commons/thumb/3/34/Petunia20091229.JPG/120px-Petunia20091229.JPG","//upload.wikimedia.org/wikipedia/commons/thumb/f/f0/Petunia_white_and_pink.JPG/120px-Petunia_white_and_pink.JPG","//upload.wikimedia.org/wikipedia/commons/thumb/5/5a/Petunia-Weizmann001.jpg/120px-Petunia-Weizmann001.jpg","//upload.wikimedia.org/wikipedia/commons/thumb/8/8a/WeizmannFlowers_0003.JPG/120px-WeizmannFlowers_0003.JPG","//upload.wikimedia.org/wikipedia/commons/thumb/7/74/Floral_arrangement_of_petunias_in_Columbus%2C_Ohio.JPG/120px-Floral_arrangement_of_petunias_in_Columbus%2C_Ohio.JPG","//upload.wikimedia.org/wikipedia/commons/thumb/c/c6/Pinkpetuniaflower.JPG/120px-Pinkpetuniaflower.JPG","//upload.wikimedia.org/wikipedia/en/thumb/4/4a/Commons-logo.svg/30px-Commons-logo.svg.png","//upload.wikimedia.org/wikipedia/commons/thumb/d/df/Wikispecies-logo.svg/34px-Wikispecies-logo.svg.png","//bits.wikimedia.org/static-1.21wmf10/skins/vector/images/search-ltr.png?303-4","//bits.wikimedia.org/images/wikimedia-button.png","//bits.wikimedia.org/static-1.21wmf10/skins/common/images/poweredby_mediawiki_88x31.png"],"tags":[["hybrid","biology"]],"members":["hybrid"],"related":["Plant","Flowering_plant","Eudicots","Asterids","Solanales","Solanaceae","Petunioideae","Antoine_Laurent_de_Jussieu","Species","Genus","Flowering_plant","South_America","Nicotiana_tabacum","Physalis_peruviana","Tomato","Atropa_belladonna","Potato","Capiscum","Solanaceae","Tupi–Guarani_language","Hybrid_(biology)","Wayne_Winterrowd","Glasgow_Botanical_Garden","Solanaceae","Diploid","Chromosome","Lepidoptera","Macroglossum_stellatarum","Larva","Cultivars","Royal_Horticultural_Society","Award_of_Garden_Merit","Weizmann_Institute_of_Science","Columbus,_Ohio","Knoxville,_Georgia"]}