{"cursor":"1428","size":15,"audio":[],"currentlang":"en","article":"__NOTOC__ 'Maker' or 'Makers' may refer to:\n","linknr":95,"url":"makers","recorded":1363516609,"links":["/w/index.php?title=Maker&action=edit","/w/index.php?title=Maker&action=edit","//en.wikipedia.org/apple-touch-icon.png","//bits.wikimedia.org/favicon/wikipedia.ico","/w/opensearch_desc.php","//en.wikipedia.org/w/api.php?action=rsd","//creativecommons.org/licenses/by-sa/3.0/","/w/index.php?title=Special:RecentChanges&feed=atom","/wiki/Maker","//bits.wikimedia.org/en.wikipedia.org/load.php?debug=false&lang=en&modules=ext.gadget.DRN-wizard%2CReferenceTooltips%2Ccharinsert%2Cteahouse%7Cext.wikihiero%7Cmediawiki.legacy.commonPrint%2Cshared%7Cmw.PopUpMediaTransform%7Cskins.vector&only=styles&skin=vector&*","//bits.wikimedia.org/en.wikipedia.org/load.php?debug=false&lang=en&modules=site&only=styles&skin=vector&*","//bits.wikimedia.org/en.wikipedia.org/load.php?debug=false&lang=en&modules=startup&only=scripts&skin=vector&*","//bits.wikimedia.org/geoiplookup","//meta.wikimedia.org","/w/index.php?title=Makers&redirect=no","#mw-head","#p-search","/w/index.php?title=Maker&action=edit&section=1","/wiki/Michael_J._Maker","/w/index.php?title=Maker&action=edit&section=2","/wiki/Maker,_Cornwall","/w/index.php?title=Maker&action=edit&section=3","/wiki/The_Maker_(book)","/wiki/Makers_(magazine)","/wiki/O%27Reilly_Media","/wiki/Makers_(Cory_Doctorow_novel)","/w/index.php?title=Maker&action=edit&section=4","/wiki/The_Maker_(film)","/wiki/Makers:_Women_Who_Make_America","/w/index.php?title=Maker&action=edit&section=5","/wiki/Makers_(album)","/wiki/The_Makers_(American_band)","/wiki/The_Makers_(Australian_band)","/w/index.php?title=Maker&action=edit&section=6","/wiki/Maker_Studios","/wiki/T/Maker","/w/index.php?title=Maker&action=edit&section=7","/wiki/Maker_subculture","/wiki/File:Disambig_gray.svg","//upload.wikimedia.org/wikipedia/en/thumb/5/5f/Disambig_gray.svg/30px-Disambig_gray.svg.png","/wiki/Help:Disambiguation","//en.wikipedia.org/w/index.php?title=Special:WhatLinksHere/Maker&namespace=0","http://en.wikipedia.org/w/index.php?title=Maker&oldid=541127162","/wiki/Help:Categories","/wiki/Category:Disambiguation_pages","/wiki/Category:All_article_disambiguation_pages","/wiki/Category:All_disambiguation_pages","/w/index.php?title=Special:UserLogin&returnto=Maker&type=signup","/w/index.php?title=Special:UserLogin&returnto=Maker","/wiki/Maker","/wiki/Talk:Maker","#","/wiki/Maker","/w/index.php?title=Maker&action=edit","/w/index.php?title=Maker&action=history","#","/w/index.php","//bits.wikimedia.org/static-1.21wmf11/skins/vector/images/search-ltr.png?303-4","/wiki/Main_Page","/wiki/Main_Page","/wiki/Portal:Contents","/wiki/Portal:Featured_content","/wiki/Portal:Current_events","/wiki/Special:Random","//donate.wikimedia.org/wiki/Special:FundraiserRedirector?utm_source=donate&utm_medium=sidebar&utm_campaign=C13_en.wikipedia.org&uselang=en","/wiki/Help:Contents","/wiki/Wikipedia:About","/wiki/Wikipedia:Community_portal","/wiki/Special:RecentChanges","/wiki/Wikipedia:Contact_us","/wiki/Special:WhatLinksHere/Maker","/wiki/Special:RecentChangesLinked/Maker","/wiki/Wikipedia:File_Upload_Wizard","/wiki/Special:SpecialPages","/w/index.php?title=Maker&oldid=541127162","/w/index.php?title=Maker&action=info","/w/index.php?title=Special:Cite&page=Maker&id=541127162","/w/index.php?title=Special:Book&bookcmd=book_creator&referer=Maker","/w/index.php?title=Special:Book&bookcmd=render_article&arttitle=Maker&oldid=541127162&writer=rl","/w/index.php?title=Maker&printable=yes","//en.wikipedia.org/wiki/Wikipedia:Text_of_Creative_Commons_Attribution-ShareAlike_3.0_Unported_License","//creativecommons.org/licenses/by-sa/3.0/","//wikimediafoundation.org/wiki/Terms_of_Use","//www.wikimediafoundation.org/","//en.wikipedia.org/wiki/Wikipedia:Contact_us","//wikimediafoundation.org/wiki/Privacy_policy","/wiki/Wikipedia:About","/wiki/Wikipedia:General_disclaimer","http://en.m.wikipedia.org/wiki/Maker","//wikimediafoundation.org/","//bits.wikimedia.org/images/wikimedia-button.png","//www.mediawiki.org/","//bits.wikimedia.org/static-1.21wmf11/skins/common/images/poweredby_mediawiki_88x31.png","//bits.wikimedia.org/en.wikipedia.org/load.php?debug=false&lang=en&modules=skins.vector&only=scripts&skin=vector&*","/w/index.php?title=MediaWiki:Gadget-ReferenceTooltips.js&action=raw&ctype=text/javascript&508635914","//bits.wikimedia.org/en.wikipedia.org/load.php?debug=false&lang=en&modules=site&only=scripts&skin=vector&*"],"instances":["album","australian_band","film"],"pdf":[],"categories":[],"headings":["People","Places","Literature","Film","Music","Companies","Other"],"image":["//upload.wikimedia.org/wikipedia/en/thumb/5/5f/Disambig_gray.svg/30px-Disambig_gray.svg.png","//bits.wikimedia.org/static-1.21wmf11/skins/vector/images/search-ltr.png?303-4","//bits.wikimedia.org/images/wikimedia-button.png","//bits.wikimedia.org/static-1.21wmf11/skins/common/images/poweredby_mediawiki_88x31.png"],"tags":[["the_maker","book"],["makers","magazine"],["makers","cory_doctorow_novel"],["the_maker","film"],["makers","album"],["the_makers","american_band"],["the_makers","australian_band"]],"members":["makers","the_makers","the_maker"],"related":["Michael_J._Maker","Maker,_Cornwall","The_Maker_(book)","Makers_(magazine)","O'Reilly_Media","Makers_(Cory_Doctorow_novel)","The_Maker_(film)","Makers_(album)","The_Makers_(American_band)","The_Makers_(Australian_band)","Maker_Studios","T/Maker","Maker_subculture"]}