{"cursor":"15860","size":15,"audio":[],"currentlang":"en","article":"\n\n{{Drugbox\n| verifiedrevid = 461087196 IUPAC_name = (S)-2-amino-3-(3,4-dihydroxyphenyl) propanoic acid image = 3,4-Dihydroxy-L-phenylalanin (Levodopa).svg width =\n| 200 image2 = Levodopa3D.PNG drug_name = L -DOPA\n\n\n| tradename = pregnancy_AU = B3 pregnancy_US = C legal_US = Mucuna pruriens\n| extract (OTC); Oral tablets (Prescription Only) legal_UK = POM legal_AU =\n| Pharmacist Only routes_of_administration = oral, intravenous\n\n\n| bioavailability = 30% metabolism = Aromatic-L-amino-acid decarboxylase elimination_half-\n| life = 0.75â1.5 hours excretion = renal 70â80%\n\n\n| CASNo_Ref = CAS_number_Ref = CAS_number = 59-92-7 ATC_prefix = N04 ATC_suffix\n| = BA01 PubChem = 6047 IUPHAR_ligand = 3639 DrugBank_Ref = DrugBank = DB01235\n| ChemSpiderID_Ref = ChemSpiderID = 5824 UNII_Ref = UNII = 46627O600J KEGG_Ref =\n| KEGG = D00059 ChEBI_Ref = ChEBI = 15765 ChEMBL_Ref = ChEMBL = 1009\n\n\n| C=9 | H=11 | N=1 | O=4 molecular_weight = 197.19 g/mol smiles =\n| O=C(O)[C@@H](N)Cc1cc(O)c(O)cc1 StdInChI_Ref = StdInChI = 1S/C9H11NO4/c10-6(9(13)14)3-5-1-2-7(11)8(12)4-5/h1-2,4,6,11-\n| 12H,3,10H2,(H,13,14)/t6-/m0/s1 StdInChIKey_Ref = StdInChIKey = WTDRDQBEARUVNC-LURJTMIESA-\n| N\n}}\n\n' L-DOPA' (' L-3,4-dihydroxyphenylalanine') is a\nchemical that is made and used as part of the normal biology of some animals and\nplants. Some animals including humans make it via biosynthesis from the amino\nacid L -tyrosine. L -DOPA is the precursor to the\nneurotransmitters dopamine, norepinephrine (noradrenaline), and epinephrine\n(adrenaline) collectively known as catecholamines. L -DOPA can be\nmanufactured and in its pure form is sold as a psychoactive drug with the INN\n'levodopa'; trade names include 'Sinemet', 'Parcopa', 'Atamet', 'Stalevo',\n'Madopar', 'Prolopa', etc.). As a drug it is used in the clinical treatment of\nParkinson's disease and dopamine-responsive dystonia.\n","linknr":1884,"url":"Levodopa","recorded":1362511147,"links":58,"instances":["physiology","biochemistry","biochemistry","chemistry","ocean"],"pdf":["http://www.clinchem.org/cgi/reprint/38/12/2405.pdf","http://www.clinchem.org/cgi/reprint/38/12/2405.pdf"],"categories":["Amino acids","Anxiogenics","Catecholamines","Prodrugs"],"headings":["Therapeutic use","Dietary supplements","Biological role","Side effects","History","Marine adhesion","See also","References","External links"],"image":["//upload.wikimedia.org/wikipedia/en/thumb/9/99/Question_book-new.svg/50px-Question_book-new.svg.png","//upload.wikimedia.org/wikipedia/commons/thumb/c/cf/3%2C4-Dihydroxy-L-phenylalanin_%28Levodopa%29.svg/200px-3%2C4-Dihydroxy-L-phenylalanin_%28Levodopa%29.svg.png","//upload.wikimedia.org/wikipedia/commons/thumb/a/a2/Levodopa3D.PNG/200px-Levodopa3D.PNG","//upload.wikimedia.org/wikipedia/en/thumb/f/fb/Yes_check.svg/7px-Yes_check.svg.png","//upload.wikimedia.org/wikipedia/en/thumb/f/fb/Yes_check.svg/7px-Yes_check.svg.png","//upload.wikimedia.org/wikipedia/en/thumb/f/fb/Yes_check.svg/7px-Yes_check.svg.png","//upload.wikimedia.org/wikipedia/en/thumb/f/fb/Yes_check.svg/7px-Yes_check.svg.png","//upload.wikimedia.org/wikipedia/en/thumb/f/fb/Yes_check.svg/7px-Yes_check.svg.png","//upload.wikimedia.org/wikipedia/en/thumb/f/fb/Yes_check.svg/7px-Yes_check.svg.png","//upload.wikimedia.org/wikipedia/en/thumb/f/fb/Yes_check.svg/7px-Yes_check.svg.png","//upload.wikimedia.org/wikipedia/en/thumb/f/fb/Yes_check.svg/7px-Yes_check.svg.png","//upload.wikimedia.org/wikipedia/en/thumb/f/fb/Yes_check.svg/14px-Yes_check.svg.png","//upload.wikimedia.org/wikipedia/commons/thumb/0/08/Catecholamines_biosynthesis.svg/220px-Catecholamines_biosynthesis.svg.png","//bits.wikimedia.org/static-1.21wmf10/skins/common/images/magnify-clip.png","//upload.wikimedia.org/wikipedia/commons/thumb/2/25/L-DOPA_synthesis2.png/500px-L-DOPA_synthesis2.png","//bits.wikimedia.org/static-1.21wmf10/skins/vector/images/search-ltr.png?303-4","//bits.wikimedia.org/images/wikimedia-button.png","//bits.wikimedia.org/static-1.21wmf10/skins/common/images/poweredby_mediawiki_88x31.png"],"tags":[["precursor","chemistry"],["cofactor","biochemistry"],["respiration","physiology"],["marine","ocean"],["substrate","biochemistry"]],"members":["respiration","cofactor","substrate","precursor","marine"],"related":["Aromatic-L-amino-acid_decarboxylase","Renal","Biology","Biosynthesis","Amino_acid","L-tyrosine","Precursor_(chemistry)","Neurotransmitter","Dopamine","Norepinephrine","Epinephrine","Catecholamine","Psychoactive_drug","International_Nonproprietary_Name","Therapy","Parkinson's_disease","Dopamine-responsive_dystonia","Blood–brain_barrier","Concentration","Parkinson's_disease","Dopamine-responsive_dystonia","George_Cotzias","Central_nervous_system","Enzyme","Aromatic_L-amino_acid_decarboxylase","DOPA_decarboxylase","Pyridoxal_phosphate","Cofactor_(biochemistry)","Chemical_reaction","Drug_form","Pyridoxine","Central_nervous_system","Peripheral_nervous_system","Hyperdopaminergia","Adverse_effect","DOPA_decarboxylase_inhibitor","Carbidopa","Benserazide","Pyridoxine","Decarboxylation","Restless_leg_syndrome","Research","Dietary_supplement","Plant","Natural_resource","Broad_beans","Tyrosine","Over_the_counter","Tyrosine","Tyrosine_hydroxylase","Monoamine","Catecholamine","Catechol-O-methyl_transferase","3-O-methyldopa","Vanillactic_acid","Aromatic_L-amino_acid_decarboxylase","Levorotation","Dextrorotation","D-dopa","Pigment","Melanin","Tyrosinase","Catalyst","Oxidation","Dopaquinone","Oligomer","Hypotension","Arrhythmia","Nausea","Protein","Respiration_(physiology)","Alopecia","Disorientation","Mental_confusion","Emotion","Anxiety","Libido","Dream","Insomnia","Auditory_hallucination","Working_memory","Somnolence","Narcolepsy","Stimulant_psychosis","Antiparkinsonian_agent","Anticholinergic","Dopamine_receptor_agonist","Drug_resistance","Dyskinesia","Levodopa-induced_dyskinesia","Serotonin","Dopamine_dysregulation_syndrome","Cytotoxic","Cytotoxicity","Rat","Toxic","Dopamine","Quinones","Intracellular","Neuronal","Pathogenesis","Disease","Nobel_Prize_in_Physiology_or_Medicine","Swedish_people","Arvid_Carlsson","Parkinsonian","Symptom","George_Cotzias","Neurology","Oliver_Sacks","Encephalitis_lethargica","Awakenings","Nobel_Prize_in_Chemistry","William_S._Knowles","Hydrogenation","Chemical_compound","Marine_(ocean)","Adhesive","Protein","Mussel","Substrate_(biochemistry)","D-DOPA","L-DOPS","Methyldopa","Dopamine","Norepinephrine","Epinephrine"]}