{"cursor":"2667","size":15,"audio":[],"currentlang":"en","article":"{{chembox\n| verifiedrevid = 451189391 ImageFile = IPP.png ImageSize = 210px ImageName =\n| Skeletal formula of IPP ImageFile1 = Isopentenyl-pyrophosphate-3D-balls.png\n| ImageSize1 = 220px ImageName1 = Ball-and-stick model of IPP IUPACName = (hydroxy-(3-methylbut-3-\n| enoxy) phosphoryl)oxyphosphonic acid OtherNames =\n|Section1= {{Chembox Identifiers\n|  ChemSpiderID_Ref = ChemSpiderID = 13115335 InChI = 1/C5H12O7P2/c1-5(2)3-4-11-14(9,10)12-13(6,7)8/h1,3-\n|  4H2,2H3,(H,9,10)(H2,6,7,8)/p-3 InChIKey = NUHSROFQTUXZQQ-DFZHHIFOAI\n|  StdInChI_Ref = StdInChI = 1S/C5H12O7P2/c1-5(2)3-4-11-14(9,10)12-13(6,7)8/h1,3-\n|  4H2,2H3,(H,9,10)(H2,6,7,8)/p-3 StdInChIKey_Ref = StdInChIKey = NUHSROFQTUXZQQ-UHFFFAOYSA-\n|  K CASNo_Ref = CASNo=358-71-4 PubChem = 15983957 ChEBI_Ref = ChEBI = 128769\n|  SMILES = CC(=C)CCOP(=O)([O-])OP(=O)([O-])[O-]\n|  MeSHName=isopentenyl+pyrophosphate\n  }} |Section2= {{Chembox Properties\n|  Formula=C 5H 12 O7 P2\n|  MolarMass=246.092 Appearance= Density= MeltingPt= BoilingPt= Solubility=\n  }} |Section3= {{Chembox Hazards\n|  MainHazards= FlashPt= Autoignition=\n  }} }} 'Isopentenyl pyrophosphate' (IPP) is an intermediate in the classical,\n  HMG-CoA reductase pathway used by organisms in the biosynthesis of terpenes\n  and terpenoids. IPP is formed from acetyl-CoA via mevalonic acid. IPP can then\n  be isomerized to dimethylallyl pyrophosphate by the enzyme isopentenyl\n  pyrophosphate isomerase.\n\n]]\n\n (DMAPP), geranyl pyrophosphate (GPP) and squalene shown. Some intermediates are\n omitted.]] IPP can be synthesized via the alternative, non-mevalonate pathway\n of isoprenoid biosynthesis instead, where it is formed from (E)-4-hydroxy-3-methyl-but-2-\n enyl pyrophosphate (HMB-PP) by the enzyme HMB-PP reductase (LytB, IspH). The\n non-mevalonate pathway is utilized by many bacteria, apicomplexan protozoa such\n as malaria parasites, and the plastids of higher plants.\n","linknr":331,"url":"Isopentenyl_pyrophosphate","recorded":1364044796,"links":["/w/index.php?title=Isopentenyl_pyrophosphate&action=edit","/w/index.php?title=Isopentenyl_pyrophosphate&action=edit","//en.wikipedia.org/apple-touch-icon.png","//bits.wikimedia.org/favicon/wikipedia.ico","/w/opensearch_desc.php","//en.wikipedia.org/w/api.php?action=rsd","//creativecommons.org/licenses/by-sa/3.0/","/w/index.php?title=Special:RecentChanges&feed=atom","//bits.wikimedia.org/en.wikipedia.org/load.php?debug=false&lang=en&modules=ext.gadget.DRN-wizard%2CReferenceTooltips%2Ccharinsert%2Cteahouse%7Cext.wikihiero%7Cmediawiki.legacy.commonPrint%2Cshared%7Cmw.PopUpMediaTransform%7Cskins.vector&only=styles&skin=vector&*","//bits.wikimedia.org/en.wikipedia.org/load.php?debug=false&lang=en&modules=site&only=styles&skin=vector&*","//bits.wikimedia.org/en.wikipedia.org/load.php?debug=false&lang=en&modules=startup&only=scripts&skin=vector&*","//bits.wikimedia.org/geoiplookup","//meta.wikimedia.org","#mw-head","#p-search","/wiki/File:IPP.png","//upload.wikimedia.org/wikipedia/commons/thumb/8/80/IPP.png/210px-IPP.png","/wiki/File:Isopentenyl-pyrophosphate-3D-balls.png","//upload.wikimedia.org/wikipedia/commons/thumb/1/1e/Isopentenyl-pyrophosphate-3D-balls.png/220px-Isopentenyl-pyrophosphate-3D-balls.png","/wiki/International_Union_of_Pure_and_Applied_Chemistry_nomenclature","/wiki/CAS_registry_number","http://www.commonchemistry.org/ChemicalDetail.aspx?ref=358-71-4","//upload.wikimedia.org/wikipedia/en/thumb/f/fb/Yes_check.svg/7px-Yes_check.svg.png","/wiki/PubChem","http://pubchem.ncbi.nlm.nih.gov/summary/summary.cgi?cid=15983957","/wiki/ChemSpider","http://www.chemspider.com/13115335","//upload.wikimedia.org/wikipedia/en/thumb/f/fb/Yes_check.svg/7px-Yes_check.svg.png","/wiki/Medical_Subject_Headings","http://www.nlm.nih.gov/cgi/mesh/2007/MB_cgi?mode=&term=isopentenyl+pyrophosphate","/wiki/ChEBI","https://www.ebi.ac.uk/chebi/searchId.do?chebiId=128769","//upload.wikimedia.org/wikipedia/en/thumb/f/fb/Yes_check.svg/7px-Yes_check.svg.png","/wiki/Jmol","http://chemapps.stolaf.edu/jmol/jmol.php?model=CC%28%3DC%29CCOP%28%3DO%29%28%5BO-%5D%29OP%28%3DO%29%28%5BO-%5D%29%5BO-%5D","/wiki/Simplified_molecular-input_line-entry_system","/wiki/International_Chemical_Identifier","//upload.wikimedia.org/wikipedia/en/thumb/f/fb/Yes_check.svg/7px-Yes_check.svg.png","//upload.wikimedia.org/wikipedia/en/thumb/f/fb/Yes_check.svg/7px-Yes_check.svg.png","/wiki/Chemical_formula","/wiki/Molar_mass","//upload.wikimedia.org/wikipedia/en/thumb/f/fb/Yes_check.svg/14px-Yes_check.svg.png","//en.wikipedia.org/w/index.php?title=Special:ComparePages&rev1=451189391&page2=Isopentenyl+pyrophosphate","/wiki/Wikipedia:WikiProject_Chemicals/Chembox_validation","//upload.wikimedia.org/wikipedia/en/thumb/f/fb/Yes_check.svg/10px-Yes_check.svg.png","//upload.wikimedia.org/wikipedia/commons/thumb/a/a2/X_mark.svg/10px-X_mark.svg.png","/wiki/Standard_state","/wiki/Wikipedia:Chemical_infobox#References","/wiki/HMG-CoA_reductase_pathway","/wiki/Terpene","/wiki/Terpenoid","/wiki/Acetyl-CoA","/wiki/Mevalonic_acid","/wiki/Dimethylallyl_pyrophosphate","/wiki/Isopentenyl_pyrophosphate_isomerase","/wiki/File:Mevalonate_pathway.png","//upload.wikimedia.org/wikipedia/commons/thumb/4/4c/Mevalonate_pathway.png/350px-Mevalonate_pathway.png","/wiki/File:Mevalonate_pathway.png","//bits.wikimedia.org/static-1.21wmf11/skins/common/images/magnify-clip.png","/wiki/Mevalonate_pathway","/wiki/File:Sterol_synthesis.svg","//upload.wikimedia.org/wikipedia/commons/thumb/1/18/Sterol_synthesis.svg/350px-Sterol_synthesis.svg.png","/wiki/File:Sterol_synthesis.svg","//bits.wikimedia.org/static-1.21wmf11/skins/common/images/magnify-clip.png","/wiki/Dimethylallyl_pyrophosphate","/wiki/Geranyl_pyrophosphate","/wiki/Non-mevalonate_pathway","/wiki/HMB-PP","/wiki/Non-mevalonate_pathway","/wiki/Bacteria","/wiki/Apicomplexa","/wiki/Protozoa","/wiki/Malaria","/wiki/Plastids","/wiki/Plants","/w/index.php?title=Isopentenyl_pyrophosphate&action=edit&section=1","/wiki/Dimethylallyltranstransferase","/w/index.php?title=Isopentenyl_pyrophosphate&action=edit&section=2","/wiki/Template:Cholesterol_and_steroid_intermediates","/wiki/Template_talk:Cholesterol_and_steroid_intermediates","//en.wikipedia.org/w/index.php?title=Template:Cholesterol_and_steroid_intermediates&action=edit","/wiki/Cholesterol","/wiki/Steroid","/wiki/Metabolic_intermediate","/wiki/Mevalonate_pathway","/wiki/HMG-CoA","/wiki/Acetyl-CoA","/wiki/Acetoacetyl-CoA","/wiki/HMG-CoA","/wiki/Ketone_bodies","/wiki/Acetone","/wiki/Acetoacetic_acid","/wiki/Beta-Hydroxybutyric_acid","/wiki/Dimethylallyl_pyrophosphate","/wiki/Mevalonic_acid","/wiki/Phosphomevalonic_acid","/wiki/5-Diphosphomevalonic_acid","/wiki/Dimethylallyl_pyrophosphate","/wiki/Geranyl_pyrophosphate","/wiki/Geranylgeranyl_pyrophosphate","/wiki/Carotenoid","/wiki/Prephytoene_diphosphate","/wiki/Phytoene","/wiki/Non-mevalonate_pathway","/wiki/1-Deoxy-D-xylulose_5-phosphate","/wiki/2-C-methylerythritol_4-phosphate","/wiki/4-diphosphocytidyl-2-C-methylerythritol","/wiki/4-diphosphocytidyl-2-C-methyl-D-erythritol_2-phosphate","/wiki/2-C-methyl-D-erythritol_2,4-cyclopyrophosphate","/wiki/(E)-4-Hydroxy-3-methyl-but-2-enyl_pyrophosphate","/wiki/Dimethylallyl_pyrophosphate","/wiki/Cholesterol","/wiki/Farnesyl_pyrophosphate","/wiki/Squalene","/wiki/2,3-Oxidosqualene","/wiki/Lanosterol","/wiki/Lanosterol","/wiki/Lathosterol","/wiki/7-Dehydrocholesterol","/wiki/Cholesterol","/wiki/Lanosterol","/wiki/Zymosterol","/wiki/7-Dehydrodesmosterol","/wiki/Desmosterol","/wiki/Cholesterol","/wiki/Cholesterol","/wiki/Steroid","/wiki/22R-Hydroxycholesterol","/wiki/20%CE%B1,22R-Dihydroxycholesterol","/wiki/Steroid","/wiki/Corticosteroid","/wiki/Progestogen","/wiki/Mineralocorticoid","/wiki/Pregnenolone","/wiki/Progesterone","/wiki/Cortodoxone","/wiki/Corticosterone","/wiki/Aldosterone","/wiki/Glucocorticoid","/wiki/Pregnenolone","/wiki/17-Hydroxypregnenolone","/wiki/17-Hydroxyprogesterone","/wiki/Cortisol","/wiki/Cortisol","/wiki/Cortisone","/wiki/Sex_steroid","/wiki/Androgen","/wiki/Dehydroepiandrosterone","/wiki/Androstenedione","/wiki/5-Androstenediol","/wiki/Testosterone","/wiki/Dihydrotestosterone","/wiki/Dehydroepiandrosterone_sulfate","/wiki/Epitestosterone","/wiki/Estrogen","/wiki/Estetrol","/wiki/Estrone","/wiki/Estradiol","/wiki/Estriol","/wiki/Phytosterol","/wiki/Stigmasterol","/wiki/Brassicasterol","/wiki/Ergosterol","/wiki/Ergosterol","/wiki/Ergocalciferol","/wiki/Template:Medicine_navs","/wiki/Inborn_error_of_metabolism","/wiki/Template:Metabolism","/wiki/Template:Citric_acid_cycle_enzymes_and_ETC","/wiki/Template:Glycolysis_enzymes","/wiki/Template:Glycogenesis_and_glycogenolysis_enzymes","/wiki/Template:Fructose_and_galactose_metabolism_enzymes","/wiki/Template:Pentose_phosphate_pathway_enzymes","/wiki/Template:Glycoprotein_metabolism_enzymes","/wiki/Template:Proteoglycan_metabolism_enzymes","/wiki/Template:Lipid_metabolism_enzymes","/wiki/Template:Phospholipid_metabolism","/wiki/Template:Cholesterol_and_steroid_metabolism_enzymes","/wiki/Template:Lipoprotein_metabolism","/wiki/Template:Glycolipid/sphingolipid_metabolism_enzymes","/wiki/Template:Eicosanoid_metabolism_enzymes","/wiki/Template:Amino_acid_metabolism_enzymes","/wiki/Template:Urea_cycle_enzymes","/wiki/Template:Nucleotide_metabolism_enzymes","/wiki/Template:Porphyrin_metabolism_enzymes","/wiki/Template:Disorders_of_TCA_and_ETC","/wiki/Template:Inborn_errors_of_carbohydrate_metabolism","/wiki/Template:Glycoprotein_disorders","/wiki/Template:Proteoglycan_disorders","/wiki/Template:Fatty-acid_metabolism_disorders","/wiki/Template:Phospholipid_metabolism_disorders","/wiki/Template:Defects_of_cholesterol_and_steroid_metabolism","/wiki/Template:Lipid_metabolism_disorders","/wiki/Template:Lipid_storage_disorders","/wiki/Template:Eicosanoid_metabolism_disorders","/wiki/Template:Amino_acid_metabolic_pathology","/wiki/Template:Inborn_errors_of_purine-pyrimidine_metabolism","/wiki/Template:Heme_metabolism_disorders","/wiki/Template:Eponymous_medical_signs_for_endocrinology,_nutrition,_and_metabolism","/wiki/ATC_code_A16","/wiki/Template:Lipid_modifying_agents","/wiki/Template:Citric_acid_cycle","/wiki/Template:Glycolysis","/wiki/Template:Glycogenesis_and_glycogenolysis_metabolic_intermediates","/wiki/Template:Fructose_and_galactose_metabolic_intermediates","/wiki/Template:Pentose_phosphate_pathway_intermediates","/wiki/Template:Glycoproteins","/wiki/Template:Glycosaminoglycans","/wiki/Template:Fatty-acid_metabolism_intermediates","/wiki/Template:Phospholipids","/wiki/Template:Cholesterol_and_steroid_intermediates","/wiki/Template:Sphingolipids","/wiki/Template:Eicosanoids","/wiki/Template:Amino_acid_metabolism_intermediates","/wiki/Template:Urea_cycle","/wiki/Template:Nucleotide_metabolism_intermediates","/wiki/Template:Heme_metabolism_intermediates","/wiki/Template:Medicine_navs","/wiki/Endocrine_system","/wiki/Template:Endocrine_system_anatomy","/wiki/Template:Endocrinology_physiology","/wiki/Template:Embryology_of_endocrine_system","/wiki/Template:Hormones","/wiki/Template:Endocrine_pathology","/wiki/Template:Diabetes","/wiki/Template:Congenital_endocrine_disorders","/wiki/Template:Endocrine_gland_neoplasia","/wiki/Template:Symptoms_concerning_nutrition,_metabolism_and_development","/wiki/Template:Eponymous_medical_signs_for_endocrinology,_nutrition,_and_metabolism","/wiki/Template:Endocrine_system_procedures","/wiki/ATC_code_A","/wiki/Template:Oral_hypoglycemics_and_insulin_analogs","/wiki/Template:Pituitary_and_hypothalamic_hormones_and_analogues","/wiki/Template:Corticosteroids","/wiki/Template:Thyroid_therapy","/wiki/Template:Calcium_homeostasis","/wiki/Biochemistry","/wiki/Template:Metabolism","/wiki/Template:Carbohydrates","/wiki/Template:Alcohols","/wiki/Template:Glycoproteins","/wiki/Template:Glycosides","/wiki/Template:Lipids","/wiki/Template:Eicosanoids","/wiki/Template:Fatty_acids","/wiki/Template:Fatty-acid_metabolism_intermediates","/wiki/Template:Phospholipids","/wiki/Template:Sphingolipids","/wiki/Template:Cholesterol_and_steroid_intermediates","/wiki/Template:Nucleic_acids","/wiki/Template:Nucleobases,_nucleosides,_and_nucleotides","/wiki/Template:Nucleotide_metabolism_intermediates","/wiki/Template:Protein_topics","/wiki/Template:AminoAcids","/wiki/Template:Amino_acid_metabolism_intermediates","/wiki/Template:Tetrapyrroles","/wiki/Template:Heme_metabolism_intermediates","/wiki/File:AlphaHelixSection.svg","//upload.wikimedia.org/wikipedia/commons/thumb/f/ff/AlphaHelixSection.svg/40px-AlphaHelixSection.svg.png","/wiki/Biochemistry","/wiki/Wikipedia:Stub","//en.wikipedia.org/w/index.php?title=Isopentenyl_pyrophosphate&action=edit","/wiki/Template:Biochem-stub","/wiki/Template_talk:Biochem-stub","//en.wikipedia.org/w/index.php?title=Template:Biochem-stub&action=edit","http://en.wikipedia.org/w/index.php?title=Isopentenyl_pyrophosphate&oldid=544235683","/wiki/Help:Categories","/wiki/Category:Metabolism","/wiki/Category:Organophosphates","/wiki/Category:Hemiterpenes","/wiki/Category:Biochemistry_stubs","/w/index.php?title=Special:UserLogin&returnto=Isopentenyl+pyrophosphate&type=signup","/w/index.php?title=Special:UserLogin&returnto=Isopentenyl+pyrophosphate","/wiki/Isopentenyl_pyrophosphate","/wiki/Talk:Isopentenyl_pyrophosphate","#","/wiki/Isopentenyl_pyrophosphate","/w/index.php?title=Isopentenyl_pyrophosphate&action=edit","/w/index.php?title=Isopentenyl_pyrophosphate&action=history","#","/w/index.php","//bits.wikimedia.org/static-1.21wmf11/skins/vector/images/search-ltr.png?303-4","/wiki/Main_Page","/wiki/Main_Page","/wiki/Portal:Contents","/wiki/Portal:Featured_content","/wiki/Portal:Current_events","/wiki/Special:Random","//donate.wikimedia.org/wiki/Special:FundraiserRedirector?utm_source=donate&utm_medium=sidebar&utm_campaign=C13_en.wikipedia.org&uselang=en","/wiki/Help:Contents","/wiki/Wikipedia:About","/wiki/Wikipedia:Community_portal","/wiki/Special:RecentChanges","/wiki/Wikipedia:Contact_us","/wiki/Special:WhatLinksHere/Isopentenyl_pyrophosphate","/wiki/Special:RecentChangesLinked/Isopentenyl_pyrophosphate","/wiki/Wikipedia:File_Upload_Wizard","/wiki/Special:SpecialPages","/w/index.php?title=Isopentenyl_pyrophosphate&oldid=544235683","/w/index.php?title=Isopentenyl_pyrophosphate&action=info","/w/index.php?title=Special:Cite&page=Isopentenyl_pyrophosphate&id=544235683","/w/index.php?title=Special:Book&bookcmd=book_creator&referer=Isopentenyl+pyrophosphate","/w/index.php?title=Special:Book&bookcmd=render_article&arttitle=Isopentenyl+pyrophosphate&oldid=544235683&writer=rl","/w/index.php?title=Isopentenyl_pyrophosphate&printable=yes","//bg.wikipedia.org/wiki/%D0%98%D0%B7%D0%BE%D0%BF%D0%B5%D0%BD%D1%82%D0%B5%D0%BD%D0%B8%D0%BB_%D0%BF%D0%B8%D1%80%D0%BE%D1%84%D0%BE%D1%81%D1%84%D0%B0%D1%82","//de.wikipedia.org/wiki/Isopentenylpyrophosphat","//fa.wikipedia.org/wiki/%D8%A7%DB%8C%D8%B2%D9%88%D9%BE%D9%86%D8%AA%D9%86%DB%8C%D9%84_%D9%BE%DB%8C%D8%B1%D9%88%D9%81%D8%B3%D9%81%D8%A7%D8%AA","//fr.wikipedia.org/wiki/Isopent%C3%A9nyl-pyrophosphate","//gl.wikipedia.org/wiki/Isopentenil_pirofosfato","//id.wikipedia.org/wiki/Isopentenil_Pirofosfat","//it.wikipedia.org/wiki/Isopentenil_pirofosfato","//ja.wikipedia.org/wiki/%E3%82%A4%E3%82%BD%E3%83%9A%E3%83%B3%E3%83%86%E3%83%8B%E3%83%AB%E4%BA%8C%E3%83%AA%E3%83%B3%E9%85%B8","//pt.wikipedia.org/wiki/Pirofosfato_de_isopentenilo","//sr.wikipedia.org/wiki/Izopentenil_pirofosfat","//fi.wikipedia.org/wiki/Isopentenyylipyrofosfaatti","//www.wikidata.org/wiki/Special:ItemByTitle/enwiki/Isopentenyl pyrophosphate","//en.wikipedia.org/wiki/Wikipedia:Text_of_Creative_Commons_Attribution-ShareAlike_3.0_Unported_License","//creativecommons.org/licenses/by-sa/3.0/","//wikimediafoundation.org/wiki/Terms_of_Use","//www.wikimediafoundation.org/","//en.wikipedia.org/wiki/Wikipedia:Contact_us","//wikimediafoundation.org/wiki/Privacy_policy","/wiki/Wikipedia:About","/wiki/Wikipedia:General_disclaimer","http://en.m.wikipedia.org/wiki/Isopentenyl_pyrophosphate","//wikimediafoundation.org/","//bits.wikimedia.org/images/wikimedia-button.png","//www.mediawiki.org/","//bits.wikimedia.org/static-1.21wmf11/skins/common/images/poweredby_mediawiki_88x31.png","//bits.wikimedia.org/en.wikipedia.org/load.php?debug=false&lang=en&modules=skins.vector&only=scripts&skin=vector&*","/w/index.php?title=MediaWiki:Gadget-ReferenceTooltips.js&action=raw&ctype=text/javascript&508635914","//bits.wikimedia.org/en.wikipedia.org/load.php?debug=false&lang=en&modules=site&only=scripts&skin=vector&*"],"instances":[],"pdf":[],"categories":["Metabolism","Organophosphates","Hemiterpenes"],"headings":["See also","External links"],"image":["//upload.wikimedia.org/wikipedia/commons/thumb/8/80/IPP.png/210px-IPP.png","//upload.wikimedia.org/wikipedia/commons/thumb/1/1e/Isopentenyl-pyrophosphate-3D-balls.png/220px-Isopentenyl-pyrophosphate-3D-balls.png","//upload.wikimedia.org/wikipedia/en/thumb/f/fb/Yes_check.svg/7px-Yes_check.svg.png","//upload.wikimedia.org/wikipedia/en/thumb/f/fb/Yes_check.svg/7px-Yes_check.svg.png","//upload.wikimedia.org/wikipedia/en/thumb/f/fb/Yes_check.svg/7px-Yes_check.svg.png","//upload.wikimedia.org/wikipedia/en/thumb/f/fb/Yes_check.svg/7px-Yes_check.svg.png","//upload.wikimedia.org/wikipedia/en/thumb/f/fb/Yes_check.svg/7px-Yes_check.svg.png","//upload.wikimedia.org/wikipedia/en/thumb/f/fb/Yes_check.svg/14px-Yes_check.svg.png","//upload.wikimedia.org/wikipedia/en/thumb/f/fb/Yes_check.svg/10px-Yes_check.svg.png","//upload.wikimedia.org/wikipedia/commons/thumb/a/a2/X_mark.svg/10px-X_mark.svg.png","//upload.wikimedia.org/wikipedia/commons/thumb/4/4c/Mevalonate_pathway.png/350px-Mevalonate_pathway.png","//bits.wikimedia.org/static-1.21wmf11/skins/common/images/magnify-clip.png","//upload.wikimedia.org/wikipedia/commons/thumb/1/18/Sterol_synthesis.svg/350px-Sterol_synthesis.svg.png","//bits.wikimedia.org/static-1.21wmf11/skins/common/images/magnify-clip.png","//upload.wikimedia.org/wikipedia/commons/thumb/f/ff/AlphaHelixSection.svg/40px-AlphaHelixSection.svg.png","//bits.wikimedia.org/static-1.21wmf11/skins/vector/images/search-ltr.png?303-4","//bits.wikimedia.org/images/wikimedia-button.png","//bits.wikimedia.org/static-1.21wmf11/skins/common/images/poweredby_mediawiki_88x31.png"],"tags":[],"members":[],"related":["HMG-CoA_reductase_pathway","Terpene","Terpenoid","Acetyl-CoA","Mevalonic_acid","Dimethylallyl_pyrophosphate","Isopentenyl_pyrophosphate_isomerase","Geranyl_pyrophosphate","Non-mevalonate_pathway","HMB-PP","Non-mevalonate_pathway","Bacteria","Apicomplexa","Protozoa","Malaria","Plastids","Plants","Dimethylallyltranstransferase"]}