{"cursor":"864","size":15,"audio":[],"currentlang":"en","article":"\n'Maintaining' was a comic strip by cartoonist Nate Creekmore. Nate is a two-time\nwinner of the Scripps College Cartoonist of the Year and an Associated Press\naward for achievement in college cartooning. Nate's strip first appeared in the\nnewspaper at Lipscomb University in Nashville. Maintaining was later picked up\nfor syndication through Universal Press Syndicate. It was launched on May 7,\n2007 and canceled in August 2009 for poor sales. The last daily strip was August\n1, 2009 and the last Sunday strip was August 30, 2009.\n","linknr":93,"url":"maintaining","recorded":1363396484,"links":["/w/index.php?title=Maintaining&action=edit","/w/index.php?title=Maintaining&action=edit","//en.wikipedia.org/apple-touch-icon.png","//bits.wikimedia.org/favicon/wikipedia.ico","/w/opensearch_desc.php","//en.wikipedia.org/w/api.php?action=rsd","//creativecommons.org/licenses/by-sa/3.0/","/w/index.php?title=Special:RecentChanges&feed=atom","//bits.wikimedia.org/en.wikipedia.org/load.php?debug=false&lang=en&modules=ext.gadget.DRN-wizard%2CReferenceTooltips%2Ccharinsert%2Cteahouse%7Cext.wikihiero%7Cmediawiki.legacy.commonPrint%2Cshared%7Cmw.PopUpMediaTransform%7Cskins.vector&only=styles&skin=vector&*","//bits.wikimedia.org/en.wikipedia.org/load.php?debug=false&lang=en&modules=site&only=styles&skin=vector&*","//bits.wikimedia.org/en.wikipedia.org/load.php?debug=false&lang=en&modules=startup&only=scripts&skin=vector&*","//bits.wikimedia.org/geoiplookup","//meta.wikimedia.org","#mw-head","#p-search","/wiki/File:Question_book-new.svg","//upload.wikimedia.org/wikipedia/en/thumb/9/99/Question_book-new.svg/50px-Question_book-new.svg.png","/wiki/Wikipedia:Verifiability","/wiki/Wikipedia:No_original_research#Primary.2C_secondary_and_tertiary_sources","/wiki/Wikipedia:No_original_research#Primary.2C_secondary_and_tertiary_sources","/wiki/Nate_Creekmore","/wiki/Scripps_College","/wiki/Associated_Press","/wiki/Lipscomb_University","/wiki/Nashville,_Tennessee","/wiki/Universal_Press_Syndicate","/w/index.php?title=Maintaining&action=edit&section=1","http://www.creekification.com","http://www.gocomics.com/maintaining","/wiki/GoComics","/wiki/File:Stripballoons.svg","//upload.wikimedia.org/wikipedia/commons/thumb/6/6f/Stripballoons.svg/64px-Stripballoons.svg.png","/wiki/Comic_strip","/wiki/Wikipedia:Stub","//en.wikipedia.org/w/index.php?title=Maintaining&action=edit","/wiki/Template:Comic-strip-stub","/wiki/Template_talk:Comic-strip-stub","//en.wikipedia.org/w/index.php?title=Template:Comic-strip-stub&action=edit","http://en.wikipedia.org/w/index.php?title=Maintaining&oldid=456696290","/wiki/Help:Categories","/wiki/Category:American_comic_strips","/wiki/Category:Comic_strips_started_in_the_2000s","/wiki/Category:Comic_strip_stubs","/wiki/Category:Articles_lacking_reliable_references_from_August_2011","/wiki/Category:All_articles_lacking_reliable_references","/w/index.php?title=Special:UserLogin&returnto=Maintaining&type=signup","/w/index.php?title=Special:UserLogin&returnto=Maintaining","/wiki/Maintaining","/wiki/Talk:Maintaining","#","/wiki/Maintaining","/w/index.php?title=Maintaining&action=edit","/w/index.php?title=Maintaining&action=history","#","/w/index.php","//bits.wikimedia.org/static-1.21wmf10/skins/vector/images/search-ltr.png?303-4","/wiki/Main_Page","/wiki/Main_Page","/wiki/Portal:Contents","/wiki/Portal:Featured_content","/wiki/Portal:Current_events","/wiki/Special:Random","//donate.wikimedia.org/wiki/Special:FundraiserRedirector?utm_source=donate&utm_medium=sidebar&utm_campaign=C13_en.wikipedia.org&uselang=en","/wiki/Help:Contents","/wiki/Wikipedia:About","/wiki/Wikipedia:Community_portal","/wiki/Special:RecentChanges","/wiki/Wikipedia:Contact_us","/wiki/Special:WhatLinksHere/Maintaining","/wiki/Special:RecentChangesLinked/Maintaining","/wiki/Wikipedia:File_Upload_Wizard","/wiki/Special:SpecialPages","/w/index.php?title=Maintaining&oldid=456696290","/w/index.php?title=Maintaining&action=info","/w/index.php?title=Special:Cite&page=Maintaining&id=456696290","/w/index.php?title=Special:Book&bookcmd=book_creator&referer=Maintaining","/w/index.php?title=Special:Book&bookcmd=render_article&arttitle=Maintaining&oldid=456696290&writer=rl","/w/index.php?title=Maintaining&printable=yes","//en.wikipedia.org/wiki/Wikipedia:Text_of_Creative_Commons_Attribution-ShareAlike_3.0_Unported_License","//creativecommons.org/licenses/by-sa/3.0/","//wikimediafoundation.org/wiki/Terms_of_Use","//www.wikimediafoundation.org/","//en.wikipedia.org/wiki/Wikipedia:Contact_us","//wikimediafoundation.org/wiki/Privacy_policy","/wiki/Wikipedia:About","/wiki/Wikipedia:General_disclaimer","http://en.m.wikipedia.org/wiki/Maintaining","//wikimediafoundation.org/","//bits.wikimedia.org/images/wikimedia-button.png","//www.mediawiki.org/","//bits.wikimedia.org/static-1.21wmf10/skins/common/images/poweredby_mediawiki_88x31.png","//bits.wikimedia.org/en.wikipedia.org/load.php?debug=false&lang=en&modules=skins.vector&only=scripts&skin=vector&*","/w/index.php?title=MediaWiki:Gadget-ReferenceTooltips.js&action=raw&ctype=text/javascript&508635914","//bits.wikimedia.org/en.wikipedia.org/load.php?debug=false&lang=en&modules=site&only=scripts&skin=vector&*"],"instances":[],"pdf":[],"categories":["American comic strips","Comic strips started in the 2000s"],"headings":["External links"],"image":["//upload.wikimedia.org/wikipedia/en/thumb/9/99/Question_book-new.svg/50px-Question_book-new.svg.png","//upload.wikimedia.org/wikipedia/commons/thumb/6/6f/Stripballoons.svg/64px-Stripballoons.svg.png","//bits.wikimedia.org/static-1.21wmf10/skins/vector/images/search-ltr.png?303-4","//bits.wikimedia.org/images/wikimedia-button.png","//bits.wikimedia.org/static-1.21wmf10/skins/common/images/poweredby_mediawiki_88x31.png"],"tags":[],"members":[],"related":["Nate_Creekmore","Scripps_College","Associated_Press","Lipscomb_University","Nashville,_Tennessee","Universal_Press_Syndicate","GoComics"]}