{"cursor":"17220","size":15,"audio":[],"currentlang":"en","article":"\n\n'Nucleotides' are biological molecules that form the building blocks of nucleic\nacids (DNA and RNA) and serve to carry packets of energy within the cell (ATP).\nIn the form of the nucleoside triphosphates (ATP, GTP, CTP and UTP), nucleotides\nplay central roles in metabolism. Alberts B, Johnson A, Lewis\nJ, Raff M, Roberts K & Wlater P (2002). Molecular Biology of the Cell (4th ed.).\nGarland Science. ISBN 0-8153-3218-1. pp. 120â121. In addition, nucleotides\nparticipate in cell signaling (cGMP and cAMP), and are incorporated into\nimportant cofactors of enzymatic reactions (e.g. coenzyme A, FAD, FMN, NAD, and\nNADP +).\n","linknr":452,"url":"nucleotides","recorded":1363183749,"links":["/w/index.php?title=Nucleotide&action=edit","/w/index.php?title=Nucleotide&action=edit","//en.wikipedia.org/apple-touch-icon.png","//bits.wikimedia.org/favicon/wikipedia.ico","/w/opensearch_desc.php","//en.wikipedia.org/w/api.php?action=rsd","//creativecommons.org/licenses/by-sa/3.0/","/w/index.php?title=Special:RecentChanges&feed=atom","/wiki/Nucleotide","//bits.wikimedia.org/en.wikipedia.org/load.php?debug=false&lang=en&modules=ext.gadget.DRN-wizard%2CReferenceTooltips%2Ccharinsert%2Cteahouse%7Cext.wikihiero%7Cmediawiki.legacy.commonPrint%2Cshared%7Cmw.PopUpMediaTransform%7Cskins.vector&only=styles&skin=vector&*","//bits.wikimedia.org/en.wikipedia.org/load.php?debug=false&lang=en&modules=site&only=styles&skin=vector&*","//bits.wikimedia.org/en.wikipedia.org/load.php?debug=false&lang=en&modules=startup&only=scripts&skin=vector&*","//bits.wikimedia.org/geoiplookup","//meta.wikimedia.org","/w/index.php?title=Nucleotides&redirect=no","#mw-head","#p-search","/wiki/File:Nucleotides_1.svg","//upload.wikimedia.org/wikipedia/commons/thumb/e/e2/Nucleotides_1.svg/600px-Nucleotides_1.svg.png","/wiki/File:Nucleotides_1.svg","//bits.wikimedia.org/static-1.21wmf10/skins/common/images/magnify-clip.png","/wiki/Molecule","/wiki/Nucleic_acids","/wiki/DNA","/wiki/RNA","/wiki/Adenosine_triphosphate","/wiki/Nucleoside_triphosphate","/wiki/Adenosine_triphosphate","/wiki/Guanosine_triphosphate","/wiki/Cytidine_triphosphate","/wiki/Uridine_triphosphate","/wiki/Metabolism","#cite_note-Alberts-1","/wiki/Cell_signaling","/wiki/Cyclic_guanosine_monophosphate","/wiki/Cyclic_adenosine_monophosphate","/wiki/Cofactor_(biochemistry)","/wiki/Coenzyme_A","/wiki/FAD","/wiki/Flavin_mononucleotide","/wiki/Nicotinamide_adenine_dinucleotide","/wiki/NADP%2B","#Structure","#Synthesis","#Pyrimidine_ribonucleotide_synthesis","#Purine_ribonucleotide_synthesis","#Pyrimidine_and_purine_degradation","#Length_unit","#Abbreviation_codes_for_degenerate_bases","#See_also","#References","#External_links","/w/index.php?title=Nucleotide&action=edit&section=1","/wiki/File:Ribose_structure_2.png","//upload.wikimedia.org/wikipedia/commons/thumb/1/1e/Ribose_structure_2.png/220px-Ribose_structure_2.png","/wiki/File:Ribose_structure_2.png","//bits.wikimedia.org/static-1.21wmf10/skins/common/images/magnify-clip.png","/wiki/Nucleobase","/wiki/Ribose","/wiki/Deoxyribose","/wiki/Phosphate","#cite_note-2","/wiki/Nucleoside","/wiki/Chemical_bonds","/wiki/Cyclic_nucleotide","/wiki/Hydroxyl#Hydroxyl_group","#cite_note-Alberts-1","/wiki/Purine","/wiki/Pyrimidine","/wiki/Ribonucleotides","/wiki/Ribose","/wiki/Deoxyribonucleotides","/wiki/Deoxyribose","/wiki/Nucleic_acid","/wiki/DNA","/wiki/Adenine","/wiki/Guanine","/wiki/Thymine","/wiki/Cytosine","/wiki/RNA","/wiki/Uracil","/w/index.php?title=Nucleotide&action=edit&section=2","/wiki/In_vitro","/wiki/In_vivo","/wiki/De_novo_synthesis","/wiki/Nucleotide_salvage","#cite_note-3","/wiki/Purine","/wiki/Pyrimidine","/wiki/Cytoplasm","/wiki/Organelle","/wiki/Protecting_group","/wiki/Nucleoside","/wiki/Phosphoramidite","/wiki/Oligonucleotide_synthesis","/w/index.php?title=Nucleotide&action=edit&section=3","/wiki/File:Nucleotides_syn2.png","//upload.wikimedia.org/wikipedia/commons/thumb/6/6b/Nucleotides_syn2.png/400px-Nucleotides_syn2.png","/wiki/File:Nucleotides_syn2.png","//bits.wikimedia.org/static-1.21wmf10/skins/common/images/magnify-clip.png","/wiki/Uridine_monophosphate","/wiki/Pyrimidine_metabolism","/wiki/Glutamine","/wiki/Aspartate_carbamoyltransferase","/w/index.php?title=N-carbamoyl-aspartate&action=edit&redlink=1","/w/index.php?title=Dihydroorotic_acid&action=edit&redlink=1","/wiki/Dihydroorotase","/wiki/Orotate","/wiki/Dihydroorotate_oxidase","#cite_note-4","/wiki/Ribose","/wiki/Pyrophosphate","/wiki/Orotate_phosphoribosyltransferase","/wiki/Phosphoribosyl_pyrophosphate","/w/index.php?title=Orotidine-5-phosphate&action=edit&redlink=1","#cite_note-5","#cite_note-6","/w/index.php?title=Nucleotide&action=edit&section=4","/wiki/Purine_metabolism","/wiki/Purine_nucleotides","/wiki/File:Nucleotides_syn1.png","//upload.wikimedia.org/wikipedia/commons/thumb/5/51/Nucleotides_syn1.png/400px-Nucleotides_syn1.png","/wiki/File:Nucleotides_syn1.png","//bits.wikimedia.org/static-1.21wmf10/skins/common/images/magnify-clip.png","/wiki/File:Nucleotide_synthesis.svg","//upload.wikimedia.org/wikipedia/commons/thumb/4/4f/Nucleotide_synthesis.svg/250px-Nucleotide_synthesis.svg.png","/wiki/Biosynthetic","/wiki/Atoms","/wiki/Aspartic_acid","/wiki/Formate","/wiki/Glutamine","/wiki/Glycine","/wiki/De_novo_synthesis","/wiki/Purine_nucleotides","/wiki/Inosine_monophosphate","/wiki/Hypoxanthine","/wiki/Adenosine_monophosphate","/wiki/Guanosine_monophosphate","/wiki/Moiety_(chemistry)","/wiki/Ribonucleotides","/wiki/Freebase_(chemistry)","/w/index.php?title=IMP_synthesis&action=edit&redlink=1","/wiki/Phosphoribosylglycinamide_formyltransferase","/wiki/Phosphoribosylaminoimidazole_carboxylase","/wiki/Inosine_monophosphate_synthase","/wiki/PRPP","/wiki/PRPS1","/wiki/Enzyme","/wiki/R5P","/wiki/Pentose_phosphate_pathway","/wiki/PRPP","/wiki/Adenosine_triphosphate","/w/index.php?title=Pyrophosphoryl&action=edit&redlink=1","/wiki/R5P","/wiki/Tryptophan","/wiki/Histidine","/wiki/Pyrimidine_nucleotides","/w/index.php?title=Purine_nucleotide_biosynthesis&action=edit&redlink=1","/wiki/PPAT","/wiki/PRPP","/wiki/Pyrophosphate","/w/index.php?title=Amide_nitrogen&action=edit&redlink=1","/wiki/Glutamine","/wiki/Glycine","/wiki/Aspartate","/wiki/Folic_acid","/w/index.php?title=Ribose_C1&action=edit&redlink=1","/wiki/5-phosphorybosylamine","/w/index.php?title=Nucleotide&action=edit&section=5","/wiki/Uric_acid","/w/index.php?title=Nucleotide&action=edit&section=6","/wiki/Base_pair","/w/index.php?title=Nucleotide&action=edit&section=7","/wiki/Nucleic_acid_notation","/wiki/IUPAC","#cite_note-iupac-7","/wiki/Primer_(molecular_biology)","/wiki/Inosine","#cite_note-iupac-7","/wiki/Amine","/wiki/Ketone","/wiki/Purine","/wiki/Pyrimidine","/w/index.php?title=Nucleotide&action=edit&section=8","/wiki/Nucleoside","/wiki/Nucleobase","/wiki/Chromosome","/wiki/Gene","/wiki/Genetics","/wiki/Biology","/wiki/Nucleic_acid_analogues","/w/index.php?title=Nucleotide&action=edit&section=9","#cite_ref-Alberts_1-0","#cite_ref-Alberts_1-1","/wiki/Special:BookSources/0815332181","#cite_ref-2","/wiki/International_Standard_Book_Number","/wiki/Special:BookSources/978-0-8412-3999-9","#cite_ref-3","#cite_ref-4","/wiki/IUPAC_nomenclature_of_organic_chemistry","#cite_ref-5","/wiki/Digital_object_identifier","http://dx.doi.org/10.1146%2Fannurev.bi.49.070180.001345","/wiki/PubMed_Identifier","//www.ncbi.nlm.nih.gov/pubmed/6105839","#cite_ref-6","/wiki/International_Standard_Book_Number","/wiki/Special:BookSources/978-0-9747077-1-6","#cite_ref-iupac_7-0","#cite_ref-iupac_7-1","http://www.chem.qmul.ac.uk/iubmb/misc/naseq.html","http://www.chem.qmul.ac.uk/iubmb/misc/naseq.html","/w/index.php?title=Nucleotide&action=edit&section=10","http://www.chem.qmul.ac.uk/iupac/misc/naabb.html","/wiki/IUPAC","http://www.iupac.org/reports/provisional/abstract04/BB-prs310305/Chapter10.pdf","http://dl.clackamas.cc.or.us/ch106-09/nucleoti.htm","/wiki/Template:Genetics","/wiki/Template_talk:Genetics","//en.wikipedia.org/w/index.php?title=Template:Genetics&action=edit","/wiki/Genetics","/wiki/Introduction_to_genetics","/wiki/History_of_genetics","/wiki/Index_of_genetics_articles","/wiki/List_of_genetics_research_organizations","/wiki/Chromosome","/wiki/DNA","/wiki/RNA","/wiki/Genome","/wiki/Classical_genetics","/wiki/Conservation_genetics","/wiki/Ecological_genetics","/wiki/Immunogenetics","/wiki/Molecular_genetics","/wiki/Population_genetics","/wiki/Quantitative_genetics","/wiki/Archaeogenetics","/wiki/Genetic_history_of_indigenous_peoples_of_the_Americas","/wiki/Genetic_history_of_the_British_Isles","/wiki/Genetic_history_of_Europe","/wiki/Genetic_history_of_Italy","/wiki/Archaeogenetics_of_the_Near_East","/wiki/Genetics_and_archaeogenetics_of_South_Asia","/wiki/Epigenetics","/wiki/Geneticist","/wiki/Genomics","/wiki/Genetic_code","/wiki/Medical_genetics","/wiki/Molecular_evolution","/wiki/Reverse_genetics","/wiki/Genetic_engineering","/wiki/Genetic_diversity","/wiki/Heredity","/wiki/Genetic_monitoring","/wiki/Template:Nucleobases,_nucleosides,_and_nucleotides","/wiki/Template_talk:Nucleobases,_nucleosides,_and_nucleotides","//en.wikipedia.org/w/index.php?title=Template:Nucleobases,_nucleosides,_and_nucleotides&action=edit","/wiki/Nucleic_acid","/wiki/Nucleobase","/wiki/Purine","/wiki/Adenine","/wiki/Guanine","/wiki/Purine_analogue","/wiki/Pyrimidine","/wiki/Uracil","/wiki/Thymine","/wiki/Cytosine","/wiki/Pyrimidine_analogue","/wiki/Nucleoside","/wiki/Ribonucleoside","/wiki/Adenosine","/wiki/Guanosine","/wiki/5-Methyluridine","/wiki/Uridine","/wiki/Cytidine","/wiki/Deoxyribonucleoside","/wiki/Deoxyadenosine","/wiki/Deoxyguanosine","/wiki/Thymidine","/wiki/Deoxyuridine","/wiki/Deoxycytidine","/wiki/Ribonucleotide","/wiki/Adenosine_monophosphate","/wiki/Guanosine_monophosphate","/w/index.php?title=5-Methyluridine_monophosphate&action=edit&redlink=1","/wiki/Uridine_monophosphate","/wiki/Cytidine_monophosphate","/wiki/Deoxyribonucleotide","/wiki/Deoxyadenosine_monophosphate","/wiki/Deoxyguanosine_monophosphate","/wiki/Thymidine_monophosphate","/wiki/Deoxyuridine_monophosphate","/wiki/Deoxycytidine_monophosphate","/wiki/Cyclic_nucleotide","/wiki/Cyclic_adenosine_monophosphate","/wiki/Cyclic_guanosine_monophosphate","/wiki/Cyclic_di-GMP","/wiki/Cyclic_ADP-ribose","/wiki/Nucleoside_diphosphate","/wiki/Adenosine_diphosphate","/wiki/Guanosine_diphosphate","/w/index.php?title=5-Methyluridine_diphosphate&action=edit&redlink=1","/wiki/Uridine_diphosphate","/wiki/Cytidine_diphosphate","/wiki/Deoxyadenosine_diphosphate","/wiki/Deoxyguanosine_diphosphate","/wiki/Thymidine_diphosphate","/w/index.php?title=Deoxyuridine_diphosphate&action=edit&redlink=1","/wiki/Deoxycytidine_diphosphate","/wiki/Nucleoside_triphosphate","/wiki/Adenosine_triphosphate","/wiki/Guanosine_triphosphate","/wiki/5-Methyluridine_triphosphate","/wiki/Uridine_triphosphate","/wiki/Cytidine_triphosphate","/wiki/Deoxyadenosine_triphosphate","/wiki/Deoxyguanosine_triphosphate","/wiki/Thymidine_triphosphate","/w/index.php?title=Deoxyuridine_triphosphate&action=edit&redlink=1","/wiki/Deoxycytidine_triphosphate","/wiki/Biochemistry","/wiki/Template:Metabolism","/wiki/Template:Carbohydrates","/wiki/Template:Alcohols","/wiki/Template:Glycoproteins","/wiki/Template:Glycosides","/wiki/Template:Lipids","/wiki/Template:Eicosanoids","/wiki/Template:Fatty_acids","/wiki/Template:Fatty-acid_metabolism_intermediates","/wiki/Template:Phospholipids","/wiki/Template:Sphingolipids","/wiki/Template:Cholesterol_and_steroid_intermediates","/wiki/Template:Nucleic_acids","/wiki/Template:Nucleobases,_nucleosides,_and_nucleotides","/wiki/Template:Nucleotide_metabolism_intermediates","/wiki/Template:Protein_topics","/wiki/Template:AminoAcids","/wiki/Template:Amino_acid_metabolism_intermediates","/wiki/Template:Tetrapyrroles","/wiki/Template:Heme_metabolism_intermediates","http://en.wikipedia.org/w/index.php?title=Nucleotide&oldid=543441621","/wiki/Help:Categories","/wiki/Category:Nucleotides","/wiki/Category:Genetics","/w/index.php?title=Special:UserLogin&returnto=Nucleotide&type=signup","/w/index.php?title=Special:UserLogin&returnto=Nucleotide","/wiki/Nucleotide","/wiki/Talk:Nucleotide","#","/wiki/Nucleotide","/w/index.php?title=Nucleotide&action=edit","/w/index.php?title=Nucleotide&action=history","#","/w/index.php","//bits.wikimedia.org/static-1.21wmf10/skins/vector/images/search-ltr.png?303-4","/wiki/Main_Page","/wiki/Main_Page","/wiki/Portal:Contents","/wiki/Portal:Featured_content","/wiki/Portal:Current_events","/wiki/Special:Random","//donate.wikimedia.org/wiki/Special:FundraiserRedirector?utm_source=donate&utm_medium=sidebar&utm_campaign=C13_en.wikipedia.org&uselang=en","/wiki/Help:Contents","/wiki/Wikipedia:About","/wiki/Wikipedia:Community_portal","/wiki/Special:RecentChanges","/wiki/Wikipedia:Contact_us","/wiki/Special:WhatLinksHere/Nucleotide","/wiki/Special:RecentChangesLinked/Nucleotide","/wiki/Wikipedia:File_Upload_Wizard","/wiki/Special:SpecialPages","/w/index.php?title=Nucleotide&oldid=543441621","/w/index.php?title=Nucleotide&action=info","/w/index.php?title=Special:Cite&page=Nucleotide&id=543441621","/w/index.php?title=Special:Book&bookcmd=book_creator&referer=Nucleotide","/w/index.php?title=Special:Book&bookcmd=render_article&arttitle=Nucleotide&oldid=543441621&writer=rl","/w/index.php?title=Nucleotide&printable=yes","//ar.wikipedia.org/wiki/%D9%86%D9%88%D9%83%D9%84%D9%8A%D9%88%D8%AA%D9%8A%D8%AF","//zh-min-nan.wikipedia.org/wiki/Hu%CC%8Dt-kam-sng","//be.wikipedia.org/wiki/%D0%9D%D1%83%D0%BA%D0%BB%D0%B5%D0%B0%D1%82%D1%8B%D0%B4%D1%8B","//bg.wikipedia.org/wiki/%D0%9D%D1%83%D0%BA%D0%BB%D0%B5%D0%BE%D1%82%D0%B8%D0%B4","//bs.wikipedia.org/wiki/Nukleotidi","//ca.wikipedia.org/wiki/Nucle%C3%B2tid","//cs.wikipedia.org/wiki/Nukleotid","//da.wikipedia.org/wiki/Nukleotid","//de.wikipedia.org/wiki/Nukleotide","//et.wikipedia.org/wiki/Nukleotiidid","//el.wikipedia.org/wiki/%CE%9D%CE%BF%CF%85%CE%BA%CE%BB%CE%B5%CE%BF%CF%84%CE%AF%CE%B4%CE%B9%CE%BF","//es.wikipedia.org/wiki/Nucle%C3%B3tido","//eo.wikipedia.org/wiki/Nukleotido","//eu.wikipedia.org/wiki/Nukleotido","//fa.wikipedia.org/wiki/%D9%86%D9%88%DA%A9%D9%84%D8%A6%D9%88%D8%AA%DB%8C%D8%AF","//fr.wikipedia.org/wiki/Nucl%C3%A9otide","//ga.wikipedia.org/wiki/N%C3%BAicl%C3%A9it%C3%ADd","//gl.wikipedia.org/wiki/Nucle%C3%B3tido","//ko.wikipedia.org/wiki/%EB%89%B4%ED%81%B4%EB%A0%88%EC%98%A4%ED%83%80%EC%9D%B4%EB%93%9C","//hy.wikipedia.org/wiki/%D5%86%D5%B8%D6%82%D5%AF%D5%AC%D5%A5%D5%B8%D5%BF%D5%AB%D5%A4","//hr.wikipedia.org/wiki/Nukleotidi","//id.wikipedia.org/wiki/Nukleotida","//is.wikipedia.org/wiki/Kirni","//it.wikipedia.org/wiki/Nucleotide","//he.wikipedia.org/wiki/%D7%A0%D7%95%D7%A7%D7%9C%D7%90%D7%95%D7%98%D7%99%D7%93","//jv.wikipedia.org/wiki/Nukleotida","//ka.wikipedia.org/wiki/%E1%83%9C%E1%83%A3%E1%83%99%E1%83%9A%E1%83%94%E1%83%9D%E1%83%A2%E1%83%98%E1%83%93%E1%83%98","//kk.wikipedia.org/wiki/%D0%9D%D1%83%D0%BA%D0%BB%D0%B5%D0%BE%D1%82%D0%B8%D0%B4%D1%82%D0%B5%D1%80","//ht.wikipedia.org/wiki/Nikleyotid","//la.wikipedia.org/wiki/Nucleotidum","//lb.wikipedia.org/wiki/Nukleotid","//lt.wikipedia.org/wiki/Nukleotidas","//hu.wikipedia.org/wiki/Nukleotid","//mk.wikipedia.org/wiki/%D0%9D%D1%83%D0%BA%D0%BB%D0%B5%D0%BE%D1%82%D0%B8%D0%B4","//ms.wikipedia.org/wiki/Nukleotida","//nl.wikipedia.org/wiki/Nucleotide","//ja.wikipedia.org/wiki/%E3%83%8C%E3%82%AF%E3%83%AC%E3%82%AA%E3%83%81%E3%83%89","//no.wikipedia.org/wiki/Nukleotid","//oc.wikipedia.org/wiki/Nucleotid","//pl.wikipedia.org/wiki/Nukleotydy","//pt.wikipedia.org/wiki/Nucle%C3%B3tido","//ro.wikipedia.org/wiki/Nucleotid%C4%83","//ru.wikipedia.org/wiki/%D0%9D%D1%83%D0%BA%D0%BB%D0%B5%D0%BE%D1%82%D0%B8%D0%B4%D1%8B","//sq.wikipedia.org/wiki/Nukleotidi","//simple.wikipedia.org/wiki/Nucleotide","//sk.wikipedia.org/wiki/Nukleotid","//sl.wikipedia.org/wiki/Nukleotid","//sr.wikipedia.org/wiki/%D0%9D%D1%83%D0%BA%D0%BB%D0%B5%D0%BE%D1%82%D0%B8%D0%B4","//sh.wikipedia.org/wiki/Nukleotidi","//fi.wikipedia.org/wiki/Nukleotidi","//sv.wikipedia.org/wiki/Nukleotid","//th.wikipedia.org/wiki/%E0%B8%99%E0%B8%B4%E0%B8%A7%E0%B8%84%E0%B8%A5%E0%B8%B5%E0%B9%82%E0%B8%AD%E0%B9%84%E0%B8%97%E0%B8%94%E0%B9%8C","//tr.wikipedia.org/wiki/N%C3%BCkleotit","//uk.wikipedia.org/wiki/%D0%9D%D1%83%D0%BA%D0%BB%D0%B5%D0%BE%D1%82%D0%B8%D0%B4%D0%B8","//ur.wikipedia.org/wiki/%D9%85%D8%B1%D8%AB%D8%A7%D9%84%D8%AB%DB%81","//vi.wikipedia.org/wiki/Nucleotide","//zh.wikipedia.org/wiki/%E6%A0%B8%E8%8B%B7%E9%85%B8","//www.wikidata.org/wiki/Special:ItemByTitle/enwiki/Nucleotide","//en.wikipedia.org/wiki/Wikipedia:Text_of_Creative_Commons_Attribution-ShareAlike_3.0_Unported_License","//creativecommons.org/licenses/by-sa/3.0/","//wikimediafoundation.org/wiki/Terms_of_Use","//www.wikimediafoundation.org/","//en.wikipedia.org/wiki/Wikipedia:Contact_us","//wikimediafoundation.org/wiki/Privacy_policy","/wiki/Wikipedia:About","/wiki/Wikipedia:General_disclaimer","http://en.m.wikipedia.org/wiki/Nucleotide","//wikimediafoundation.org/","//bits.wikimedia.org/images/wikimedia-button.png","//www.mediawiki.org/","//bits.wikimedia.org/static-1.21wmf10/skins/common/images/poweredby_mediawiki_88x31.png","//bits.wikimedia.org/en.wikipedia.org/load.php?debug=false&lang=en&modules=skins.vector&only=scripts&skin=vector&*","/w/index.php?title=MediaWiki:Gadget-ReferenceTooltips.js&action=raw&ctype=text/javascript&508635914","//bits.wikimedia.org/en.wikipedia.org/load.php?debug=false&lang=en&modules=site&only=scripts&skin=vector&*"],"instances":["biochemistry","molecular_biology","chemistry","chemistry"],"pdf":["http://www.iupac.org/reports/provisional/abstract04/BB-prs310305/Chapter10.pdf"],"categories":["Nucleotides|*","Genetics"],"headings":["Structure","Synthesis","Length unit","Abbreviation codes for degenerate bases","See also","References","External links"],"image":["//upload.wikimedia.org/wikipedia/commons/thumb/e/e2/Nucleotides_1.svg/600px-Nucleotides_1.svg.png","//bits.wikimedia.org/static-1.21wmf10/skins/common/images/magnify-clip.png","//upload.wikimedia.org/wikipedia/commons/thumb/1/1e/Ribose_structure_2.png/220px-Ribose_structure_2.png","//bits.wikimedia.org/static-1.21wmf10/skins/common/images/magnify-clip.png","//upload.wikimedia.org/wikipedia/commons/thumb/6/6b/Nucleotides_syn2.png/400px-Nucleotides_syn2.png","//bits.wikimedia.org/static-1.21wmf10/skins/common/images/magnify-clip.png","//upload.wikimedia.org/wikipedia/commons/thumb/5/51/Nucleotides_syn1.png/400px-Nucleotides_syn1.png","//bits.wikimedia.org/static-1.21wmf10/skins/common/images/magnify-clip.png","//upload.wikimedia.org/wikipedia/commons/thumb/4/4f/Nucleotide_synthesis.svg/250px-Nucleotide_synthesis.svg.png","//bits.wikimedia.org/static-1.21wmf10/skins/vector/images/search-ltr.png?303-4","//bits.wikimedia.org/images/wikimedia-button.png","//bits.wikimedia.org/static-1.21wmf10/skins/common/images/poweredby_mediawiki_88x31.png"],"tags":[["cofactor","biochemistry"],["moiety","chemistry"],["freebase","chemistry"],["primer","molecular_biology"]],"members":["cofactor","primer","moiety","freebase"],"related":["Molecule","Nucleic_acids","DNA","RNA","Adenosine_triphosphate","Nucleoside_triphosphate","Adenosine_triphosphate","Guanosine_triphosphate","Cytidine_triphosphate","Uridine_triphosphate","Metabolism","Cell_signaling","Cyclic_guanosine_monophosphate","Cyclic_adenosine_monophosphate","Cofactor_(biochemistry)","Coenzyme_A","FAD","Flavin_mononucleotide","Nicotinamide_adenine_dinucleotide","NADP+","Nucleobase","Ribose","Deoxyribose","Phosphate","Nucleoside","Chemical_bonds","Cyclic_nucleotide","Purine","Pyrimidine","Ribonucleotides","Ribose","Deoxyribonucleotides","Deoxyribose","Nucleic_acid","DNA","Adenine","Guanine","Thymine","Cytosine","RNA","Uracil","In_vitro","In_vivo","De_novo_synthesis","Nucleotide_salvage","Purine","Pyrimidine","Cytoplasm","Organelle","Protecting_group","Nucleoside","Phosphoramidite","Oligonucleotide_synthesis","Glutamine","Aspartate_carbamoyltransferase","N-carbamoyl-aspartate","Dihydroorotic_acid","Dihydroorotase","Orotate","Dihydroorotate_oxidase","IUPAC_nomenclature_of_organic_chemistry","Ribose","Pyrophosphate","Orotate_phosphoribosyltransferase","Phosphoribosyl_pyrophosphate","Orotidine-5-phosphate","Purine_nucleotides","Aspartic_acid","Formate","Glutamine","Glycine","De_novo_synthesis","Purine_nucleotides","Inosine_monophosphate","Hypoxanthine","Adenosine_monophosphate","Guanosine_monophosphate","Moiety_(chemistry)","Ribonucleotides","Freebase_(chemistry)","IMP_synthesis","Phosphoribosylglycinamide_formyltransferase","Phosphoribosylaminoimidazole_carboxylase","Inosine_monophosphate_synthase","PRPP","PRPS1","Enzyme","R5P","Pentose_phosphate_pathway","PRPP","Adenosine_triphosphate","Pyrophosphoryl","R5P","Tryptophan","Histidine","Pyrimidine_nucleotides","Purine_nucleotide_biosynthesis","PPAT","PRPP","Pyrophosphate","Amide_nitrogen","Glutamine","Glycine","Aspartate","Folic_acid","Ribose_C1","5-phosphorybosylamine","Uric_acid","Base_pair","IUPAC","Primer_(molecular_biology)","Inosine","Amine","Ketone","Purine","Pyrimidine","Nucleoside","Nucleobase","Chromosome","Gene","Genetics","Biology","Nucleic_acid_analogues","IUPAC"]}