{"cursor":"52971","size":15,"audio":["//upload.wikimedia.org/wikipedia/commons/b/b6/Nitrogen.ogg","http://www.rsc.org/images/CIIE_nitrogen_48k_tcm18-125306.mp3"],"currentlang":"en","article":"\n'Nitrogen' is a chemical element with symbol 'N' and atomic number 7.\nElemental nitrogen is a colorless, odorless, tasteless, and mostly inert\ndiatomic gas at standard conditions, constituting 78.09% by volume of Earth's\natmosphere. The element nitrogen was discovered as a separable component of\nair, by Scottish physician Daniel Rutherford, in 1772. It belongs to the\npnictogen family.\n\nNitrogen is a common element in the universe, estimated at about seventh in\ntotal abundance in our galaxy and the Solar System. It is synthesised by fusion\nof carbon and hydrogen in supernovas. Due to the volatility of elemental\nnitrogen and its common compounds with hydrogen and oxygen, nitrogen is far less\ncommon on the rocky planets of the inner Solar System, and it is a relatively\nrare element on Earth as a whole. However, as on Earth, nitrogen and its\ncompounds occur commonly as gases in the atmospheres of planets and moons that\nhave atmospheres.\n\nMany industrially important compounds, such as ammonia, nitric acid, organic\nnitrates (propellants and explosives), and cyanides, contain nitrogen. The\nextremely strong bond in elemental nitrogen dominates nitrogen chemistry,\ncausing difficulty for both organisms and industry in converting (or \"fixing\")\nthe into useful compounds, but at the same time causing release of large amounts\nof often useful energy when the compounds burn, explode, or decay back into\nnitrogen gas. Synthetically-produced ammonia and nitrates are key industrial\nfertilizers and fertilizer nitrates are key pollutants in causing the\neutrophication of water systems.\n\nOutside their major uses as fertilizers and energy-stores, nitrogen compounds\nare versatile organics. Nitrogen is part of materials as diverse as Kevlar\nfabric and cyanoacrylate \"super\" glue. Nitrogen is a constituent of molecules in\nevery major pharmacological drug class, including the antibiotics. Many drugs\nare mimics or prodrugs of natural nitrogen-containing signal molecules: for\nexample, the organic nitrates nitroglycerin and nitroprusside control blood\npressure by being metabolized to natural nitric oxide. Plant alkaloids (often\ndefense chemicals) contain nitrogen by definition, and thus many notable nitrogen-\ncontaining drugs, such as caffeine and morphine are either alkaloids or\nsynthetic mimics that act (as many plant alkaloids do) upon receptors of animal\nneurotransmitters (for example, synthetic amphetamines).\n\nNitrogen occurs in all organisms, primarily in amino acids (and thus proteins)\nand also in the nucleic acids (DNA and RNA). The human body contains about 3% by\nweight of nitrogen, the fourth most abundant element in the body after oxygen,\ncarbon, and hydrogen. The nitrogen cycle describes movement of the element from\nthe air into the biosphere and organic compounds, then back into the atmosphere.\n","linknr":1583,"url":"Nitrogen","recorded":1364056632,"links":["/w/index.php?title=Nitrogen&action=edit","/w/index.php?title=Nitrogen&action=edit","//en.wikipedia.org/apple-touch-icon.png","//bits.wikimedia.org/favicon/wikipedia.ico","/w/opensearch_desc.php","//en.wikipedia.org/w/api.php?action=rsd","//creativecommons.org/licenses/by-sa/3.0/","/w/index.php?title=Special:RecentChanges&feed=atom","//bits.wikimedia.org/en.wikipedia.org/load.php?debug=false&lang=en&modules=ext.gadget.DRN-wizard%2CReferenceTooltips%2Ccharinsert%2Cteahouse%7Cext.wikihiero%7Cmediawiki.legacy.commonPrint%2Cshared%7Cmw.PopUpMediaTransform%7Cskins.vector&only=styles&skin=vector&*","//bits.wikimedia.org/en.wikipedia.org/load.php?debug=false&lang=en&modules=site&only=styles&skin=vector&*","//bits.wikimedia.org/en.wikipedia.org/load.php?debug=false&lang=en&modules=startup&only=scripts&skin=vector&*","//bits.wikimedia.org/geoiplookup","//meta.wikimedia.org","#mw-head","#p-search","/wiki/Phosphorus","/wiki/Hydrogen","//upload.wikimedia.org/wikipedia/commons/c/ce/Transparent.gif","/wiki/Helium","//upload.wikimedia.org/wikipedia/commons/c/ce/Transparent.gif","/wiki/Lithium","//upload.wikimedia.org/wikipedia/commons/c/ce/Transparent.gif","/wiki/Beryllium","//upload.wikimedia.org/wikipedia/commons/c/ce/Transparent.gif","/wiki/Boron","//upload.wikimedia.org/wikipedia/commons/c/ce/Transparent.gif","/wiki/Carbon","//upload.wikimedia.org/wikipedia/commons/c/ce/Transparent.gif","/wiki/Nitrogen","//upload.wikimedia.org/wikipedia/commons/c/ce/Transparent.gif","/wiki/Oxygen","//upload.wikimedia.org/wikipedia/commons/c/ce/Transparent.gif","/wiki/Fluorine","//upload.wikimedia.org/wikipedia/commons/c/ce/Transparent.gif","/wiki/Neon","//upload.wikimedia.org/wikipedia/commons/c/ce/Transparent.gif","/wiki/Sodium","//upload.wikimedia.org/wikipedia/commons/c/ce/Transparent.gif","/wiki/Magnesium","//upload.wikimedia.org/wikipedia/commons/c/ce/Transparent.gif","/wiki/Aluminium","//upload.wikimedia.org/wikipedia/commons/c/ce/Transparent.gif","/wiki/Silicon","//upload.wikimedia.org/wikipedia/commons/c/ce/Transparent.gif","/wiki/Phosphorus","//upload.wikimedia.org/wikipedia/commons/c/ce/Transparent.gif","/wiki/Sulfur","//upload.wikimedia.org/wikipedia/commons/c/ce/Transparent.gif","/wiki/Chlorine","//upload.wikimedia.org/wikipedia/commons/c/ce/Transparent.gif","/wiki/Argon","//upload.wikimedia.org/wikipedia/commons/c/ce/Transparent.gif","/wiki/Potassium","//upload.wikimedia.org/wikipedia/commons/c/ce/Transparent.gif","/wiki/Calcium","//upload.wikimedia.org/wikipedia/commons/c/ce/Transparent.gif","/wiki/Scandium","//upload.wikimedia.org/wikipedia/commons/c/ce/Transparent.gif","/wiki/Titanium","//upload.wikimedia.org/wikipedia/commons/c/ce/Transparent.gif","/wiki/Vanadium","//upload.wikimedia.org/wikipedia/commons/c/ce/Transparent.gif","/wiki/Chromium","//upload.wikimedia.org/wikipedia/commons/c/ce/Transparent.gif","/wiki/Manganese","//upload.wikimedia.org/wikipedia/commons/c/ce/Transparent.gif","/wiki/Iron","//upload.wikimedia.org/wikipedia/commons/c/ce/Transparent.gif","/wiki/Cobalt","//upload.wikimedia.org/wikipedia/commons/c/ce/Transparent.gif","/wiki/Nickel","//upload.wikimedia.org/wikipedia/commons/c/ce/Transparent.gif","/wiki/Copper","//upload.wikimedia.org/wikipedia/commons/c/ce/Transparent.gif","/wiki/Zinc","//upload.wikimedia.org/wikipedia/commons/c/ce/Transparent.gif","/wiki/Gallium","//upload.wikimedia.org/wikipedia/commons/c/ce/Transparent.gif","/wiki/Germanium","//upload.wikimedia.org/wikipedia/commons/c/ce/Transparent.gif","/wiki/Arsenic","//upload.wikimedia.org/wikipedia/commons/c/ce/Transparent.gif","/wiki/Selenium","//upload.wikimedia.org/wikipedia/commons/c/ce/Transparent.gif","/wiki/Bromine","//upload.wikimedia.org/wikipedia/commons/c/ce/Transparent.gif","/wiki/Krypton","//upload.wikimedia.org/wikipedia/commons/c/ce/Transparent.gif","/wiki/Rubidium","//upload.wikimedia.org/wikipedia/commons/c/ce/Transparent.gif","/wiki/Strontium","//upload.wikimedia.org/wikipedia/commons/c/ce/Transparent.gif","/wiki/Yttrium","//upload.wikimedia.org/wikipedia/commons/c/ce/Transparent.gif","/wiki/Zirconium","//upload.wikimedia.org/wikipedia/commons/c/ce/Transparent.gif","/wiki/Niobium","//upload.wikimedia.org/wikipedia/commons/c/ce/Transparent.gif","/wiki/Molybdenum","//upload.wikimedia.org/wikipedia/commons/c/ce/Transparent.gif","/wiki/Technetium","//upload.wikimedia.org/wikipedia/commons/c/ce/Transparent.gif","/wiki/Ruthenium","//upload.wikimedia.org/wikipedia/commons/c/ce/Transparent.gif","/wiki/Rhodium","//upload.wikimedia.org/wikipedia/commons/c/ce/Transparent.gif","/wiki/Palladium","//upload.wikimedia.org/wikipedia/commons/c/ce/Transparent.gif","/wiki/Silver","//upload.wikimedia.org/wikipedia/commons/c/ce/Transparent.gif","/wiki/Cadmium","//upload.wikimedia.org/wikipedia/commons/c/ce/Transparent.gif","/wiki/Indium","//upload.wikimedia.org/wikipedia/commons/c/ce/Transparent.gif","/wiki/Tin","//upload.wikimedia.org/wikipedia/commons/c/ce/Transparent.gif","/wiki/Antimony","//upload.wikimedia.org/wikipedia/commons/c/ce/Transparent.gif","/wiki/Tellurium","//upload.wikimedia.org/wikipedia/commons/c/ce/Transparent.gif","/wiki/Iodine","//upload.wikimedia.org/wikipedia/commons/c/ce/Transparent.gif","/wiki/Xenon","//upload.wikimedia.org/wikipedia/commons/c/ce/Transparent.gif","/wiki/Caesium","//upload.wikimedia.org/wikipedia/commons/c/ce/Transparent.gif","/wiki/Barium","//upload.wikimedia.org/wikipedia/commons/c/ce/Transparent.gif","/wiki/Lanthanum","//upload.wikimedia.org/wikipedia/commons/c/ce/Transparent.gif","/wiki/Cerium","//upload.wikimedia.org/wikipedia/commons/c/ce/Transparent.gif","/wiki/Praseodymium","//upload.wikimedia.org/wikipedia/commons/c/ce/Transparent.gif","/wiki/Neodymium","//upload.wikimedia.org/wikipedia/commons/c/ce/Transparent.gif","/wiki/Promethium","//upload.wikimedia.org/wikipedia/commons/c/ce/Transparent.gif","/wiki/Samarium","//upload.wikimedia.org/wikipedia/commons/c/ce/Transparent.gif","/wiki/Europium","//upload.wikimedia.org/wikipedia/commons/c/ce/Transparent.gif","/wiki/Gadolinium","//upload.wikimedia.org/wikipedia/commons/c/ce/Transparent.gif","/wiki/Terbium","//upload.wikimedia.org/wikipedia/commons/c/ce/Transparent.gif","/wiki/Dysprosium","//upload.wikimedia.org/wikipedia/commons/c/ce/Transparent.gif","/wiki/Holmium","//upload.wikimedia.org/wikipedia/commons/c/ce/Transparent.gif","/wiki/Erbium","//upload.wikimedia.org/wikipedia/commons/c/ce/Transparent.gif","/wiki/Thulium","//upload.wikimedia.org/wikipedia/commons/c/ce/Transparent.gif","/wiki/Ytterbium","//upload.wikimedia.org/wikipedia/commons/c/ce/Transparent.gif","/wiki/Lutetium","//upload.wikimedia.org/wikipedia/commons/c/ce/Transparent.gif","/wiki/Hafnium","//upload.wikimedia.org/wikipedia/commons/c/ce/Transparent.gif","/wiki/Tantalum","//upload.wikimedia.org/wikipedia/commons/c/ce/Transparent.gif","/wiki/Tungsten","//upload.wikimedia.org/wikipedia/commons/c/ce/Transparent.gif","/wiki/Rhenium","//upload.wikimedia.org/wikipedia/commons/c/ce/Transparent.gif","/wiki/Osmium","//upload.wikimedia.org/wikipedia/commons/c/ce/Transparent.gif","/wiki/Iridium","//upload.wikimedia.org/wikipedia/commons/c/ce/Transparent.gif","/wiki/Platinum","//upload.wikimedia.org/wikipedia/commons/c/ce/Transparent.gif","/wiki/Gold","//upload.wikimedia.org/wikipedia/commons/c/ce/Transparent.gif","/wiki/Mercury_(element)","//upload.wikimedia.org/wikipedia/commons/c/ce/Transparent.gif","/wiki/Thallium","//upload.wikimedia.org/wikipedia/commons/c/ce/Transparent.gif","/wiki/Lead","//upload.wikimedia.org/wikipedia/commons/c/ce/Transparent.gif","/wiki/Bismuth","//upload.wikimedia.org/wikipedia/commons/c/ce/Transparent.gif","/wiki/Polonium","//upload.wikimedia.org/wikipedia/commons/c/ce/Transparent.gif","/wiki/Astatine","//upload.wikimedia.org/wikipedia/commons/c/ce/Transparent.gif","/wiki/Radon","//upload.wikimedia.org/wikipedia/commons/c/ce/Transparent.gif","/wiki/Francium","//upload.wikimedia.org/wikipedia/commons/c/ce/Transparent.gif","/wiki/Radium","//upload.wikimedia.org/wikipedia/commons/c/ce/Transparent.gif","/wiki/Actinium","//upload.wikimedia.org/wikipedia/commons/c/ce/Transparent.gif","/wiki/Thorium","//upload.wikimedia.org/wikipedia/commons/c/ce/Transparent.gif","/wiki/Protactinium","//upload.wikimedia.org/wikipedia/commons/c/ce/Transparent.gif","/wiki/Uranium","//upload.wikimedia.org/wikipedia/commons/c/ce/Transparent.gif","/wiki/Neptunium","//upload.wikimedia.org/wikipedia/commons/c/ce/Transparent.gif","/wiki/Plutonium","//upload.wikimedia.org/wikipedia/commons/c/ce/Transparent.gif","/wiki/Americium","//upload.wikimedia.org/wikipedia/commons/c/ce/Transparent.gif","/wiki/Curium","//upload.wikimedia.org/wikipedia/commons/c/ce/Transparent.gif","/wiki/Berkelium","//upload.wikimedia.org/wikipedia/commons/c/ce/Transparent.gif","/wiki/Californium","//upload.wikimedia.org/wikipedia/commons/c/ce/Transparent.gif","/wiki/Einsteinium","//upload.wikimedia.org/wikipedia/commons/c/ce/Transparent.gif","/wiki/Fermium","//upload.wikimedia.org/wikipedia/commons/c/ce/Transparent.gif","/wiki/Mendelevium","//upload.wikimedia.org/wikipedia/commons/c/ce/Transparent.gif","/wiki/Nobelium","//upload.wikimedia.org/wikipedia/commons/c/ce/Transparent.gif","/wiki/Lawrencium","//upload.wikimedia.org/wikipedia/commons/c/ce/Transparent.gif","/wiki/Rutherfordium","//upload.wikimedia.org/wikipedia/commons/c/ce/Transparent.gif","/wiki/Dubnium","//upload.wikimedia.org/wikipedia/commons/c/ce/Transparent.gif","/wiki/Seaborgium","//upload.wikimedia.org/wikipedia/commons/c/ce/Transparent.gif","/wiki/Bohrium","//upload.wikimedia.org/wikipedia/commons/c/ce/Transparent.gif","/wiki/Hassium","//upload.wikimedia.org/wikipedia/commons/c/ce/Transparent.gif","/wiki/Meitnerium","//upload.wikimedia.org/wikipedia/commons/c/ce/Transparent.gif","/wiki/Darmstadtium","//upload.wikimedia.org/wikipedia/commons/c/ce/Transparent.gif","/wiki/Roentgenium","//upload.wikimedia.org/wikipedia/commons/c/ce/Transparent.gif","/wiki/Copernicium","//upload.wikimedia.org/wikipedia/commons/c/ce/Transparent.gif","/wiki/Ununtrium","//upload.wikimedia.org/wikipedia/commons/c/ce/Transparent.gif","/wiki/Flerovium","//upload.wikimedia.org/wikipedia/commons/c/ce/Transparent.gif","/wiki/Ununpentium","//upload.wikimedia.org/wikipedia/commons/c/ce/Transparent.gif","/wiki/Livermorium","//upload.wikimedia.org/wikipedia/commons/c/ce/Transparent.gif","/wiki/Ununseptium","//upload.wikimedia.org/wikipedia/commons/c/ce/Transparent.gif","/wiki/Ununoctium","//upload.wikimedia.org/wikipedia/commons/c/ce/Transparent.gif","/wiki/Periodic_table","/wiki/Carbon","/wiki/Oxygen","/wiki/File:Liquidnitrogen.jpg","//upload.wikimedia.org/wikipedia/commons/thumb/d/d2/Liquidnitrogen.jpg/250px-Liquidnitrogen.jpg","/wiki/Liquid_nitrogen","/wiki/File:Nitrogen_Spectra.jpg","//upload.wikimedia.org/wikipedia/commons/thumb/3/37/Nitrogen_Spectra.jpg/250px-Nitrogen_Spectra.jpg","/wiki/Spectral_lines","/wiki/Chemical_symbol","/wiki/Atomic_number","/wiki/Help:IPA_for_English","/wiki/Help:IPA_for_English#Key","/wiki/Help:IPA_for_English#Key","/wiki/Help:IPA_for_English#Key","/wiki/Help:IPA_for_English#Key","/wiki/Help:IPA_for_English#Key","/wiki/Help:IPA_for_English#Key","/wiki/Help:IPA_for_English#Key","/wiki/Help:IPA_for_English#Key","/wiki/Help:IPA_for_English#Key","/wiki/Help:IPA_for_English","/wiki/Wikipedia:Pronunciation_respelling_key","/wiki/Collective_names_of_groups_of_like_elements","/wiki/Nonmetal","/wiki/Group_(periodic_table)","/wiki/Period_(periodic_table)","/wiki/Block_(periodic_table)","/wiki/Pnictogen","/wiki/Period_2_element","/wiki/P-block","/wiki/Atomic_weight","/wiki/Electron_configuration","/wiki/File:Electron_shell_007_Nitrogen_-_no_label.svg","//upload.wikimedia.org/wikipedia/commons/thumb/6/69/Electron_shell_007_Nitrogen_-_no_label.svg/153px-Electron_shell_007_Nitrogen_-_no_label.svg.png","/wiki/Discoveries_of_the_chemical_elements","/wiki/Daniel_Rutherford","/wiki/Jean-Antoine_Chaptal","/wiki/Phase_(matter)","/wiki/Gas","/wiki/Density","/wiki/Pascal_(unit)","/wiki/Density","/wiki/Boiling_point","/wiki/Melting_point","/wiki/Kelvin","/wiki/Boiling_point","/wiki/Triple_point","/wiki/Critical_point_(thermodynamics)","/wiki/Enthalpy_of_fusion","/wiki/Kilojoule_per_mole","/wiki/Enthalpy_of_vaporization","/wiki/Molar_heat_capacity","/wiki/Vapor_pressure","/wiki/Oxidation_state","/wiki/Acid","/wiki/Electronegativity","/wiki/Ionization_energy","/wiki/Ionization_energies_of_the_elements","/wiki/Covalent_radius","/wiki/1_E-11_m","/wiki/Van_der_Waals_radius","/wiki/1_E-10_m","/wiki/Crystal_structure","/wiki/Hexagonal_crystal_system","/wiki/File:Hexagonal.svg","//upload.wikimedia.org/wikipedia/commons/thumb/c/c2/Hexagonal.svg/50px-Hexagonal.svg.png","/wiki/Magnetism","/wiki/Thermal_conductivity","/wiki/Speed_of_sound","/wiki/Metre_per_second","/wiki/CAS_registry_number","/wiki/Isotopes_of_nitrogen","/wiki/Isotope","/wiki/Natural_abundance","/wiki/Half-life","/wiki/Decay_mode","/wiki/Decay_energy","/wiki/Electronvolt","/wiki/Decay_product","/wiki/Synthetic_radioisotope","/wiki/Electron_capture","/wiki/Stable_isotope","/wiki/Neutron","/wiki/Stable_isotope","/wiki/Neutron","/wiki/Template:Infobox_nitrogen","/wiki/Template_talk:Infobox_nitrogen","//en.wikipedia.org/w/index.php?title=Template:Infobox_nitrogen&action=edit","/wiki/List_of_data_references_for_chemical_elements","/wiki/Chemical_element","/wiki/Atomic_number","/wiki/Inert","/wiki/Diatomic","/wiki/Standard_conditions","/wiki/Earth%27s_atmosphere","/wiki/Daniel_Rutherford","/wiki/Pnictogen","/wiki/Milky_Way","/wiki/Solar_System","/wiki/Carbon","/wiki/Hydrogen","/wiki/Supernova","/wiki/Ammonia","/wiki/Nitric_acid","/wiki/Propellant","/wiki/Explosive","/wiki/Cyanide","/wiki/Chemical_compound","/wiki/Ammonia","/wiki/Nitrate","/wiki/Fertilizer","/wiki/Pollutant","/wiki/Eutrophication","/wiki/Kevlar","/wiki/Cyanoacrylate","/wiki/Antibiotic","/wiki/Nitroglycerin","/wiki/Nitroprusside","/wiki/Blood_pressure","/wiki/Nitric_oxide","/wiki/Alkaloid","/wiki/Caffeine","/wiki/Morphine","/wiki/Neurotransmitter","/wiki/Amphetamine","/wiki/Amino_acid","/wiki/Proteins","/wiki/Nucleic_acid","/wiki/DNA","/wiki/RNA","/wiki/Nitrogen_cycle","/wiki/Biosphere","#History_and_etymology","#Production","#Properties","#Isotopes","#Electromagnetic_spectrum","#Reactions","#Occurrence","#Compounds","#Applications","#Nitrogen_gas","#Liquid_nitrogen","#Nitrogen_compounds","#Biological_role","#Safety","#See_also","#Notes","#References","#Bibliography","#Further_reading","#External_links","/w/index.php?title=Nitrogen&action=edit&section=1","/wiki/Daniel_Rutherford","#cite_note-1","/wiki/Combustion","/wiki/Carl_Wilhelm_Scheele","/wiki/Henry_Cavendish","/wiki/Joseph_Priestley","/wiki/Phlogiston_theory","/wiki/Inert","/wiki/Antoine_Lavoisier","//en.wiktionary.org/wiki/mephitic_air","#cite_note-2","/wiki/Hydrazine","/wiki/Azide","/wiki/Jean-Antoine_Chaptal","/wiki/Sodium_carbonate","/wiki/Nitric_acid","/wiki/Potassium_nitrate","/wiki/Nitre","#cite_note-3","/wiki/Sodium","/wiki/Natron","/wiki/Wikipedia:Citation_needed","/wiki/Alchemy","/wiki/Hydrochloric_acid","/wiki/Aqua_regia","/wiki/Gold","/wiki/Sodium_nitrate","/wiki/Gunpowder","/wiki/Fertilizer","/wiki/John_William_Strutt,_3rd_Baron_Rayleigh","/wiki/Allotrope","/wiki/Monatomic","/wiki/Mercury_(element)","/wiki/Mercury_nitride","#cite_note-4","/w/index.php?title=Nitrogen&action=edit&section=2","/wiki/Industrial_gas","/wiki/Distillation","/wiki/Air","/wiki/Osmotic_pressure","/wiki/Pressure_swing_adsorption","/wiki/Oxygen","#cite_note-5","/wiki/Ammonium_chloride","/wiki/Sodium_nitrite","#cite_note-labProduction-6","/wiki/Potassium_dichromate","#cite_note-labProduction-6","/wiki/Barium_azide","/wiki/Sodium_azide","#cite_note-7","/w/index.php?title=Nitrogen&action=edit&section=3","/wiki/Nonmetal","/wiki/Electronegativity","#cite_note-RubberBible84th-8","/wiki/Electron","/wiki/Electron_shell","/wiki/Valence_(chemistry)","/wiki/Triple_bond","/wiki/Wikipedia:Citation_needed","/wiki/Atmospheric_pressure","/wiki/Condensation","/wiki/Liquid","/wiki/Kelvin","/wiki/Celsius","/wiki/Freezing","#cite_note-Gray-9","/wiki/Hexagonal_close-packed","/wiki/Allotropy","/wiki/Cubic_crystal_system","#cite_note-Greenwood-10","/wiki/Liquid_nitrogen","/wiki/Cryogen","#cite_note-11","/wiki/Tetranitrogen","#cite_note-12","/wiki/Atmosphere_(unit)","/wiki/Diamond_anvil_cell","/wiki/Diamond","/wiki/Covalent_bond","#cite_note-13","/wiki/Hexazine","/wiki/Benzene","#cite_note-14","/wiki/Octaazacubane","/wiki/Cubane","#cite_note-b_muir-15","/wiki/Orbital_symmetry","#cite_note-16","/w/index.php?title=Nitrogen&action=edit&section=4","/wiki/Isotopes_of_nitrogen","/wiki/Isotope","/wiki/CNO_cycle","/wiki/Star","/wiki/Wikipedia:Citation_needed","/wiki/Half-life","#cite_note-NUBASE-17","/wiki/Assimilation_(biology)","/wiki/Nitrification","/wiki/Denitrification","/wiki/Substrate_(chemistry)","/wiki/Product_(chemistry)","/wiki/Wikipedia:Citation_needed","/wiki/Isotopologue","/wiki/Wikipedia:Citation_needed","/wiki/Pressurized_water_reactor","/wiki/Boiling_water_reactor","/wiki/Np_reaction","/wiki/Gamma_radiation","#cite_note-NUBASE-17","#cite_note-18","/wiki/Wikipedia:Citation_needed","/w/index.php?title=Nitrogen&action=edit&section=5","/wiki/File:Question_book-new.svg","//upload.wikimedia.org/wikipedia/en/thumb/9/99/Question_book-new.svg/50px-Question_book-new.svg.png","/wiki/Wikipedia:Citing_sources","/wiki/Wikipedia:Verifiability","/wiki/Help:Introduction_to_referencing/1","/wiki/Wikipedia:Verifiability#Burden_of_evidence","/wiki/File:Nitrogen_discharge_tube.jpg","//upload.wikimedia.org/wikipedia/commons/thumb/9/98/Nitrogen_discharge_tube.jpg/170px-Nitrogen_discharge_tube.jpg","/wiki/File:Nitrogen_discharge_tube.jpg","//bits.wikimedia.org/static-1.21wmf11/skins/common/images/magnify-clip.png","/wiki/Transparency_(optics)","/wiki/Infrared","/wiki/Visible_spectrum","/wiki/Homonuclear_molecule","/wiki/Molecular_dipole_moment","/wiki/Electromagnetic_radiation","/wiki/Wavelength","/wiki/Absorption_(electromagnetic_radiation)","/wiki/Ultraviolet","#cite_note-19","/wiki/Electronic_transition","/wiki/Nitrogen_laser","/wiki/Air_glow","/wiki/Aurora_(astronomy)","/wiki/Nitric_oxide","/wiki/Scintillation_(physics)","/w/index.php?title=Nitrogen&action=edit&section=6","/wiki/File:Dinitrogen-2D-dimensions.png","//upload.wikimedia.org/wikipedia/commons/thumb/4/4e/Dinitrogen-2D-dimensions.png/120px-Dinitrogen-2D-dimensions.png","/wiki/File:Dinitrogen-2D-dimensions.png","//bits.wikimedia.org/static-1.21wmf11/skins/common/images/magnify-clip.png","/wiki/File:RuA5N2.png","//upload.wikimedia.org/wikipedia/commons/thumb/5/5b/RuA5N2.png/220px-RuA5N2.png","/wiki/File:RuA5N2.png","//bits.wikimedia.org/static-1.21wmf11/skins/common/images/magnify-clip.png","/wiki/Reagent","/wiki/Acid","/wiki/Base_(chemistry)","/wiki/Nitrogen_fixation","/wiki/Wikipedia:Citation_needed","/wiki/Lithium","/wiki/Lithium_nitride","#cite_note-Schrock-20","/wiki/Magnesium","/wiki/Magnesium_nitride","/wiki/Wikipedia:Citation_needed","/wiki/Adduct","/wiki/Dinitrogen_complex","/wiki/Dppe","/wiki/Bridging_ligand","/wiki/Hapticity","/wiki/Complex_(chemistry)","/wiki/Nitrogenase","/wiki/Catalysis","/wiki/Haber_process","#cite_note-21","/wiki/Redox","/wiki/Molybdenum","#cite_note-Schrock-20","/wiki/Haber_process","/wiki/Cyanobacteria","/wiki/Root_nodule","/wiki/Biosphere","/wiki/Nitrogenase","/wiki/Enzyme","/wiki/Adenosine_triphosphate","/wiki/Adenosine_diphosphate","/wiki/Inorganic","/wiki/Phosphate","/wiki/Wikipedia:Citation_needed","/w/index.php?title=Nitrogen&action=edit&section=7","/wiki/Category:Nitrate_minerals","/wiki/Category:Ammonium_minerals","/wiki/Earth","/wiki/Earth%27s_atmosphere","#cite_note-emsley360-22","/wiki/Wikipedia:Citation_needed","/wiki/Abundance_of_the_chemical_elements","/wiki/Chemical_element","/wiki/Stellar_nucleosynthesis","/wiki/Supernova","#cite_note-croswell-23","/wiki/Molecule","/wiki/Chemical_compound","/wiki/Interstellar_medium","/wiki/Far_Ultraviolet_Spectroscopic_Explorer","#cite_note-24","/wiki/Planetesimal","/wiki/Potassium_nitrate","/wiki/Sodium_nitrate","/wiki/Sal_ammoniac","/wiki/Boron","/wiki/Wikipedia:Citation_needed","#cite_note-25","/wiki/Saturn","/wiki/Titan_(moon)","#cite_note-26","/wiki/Guano","/wiki/Urea","/wiki/Uric_acid","/wiki/Ammonium","/wiki/Nutrient","/wiki/Nitrogen_fixation","/wiki/Wikipedia:Citation_needed","/w/index.php?title=Nitrogen&action=edit&section=8","/wiki/Category:Nitrogen_compounds","/wiki/Hydride#Nomenclature","/wiki/Ammonia","/wiki/Hydrogen","/wiki/Hydrazine","/wiki/Basic_(chemistry)","/wiki/Water","/wiki/Solution","/wiki/Ammonium","/wiki/Ion","/wiki/Amphiprotic","/wiki/Br%C3%B8nsted-Lowry","/wiki/Amide","/wiki/Nitride","/wiki/Salt","/wiki/Chemical_decomposition","/wiki/Amine","/wiki/Amphiphilic","/wiki/Wikipedia:Citation_needed","/wiki/Anion","/wiki/Azide","/wiki/Isoelectronicity","/wiki/Carbon_dioxide","/wiki/Cyanide","/wiki/Molecule","/wiki/Nitrous_oxide","/wiki/Oxide","/wiki/Nitric_oxide","/wiki/Nitrogen_monoxide","/wiki/Free_radical","/wiki/Signal_transduction","/wiki/Vasodilation","/wiki/Nitrogen_dioxide","/wiki/Electron","/wiki/Smog","/wiki/Dimer_(chemistry)","/wiki/Nitrous_acid","/wiki/Nitric_acid","/wiki/Nitrite","/wiki/Nitrate","/wiki/Wikipedia:Citation_needed","/wiki/Dinitrogen_trioxide","/wiki/Dinitrogen_tetroxide","/wiki/Dinitrogen_pentoxide","/wiki/Hypergolic","/wiki/Hydrazine","/wiki/Space_shuttle","/wiki/Apollo_Program","/wiki/Titan_(rocket_family)","/wiki/Ariane_(rocket_family)","/wiki/Hydronium","/wiki/Oxidizing_agent","/wiki/Wikipedia:Citation_needed","/wiki/Nitrogen_triiodide","/wiki/Contact_explosive","/wiki/Nitrocellulose","/wiki/Nitroglycerin","/wiki/Glycerin","/wiki/Dynamite","/wiki/Trinitrotoluene","#cite_note-27","/wiki/Organic_compound","/wiki/Functional_group","/wiki/Amine","/wiki/Amide","/wiki/Nitro_compound","/wiki/Imine","/wiki/Enamine","/wiki/Chemical_substance","/wiki/Kjeldahl_method","/wiki/Wikipedia:Citation_needed","/w/index.php?title=Nitrogen&action=edit&section=9","/wiki/File:Nitrogen-3D-vdW.png","//upload.wikimedia.org/wikipedia/commons/thumb/6/6c/Nitrogen-3D-vdW.png/150px-Nitrogen-3D-vdW.png","/wiki/File:Nitrogen-3D-vdW.png","//bits.wikimedia.org/static-1.21wmf11/skins/common/images/magnify-clip.png","/w/index.php?title=Nitrogen&action=edit&section=10","/wiki/Inert","/wiki/Air","/wiki/Redox","#cite_note-emsley364-28","/wiki/Modified_atmosphere","/wiki/Carbon_dioxide","/wiki/Rancidification","/wiki/Redox","/wiki/Eurpean_Union","/wiki/E_number","/wiki/E941","#cite_note-29","/wiki/Incandescent_light_bulb","/wiki/Argon","#cite_note-30","/wiki/Transistor","/wiki/Diode","/wiki/Integrated_circuit","/wiki/Wikipedia:Citation_needed","/wiki/Dielectric","/wiki/Gas","/wiki/High_voltage","/wiki/Wikipedia:Citation_needed","/wiki/Stainless_steel","#cite_note-31","/wiki/Inerting_system","/wiki/Wikipedia:Citation_needed","/wiki/Explosive_material","/wiki/Wikipedia:Citation_needed","/wiki/Tire","#cite_note-32","/wiki/Redox","#cite_note-33","#cite_note-34","/wiki/Propellant","/wiki/Wine","/wiki/Wikipedia:Citation_needed","#cite_note-35","/wiki/Paintball_gun","/wiki/Wikipedia:Citation_needed","/wiki/Carbon_dioxide","/wiki/Beer","/wiki/Ale","/wiki/Ale","/wiki/Liquid_bubble","/wiki/Widget_(beer)","/wiki/Beverage_can","/wiki/Bottle","#cite_note-36","/w/index.php?title=Nitrogen&action=edit&section=11","//upload.wikimedia.org/wikipedia/commons/b/b6/Nitrogen.ogg","//www.mediawiki.org/wiki/Extension:TimedMediaHandler/Client_download","/wiki/File:Nitrogen.ogg","//bits.wikimedia.org/static-1.21wmf11/skins/common/images/magnify-clip.png","/wiki/Liquid_nitrogen","/wiki/Cryogen","/wiki/Dewar_flask","/wiki/Evaporation","#cite_note-37","/wiki/Dry_ice","/wiki/Refrigerant","/wiki/Cryopreservation","/wiki/Sperm","/wiki/Ovum","/wiki/Cryotherapy","#cite_note-38","/wiki/Cold_trap","/wiki/Infrared_detector","/wiki/X-ray_detector","/wiki/Central_processing_unit","/wiki/Overclocking","#cite_note-39","/w/index.php?title=Nitrogen&action=edit&section=12","/wiki/Bacteria","/wiki/Nitrogen_fixing_bacteria","#Biological_role","/wiki/Decomposition","/wiki/Wikipedia:Citation_needed","/wiki/Natural_gas","/wiki/Ammonia","/wiki/Haber_process","/wiki/Fertilizer","#cite_note-Gray-9","/wiki/Explosive","/wiki/Nitric_acid","/wiki/Ostwald_process","#cite_note-emsley364-28","/wiki/Salt_(chemistry)","/wiki/Potassium_nitrate","/wiki/Gunpowder","#cite_note-emsley362-40","/wiki/Ammonium_nitrate","#cite_note-emsley360-22","/wiki/ANFO","/wiki/Nitroglycerin","/wiki/Trinitrotoluene","#cite_note-emsley362-40","/wiki/Nitrocellulose","#cite_note-nitrocellulose-41","/wiki/Nitric_acid","/wiki/Oxidizing_agent","/wiki/Rocket","/wiki/Hydrazine","/wiki/Fuel","/wiki/Monopropellant","/wiki/Wikipedia:Citation_needed","/wiki/Nitrous_oxide","/wiki/Nitrous_oxide","/wiki/Alkaloid","/wiki/Morphine","/wiki/Nitroglycerin","/wiki/Nitroprusside","/wiki/Nitric_oxide","/wiki/Wikipedia:Citation_needed","/w/index.php?title=Nitrogen&action=edit&section=13","/wiki/Nitrogen_cycle","/wiki/Human_impacts_on_the_nitrogen_cycle","/wiki/Amino_acid","/wiki/Nucleic_acid","#cite_note-emsley360-22","/wiki/Precipitation_(meteorology)","/wiki/Ammonium","/wiki/Nitrate","/wiki/Nitrogen_fixation","/wiki/Lightning","#cite_note-Lightning-42","/wiki/Justus_von_Liebig","#cite_note-Lightning-42","/wiki/Ammonium","/wiki/Forest_canopy","/wiki/Soil","/wiki/Root","#cite_note-43","/wiki/Bacteria","/wiki/Rhizobia","/wiki/Nitrogenase","/wiki/Enzyme","/wiki/Nitrogen_fixation","/wiki/Ammonium","//en.wiktionary.org/wiki/anoxia","/wiki/Azotobacter","/wiki/Symbiosis","/wiki/Root_nodule","/wiki/Legume","/wiki/Clover","/wiki/Trifolium","/wiki/Soybean","/wiki/Glycine_max","/wiki/Alnus","/wiki/Casuarina","/wiki/Myrica","/wiki/Marchantiophyta","/wiki/Gunnera","#cite_note-cycle-44","/wiki/Protein","/wiki/Alkaloids","#cite_note-cycle-44","/wiki/Legume","/wiki/Wikipedia:Citation_needed","/wiki/Nitrate_reductase","/wiki/Nitrite_reductase","#cite_note-cycle-44","/wiki/Amino_acid","/wiki/Protein","/wiki/Nucleic_acid","#cite_note-45","#cite_note-ocean-46","/wiki/Fertilizer","/wiki/Eutrophication","/wiki/Dead_zone_(ecology)","/wiki/Gulf_Coast","/wiki/Black_Sea","/wiki/Wikipedia:Citation_needed","/wiki/Trimethylamine_oxide","/wiki/Osmosis","/wiki/Dimethylamine","#cite_note-47","/wiki/Free_radical","/wiki/Nitric_oxide","/wiki/Amino_acid","#cite_note-ocean-46","/wiki/Nitrite","/wiki/Metabolism","/wiki/Excretion","/wiki/Urea","/wiki/Nucleic_acids","/wiki/Urea","/wiki/Uric_acid","/wiki/Amine","/wiki/Putrescine","/wiki/Cadaverine","/wiki/Ornithine","/wiki/Lysine","#cite_note-48","/wiki/Nitrogen_cycle","#cite_note-cycle-44","/w/index.php?title=Nitrogen&action=edit&section=14","/wiki/Nitrogen_asphyxiation","/wiki/Carotid_body","#cite_note-49","/wiki/Mobile_Launcher_Platform","/wiki/Wikipedia:Citation_needed","/wiki/Partial_pressure","/wiki/Scuba_diving","/wiki/Nitrogen_narcosis","/wiki/Nitrous_oxide","#cite_note-50","#cite_note-51","/wiki/Cardiovascular_system","/wiki/Decompression_sickness","#cite_note-DCShx-52","#cite_note-Kindwall-53","/wiki/Breathing_gas","#cite_note-usn-54","/wiki/Liquid_nitrogen","/wiki/Frostbite","/wiki/Dermatology","/wiki/Leidenfrost_effect","/wiki/Wikipedia:Citation_needed","/wiki/Oxygen_sensor","#cite_note-usn2-55","/w/index.php?title=Nitrogen&action=edit&section=15","/wiki/Reactive_nitrogen_species","/w/index.php?title=Nitrogen&action=edit&section=16","#cite_ref-25","/w/index.php?title=Nitrogen&action=edit&section=17","#cite_ref-1","/wiki/Antoine_Lavoisier","http://books.google.com/?id=yS_m3PrVbpgC&pg=PR15","/wiki/International_Standard_Book_Number","/wiki/Special:BookSources/0-486-64624-6","http://books.google.com/?id=yS_m3PrVbpgC&pg=PR15","#cite_ref-2","#cite_ref-3","http://www.etymonline.com/index.php?term=nitrogen","#cite_ref-4","http://www.lateralscience.co.uk/activen/index.html","#cite_ref-5","/wiki/Digital_object_identifier","http://dx.doi.org/10.1021%2Fie50569a032","#cite_ref-labProduction_6-0","#cite_ref-labProduction_6-1","/wiki/Digital_object_identifier","http://dx.doi.org/10.1021%2Fed044p475","//en.wikipedia.org/w/index.php?title=Template:Cite_doi/10.1021.2Fed044p475&action=edit&editintro=Template:Cite_doi/editintro2","#cite_ref-7","/wiki/Digital_object_identifier","http://dx.doi.org/10.1063%2F1.1718250","/wiki/PubMed_Identifier","//www.ncbi.nlm.nih.gov/pubmed/15268087","//en.wikipedia.org/w/index.php?title=Template:Cite_doi/10.1063.2F1.1718250&action=edit&editintro=Template:Cite_doi/editintro2","#cite_ref-RubberBible84th_8-0","#cite_ref-Gray_9-0","#cite_ref-Gray_9-1","/wiki/International_Standard_Book_Number","/wiki/Special:BookSources/978-1-57912-814-2","#cite_ref-Greenwood_10-0","/wiki/Norman_Greenwood","/wiki/Butterworth%E2%80%93Heinemann","/wiki/International_Standard_Book_Number","/wiki/Special:BookSources/0080379419","#cite_ref-11","/wiki/Digital_object_identifier","http://dx.doi.org/10.1016%2Fj.jsb.2005.12.004","/wiki/PubMed_Identifier","//www.ncbi.nlm.nih.gov/pubmed/16427786","//en.wikipedia.org/w/index.php?title=Template:Cite_doi/10.1016.2Fj.jsb.2005.12.004&action=edit&editintro=Template:Cite_doi/editintro2","#cite_ref-12","http://www.findarticles.com/p/articles/mi_m1200/is_7_161/ai_83477565","http://www.findarticles.com/p/articles/mi_m1200/is_7_161/ai_83477565","#cite_ref-13","http://www.physorg.com/news693.html","#cite_ref-14","http://pubs.nrc-cnrc.gc.ca/rp/rppdf/v03-178.pdf","/wiki/Canadian_Journal_of_Chemistry","/wiki/Digital_object_identifier","http://dx.doi.org/10.1139%2Fv03-178","#cite_ref-b_muir_15-0","http://www.ch.ic.ac.uk/local/projects/b_muir/Cubane/Cubanepro/Start.html","#cite_ref-16","http://www.springerlink.com/content/w3pap8xmmju00j3e/","#cite_ref-NUBASE_17-0","#cite_ref-NUBASE_17-1","http://www.nndc.bnl.gov/amdc/nubase/Nubase2003.pdf","/wiki/Nuclear_Physics_A","/wiki/Bibcode","http://adsabs.harvard.edu/abs/2003NuPhA.729....3A","/wiki/Digital_object_identifier","http://dx.doi.org/10.1016%2Fj.nuclphysa.2003.11.001","#cite_ref-18","/wiki/International_Standard_Book_Number","/wiki/Special:BookSources/3-11-013242-7","#cite_ref-19","/wiki/Digital_object_identifier","http://dx.doi.org/10.1103%2FPhysRev.64.207","#cite_ref-Schrock_20-0","#cite_ref-Schrock_20-1","/wiki/Richard_R._Schrock","http://www.ncbi.nlm.nih.gov/pmc/articles/PMC2551323","/wiki/Acc._Chem._Res.","/wiki/Digital_object_identifier","http://dx.doi.org/10.1021%2Far0501121","/wiki/PubMed_Central","//www.ncbi.nlm.nih.gov/pmc/articles/PMC2551323","/wiki/PubMed_Identifier","//www.ncbi.nlm.nih.gov/pubmed/16359167","#cite_ref-21","/wiki/Digital_object_identifier","http://dx.doi.org/10.1016%2FS0010-8545%2800%2900264-2","#cite_ref-emsley360_22-0","#cite_ref-emsley360_22-1","#cite_ref-emsley360_22-2","#cite_ref-croswell_23-0","http://kencroswell.com/alchemy.html","/wiki/International_Standard_Book_Number","/wiki/Special:BookSources/0-385-47214-5","http://kencroswell.com/alchemy.html","#cite_ref-24","/wiki/ArXiv","http://arxiv.org/abs/astro-ph/9710162","/wiki/Bibcode","http://adsabs.harvard.edu/abs/1997ApJ...490L.103M","/wiki/Digital_object_identifier","http://dx.doi.org/10.1086%2F311023","#cite_ref-26","http://www.solarviews.com/eng/titan.htm","http://www.solarviews.com/eng/titan.htm","#cite_ref-27","http://books.google.com/books?id=4XNBJIrdK9wC&pg=PA243","/wiki/International_Standard_Book_Number","/wiki/Special:BookSources/978-3-527-62125-5","http://books.google.com/books?id=4XNBJIrdK9wC&pg=PA243","#cite_ref-emsley364_28-0","#cite_ref-emsley364_28-1","#cite_ref-29","http://books.google.de/books?id=Fvm-sqd90-oC&pg=PA591","/wiki/International_Standard_Book_Number","/wiki/Special:BookSources/9789289308298","#cite_ref-30","http://books.google.com/?id=W0HW8wgmQQsC&pg=PA90","/wiki/International_Standard_Book_Number","/wiki/Special:BookSources/978-0-85404-690-4","http://books.google.com/?id=W0HW8wgmQQsC&pg=PA90","#cite_ref-31","http://books.google.com/?id=6eF4AfEwF4YC&pg=PA338","/wiki/International_Standard_Book_Number","/wiki/Special:BookSources/3-540-66411-4","http://books.google.com/?id=6eF4AfEwF4YC&pg=PA338","#cite_ref-32","http://auto.howstuffworks.com/question594.htm","http://auto.howstuffworks.com/question594.htm","#cite_ref-33","http://www.getnitrogen.org/savebillions/index.php","http://www.getnitrogen.org/savebillions/index.php","#cite_ref-34","http://www.getnitrogen.org/why/index.php","http://www.getnitrogen.org/why/index.php","#cite_ref-35","/wiki/Digital_object_identifier","http://dx.doi.org/10.1016%2FS0021-9673%2801%2901466-2","/wiki/PubMed_Identifier","//www.ncbi.nlm.nih.gov/pubmed/11833649","#cite_ref-36","http://recipes.howstuffworks.com/question446.htm","http://recipes.howstuffworks.com/question446.htm","#cite_ref-37","/wiki/Digital_object_identifier","http://dx.doi.org/10.1007%2FBF01136404","#cite_ref-38","/wiki/Digital_object_identifier","http://dx.doi.org/10.1046%2Fj.1365-2133.2001.04190.x","/wiki/PubMed_Identifier","//www.ncbi.nlm.nih.gov/pubmed/11359389","#cite_ref-39","http://books.google.com/?id=9fYFiZ7QeEcC&pg=PA318","/wiki/International_Standard_Book_Number","/wiki/Special:BookSources/0-8247-2283-3","http://books.google.com/?id=9fYFiZ7QeEcC&pg=PA318","#cite_ref-emsley362_40-0","#cite_ref-emsley362_40-1","#cite_ref-nitrocellulose_41-0","/wiki/Special:BookSources/9782960029604","#cite_ref-Lightning_42-0","#cite_ref-Lightning_42-1","http://books.google.com/?id=TuMa5lAa3RAC&pg=PA508","/wiki/International_Standard_Book_Number","/wiki/Special:BookSources/978-0-521-03541-5","http://books.google.com/?id=TuMa5lAa3RAC&pg=PA508","#cite_ref-43","https://www.crops.org/publications/sssaj/abstracts/62/1/SS0620010280?access=0&view=pdf","#cite_ref-cycle_44-0","#cite_ref-cycle_44-1","#cite_ref-cycle_44-2","#cite_ref-cycle_44-3","http://books.google.com/?id=qmZDpnV-sYYC&pg=PA283","/wiki/International_Standard_Book_Number","/wiki/Special:BookSources/0-444-52857-1","http://books.google.com/?id=qmZDpnV-sYYC&pg=PA283","#cite_ref-45","http://puck.esa.catchword.org/vl=33435372/cl=21/nw=1/rpsv/cw/esa/0046225x/v34n4/s26/p938","/wiki/Digital_object_identifier","http://dx.doi.org/10.1603%2F0046-225X-34.4.938","#cite_ref-ocean_46-0","#cite_ref-ocean_46-1","http://books.google.com/?id=qPuCVvAv2GwC&pg=PA392","/wiki/International_Standard_Book_Number","/wiki/Special:BookSources/0-8493-3394-6","http://books.google.com/?id=qPuCVvAv2GwC&pg=PA392","#cite_ref-47","/wiki/Digital_object_identifier","http://dx.doi.org/10.1021%2Fjf035169l","/wiki/PubMed_Identifier","//www.ncbi.nlm.nih.gov/pubmed/15186102","#cite_ref-48","http://books.google.com/?id=RMPis9OnJxkC&pg=PT121","/wiki/International_Standard_Book_Number","/wiki/Special:BookSources/0-8135-3387-2","http://books.google.com/?id=RMPis9OnJxkC&pg=PT121","#cite_ref-49","http://www.bath.ac.uk/internal/bio-sci/bbsafe/asphyx.htm","http://www.bath.ac.uk/internal/bio-sci/bbsafe/asphyx.htm","#cite_ref-50","http://archive.rubicon-foundation.org/3019","/wiki/PubMed_Identifier","//www.ncbi.nlm.nih.gov/pubmed/4082343","#cite_ref-51","http://archive.rubicon-foundation.org/2522","/wiki/OCLC","//www.worldcat.org/oclc/2068005","/wiki/PubMed_Identifier","//www.ncbi.nlm.nih.gov/pubmed/2741255","#cite_ref-DCShx_52-0","http://archive.rubicon-foundation.org/6004","/wiki/OCLC","//www.worldcat.org/oclc/16986801","#cite_ref-Kindwall_53-0","http://archive.rubicon-foundation.org/2741","/wiki/OCLC","//www.worldcat.org/oclc/2068005","/wiki/PubMed_Identifier","//www.ncbi.nlm.nih.gov/pubmed/1226586","#cite_ref-usn_54-0","http://www.supsalv.org/00c3_publications.asp?destPage=00c3&pageID=3.9","http://www.supsalv.org/00c3_publications.asp?destPage=00c3&pageID=3.9","#cite_ref-usn2_55-0","http://www.bbk.ac.uk/so/policies/liqn2","http://www.bbk.ac.uk/so/policies/liqn2","/w/index.php?title=Nitrogen&action=edit&section=18","/wiki/International_Standard_Book_Number","/wiki/Special:BookSources/978-0-19-960563-7","/w/index.php?title=Nitrogen&action=edit&section=19","/wiki/International_Standard_Book_Number","/wiki/Special:BookSources/0-03-022318-0","http://periodic.lanl.gov/7.html","http://periodic.lanl.gov/7.html","/w/index.php?title=Nitrogen&action=edit&section=20","http://www.periodicvideos.com/videos/007.htm","/wiki/The_Periodic_Table_of_Videos","http://www.balashon.com/2008/07/neter-and-nitrogen.html","http://www.newton.dep.anl.gov/askasci/chem99/chem99306.htm","http://www.webelements.com/nitrogen/","http://education.jlab.org/itselemental/ele007.html","http://www.rsc.org/chemistryworld/podcast/element.asp","/wiki/Royal_Society_of_Chemistry","/wiki/Chemistry_World","http://www.rsc.org/images/CIIE_nitrogen_48k_tcm18-125306.mp3","http://www.sunysccc.edu/academic/mst/ptable/n.html","http://www.uigi.com/nitrogen.html","http://www.2spi.com/catalog/instruments/nitrodew-supp.html","http://www.safety.vanderbilt.edu/pdf/hcs_msds/NitrogenCryo_G103_06_04.pdf","/wiki/Wikipedia:Link_rot","/wiki/Template:Diatomicelements","/w/index.php?title=Template_talk:Diatomicelements&action=edit&redlink=1","//en.wikipedia.org/w/index.php?title=Template:Diatomicelements&action=edit","/wiki/Diatomic_molecule","/wiki/Chemical_element","/wiki/Hydrogen","/wiki/Oxygen","/wiki/Fluorine","/wiki/Chlorine","/wiki/Bromine","/wiki/Iodine","/wiki/Template:E_number_infobox_930-949","/wiki/Template_talk:E_number_infobox_930-949","//en.wikipedia.org/w/index.php?title=Template:E_number_infobox_930-949&action=edit","/wiki/E_number","/wiki/Food_coloring","/wiki/Preservative","/wiki/Antioxidant","/wiki/Acidity_regulator","/wiki/Thickener","/wiki/Food_additive#Categories","/wiki/Emulsifier","/wiki/PH","/wiki/Acidity_regulator","/wiki/Anti-caking_agent","/wiki/Flavour_enhancer","/wiki/Wax","/wiki/Glazing_agent","/wiki/Improving_agent","/wiki/Packaging_gas","/wiki/Sugar_substitute","/wiki/Foaming_agent","/wiki/Calcium_peroxide","/wiki/Argon","/wiki/Helium","/wiki/Dichlorodifluoromethane","/wiki/Nitrous_oxide","/wiki/Butane","/wiki/Isobutane","/wiki/Propane","/wiki/Oxygen","/wiki/Hydrogen","/wiki/Template:Compact_periodic_table","/wiki/Template_talk:Compact_periodic_table","//en.wikipedia.org/w/index.php?title=Template:Compact_periodic_table&action=edit","/wiki/Periodic_table","/wiki/Alkali_metal","/wiki/Alkaline_earth_metal","/wiki/Group_3_element","/wiki/Group_4_element","/wiki/Group_5_element","/wiki/Group_6_element","/wiki/Group_7_element","/wiki/Group_8_element","/wiki/Group_9_element","/wiki/Group_10_element","/wiki/Group_11_element","/wiki/Group_12_element","/wiki/Boron_group","/wiki/Carbon_group","/wiki/Pnictogen","/wiki/Chalcogen","/wiki/Halogen","/wiki/Noble_gas","/wiki/Period_1_element","/wiki/Hydrogen","/wiki/Helium","/wiki/Period_2_element","/wiki/Lithium","/wiki/Beryllium","/wiki/Boron","/wiki/Carbon","/wiki/Oxygen","/wiki/Fluorine","/wiki/Neon","/wiki/Period_3_element","/wiki/Sodium","/wiki/Magnesium","/wiki/Aluminium","/wiki/Silicon","/wiki/Phosphorus","/wiki/Sulfur","/wiki/Chlorine","/wiki/Argon","/wiki/Period_4_element","/wiki/Potassium","/wiki/Calcium","/wiki/Scandium","/wiki/Titanium","/wiki/Vanadium","/wiki/Chromium","/wiki/Manganese","/wiki/Iron","/wiki/Cobalt","/wiki/Nickel","/wiki/Copper","/wiki/Zinc","/wiki/Gallium","/wiki/Germanium","/wiki/Arsenic","/wiki/Selenium","/wiki/Bromine","/wiki/Krypton","/wiki/Period_5_element","/wiki/Rubidium","/wiki/Strontium","/wiki/Yttrium","/wiki/Zirconium","/wiki/Niobium","/wiki/Molybdenum","/wiki/Technetium","/wiki/Ruthenium","/wiki/Rhodium","/wiki/Palladium","/wiki/Silver","/wiki/Cadmium","/wiki/Indium","/wiki/Tin","/wiki/Antimony","/wiki/Tellurium","/wiki/Iodine","/wiki/Xenon","/wiki/Period_6_element","/wiki/Caesium","/wiki/Barium","/wiki/Lanthanum","/wiki/Cerium","/wiki/Praseodymium","/wiki/Neodymium","/wiki/Promethium","/wiki/Samarium","/wiki/Europium","/wiki/Gadolinium","/wiki/Terbium","/wiki/Dysprosium","/wiki/Holmium","/wiki/Erbium","/wiki/Thulium","/wiki/Ytterbium","/wiki/Lutetium","/wiki/Hafnium","/wiki/Tantalum","/wiki/Tungsten","/wiki/Rhenium","/wiki/Osmium","/wiki/Iridium","/wiki/Platinum","/wiki/Gold","/wiki/Mercury_(element)","/wiki/Thallium","/wiki/Lead","/wiki/Bismuth","/wiki/Polonium","/wiki/Astatine","/wiki/Radon","/wiki/Period_7_element","/wiki/Francium","/wiki/Radium","/wiki/Actinium","/wiki/Thorium","/wiki/Protactinium","/wiki/Uranium","/wiki/Neptunium","/wiki/Plutonium","/wiki/Americium","/wiki/Curium","/wiki/Berkelium","/wiki/Californium","/wiki/Einsteinium","/wiki/Fermium","/wiki/Mendelevium","/wiki/Nobelium","/wiki/Lawrencium","/wiki/Rutherfordium","/wiki/Dubnium","/wiki/Seaborgium","/wiki/Bohrium","/wiki/Hassium","/wiki/Meitnerium","/wiki/Darmstadtium","/wiki/Roentgenium","/wiki/Copernicium","/wiki/Ununtrium","/wiki/Flerovium","/wiki/Ununpentium","/wiki/Livermorium","/wiki/Ununseptium","/wiki/Ununoctium","/wiki/Periodic_table_(large_version)","/wiki/Wikipedia:Books","//upload.wikimedia.org/wikipedia/commons/thumb/a/a8/Office-book.svg/30px-Office-book.svg.png","/wiki/Book:Nitrogen","//upload.wikimedia.org/wikipedia/commons/thumb/a/a8/Office-book.svg/30px-Office-book.svg.png","/wiki/Book:Period_2_elements","//upload.wikimedia.org/wikipedia/commons/thumb/a/a8/Office-book.svg/30px-Office-book.svg.png","/wiki/Book:Nitrogen_group","//upload.wikimedia.org/wikipedia/commons/thumb/a/a8/Office-book.svg/30px-Office-book.svg.png","/wiki/Book:Chemical_elements_(sorted_alphabetically)","//upload.wikimedia.org/wikipedia/commons/thumb/a/a8/Office-book.svg/30px-Office-book.svg.png","/wiki/Book:Chemical_elements_(sorted_by_number)","/wiki/Portal:Contents/Portals","//upload.wikimedia.org/wikipedia/commons/thumb/5/59/Nuvola_apps_edu_science.svg/30px-Nuvola_apps_edu_science.svg.png","/wiki/Portal:Chemistry","//upload.wikimedia.org/wikipedia/commons/thumb/f/f0/France_Loiret_La_Bussiere_Potager_05.jpg/30px-France_Loiret_La_Bussiere_Potager_05.jpg","/wiki/Portal:Gardening","/wiki/Wikipedia:Wikimedia_sister_projects","//upload.wikimedia.org/wikipedia/en/thumb/4/4a/Commons-logo.svg/22px-Commons-logo.svg.png","//commons.wikimedia.org/wiki/Special:Search/Nitrogen","//upload.wikimedia.org/wikipedia/commons/thumb/f/f8/Wiktionary-logo-en.svg/28px-Wiktionary-logo-en.svg.png","//en.wiktionary.org/wiki/Special:Search/nitrogen#English","//upload.wikimedia.org/wikipedia/commons/thumb/f/fa/Wikibooks-logo.svg/30px-Wikibooks-logo.svg.png","//en.wikibooks.org/wiki/Special:Search/Wikijunior:The_Elements/Nitrogen","//upload.wikimedia.org/wikipedia/commons/thumb/9/91/Wikiversity-logo.svg/30px-Wikiversity-logo.svg.png","//en.wikiversity.org/wiki/Special:Search/Nitrogen_atom","http://en.wikipedia.org/w/index.php?title=Nitrogen&oldid=546091715","/wiki/Help:Categories","/wiki/Category:Nitrogen","/wiki/Category:Chemical_elements","/wiki/Category:Coolants","/wiki/Category:Laser_gain_media","/wiki/Category:Biology_and_pharmacology_of_chemical_elements","/wiki/Category:Dielectric_gases","/wiki/Category:Pnictogens","/wiki/Category:Nonmetals","/wiki/Category:Wikipedia_indefinitely_move-protected_pages","/wiki/Category:Articles_containing_Greek_language_text","/wiki/Category:All_articles_with_unsourced_statements","/wiki/Category:Articles_with_unsourced_statements_from_January_2013","/wiki/Category:Articles_needing_additional_references_from_January_2013","/wiki/Category:All_articles_needing_additional_references","/wiki/Category:All_articles_with_dead_external_links","/wiki/Category:Articles_with_dead_external_links_from_June_2012","/w/index.php?title=Special:UserLogin&returnto=Nitrogen&type=signup","/w/index.php?title=Special:UserLogin&returnto=Nitrogen","/wiki/Nitrogen","/wiki/Talk:Nitrogen","#","/wiki/Nitrogen","/w/index.php?title=Nitrogen&action=edit","/w/index.php?title=Nitrogen&action=history","#","/w/index.php","//bits.wikimedia.org/static-1.21wmf11/skins/vector/images/search-ltr.png?303-4","/wiki/Main_Page","/wiki/Main_Page","/wiki/Portal:Contents","/wiki/Portal:Featured_content","/wiki/Portal:Current_events","/wiki/Special:Random","//donate.wikimedia.org/wiki/Special:FundraiserRedirector?utm_source=donate&utm_medium=sidebar&utm_campaign=C13_en.wikipedia.org&uselang=en","/wiki/Help:Contents","/wiki/Wikipedia:About","/wiki/Wikipedia:Community_portal","/wiki/Special:RecentChanges","/wiki/Wikipedia:Contact_us","/wiki/Special:WhatLinksHere/Nitrogen","/wiki/Special:RecentChangesLinked/Nitrogen","/wiki/Wikipedia:File_Upload_Wizard","/wiki/Special:SpecialPages","/w/index.php?title=Nitrogen&oldid=546091715","/w/index.php?title=Nitrogen&action=info","/w/index.php?title=Special:Cite&page=Nitrogen&id=546091715","/w/index.php?title=Special:Book&bookcmd=book_creator&referer=Nitrogen","/w/index.php?title=Special:Book&bookcmd=render_article&arttitle=Nitrogen&oldid=546091715&writer=rl","/w/index.php?title=Nitrogen&printable=yes","//af.wikipedia.org/wiki/Stikstof","//am.wikipedia.org/wiki/%E1%8A%93%E1%8B%AD%E1%89%B5%E1%88%AE%E1%8C%85%E1%8A%95","//ar.wikipedia.org/wiki/%D9%86%D9%8A%D8%AA%D8%B1%D9%88%D8%AC%D9%8A%D9%86","//an.wikipedia.org/wiki/Nitroch%C3%A9n","//ast.wikipedia.org/wiki/Nitr%C3%B3xenu","//az.wikipedia.org/wiki/Azot","//bn.wikipedia.org/wiki/%E0%A6%A8%E0%A6%BE%E0%A6%87%E0%A6%9F%E0%A7%8D%E0%A6%B0%E0%A7%8B%E0%A6%9C%E0%A7%87%E0%A6%A8","//zh-min-nan.wikipedia.org/wiki/Chit-s%C3%B2%CD%98","//ba.wikipedia.org/wiki/%D0%90%D0%B7%D0%BE%D1%82","//be.wikipedia.org/wiki/%D0%90%D0%B7%D0%BE%D1%82","//be-x-old.wikipedia.org/wiki/%D0%90%D0%B7%D0%BE%D1%82","//bg.wikipedia.org/wiki/%D0%90%D0%B7%D0%BE%D1%82","//bs.wikipedia.org/wiki/Du%C5%A1ik","//br.wikipedia.org/wiki/Nitrogen","//ca.wikipedia.org/wiki/Nitrogen","//cv.wikipedia.org/wiki/%D0%90%D0%B7%D0%BE%D1%82","//ceb.wikipedia.org/wiki/Nitroheno","//cs.wikipedia.org/wiki/Dus%C3%ADk","//co.wikipedia.org/wiki/Azotu","//cy.wikipedia.org/wiki/Nitrogen","//da.wikipedia.org/wiki/Kv%C3%A6lstof","//de.wikipedia.org/wiki/Stickstoff","//et.wikipedia.org/wiki/L%C3%A4mmastik","//el.wikipedia.org/wiki/%CE%86%CE%B6%CF%89%CF%84%CE%BF","//es.wikipedia.org/wiki/Nitr%C3%B3geno","//eo.wikipedia.org/wiki/Azoto","//eu.wikipedia.org/wiki/Nitrogeno","//fa.wikipedia.org/wiki/%D9%86%DB%8C%D8%AA%D8%B1%D9%88%DA%98%D9%86","//hif.wikipedia.org/wiki/Nitrogen","//fr.wikipedia.org/wiki/Azote","//fy.wikipedia.org/wiki/Stikstof","//fur.wikipedia.org/wiki/Az%C3%B4t","//ga.wikipedia.org/wiki/N%C3%ADtrigin","//gv.wikipedia.org/wiki/Neetragien","//gd.wikipedia.org/wiki/Naitridean","//gl.wikipedia.org/wiki/Nitr%C3%B3xeno","//gu.wikipedia.org/wiki/%E0%AA%A8%E0%AA%A4%E0%AB%8D%E0%AA%B0%E0%AA%B2%E0%AA%B5%E0%AA%BE%E0%AA%AF%E0%AB%81","//hak.wikipedia.org/wiki/Tham","//xal.wikipedia.org/wiki/%D0%A8%D2%AF%D1%82%D3%A9%D1%80","//ko.wikipedia.org/wiki/%EC%A7%88%EC%86%8C","//haw.wikipedia.org/wiki/Naikokene","//hy.wikipedia.org/wiki/%D4%B1%D5%A6%D5%B8%D5%BF","//hi.wikipedia.org/wiki/%E0%A4%A8%E0%A4%BE%E0%A4%87%E0%A4%9F%E0%A5%8D%E0%A4%B0%E0%A5%8B%E0%A4%9C%E0%A4%A8","//hsb.wikipedia.org/wiki/Dusyk","//hr.wikipedia.org/wiki/Du%C5%A1ik","//io.wikipedia.org/wiki/Nitro","//ilo.wikipedia.org/wiki/Nitr%C3%B3heno","//id.wikipedia.org/wiki/Nitrogen","//ia.wikipedia.org/wiki/Nitrogeno","//is.wikipedia.org/wiki/K%C3%B6fnunarefni","//it.wikipedia.org/wiki/Azoto","//he.wikipedia.org/wiki/%D7%97%D7%A0%D7%A7%D7%9F","//jv.wikipedia.org/wiki/Nitrogen","//kn.wikipedia.org/wiki/%E0%B2%B8%E0%B2%BE%E0%B2%B0%E0%B2%9C%E0%B2%A8%E0%B2%95","//pam.wikipedia.org/wiki/Nitrogen","//ka.wikipedia.org/wiki/%E1%83%90%E1%83%96%E1%83%9D%E1%83%A2%E1%83%98","//kk.wikipedia.org/wiki/%D0%90%D0%B7%D0%BE%D1%82","//sw.wikipedia.org/wiki/Nitrojeni","//kv.wikipedia.org/wiki/%D0%90%D0%B7%D0%BE%D1%82","//ht.wikipedia.org/wiki/Az%C3%B2t","//ku.wikipedia.org/wiki/N%C3%AEtrojen","//mrj.wikipedia.org/wiki/%D0%90%D0%B7%D0%BE%D1%82","//la.wikipedia.org/wiki/Nitrogenium","//lv.wikipedia.org/wiki/Sl%C4%81peklis","//lb.wikipedia.org/wiki/St%C3%A9ckstoff","//lt.wikipedia.org/wiki/Azotas","//lij.wikipedia.org/wiki/Asoto","//li.wikipedia.org/wiki/Stikstof","//ln.wikipedia.org/wiki/Azoti","//jbo.wikipedia.org/wiki/trano","//hu.wikipedia.org/wiki/Nitrog%C3%A9n","//mk.wikipedia.org/wiki/%D0%90%D0%B7%D0%BE%D1%82","//ml.wikipedia.org/wiki/%E0%B4%A8%E0%B5%88%E0%B4%9F%E0%B5%8D%E0%B4%B0%E0%B4%9C%E0%B5%BB","//mt.wikipedia.org/wiki/A%C5%BCotu","//mi.wikipedia.org/wiki/Hauota","//mr.wikipedia.org/wiki/%E0%A4%A8%E0%A4%A4%E0%A5%8D%E0%A4%B0%E0%A4%B5%E0%A4%BE%E0%A4%AF%E0%A5%82","//ms.wikipedia.org/wiki/Nitrogen","//mn.wikipedia.org/wiki/%D0%90%D0%B7%D0%BE%D1%82","//nah.wikipedia.org/wiki/Eh%C4%93catehuiltic","//nl.wikipedia.org/wiki/Stikstof_(element)","//ne.wikipedia.org/wiki/%E0%A4%A8%E0%A4%BE%E0%A4%87%E0%A4%9F%E0%A5%8D%E0%A4%B0%E0%A5%8B%E0%A4%9C%E0%A4%A8","//ja.wikipedia.org/wiki/%E7%AA%92%E7%B4%A0","//frr.wikipedia.org/wiki/Stikstuf","//no.wikipedia.org/wiki/Nitrogen","//nn.wikipedia.org/wiki/Nitrogen","//nov.wikipedia.org/wiki/Nitrogene","//oc.wikipedia.org/wiki/Az%C3%B2t","//uz.wikipedia.org/wiki/Azot","//pa.wikipedia.org/wiki/%E0%A8%A8%E0%A8%BE%E0%A8%88%E0%A8%9F%E0%A9%8D%E0%A8%B0%E0%A9%8B%E0%A8%9C%E0%A8%A8","//pnb.wikipedia.org/wiki/%D9%86%D8%A7%D8%A6%DB%8C%D9%B9%D8%B1%D9%88%D8%AC%D9%86","//pap.wikipedia.org/wiki/Nitrogeno","//nds.wikipedia.org/wiki/Stickstoff","//pl.wikipedia.org/wiki/Azot","//pt.wikipedia.org/wiki/Azoto","//ksh.wikipedia.org/wiki/Stickstoff","//ro.wikipedia.org/wiki/Azot","//qu.wikipedia.org/wiki/Qullpachaq","//rue.wikipedia.org/wiki/%D0%90%D0%B7%D0%BE%D1%82","//ru.wikipedia.org/wiki/%D0%90%D0%B7%D0%BE%D1%82","//stq.wikipedia.org/wiki/Stikstof","//sq.wikipedia.org/wiki/Azoti","//scn.wikipedia.org/wiki/Azzotu","//simple.wikipedia.org/wiki/Nitrogen","//sk.wikipedia.org/wiki/Dus%C3%ADk","//sl.wikipedia.org/wiki/Du%C5%A1ik","//ckb.wikipedia.org/wiki/%D9%86%D8%A7%DB%8C%D8%AA%D8%B1%DB%86%D8%AC%DB%8C%D9%86","//sr.wikipedia.org/wiki/%D0%90%D0%B7%D0%BE%D1%82","//sh.wikipedia.org/wiki/Du%C5%A1ik","//fi.wikipedia.org/wiki/Typpi","//sv.wikipedia.org/wiki/Kv%C3%A4ve","//tl.wikipedia.org/wiki/Nitroheno","//ta.wikipedia.org/wiki/%E0%AE%A8%E0%AF%88%E0%AE%9F%E0%AF%8D%E0%AE%B0%E0%AE%9A%E0%AE%A9%E0%AF%8D","//tt.wikipedia.org/wiki/%D0%90%D0%B7%D0%BE%D1%82","//te.wikipedia.org/wiki/%E0%B0%A8%E0%B0%A4%E0%B1%8D%E0%B0%B0%E0%B0%9C%E0%B0%A8%E0%B0%BF","//th.wikipedia.org/wiki/%E0%B9%84%E0%B8%99%E0%B9%82%E0%B8%95%E0%B8%A3%E0%B9%80%E0%B8%88%E0%B8%99","//tg.wikipedia.org/wiki/%D0%90%D0%B7%D0%BE%D1%82","//chr.wikipedia.org/wiki/%E1%8E%BE%E1%8E%A2%E1%8F%A0%E1%8F%A4%E1%8F%82","//tr.wikipedia.org/wiki/Azot","//uk.wikipedia.org/wiki/%D0%90%D0%B7%D0%BE%D1%82","//ur.wikipedia.org/wiki/%D9%86%D8%B7%D8%B1%D8%B3%D8%A7%D8%B2","//ug.wikipedia.org/wiki/%D8%A6%D8%A7%D8%B2%D9%88%D8%AA","//vec.wikipedia.org/wiki/Azoto","//vep.wikipedia.org/wiki/Azot","//vi.wikipedia.org/wiki/Nit%C6%A1","//war.wikipedia.org/wiki/Nitroheno","//yi.wikipedia.org/wiki/%D7%90%D7%96%D7%90%D7%98","//yo.wikipedia.org/wiki/N%C3%ADtr%C3%B3j%C3%ACn","//zh-yue.wikipedia.org/wiki/%E6%B0%AE","//bat-smg.wikipedia.org/wiki/Azuots","//zh.wikipedia.org/wiki/%E6%B0%AE","//www.wikidata.org/wiki/Special:ItemByTitle/enwiki/Nitrogen","//en.wikipedia.org/wiki/Wikipedia:Text_of_Creative_Commons_Attribution-ShareAlike_3.0_Unported_License","//creativecommons.org/licenses/by-sa/3.0/","//wikimediafoundation.org/wiki/Terms_of_Use","//www.wikimediafoundation.org/","//en.wikipedia.org/wiki/Wikipedia:Contact_us","//wikimediafoundation.org/wiki/Privacy_policy","/wiki/Wikipedia:About","/wiki/Wikipedia:General_disclaimer","http://en.m.wikipedia.org/wiki/Nitrogen","//wikimediafoundation.org/","//bits.wikimedia.org/images/wikimedia-button.png","//www.mediawiki.org/","//bits.wikimedia.org/static-1.21wmf11/skins/common/images/poweredby_mediawiki_88x31.png","//bits.wikimedia.org/en.wikipedia.org/load.php?debug=false&lang=en&modules=skins.vector&only=scripts&skin=vector&*","/w/index.php?title=MediaWiki:Gadget-ReferenceTooltips.js&action=raw&ctype=text/javascript&508635914","//bits.wikimedia.org/en.wikipedia.org/load.php?debug=false&lang=en&modules=site&only=scripts&skin=vector&*"],"instances":["chemistry","chemistry","rocket_family","chemistry","meteorology","physics","unit","chemistry","optics","chemistry","chemistry","chemistry","rocket_family","ecology","electromagnetic_radiation","element","biology","beer","chemistry","astronomy"],"pdf":["http://pubs.nrc-cnrc.gc.ca/rp/rppdf/v03-178.pdf","http://www.nndc.bnl.gov/amdc/nubase/Nubase2003.pdf","https://www.crops.org/publications/sssaj/abstracts/62/1/SS0620010280?access=0&view=pdf","http://www.safety.vanderbilt.edu/pdf/hcs_msds/NitrogenCryo_G103_06_04.pdf"],"categories":["Nitrogen|","Chemical elements","Coolants","Laser gain media","Biology and pharmacology of chemical elements","Dielectric gases","Pnictogens","Nonmetals"],"headings":["History and etymology","Production","Properties","Occurrence","Compounds","Applications","Biological role","Safety","See also","Notes","References","Bibliography","Further reading","External links"],"image":["//upload.wikimedia.org/wikipedia/commons/c/ce/Transparent.gif","//upload.wikimedia.org/wikipedia/commons/c/ce/Transparent.gif","//upload.wikimedia.org/wikipedia/commons/c/ce/Transparent.gif","//upload.wikimedia.org/wikipedia/commons/c/ce/Transparent.gif","//upload.wikimedia.org/wikipedia/commons/c/ce/Transparent.gif","//upload.wikimedia.org/wikipedia/commons/c/ce/Transparent.gif","//upload.wikimedia.org/wikipedia/commons/c/ce/Transparent.gif","//upload.wikimedia.org/wikipedia/commons/c/ce/Transparent.gif","//upload.wikimedia.org/wikipedia/commons/c/ce/Transparent.gif","//upload.wikimedia.org/wikipedia/commons/c/ce/Transparent.gif","//upload.wikimedia.org/wikipedia/commons/c/ce/Transparent.gif","//upload.wikimedia.org/wikipedia/commons/c/ce/Transparent.gif","//upload.wikimedia.org/wikipedia/commons/c/ce/Transparent.gif","//upload.wikimedia.org/wikipedia/commons/c/ce/Transparent.gif","//upload.wikimedia.org/wikipedia/commons/c/ce/Transparent.gif","//upload.wikimedia.org/wikipedia/commons/c/ce/Transparent.gif","//upload.wikimedia.org/wikipedia/commons/c/ce/Transparent.gif","//upload.wikimedia.org/wikipedia/commons/c/ce/Transparent.gif","//upload.wikimedia.org/wikipedia/commons/c/ce/Transparent.gif","//upload.wikimedia.org/wikipedia/commons/c/ce/Transparent.gif","//upload.wikimedia.org/wikipedia/commons/c/ce/Transparent.gif","//upload.wikimedia.org/wikipedia/commons/c/ce/Transparent.gif","//upload.wikimedia.org/wikipedia/commons/c/ce/Transparent.gif","//upload.wikimedia.org/wikipedia/commons/c/ce/Transparent.gif","//upload.wikimedia.org/wikipedia/commons/c/ce/Transparent.gif","//upload.wikimedia.org/wikipedia/commons/c/ce/Transparent.gif","//upload.wikimedia.org/wikipedia/commons/c/ce/Transparent.gif","//upload.wikimedia.org/wikipedia/commons/c/ce/Transparent.gif","//upload.wikimedia.org/wikipedia/commons/c/ce/Transparent.gif","//upload.wikimedia.org/wikipedia/commons/c/ce/Transparent.gif","//upload.wikimedia.org/wikipedia/commons/c/ce/Transparent.gif","//upload.wikimedia.org/wikipedia/commons/c/ce/Transparent.gif","//upload.wikimedia.org/wikipedia/commons/c/ce/Transparent.gif","//upload.wikimedia.org/wikipedia/commons/c/ce/Transparent.gif","//upload.wikimedia.org/wikipedia/commons/c/ce/Transparent.gif","//upload.wikimedia.org/wikipedia/commons/c/ce/Transparent.gif","//upload.wikimedia.org/wikipedia/commons/c/ce/Transparent.gif","//upload.wikimedia.org/wikipedia/commons/c/ce/Transparent.gif","//upload.wikimedia.org/wikipedia/commons/c/ce/Transparent.gif","//upload.wikimedia.org/wikipedia/commons/c/ce/Transparent.gif","//upload.wikimedia.org/wikipedia/commons/c/ce/Transparent.gif","//upload.wikimedia.org/wikipedia/commons/c/ce/Transparent.gif","//upload.wikimedia.org/wikipedia/commons/c/ce/Transparent.gif","//upload.wikimedia.org/wikipedia/commons/c/ce/Transparent.gif","//upload.wikimedia.org/wikipedia/commons/c/ce/Transparent.gif","//upload.wikimedia.org/wikipedia/commons/c/ce/Transparent.gif","//upload.wikimedia.org/wikipedia/commons/c/ce/Transparent.gif","//upload.wikimedia.org/wikipedia/commons/c/ce/Transparent.gif","//upload.wikimedia.org/wikipedia/commons/c/ce/Transparent.gif","//upload.wikimedia.org/wikipedia/commons/c/ce/Transparent.gif","//upload.wikimedia.org/wikipedia/commons/c/ce/Transparent.gif","//upload.wikimedia.org/wikipedia/commons/c/ce/Transparent.gif","//upload.wikimedia.org/wikipedia/commons/c/ce/Transparent.gif","//upload.wikimedia.org/wikipedia/commons/c/ce/Transparent.gif","//upload.wikimedia.org/wikipedia/commons/c/ce/Transparent.gif","//upload.wikimedia.org/wikipedia/commons/c/ce/Transparent.gif","//upload.wikimedia.org/wikipedia/commons/c/ce/Transparent.gif","//upload.wikimedia.org/wikipedia/commons/c/ce/Transparent.gif","//upload.wikimedia.org/wikipedia/commons/c/ce/Transparent.gif","//upload.wikimedia.org/wikipedia/commons/c/ce/Transparent.gif","//upload.wikimedia.org/wikipedia/commons/c/ce/Transparent.gif","//upload.wikimedia.org/wikipedia/commons/c/ce/Transparent.gif","//upload.wikimedia.org/wikipedia/commons/c/ce/Transparent.gif","//upload.wikimedia.org/wikipedia/commons/c/ce/Transparent.gif","//upload.wikimedia.org/wikipedia/commons/c/ce/Transparent.gif","//upload.wikimedia.org/wikipedia/commons/c/ce/Transparent.gif","//upload.wikimedia.org/wikipedia/commons/c/ce/Transparent.gif","//upload.wikimedia.org/wikipedia/commons/c/ce/Transparent.gif","//upload.wikimedia.org/wikipedia/commons/c/ce/Transparent.gif","//upload.wikimedia.org/wikipedia/commons/c/ce/Transparent.gif","//upload.wikimedia.org/wikipedia/commons/c/ce/Transparent.gif","//upload.wikimedia.org/wikipedia/commons/c/ce/Transparent.gif","//upload.wikimedia.org/wikipedia/commons/c/ce/Transparent.gif","//upload.wikimedia.org/wikipedia/commons/c/ce/Transparent.gif","//upload.wikimedia.org/wikipedia/commons/c/ce/Transparent.gif","//upload.wikimedia.org/wikipedia/commons/c/ce/Transparent.gif","//upload.wikimedia.org/wikipedia/commons/c/ce/Transparent.gif","//upload.wikimedia.org/wikipedia/commons/c/ce/Transparent.gif","//upload.wikimedia.org/wikipedia/commons/c/ce/Transparent.gif","//upload.wikimedia.org/wikipedia/commons/c/ce/Transparent.gif","//upload.wikimedia.org/wikipedia/commons/c/ce/Transparent.gif","//upload.wikimedia.org/wikipedia/commons/c/ce/Transparent.gif","//upload.wikimedia.org/wikipedia/commons/c/ce/Transparent.gif","//upload.wikimedia.org/wikipedia/commons/c/ce/Transparent.gif","//upload.wikimedia.org/wikipedia/commons/c/ce/Transparent.gif","//upload.wikimedia.org/wikipedia/commons/c/ce/Transparent.gif","//upload.wikimedia.org/wikipedia/commons/c/ce/Transparent.gif","//upload.wikimedia.org/wikipedia/commons/c/ce/Transparent.gif","//upload.wikimedia.org/wikipedia/commons/c/ce/Transparent.gif","//upload.wikimedia.org/wikipedia/commons/c/ce/Transparent.gif","//upload.wikimedia.org/wikipedia/commons/c/ce/Transparent.gif","//upload.wikimedia.org/wikipedia/commons/c/ce/Transparent.gif","//upload.wikimedia.org/wikipedia/commons/c/ce/Transparent.gif","//upload.wikimedia.org/wikipedia/commons/c/ce/Transparent.gif","//upload.wikimedia.org/wikipedia/commons/c/ce/Transparent.gif","//upload.wikimedia.org/wikipedia/commons/c/ce/Transparent.gif","//upload.wikimedia.org/wikipedia/commons/c/ce/Transparent.gif","//upload.wikimedia.org/wikipedia/commons/c/ce/Transparent.gif","//upload.wikimedia.org/wikipedia/commons/c/ce/Transparent.gif","//upload.wikimedia.org/wikipedia/commons/c/ce/Transparent.gif","//upload.wikimedia.org/wikipedia/commons/c/ce/Transparent.gif","//upload.wikimedia.org/wikipedia/commons/c/ce/Transparent.gif","//upload.wikimedia.org/wikipedia/commons/c/ce/Transparent.gif","//upload.wikimedia.org/wikipedia/commons/c/ce/Transparent.gif","//upload.wikimedia.org/wikipedia/commons/c/ce/Transparent.gif","//upload.wikimedia.org/wikipedia/commons/c/ce/Transparent.gif","//upload.wikimedia.org/wikipedia/commons/c/ce/Transparent.gif","//upload.wikimedia.org/wikipedia/commons/c/ce/Transparent.gif","//upload.wikimedia.org/wikipedia/commons/c/ce/Transparent.gif","//upload.wikimedia.org/wikipedia/commons/c/ce/Transparent.gif","//upload.wikimedia.org/wikipedia/commons/c/ce/Transparent.gif","//upload.wikimedia.org/wikipedia/commons/c/ce/Transparent.gif","//upload.wikimedia.org/wikipedia/commons/c/ce/Transparent.gif","//upload.wikimedia.org/wikipedia/commons/c/ce/Transparent.gif","//upload.wikimedia.org/wikipedia/commons/c/ce/Transparent.gif","//upload.wikimedia.org/wikipedia/commons/c/ce/Transparent.gif","//upload.wikimedia.org/wikipedia/commons/c/ce/Transparent.gif","//upload.wikimedia.org/wikipedia/commons/c/ce/Transparent.gif","//upload.wikimedia.org/wikipedia/commons/thumb/d/d2/Liquidnitrogen.jpg/250px-Liquidnitrogen.jpg","//upload.wikimedia.org/wikipedia/commons/thumb/3/37/Nitrogen_Spectra.jpg/250px-Nitrogen_Spectra.jpg","//upload.wikimedia.org/wikipedia/commons/thumb/6/69/Electron_shell_007_Nitrogen_-_no_label.svg/153px-Electron_shell_007_Nitrogen_-_no_label.svg.png","//upload.wikimedia.org/wikipedia/commons/thumb/c/c2/Hexagonal.svg/50px-Hexagonal.svg.png","//upload.wikimedia.org/wikipedia/en/thumb/9/99/Question_book-new.svg/50px-Question_book-new.svg.png","//upload.wikimedia.org/wikipedia/commons/thumb/9/98/Nitrogen_discharge_tube.jpg/170px-Nitrogen_discharge_tube.jpg","//bits.wikimedia.org/static-1.21wmf11/skins/common/images/magnify-clip.png","//upload.wikimedia.org/wikipedia/commons/thumb/4/4e/Dinitrogen-2D-dimensions.png/120px-Dinitrogen-2D-dimensions.png","//bits.wikimedia.org/static-1.21wmf11/skins/common/images/magnify-clip.png","//upload.wikimedia.org/wikipedia/commons/thumb/5/5b/RuA5N2.png/220px-RuA5N2.png","//bits.wikimedia.org/static-1.21wmf11/skins/common/images/magnify-clip.png","//upload.wikimedia.org/wikipedia/commons/thumb/6/6c/Nitrogen-3D-vdW.png/150px-Nitrogen-3D-vdW.png","//bits.wikimedia.org/static-1.21wmf11/skins/common/images/magnify-clip.png","//bits.wikimedia.org/static-1.21wmf11/skins/common/images/magnify-clip.png","//upload.wikimedia.org/wikipedia/commons/thumb/a/a8/Office-book.svg/30px-Office-book.svg.png","//upload.wikimedia.org/wikipedia/commons/thumb/a/a8/Office-book.svg/30px-Office-book.svg.png","//upload.wikimedia.org/wikipedia/commons/thumb/a/a8/Office-book.svg/30px-Office-book.svg.png","//upload.wikimedia.org/wikipedia/commons/thumb/a/a8/Office-book.svg/30px-Office-book.svg.png","//upload.wikimedia.org/wikipedia/commons/thumb/a/a8/Office-book.svg/30px-Office-book.svg.png","//upload.wikimedia.org/wikipedia/commons/thumb/5/59/Nuvola_apps_edu_science.svg/30px-Nuvola_apps_edu_science.svg.png","//upload.wikimedia.org/wikipedia/commons/thumb/f/f0/France_Loiret_La_Bussiere_Potager_05.jpg/30px-France_Loiret_La_Bussiere_Potager_05.jpg","//upload.wikimedia.org/wikipedia/en/thumb/4/4a/Commons-logo.svg/22px-Commons-logo.svg.png","//upload.wikimedia.org/wikipedia/commons/thumb/f/f8/Wiktionary-logo-en.svg/28px-Wiktionary-logo-en.svg.png","//upload.wikimedia.org/wikipedia/commons/thumb/f/fa/Wikibooks-logo.svg/30px-Wikibooks-logo.svg.png","//upload.wikimedia.org/wikipedia/commons/thumb/9/91/Wikiversity-logo.svg/30px-Wikiversity-logo.svg.png","//bits.wikimedia.org/static-1.21wmf11/skins/vector/images/search-ltr.png?303-4","//bits.wikimedia.org/images/wikimedia-button.png","//bits.wikimedia.org/static-1.21wmf11/skins/common/images/poweredby_mediawiki_88x31.png"],"tags":[["mercury","element"],["valence","chemistry"],["atmosphere","unit"],["assimilation","biology"],["substrate","chemistry"],["product","chemistry"],["transparency","optics"],["absorption","electromagnetic_radiation"],["aurora","astronomy"],["scintillation","physics"],["base","chemistry"],["complex","chemistry"],["titan","moon"],["basic","chemistry"],["dimer","chemistry"],["titan","rocket_family"],["ariane","rocket_family"],["widget","beer"],["salt","chemistry"],["precipitation","meteorology"],["dead_zone","ecology"]],"members":["basic","substrate","ariane","complex","precipitation","scintillation","atmosphere","salt","transparency","base","dimer","valence","titan","dead_zone","absorption","mercury","assimilation","widget","product","aurora"],"related":["Chemical_element","Atomic_number","Inert","Diatomic","Standard_conditions","Earth's_atmosphere","Daniel_Rutherford","Pnictogen","Milky_Way","Solar_System","Carbon","Hydrogen","Supernova","Ammonia","Nitric_acid","Propellant","Explosive","Cyanide","Chemical_compound","Ammonia","Nitrate","Fertilizer","Pollutant","Eutrophication","Kevlar","Cyanoacrylate","Antibiotic","Nitroglycerin","Nitroprusside","Blood_pressure","Nitric_oxide","Alkaloid","Caffeine","Morphine","Neurotransmitter","Amphetamine","Amino_acid","Proteins","Nucleic_acid","DNA","RNA","Nitrogen_cycle","Biosphere","Daniel_Rutherford","Combustion","Carl_Wilhelm_Scheele","Henry_Cavendish","Joseph_Priestley","Inert","Antoine_Lavoisier","Hydrazine","Azide","Jean-Antoine_Chaptal","Sodium_carbonate","Nitric_acid","Potassium_nitrate","Nitre","Sodium","Natron","Alchemy","Hydrochloric_acid","Gold","Sodium_nitrate","Gunpowder","Fertilizer","John_William_Strutt,_3rd_Baron_Rayleigh","Allotrope","Monatomic","Mercury_(element)","Mercury_nitride","Industrial_gas","Distillation","Air","Osmotic_pressure","Pressure_swing_adsorption","Oxygen","Ammonium_chloride","Sodium_nitrite","Potassium_dichromate","Barium_azide","Sodium_azide","Nonmetal","Electronegativity","Electron","Electron_shell","Valence_(chemistry)","Triple_bond","Atmospheric_pressure","Condensation","Liquid","Kelvin","Celsius","Freezing","Hexagonal_close-packed","Allotropy","Cubic_crystal_system","Liquid_nitrogen","Cryogen","Tetranitrogen","Atmosphere_(unit)","Diamond_anvil_cell","Diamond","Covalent_bond","Hexazine","Benzene","Octaazacubane","Cubane","Orbital_symmetry","Isotope","CNO_cycle","Star","Half-life","Assimilation_(biology)","Nitrification","Denitrification","Substrate_(chemistry)","Product_(chemistry)","Isotopologue","Pressurized_water_reactor","Boiling_water_reactor","Np_reaction","Gamma_radiation","Transparency_(optics)","Infrared","Visible_spectrum","Homonuclear_molecule","Molecular_dipole_moment","Electromagnetic_radiation","Wavelength","Absorption_(electromagnetic_radiation)","Ultraviolet","Electronic_transition","Nitrogen_laser","Air_glow","Aurora_(astronomy)","Nitric_oxide","Scintillation_(physics)","Reagent","Acid","Base_(chemistry)","Nitrogen_fixation","Lithium","Lithium_nitride","Magnesium","Magnesium_nitride","Adduct","Dinitrogen_complex","Dppe","Bridging_ligand","Hapticity","Complex_(chemistry)","Nitrogenase","Catalysis","Haber_process","Redox","Molybdenum","Haber_process","Cyanobacteria","Root_nodule","Biosphere","Nitrogenase","Enzyme","Adenosine_triphosphate","Adenosine_diphosphate","Inorganic","Phosphate","Earth","Earth's_atmosphere","Abundance_of_the_chemical_elements","Chemical_element","Stellar_nucleosynthesis","Supernova","Molecule","Chemical_compound","Interstellar_medium","Far_Ultraviolet_Spectroscopic_Explorer","Planetesimal","Potassium_nitrate","Sodium_nitrate","Sal_ammoniac","Boron","Saturn","Titan_(moon)","Guano","Urea","Uric_acid","Ammonium","Nutrient","Nitrogen_fixation","Ammonia","Hydrazine","Basic_(chemistry)","Water","Solution","Ammonium","Ion","Amphiprotic","Brønsted-Lowry","Amide","Nitride","Salt","Chemical_decomposition","Amine","Amphiphilic","Anion","Azide","Isoelectronicity","Carbon_dioxide","Cyanide","Molecule","Nitrous_oxide","Oxide","Nitric_oxide","Nitrogen_monoxide","Free_radical","Signal_transduction","Vasodilation","Nitrogen_dioxide","Electron","Smog","Dimer_(chemistry)","Nitrous_acid","Nitric_acid","Nitrite","Nitrate","Dinitrogen_trioxide","Dinitrogen_tetroxide","Dinitrogen_pentoxide","Hypergolic","Hydrazine","Space_shuttle","Apollo_Program","Titan_(rocket_family)","Ariane_(rocket_family)","Hydronium","Oxidizing_agent","Nitrogen_triiodide","Contact_explosive","Nitrocellulose","Nitroglycerin","Glycerin","Dynamite","Trinitrotoluene","Organic_compound","Functional_group","Amine","Amide","Nitro_compound","Imine","Enamine","Chemical_substance","Kjeldahl_method","Inert","Air","Redox","Modified_atmosphere","Carbon_dioxide","Rancidification","Redox","Eurpean_Union","E_number","E941","Incandescent_light_bulb","Argon","Transistor","Diode","Integrated_circuit","Dielectric","Gas","High_voltage","Stainless_steel","Inerting_system","Explosive_material","Tire","Redox","Propellant","Wine","Paintball_gun","Carbon_dioxide","Beer","Ale","Ale","Liquid_bubble","Widget_(beer)","Beverage_can","Bottle","Cryogen","Dewar_flask","Evaporation","Dry_ice","Refrigerant","Cryopreservation","Sperm","Ovum","Cryotherapy","Cold_trap","Infrared_detector","X-ray_detector","Central_processing_unit","Overclocking","Bacteria","Nitrogen_fixing_bacteria","Decomposition","Natural_gas","Ammonia","Haber_process","Fertilizer","Explosive","Nitric_acid","Ostwald_process","Salt_(chemistry)","Potassium_nitrate","Gunpowder","Ammonium_nitrate","ANFO","Nitroglycerin","Trinitrotoluene","Nitrocellulose","Nitric_acid","Oxidizing_agent","Rocket","Hydrazine","Fuel","Monopropellant","Nitrous_oxide","Nitrous_oxide","Alkaloid","Morphine","Nitroglycerin","Nitroprusside","Nitric_oxide","Amino_acid","Nucleic_acid","Precipitation_(meteorology)","Ammonium","Nitrate","Nitrogen_fixation","Lightning","Justus_von_Liebig","Ammonium","Forest_canopy","Soil","Root","Bacteria","Nitrogenase","Enzyme","Nitrogen_fixation","Ammonium","Symbiosis","Root_nodule","Legume","Clover","Soybean","Marchantiophyta","Protein","Alkaloids","Legume","Nitrate_reductase","Nitrite_reductase","Amino_acid","Protein","Nucleic_acid","Fertilizer","Eutrophication","Dead_zone_(ecology)","Gulf_Coast","Black_Sea","Trimethylamine_oxide","Osmosis","Dimethylamine","Free_radical","Nitric_oxide","Amino_acid","Nitrite","Metabolism","Excretion","Urea","Nucleic_acids","Urea","Uric_acid","Amine","Putrescine","Cadaverine","Ornithine","Lysine","Nitrogen_cycle","Nitrogen_asphyxiation","Carotid_body","Mobile_Launcher_Platform","Partial_pressure","Scuba_diving","Nitrogen_narcosis","Nitrous_oxide","Cardiovascular_system","Decompression_sickness","Breathing_gas","Liquid_nitrogen","Frostbite","Dermatology","Leidenfrost_effect","Oxygen_sensor","Reactive_nitrogen_species","Royal_Society_of_Chemistry","Chemistry_World"]}