{"cursor":"12063","size":15,"audio":[],"currentlang":"en","article":"{{Infobox settlement\n| name = Electronics City native_name = à²à²²à³à²à³à²à³à²°à³à²¨à²¿à²à³à²¸à³ à²¸à²¿à²à²¿ native_name_lang =\n| kan other_name = Electronic City settlement_type = neighbourhood image_skyline\n| = image_alt = image_caption = nickname = map_alt = map_caption = pushpin_map =\n| India Bangalore pushpin_label_position = pushpin_map_alt = pushpin_map_caption\n| = latd = 12.85 latm = lats = latNS = N longd = 77.67 longm = longs = longEW =\n| E coordinates_display = inline,title subdivision_type = Country\n| subdivision_name = India subdivision_type1 = State subdivision_name1 =\n| Karnataka subdivision_type2 = District subdivision_name2 = Bangalore Urban\n| established_title =  established_date = 1978 founder =\n| Rama Krishna Baliga named_for = government_type = governing_body = unit_pref =\n| Metric area_footnotes = area_rank = area_total_km2 = area_total_acre = 332\n| elevation_footnotes = elevation_m = population_total = population_as_of =\n| population_rank = population_density_km2 = auto population_demonym =\n| population_footnotes = demographics_type1 = Languages demographics1_title1 =\n| Official demographics1_info1 = Kannada timezone1 = IST utc_offset1 = +5:30\n| postal_code_type =  postal_code = registration_plate = website =\n| footnotes =\n}}\n\n{{infobox\n| bodyclass ard titleclass = \"fn org\" title = 'Electronics City' image = label1\n| = Owner data1 = label2 = Founded data2 = 1978 label3 = Location data3 = Hosur\n| Road, Bangalore label4 = Surface area data4 = label5 = Area served data5 =\n| label6 = Area served data6 = label7 = Industry data7 = Electronics,\n| Information Technology label8 = Major companies data8 = Wipro, Mahindra\n| Satyam, Hewlett-Packard, Infosys, Patni Computer Systems, C-DOT, CGI, Siemens,\n| mahindra Satyam label9 = Products data9 = label10 = Employees data10 =\n| 100,000 label11 = Total investments data11 = US$\n| 2,000,000 label12 = Website data12 = data13 =\n}}\n\n'Electronics City' (), usually referred to as 'Electronic City', is a panchayat\ntown in Anekal taluk, Bangalore Urban district in the Indian state of Karnataka,\nIndia. http://www.electronic-city.in/about/introduction is one of\nIndia's largest electronic industrial parks, spread over 332 acres\n(1.3 kmÂ²) in Konappana Agrahara and Doddathogur villages, inside Bangalore,\nIndia. It has three phases – Phase I, Phase II and Phase III. Electronics\nCity was established by Keonics, Karnataka Electronics, {{cite web |url=http://www.keonics.in/ |title= Keonics web site\n|publisher=Keonics |accessdate=2011-02-11 }} a pioneer in information\ntechnology infrastructure development. Keonics Electronics City has a world\nclass infrastructure which has housed major IT /ITES companies such as Bosch,\nWipro, Mahindra Satyam, Hewlett-Packard, Infosys, HCL Technologies, Patni\nComputer Systems, CGI, Siemens, Yokogawa Electric, Genpact, Intel, etc. {{cite web |url=http://www.keonics.in/it-\ninfrastructure.php?menu=1&menus=6 |title=Infrastructure of Electronics City\n|publisher=Keonics |accessdate=2011-02-11 }} There are approximately 187\nIT/ITES companies located in Electronics City.\n","linknr":448,"url":"Electronics_City","recorded":1363453840,"links":["/w/index.php?title=Electronics_City&action=edit","/w/index.php?title=Electronics_City&action=edit","//en.wikipedia.org/apple-touch-icon.png","//bits.wikimedia.org/favicon/wikipedia.ico","/w/opensearch_desc.php","//en.wikipedia.org/w/api.php?action=rsd","//creativecommons.org/licenses/by-sa/3.0/","/w/index.php?title=Special:RecentChanges&feed=atom","//bits.wikimedia.org/en.wikipedia.org/load.php?debug=false&lang=en&modules=ext.gadget.DRN-wizard%2CReferenceTooltips%2Ccharinsert%2Cteahouse%7Cext.wikihiero%7Cmediawiki.legacy.commonPrint%2Cshared%7Cmw.PopUpMediaTransform%7Cskins.vector&only=styles&skin=vector&*","//bits.wikimedia.org/en.wikipedia.org/load.php?debug=false&lang=en&modules=site&only=styles&skin=vector&*","//bits.wikimedia.org/en.wikipedia.org/load.php?debug=false&lang=en&modules=startup&only=scripts&skin=vector&*","//bits.wikimedia.org/geoiplookup","//meta.wikimedia.org","#mw-head","#p-search","/wiki/File:Bangalore_street_Map.png","//upload.wikimedia.org/wikipedia/commons/thumb/3/3c/Bangalore_street_Map.png/250px-Bangalore_street_Map.png","//upload.wikimedia.org/wikipedia/en/thumb/0/0c/Red_pog.svg/6px-Red_pog.svg.png","http://toolserver.org/~geohack/geohack.php?pagename=Electronics_City&params=12.85_N_77.67_E_type:city_region:IN-KA","/wiki/Geographic_coordinate_system","http://toolserver.org/~geohack/geohack.php?pagename=Electronics_City&params=12.85_N_77.67_E_type:city_region:IN-KA","/wiki/States_and_territories_of_India","/wiki/Karnataka","/wiki/List_of_districts_of_India","/wiki/Bangalore_Urban_district","/wiki/R._K._Baliga","/wiki/Time_zone","/wiki/Indian_Standard_Time","/wiki/UTC%2B5:30","/wiki/Hosur_Road","/wiki/Bangalore","/wiki/Industry","/wiki/Electronics","/wiki/Information_Technology","/wiki/Companies","/wiki/Wipro","/wiki/Mahindra_Satyam","/wiki/Hewlett-Packard","/wiki/Infosys","/wiki/Patni_Computer_Systems","/wiki/C-DOT","/wiki/CGI_Group","/wiki/Siemens_AG","/wiki/Mahindra_Satyam","/wiki/Employment","#cite_note-keonics-infra-1","/wiki/Invest","/wiki/Kannada_language","/wiki/Anekal","/wiki/Bangalore_Urban_district","#cite_note-2","/wiki/Industrial_park","/wiki/Bangalore","/wiki/India","#cite_note-keonics-3","/wiki/Robert_Bosch_GmbH","/wiki/Wipro","/wiki/Mahindra_Satyam","/wiki/Hewlett-Packard","/wiki/Infosys","/wiki/HCL_Technologies","/wiki/Patni_Computer_Systems","/wiki/CGI_Group","/wiki/Siemens_AG","/wiki/Yokogawa_Electric","/wiki/Genpact","/wiki/Intel","#cite_note-keonics-infra-1","/wiki/Information_technology","/wiki/Business_process_outsourcing","#History","#Development","#Elevated_Highway","#Educational_institutes","#Industries","#Residential_Complexes","#Retail","#Environmental_Concerns","#References","#External_links","/w/index.php?title=Electronics_City&action=edit&section=1","/wiki/R.K._Baliga","#cite_note-keonics-3","/wiki/Silicon_Valley_of_India","/wiki/Economic_liberalisation_in_India","/wiki/P.V._Narasimha_Rao","/wiki/Dr._Manmohan_Singh","/wiki/Bruhat_Bengaluru_Mahanagara_Palike","/wiki/Greater_Bangalore","#cite_note-4","/w/index.php?title=Electronics_City&action=edit&section=2","#cite_note-helix-5","/wiki/Bangalore_Metropolitan_Transport_Corporation","/wiki/BIAL","/w/index.php?title=Electronics_City&action=edit&section=3","/wiki/Hosur_Road_Elevated_Expressway","/wiki/Hosur_Road","/wiki/BOSCH","/wiki/Sasken","/wiki/Volvo","/wiki/Audi","/wiki/BMW","/wiki/Toyota","/wiki/Honda","/wiki/Volkswagen","/w/index.php?title=Electronics_City&action=edit&section=4","/wiki/File:Xavier_Institute_of_Management_and_Entrepreneurship,_Bangalore.jpg","//upload.wikimedia.org/wikipedia/en/thumb/3/32/Xavier_Institute_of_Management_and_Entrepreneurship%2C_Bangalore.jpg/220px-Xavier_Institute_of_Management_and_Entrepreneurship%2C_Bangalore.jpg","/wiki/File:Xavier_Institute_of_Management_and_Entrepreneurship,_Bangalore.jpg","//bits.wikimedia.org/static-1.21wmf11/skins/common/images/magnify-clip.png","/wiki/IIIT-B","/wiki/ISBR_Business_School","/wiki/The_Oxford_College_of_Engineering","/wiki/Symbiosis_International_University","/wiki/Welingkar_Institute","/wiki/Ebenezer_International_School_Bangalore","/wiki/TREAMIS_World_School","/wiki/Vibgyor_High_School","/w/index.php?title=Electronics_City&action=edit&section=5","/wiki/File:Wipro.jpg","//upload.wikimedia.org/wikipedia/commons/thumb/b/b2/Wipro.jpg/220px-Wipro.jpg","/wiki/File:Wipro.jpg","//bits.wikimedia.org/static-1.21wmf11/skins/common/images/magnify-clip.png","/wiki/APC","/wiki/Bharat_Heavy_Electricals_Limited","/wiki/Biocon","/wiki/C-DOT","/wiki/CGI_Group","/wiki/Fanuc","/wiki/General_Electric","/wiki/GE_Fanuc_Intelligent_Platforms","/wiki/HCL_Technologies","/wiki/Hewlett-Packard","/wiki/IGATE","/wiki/Infosys","/wiki/Mahindra_Satyam","/wiki/Siemens_AG","/wiki/STPI","/wiki/Tata_Consultancy_Services","/wiki/Timken_Company","/wiki/T%C3%9CV_Rheinland","/wiki/Wipro_Technologies","/wiki/Yokogawa","/wiki/3M","/wiki/Sourcebits","/wiki/Happiest_Minds","#endnote_portal","/w/index.php?title=Electronics_City&action=edit&section=6","/w/index.php?title=Electronics_City&action=edit&section=7","/w/index.php?title=Electronics_City&action=edit&section=8","/w/index.php?title=Electronics_City&action=edit&section=9","#cite_ref-keonics-infra_1-0","#cite_ref-keonics-infra_1-1","http://www.keonics.in/it-infrastructure.php?menu=1&menus=6","http://www.keonics.in/it-infrastructure.php?menu=1&menus=6","#cite_ref-2","http://www.electronic-city.in/about/introduction","#cite_ref-keonics_3-0","#cite_ref-keonics_3-1","http://www.keonics.in/","http://www.keonics.in/","#cite_ref-4","http://timesofindia.indiatimes.com/city/bangalore/Bruhat-Bengaluru-Mahanagara-Palike-may-finally-get-its-hands-on-Electronics-City/articleshow/15299909.cms","#cite_ref-helix_5-0","http://www.bangaloreitbt.in/kbits.html","http://www.bangaloreitbt.in/kbits.html","/w/index.php?title=Electronics_City&action=edit&section=10","//upload.wikimedia.org/wikipedia/en/thumb/4/4a/Commons-logo.svg/30px-Commons-logo.svg.png","//commons.wikimedia.org/wiki/Category:Electronics_City","#ref_portal","http://www.electronic-city.in/","/wiki/Template:Bangalore_topics","/wiki/Template_talk:Bangalore_topics","//en.wikipedia.org/w/index.php?title=Template:Bangalore_topics&action=edit","/wiki/Bangalore","/wiki/History_of_Bangalore","/wiki/Kadambas","/wiki/Western_Ganga_Dynasty","/wiki/Chalukya","/wiki/Rashtrakuta","/wiki/Hoysala_Empire","/wiki/Vijayanagara_Empire","/wiki/Kingdom_of_Mysore","/wiki/Tipu_Sultan","/wiki/Kempe_Gowda","/wiki/Bangalore_Cantonment","/wiki/Bengaluru_Pete","/wiki/Bangalore_Fort","/wiki/Places_of_worship_in_Bangalore","/wiki/Nandi_Temple","/wiki/Gavi_Gangadhareshwara_Temple","/wiki/Kote_Venkataramana_Temple","/wiki/Ranganathaswamy_temple,Bangalore","/wiki/ISKCON_Temple_Bangalore","/wiki/Halasuru_Someshwara_Temple","/wiki/Dodda_Ganesha_Temple","/wiki/Ragigudda_Anjaneya_temple","/wiki/St._Mary%27s_Basilica,_Bangalore","/wiki/Naganatheshwara_temple,_Begur","/wiki/Kote_Jalakantheshwara_temple","/wiki/Bruhat_Bengaluru_Mahanagara_Palike","/wiki/Bangalore_Development_Authority","/wiki/TRAI_Bangalore_Regional_Office","/wiki/Bangalore_Agenda_Task_Force","/wiki/Bangalore_City_Police","/wiki/Vidhana_Soudha","/wiki/Visvesvaraya_Museum","/wiki/Nehru_Planetarium","/wiki/Karnataka_High_Court","/wiki/Daly_Memorial_Hall","/wiki/Bangalore_Town_Hall","/wiki/Public_Utilities_Building,_Bangalore","/wiki/M._Chinnaswamy_Stadium","/wiki/Bangalore_Palace","/wiki/Auto_rickshaw","/wiki/Bangalore_Metropolitan_Transport_Corporation","/wiki/Namma_Metro","/wiki/Bengaluru_International_Airport","/wiki/HAL_Bangalore_International_Airport","/wiki/Bangalore_-_Mysore_Infrastructure_Corridor","/wiki/Hosur_Road_Elevated_Expressway","/wiki/Outer_Ring_Road_(Bangalore)","/wiki/Kempegowda_Bus_Station","/wiki/Bangalore_City_railway_station","/wiki/Bangalore_Commuter_Rail","/wiki/Bangalore_Kannada","/wiki/Cinema_of_Karnataka","/wiki/The_Forum_(shopping_mall)","/wiki/Garuda_Mall","/wiki/Bangalore_Central","/wiki/Mantri_Square","/wiki/Birdwatchers%27_Field_Club_of_Bangalore","/wiki/Karnataka_Quiz_Association","/wiki/Bangalore_Linux_User_Group","/wiki/Bangalore_Agenda_Task_Force","/wiki/Bangalore_IT.in","/wiki/Bannerghatta_National_Park","/wiki/Lal_Bagh","/wiki/Cubbon_Park","/wiki/Bugle_Rock","/wiki/Freedom_Park,_Bengaluru","/wiki/Banaswadi","/wiki/Dasarahalli","/wiki/Ganganagar,_Bangalore","/wiki/Hebbal","/wiki/Jalahalli","/wiki/Kodigehalli","/wiki/Mathikere","/wiki/Peenya","/wiki/Sahakara_Nagar","/wiki/Sanjaynagar","/wiki/Vidyaranyapura","/wiki/Yelahanka","/wiki/Yeswanthpur","/wiki/Basaveshwaranagar","/wiki/Kamala_Nagar,_Bangalore","/wiki/Kengeri","/wiki/Mahalakshmi_Layout","/wiki/Nagarbhavi","/wiki/Nandini_Layout","/wiki/Nayandahalli","/wiki/Vijayanagar,_Bangalore","/wiki/Banashankari","/wiki/Basavanagudi","/wiki/Chamrajpet","/wiki/Chickpet","/wiki/Domlur","/wiki/Girinagar","/wiki/Halasuru","/wiki/Indiranagar","/wiki/Malleshwaram","/wiki/Rajajinagar","/wiki/R._T._Nagar","/wiki/Sadashivanagar","/wiki/Seshadripuram","/wiki/Shivajinagar,_Bangalore","/wiki/Brookefield","/wiki/CV_Raman_Nagar","/wiki/Jeevanbheemanagar","/wiki/Kaggadasapura","/wiki/Krishnarajapura","/wiki/Marathahalli","/wiki/Varthur","/wiki/Vimanpura","/wiki/Whitefield,_India","/wiki/Arekere","/wiki/Bommanahalli","/wiki/Bommasandra","/wiki/BTM_Layout","/wiki/HSR_Layout","/wiki/Hulimavu","/wiki/Jayanagar,_Bangalore","/wiki/J.P._Nagar","/wiki/Koramangala","/wiki/Kumaraswamy_Layout","/wiki/Madiwala","/wiki/Padmanabhanagar","/wiki/Rajarajeshwari_Nagar","/wiki/Ramanjaneyanagar","/wiki/Uttarahalli","/wiki/List_of_schools_in_Bangalore","/wiki/Bishop_Cotton_Boys%27_School","/wiki/Baldwin_Boys_High_School","/wiki/Kensri_School","/wiki/Little_Flower_Public_School","/wiki/Mallya_Aditi_International_School","/wiki/National_Public_School,_Indiranagar","/wiki/St._Joseph%27s_Indian_High_School","/wiki/St.Germain_High_School","/wiki/Kendriya_Vidyalaya_Hebbal","/wiki/Venkat_International_Public_School","/wiki/List_of_Bangalore_colleges","/wiki/Acharya_Institute_of_Technology","/w/index.php?title=Central_College_(Bangalore)&action=edit&redlink=1","/wiki/UVCE","/wiki/Indian_Statistical_Institute","/wiki/National_College,_Bangalore","/wiki/Indian_Institute_of_Science","/wiki/Indian_Institute_of_Management_Bangalore","/wiki/Xavier_Institute_of_Management_and_Entrepreneurship","/wiki/R._V._College_of_Engineering","/wiki/Sir_M_Visvesvaraya_Institute_Of_Technology","/wiki/Bangalore_Medical_College","/wiki/International_Institute_of_Information_Technology_-_Bangalore","/wiki/Nitte_Meenakshi_Institute_of_Technology","/wiki/Indian_Institute_of_Astrophysics","/wiki/University_of_Agricultural_Sciences,_Bangalore","/wiki/Centre_for_Development_of_Advanced_Computing","/wiki/National_Law_School_of_India_University","/wiki/National_Institute_of_Fashion_Technology","/wiki/Bangalore_Institute_of_Technology","/wiki/B.M.S._College_of_Engineering","/wiki/Dayananda_Sagar_College_of_Engineering","/wiki/Victoria_Hospital_(Bangalore_Medical_College)","/wiki/Vanivilas_Women_and_Children_Hospital","/wiki/Bowring_%26_Lady_Curzon_Hospitals","/wiki/Minto_eye_hospital","/wiki/SDS_Tuberculosis_Sanatorium","/wiki/NCBS","/wiki/National_Institute_of_Mental_Health_and_Neurosciences","/wiki/HOSMAT","/wiki/Narayana_Hrudayalaya","/w/index.php?title=Manipal_Hospital&action=edit&redlink=1","/wiki/Apollo_Hospitals","/wiki/Wockhardt_Hospital","/w/index.php?title=Sagar_Hospitals&action=edit&redlink=1","/w/index.php?title=Chinmaya_Mission_Hospital&action=edit&redlink=1","/wiki/St._John%27s_Medical_College","/wiki/List_of_Bangalore_telecom_companies","/wiki/Hindustan_Aeronautics_Limited","/wiki/National_Aerospace_Laboratories","/wiki/Indian_Space_Research_Organisation","/wiki/Avanade","/wiki/Infosys","/wiki/Wipro_Technologies","/wiki/Biocon","/wiki/Bharat_Heavy_Electricals_Limited","/wiki/BEML","/wiki/Hindustan_Motors","/wiki/Genpact","/w/index.php?title=Accord_Software_and_Systems&action=edit&redlink=1","/wiki/ITC_Limited","/wiki/Cisco_Systems","/wiki/Motorola","/wiki/Juniper_Networks","/wiki/Alcatel-Lucent","/wiki/Nokia","/wiki/Siemens","/wiki/Hewlett-Packard","/wiki/Cypress_Semiconductor","/wiki/Microsoft","/wiki/Toyota","/wiki/Kirloskar","/wiki/List_of_people_from_Bangalore","/wiki/Bangalore_Central_Business_District","/wiki/Bangalore_Rural_District","/wiki/List_of_cities_in_India","/wiki/List_of_cities_by_population","/wiki/Silicon_Valley#Technology_centers_internationally","/wiki/Tourist_attractions_in_Bangalore","/wiki/Lakes_in_Bangalore","/wiki/Peninsular_Gneiss","/wiki/BBMP","/wiki/Bangalore_Development_Authority","/wiki/BMRDA","/wiki/Economy_of_Bangalore","/wiki/Bangalore_City_Railway_station","http://en.wikipedia.org/w/index.php?title=Electronics_City&oldid=542646444","/wiki/Help:Categories","/wiki/Category:Bangalore","/wiki/Category:Industrial_parks_in_India","/wiki/Category:Business_parks_of_India","/wiki/Category:Neighbourhoods_of_Bangalore","/wiki/Category:Articles_containing_Kannada_language_text","/wiki/Category:Commons_category_template_with_no_category_set","/w/index.php?title=Special:UserLogin&returnto=Electronics+City&type=signup","/w/index.php?title=Special:UserLogin&returnto=Electronics+City","/wiki/Electronics_City","/wiki/Talk:Electronics_City","#","/wiki/Electronics_City","/w/index.php?title=Electronics_City&action=edit","/w/index.php?title=Electronics_City&action=history","#","/w/index.php","//bits.wikimedia.org/static-1.21wmf11/skins/vector/images/search-ltr.png?303-4","/wiki/Main_Page","/wiki/Main_Page","/wiki/Portal:Contents","/wiki/Portal:Featured_content","/wiki/Portal:Current_events","/wiki/Special:Random","//donate.wikimedia.org/wiki/Special:FundraiserRedirector?utm_source=donate&utm_medium=sidebar&utm_campaign=C13_en.wikipedia.org&uselang=en","/wiki/Help:Contents","/wiki/Wikipedia:About","/wiki/Wikipedia:Community_portal","/wiki/Special:RecentChanges","/wiki/Wikipedia:Contact_us","/wiki/Special:WhatLinksHere/Electronics_City","/wiki/Special:RecentChangesLinked/Electronics_City","/wiki/Wikipedia:File_Upload_Wizard","/wiki/Special:SpecialPages","/w/index.php?title=Electronics_City&oldid=542646444","/w/index.php?title=Electronics_City&action=info","/w/index.php?title=Special:Cite&page=Electronics_City&id=542646444","/w/index.php?title=Special:Book&bookcmd=book_creator&referer=Electronics+City","/w/index.php?title=Special:Book&bookcmd=render_article&arttitle=Electronics+City&oldid=542646444&writer=rl","/w/index.php?title=Electronics_City&printable=yes","//es.wikipedia.org/wiki/Electronics_City","//fa.wikipedia.org/wiki/%D8%B4%D9%87%D8%B1_%D8%A7%D9%84%DA%A9%D8%AA%D8%B1%D9%88%D9%86%DB%8C%DA%A9","//kn.wikipedia.org/wiki/%E0%B2%B5%E0%B2%BF%E0%B2%A6%E0%B3%8D%E0%B2%AF%E0%B3%81%E0%B2%A8%E0%B3%8D%E0%B2%AE%E0%B2%BE%E0%B2%A8_%E0%B2%A8%E0%B2%97%E0%B2%B0","//ml.wikipedia.org/wiki/%E0%B4%87%E0%B4%B2%E0%B4%95%E0%B5%8D%E0%B4%9F%E0%B5%8D%E0%B4%B0%E0%B5%8B%E0%B4%A3%E0%B4%BF%E0%B4%95%E0%B5%8D_%E0%B4%B8%E0%B4%BF%E0%B4%B1%E0%B5%8D%E0%B4%B1%E0%B4%BF","//uk.wikipedia.org/wiki/%D0%95%D0%BB%D0%B5%D0%BA%D1%82%D1%80%D0%BE%D0%BD%D0%BD%D0%B5_%D0%BC%D1%96%D1%81%D1%82%D0%BE","//www.wikidata.org/wiki/Special:ItemByTitle/enwiki/Electronics City","//en.wikipedia.org/wiki/Wikipedia:Text_of_Creative_Commons_Attribution-ShareAlike_3.0_Unported_License","//creativecommons.org/licenses/by-sa/3.0/","//wikimediafoundation.org/wiki/Terms_of_Use","//www.wikimediafoundation.org/","//wikimediafoundation.org/wiki/Privacy_policy","/wiki/Wikipedia:About","/wiki/Wikipedia:General_disclaimer","http://en.m.wikipedia.org/wiki/Electronics_City","//wikimediafoundation.org/","//bits.wikimedia.org/images/wikimedia-button.png","//www.mediawiki.org/","//bits.wikimedia.org/static-1.21wmf11/skins/common/images/poweredby_mediawiki_88x31.png","//bits.wikimedia.org/en.wikipedia.org/load.php?debug=false&lang=en&modules=skins.vector&only=scripts&skin=vector&*","/w/index.php?title=MediaWiki:Gadget-ReferenceTooltips.js&action=raw&ctype=text/javascript&508635914","//bits.wikimedia.org/en.wikipedia.org/load.php?debug=false&lang=en&modules=site&only=scripts&skin=vector&*"],"instances":["business"],"pdf":[],"categories":["Bangalore","Industrial parks in India","Business parks of India","Neighbourhoods of Bangalore"],"headings":["History","Development","Elevated Highway","Educational institutes","Industries","Residential Complexes","Retail","Environmental Concerns","References","External links"],"image":["//upload.wikimedia.org/wikipedia/commons/thumb/3/3c/Bangalore_street_Map.png/250px-Bangalore_street_Map.png","//upload.wikimedia.org/wikipedia/en/thumb/0/0c/Red_pog.svg/6px-Red_pog.svg.png","//upload.wikimedia.org/wikipedia/en/thumb/3/32/Xavier_Institute_of_Management_and_Entrepreneurship%2C_Bangalore.jpg/220px-Xavier_Institute_of_Management_and_Entrepreneurship%2C_Bangalore.jpg","//bits.wikimedia.org/static-1.21wmf11/skins/common/images/magnify-clip.png","//upload.wikimedia.org/wikipedia/commons/thumb/b/b2/Wipro.jpg/220px-Wipro.jpg","//bits.wikimedia.org/static-1.21wmf11/skins/common/images/magnify-clip.png","//upload.wikimedia.org/wikipedia/en/thumb/4/4a/Commons-logo.svg/30px-Commons-logo.svg.png","//bits.wikimedia.org/static-1.21wmf11/skins/vector/images/search-ltr.png?303-4","//bits.wikimedia.org/images/wikimedia-button.png","//bits.wikimedia.org/static-1.21wmf11/skins/common/images/poweredby_mediawiki_88x31.png"],"tags":[["product","business"]],"members":["product"],"related":["States_and_territories_of_India","Karnataka","List_of_districts_of_India","Bangalore_Urban_district","R._K._Baliga","Kannada","Indian_Standard_Time","Postal_Index_Number","Owner","Hosur_Road","Bangalore","Industry","Electronics","Information_Technology","Companies","Wipro","Mahindra_Satyam","Hewlett-Packard","Infosys","Patni_Computer_Systems","C-DOT","CGI_Group","Siemens_AG","Mahindra_Satyam","Product_(business)","Employment","Invest","Website","Anekal","Bangalore_Urban_district","Industrial_park","Bangalore","India","Robert_Bosch_GmbH","Wipro","Mahindra_Satyam","Hewlett-Packard","Infosys","HCL_Technologies","Patni_Computer_Systems","CGI_Group","Siemens_AG","Yokogawa_Electric","Genpact","Intel","Information_technology","Business_process_outsourcing","R.K._Baliga","Silicon_Valley_of_India","Economic_liberalisation_in_India","P.V._Narasimha_Rao","Dr._Manmohan_Singh","Bruhat_Bengaluru_Mahanagara_Palike","Greater_Bangalore","Bangalore_Metropolitan_Transport_Corporation","BIAL","Hosur_Road","BOSCH","Sasken","Volvo","Audi","BMW","Toyota","Honda","Volkswagen","IIIT-B","ISBR_Business_School","The_Oxford_College_of_Engineering","Symbiosis_International_University_","Welingkar_Institute","Ebenezer_International_School_Bangalore","TREAMIS_World_School","Vibgyor_High_School","APC","Bharat_Heavy_Electricals_Limited","Biocon","C-DOT","CGI_Group","Fanuc","General_Electric","GE_Fanuc_Intelligent_Platforms","HCL_Technologies","Hewlett-Packard","IGATE_","Infosys","Mahindra_Satyam","Siemens_AG","STPI","Tata_Consultancy_Services","Timken_Company","TÜV_Rheinland_","Wipro_Technologies","Yokogawa","3M","Sourcebits","Happiest_Minds"]}