{"cursor":"13438","size":15,"audio":[],"currentlang":"en","article":" cathode in a galvanic cell (e.g., a battery). A positive current i flows out\n of the cathode.]] A 'cathode' is an electrode through which electric current\n flows out of a polarized electrical device. The direction of electric current\n is, by convention, opposite to the direction of electron flow. This\n convention is sometimes remembered using the mnemonic CCD for cathode current\n departs. Cathode polarity is not always negative. Although positively charged\n cations always move towards the cathode (hence their name) and negatively\n charged anions move away from it, cathode polarity depends on the device\n type, and can even vary according to the operating mode. In a device which\n consumes power, the cathode is negative, and in a device which provides\n power, the cathode is positive:\n* In a discharging battery or a galvanic cell the cathode is the positive\n  terminal since that is where the current flows out of the device (see\n  drawing). This outward current is carried internally by positive ions moving\n  from the electrolyte to the positive cathode (chemical energy is responsible\n  for this \"uphill\" motion). It is continued externally by electrons moving\n  inwards, negative charge moving one way constituting positive current flowing\n  the other way. For example, the Daniell galvanic cell's copper electrode is\n  the positive terminal and the cathode.\n* In a recharging battery, or an electrolytic cell, the cathode is the negative\n  terminal, from which current returns back to the external generator. For\n  example, reversing the current direction in a Daniell galvanic cell would\n  produce an electrolytic cell, [http://hyperphysics.phy-\n  astr.gsu.edu/hbase/chemical/electrolyt.html#c1], Daniell cell can be reversed\n  to, technically, produce an electrolytic cell. where the copper\n  electrode is the positive terminal and the anode.\n* In a diode, it is the negative terminal at the pointed end of the arrow\n  symbol, where current flows out of the device. Note: electrode naming for\n  diodes is always based on the direction of the forward current (that of the\n  arrow, in which the current flows \"most easily\"), even for types such as Zener\n  diodes or solar cells where the current of interest is the reverse current.\n* In vacuum tubes (including cathode ray tubes) it is the negative terminal\n  where electrons flow in from the wiring and through the tube's near vacuum,\n  constituting a positive current flowing out of the device.\n\nAn electrode through which current flows the other way (into the device) is\ntermed an anode.\n","linknr":300,"url":"Cathode","recorded":1363408185,"links":["/w/index.php?title=Cathode&action=edit","/w/index.php?title=Cathode&action=edit","//en.wikipedia.org/apple-touch-icon.png","//bits.wikimedia.org/favicon/wikipedia.ico","/w/opensearch_desc.php","//en.wikipedia.org/w/api.php?action=rsd","//creativecommons.org/licenses/by-sa/3.0/","/w/index.php?title=Special:RecentChanges&feed=atom","//bits.wikimedia.org/en.wikipedia.org/load.php?debug=false&lang=en&modules=ext.gadget.DRN-wizard%2CReferenceTooltips%2Ccharinsert%2Cteahouse%7Cext.wikihiero%7Cmediawiki.legacy.commonPrint%2Cshared%7Cmw.PopUpMediaTransform%7Cskins.vector&only=styles&skin=vector&*","//bits.wikimedia.org/en.wikipedia.org/load.php?debug=false&lang=en&modules=site&only=styles&skin=vector&*","//bits.wikimedia.org/en.wikipedia.org/load.php?debug=false&lang=en&modules=startup&only=scripts&skin=vector&*","//bits.wikimedia.org/geoiplookup","//meta.wikimedia.org","#mw-head","#p-search","/wiki/File:Copper_cathode_2.svg","//upload.wikimedia.org/wikipedia/commons/thumb/9/90/Copper_cathode_2.svg/220px-Copper_cathode_2.svg.png","/wiki/File:Copper_cathode_2.svg","//bits.wikimedia.org/static-1.21wmf11/skins/common/images/magnify-clip.png","/wiki/Copper","/wiki/Galvanic_cell","/wiki/Electrode","/wiki/Electric_current","/wiki/Mnemonic","/wiki/Electrical_polarity","/wiki/Ion","/wiki/Ion","/wiki/Galvanic_cell","/wiki/Electrolyte","/wiki/Daniell_cell","/wiki/Electrolytic_cell","/wiki/Daniell_cell","#cite_note-Reversed_Daniell_Cell-1","/wiki/Diode","/wiki/Zener_diode","/wiki/Solar_cell","/wiki/Vacuum_tube","/wiki/Cathode_ray_tube","/wiki/Anode","#Etymology","#Flow_of_electrons","#Chemistry_cathode","#Electrolytic_cell","#Galvanic_cell","#Electroplating_metal_cathode","#Electronics_and_physics_cathode","#Vacuum_tubes","#Cold_cathodes_and_hot_cathodes","#Diodes","#See_also","#References","#External_links","/w/index.php?title=Cathode&action=edit&section=1","/wiki/Greek_language","/wiki/William_Whewell","#cite_note-2","/wiki/Michael_Faraday","#cite_note-3","#cite_note-4","/wiki/Electric_current","/wiki/Solenoid","/wiki/Dipole","/wiki/Geomagnetic_reversal","/wiki/Electric_current","/wiki/Electron","/w/index.php?title=Cathode&action=edit&section=2","/wiki/Diode","/w/index.php?title=Cathode&action=edit&section=3","/wiki/Chemistry","/wiki/Electrode","/wiki/Electrochemical_cell","/wiki/Reduction_(chemistry)","/wiki/Mnemonic","/wiki/List_of_chemistry_mnemonics#Electrodes","/wiki/Electrode_potential","/wiki/Galvanic_cell","/wiki/Electrochemistry","/wiki/Electrons","/w/index.php?title=Cathode&action=edit&section=4","/wiki/Electrolytic_cell","/w/index.php?title=Cathode&action=edit&section=5","/wiki/Galvanic_cell","/wiki/Polarity_(physics)","/w/index.php?title=Cathode&action=edit&section=6","/w/index.php?title=Cathode&action=edit&section=7","/wiki/Physics","/wiki/Electronics","/w/index.php?title=Cathode&action=edit&section=8","/wiki/Thermionic_emission","/wiki/Field_electron_emission","/wiki/Electrode","/wiki/Frequency","/wiki/Photoelectric_emission","/w/index.php?title=Cathode&action=edit&section=9","/wiki/Field_electron_emission","/wiki/Cold_cathode","/wiki/Hot_cathode","//en.wiktionary.org/wiki/Filaments","/wiki/Cathode_ray_tubes","/wiki/Fluorescent_lamps","/wiki/X-ray","/w/index.php?title=Cathode&action=edit&section=10","/wiki/File:Diode_symbol.svg","//upload.wikimedia.org/wikipedia/commons/thumb/b/b4/Diode_symbol.svg/220px-Diode_symbol.svg.png","/wiki/File:Diode_symbol.svg","//bits.wikimedia.org/static-1.21wmf11/skins/common/images/magnify-clip.png","/wiki/Semiconductor_device","/wiki/Diode","/w/index.php?title=N%E2%80%93doped&action=edit&redlink=1","/wiki/PN_junction","/w/index.php?title=Cathode&action=edit&section=11","/wiki/Anode","/wiki/Battery_(electricity)","/wiki/Cathode_bias","/wiki/Electrode","/wiki/Electrolysis","/wiki/Electrolytic_cell","/wiki/Electron_tube","/wiki/Oxidation-reduction","/wiki/Poly(3,4-ethylenedioxythiophene)","/w/index.php?title=Cathode&action=edit&section=12","#cite_ref-Reversed_Daniell_Cell_1-0","http://hyperphysics.phy-astr.gsu.edu/hbase/chemical/electrolyt.html#c1","#cite_ref-2","http://www.journals.royalsoc.ac.uk/link.asp?id=y61755r466478481","#cite_ref-3","http://www.journals.royalsoc.ac.uk/link.asp?id=526145013443q040","/wiki/Electrode","/wiki/Anode","/wiki/Anion","/wiki/Cation","/wiki/Electrolyte","/wiki/Electrolyze","#cite_ref-4","http://www.gutenberg.org/etext/14986","/w/index.php?title=Cathode&action=edit&section=13","http://www.crtsite.com","http://www.av8n.com/physics/anode-cathode.htm","/wiki/Template:Galvanic_cells","/wiki/Template_talk:Galvanic_cells","//en.wikipedia.org/w/index.php?title=Template:Galvanic_cells&action=edit","/wiki/Galvanic_cell","/wiki/Voltaic_pile","/wiki/Battery_(electricity)","/wiki/Flow_battery","/wiki/Trough_battery","/wiki/Concentration_cell","/wiki/Fuel_cell","/wiki/File:Galvanic_Cell.svg","//upload.wikimedia.org/wikipedia/commons/thumb/8/8e/Galvanic_Cell.svg/150px-Galvanic_Cell.svg.png","/wiki/Primary_cell","/wiki/Alkaline_battery","/wiki/Aluminium%E2%80%93air_battery","/wiki/Bunsen_cell","/wiki/Chromic_acid_cell","/wiki/Clark_cell","/wiki/Daniell_cell","/wiki/Battery_(electricity)","/wiki/Grove_cell","/wiki/Leclanch%C3%A9_cell","/wiki/Lithium_battery","/wiki/Mercury_battery","/wiki/Nickel_oxyhydroxide_battery","/wiki/Silicon%E2%80%93air_battery","/wiki/Silver-oxide_battery","/wiki/Weston_cell","/wiki/Zamboni_pile","/wiki/Zinc%E2%80%93air_battery","/wiki/Zinc%E2%80%93carbon_battery","/wiki/Rechargeable_battery","/wiki/Automotive_battery","/wiki/Lead%E2%80%93acid_battery","/wiki/VRLA_battery","/wiki/Lithium%E2%80%93air_battery","/wiki/Lithium-ion_battery","/wiki/Lithium_polymer_battery","/wiki/Lithium_iron_phosphate_battery","/wiki/Lithium%E2%80%93sulfur_battery","/wiki/Lithium%E2%80%93titanate_battery","/wiki/Nanowire_battery","/wiki/Nickel%E2%80%93cadmium_battery","/wiki/Nickel%E2%80%93hydrogen_battery","/wiki/Nickel%E2%80%93iron_battery","/wiki/Nickel%E2%80%93lithium_battery","/wiki/Nickel%E2%80%93metal_hydride_battery","/wiki/Nickel%E2%80%93zinc_battery","/wiki/Polysulfide_bromide_battery","/wiki/Potassium-ion_battery","/wiki/Rechargeable_alkaline_battery","/wiki/Sodium-ion_battery","/wiki/Sodium%E2%80%93sulfur_battery","/wiki/Vanadium_redox_battery","/wiki/Zinc%E2%80%93bromine_battery","/wiki/Zinc%E2%80%93cerium_battery","/wiki/Anode","/wiki/Catalysis","/wiki/Electrolyte","/wiki/Half-cell","/wiki/Ion","/wiki/Salt_bridge","/wiki/Semipermeable_membrane","http://en.wikipedia.org/w/index.php?title=Cathode&oldid=542004870","/wiki/Help:Categories","/wiki/Category:Electrodes","/wiki/Category:Use_dmy_dates_from_September_2010","/w/index.php?title=Special:UserLogin&returnto=Cathode&type=signup","/w/index.php?title=Special:UserLogin&returnto=Cathode","/wiki/Cathode","/wiki/Talk:Cathode","#","/wiki/Cathode","/w/index.php?title=Cathode&action=edit","/w/index.php?title=Cathode&action=history","#","/w/index.php","//bits.wikimedia.org/static-1.21wmf11/skins/vector/images/search-ltr.png?303-4","/wiki/Main_Page","/wiki/Main_Page","/wiki/Portal:Contents","/wiki/Portal:Featured_content","/wiki/Portal:Current_events","/wiki/Special:Random","//donate.wikimedia.org/wiki/Special:FundraiserRedirector?utm_source=donate&utm_medium=sidebar&utm_campaign=C13_en.wikipedia.org&uselang=en","/wiki/Help:Contents","/wiki/Wikipedia:About","/wiki/Wikipedia:Community_portal","/wiki/Special:RecentChanges","/wiki/Wikipedia:Contact_us","/wiki/Special:WhatLinksHere/Cathode","/wiki/Special:RecentChangesLinked/Cathode","/wiki/Wikipedia:File_Upload_Wizard","/wiki/Special:SpecialPages","/w/index.php?title=Cathode&oldid=542004870","/w/index.php?title=Cathode&action=info","/w/index.php?title=Special:Cite&page=Cathode&id=542004870","/w/index.php?title=Special:Book&bookcmd=book_creator&referer=Cathode","/w/index.php?title=Special:Book&bookcmd=render_article&arttitle=Cathode&oldid=542004870&writer=rl","/w/index.php?title=Cathode&printable=yes","//ar.wikipedia.org/wiki/%D9%85%D9%87%D8%A8%D8%B7","//ast.wikipedia.org/wiki/C%C3%A1todu","//az.wikipedia.org/wiki/Katod","//be.wikipedia.org/wiki/%D0%9A%D0%B0%D1%82%D0%BE%D0%B4","//bg.wikipedia.org/wiki/%D0%9A%D0%B0%D1%82%D0%BE%D0%B4","//bs.wikipedia.org/wiki/Katoda","//ca.wikipedia.org/wiki/C%C3%A0tode","//cs.wikipedia.org/wiki/Katoda","//da.wikipedia.org/wiki/Katode","//de.wikipedia.org/wiki/Kathode","//et.wikipedia.org/wiki/Katood","//es.wikipedia.org/wiki/C%C3%A1todo","//eo.wikipedia.org/wiki/Katodo","//fa.wikipedia.org/wiki/%DA%A9%D8%A7%D8%AA%D8%AF","//fr.wikipedia.org/wiki/Cathode","//gl.wikipedia.org/wiki/C%C3%A1todo","//ko.wikipedia.org/wiki/%EC%BA%90%EC%86%8C%EB%93%9C","//hr.wikipedia.org/wiki/Katoda","//io.wikipedia.org/wiki/Katodo","//id.wikipedia.org/wiki/Katode","//is.wikipedia.org/wiki/Bakskaut","//it.wikipedia.org/wiki/Catodo","//kk.wikipedia.org/wiki/%D0%9A%D0%B0%D1%82%D0%BE%D0%B4","//lv.wikipedia.org/wiki/Katods","//lt.wikipedia.org/wiki/Katodas","//mk.wikipedia.org/wiki/%D0%9A%D0%B0%D1%82%D0%BE%D0%B4%D0%B8","//nl.wikipedia.org/wiki/Kathode","//ja.wikipedia.org/wiki/%E3%82%AB%E3%82%BD%E3%83%BC%E3%83%89","//no.wikipedia.org/wiki/Katode","//nov.wikipedia.org/wiki/Katode","//pl.wikipedia.org/wiki/Katoda","//pt.wikipedia.org/wiki/C%C3%A1todo","//ro.wikipedia.org/wiki/Catod","//ru.wikipedia.org/wiki/%D0%9A%D0%B0%D1%82%D0%BE%D0%B4","//simple.wikipedia.org/wiki/Cathode","//sk.wikipedia.org/wiki/Kat%C3%B3da","//sl.wikipedia.org/wiki/Katoda","//sr.wikipedia.org/wiki/%D0%9A%D0%B0%D1%82%D0%BE%D0%B4%D0%B0","//sh.wikipedia.org/wiki/Katoda","//fi.wikipedia.org/wiki/Katodi","//sv.wikipedia.org/wiki/Katod","//th.wikipedia.org/wiki/%E0%B9%81%E0%B8%84%E0%B9%82%E0%B8%97%E0%B8%94","//tr.wikipedia.org/wiki/Katot","//uk.wikipedia.org/wiki/%D0%9A%D0%B0%D1%82%D0%BE%D0%B4","//vi.wikipedia.org/wiki/Ca-t%E1%BB%91t","//zh.wikipedia.org/wiki/%E9%99%B0%E6%A5%B5","//www.wikidata.org/wiki/Special:ItemByTitle/enwiki/Cathode","//en.wikipedia.org/wiki/Wikipedia:Text_of_Creative_Commons_Attribution-ShareAlike_3.0_Unported_License","//creativecommons.org/licenses/by-sa/3.0/","//wikimediafoundation.org/wiki/Terms_of_Use","//www.wikimediafoundation.org/","//en.wikipedia.org/wiki/Wikipedia:Contact_us","//wikimediafoundation.org/wiki/Privacy_policy","/wiki/Wikipedia:About","/wiki/Wikipedia:General_disclaimer","http://en.m.wikipedia.org/wiki/Cathode","//wikimediafoundation.org/","//bits.wikimedia.org/images/wikimedia-button.png","//www.mediawiki.org/","//bits.wikimedia.org/static-1.21wmf11/skins/common/images/poweredby_mediawiki_88x31.png","//bits.wikimedia.org/en.wikipedia.org/load.php?debug=false&lang=en&modules=skins.vector&only=scripts&skin=vector&*","/w/index.php?title=MediaWiki:Gadget-ReferenceTooltips.js&action=raw&ctype=text/javascript&508635914","//bits.wikimedia.org/en.wikipedia.org/load.php?debug=false&lang=en&modules=site&only=scripts&skin=vector&*"],"instances":["electricity","physics","chemistry"],"pdf":[],"categories":["Electrodes"],"headings":["Etymology","Flow of electrons","Chemistry cathode","Electronics and physics cathode","See also","References","External links"],"image":["//upload.wikimedia.org/wikipedia/commons/thumb/9/90/Copper_cathode_2.svg/220px-Copper_cathode_2.svg.png","//bits.wikimedia.org/static-1.21wmf11/skins/common/images/magnify-clip.png","//upload.wikimedia.org/wikipedia/commons/thumb/b/b4/Diode_symbol.svg/220px-Diode_symbol.svg.png","//bits.wikimedia.org/static-1.21wmf11/skins/common/images/magnify-clip.png","//upload.wikimedia.org/wikipedia/commons/thumb/8/8e/Galvanic_Cell.svg/150px-Galvanic_Cell.svg.png","//bits.wikimedia.org/static-1.21wmf11/skins/vector/images/search-ltr.png?303-4","//bits.wikimedia.org/images/wikimedia-button.png","//bits.wikimedia.org/static-1.21wmf11/skins/common/images/poweredby_mediawiki_88x31.png"],"tags":[["reduction","chemistry"],["polarity","physics"],["battery","electricity"],["poly(3,4-ethylenedioxythiophene"]],"members":["battery","polarity","reduction"],"related":["Galvanic_cell","Electrode","Electric_current","Mnemonic","Electrical_polarity","Ion","Ion","Galvanic_cell","Electrolyte","Daniell_cell","Electrolytic_cell","Daniell_cell","Diode","Zener_diode","Solar_cell","Vacuum_tube","Cathode_ray_tube","Anode","Greek_language","William_Whewell","Michael_Faraday","Electric_current","Solenoid","Dipole","Geomagnetic_reversal","Electric_current","Electron","Diode","Chemistry","Electrode","Electrochemical_cell","Reduction_(chemistry)","Mnemonic","Electrode_potential","Galvanic_cell","Electrochemistry","Electrons","Electrolytic_cell","Galvanic_cell","Polarity_(physics)","Physics","Electronics","Thermionic_emission","Field_electron_emission","Electrode","Frequency","Photoelectric_emission","Field_electron_emission","Cold_cathode","Hot_cathode","Cathode_ray_tubes","Fluorescent_lamps","X-ray","Semiconductor_device","Diode","N–doped","PN_junction","Anode","Battery_(electricity)","Cathode_bias","Electrode","Electrolysis","Electrolytic_cell","Electron_tube","Oxidation-reduction","Poly(3,4-ethylenedioxythiophene)"]}