{"cursor":"180","size":15,"audio":[],"currentlang":"en","article":"\n\n\nSignificant people\n*\n\nBirths\n*\n\nDeaths\n*\n\nReferences\n","linknr":600,"url":"1290s","recorded":1362572012,"links":73,"instances":[],"pdf":[],"categories":["1290s|"],"headings":["Significant people","Births","Deaths","References"],"image":["//bits.wikimedia.org/static-1.21wmf10/skins/vector/images/search-ltr.png?303-4","//bits.wikimedia.org/images/wikimedia-button.png","//bits.wikimedia.org/static-1.21wmf10/skins/common/images/poweredby_mediawiki_88x31.png"],"tags":[],"members":[],"related":[]}