{"cursor":"1174","size":15,"audio":[],"currentlang":"en","article":"\n\n'Aco Records' or 'ACO Records' was a British record label active from 1922\nthrough 1927.\n\nAco was a budget label, producing 10 inch and 12 inch double sided\ngramophone records. Aco was a subsidiary of the Aeolian Company Ltd. of London,\nwhich in turn was an affiliate of the United States based Aeolian Records. The\nmaterial was mostly popular dance tunes and songs of the day, together with some\nlight Classics selections. Aco seems to have made no recordings themselves,\ninstead taking masters from both British and US Aeolian, as well as leasing\nmasters from U.S. based Gennett Records. Sometimes these re-releases on Aco had\nthe recording artists listed on the label under various pseudonyms.\n","linknr":107,"url":"Aco_Records","recorded":1364122378,"links":["/w/index.php?title=Aco_Records&action=edit","/w/index.php?title=Aco_Records&action=edit","//en.wikipedia.org/apple-touch-icon.png","//bits.wikimedia.org/favicon/wikipedia.ico","/w/opensearch_desc.php","//en.wikipedia.org/w/api.php?action=rsd","//creativecommons.org/licenses/by-sa/3.0/","/w/index.php?title=Special:RecentChanges&feed=atom","//bits.wikimedia.org/en.wikipedia.org/load.php?debug=false&lang=en&modules=ext.gadget.DRN-wizard%2CReferenceTooltips%2Ccharinsert%2Cteahouse%7Cext.wikihiero%7Cmediawiki.legacy.commonPrint%2Cshared%7Cmw.PopUpMediaTransform%7Cskins.vector&only=styles&skin=vector&*","//bits.wikimedia.org/en.wikipedia.org/load.php?debug=false&lang=en&modules=site&only=styles&skin=vector&*","//bits.wikimedia.org/en.wikipedia.org/load.php?debug=false&lang=en&modules=startup&only=scripts&skin=vector&*","//bits.wikimedia.org/geoiplookup","//meta.wikimedia.org","#mw-head","#p-search","/wiki/File:Wiki_letter_w.svg","//upload.wikimedia.org/wikipedia/en/thumb/6/6c/Wiki_letter_w.svg/40px-Wiki_letter_w.svg.png","/wiki/Wikipedia:Orphan","//en.wikipedia.org/w/index.php?title=Special:Whatlinkshere&target=Aco_Records&namespace=0","/wiki/Help:Link","http://en.wikipedia.org/w/index.php?title=Special%3ASearch&redirs=1&search=Aco+Records&fulltext=Search&ns0=1&title=Special%3ASearch&advanced=1&fulltext=Aco+Records","http://edwardbetts.com/find_link?q=Aco_Records","/wiki/File:Question_book-new.svg","//upload.wikimedia.org/wikipedia/en/thumb/9/99/Question_book-new.svg/50px-Question_book-new.svg.png","/wiki/Wikipedia:Citing_sources","/wiki/Wikipedia:Verifiability","//en.wikipedia.org/w/index.php?title=Aco_Records&action=edit","/wiki/Help:Introduction_to_referencing/1","/wiki/Wikipedia:Verifiability#Burden_of_evidence","/wiki/United_Kingdom","/wiki/Record_label","/wiki/Gramophone_record","/wiki/London","/wiki/United_States","/wiki/Aeolian_Records","/wiki/European_classical_music","/wiki/Gennett_Records","/wiki/Pseudonym","/w/index.php?title=Aco_Records&action=edit&section=1","/wiki/List_of_record_labels","/w/index.php?title=Aco_Records&action=edit&section=2","http://www.mgthomas.co.uk/Dancebands/IndexPages/labelindex-A.htm","/wiki/File:MusicalnotesUK.svg","//upload.wikimedia.org/wikipedia/commons/thumb/3/38/MusicalnotesUK.svg/35px-MusicalnotesUK.svg.png","/wiki/Wikipedia:Stub","//en.wikipedia.org/w/index.php?title=Aco_Records&action=edit","/wiki/Template:UK-record-label-stub","/wiki/Template_talk:UK-record-label-stub","//en.wikipedia.org/w/index.php?title=Template:UK-record-label-stub&action=edit","http://en.wikipedia.org/w/index.php?title=Aco_Records&oldid=406696076","/wiki/Help:Categories","/wiki/Category:British_record_labels","/wiki/Category:Record_labels_established_in_1922","/wiki/Category:Record_labels_disestablished_in_1927","/wiki/Category:United_Kingdom_record_label_stubs","/wiki/Category:Orphaned_articles_from_March_2010","/wiki/Category:All_orphaned_articles","/wiki/Category:Articles_lacking_sources_from_January_2011","/wiki/Category:All_articles_lacking_sources","/w/index.php?title=Special:UserLogin&returnto=Aco+Records&type=signup","/w/index.php?title=Special:UserLogin&returnto=Aco+Records","/wiki/Aco_Records","/wiki/Talk:Aco_Records","#","/wiki/Aco_Records","/w/index.php?title=Aco_Records&action=edit","/w/index.php?title=Aco_Records&action=history","#","/w/index.php","//bits.wikimedia.org/static-1.21wmf11/skins/vector/images/search-ltr.png?303-4","/wiki/Main_Page","/wiki/Main_Page","/wiki/Portal:Contents","/wiki/Portal:Featured_content","/wiki/Portal:Current_events","/wiki/Special:Random","//donate.wikimedia.org/wiki/Special:FundraiserRedirector?utm_source=donate&utm_medium=sidebar&utm_campaign=C13_en.wikipedia.org&uselang=en","/wiki/Help:Contents","/wiki/Wikipedia:About","/wiki/Wikipedia:Community_portal","/wiki/Special:RecentChanges","/wiki/Wikipedia:Contact_us","/wiki/Special:WhatLinksHere/Aco_Records","/wiki/Special:RecentChangesLinked/Aco_Records","/wiki/Wikipedia:File_Upload_Wizard","/wiki/Special:SpecialPages","/w/index.php?title=Aco_Records&oldid=406696076","/w/index.php?title=Aco_Records&action=info","/w/index.php?title=Special:Cite&page=Aco_Records&id=406696076","/w/index.php?title=Special:Book&bookcmd=book_creator&referer=Aco+Records","/w/index.php?title=Special:Book&bookcmd=render_article&arttitle=Aco+Records&oldid=406696076&writer=rl","/w/index.php?title=Aco_Records&printable=yes","//en.wikipedia.org/wiki/Wikipedia:Text_of_Creative_Commons_Attribution-ShareAlike_3.0_Unported_License","//creativecommons.org/licenses/by-sa/3.0/","//wikimediafoundation.org/wiki/Terms_of_Use","//www.wikimediafoundation.org/","//en.wikipedia.org/wiki/Wikipedia:Contact_us","//wikimediafoundation.org/wiki/Privacy_policy","/wiki/Wikipedia:About","/wiki/Wikipedia:General_disclaimer","http://en.m.wikipedia.org/wiki/Aco_Records","//wikimediafoundation.org/","//bits.wikimedia.org/images/wikimedia-button.png","//www.mediawiki.org/","//bits.wikimedia.org/static-1.21wmf11/skins/common/images/poweredby_mediawiki_88x31.png","//bits.wikimedia.org/en.wikipedia.org/load.php?debug=false&lang=en&modules=skins.vector&only=scripts&skin=vector&*","/w/index.php?title=MediaWiki:Gadget-ReferenceTooltips.js&action=raw&ctype=text/javascript&508635914","//bits.wikimedia.org/en.wikipedia.org/load.php?debug=false&lang=en&modules=site&only=scripts&skin=vector&*"],"instances":[],"pdf":[],"categories":["British record labels","Record labels established in 1922","Record labels disestablished in 1927"],"headings":["See also","References"],"image":["//upload.wikimedia.org/wikipedia/en/thumb/6/6c/Wiki_letter_w.svg/40px-Wiki_letter_w.svg.png","//upload.wikimedia.org/wikipedia/en/thumb/9/99/Question_book-new.svg/50px-Question_book-new.svg.png","//upload.wikimedia.org/wikipedia/commons/thumb/3/38/MusicalnotesUK.svg/35px-MusicalnotesUK.svg.png","//bits.wikimedia.org/static-1.21wmf11/skins/vector/images/search-ltr.png?303-4","//bits.wikimedia.org/images/wikimedia-button.png","//bits.wikimedia.org/static-1.21wmf11/skins/common/images/poweredby_mediawiki_88x31.png"],"tags":[],"members":[],"related":["United_Kingdom","Record_label","Gramophone_record","London","United_States","Aeolian_Records","European_classical_music","Gennett_Records","Pseudonym","List_of_record_labels"]}