{"cursor":"2705","size":15,"audio":[],"currentlang":"en","article":"\n'Reese' may refer to:\n","linknr":136,"url":"reese","recorded":1364174031,"links":["/w/index.php?title=Reese&action=edit","/w/index.php?title=Reese&action=edit","//en.wikipedia.org/apple-touch-icon.png","//bits.wikimedia.org/favicon/wikipedia.ico","/w/opensearch_desc.php","//en.wikipedia.org/w/api.php?action=rsd","//creativecommons.org/licenses/by-sa/3.0/","/w/index.php?title=Special:RecentChanges&feed=atom","//bits.wikimedia.org/en.wikipedia.org/load.php?debug=false&lang=en&modules=ext.gadget.DRN-wizard%2CReferenceTooltips%2Ccharinsert%2Cteahouse%7Cext.wikihiero%7Cmediawiki.legacy.commonPrint%2Cshared%7Cmw.PopUpMediaTransform%7Cskins.vector&only=styles&skin=vector&*","//bits.wikimedia.org/en.wikipedia.org/load.php?debug=false&lang=en&modules=site&only=styles&skin=vector&*","//bits.wikimedia.org/en.wikipedia.org/load.php?debug=false&lang=en&modules=startup&only=scripts&skin=vector&*","//bits.wikimedia.org/geoiplookup","//meta.wikimedia.org","#mw-head","#p-search","#People","#Given_name","#Family_name","#Fictional","#Places","#Businesses","#Music","#See_also","/w/index.php?title=Reese&action=edit&section=1","/w/index.php?title=Reese&action=edit&section=2","/wiki/Reese_Hoffa","/wiki/Reese_Roper","/wiki/Reese_Schonfeld","/wiki/Reese_Witherspoon","/w/index.php?title=Reese&action=edit&section=3","/wiki/Bob_Reese","/wiki/Charley_Reese","/wiki/Piper_Reese","/wiki/Chip_Reese","/wiki/Della_Reese","/wiki/Dylan_Reese","/wiki/Florence_Reese","/wiki/Glenn_G._Reese","/wiki/Gustave_Reese","/wiki/H._B._Reese","/wiki/Hans_Reese","/wiki/Jim_Reese","/wiki/Jim_Reese_(Texas_politician)","/wiki/Odessa,_Texas","/wiki/Jimmie_Reese","/wiki/John_Reese_(disambiguation)","/wiki/Mason_Reese","/wiki/Pee_Wee_Reese","/wiki/Terence_Reese","/wiki/Thomas_J._Reese","/w/index.php?title=Reese&action=edit&section=4","/wiki/Reese_(Stargate)","/wiki/Characters_of_Malcolm_in_the_Middle#Reese","/wiki/Derek_Reese","/wiki/Kyle_Reese","/wiki/Logan_Reese","/wiki/Person_of_Interest#Characters","/w/index.php?title=Reese&action=edit&section=5","/wiki/Reese,_Germany","/wiki/Reese,_Michigan","/wiki/Reese_Center,_Texas","/wiki/Reese_Air_Force_Base","/wiki/Reese,_Texas","/w/index.php?title=Reese&action=edit&section=6","/wiki/Reese%27s_Peanut_Butter_Cups","/wiki/H._B._Reese","/w/index.php?title=Reese&action=edit&section=7","/wiki/Drum_and_bass","/wiki/Kevin_Saunderson","/w/index.php?title=Reese&action=edit&section=8","/wiki/Reece_(disambiguation)","/wiki/Rhys","/wiki/Reis","/wiki/File:Disambig_gray.svg","//upload.wikimedia.org/wikipedia/en/thumb/5/5f/Disambig_gray.svg/30px-Disambig_gray.svg.png","/wiki/Help:Disambiguation","//en.wikipedia.org/w/index.php?title=Special:WhatLinksHere/Reese&namespace=0","http://en.wikipedia.org/w/index.php?title=Reese&oldid=541299471","/wiki/Help:Categories","/wiki/Category:Disambiguation_pages","/wiki/Category:Surnames","/wiki/Category:All_article_disambiguation_pages","/wiki/Category:All_disambiguation_pages","/w/index.php?title=Special:UserLogin&returnto=Reese&type=signup","/w/index.php?title=Special:UserLogin&returnto=Reese","/wiki/Reese","/wiki/Talk:Reese","#","/wiki/Reese","/w/index.php?title=Reese&action=edit","/w/index.php?title=Reese&action=history","#","/w/index.php","//bits.wikimedia.org/static-1.21wmf11/skins/vector/images/search-ltr.png?303-4","/wiki/Main_Page","/wiki/Main_Page","/wiki/Portal:Contents","/wiki/Portal:Featured_content","/wiki/Portal:Current_events","/wiki/Special:Random","//donate.wikimedia.org/wiki/Special:FundraiserRedirector?utm_source=donate&utm_medium=sidebar&utm_campaign=C13_en.wikipedia.org&uselang=en","/wiki/Help:Contents","/wiki/Wikipedia:About","/wiki/Wikipedia:Community_portal","/wiki/Special:RecentChanges","/wiki/Wikipedia:Contact_us","/wiki/Special:WhatLinksHere/Reese","/wiki/Special:RecentChangesLinked/Reese","/wiki/Wikipedia:File_Upload_Wizard","/wiki/Special:SpecialPages","/w/index.php?title=Reese&oldid=541299471","/w/index.php?title=Reese&action=info","/w/index.php?title=Special:Cite&page=Reese&id=541299471","/w/index.php?title=Special:Book&bookcmd=book_creator&referer=Reese","/w/index.php?title=Special:Book&bookcmd=render_article&arttitle=Reese&oldid=541299471&writer=rl","/w/index.php?title=Reese&printable=yes","//de.wikipedia.org/wiki/Reese","//fr.wikipedia.org/wiki/Reese","//pt.wikipedia.org/wiki/Reese","//vo.wikipedia.org/wiki/Reese","//www.wikidata.org/wiki/Special:ItemByTitle/enwiki/Reese","//en.wikipedia.org/wiki/Wikipedia:Text_of_Creative_Commons_Attribution-ShareAlike_3.0_Unported_License","//creativecommons.org/licenses/by-sa/3.0/","//wikimediafoundation.org/wiki/Terms_of_Use","//www.wikimediafoundation.org/","//en.wikipedia.org/wiki/Wikipedia:Contact_us","//wikimediafoundation.org/wiki/Privacy_policy","/wiki/Wikipedia:About","/wiki/Wikipedia:General_disclaimer","http://en.m.wikipedia.org/wiki/Reese","//wikimediafoundation.org/","//bits.wikimedia.org/images/wikimedia-button.png","//www.mediawiki.org/","//bits.wikimedia.org/static-1.21wmf11/skins/common/images/poweredby_mediawiki_88x31.png","//bits.wikimedia.org/en.wikipedia.org/load.php?debug=false&lang=en&modules=skins.vector&only=scripts&skin=vector&*","/w/index.php?title=MediaWiki:Gadget-ReferenceTooltips.js&action=raw&ctype=text/javascript&508635914","//bits.wikimedia.org/en.wikipedia.org/load.php?debug=false&lang=en&modules=site&only=scripts&skin=vector&*"],"instances":["texas_politician","disambiguation","stargate","disambiguation"],"pdf":[],"categories":["Surnames"],"headings":["People","Places","Businesses","Music","See also"],"image":["//upload.wikimedia.org/wikipedia/en/thumb/5/5f/Disambig_gray.svg/30px-Disambig_gray.svg.png","//bits.wikimedia.org/static-1.21wmf11/skins/vector/images/search-ltr.png?303-4","//bits.wikimedia.org/images/wikimedia-button.png","//bits.wikimedia.org/static-1.21wmf11/skins/common/images/poweredby_mediawiki_88x31.png"],"tags":[["jim_reese","texas_politician"],["john_reese","disambiguation"],["reese","stargate"],["reece","disambiguation"]],"members":["jim_reese","reece","reese","john_reese"],"related":["Reese_Hoffa","Reese_Roper","Reese_Schonfeld","Reese_Witherspoon","Bob_Reese","Charley_Reese","Piper_Reese","Chip_Reese","Della_Reese","Dylan_Reese","Florence_Reese","Glenn_G._Reese","Gustave_Reese","H._B._Reese","Hans_Reese","Jim_Reese","Jim_Reese_(Texas_politician)","Odessa,_Texas","Jimmie_Reese","John_Reese_(disambiguation)","Mason_Reese","Pee_Wee_Reese","Terence_Reese","Thomas_J._Reese","Reese_(Stargate)","Derek_Reese","Kyle_Reese","Logan_Reese","Reese,_Germany","Reese,_Michigan","Reese_Center,_Texas","Reese,_Texas","Reese's_Peanut_Butter_Cups","H._B._Reese","Drum_and_bass","Kevin_Saunderson","Reece_(disambiguation)","Rhys","Reis"]}