{"cursor":"13611","size":15,"audio":[],"currentlang":"en","article":"'Photochemistry', a sub-discipline of chemistry, is the study of chemical\nreactions that proceed with the absorption of light by atoms or\nmolecules. Everyday examples include photosynthesis, the degradation\nof plastics and the formation of vitamin D with sunlight.\n","linknr":333,"url":"photochemistry","recorded":1363515214,"links":["/w/index.php?title=Photochemistry&action=edit","/w/index.php?title=Photochemistry&action=edit","//en.wikipedia.org/apple-touch-icon.png","//bits.wikimedia.org/favicon/wikipedia.ico","/w/opensearch_desc.php","//en.wikipedia.org/w/api.php?action=rsd","//creativecommons.org/licenses/by-sa/3.0/","/w/index.php?title=Special:RecentChanges&feed=atom","//bits.wikimedia.org/en.wikipedia.org/load.php?debug=false&lang=en&modules=ext.gadget.DRN-wizard%2CReferenceTooltips%2Ccharinsert%2Cteahouse%7Cext.wikihiero%7Cmediawiki.legacy.commonPrint%2Cshared%7Cmw.PopUpMediaTransform%7Cskins.vector&only=styles&skin=vector&*","//bits.wikimedia.org/en.wikipedia.org/load.php?debug=false&lang=en&modules=site&only=styles&skin=vector&*","//bits.wikimedia.org/en.wikipedia.org/load.php?debug=false&lang=en&modules=startup&only=scripts&skin=vector&*","//bits.wikimedia.org/geoiplookup","//meta.wikimedia.org","#mw-head","#p-search","/wiki/Chemistry","/wiki/Chemical_reaction","/wiki/Atoms","/wiki/Molecules","#cite_note-1","/wiki/Photosynthesis","/wiki/Vitamin_D","#Principles","#Spectral_regions","#Applications","#Experimental_set-up","#Excitation","#Organic_photochemistry","#Inorganic_and_organometallic_photochemistry","#Carbon_nanotubes","#History","#See_also","#References","#Further_reading","/w/index.php?title=Photochemistry&action=edit&section=1","/wiki/Electromagnetic_radiation","/wiki/Photoelectrochemical_processes#Grotthuss.E2.80.93Draper_law","/wiki/Theodor_Grotthuss","/wiki/John_W._Draper","/wiki/Photochemical_reaction","/wiki/Quantum_yield","/wiki/Activation_energy","/wiki/Combustion","/wiki/Gasoline","/wiki/Hydrocarbon","/wiki/Woodward-Hoffmann_rules","/wiki/Pericyclic_reaction","/wiki/Molecular_orbital","/w/index.php?title=Photochemistry&action=edit&section=2","/wiki/Electromagnetic_spectrum","/wiki/Ultraviolet","/wiki/Visible_Light","/w/index.php?title=Photochemistry&action=edit&section=3","/wiki/Photosynthesis","/wiki/Carbon_dioxide","/wiki/Glucose","/wiki/Oxygen","/wiki/Fireflies","/wiki/Enzyme","/wiki/Bioluminescence","#cite_note-2","/wiki/Tetraphenylporphyrin","/wiki/Methylene_blue","/wiki/Photodynamic_therapy","/w/index.php?title=Photoinitiatiors&action=edit&redlink=1","/wiki/Radical_polymerization","/wiki/File:Norrish2.png","//upload.wikimedia.org/wikipedia/commons/thumb/2/2b/Norrish2.png/400px-Norrish2.png","/wiki/Chemical_reaction","/wiki/Electromagnetic_wave","/wiki/Organic_chemistry","/wiki/Inorganic_chemistry","/wiki/Polyvinyl_chloride","/wiki/Cyclopentadienyliron_dicarbonyl_dimer","/wiki/Photoresist","/wiki/Microelectronic","/wiki/Visual_perception","/wiki/Rhodopsin","#cite_note-rh-3","/w/index.php?title=Photochemistry&action=edit&section=4","/wiki/Mercury-vapor_lamp","/wiki/LED","/wiki/File:Fe2(CO)9SchlenkCropped.png","//upload.wikimedia.org/wikipedia/commons/thumb/6/6a/Fe2%28CO%299SchlenkCropped.png/170px-Fe2%28CO%299SchlenkCropped.png","/wiki/File:Fe2(CO)9SchlenkCropped.png","//bits.wikimedia.org/static-1.21wmf11/skins/common/images/magnify-clip.png","/wiki/Schlenk_tube","/wiki/Mercury_lamp","/wiki/Functional_group","/wiki/Quartz","/wiki/Pyrex","/wiki/Chlorination","/wiki/Cyclohexane","/wiki/Acetone","/w/index.php?title=Photochemistry&action=edit&section=5","/wiki/Photoexcitation","/wiki/Excited_state","/wiki/Photosensitizer","/wiki/Quenching_(fluorescence)","/w/index.php?title=Photochemistry&action=edit&section=6","/wiki/Mechanistic_organic_photochemistry","/wiki/Organic_reactions","/wiki/Electrocyclic_reaction","/wiki/Mechanistic_Organic_Photochemistry","/wiki/Norrish_reaction","#cite_note-4","#cite_note-5","/wiki/Alkene","/wiki/Cyclobutane","/wiki/Retinal","/wiki/Visual_perception","/wiki/DNA","/wiki/Thymine_dimer","/wiki/Transcription_(genetics)","/wiki/Ergosterol","/wiki/Vitamin_D","/wiki/DeMayo_reaction","/wiki/Enol","/wiki/Di-pi-methane_rearrangement","/wiki/Benzyl_chloride","/wiki/Toluene","/wiki/Chlorine","#cite_note-Ullmann-6","/wiki/Mercaptans","/wiki/Hydrogen_sulfide","/wiki/Olefins","/w/index.php?title=Photochemistry&action=edit&section=7","/wiki/Coordination_complex","/wiki/Organometallic_compound","/wiki/Metal_carbonyl","/wiki/THF","/wiki/Molybdenum_hexacarbonyl","/wiki/Iron_pentacarbonyl","/wiki/Diiron_nonacarbonyl","/w/index.php?title=Photochemistry&action=edit&section=8","/wiki/Carbon_nanotubes","/wiki/Laser","/wiki/Arc_lamp","/wiki/Flashbulb","#cite_note-7","/w/index.php?title=Photochemistry&action=edit&section=9","#cite_note-8","/wiki/Crystal","/wiki/Santonin","/wiki/Sunlight","#cite_note-9","/wiki/File:SantoninPhotochemicalreaction.png","//upload.wikimedia.org/wikipedia/commons/thumb/3/38/SantoninPhotochemicalreaction.png/400px-SantoninPhotochemicalreaction.png","/wiki/Rearrangement_reaction","/w/index.php?title=Cyclopentadienone&action=edit&redlink=1","/wiki/Dimer_(chemistry)","/wiki/Diels-Alder_reaction","/wiki/Intramolecular","/wiki/Cycloaddition","/w/index.php?title=Photochemistry&action=edit&section=10","/wiki/Journal_of_Photochemistry_and_Photobiology","/wiki/Photoelectrochemical_cell","/wiki/Photochemical_and_Photobiological_Sciences","/wiki/Photochemistry_and_Photobiology","/wiki/Photochemical_logic_gate","/wiki/Photosynthesis","/w/index.php?title=Photochemistry&action=edit&section=11","#cite_ref-1","http://goldbook.iupac.org/P04588.html","/wiki/IUPAC_Compendium_of_Chemical_Terminology","/wiki/Digital_object_identifier","http://dx.doi.org/10.1351%2Fgoldbook.P04588","/wiki/International_Standard_Book_Number","/wiki/Special:BookSources/0-9678550-9-8","http://goldbook.iupac.org/P04588.html","#cite_ref-2","http://books.google.com/books?id=3qJOw5Gh_UMC&pg=PA179","/wiki/Special:BookSources/0444504079","#cite_ref-rh_3-0","http://books.google.com/books?id=udSCHPq5Ii0C&pg=PA56","/wiki/Special:BookSources/3527313044","#cite_ref-4","http://eu.wiley.com/WileyCDA/WileyTitle/productCd-1405161736.html","/wiki/Special:BookSources/9781405190886","#cite_ref-5","http://www.uscibooks.com/turro3.htm","/wiki/Special:BookSources/9781891389252","#cite_ref-Ullmann_6-0","/wiki/Digital_object_identifier","http://dx.doi.org/10.1002%2F14356007.a06_233.pub2","#cite_ref-7","/wiki/Science","http://www.owlnet.rice.edu/~rv4/Ajayan/flash.pdf","#cite_ref-8","#cite_ref-9","/wiki/J._Am._Chem._Soc.","/wiki/Digital_object_identifier","http://dx.doi.org/10.1021%2Fja073189o","/w/index.php?title=Photochemistry&action=edit&section=12","/wiki/E._J._Bowen","http://www.archive.org/details/chemicalaspectso030786mbpThe","/wiki/The_Clarendon_Press","http://openlibrary.org/books/OL6509849M/chemical_aspects_of_light","/wiki/Template:BranchesofChemistry","/wiki/Template_talk:BranchesofChemistry","//en.wikipedia.org/w/index.php?title=Template:BranchesofChemistry&action=edit","/wiki/Chemistry","/wiki/Physical_chemistry","/wiki/Chemical_kinetics","/wiki/Chemical_physics","/wiki/Electrochemistry","/wiki/Femtochemistry","/wiki/Geochemistry","/wiki/Quantum_chemistry","/wiki/Solid-state_chemistry","/wiki/Spectroscopy","/wiki/Surface_science","/wiki/Thermochemistry","/wiki/Organic_chemistry","/wiki/Biochemistry","/wiki/Bioorganic_chemistry","/wiki/Biophysical_chemistry","/wiki/Chemical_biology","/wiki/Medicinal_chemistry","/wiki/Organic_chemistry","/wiki/Organometallic_chemistry","/wiki/Pharmacy","/wiki/Physical_organic_chemistry","/wiki/Polymer_chemistry","/wiki/Inorganic_chemistry","/wiki/Bioinorganic_chemistry","/wiki/Cluster_chemistry","/wiki/Inorganic_chemistry","/wiki/Materials_science","/wiki/Nuclear_chemistry","/wiki/Analytical_chemistry","/wiki/Astrochemistry","/wiki/Chemistry_education","/wiki/Click_chemistry","/wiki/Computational_chemistry","/wiki/Cosmochemistry","/wiki/Environmental_chemistry","/wiki/Green_chemistry","/wiki/Supramolecular_chemistry","/wiki/Theoretical_chemistry","/wiki/Wet_chemistry","/wiki/Dictionary_of_chemical_formulas","/wiki/List_of_biomolecules","/wiki/List_of_inorganic_compounds","/wiki/Periodic_table","http://en.wikipedia.org/w/index.php?title=Photochemistry&oldid=543732808","/wiki/Help:Categories","/wiki/Category:Photochemistry","/wiki/Category:Chemistry","/w/index.php?title=Special:UserLogin&returnto=Photochemistry&type=signup","/w/index.php?title=Special:UserLogin&returnto=Photochemistry","/wiki/Photochemistry","/wiki/Talk:Photochemistry","#","/wiki/Photochemistry","/w/index.php?title=Photochemistry&action=edit","/w/index.php?title=Photochemistry&action=history","#","/w/index.php","//bits.wikimedia.org/static-1.21wmf11/skins/vector/images/search-ltr.png?303-4","/wiki/Main_Page","/wiki/Main_Page","/wiki/Portal:Contents","/wiki/Portal:Featured_content","/wiki/Portal:Current_events","/wiki/Special:Random","//donate.wikimedia.org/wiki/Special:FundraiserRedirector?utm_source=donate&utm_medium=sidebar&utm_campaign=C13_en.wikipedia.org&uselang=en","/wiki/Help:Contents","/wiki/Wikipedia:About","/wiki/Wikipedia:Community_portal","/wiki/Special:RecentChanges","/wiki/Wikipedia:Contact_us","/wiki/Special:WhatLinksHere/Photochemistry","/wiki/Special:RecentChangesLinked/Photochemistry","/wiki/Wikipedia:File_Upload_Wizard","/wiki/Special:SpecialPages","/w/index.php?title=Photochemistry&oldid=543732808","/w/index.php?title=Photochemistry&action=info","/w/index.php?title=Special:Cite&page=Photochemistry&id=543732808","/w/index.php?title=Special:Book&bookcmd=book_creator&referer=Photochemistry","/w/index.php?title=Special:Book&bookcmd=render_article&arttitle=Photochemistry&oldid=543732808&writer=rl","/w/index.php?title=Photochemistry&printable=yes","//ar.wikipedia.org/wiki/%D9%83%D9%8A%D9%85%D9%8A%D8%A7%D8%A1_%D8%B6%D9%88%D8%A6%D9%8A%D8%A9","//az.wikipedia.org/wiki/Fotokimya","//bn.wikipedia.org/wiki/%E0%A6%86%E0%A6%B2%E0%A7%8B%E0%A6%95-%E0%A6%B0%E0%A6%B8%E0%A6%BE%E0%A6%AF%E0%A6%BC%E0%A6%A8","//bg.wikipedia.org/wiki/%D0%A4%D0%BE%D1%82%D0%BE%D1%85%D0%B8%D0%BC%D0%B8%D1%8F","//ca.wikipedia.org/wiki/Fotoqu%C3%ADmica","//cs.wikipedia.org/wiki/Fotochemie","//de.wikipedia.org/wiki/Photochemie","//el.wikipedia.org/wiki/%CE%A6%CF%89%CF%84%CE%BF%CF%87%CE%B7%CE%BC%CE%B5%CE%AF%CE%B1","//es.wikipedia.org/wiki/Fotoqu%C3%ADmica","//eu.wikipedia.org/wiki/Fotokimika","//fa.wikipedia.org/wiki/%D9%81%D8%AA%D9%88%D8%B4%DB%8C%D9%85%DB%8C","//fr.wikipedia.org/wiki/Photochimie","//hi.wikipedia.org/wiki/%E0%A4%AA%E0%A5%8D%E0%A4%B0%E0%A4%95%E0%A4%BE%E0%A4%B6_%E0%A4%B0%E0%A4%B8%E0%A4%BE%E0%A4%AF%E0%A4%A8","//io.wikipedia.org/wiki/Fotokemio","//id.wikipedia.org/wiki/Fotokimia","//is.wikipedia.org/wiki/Lj%C3%B3sefnafr%C3%A6%C3%B0i","//it.wikipedia.org/wiki/Fotochimica","//he.wikipedia.org/wiki/%D7%A4%D7%95%D7%98%D7%95%D7%9B%D7%99%D7%9E%D7%99%D7%94","//kk.wikipedia.org/wiki/%D0%A4%D0%BE%D1%82%D0%BE%D1%85%D0%B8%D0%BC%D0%B8%D1%8F","//hu.wikipedia.org/wiki/Fotok%C3%A9mia","//nl.wikipedia.org/wiki/Fotochemie","//ja.wikipedia.org/wiki/%E5%85%89%E5%8C%96%E5%AD%A6","//no.wikipedia.org/wiki/Fotokjemi","//pms.wikipedia.org/wiki/Fotoch%C3%ACmica","//pl.wikipedia.org/wiki/Fotochemia","//pt.wikipedia.org/wiki/Fotoqu%C3%ADmica","//ro.wikipedia.org/wiki/Fotochimie","//ru.wikipedia.org/wiki/%D0%A4%D0%BE%D1%82%D0%BE%D1%85%D0%B8%D0%BC%D0%B8%D1%8F","//simple.wikipedia.org/wiki/Photochemistry","//sl.wikipedia.org/wiki/Fotokemija","//fi.wikipedia.org/wiki/Valokemia","//sv.wikipedia.org/wiki/Fotokemi","//th.wikipedia.org/wiki/%E0%B9%80%E0%B8%84%E0%B8%A1%E0%B8%B5%E0%B9%81%E0%B8%AA%E0%B8%87","//uk.wikipedia.org/wiki/%D0%A4%D0%BE%D1%82%D0%BE%D1%85%D1%96%D0%BC%D1%96%D1%8F","//ur.wikipedia.org/wiki/%D9%86%D9%88%D8%B1%DB%8C_%DA%A9%DB%8C%D9%85%DB%8C%D8%A7%D8%A1","//zh.wikipedia.org/wiki/%E5%85%89%E5%8C%96%E5%AD%A6","//www.wikidata.org/wiki/Special:ItemByTitle/enwiki/Photochemistry","//en.wikipedia.org/wiki/Wikipedia:Text_of_Creative_Commons_Attribution-ShareAlike_3.0_Unported_License","//creativecommons.org/licenses/by-sa/3.0/","//wikimediafoundation.org/wiki/Terms_of_Use","//www.wikimediafoundation.org/","//wikimediafoundation.org/wiki/Privacy_policy","/wiki/Wikipedia:About","/wiki/Wikipedia:General_disclaimer","http://en.m.wikipedia.org/wiki/Photochemistry","//wikimediafoundation.org/","//bits.wikimedia.org/images/wikimedia-button.png","//www.mediawiki.org/","//bits.wikimedia.org/static-1.21wmf11/skins/common/images/poweredby_mediawiki_88x31.png","//bits.wikimedia.org/en.wikipedia.org/load.php?debug=false&lang=en&modules=skins.vector&only=scripts&skin=vector&*","/w/index.php?title=MediaWiki:Gadget-ReferenceTooltips.js&action=raw&ctype=text/javascript&508635914","//bits.wikimedia.org/en.wikipedia.org/load.php?debug=false&lang=en&modules=site&only=scripts&skin=vector&*"],"instances":["chemistry","genetics","fluorescence"],"pdf":["http://www.owlnet.rice.edu/~rv4/Ajayan/flash.pdf"],"categories":["Photochemistry|","Chemistry"],"headings":["Principles","Spectral regions","Applications","Experimental set-up","Excitation","Organic photochemistry","Inorganic and organometallic photochemistry","Carbon nanotubes","History","See also","References","Further reading"],"image":["//upload.wikimedia.org/wikipedia/commons/thumb/2/2b/Norrish2.png/400px-Norrish2.png","//upload.wikimedia.org/wikipedia/commons/thumb/6/6a/Fe2%28CO%299SchlenkCropped.png/170px-Fe2%28CO%299SchlenkCropped.png","//bits.wikimedia.org/static-1.21wmf11/skins/common/images/magnify-clip.png","//upload.wikimedia.org/wikipedia/commons/thumb/3/38/SantoninPhotochemicalreaction.png/400px-SantoninPhotochemicalreaction.png","//bits.wikimedia.org/static-1.21wmf11/skins/vector/images/search-ltr.png?303-4","//bits.wikimedia.org/images/wikimedia-button.png","//bits.wikimedia.org/static-1.21wmf11/skins/common/images/poweredby_mediawiki_88x31.png"],"tags":[["quenching","fluorescence"],["transcription","genetics"],["dimer","chemistry"]],"members":["dimer","transcription","quenching"],"related":["Chemistry","Chemical_reaction","Atoms","Molecules","Photosynthesis","Vitamin_D","Electromagnetic_radiation","Theodor_Grotthuss","John_W._Draper","Photochemical_reaction","Quantum_yield","Activation_energy","Combustion","Gasoline","Hydrocarbon","Woodward-Hoffmann_rules","Pericyclic_reaction","Molecular_orbital","Electromagnetic_spectrum","Ultraviolet","Visible_Light","Photosynthesis","Carbon_dioxide","Glucose","Oxygen","Fireflies","Enzyme","Bioluminescence","Tetraphenylporphyrin","Methylene_blue","Photodynamic_therapy","Photoinitiatiors","Radical_polymerization","Chemical_reaction","Electromagnetic_wave","Organic_chemistry","Inorganic_chemistry","Polyvinyl_chloride","Cyclopentadienyliron_dicarbonyl_dimer","Photoresist","Microelectronic","Visual_perception","Rhodopsin","Mercury-vapor_lamp","LED","Mercury_lamp","Functional_group","Quartz","Pyrex","Chlorination","Cyclohexane","Acetone","Photoexcitation","Excited_state","Photosensitizer","Quenching_(fluorescence)","Organic_reactions","Electrocyclic_reaction","Mechanistic_Organic_Photochemistry","Norrish_reaction","Alkene","Cyclobutane","Retinal","Visual_perception","DNA","Thymine_dimer","Transcription_(genetics)","Ergosterol","Vitamin_D","DeMayo_reaction","Enol","Di-pi-methane_rearrangement","Benzyl_chloride","Toluene","Chlorine","Mercaptans","Hydrogen_sulfide","Olefins","Coordination_complex","Organometallic_compound","Metal_carbonyl","THF","Molybdenum_hexacarbonyl","Iron_pentacarbonyl","Diiron_nonacarbonyl","Carbon_nanotubes","Laser","Arc_lamp","Flashbulb","Science","Crystal","Santonin","Sunlight","J._Am._Chem._Soc.","Rearrangement_reaction","Cyclopentadienone","Dimer_(chemistry)","Diels-Alder_reaction","Intramolecular","Cycloaddition","Photoelectrochemical_cell","Photochemical_logic_gate","Photosynthesis","E._J._Bowen","The_Clarendon_Press"]}