{"cursor":"32725","size":15,"audio":[],"currentlang":"en","article":"\n'Econometrics' is the application of mathematics, statistical methods, and, more\nrecently, computer science, to economic data and described as the branch of\neconomics that aims to give empirical content to economic relations. M. Hashem Pesaran (1987). \"Econometrics,\" [[The New Palgrave: A\nDictionary of Economics]], v. 2, p. 8 [pp. 8-22]. Reprinted in J. Eatwell et\nal., eds. (1990). Econometrics: The New Palgrave, [http://books.google.com/book-\ns?id=gBsgr7BPJsoC&dq=econometrics&printsec=find&pg=PA1=false#v=onepage&q&f=false\np. 1] [pp. 1-34]. [http://www.dictionaryofeconomics.com/article?id=pde2008_E000-\n007&edition=current&q=Econometrics&topicid=&result_number=2 Abstract] (2008\nrevision by J. Geweke, J. Horowitz, and H. P. Pesaran). More precisely, it\nis \"the quantitative analysis of actual economic phenomena based on the\nconcurrent development of theory and observation, related by appropriate methods\nof inference.\" P. A. Samuelson, T. C. Koopmans, and J. R. N. Stone (1954).\n\"Report of the Evaluative Committee for Econometrica,\" Econometrica 22(2), p.\n142. [p [http://www.jstor.org/pss/1907538 p. 141]-146], as described and cited\nin Pesaran (1987) above. An influential introductory economics textbook\ndescribes econometrics as allowing economists \"to sift through mountains of data\nto extract simple relationships.\" Paul A. Samuelson and William D. Nordhaus,\n2004. [[Economics (textbook)|Economics]]. 18th ed., McGraw-Hill, p. 5. The\nfirst known use of the term \"econometrics\" (in cognate form) was by PaweÅ Ciompa\nin 1910. Ragnar Frisch is credited with coining the term in the sense that it is\nused today. â¢ H. P. Pesaran (1990), \"Econometrics,\" Econometrics: The New\nPalgrave, [http://books.google.com/books?id=gBsgr7BPJsoC&dq=econometrics&prints-\nec=find&pg=PA2=false#v=onepage&q&f=false p. 2], citing Ragnar Frisch (1936), \"A\nNote on the Term 'Econometrics',\" Econometrica, 4(1), p. 95.    â¢\nAris Spanos (2008), \"statistics and economics,\" [[The New Palgrave Dictionary of\nEconomics]], 2nd Edition. [http://www.dictionaryofeconomics.com/article?id=pde2-\n008_S000502&edition=current&q=statistics&topicid=&result_number=1\nAbstract.]\n\nEconometrics is the unification of economics, mathematics, and statistics. This\nunification produces more than the sum of its parts. Greene, 1.\nEconometrics adds empirical content to economic theory allowing theories to be\ntested and used for forecasting and policy evaluation.\n","linknr":726,"url":"Econometrics","recorded":1362555174,"links":77,"instances":["econometrics","statistics","economics","econometrics","statistics","economist","linear_algebra","economics"],"pdf":["http://econ.duke.edu/~kdh9/Source%20Materials/Research/Palgrave_Causality_Final.pdf","http://www.pages.drexel.edu/~bdm25/jel.pdf","http://faculty.roosevelt.edu/Ziliak/doc/Size%20Matters%20Journal%20of%20Socio-Economics%20Ziliak%20and%20McCloskey.pdf","http://bayes.cs.ucla.edu/BOOK-09/book-toc-final.pdf","http://bayes.cs.ucla.edu/BOOK-09/ch11-toc-plus-p331-final.pdf"],"categories":["Econometrics|","Mathematical and quantitative methods (economics)","Formal sciences"],"headings":["Basic econometric models: linear regression","Theory","Methods","Example","Journals","Limitations and criticisms","See also","Notes","References","Further reading","External links"],"image":["//upload.wikimedia.org/wikipedia/commons/thumb/d/d4/GDP_PPP_Per_Capita_IMF_2008.svg/200px-GDP_PPP_Per_Capita_IMF_2008.svg.png","//upload.wikimedia.org/wikipedia/commons/thumb/d/db/Okuns_law_differences_1948_to_mid_2011.png/220px-Okuns_law_differences_1948_to_mid_2011.png","//bits.wikimedia.org/static-1.21wmf10/skins/common/images/magnify-clip.png","//upload.wikimedia.org/math/a/2/8/a287f7bc068a67772a3f28b40a0cdb3e.png","//upload.wikimedia.org/math/c/1/3/c136880f2a422a2c9341214e2a694a51.png","//upload.wikimedia.org/math/9/f/2/9f26b68b727cdcf2c659189280f6ce55.png","//upload.wikimedia.org/math/c/5/0/c50b9e82e318d4c163e4b1b060f7daf5.png","//upload.wikimedia.org/math/d/4/7/d4728e45fb1b725f6120287e26a2d1b6.png","//upload.wikimedia.org/math/c/1/3/c136880f2a422a2c9341214e2a694a51.png","//upload.wikimedia.org/math/9/f/2/9f26b68b727cdcf2c659189280f6ce55.png","//upload.wikimedia.org/math/9/f/2/9f26b68b727cdcf2c659189280f6ce55.png","//upload.wikimedia.org/math/c/1/3/c136880f2a422a2c9341214e2a694a51.png","//upload.wikimedia.org/math/9/f/2/9f26b68b727cdcf2c659189280f6ce55.png","//upload.wikimedia.org/math/9/7/e/97e9c777a92b622ba3ac25bc767e7977.png","//upload.wikimedia.org/math/1/4/d/14ddd977f005412808259c416f230cc0.png","//upload.wikimedia.org/math/2/4/a/24a3b64c8f59cad3598e5adc846e3767.png","//upload.wikimedia.org/math/7/3/7/73717c6b266025feb178ac5f26808333.png","//upload.wikimedia.org/math/1/e/e/1eefe47c2c5fce0c60c282943e1188e8.png","//upload.wikimedia.org/math/4/d/0/4d08b921b3ba8776a302bcd25a939f99.png","//upload.wikimedia.org/math/0/2/6/026b4c3d89c63f0499871bc4d76c95cd.png","//upload.wikimedia.org/math/e/9/e/e9e8f5ad21a01e409bd90ad0950dfa62.png","//upload.wikimedia.org/math/b/2/8/b2887ac4f84c800f4cbdb7d7f8a3e9fc.png","//upload.wikimedia.org/math/9/f/2/9f26b68b727cdcf2c659189280f6ce55.png","//upload.wikimedia.org/math/c/6/9/c691dc52cc1ad756972d4629934d37fd.png","//upload.wikimedia.org/math/8/4/b/84b556379c89f67b1649ca77b82461e3.png","//upload.wikimedia.org/math/c/6/9/c691dc52cc1ad756972d4629934d37fd.png","//upload.wikimedia.org/math/c/6/9/c691dc52cc1ad756972d4629934d37fd.png","//upload.wikimedia.org/math/c/5/0/c50b9e82e318d4c163e4b1b060f7daf5.png","//upload.wikimedia.org/math/9/f/2/9f26b68b727cdcf2c659189280f6ce55.png","//upload.wikimedia.org/wikipedia/en/thumb/4/4a/Commons-logo.svg/30px-Commons-logo.svg.png","//upload.wikimedia.org/wikipedia/commons/thumb/f/f8/Wiktionary-logo-en.svg/37px-Wiktionary-logo-en.svg.png","//bits.wikimedia.org/static-1.21wmf10/skins/vector/images/search-ltr.png?303-4","//bits.wikimedia.org/images/wikimedia-button.png","//bits.wikimedia.org/static-1.21wmf10/skins/common/images/poweredby_mediawiki_88x31.png"],"tags":[["efficiency","statistics"],["data_transformation","statistics"],["endogeneity","economics"],["rank","linear_algebra"],["equilibrium","economics"],["simultaneous_equation_methods","econometrics"],["simultaneous_equation_methods","econometrics"],["peter_kennedy","economist"],["single_equation_methods","econometrics"]],"members":["single_equation_methods","efficiency","endogeneity","simultaneous_equation_methods","data_transformation","peter_kennedy","rank","equilibrium"],"related":["Mathematics","Statistical_methods","Computer_science","Economics","Empirical","M._Hashem_Pesaran","The_New_Palgrave_Dictionary_of_Economics","Phenomena","Paul_Samuelson","Tjalling_Koopmans","Richard_Stone","William_D._Nordhaus","Cognate","Ragnar_Anton_Kittil_Frisch","Linear_regression_model","Statistical_significance","Hypothesis_test","Statistical_theory","Estimator","Bias_of_an_estimator","Efficiency_(statistics)","Consistent_estimator","Ordinary_least_squares","Maximum_likelihood_estimation","Generalized_method_of_moments","Generalized_least_squares","Bayes_estimator","Bayesian_statistics","Frequentist_probability","Gauss-Markov_theorem","Linear_model","Expected_value","Homoskedastic","Autocorrelated","Multicollinearity","Data_transformation_(statistics)","Cobb-Douglas","Natural_logarithm","Functional_form","Omitted-variable_bias","Limited_dependent_variable","Homoscedasticity","Autocorrelation","Endogeneity_(economics)","Simultaneity","Instrumental_variable","Rank_(linear_algebra)","Economic_data","Econometric_model","Economic_history","Economic_forecast","Clive_Granger","Statistical_model","Observational_study","Experiment","Exploratory_data_analysis","Data_analysis","Herman_Wold","Supply_and_demand","Equilibrium_(economics)","Parameter_identification_problem","Estimation_theory","Simultaneous_equation_methods_(econometrics)","System_identification","Systems_analysis","Control_theory","Regression_analysis","Linear_regression","Contrived_experiment","Natural_experiment","Omitted-variable_bias","Experimental_economics","Data_set","Time-series_data","Cross-sectional_data","Panel_data","Multidimensional_panel_data","Survey_of_Professional_Forecasters","Ordinary_least_squares","Instrumental_variable","Simultaneous_equation_methods_(econometrics)","2SLS","3SLS","Peter_Kennedy_(economist)","Computational_economics","James_O._Berger","Mathematics","Well-posed_problem","Existence","Uniqueness","Stability_theory","Econometric_software","Richard_E._Quandt","Ray_C._Fair","Labor_economics","Natural_logarithm","Linear_regression","Judea_Pearl","David_Card","Spurious_correlation","Deidre_McCloskey","P_value","Ronald_A._Fisher","Tests_of_significance","Null_hypothesis","Type_II_error","Statistical_significance","Model_selection","Stephen_Ziliak","Deirdre_McCloskey","Observational_studies","Covariate","Edward_Leamer","Austrian_School","Friedrich_Hayek","Augmented_Dickey–Fuller_test","Choice_Modelling","Correlation_does_not_imply_causation","Cowles_Foundation","Criticisms_of_econometrics","Econometric_software","Granger_causality","Lucas_critique","Macroeconomic_model","Master_of_Economics","Methodological_individualism","Methodology_of_econometrics","Modeling_and_analysis_of_financial_markets","Predetermined_variables","Single_equation_methods_(econometrics)","Spatial_econometrics","Unit_root","Zvi_Griliches","Robert_F._Engle","Daniel_L._McFadden","James_J._Heckman","Edward_E._Leamer","Fumio_Hayashi","James_D._Hamilton","James_G._MacKinnon","Judea_Pearl","Economics_Network"]}