{"cursor":"6533","size":15,"audio":[],"currentlang":"en","article":"\n{{Infobox TV channel| name= bio.| logosize=200px| logofile = The Biography\nChannel.svg | logoalt=| launch=January 1, 1999| closed date=| picture\nformat=720p (HDTV) 480i (SDTV)| share= | broadcast area = USA, Canada, U.K.,\nSoutheast Asia | share as of= | share source= [http://www.barb.co.uk/viewin-\ngsummary/monthreports.cfm?report=monthgmulti www.barb.co.uk] | owner= A&E\nTelevision Networks (Hearst Corporation (50%), Disney-ABC Television Group\n(50%)) | headquarters= Newark, New Jersey, United States | former names=|\nslogan=True Story| replaced names=| sister names=A&E History\nH2 Lifetime Lifetime Movie Network Lifetime Real Women Military\nHistory| timeshift names=| web= [http://www.biography.com www.Biography.com] |\navailability note| sat serv 1=DISH Network| sat chan 1=119 (HD/SD)| sat serv\n2=DirecTV| sat chan 2=266 (HD/SD)| |sat serv 3 = C-Band - H2H/4DTV |sat chan 3 =\nAMC 18 - Channel 201\n| cable serv 1=Available on many cable systems| cable chan 1=Check Local\n| Listings for channels cable serv 2 = Verizon FiOS cable chan 2 = 629 (HD)\n|  129 (SD)|\n adsl serv 1 = | adsl chan 1 = | }}\n\n'The Biography Channel' (abbreviated 'bio.') is an American digital cable\ntelevision channel owned by A&E and based on the television series of the same\nname. Biography Channel began programming in 1999. In addition to biographical\nshows, the network has been airing fictional, non-biographical programming\npreviously seen on A&E, including [[Murder, She Wrote]] and [[The Adventures of\nSherlock Holmes (TV series)|The Adventures of Sherlock Holmes]], though this\npractice ended in 2007.\n\nAs of August 2006, the Biography Channel became the exclusive home for the\nBiography series, which was also dropped by A&E. On Monday, July 16, 2007, the\nBiography Channel unveiled a new logo, a new tagline (\"True Story\") and revamped\nits on-air look and feel. Although the channel will refer to itself as Bio in\nmuch of its branding, the Biography Channel name is still in use as a subheading\nwithin the channel logo and for other network business. [http://www.variety-\n.com/article/VR1117968661.html?categoryid=14&cs=1 Shatner to interview\ncelebrities: Biography Channel taps TV vet for 'Nerve'] Variety, January 16,\n2007\n","linknr":334,"url":"The_Biography_Channel","recorded":1363376943,"links":["/w/index.php?title=The_Biography_Channel&action=edit","/w/index.php?title=The_Biography_Channel&action=edit","//en.wikipedia.org/apple-touch-icon.png","//bits.wikimedia.org/favicon/wikipedia.ico","/w/opensearch_desc.php","//en.wikipedia.org/w/api.php?action=rsd","//creativecommons.org/licenses/by-sa/3.0/","/w/index.php?title=Special:RecentChanges&feed=atom","//bits.wikimedia.org/en.wikipedia.org/load.php?debug=false&lang=en&modules=ext.gadget.DRN-wizard%2CReferenceTooltips%2Ccharinsert%2Cteahouse%7Cext.wikihiero%7Cmediawiki.legacy.commonPrint%2Cshared%7Cmw.PopUpMediaTransform%7Cskins.vector&only=styles&skin=vector&*","//bits.wikimedia.org/en.wikipedia.org/load.php?debug=false&lang=en&modules=site&only=styles&skin=vector&*","//bits.wikimedia.org/en.wikipedia.org/load.php?debug=false&lang=en&modules=startup&only=scripts&skin=vector&*","//bits.wikimedia.org/geoiplookup","//meta.wikimedia.org","#mw-head","#p-search","/wiki/File:The_Biography_Channel.svg","//upload.wikimedia.org/wikipedia/commons/thumb/f/fc/The_Biography_Channel.svg/200px-The_Biography_Channel.svg.png","/wiki/A%2BE_Networks","/wiki/Hearst_Corporation","/wiki/Disney-ABC_Television_Group","/wiki/720p","/wiki/HDTV","/wiki/480i","/wiki/SDTV","/wiki/Newark,_New_Jersey","/wiki/A%26E_(TV_channel)","/wiki/History_(U.S._TV_channel)","/wiki/H2_(TV_channel)","/wiki/Lifetime_(TV_network)","/wiki/Lifetime_Movie_Network","/wiki/Lifetime_Real_Women","/wiki/Military_History_(TV_channel)","http://www.biography.com","/wiki/DISH_Network","/wiki/DirecTV","/wiki/C-Band","/wiki/Headend_in_the_Sky","/wiki/4DTV","/wiki/AMC_18","/wiki/Verizon_FiOS","/wiki/Digital_cable","/wiki/Television_channel","/wiki/A%26E_(TV_channel)","/wiki/Biography_(TV_series)","/wiki/Murder,_She_Wrote","/wiki/The_Adventures_of_Sherlock_Holmes_(TV_series)","#cite_note-1","#International_services","#Programming","#Current","#Former_Programming","#Logos","#References","#External_links","/w/index.php?title=The_Biography_Channel&action=edit&section=1","/wiki/Bio.","/wiki/Bio._(UK)","/wiki/The_Biography_Channel_(Canada)","/wiki/Bio._(South_East_Asia)","/wiki/Israel","/wiki/Time_Warner","/wiki/HBO_Latin_America_Group","/w/index.php?title=The_Biography_Channel&action=edit&section=2","/w/index.php?title=The_Biography_Channel&action=edit&section=3","/wiki/Aftermath_with_William_Shatner","/wiki/Biography_(TV_series)","/wiki/Celebrity_Close_Calls","/wiki/Celebrity_Ghost_Stories","/wiki/City_Confidential","/wiki/Cold_Case_Files","/wiki/Dog_The_Bounty_Hunter","/wiki/Ghostly_Encounters","/wiki/Haunted_Encounters","/wiki/Haunted_History","/wiki/I_Survived...","/wiki/Intervention_(TV_series)","/wiki/Killer_Instinct_(TV_series)","/wiki/My_Ghost_Story","/wiki/Notorious_(TV_series)","/wiki/Panic_911_(TV_series)","/wiki/Shatner%27s_Raw_Nerve","/wiki/The_First_48","/wiki/The_Haunting_Of_(TV_series)","/wiki/The_Unexplained_(2011_TV_series)","/wiki/Women_Behind_Bars","/w/index.php?title=The_Biography_Channel&action=edit&section=4","/wiki/Airline_(U.S._TV_series)","/wiki/Billy_the_Exterminator","/wiki/Crime_Stories","/wiki/Enigma_(TV_series)","/wiki/Gene_Simmons_Family_Jewels","/wiki/In_the_Mind_of...","/wiki/Midsomer_Murders","/wiki/Ripley%27s_Believe_it_or_Not","/wiki/The_Chris_Isaak_Hour","/wiki/Urban_Legends_(television)","/w/index.php?title=The_Biography_Channel&action=edit&section=5","/wiki/File:The_Biography_Channel_2000.svg","//upload.wikimedia.org/wikipedia/en/thumb/5/5d/The_Biography_Channel_2000.svg/120px-The_Biography_Channel_2000.svg.png","/wiki/File:Biography_Channel_(1999-2007)_logo.svg","//upload.wikimedia.org/wikipedia/commons/thumb/2/26/Biography_Channel_%281999-2007%29_logo.svg/120px-Biography_Channel_%281999-2007%29_logo.svg.png","/wiki/File:The_Biography_Channel.svg","//upload.wikimedia.org/wikipedia/commons/thumb/f/fc/The_Biography_Channel.svg/120px-The_Biography_Channel.svg.png","/w/index.php?title=The_Biography_Channel&action=edit&section=6","#cite_ref-1","http://www.variety.com/article/VR1117968661.html?categoryid=14&cs=1","/w/index.php?title=The_Biography_Channel&action=edit&section=7","http://www.biography.com/","http://www.biographychannel.com.au/","http://www.thebiographychannel.ca","http://www.thebiographychannel.de/tbc/","http://www.biographychannel.co.il/","http://www.thebiographychannel.co.uk/new_site/index.php","http://www.biochannelasia.com/","/wiki/Template:A%2BE_Networks","/wiki/Template_talk:A%2BE_Networks","//en.wikipedia.org/w/index.php?title=Template:A%2BE_Networks&action=edit","/wiki/A%2BE_Networks","/wiki/A%26E_(TV_channel)","/wiki/Crime_%26_Investigation_Network","/wiki/History_(U.S._TV_channel)","/wiki/H2_(TV_channel)","/wiki/History_en_Espa%C3%B1ol","/wiki/Lifetime_(TV_network)","/wiki/Lifetime_Movie_Network","/wiki/Lifetime_Real_Women","/wiki/Military_History_(TV_channel)","/wiki/BSkyB","/wiki/Bio._(UK)","/w/index.php?title=Crime_%26_Investigation_Network_(Africa)&action=edit&redlink=1","/wiki/Crime_%26_Investigation_Network_(Europe)","/w/index.php?title=The_History_Channel_Africa&action=edit&redlink=1","/wiki/History_(European_TV_channel)","/wiki/Military_History_(UK_TV_channel)","/wiki/Universal_Networks_International","/w/index.php?title=The_Biography_Channel_Germany&action=edit&redlink=1","/wiki/History_(European_TV_channel)#History_Germany","/wiki/Fox_International_Channels_Italy","/wiki/History_(European_TV_channel)","/wiki/Astro_Holdings_Sdn_Bhd","/wiki/History_(Southeast_Asian_TV_channel)","/wiki/Bio._(South_East_Asia)","/wiki/Crime_%26_Investigation_Network_(South_East_Asia)","/wiki/TV18_(India)","/wiki/History_TV18","/wiki/Foxtel","/wiki/A%26E_Australia","/wiki/History_(Australian_television_channel)","/wiki/Bio.","/wiki/Crime_%26_Investigation_Network_(Australia)","/wiki/Rogers_Media","/wiki/The_Biography_Channel_(Canada)","/wiki/Shaw_Media","/wiki/History_(Canadian_TV_channel)","/wiki/Lifetime_(Canada)","/wiki/H2_(Canada)","/wiki/HBO_Latin_America_Group","/w/index.php?title=The_Biography_Channel_Latin_America&action=edit&redlink=1","/w/index.php?title=A%26E_Latin_America&action=edit&redlink=1","/w/index.php?title=History_Latin_America&action=edit&redlink=1","/wiki/Chello_Multicanal","/w/index.php?title=The_Biography_Channel_Spain&action=edit&redlink=1","/wiki/Crime_%26_Investigation_Network_(Europe)","/wiki/History_(European_TV_channel)#Canal_de_Hist.C3.B3ria","/wiki/History_TV18","/wiki/STAR_TV","/wiki/Lifetime_Entertainment_Services","/wiki/The_Walt_Disney_Company","/wiki/Disney-ABC_Television_Group","/wiki/Hearst_Corporation","/wiki/Template:Liberty_Global","/w/index.php?title=Template_talk:Liberty_Global&action=edit&redlink=1","//en.wikipedia.org/w/index.php?title=Template:Liberty_Global&action=edit","/wiki/Liberty_Global","/wiki/Chellomedia","/wiki/Chello_Zone","/wiki/CBS_Action","/wiki/CBS_Drama","/wiki/CBS_Reality","/wiki/Horror_Channel","/wiki/CBS_Studios_International","/wiki/Extreme_Sports_Channel","/wiki/Fine_Living_Network","/wiki/Food_Network","/wiki/Scripps_Networks_Interactive","/wiki/JimJam","/wiki/HIT_Entertainment","/wiki/MGM_Channel_(Europe)","/wiki/Outdoor_Channel","/wiki/InterMedia_Outdoor_Holdings","/wiki/Chello_Benelux","/wiki/Film1","/wiki/Film1_Premiere","/wiki/Film1_Action","/wiki/Film1_Family","/wiki/Sundance_Channel_(Netherlands)","/wiki/Film1_Series","/wiki/Sport1","/wiki/Sport1","/wiki/Sport1","/wiki/Sport1","/wiki/Sport1","/wiki/Sport1","/wiki/Weer_en_Verkeer","/wiki/Chello_Central_Europe","/wiki/CBS_Action","/wiki/CBS_Drama","/wiki/CBS_Europa","/wiki/CBS_Reality","/wiki/CBS_Studios_International","/wiki/MGM_Channel_(Europe)","/wiki/Minimax_(TV_channel)","/wiki/Sport_1","/wiki/Sport_1","/wiki/Sport_1","/wiki/Televizija_OBN","/wiki/TV_Paprika","/wiki/Chello_Multicanal","/wiki/History_(European_TV_channel)","/wiki/Crime_%26_Investigation_Network_(Europe)","/wiki/A%2BE_Networks","/wiki/Canal_Hollywood","/wiki/Canal_Panda","/wiki/MOV_(TV_channel)","/wiki/Panda_Biggs","/wiki/ZON_Multim%C3%A9dia","/wiki/MGM_Channel_(Europe)","/wiki/Odisea","/wiki/Crime_%26_Investigation_Network_(Europe)","/wiki/History_(European_TV_channel)","/wiki/A%2BE_Networks","/wiki/ShortsTV","/wiki/Film1_Festival","/wiki/Zone_Club","/wiki/Zone_Europa","/wiki/Zone_Fantasy","/wiki/Zone_Horror","/wiki/Zone_Reality","/wiki/Zone_Romantica","/wiki/Zone_Thriller","/wiki/UPC_Broadband","/wiki/UPC_Hungary","/wiki/UPC_Ireland","/wiki/UPC_Netherlands","/wiki/UPC_Polska","/wiki/UPC_Romania","/wiki/UPC_Cablecom","/wiki/UPC_Direct","/wiki/Focus_Sat","/wiki/Telenet_(Belgium)","/wiki/Prime_(Flanders)","/wiki/Prime_Star","/wiki/Prime_Star","/wiki/Prime_Star","/wiki/Prime_Action","/wiki/Prime_Family","/wiki/Prime_Fezztival","/wiki/Prime_Series","/wiki/Studio_100","/wiki/VTR_(telecom_company)","/wiki/MGM_Networks","/wiki/Showtime_movie_channels","/wiki/NASDAQ","http://www.nasdaq.com/symbol/lbtya","/wiki/NASDAQ","http://www.nasdaq.com/symbol/lbtyb","/wiki/NASDAQ","http://www.nasdaq.com/symbol/lbtyk","http://en.wikipedia.org/w/index.php?title=The_Biography_Channel&oldid=540828854","/wiki/Help:Categories","/wiki/Category:A%2BE_Networks","/wiki/Category:Television_channels_and_stations_established_in_1999","/wiki/Category:English-language_television_stations_in_the_United_States","/wiki/Category:Walt_Disney_Company_subsidiaries","/wiki/Category:Biography_Channel_shows","/wiki/Category:Use_mdy_dates_from_January_2013","/w/index.php?title=Special:UserLogin&returnto=The+Biography+Channel&type=signup","/w/index.php?title=Special:UserLogin&returnto=The+Biography+Channel","/wiki/The_Biography_Channel","/wiki/Talk:The_Biography_Channel","#","/wiki/The_Biography_Channel","/w/index.php?title=The_Biography_Channel&action=edit","/w/index.php?title=The_Biography_Channel&action=history","#","/w/index.php","//bits.wikimedia.org/static-1.21wmf10/skins/vector/images/search-ltr.png?303-4","/wiki/Main_Page","/wiki/Main_Page","/wiki/Portal:Contents","/wiki/Portal:Featured_content","/wiki/Portal:Current_events","/wiki/Special:Random","//donate.wikimedia.org/wiki/Special:FundraiserRedirector?utm_source=donate&utm_medium=sidebar&utm_campaign=C13_en.wikipedia.org&uselang=en","/wiki/Help:Contents","/wiki/Wikipedia:About","/wiki/Wikipedia:Community_portal","/wiki/Special:RecentChanges","/wiki/Wikipedia:Contact_us","/wiki/Special:WhatLinksHere/The_Biography_Channel","/wiki/Special:RecentChangesLinked/The_Biography_Channel","/wiki/Wikipedia:File_Upload_Wizard","/wiki/Special:SpecialPages","/w/index.php?title=The_Biography_Channel&oldid=540828854","/w/index.php?title=The_Biography_Channel&action=info","/w/index.php?title=Special:Cite&page=The_Biography_Channel&id=540828854","/w/index.php?title=Special:Book&bookcmd=book_creator&referer=The+Biography+Channel","/w/index.php?title=Special:Book&bookcmd=render_article&arttitle=The+Biography+Channel&oldid=540828854&writer=rl","/w/index.php?title=The_Biography_Channel&printable=yes","//de.wikipedia.org/wiki/The_Biography_Channel","//es.wikipedia.org/wiki/The_Biography_Channel","//fa.wikipedia.org/wiki/%D8%A8%DB%8C%D9%88%DA%AF%D8%B1%D8%A7%D9%81%DB%8C_%DA%86%D9%86%D9%84","//fr.wikipedia.org/wiki/The_Biography_Channel","//he.wikipedia.org/wiki/%D7%A2%D7%A8%D7%95%D7%A5_%D7%91%D7%99%D7%95%D7%92%D7%A8%D7%A4%D7%99%D7%94","//pt.wikipedia.org/wiki/Bio.","//ru.wikipedia.org/wiki/The_Biography_Channel","//sv.wikipedia.org/wiki/Biography_Channel","//tr.wikipedia.org/wiki/The_Biography_Channel","//www.wikidata.org/wiki/Special:ItemByTitle/enwiki/The Biography Channel","//en.wikipedia.org/wiki/Wikipedia:Text_of_Creative_Commons_Attribution-ShareAlike_3.0_Unported_License","//creativecommons.org/licenses/by-sa/3.0/","//wikimediafoundation.org/wiki/Terms_of_Use","//www.wikimediafoundation.org/","//en.wikipedia.org/wiki/Wikipedia:Contact_us","//wikimediafoundation.org/wiki/Privacy_policy","/wiki/Wikipedia:About","/wiki/Wikipedia:General_disclaimer","http://en.m.wikipedia.org/wiki/The_Biography_Channel","//wikimediafoundation.org/","//bits.wikimedia.org/images/wikimedia-button.png","//www.mediawiki.org/","//bits.wikimedia.org/static-1.21wmf10/skins/common/images/poweredby_mediawiki_88x31.png","//bits.wikimedia.org/en.wikipedia.org/load.php?debug=false&lang=en&modules=skins.vector&only=scripts&skin=vector&*","/w/index.php?title=MediaWiki:Gadget-ReferenceTooltips.js&action=raw&ctype=text/javascript&508635914","//bits.wikimedia.org/en.wikipedia.org/load.php?debug=false&lang=en&modules=site&only=scripts&skin=vector&*"],"instances":["tv_channel","tv_network","tv_series","tv_channel","tv_channel"],"pdf":[],"categories":["Television channels and stations established in 1999","English-language television stations in the United States","Walt Disney Company subsidiaries","Biography Channel shows","A+E Networks"],"headings":["International services","Programming","Logos","References","External links"],"image":["//upload.wikimedia.org/wikipedia/commons/thumb/f/fc/The_Biography_Channel.svg/200px-The_Biography_Channel.svg.png","//upload.wikimedia.org/wikipedia/en/thumb/5/5d/The_Biography_Channel_2000.svg/120px-The_Biography_Channel_2000.svg.png","//upload.wikimedia.org/wikipedia/commons/thumb/2/26/Biography_Channel_%281999-2007%29_logo.svg/120px-Biography_Channel_%281999-2007%29_logo.svg.png","//upload.wikimedia.org/wikipedia/commons/thumb/f/fc/The_Biography_Channel.svg/120px-The_Biography_Channel.svg.png","//bits.wikimedia.org/static-1.21wmf10/skins/vector/images/search-ltr.png?303-4","//bits.wikimedia.org/images/wikimedia-button.png","//bits.wikimedia.org/static-1.21wmf10/skins/common/images/poweredby_mediawiki_88x31.png"],"tags":[["a&e","tv_channel"],["history","u.s._tv_channel"],["h2","tv_channel"],["lifetime","tv_network"],["military_history","tv_channel"],["a&e","tv_channel"],["biography","tv_series"]],"members":["history","lifetime","biography","military_history","h2"],"related":["720p","HDTV","480i","SDTV","A+E_Networks","Hearst_Corporation","Disney-ABC_Television_Group","Newark,_New_Jersey","A&E_(TV_channel)","History_(U.S._TV_channel)","H2_(TV_channel)","Lifetime_(TV_network)","Lifetime_Movie_Network","Lifetime_Real_Women","Military_History_(TV_channel)","DISH_Network","DirecTV","C-Band","Headend_in_the_Sky","4DTV","AMC_18","Verizon_FiOS","Digital_cable","Television_channel","A&E_(TV_channel)","Biography_(TV_series)","Israel","Time_Warner","HBO_Latin_America_Group"]}