{"cursor":"482","size":15,"audio":[],"currentlang":"en","article":"\n\n'Ito' may refer to:\n\n* ItÅ (name), for people with the Japanese given name ItÅ\n* Ito District, Wakayama, a district located in Wakayama Prefecture, Japan\n* Ito, nickname of Antonio Ãlvarez PÃ©rez, a Spanish footballer\n* Ito cell, a fat-storing cell found in the liver; also called a hepatic\n  stellate cell\n* I to1 , an abbreviation of cardiac transient outward\n  potassium current\n","linknr":80,"url":"ito","recorded":1363828117,"links":["/w/index.php?title=Ito&action=edit","/w/index.php?title=Ito&action=edit","//en.wikipedia.org/apple-touch-icon.png","//bits.wikimedia.org/favicon/wikipedia.ico","/w/opensearch_desc.php","//en.wikipedia.org/w/api.php?action=rsd","//creativecommons.org/licenses/by-sa/3.0/","/w/index.php?title=Special:RecentChanges&feed=atom","//bits.wikimedia.org/en.wikipedia.org/load.php?debug=false&lang=en&modules=ext.gadget.DRN-wizard%2CReferenceTooltips%2Ccharinsert%2Cteahouse%7Cext.wikihiero%7Cmediawiki.legacy.commonPrint%2Cshared%7Cmw.PopUpMediaTransform%7Cskins.vector&only=styles&skin=vector&*","//bits.wikimedia.org/en.wikipedia.org/load.php?debug=false&lang=en&modules=site&only=styles&skin=vector&*","//bits.wikimedia.org/en.wikipedia.org/load.php?debug=false&lang=en&modules=startup&only=scripts&skin=vector&*","//bits.wikimedia.org/geoiplookup","//meta.wikimedia.org","#mw-head","#p-search","/wiki/ITO_(disambiguation)","/wiki/It%C5%8D_(name)","/wiki/Ito_District,_Wakayama","/wiki/Antonio_%C3%81lvarez_P%C3%A9rez","/wiki/Ito_cell","/wiki/Cardiac_transient_outward_potassium_current","/wiki/File:Disambig_gray.svg","//upload.wikimedia.org/wikipedia/en/thumb/5/5f/Disambig_gray.svg/30px-Disambig_gray.svg.png","/wiki/Help:Disambiguation","//en.wikipedia.org/w/index.php?title=Special:WhatLinksHere/Ito&namespace=0","http://en.wikipedia.org/w/index.php?title=Ito&oldid=544069581","/wiki/Help:Categories","/wiki/Category:Disambiguation_pages","/wiki/Category:All_article_disambiguation_pages","/wiki/Category:All_disambiguation_pages","/w/index.php?title=Special:UserLogin&returnto=Ito&type=signup","/w/index.php?title=Special:UserLogin&returnto=Ito","/wiki/Ito","/wiki/Talk:Ito","#","/wiki/Ito","/w/index.php?title=Ito&action=edit","/w/index.php?title=Ito&action=history","#","/w/index.php","//bits.wikimedia.org/static-1.21wmf11/skins/vector/images/search-ltr.png?303-4","/wiki/Main_Page","/wiki/Main_Page","/wiki/Portal:Contents","/wiki/Portal:Featured_content","/wiki/Portal:Current_events","/wiki/Special:Random","//donate.wikimedia.org/wiki/Special:FundraiserRedirector?utm_source=donate&utm_medium=sidebar&utm_campaign=C13_en.wikipedia.org&uselang=en","/wiki/Help:Contents","/wiki/Wikipedia:About","/wiki/Wikipedia:Community_portal","/wiki/Special:RecentChanges","/wiki/Wikipedia:Contact_us","/wiki/Special:WhatLinksHere/Ito","/wiki/Special:RecentChangesLinked/Ito","/wiki/Wikipedia:File_Upload_Wizard","/wiki/Special:SpecialPages","/w/index.php?title=Ito&oldid=544069581","/w/index.php?title=Ito&action=info","/w/index.php?title=Special:Cite&page=Ito&id=544069581","/w/index.php?title=Special:Book&bookcmd=book_creator&referer=Ito","/w/index.php?title=Special:Book&bookcmd=render_article&arttitle=Ito&oldid=544069581&writer=rl","/w/index.php?title=Ito&printable=yes","//uk.wikipedia.org/wiki/%D0%86%D1%82%D0%BE","//www.wikidata.org/wiki/Special:ItemByTitle/enwiki/Ito","//en.wikipedia.org/wiki/Wikipedia:Text_of_Creative_Commons_Attribution-ShareAlike_3.0_Unported_License","//creativecommons.org/licenses/by-sa/3.0/","//wikimediafoundation.org/wiki/Terms_of_Use","//www.wikimediafoundation.org/","//en.wikipedia.org/wiki/Wikipedia:Contact_us","//wikimediafoundation.org/wiki/Privacy_policy","/wiki/Wikipedia:About","/wiki/Wikipedia:General_disclaimer","http://en.m.wikipedia.org/wiki/Ito","//wikimediafoundation.org/","//bits.wikimedia.org/images/wikimedia-button.png","//www.mediawiki.org/","//bits.wikimedia.org/static-1.21wmf11/skins/common/images/poweredby_mediawiki_88x31.png","//bits.wikimedia.org/en.wikipedia.org/load.php?debug=false&lang=en&modules=skins.vector&only=scripts&skin=vector&*","/w/index.php?title=MediaWiki:Gadget-ReferenceTooltips.js&action=raw&ctype=text/javascript&508635914","//bits.wikimedia.org/en.wikipedia.org/load.php?debug=false&lang=en&modules=site&only=scripts&skin=vector&*"],"instances":["name"],"pdf":[],"categories":[],"headings":[],"image":["//upload.wikimedia.org/wikipedia/en/thumb/5/5f/Disambig_gray.svg/30px-Disambig_gray.svg.png","//bits.wikimedia.org/static-1.21wmf11/skins/vector/images/search-ltr.png?303-4","//bits.wikimedia.org/images/wikimedia-button.png","//bits.wikimedia.org/static-1.21wmf11/skins/common/images/poweredby_mediawiki_88x31.png"],"tags":[["itō","name"]],"members":["itō"],"related":["Itō_(name)","Ito_District,_Wakayama","Antonio_Álvarez_Pérez","Ito_cell","Cardiac_transient_outward_potassium_current"]}