{"cursor":"5233","size":15,"audio":[],"currentlang":"en","article":"\n\n{{Infobox given name\n| name = Bradley image = imagesize = caption = pronunciation = gender = Male\n| meaning = \"broad meadow\" region = Ireland, England nickname = origin = Irish\n| Gealic, Old English related names = footnotes =\n}} 'Bradley' is an English masculine given name. It comes from a surname and a\nplace name meaning \"broad wood\" or \"broad clearing\" in Old English. [http://www.mfnames.com/mfnames/b/origin-and-meaning-of-\nbradley.htm MFnames.com - Origin and Meaning of Bradley]\n\nIt is also an Anglicisation of the Irish Gaelic name OâBrolachÃ¡n (also\nOâBrallaghan) from County Tyrone in Ireland. The family moved and spread to\ncounties Londonderry, Donegal and Cork.\n","linknr":157,"url":"bradley","recorded":1364123926,"links":["//en.wikipedia.org/apple-touch-icon.png","//bits.wikimedia.org/favicon/wikipedia.ico","/w/opensearch_desc.php","//en.wikipedia.org/w/api.php?action=rsd","//creativecommons.org/licenses/by-sa/3.0/","/w/index.php?title=Special:RecentChanges&feed=atom","//bits.wikimedia.org/en.wikipedia.org/load.php?debug=false&lang=en&modules=ext.gadget.DRN-wizard%2CReferenceTooltips%2Ccharinsert%2Cteahouse%7Cext.wikihiero%7Cmediawiki.legacy.commonPrint%2Cshared%7Cmw.PopUpMediaTransform%7Cskins.vector&only=styles&skin=vector&*","//bits.wikimedia.org/en.wikipedia.org/load.php?debug=false&lang=en&modules=site&only=styles&skin=vector&*","//bits.wikimedia.org/en.wikipedia.org/load.php?debug=false&lang=en&modules=startup&only=scripts&skin=vector&*","//bits.wikimedia.org/geoiplookup","//meta.wikimedia.org","#mw-head","#p-search","/wiki/Wikipedia:Protection_policy#semi","//upload.wikimedia.org/wikipedia/commons/thumb/f/fc/Padlock-silver.svg/20px-Padlock-silver.svg.png","/wiki/Bradley_(disambiguation)","//upload.wikimedia.org/wikipedia/commons/thumb/f/f8/Wiktionary-logo-en.svg/37px-Wiktionary-logo-en.svg.png","//en.wiktionary.org/wiki/Bradley","#cite_note-1","/wiki/County_Tyrone","/wiki/County_Londonderry","/wiki/County_Donegal","/wiki/County_Cork","#People","#First_name","#Surname","#Notes_and_References","/wiki/File:WPanthroponymy.svg","//upload.wikimedia.org/wikipedia/commons/thumb/9/99/WPanthroponymy.svg/30px-WPanthroponymy.svg.png","/wiki/Given_name","//en.wikipedia.org/w/index.php?title=Special:WhatLinksHere/Bradley&namespace=0","/wiki/Brad_Ausmus","/wiki/Bradley_Ayers","/wiki/Bradley_Cooper","/wiki/Brad_Hogg","/wiki/Bradley_Hore","/wiki/Bradley_James","/wiki/Bradley_Manning","/wiki/Bradley_McGee","/wiki/Bradley_McIntosh","/wiki/Bradley_Nowell","/wiki/Brad_Pitt","/wiki/Bradley_Steven_Perry","/wiki/Bradley_Quinn","/wiki/Bradley_Whitford","/wiki/Bradley_Wiggins","/wiki/A._C._Bradley","/wiki/Abraham_Bradley,_Jr.","/wiki/Avery_Bradley","/wiki/Bill_Bradley","/wiki/Bill_Bradley_(baseball)","/wiki/Bob_Bradley_(disambiguation)","/wiki/Brian_Bradley","/wiki/Bruce_Bradley","/wiki/Celeste_Bradley","/wiki/Floruit","/wiki/Craig_Bradley","/wiki/Dan_Beach_Bradley","/wiki/Daniel_Bradley_(Brooklyn)","/wiki/Daniel_Joseph_Bradley","/wiki/David_W._Bradley","/wiki/Ed_Bradley","/wiki/Eduardo_Bradley","/wiki/Eoin_Bradley","/wiki/F._H._Bradley","/wiki/Foghorn_Bradley","/wiki/George_Bradley_(disambiguation)","/wiki/Gwendolyn_Bradley","/wiki/Henry_Bradley_(disambiguation)","/wiki/James_Bradley_(disambiguation)","/wiki/Jeb_Bradley","/wiki/Joe_Bradley_(disambiguation)","/wiki/John_Bradley_(disambiguation)","/wiki/Joseph_P._Bradley","/wiki/Keegan_Bradley","/wiki/Kepler_Bradley","/wiki/Liam_Bradley","/wiki/Loretta_Bradley","/wiki/Marion_Zimmer_Bradley","/wiki/Matt_Bradley","/wiki/Milton_Bradley_(disambiguation)","/wiki/Omar_Bradley","/wiki/Paddy_Bradley","/wiki/Peter_Bradley_(disambiguation)","/wiki/Robert_Bradley_(disambiguation)","/wiki/Bradley_method_of_natural_childbirth","/wiki/Ryan_Bradley","/wiki/Shawn_Bradley","/wiki/Tom_Bradley_(disambiguation)","/wiki/W._C._Bradley","/wiki/Will_H._Bradley","/wiki/William_Bradley_(disambiguation)","#cite_ref-1","http://www.mfnames.com/mfnames/b/origin-and-meaning-of-bradley.htm","/wiki/File:WPanthroponymy.svg","//upload.wikimedia.org/wikipedia/commons/thumb/9/99/WPanthroponymy.svg/30px-WPanthroponymy.svg.png","//en.wikipedia.org/w/index.php?title=Special:WhatLinksHere/Bradley&namespace=0","http://en.wikipedia.org/w/index.php?title=Bradley&oldid=542488354","/wiki/Help:Categories","/wiki/Category:Given_names","/wiki/Category:Surnames","/wiki/Category:English-language_surnames","/wiki/Category:English_given_names","/wiki/Category:Wikipedia_semi-protected_pages","/wiki/Category:All_set_index_articles","/w/index.php?title=Special:UserLogin&returnto=Bradley&type=signup","/w/index.php?title=Special:UserLogin&returnto=Bradley","/wiki/Bradley","/wiki/Talk:Bradley","#","/wiki/Bradley","/w/index.php?title=Bradley&action=edit","/w/index.php?title=Bradley&action=history","#","/w/index.php","//bits.wikimedia.org/static-1.21wmf11/skins/vector/images/search-ltr.png?303-4","/wiki/Main_Page","/wiki/Main_Page","/wiki/Portal:Contents","/wiki/Portal:Featured_content","/wiki/Portal:Current_events","/wiki/Special:Random","//donate.wikimedia.org/wiki/Special:FundraiserRedirector?utm_source=donate&utm_medium=sidebar&utm_campaign=C13_en.wikipedia.org&uselang=en","/wiki/Help:Contents","/wiki/Wikipedia:About","/wiki/Wikipedia:Community_portal","/wiki/Special:RecentChanges","/wiki/Wikipedia:Contact_us","/wiki/Special:WhatLinksHere/Bradley","/wiki/Special:RecentChangesLinked/Bradley","/wiki/Wikipedia:File_Upload_Wizard","/wiki/Special:SpecialPages","/w/index.php?title=Bradley&oldid=542488354","/w/index.php?title=Bradley&action=info","/w/index.php?title=Special:Cite&page=Bradley&id=542488354","/w/index.php?title=Special:Book&bookcmd=book_creator&referer=Bradley","/w/index.php?title=Special:Book&bookcmd=render_article&arttitle=Bradley&oldid=542488354&writer=rl","/w/index.php?title=Bradley&printable=yes","//de.wikipedia.org/wiki/Bradley_(Familienname)","//la.wikipedia.org/wiki/Bradley","//vi.wikipedia.org/wiki/Bradley","//www.wikidata.org/wiki/Special:ItemByTitle/enwiki/Bradley","//en.wikipedia.org/wiki/Wikipedia:Text_of_Creative_Commons_Attribution-ShareAlike_3.0_Unported_License","//creativecommons.org/licenses/by-sa/3.0/","//wikimediafoundation.org/wiki/Terms_of_Use","//www.wikimediafoundation.org/","//en.wikipedia.org/wiki/Wikipedia:Contact_us","//wikimediafoundation.org/wiki/Privacy_policy","/wiki/Wikipedia:About","/wiki/Wikipedia:General_disclaimer","http://en.m.wikipedia.org/wiki/Bradley","//wikimediafoundation.org/","//bits.wikimedia.org/images/wikimedia-button.png","//www.mediawiki.org/","//bits.wikimedia.org/static-1.21wmf11/skins/common/images/poweredby_mediawiki_88x31.png","//bits.wikimedia.org/en.wikipedia.org/load.php?debug=false&lang=en&modules=skins.vector&only=scripts&skin=vector&*","/w/index.php?title=MediaWiki:Gadget-ReferenceTooltips.js&action=raw&ctype=text/javascript&508635914","//bits.wikimedia.org/en.wikipedia.org/load.php?debug=false&lang=en&modules=site&only=scripts&skin=vector&*"],"instances":["disambiguation","disambiguation","disambiguation","disambiguation","disambiguation","disambiguation","baseball","brooklyn","disambiguation","disambiguation","disambiguation","disambiguation","disambiguation"],"pdf":[],"categories":["English-language surnames","English given names"],"headings":["People","Notes and References"],"image":["//upload.wikimedia.org/wikipedia/commons/thumb/f/fc/Padlock-silver.svg/20px-Padlock-silver.svg.png","//upload.wikimedia.org/wikipedia/commons/thumb/f/f8/Wiktionary-logo-en.svg/37px-Wiktionary-logo-en.svg.png","//upload.wikimedia.org/wikipedia/commons/thumb/9/99/WPanthroponymy.svg/30px-WPanthroponymy.svg.png","//upload.wikimedia.org/wikipedia/commons/thumb/9/99/WPanthroponymy.svg/30px-WPanthroponymy.svg.png","//bits.wikimedia.org/static-1.21wmf11/skins/vector/images/search-ltr.png?303-4","//bits.wikimedia.org/images/wikimedia-button.png","//bits.wikimedia.org/static-1.21wmf11/skins/common/images/poweredby_mediawiki_88x31.png"],"tags":[["bill_bradley","baseball"],["bob_bradley","disambiguation"],["daniel_bradley","brooklyn"],["george_bradley","disambiguation"],["henry_bradley","disambiguation"],["james_bradley","disambiguation"],["joe_bradley","disambiguation"],["john_bradley","disambiguation"],["milton_bradley","disambiguation"],["peter_bradley","disambiguation"],["robert_bradley","disambiguation"],["tom_bradley","disambiguation"],["william_bradley","disambiguation"]],"members":["milton_bradley","james_bradley","william_bradley","george_bradley","john_bradley","bob_bradley","bill_bradley","daniel_bradley","tom_bradley","henry_bradley","robert_bradley","peter_bradley","joe_bradley"],"related":["County_Tyrone","County_Londonderry","County_Donegal","County_Cork","Brad_Ausmus","Bradley_Ayers","Bradley_Cooper","Brad_Hogg","Bradley_Hore","Bradley_James","Bradley_Manning","Bradley_McGee","Bradley_McIntosh","Bradley_Nowell","Brad_Pitt","Bradley_Steven_Perry","Bradley_Quinn","Bradley_Whitford","Bradley_Wiggins","A._C._Bradley","Abraham_Bradley,_Jr.","Avery_Bradley","Bill_Bradley","Bill_Bradley_(baseball)","Bob_Bradley_(disambiguation)","Brian_Bradley","Bruce_Bradley","Celeste_Bradley","Floruit","Craig_Bradley","Dan_Beach_Bradley","Daniel_Bradley_(Brooklyn)","Daniel_Joseph_Bradley","David_W._Bradley","Ed_Bradley","Eduardo_Bradley","Eoin_Bradley","F._H._Bradley","Foghorn_Bradley","George_Bradley_(disambiguation)","Gwendolyn_Bradley","Henry_Bradley_(disambiguation)","James_Bradley_(disambiguation)","Jeb_Bradley","Joe_Bradley_(disambiguation)","John_Bradley_(disambiguation)","Joseph_P._Bradley","Keegan_Bradley","Kepler_Bradley","Liam_Bradley","Loretta_Bradley","Marion_Zimmer_Bradley","Matt_Bradley","Milton_Bradley_(disambiguation)","Omar_Bradley","Paddy_Bradley","Peter_Bradley_(disambiguation)","Robert_Bradley_(disambiguation)","Bradley_method_of_natural_childbirth","Ryan_Bradley","Shawn_Bradley","Tom_Bradley_(disambiguation)","W._C._Bradley","Will_H._Bradley","William_Bradley_(disambiguation)"]}