{"cursor":"17962","size":15,"audio":[],"currentlang":"en","article":"\n\n{{Infobox\n| bodyclass = geography above = East Asia image = label1 = Area data1 = The area figure is based on the combined areas of China (including\n| Hong Kong, Macau, Aksai Chin, and Trans-Karakoram Tract), Japan, North Korea,\n| South Korea, Taiwan, and Vietnam as listed at List of countries and outlying\n| territories by total area. label2 = Population data2 = 1,575,784,500 The population figure is the combined populations of China\n| (Mainland China, Hong Kong, Macau), Japan , North Korea, South Korea, and\n| Taiwan as listed at List of countries by population (last updated Feb 22,\n| 2011). label3 = Density data3 = label4 = Countries and territories data4\n| = China       -\n|  label5 = Languages and language families data5 = Chinese,\n| Japanese, Korean, Mongolian, and many others label6 = Nominal GDP (2011) data6\n| = $ 14.878 Trillion label7 = (2011) data7 = $ 9,409 label8 = Time zones data8\n| = UTC +7:00 (Western Mongolia) to UTC +9:00 (Japan and Korean Peninsula)\n| label9 = Capital cities data9 = Beijing Tokyo Pyongyang Seoul\n| Ulaanbaatar Taipei label10= Other major cities data10 = Busan\n| Guangzhou Incheon Kaohsiung Nagoya New Taipei\n| Osaka Shanghai Taichung Tianjin Yokohama ([[Cities of East\n| Asia|see list]])\n}}\n\n\n\n\n{{Chinese |t=æ±äº/æ±äºç´°äº |s=ä¸äº/ä¸äºç»äº |p=DÅngyÃ  or DÅng YÃ xÃ¬yÃ  |w=Tung 1-\nya 3 |j=dung1 aa3 |poj=Tang-a |gan=Tung1 nga3 |wuu=ton å¹³\nia å» |h=dung 24 a 31 |kana=ã²ããã¢ã¸ã¢/ã¨ãã\n|kanji=æ±äºç´°äºï¼æ±ã¢ã¸ã¢ï¼/æ±äº |kyujitai=æ±äºç´°äº/æ±äº |revhep=Higashi Ajia/TÅ-A |kunrei=Higasi\nAzia/Tou-A |hanja=æ±ììì/æ±äºç´°äº/æ±äº |hangul=ëììì/ëìì¸ì/ëì |rr=Dong Asia/Dong Asea/Dong\nA |rus=ÐÐ¾ÑÑÐ¾ÑÐ½Ð°Ñ ÐÐ·Ð¸Ñ |rusr=Vostochnaja Azija |mon=ÐÒ¯Ò¯Ð½ ÐÐ·Ð¸ |qn=ÄÃ´ng Ã }}\n\n'East Asia' or 'Eastern Asia' (the latter form preferred solely by the United\nNations) is a subregion of Asia that can be defined in either geographical {{cite web |url=\nhttp://encarta.msn.com/dictionary_1861672714/East_Asia.html |title= East Asia\n|accessdate=2008-01-12 |work= encarta |publisher= Microsoft |quote= East AÂ·sia [\nï½st Ã¡yï ¤É ] the countries, territories, and regions of China, Mongolia, Hong\nKong, Japan, North Korea, South Korea, Macau, and Taiwan. |archiveurl=http://www.webcitation.org/5kwbU9Hqq|archivedate=2009-10-\n31|deadurl=yes}} or cultural [http://afe.easia.columbia.edu/webcourse/key_points/kp_5.htm Columbia\nUniversity - \"East Asian cultural sphere\"] \"The East Asian cultural sphere\nevolves when Japan, Korea, and what is today Vietnam all share adapted elements\nof Chinese civilization of this period (that of the Tang dynasty), in particular\nBuddhism, Confucian social and political values, and literary Chinese and its\nwriting system.\" terms. Geographically and geopolitically, it covers about\n, or about 28% of the Asian continent, about 15% bigger than the area of Europe.\n\nMore than 1.5 billion people, about 38% of the population of Asia or 22% of all\nthe people in the world, live in East Asia. The region is one of the world's\nmost populated places, with a population density of , being about three times\nthe world average of , although Mongolia has the lowest population density of a\nsovereign state. Using the UN subregion definitions, it ranks second in\npopulation only to Southern Asia.\n\nHistorically, many societies in East Asia have been part of the Chinese\ncultural sphere, and East Asian vocabulary and scripts are often derived\nfrom Classical Chinese and Chinese script. Sometimes Northeast Asia is used\nto denote Japan and Korea. \"[http://www.cfr.org/region/478/northeast_asia.html Northeast Asia].\"\n[[Council on Foreign Relations]]. Retrieved on August 10, 2009. Major\nreligions include Buddhism (mostly Mahayana), Confucianism or Neo-\nConfucianism, Taoism, Chinese folk religion in China, Shinto in Japan,\nTaoism in Taiwan, Shamanism in Korea, Mongolia and other indigenous\npopulations of northern East Asia, Chongho Kim, \"Korean Shamanism\", 2003\nAshgate Publishing Andreas Anangguru Yewangoe, \"Theologia crucis\nin Asia\", 1987 Rodopi and recently Christianity in South\nKorea. The Chinese Calendar is the root from which many other\nEast Asian calendars are derived.\n","linknr":687,"url":"East_Asia","recorded":1364168911,"links":["/w/index.php?title=East_Asia&action=edit","/w/index.php?title=East_Asia&action=edit","//en.wikipedia.org/apple-touch-icon.png","//bits.wikimedia.org/favicon/wikipedia.ico","/w/opensearch_desc.php","//en.wikipedia.org/w/api.php?action=rsd","//creativecommons.org/licenses/by-sa/3.0/","/w/index.php?title=Special:RecentChanges&feed=atom","//bits.wikimedia.org/en.wikipedia.org/load.php?debug=false&lang=en&modules=ext.gadget.DRN-wizard%2CReferenceTooltips%2Ccharinsert%2Cteahouse%7Cext.wikihiero%7Cmediawiki.legacy.commonPrint%2Cshared%7Cmw.PopUpMediaTransform%7Cskins.vector&only=styles&skin=vector&*","//bits.wikimedia.org/en.wikipedia.org/load.php?debug=false&lang=en&modules=site&only=styles&skin=vector&*","//bits.wikimedia.org/en.wikipedia.org/load.php?debug=false&lang=en&modules=startup&only=scripts&skin=vector&*","//bits.wikimedia.org/geoiplookup","//meta.wikimedia.org","#mw-head","#p-search","/wiki/East_Asia_(disambiguation)","/wiki/File:East_Asia_(orthographic_projection).svg","//upload.wikimedia.org/wikipedia/commons/thumb/a/ab/East_Asia_%28orthographic_projection%29.svg/200px-East_Asia_%28orthographic_projection%29.svg.png","#cite_note-1","#cite_note-2","/wiki/China","//upload.wikimedia.org/wikipedia/commons/thumb/f/fa/Flag_of_the_People%27s_Republic_of_China.svg/22px-Flag_of_the_People%27s_Republic_of_China.svg.png","/wiki/China","//upload.wikimedia.org/wikipedia/commons/thumb/5/5b/Flag_of_Hong_Kong.svg/22px-Flag_of_Hong_Kong.svg.png","/wiki/Hong_Kong","//upload.wikimedia.org/wikipedia/commons/thumb/6/63/Flag_of_Macau.svg/22px-Flag_of_Macau.svg.png","/wiki/Macau","//upload.wikimedia.org/wikipedia/en/thumb/9/9e/Flag_of_Japan.svg/22px-Flag_of_Japan.svg.png","/wiki/Japan","//upload.wikimedia.org/wikipedia/commons/thumb/5/51/Flag_of_North_Korea.svg/22px-Flag_of_North_Korea.svg.png","/wiki/North_Korea","//upload.wikimedia.org/wikipedia/commons/thumb/0/09/Flag_of_South_Korea.svg/22px-Flag_of_South_Korea.svg.png","/wiki/South_Korea","//upload.wikimedia.org/wikipedia/commons/thumb/4/4c/Flag_of_Mongolia.svg/22px-Flag_of_Mongolia.svg.png","/wiki/Mongolia","//upload.wikimedia.org/wikipedia/commons/thumb/7/72/Flag_of_the_Republic_of_China.svg/22px-Flag_of_the_Republic_of_China.svg.png","/wiki/Taiwan","/wiki/Chinese_language","/wiki/Japanese_language","/wiki/Korean_language","/wiki/Mongolian_language","/wiki/Languages_of_East_Asia","/wiki/China","//upload.wikimedia.org/wikipedia/commons/thumb/f/fa/Flag_of_the_People%27s_Republic_of_China.svg/22px-Flag_of_the_People%27s_Republic_of_China.svg.png","/wiki/Beijing","/wiki/Japan","//upload.wikimedia.org/wikipedia/en/thumb/9/9e/Flag_of_Japan.svg/22px-Flag_of_Japan.svg.png","/wiki/Tokyo","/wiki/North_Korea","//upload.wikimedia.org/wikipedia/commons/thumb/5/51/Flag_of_North_Korea.svg/22px-Flag_of_North_Korea.svg.png","/wiki/Pyongyang","/wiki/South_Korea","//upload.wikimedia.org/wikipedia/commons/thumb/0/09/Flag_of_South_Korea.svg/22px-Flag_of_South_Korea.svg.png","/wiki/Seoul","/wiki/Mongolia","//upload.wikimedia.org/wikipedia/commons/thumb/4/4c/Flag_of_Mongolia.svg/22px-Flag_of_Mongolia.svg.png","/wiki/Ulaanbaatar","/wiki/Taiwan","//upload.wikimedia.org/wikipedia/commons/thumb/7/72/Flag_of_the_Republic_of_China.svg/22px-Flag_of_the_Republic_of_China.svg.png","/wiki/Taipei","/wiki/South_Korea","//upload.wikimedia.org/wikipedia/commons/thumb/0/09/Flag_of_South_Korea.svg/22px-Flag_of_South_Korea.svg.png","/wiki/Busan","/wiki/China","//upload.wikimedia.org/wikipedia/commons/thumb/f/fa/Flag_of_the_People%27s_Republic_of_China.svg/22px-Flag_of_the_People%27s_Republic_of_China.svg.png","/wiki/Guangzhou","//upload.wikimedia.org/wikipedia/commons/thumb/5/5b/Flag_of_Hong_Kong.svg/22px-Flag_of_Hong_Kong.svg.png","/wiki/Hong_Kong","/wiki/South_Korea","//upload.wikimedia.org/wikipedia/commons/thumb/0/09/Flag_of_South_Korea.svg/22px-Flag_of_South_Korea.svg.png","/wiki/Incheon","/wiki/Taiwan","//upload.wikimedia.org/wikipedia/commons/thumb/7/72/Flag_of_the_Republic_of_China.svg/22px-Flag_of_the_Republic_of_China.svg.png","/wiki/Kaohsiung","//upload.wikimedia.org/wikipedia/commons/thumb/6/63/Flag_of_Macau.svg/22px-Flag_of_Macau.svg.png","/wiki/Macau","/wiki/Japan","//upload.wikimedia.org/wikipedia/en/thumb/9/9e/Flag_of_Japan.svg/22px-Flag_of_Japan.svg.png","/wiki/Nagoya","/wiki/Taiwan","//upload.wikimedia.org/wikipedia/commons/thumb/7/72/Flag_of_the_Republic_of_China.svg/22px-Flag_of_the_Republic_of_China.svg.png","/wiki/New_Taipei","/wiki/Japan","//upload.wikimedia.org/wikipedia/en/thumb/9/9e/Flag_of_Japan.svg/22px-Flag_of_Japan.svg.png","/wiki/Osaka","/wiki/China","//upload.wikimedia.org/wikipedia/commons/thumb/f/fa/Flag_of_the_People%27s_Republic_of_China.svg/22px-Flag_of_the_People%27s_Republic_of_China.svg.png","/wiki/Shanghai","/wiki/Taiwan","//upload.wikimedia.org/wikipedia/commons/thumb/7/72/Flag_of_the_Republic_of_China.svg/22px-Flag_of_the_Republic_of_China.svg.png","/wiki/Taichung","/wiki/China","//upload.wikimedia.org/wikipedia/commons/thumb/f/fa/Flag_of_the_People%27s_Republic_of_China.svg/22px-Flag_of_the_People%27s_Republic_of_China.svg.png","/wiki/Tianjin","/wiki/Japan","//upload.wikimedia.org/wikipedia/en/thumb/9/9e/Flag_of_Japan.svg/22px-Flag_of_Japan.svg.png","/wiki/Yokohama","/wiki/Cities_of_East_Asia","//upload.wikimedia.org/wikipedia/commons/thumb/9/9e/Zhongwen.svg/40px-Zhongwen.svg.png","/wiki/Chinese_language","/wiki/Help:Multilingual_support_(East_Asian)","/wiki/Mojibake","/wiki/Chinese_character","//upload.wikimedia.org/wikipedia/commons/thumb/8/86/%E6%9B%B8.svg/40px-%E6%9B%B8.svg.png","/wiki/Japanese_language","/wiki/Help:Installing_Japanese_character_sets","/wiki/Mojibake","/wiki/Kanji","/wiki/Kana","//upload.wikimedia.org/wikipedia/commons/thumb/9/90/Hangul%2C_Hanja.png/40px-Hangul%2C_Hanja.png","/wiki/Korean_language","/wiki/Help:Multilingual_support_(East_Asian)","/wiki/Mojibake","/wiki/Hangul","/wiki/Hanja","/wiki/File:LocationEastAsia.PNG","//upload.wikimedia.org/wikipedia/commons/thumb/e/ef/LocationEastAsia.PNG/220px-LocationEastAsia.PNG","/wiki/File:LocationEastAsia.PNG","//bits.wikimedia.org/static-1.21wmf11/skins/common/images/magnify-clip.png","/wiki/Traditional_Chinese_characters","/wiki/Simplified_Chinese_characters","/wiki/Gan_Chinese","/wiki/Gan_Chinese","/wiki/Hakka_Chinese","/wiki/Guangdong_Romanization#Hakka","/wiki/Mandarin_Chinese","/wiki/Pinyin","/wiki/Wade%E2%80%93Giles","/wiki/Min_Chinese","/wiki/Hokkien","/wiki/Pe%CC%8Dh-%C5%8De-j%C4%AB","/wiki/Wu_Chinese","/wiki/Wu_Chinese","/wiki/Yue_Chinese","/wiki/Jyutping","/wiki/Vietnamese_alphabet","/wiki/Hangul","/wiki/Hanja","/wiki/Revised_Romanization_of_Korean","/wiki/Mongolian_language","/wiki/Kanji","/wiki/Kana","/wiki/Ky%C5%ABjitai","/wiki/Hepburn_romanization","/wiki/Kunrei-shiki_romanization","/wiki/Russian_language","/wiki/Romanization_of_Russian","/wiki/United_Nations","/wiki/Subregion","/wiki/Asia","/wiki/Geography","#cite_note-encarta-east-asia-3","/wiki/Cultural","#cite_note-easia-columbia-4","/wiki/Continent","/wiki/Europe","/wiki/Overpopulation","/wiki/Population_density","/wiki/Mongolia","/wiki/List_of_sovereign_states_and_dependent_territories_by_population_density","/wiki/UN_subregion","/wiki/South_Asia","/wiki/Sinosphere","/wiki/Classical_Chinese","/wiki/Chinese_character","/wiki/Northeast_Asia","/wiki/Japan","/wiki/Korea","#cite_note-Northeast_Asia-5","/wiki/Religions","/wiki/Buddhism","/wiki/Mahayana_Buddhism","/wiki/Confucianism","/wiki/Neo-Confucianism","/wiki/Taoism","/wiki/Chinese_folk_religion","/wiki/Shinto","/wiki/Japan","/wiki/Taoism","/wiki/Taiwan","/wiki/Shamanism","/wiki/Korea","/wiki/Mongolia","#cite_note-6","#cite_note-7","/wiki/Christianity_in_South_Korea","#cite_note-8","/wiki/Chinese_Calendar","/wiki/Calendar","#History","#Uses_of_the_term_East_Asia","#Alternative_definitions","#Territory_and_region_data","#Demographics","#Economy","#Cities","#See_also","#Notes","#References","#External_links","/w/index.php?title=East_Asia&action=edit&section=1","/wiki/History_of_East_Asia","/wiki/Han_Dynasty","/wiki/Tribute","/wiki/North_Korea","/wiki/South_Korea","/wiki/Taiwan","/w/index.php?title=East_Asia&action=edit&section=2","/wiki/File:Location-Asia-UNsubregions.png","//upload.wikimedia.org/wikipedia/commons/thumb/6/61/Location-Asia-UNsubregions.png/225px-Location-Asia-UNsubregions.png","/wiki/File:Location-Asia-UNsubregions.png","//bits.wikimedia.org/static-1.21wmf11/skins/common/images/magnify-clip.png","/wiki/Regions_of_Asia","/wiki/United_Nations","/wiki/North_Asia","/wiki/Central_Asia","/wiki/Southwest_Asia","/wiki/South_Asia","/wiki/Southeast_Asia","#cite_note-encarta-east-asia-3","/wiki/China","#cite_note-EBeasia-9","/wiki/Japan","/wiki/North_Korea","/wiki/South_Korea","/wiki/Mongolia","#cite_note-encarta-east-asia-3","/wiki/Taiwan","#cite_note-ROC-10","/wiki/Culture_of_China","/wiki/Culture_of_Japan","/wiki/Culture_of_Korea","/wiki/Culture_of_Taiwan","/wiki/Culture_of_Vietnam","#cite_note-11","#cite_note-12","#cite_note-13","#cite_note-14","/w/index.php?title=East_Asia&action=edit&section=3","/wiki/Vietnam","/wiki/Southeast_Asia","/wiki/Sinosphere","/wiki/Southeast_Asia","/wiki/People%27s_Republic_of_China","/wiki/Siberia","/wiki/Russia","#cite_note-15","/wiki/North_Asia","/wiki/ASEAN","/wiki/People%27s_Republic_of_China","/wiki/Japan","/wiki/South_Korea","/wiki/Taiwan","#cite_note-ROC-10","/wiki/ASEAN","/wiki/Far_East","/wiki/Europe","/wiki/Asia-Pacific","/wiki/Oceania","/wiki/United_Nations","/wiki/Northeast_Asia","/wiki/Southeast_Asia","/wiki/ASEAN","#cite_note-16","#cite_note-17","#cite_note-18","/wiki/Council_on_Foreign_Relations","/wiki/Japan","/wiki/Korea","#cite_note-Northeast_Asia-5","/w/index.php?title=East_Asia&action=edit&section=4","/w/index.php?title=East_Asia&action=edit&section=5","/wiki/Ethnic_groups_of_East_Asia","/wiki/Country","/wiki/List_of_countries_by_area","/wiki/List_of_countries_by_population","/wiki/List_of_countries_by_population_density","/wiki/List_of_countries_by_Human_Development_Index","/wiki/Capital_(political)","//upload.wikimedia.org/wikipedia/commons/thumb/f/fa/Flag_of_the_People%27s_Republic_of_China.svg/22px-Flag_of_the_People%27s_Republic_of_China.svg.png","/wiki/China","/wiki/Beijing","//upload.wikimedia.org/wikipedia/commons/thumb/5/5b/Flag_of_Hong_Kong.svg/22px-Flag_of_Hong_Kong.svg.png","/wiki/Hong_Kong","/wiki/Hong_Kong","//upload.wikimedia.org/wikipedia/en/thumb/9/9e/Flag_of_Japan.svg/22px-Flag_of_Japan.svg.png","/wiki/Japan","/wiki/Tokyo","//upload.wikimedia.org/wikipedia/commons/thumb/6/63/Flag_of_Macau.svg/22px-Flag_of_Macau.svg.png","/wiki/Macau","/wiki/Macau","//upload.wikimedia.org/wikipedia/commons/thumb/4/4c/Flag_of_Mongolia.svg/22px-Flag_of_Mongolia.svg.png","/wiki/Mongolia","/wiki/Ulaanbaatar","//upload.wikimedia.org/wikipedia/commons/thumb/5/51/Flag_of_North_Korea.svg/22px-Flag_of_North_Korea.svg.png","/wiki/North_Korea","/wiki/Pyongyang","//upload.wikimedia.org/wikipedia/commons/thumb/0/09/Flag_of_South_Korea.svg/22px-Flag_of_South_Korea.svg.png","/wiki/South_Korea","/wiki/Seoul","//upload.wikimedia.org/wikipedia/commons/thumb/7/72/Flag_of_the_Republic_of_China.svg/22px-Flag_of_the_Republic_of_China.svg.png","/wiki/Taiwan","/wiki/Taipei","/w/index.php?title=East_Asia&action=edit&section=6","/wiki/Economy_of_East_Asia","/wiki/Country","/wiki/List_of_countries_by_GDP_(nominal)","/wiki/List_of_countries_by_GDP_(nominal)_per_capita","/wiki/List_of_countries_by_GDP_(PPP)","/wiki/List_of_countries_by_GDP_(PPP)_per_capita","//upload.wikimedia.org/wikipedia/commons/thumb/f/fa/Flag_of_the_People%27s_Republic_of_China.svg/22px-Flag_of_the_People%27s_Republic_of_China.svg.png","/wiki/China","//upload.wikimedia.org/wikipedia/commons/thumb/5/5b/Flag_of_Hong_Kong.svg/22px-Flag_of_Hong_Kong.svg.png","/wiki/Hong_Kong","//upload.wikimedia.org/wikipedia/en/thumb/9/9e/Flag_of_Japan.svg/22px-Flag_of_Japan.svg.png","/wiki/Japan","//upload.wikimedia.org/wikipedia/commons/thumb/6/63/Flag_of_Macau.svg/22px-Flag_of_Macau.svg.png","/wiki/Macau","//upload.wikimedia.org/wikipedia/commons/thumb/4/4c/Flag_of_Mongolia.svg/22px-Flag_of_Mongolia.svg.png","/wiki/Mongolia","//upload.wikimedia.org/wikipedia/commons/thumb/5/51/Flag_of_North_Korea.svg/22px-Flag_of_North_Korea.svg.png","/wiki/North_Korea","//upload.wikimedia.org/wikipedia/commons/thumb/0/09/Flag_of_South_Korea.svg/22px-Flag_of_South_Korea.svg.png","/wiki/South_Korea","//upload.wikimedia.org/wikipedia/commons/thumb/7/72/Flag_of_the_Republic_of_China.svg/22px-Flag_of_the_Republic_of_China.svg.png","/wiki/Taiwan","/w/index.php?title=East_Asia&action=edit&section=7","/wiki/Cities_of_East_Asia","/wiki/File:Tokyo_at_night_panorama.jpg","//upload.wikimedia.org/wikipedia/commons/thumb/3/37/Tokyo_at_night_panorama.jpg/660px-Tokyo_at_night_panorama.jpg","/wiki/Tokyo","/wiki/List_of_metropolitan_areas_by_population","/wiki/List_of_cities_by_GDP#List_of_cities_in_the_world_by_GDP","/wiki/File:Seoul_Nightview(2009).jpg","//upload.wikimedia.org/wikipedia/commons/thumb/e/e5/Seoul_Nightview%282009%29.jpg/660px-Seoul_Nightview%282009%29.jpg","/wiki/Seoul","/wiki/File:Kaohsiung.jpg","//upload.wikimedia.org/wikipedia/commons/thumb/b/b1/Kaohsiung.jpg/489px-Kaohsiung.jpg","/wiki/Kaohsiung","/wiki/Kaohsiung_Harbor","/wiki/File:Pudong_Pano.jpg","//upload.wikimedia.org/wikipedia/commons/thumb/b/b2/Pudong_Pano.jpg/660px-Pudong_Pano.jpg","/wiki/Shanghai","/wiki/File:Taipei_night_view_with_101.jpg","//upload.wikimedia.org/wikipedia/commons/thumb/1/1e/Taipei_night_view_with_101.jpg/410px-Taipei_night_view_with_101.jpg","/wiki/Taipei","/wiki/Republic_of_China","/wiki/Taiwan","/wiki/Taipei_101","http://upload.wikimedia.org/wikipedia/zh/6/6d/台北市聖誕夜景.jpg","/wiki/File:Hong_Kong_Night_Skyline2.jpg","//upload.wikimedia.org/wikipedia/commons/thumb/1/15/Hong_Kong_Night_Skyline2.jpg/625px-Hong_Kong_Night_Skyline2.jpg","/wiki/Hong_Kong","/wiki/Pearl_River_Delta","/wiki/South_China_Sea","/wiki/Financial_centre","//upload.wikimedia.org/wikipedia/commons/8/82/Pass_over_Eastern_Asia_to_Philippine_Sea_and_Guam.ogv","//www.mediawiki.org/wiki/Extension:TimedMediaHandler/Client_download","/wiki/File:Pass_over_Eastern_Asia_to_Philippine_Sea_and_Guam.ogv","//bits.wikimedia.org/static-1.21wmf11/skins/common/images/magnify-clip.png","/wiki/Mongolia","/wiki/Pacific_Ocean","/wiki/China","/wiki/Japan","/wiki/Philippine_Sea","/wiki/Guam","/wiki/New_Zealand","/wiki/Lightning","/wiki/Light","/w/index.php?title=East_Asia&action=edit&section=8","/wiki/East_Asia_Summit","/wiki/East_Asian_Community","/wiki/East_Asian_Games","/wiki/East_Asian_studies","/wiki/East_Asian_languages","/wiki/East_Asian_calligraphy","/wiki/Four_Asian_Tigers","/wiki/Sinosphere","/wiki/China%E2%80%93Japan%E2%80%93South_Korea_trilateral_summit","/w/index.php?title=East_Asia&action=edit&section=9","#cite_ref-1","/wiki/China","/wiki/Hong_Kong","/wiki/Macau","/wiki/Japan","/wiki/North_Korea","/wiki/South_Korea","/wiki/Taiwan","/wiki/Vietnam","/wiki/List_of_countries_and_outlying_territories_by_total_area","#cite_ref-2","/wiki/List_of_countries_by_population","#cite_ref-ROC_10-0","#cite_ref-ROC_10-1","/wiki/Taiwan","/wiki/Sovereignty","/wiki/Political_status_of_Taiwan","/w/index.php?title=East_Asia&action=edit&section=10","#cite_ref-encarta-east-asia_3-0","#cite_ref-encarta-east-asia_3-1","#cite_ref-encarta-east-asia_3-2","http://www.webcitation.org/5kwbU9Hqq","http://encarta.msn.com/dictionary_1861672714/East_Asia.html","http://www.webcitation.org/5kwbU9Hqq","#cite_ref-easia-columbia_4-0","http://afe.easia.columbia.edu/webcourse/key_points/kp_5.htm","#cite_ref-Northeast_Asia_5-0","#cite_ref-Northeast_Asia_5-1","http://www.cfr.org/region/478/northeast_asia.html","/wiki/Council_on_Foreign_Relations","#cite_ref-6","#cite_ref-7","#cite_ref-8","http://www.state.gov/r/pa/ei/bgn/2800.htm","http://www.state.gov/r/pa/ei/bgn/2800.htm","#cite_ref-EBeasia_9-0","http://www.britannica.com/EBchecked/topic/176529/East-Asian-arts/74261/Chinese-visual-arts","/wiki/Britannica_Online_Encyclopedia","/wiki/Wikipedia:Link_rot","#cite_ref-11","http://afe.easia.columbia.edu/webcourse/key_points/kp_5.htm","#cite_ref-12","http://www.pearsonhighered.com/bookseller/academic/product/0,3110,0132431467,00.html","#cite_ref-13","http://www.indiana.edu/~easc/resources/working_paper/noframe_3_all.htm","#cite_ref-14","http://www.unep.or.jp/ietc/Publications/techpublications/TechPub-11/2-4.asp","#cite_ref-15","http://www.webcitation.org/5kwbUdIqJ","http://encarta.msn.com/refedlist_210031489_C1/countries_and_regions_in_East_Asia.html","http://www.webcitation.org/5kwbUdIqJ","#cite_ref-16","#cite_ref-17","#cite_ref-18","/w/index.php?title=East_Asia&action=edit&section=11","/wiki/File:Terrestrial_globe.svg","//upload.wikimedia.org/wikipedia/en/thumb/6/6b/Terrestrial_globe.svg/29px-Terrestrial_globe.svg.png","/wiki/Portal:Geography","/wiki/File:Asia_(orthographic_projection).svg","//upload.wikimedia.org/wikipedia/commons/thumb/8/80/Asia_%28orthographic_projection%29.svg/28px-Asia_%28orthographic_projection%29.svg.png","/wiki/Portal:Asia","//upload.wikimedia.org/wikipedia/en/thumb/4/4a/Commons-logo.svg/30px-Commons-logo.svg.png","//commons.wikimedia.org/wiki/Category:East_Asia","//upload.wikimedia.org/wikipedia/commons/thumb/f/f8/Wiktionary-logo-en.svg/37px-Wiktionary-logo-en.svg.png","//en.wiktionary.org/wiki/Special:Search/east_asia","http://www.welt-atlas.de/datenbank/karten/karte-0-9016.gif","/wiki/Template:Regions_of_the_world","/wiki/Template_talk:Regions_of_the_world","//en.wikipedia.org/w/index.php?title=Template:Regions_of_the_world&action=edit","/wiki/Subregion","/wiki/Earth","/wiki/File:LocationAfrica.png","//upload.wikimedia.org/wikipedia/commons/thumb/0/0f/LocationAfrica.png/60px-LocationAfrica.png","/wiki/Africa","/wiki/North_Africa","/wiki/Sub-Saharan_Africa","/wiki/Central_Africa","/wiki/East_Africa","/wiki/Horn_of_Africa","/wiki/Southern_Africa","/wiki/West_Africa","/wiki/Greater_Middle_East","/wiki/File:LocationOceania.png","//upload.wikimedia.org/wikipedia/commons/thumb/a/a0/LocationOceania.png/60px-LocationOceania.png","/wiki/Oceania","/wiki/Australasia","/wiki/Australia_(continent)","/wiki/Zealandia_(continent)","/wiki/Pacific_Islands","/wiki/Melanesia","/wiki/Micronesia","/wiki/Polynesia","/wiki/File:LocationNorthAmerica.png","//upload.wikimedia.org/wikipedia/commons/thumb/e/e9/LocationNorthAmerica.png/60px-LocationNorthAmerica.png","/wiki/North_America","/wiki/Northern_America","/wiki/Caribbean","/wiki/Central_America","/wiki/Middle_America_(region)","/wiki/Anglo-America","/wiki/Latin_America","/wiki/Hispanic_America","/wiki/File:LocationSouthAmerica.png","//upload.wikimedia.org/wikipedia/commons/thumb/0/02/LocationSouthAmerica.png/60px-LocationSouthAmerica.png","/wiki/South_America","/wiki/Southern_Cone","/wiki/Northern_South_America","/wiki/The_Guianas","/wiki/Andean_states","/wiki/Latin_America","/wiki/Hispanic_America","/wiki/File:LocationPolarRegions.png","//upload.wikimedia.org/wikipedia/commons/thumb/9/9c/LocationPolarRegions.png/60px-LocationPolarRegions.png","/wiki/Polar_region","/wiki/Antarctic","/wiki/Arctic","/wiki/File:LocationAsia.svg","//upload.wikimedia.org/wikipedia/commons/thumb/4/49/LocationAsia.svg/60px-LocationAsia.svg.png","/wiki/Asia","/wiki/Central_Asia","/wiki/Far_East","/wiki/Southeast_Asia","/wiki/Indochina","/wiki/Maritime_Southeast_Asia","/wiki/Northeast_Asia","/wiki/North_Asia","/wiki/South_Asia","/wiki/Indian_subcontinent","/wiki/Western_Asia","/wiki/Caucasus","/wiki/Middle_East","/wiki/Near_East","/wiki/Asia-Pacific","/wiki/File:LocationOceans.png","//upload.wikimedia.org/wikipedia/commons/thumb/d/df/LocationOceans.png/60px-LocationOceans.png","/wiki/Ocean","/wiki/World_Ocean","/wiki/Arctic_Ocean","/wiki/Atlantic_Ocean","/wiki/Indian_Ocean","/wiki/Pacific_Ocean","/wiki/Southern_Ocean","/wiki/File:LocationEurope.png","//upload.wikimedia.org/wikipedia/commons/thumb/e/e9/LocationEurope.png/60px-LocationEurope.png","/wiki/Europe","/wiki/Central_Europe","/wiki/Eastern_Europe","/wiki/Northern_Europe","/wiki/Southeast_Europe","/wiki/Balkans","/wiki/Caucasus","/wiki/Middle_East","/wiki/Southern_Europe","/wiki/Western_Europe","/wiki/File:LocationOceans.png","//upload.wikimedia.org/wikipedia/commons/thumb/d/df/LocationOceans.png/60px-LocationOceans.png","/wiki/Sea","/wiki/Sea#List_of_seas","/wiki/Template:Continents_of_the_world","/wiki/Template:List_of_seas","/wiki/Template:Physical_Earth","http://en.wikipedia.org/w/index.php?title=East_Asia&oldid=545457289","/wiki/Help:Categories","/wiki/Category:East_Asia","/wiki/Category:Regions_of_Asia","/wiki/Category:All_articles_with_dead_external_links","/wiki/Category:Articles_with_dead_external_links_from_May_2012","/wiki/Category:Wikipedia_indefinitely_move-protected_pages","/wiki/Category:Articles_containing_traditional_Chinese_language_text","/wiki/Category:Articles_containing_simplified_Chinese_language_text","/wiki/Category:Articles_containing_Vietnamese_language_text","/wiki/Category:Articles_containing_Korean_language_text","/wiki/Category:Articles_containing_Mongolian_language_text","/wiki/Category:Articles_containing_Japanese_language_text","/wiki/Category:Articles_containing_Russian_language_text","/wiki/Category:Articles_containing_Mongolian_script_text","/w/index.php?title=Special:UserLogin&returnto=East+Asia&type=signup","/w/index.php?title=Special:UserLogin&returnto=East+Asia","/wiki/East_Asia","/wiki/Talk:East_Asia","#","/wiki/East_Asia","/w/index.php?title=East_Asia&action=edit","/w/index.php?title=East_Asia&action=history","#","/w/index.php","//bits.wikimedia.org/static-1.21wmf11/skins/vector/images/search-ltr.png?303-4","/wiki/Main_Page","/wiki/Main_Page","/wiki/Portal:Contents","/wiki/Portal:Featured_content","/wiki/Portal:Current_events","/wiki/Special:Random","//donate.wikimedia.org/wiki/Special:FundraiserRedirector?utm_source=donate&utm_medium=sidebar&utm_campaign=C13_en.wikipedia.org&uselang=en","/wiki/Help:Contents","/wiki/Wikipedia:About","/wiki/Wikipedia:Community_portal","/wiki/Special:RecentChanges","/wiki/Wikipedia:Contact_us","/wiki/Special:WhatLinksHere/East_Asia","/wiki/Special:RecentChangesLinked/East_Asia","/wiki/Wikipedia:File_Upload_Wizard","/wiki/Special:SpecialPages","/w/index.php?title=East_Asia&oldid=545457289","/w/index.php?title=East_Asia&action=info","/w/index.php?title=Special:Cite&page=East_Asia&id=545457289","/w/index.php?title=Special:Book&bookcmd=book_creator&referer=East+Asia","/w/index.php?title=Special:Book&bookcmd=render_article&arttitle=East+Asia&oldid=545457289&writer=rl","/w/index.php?title=East_Asia&printable=yes","//ace.wikipedia.org/wiki/Asia_Timu","//af.wikipedia.org/wiki/Oos-Asi%C3%AB","//ar.wikipedia.org/wiki/%D8%B4%D8%B1%D9%82_%D8%A2%D8%B3%D9%8A%D8%A7","//frp.wikipedia.org/wiki/Asia_du_Levant","//az.wikipedia.org/wiki/%C5%9E%C9%99rqi_Asiya","//bn.wikipedia.org/wiki/%E0%A6%AA%E0%A7%82%E0%A6%B0%E0%A7%8D%E0%A6%AC_%E0%A6%8F%E0%A6%B6%E0%A6%BF%E0%A6%AF%E0%A6%BC%E0%A6%BE","//zh-min-nan.wikipedia.org/wiki/Tang-a","//bg.wikipedia.org/wiki/%D0%98%D0%B7%D1%82%D0%BE%D1%87%D0%BD%D0%B0_%D0%90%D0%B7%D0%B8%D1%8F","//bs.wikipedia.org/wiki/Isto%C4%8Dna_Azija","//br.wikipedia.org/wiki/Azia_ar_Reter","//ca.wikipedia.org/wiki/%C3%80sia_Oriental","//cs.wikipedia.org/wiki/V%C3%BDchodn%C3%AD_Asie","//cy.wikipedia.org/wiki/Dwyrain_Asia","//da.wikipedia.org/wiki/%C3%98stasien","//de.wikipedia.org/wiki/Ostasien","//et.wikipedia.org/wiki/Ida-Aasia","//es.wikipedia.org/wiki/Asia_Oriental","//eo.wikipedia.org/wiki/Orienta_Azio","//eu.wikipedia.org/wiki/Ekialdeko_Asia","//fa.wikipedia.org/wiki/%D8%A2%D8%B3%DB%8C%D8%A7%DB%8C_%D8%B4%D8%B1%D9%82%DB%8C","//fr.wikipedia.org/wiki/Asie_de_l%27Est","//gan.wikipedia.org/wiki/%E6%9D%B1%E4%BA%9E","//ko.wikipedia.org/wiki/%EB%8F%99%EC%95%84%EC%8B%9C%EC%95%84","//hy.wikipedia.org/wiki/%D4%B1%D6%80%D6%87%D5%A5%D5%AC%D5%B5%D5%A1%D5%B6_%D4%B1%D5%BD%D5%AB%D5%A1","//hr.wikipedia.org/wiki/Isto%C4%8Dna_Azija","//id.wikipedia.org/wiki/Asia_Timur","//is.wikipedia.org/wiki/Austur-As%C3%ADa","//it.wikipedia.org/wiki/Asia_orientale","//he.wikipedia.org/wiki/%D7%9E%D7%96%D7%A8%D7%97_%D7%90%D7%A1%D7%99%D7%94","//jv.wikipedia.org/wiki/Asia_W%C3%A9tan","//kn.wikipedia.org/wiki/%E0%B2%AA%E0%B3%82%E0%B2%B0%E0%B3%8D%E0%B2%B5_%E0%B2%8F%E0%B2%B7%E0%B3%8D%E0%B2%AF%E0%B2%BE","//ka.wikipedia.org/wiki/%E1%83%90%E1%83%A6%E1%83%9B%E1%83%9D%E1%83%A1%E1%83%90%E1%83%95%E1%83%9A%E1%83%94%E1%83%97%E1%83%98_%E1%83%90%E1%83%96%E1%83%98%E1%83%90","//kk.wikipedia.org/wiki/%D0%A8%D1%8B%D2%93%D1%8B%D1%81_%D0%90%D0%B7%D0%B8%D1%8F","//sw.wikipedia.org/wiki/Asia_ya_Mashariki","//lad.wikipedia.org/wiki/Asya_Oryentala","//la.wikipedia.org/wiki/Asia_orientalis","//lv.wikipedia.org/wiki/Austrum%C4%81zija","//lt.wikipedia.org/wiki/Ryt%C5%B3_Azija","//hu.wikipedia.org/wiki/Kelet-%C3%81zsia","//mk.wikipedia.org/wiki/%D0%98%D1%81%D1%82%D0%BE%D1%87%D0%BD%D0%B0_%D0%90%D0%B7%D0%B8%D1%98%D0%B0","//mr.wikipedia.org/wiki/%E0%A4%AA%E0%A5%82%E0%A4%B0%E0%A5%8D%E0%A4%B5_%E0%A4%86%E0%A4%B6%E0%A4%BF%E0%A4%AF%E0%A4%BE","//ms.wikipedia.org/wiki/Asia_Timur","//mdf.wikipedia.org/wiki/%D0%A8%D0%B8%D1%81%D1%82%D1%8F%D0%BC%D0%B0_%D0%90%D0%B7%D0%B8%D1%8F","//mn.wikipedia.org/wiki/%D0%94%D0%BE%D1%80%D0%BD%D0%BE%D0%B4_%D0%90%D0%B7%D0%B8","//nl.wikipedia.org/wiki/Oost-Azi%C3%AB","//ja.wikipedia.org/wiki/%E6%9D%B1%E3%82%A2%E3%82%B8%E3%82%A2","//no.wikipedia.org/wiki/%C3%98st-Asia","//oc.wikipedia.org/wiki/Asia_de_l%27%C3%88st","//uz.wikipedia.org/wiki/Sharqiy_Osiyo","//km.wikipedia.org/wiki/%E1%9E%A2%E1%9E%B6%E1%9E%9F%E1%9F%8A%E1%9E%B8%E1%9E%81%E1%9E%B6%E1%9E%84%E1%9E%80%E1%9E%BE%E1%9E%8F","//pl.wikipedia.org/wiki/Azja_Wschodnia","//pt.wikipedia.org/wiki/%C3%81sia_Oriental","//ro.wikipedia.org/wiki/Asia_de_Est","//ru.wikipedia.org/wiki/%D0%92%D0%BE%D1%81%D1%82%D0%BE%D1%87%D0%BD%D0%B0%D1%8F_%D0%90%D0%B7%D0%B8%D1%8F","//sah.wikipedia.org/wiki/%D0%98%D0%BB%D0%B8%D0%BD_%D0%90%D0%B7%D0%B8%D1%8F","//sq.wikipedia.org/wiki/Azia_Lindore","//scn.wikipedia.org/wiki/Asia_livanti","//simple.wikipedia.org/wiki/East_Asia","//sd.wikipedia.org/wiki/%D8%A7%D9%88%DA%80%D8%B1_%D8%A7%D9%8A%D8%B4%D9%8A%D8%A7","//sk.wikipedia.org/wiki/V%C3%BDchodn%C3%A1_%C3%81zia","//sl.wikipedia.org/wiki/Vzhodna_Azija","//ckb.wikipedia.org/wiki/%DA%95%DB%86%DA%98%DA%BE%DB%95%DA%B5%D8%A7%D8%AA%DB%8C_%D8%A6%D8%A7%D8%B3%DB%8C%D8%A7","//sr.wikipedia.org/wiki/%D0%98%D1%81%D1%82%D0%BE%D1%87%D0%BD%D0%B0_%D0%90%D0%B7%D0%B8%D1%98%D0%B0","//sh.wikipedia.org/wiki/Isto%C4%8Dna_Azija","//fi.wikipedia.org/wiki/It%C3%A4-Aasia","//sv.wikipedia.org/wiki/%C3%96stasien","//tl.wikipedia.org/wiki/Silangang_Asya","//ta.wikipedia.org/wiki/%E0%AE%95%E0%AE%BF%E0%AE%B4%E0%AE%95%E0%AF%8D%E0%AE%95%E0%AE%BE%E0%AE%9A%E0%AE%BF%E0%AE%AF%E0%AE%BE","//tt.wikipedia.org/wiki/%D0%9A%D3%A9%D0%BD%D1%87%D1%8B%D0%B3%D1%8B%D1%88_%D0%90%D0%B7%D0%B8%D1%8F","//th.wikipedia.org/wiki/%E0%B9%80%E0%B8%AD%E0%B9%80%E0%B8%8A%E0%B8%B5%E0%B8%A2%E0%B8%95%E0%B8%B0%E0%B8%A7%E0%B8%B1%E0%B8%99%E0%B8%AD%E0%B8%AD%E0%B8%81","//tr.wikipedia.org/wiki/Do%C4%9Fu_Asya","//uk.wikipedia.org/wiki/%D0%A1%D1%85%D1%96%D0%B4%D0%BD%D0%B0_%D0%90%D0%B7%D1%96%D1%8F","//ur.wikipedia.org/wiki/%D9%85%D8%B4%D8%B1%D9%82%DB%8C_%D8%A7%DB%8C%D8%B4%DB%8C%D8%A7%D8%A1","//ug.wikipedia.org/wiki/%D8%B4%DB%95%D8%B1%D9%82%D9%89%D9%8A_%D8%A6%D8%A7%D8%B3%D9%89%D9%8A%D8%A7","//vi.wikipedia.org/wiki/%C4%90%C3%B4ng_%C3%81","//war.wikipedia.org/wiki/Sinirangan_nga_Asya","//wo.wikipedia.org/wiki/Penku_Asi","//wuu.wikipedia.org/wiki/%E4%B8%9C%E4%BA%9A","//yo.wikipedia.org/wiki/%C3%8Cl%C3%A0o%C3%B2r%C3%B9n_%C3%81s%C3%AD%C3%A0","//zh-yue.wikipedia.org/wiki/%E6%9D%B1%E4%BA%9E","//diq.wikipedia.org/wiki/Asyaya_Rocvet%C4%B1%C5%9Fi","//zh.wikipedia.org/wiki/%E4%B8%9C%E4%BA%9A","//www.wikidata.org/wiki/Special:ItemByTitle/enwiki/East Asia","//en.wikipedia.org/wiki/Wikipedia:Text_of_Creative_Commons_Attribution-ShareAlike_3.0_Unported_License","//creativecommons.org/licenses/by-sa/3.0/","//wikimediafoundation.org/wiki/Terms_of_Use","//www.wikimediafoundation.org/","//en.wikipedia.org/wiki/Wikipedia:Contact_us","//wikimediafoundation.org/wiki/Privacy_policy","/wiki/Wikipedia:About","/wiki/Wikipedia:General_disclaimer","http://en.m.wikipedia.org/wiki/East_Asia","//wikimediafoundation.org/","//bits.wikimedia.org/images/wikimedia-button.png","//www.mediawiki.org/","//bits.wikimedia.org/static-1.21wmf11/skins/common/images/poweredby_mediawiki_88x31.png","//bits.wikimedia.org/en.wikipedia.org/load.php?debug=false&lang=en&modules=skins.vector&only=scripts&skin=vector&*","/w/index.php?title=MediaWiki:Gadget-ReferenceTooltips.js&action=raw&ctype=text/javascript&508635914","//bits.wikimedia.org/en.wikipedia.org/load.php?debug=false&lang=en&modules=site&only=scripts&skin=vector&*"],"instances":["ppp_per_capita","political"],"pdf":[],"categories":["East Asia|","Regions of Asia","Articles containing Mongolian script text"],"headings":["History","Uses of the term East Asia","Territory and region data","Cities","See also","Notes","References","External links"],"image":["//upload.wikimedia.org/wikipedia/commons/thumb/a/ab/East_Asia_%28orthographic_projection%29.svg/200px-East_Asia_%28orthographic_projection%29.svg.png","//upload.wikimedia.org/wikipedia/commons/thumb/f/fa/Flag_of_the_People%27s_Republic_of_China.svg/22px-Flag_of_the_People%27s_Republic_of_China.svg.png","//upload.wikimedia.org/wikipedia/commons/thumb/5/5b/Flag_of_Hong_Kong.svg/22px-Flag_of_Hong_Kong.svg.png","//upload.wikimedia.org/wikipedia/commons/thumb/6/63/Flag_of_Macau.svg/22px-Flag_of_Macau.svg.png","//upload.wikimedia.org/wikipedia/en/thumb/9/9e/Flag_of_Japan.svg/22px-Flag_of_Japan.svg.png","//upload.wikimedia.org/wikipedia/commons/thumb/5/51/Flag_of_North_Korea.svg/22px-Flag_of_North_Korea.svg.png","//upload.wikimedia.org/wikipedia/commons/thumb/0/09/Flag_of_South_Korea.svg/22px-Flag_of_South_Korea.svg.png","//upload.wikimedia.org/wikipedia/commons/thumb/4/4c/Flag_of_Mongolia.svg/22px-Flag_of_Mongolia.svg.png","//upload.wikimedia.org/wikipedia/commons/thumb/7/72/Flag_of_the_Republic_of_China.svg/22px-Flag_of_the_Republic_of_China.svg.png","//upload.wikimedia.org/wikipedia/commons/thumb/f/fa/Flag_of_the_People%27s_Republic_of_China.svg/22px-Flag_of_the_People%27s_Republic_of_China.svg.png","//upload.wikimedia.org/wikipedia/en/thumb/9/9e/Flag_of_Japan.svg/22px-Flag_of_Japan.svg.png","//upload.wikimedia.org/wikipedia/commons/thumb/5/51/Flag_of_North_Korea.svg/22px-Flag_of_North_Korea.svg.png","//upload.wikimedia.org/wikipedia/commons/thumb/0/09/Flag_of_South_Korea.svg/22px-Flag_of_South_Korea.svg.png","//upload.wikimedia.org/wikipedia/commons/thumb/4/4c/Flag_of_Mongolia.svg/22px-Flag_of_Mongolia.svg.png","//upload.wikimedia.org/wikipedia/commons/thumb/7/72/Flag_of_the_Republic_of_China.svg/22px-Flag_of_the_Republic_of_China.svg.png","//upload.wikimedia.org/wikipedia/commons/thumb/0/09/Flag_of_South_Korea.svg/22px-Flag_of_South_Korea.svg.png","//upload.wikimedia.org/wikipedia/commons/thumb/f/fa/Flag_of_the_People%27s_Republic_of_China.svg/22px-Flag_of_the_People%27s_Republic_of_China.svg.png","//upload.wikimedia.org/wikipedia/commons/thumb/5/5b/Flag_of_Hong_Kong.svg/22px-Flag_of_Hong_Kong.svg.png","//upload.wikimedia.org/wikipedia/commons/thumb/0/09/Flag_of_South_Korea.svg/22px-Flag_of_South_Korea.svg.png","//upload.wikimedia.org/wikipedia/commons/thumb/7/72/Flag_of_the_Republic_of_China.svg/22px-Flag_of_the_Republic_of_China.svg.png","//upload.wikimedia.org/wikipedia/commons/thumb/6/63/Flag_of_Macau.svg/22px-Flag_of_Macau.svg.png","//upload.wikimedia.org/wikipedia/en/thumb/9/9e/Flag_of_Japan.svg/22px-Flag_of_Japan.svg.png","//upload.wikimedia.org/wikipedia/commons/thumb/7/72/Flag_of_the_Republic_of_China.svg/22px-Flag_of_the_Republic_of_China.svg.png","//upload.wikimedia.org/wikipedia/en/thumb/9/9e/Flag_of_Japan.svg/22px-Flag_of_Japan.svg.png","//upload.wikimedia.org/wikipedia/commons/thumb/f/fa/Flag_of_the_People%27s_Republic_of_China.svg/22px-Flag_of_the_People%27s_Republic_of_China.svg.png","//upload.wikimedia.org/wikipedia/commons/thumb/7/72/Flag_of_the_Republic_of_China.svg/22px-Flag_of_the_Republic_of_China.svg.png","//upload.wikimedia.org/wikipedia/commons/thumb/f/fa/Flag_of_the_People%27s_Republic_of_China.svg/22px-Flag_of_the_People%27s_Republic_of_China.svg.png","//upload.wikimedia.org/wikipedia/en/thumb/9/9e/Flag_of_Japan.svg/22px-Flag_of_Japan.svg.png","//upload.wikimedia.org/wikipedia/commons/thumb/9/9e/Zhongwen.svg/40px-Zhongwen.svg.png","//upload.wikimedia.org/wikipedia/commons/thumb/8/86/%E6%9B%B8.svg/40px-%E6%9B%B8.svg.png","//upload.wikimedia.org/wikipedia/commons/thumb/9/90/Hangul%2C_Hanja.png/40px-Hangul%2C_Hanja.png","//upload.wikimedia.org/wikipedia/commons/thumb/e/ef/LocationEastAsia.PNG/220px-LocationEastAsia.PNG","//bits.wikimedia.org/static-1.21wmf11/skins/common/images/magnify-clip.png","//upload.wikimedia.org/wikipedia/commons/thumb/6/61/Location-Asia-UNsubregions.png/225px-Location-Asia-UNsubregions.png","//bits.wikimedia.org/static-1.21wmf11/skins/common/images/magnify-clip.png","//upload.wikimedia.org/wikipedia/commons/thumb/f/fa/Flag_of_the_People%27s_Republic_of_China.svg/22px-Flag_of_the_People%27s_Republic_of_China.svg.png","//upload.wikimedia.org/wikipedia/commons/thumb/5/5b/Flag_of_Hong_Kong.svg/22px-Flag_of_Hong_Kong.svg.png","//upload.wikimedia.org/wikipedia/en/thumb/9/9e/Flag_of_Japan.svg/22px-Flag_of_Japan.svg.png","//upload.wikimedia.org/wikipedia/commons/thumb/6/63/Flag_of_Macau.svg/22px-Flag_of_Macau.svg.png","//upload.wikimedia.org/wikipedia/commons/thumb/4/4c/Flag_of_Mongolia.svg/22px-Flag_of_Mongolia.svg.png","//upload.wikimedia.org/wikipedia/commons/thumb/5/51/Flag_of_North_Korea.svg/22px-Flag_of_North_Korea.svg.png","//upload.wikimedia.org/wikipedia/commons/thumb/0/09/Flag_of_South_Korea.svg/22px-Flag_of_South_Korea.svg.png","//upload.wikimedia.org/wikipedia/commons/thumb/7/72/Flag_of_the_Republic_of_China.svg/22px-Flag_of_the_Republic_of_China.svg.png","//upload.wikimedia.org/wikipedia/commons/thumb/f/fa/Flag_of_the_People%27s_Republic_of_China.svg/22px-Flag_of_the_People%27s_Republic_of_China.svg.png","//upload.wikimedia.org/wikipedia/commons/thumb/5/5b/Flag_of_Hong_Kong.svg/22px-Flag_of_Hong_Kong.svg.png","//upload.wikimedia.org/wikipedia/en/thumb/9/9e/Flag_of_Japan.svg/22px-Flag_of_Japan.svg.png","//upload.wikimedia.org/wikipedia/commons/thumb/6/63/Flag_of_Macau.svg/22px-Flag_of_Macau.svg.png","//upload.wikimedia.org/wikipedia/commons/thumb/4/4c/Flag_of_Mongolia.svg/22px-Flag_of_Mongolia.svg.png","//upload.wikimedia.org/wikipedia/commons/thumb/5/51/Flag_of_North_Korea.svg/22px-Flag_of_North_Korea.svg.png","//upload.wikimedia.org/wikipedia/commons/thumb/0/09/Flag_of_South_Korea.svg/22px-Flag_of_South_Korea.svg.png","//upload.wikimedia.org/wikipedia/commons/thumb/7/72/Flag_of_the_Republic_of_China.svg/22px-Flag_of_the_Republic_of_China.svg.png","//upload.wikimedia.org/wikipedia/commons/thumb/3/37/Tokyo_at_night_panorama.jpg/660px-Tokyo_at_night_panorama.jpg","//upload.wikimedia.org/wikipedia/commons/thumb/e/e5/Seoul_Nightview%282009%29.jpg/660px-Seoul_Nightview%282009%29.jpg","//upload.wikimedia.org/wikipedia/commons/thumb/b/b1/Kaohsiung.jpg/489px-Kaohsiung.jpg","//upload.wikimedia.org/wikipedia/commons/thumb/b/b2/Pudong_Pano.jpg/660px-Pudong_Pano.jpg","//upload.wikimedia.org/wikipedia/commons/thumb/1/1e/Taipei_night_view_with_101.jpg/410px-Taipei_night_view_with_101.jpg","//upload.wikimedia.org/wikipedia/commons/thumb/1/15/Hong_Kong_Night_Skyline2.jpg/625px-Hong_Kong_Night_Skyline2.jpg","//bits.wikimedia.org/static-1.21wmf11/skins/common/images/magnify-clip.png","//upload.wikimedia.org/wikipedia/en/thumb/6/6b/Terrestrial_globe.svg/29px-Terrestrial_globe.svg.png","//upload.wikimedia.org/wikipedia/commons/thumb/8/80/Asia_%28orthographic_projection%29.svg/28px-Asia_%28orthographic_projection%29.svg.png","//upload.wikimedia.org/wikipedia/en/thumb/4/4a/Commons-logo.svg/30px-Commons-logo.svg.png","//upload.wikimedia.org/wikipedia/commons/thumb/f/f8/Wiktionary-logo-en.svg/37px-Wiktionary-logo-en.svg.png","//upload.wikimedia.org/wikipedia/commons/thumb/0/0f/LocationAfrica.png/60px-LocationAfrica.png","//upload.wikimedia.org/wikipedia/commons/thumb/a/a0/LocationOceania.png/60px-LocationOceania.png","//upload.wikimedia.org/wikipedia/commons/thumb/e/e9/LocationNorthAmerica.png/60px-LocationNorthAmerica.png","//upload.wikimedia.org/wikipedia/commons/thumb/0/02/LocationSouthAmerica.png/60px-LocationSouthAmerica.png","//upload.wikimedia.org/wikipedia/commons/thumb/9/9c/LocationPolarRegions.png/60px-LocationPolarRegions.png","//upload.wikimedia.org/wikipedia/commons/thumb/4/49/LocationAsia.svg/60px-LocationAsia.svg.png","//upload.wikimedia.org/wikipedia/commons/thumb/d/df/LocationOceans.png/60px-LocationOceans.png","//upload.wikimedia.org/wikipedia/commons/thumb/e/e9/LocationEurope.png/60px-LocationEurope.png","//upload.wikimedia.org/wikipedia/commons/thumb/d/df/LocationOceans.png/60px-LocationOceans.png","//bits.wikimedia.org/static-1.21wmf11/skins/vector/images/search-ltr.png?303-4","//bits.wikimedia.org/images/wikimedia-button.png","//bits.wikimedia.org/static-1.21wmf11/skins/common/images/poweredby_mediawiki_88x31.png"],"tags":[["capital","political"],["list_of_countries_by_gdp","nominal"],["list_of_countries_by_gdp","nominal_per_capita"],["list_of_countries_by_gdp","ppp"],["list_of_countries_by_gdp","ppp_per_capita"]],"members":["list_of_countries_by_gdp","capital"],"related":["China","Hong_Kong","Macau","Japan","North_Korea","South_Korea","Taiwan","Vietnam","List_of_countries_and_outlying_territories_by_total_area","List_of_countries_by_population","China","Chinese_language","Japanese_language","Korean_language","Mongolian_language","Languages_of_East_Asia","Beijing","Tokyo","Pyongyang","Seoul","Ulaanbaatar","Taipei","Busan","Guangzhou","Incheon","Kaohsiung","Nagoya","New_Taipei","Osaka","Shanghai","Taichung","Tianjin","Yokohama","United_Nations","Subregion","Asia","Geography","Cultural","Continent","Europe","Overpopulation","Population_density","Mongolia","List_of_sovereign_states_and_dependent_territories_by_population_density","UN_subregion","South_Asia","Sinosphere","Classical_Chinese","Chinese_character","Northeast_Asia","Japan","Korea","Religions","Buddhism","Mahayana_Buddhism","Confucianism","Neo-Confucianism","Taoism","Chinese_folk_religion","Shinto","Japan","Taoism","Taiwan","Shamanism","Korea","Mongolia","Christianity_in_South_Korea","Chinese_Calendar","Calendar","Han_Dynasty","Tribute","North_Korea","South_Korea","Taiwan","United_Nations","China","Britannica_Online_Encyclopedia","Japan","North_Korea","South_Korea","Mongolia","Taiwan","Taiwan","Sovereignty","Political_status_of_Taiwan","Culture_of_China","Culture_of_Japan","Culture_of_Korea","Culture_of_Taiwan","Culture_of_Vietnam","Vietnam","Southeast_Asia","Sinosphere","Southeast_Asia","People's_Republic_of_China","Siberia","Russia","North_Asia","ASEAN","People's_Republic_of_China","Japan","South_Korea","Taiwan","ASEAN","Far_East","Europe","Asia-Pacific","Oceania","United_Nations","Northeast_Asia","Southeast_Asia","ASEAN","Council_on_Foreign_Relations","Japan","Korea","Country","List_of_countries_by_area","List_of_countries_by_population","List_of_countries_by_population_density","List_of_countries_by_Human_Development_Index","Capital_(political)","Beijing","Hong_Kong","Tokyo","Macau","Ulaanbaatar","Pyongyang","Seoul","Taipei","Country","List_of_countries_by_GDP_(nominal)","List_of_countries_by_GDP_(nominal)_per_capita","List_of_countries_by_GDP_(PPP)","List_of_countries_by_GDP_(PPP)_per_capita","Tokyo","List_of_metropolitan_areas_by_population","Seoul","Kaohsiung","Kaohsiung_Harbor","Shanghai","Taipei","Republic_of_China","Taiwan","Taipei_101","Hong_Kong","Pearl_River_Delta","South_China_Sea","Financial_centre","Pacific_Ocean","China","Japan","Philippine_Sea","Guam","New_Zealand","Lightning","Light","East_Asia_Summit","East_Asian_Community","East_Asian_Games","East_Asian_studies","East_Asian_languages","East_Asian_calligraphy","Four_Asian_Tigers","Sinosphere","China–Japan–South_Korea_trilateral_summit"]}