{"cursor":"1447","size":15,"audio":[],"currentlang":"en","article":"'Thomas Parker' may refer to:\n","linknr":95,"url":"Thomas_Parker_(disambiguation)","recorded":1363545456,"links":["/w/index.php?title=Thomas_Parker&action=edit","/w/index.php?title=Thomas_Parker&action=edit","//en.wikipedia.org/apple-touch-icon.png","//bits.wikimedia.org/favicon/wikipedia.ico","/w/opensearch_desc.php","//en.wikipedia.org/w/api.php?action=rsd","//creativecommons.org/licenses/by-sa/3.0/","/w/index.php?title=Special:RecentChanges&feed=atom","/wiki/Thomas_Parker","//bits.wikimedia.org/en.wikipedia.org/load.php?debug=false&lang=en&modules=ext.gadget.DRN-wizard%2CReferenceTooltips%2Ccharinsert%2Cteahouse%7Cext.wikihiero%7Cmediawiki.legacy.commonPrint%2Cshared%7Cmw.PopUpMediaTransform%7Cskins.vector&only=styles&skin=vector&*","//bits.wikimedia.org/en.wikipedia.org/load.php?debug=false&lang=en&modules=site&only=styles&skin=vector&*","//bits.wikimedia.org/en.wikipedia.org/load.php?debug=false&lang=en&modules=startup&only=scripts&skin=vector&*","//bits.wikimedia.org/geoiplookup","//meta.wikimedia.org","/w/index.php?title=Thomas_Parker_(disambiguation)&redirect=no","#mw-head","#p-search","/w/index.php?title=Thomas_Parker&action=edit&section=1","/wiki/Thomas_Parker_(died_1570)","/w/index.php?title=Thomas_Parker_(died_1558)&action=edit&redlink=1","/wiki/Cricklade_(UK_Parliament_constituency)","/w/index.php?title=Thomas_Parker_(died_1580)&action=edit&redlink=1","/wiki/East_Grinstead_(UK_Parliament_constituency)","/wiki/Thomas_Parker,_1st_Earl_of_Macclesfield","/wiki/Thomas_Parker,_6th_Earl_of_Macclesfield","/wiki/Thomas_Sutherland_Parker","/w/index.php?title=Thomas_Parker&action=edit&section=2","/wiki/Thomas_Parker_(minister)","/wiki/Thomas_Parker_(deacon)","/wiki/Thomas_Parker_(judge)","/wiki/Thomas_Parker_(soldier)","/wiki/Thomas_Parker_(engineer)","/wiki/Thomas_Jeffery_Parker","/w/index.php?title=Thomas_Parker_(district_attorney)&action=edit&redlink=1","/wiki/List_of_people_from_Charleston,_South_Carolina","/w/index.php?title=Thomas_Parker&action=edit&section=3","/wiki/Tommy_Parker","/wiki/Tom_Parker_(disambiguation)","/wiki/File:Disambig_gray.svg","//upload.wikimedia.org/wikipedia/en/thumb/5/5f/Disambig_gray.svg/30px-Disambig_gray.svg.png","/wiki/Help:Disambiguation","//en.wikipedia.org/w/index.php?title=Special:Whatlinkshere/Thomas_Parker&namespace=0","http://en.wikipedia.org/w/index.php?title=Thomas_Parker&oldid=500057971","/wiki/Help:Categories","/wiki/Category:Human_name_disambiguation_pages","/wiki/Category:All_article_disambiguation_pages","/wiki/Category:All_disambiguation_pages","/w/index.php?title=Special:UserLogin&returnto=Thomas+Parker&type=signup","/w/index.php?title=Special:UserLogin&returnto=Thomas+Parker","/wiki/Thomas_Parker","/wiki/Talk:Thomas_Parker","#","/wiki/Thomas_Parker","/w/index.php?title=Thomas_Parker&action=edit","/w/index.php?title=Thomas_Parker&action=history","#","/w/index.php","//bits.wikimedia.org/static-1.21wmf11/skins/vector/images/search-ltr.png?303-4","/wiki/Main_Page","/wiki/Main_Page","/wiki/Portal:Contents","/wiki/Portal:Featured_content","/wiki/Portal:Current_events","/wiki/Special:Random","//donate.wikimedia.org/wiki/Special:FundraiserRedirector?utm_source=donate&utm_medium=sidebar&utm_campaign=C13_en.wikipedia.org&uselang=en","/wiki/Help:Contents","/wiki/Wikipedia:About","/wiki/Wikipedia:Community_portal","/wiki/Special:RecentChanges","/wiki/Wikipedia:Contact_us","/wiki/Special:WhatLinksHere/Thomas_Parker","/wiki/Special:RecentChangesLinked/Thomas_Parker","/wiki/Wikipedia:File_Upload_Wizard","/wiki/Special:SpecialPages","/w/index.php?title=Thomas_Parker&oldid=500057971","/w/index.php?title=Thomas_Parker&action=info","/w/index.php?title=Special:Cite&page=Thomas_Parker&id=500057971","/w/index.php?title=Special:Book&bookcmd=book_creator&referer=Thomas+Parker","/w/index.php?title=Special:Book&bookcmd=render_article&arttitle=Thomas+Parker&oldid=500057971&writer=rl","/w/index.php?title=Thomas_Parker&printable=yes","//en.wikipedia.org/wiki/Wikipedia:Text_of_Creative_Commons_Attribution-ShareAlike_3.0_Unported_License","//creativecommons.org/licenses/by-sa/3.0/","//wikimediafoundation.org/wiki/Terms_of_Use","//www.wikimediafoundation.org/","//en.wikipedia.org/wiki/Wikipedia:Contact_us","//wikimediafoundation.org/wiki/Privacy_policy","/wiki/Wikipedia:About","/wiki/Wikipedia:General_disclaimer","http://en.m.wikipedia.org/wiki/Thomas_Parker","//wikimediafoundation.org/","//bits.wikimedia.org/images/wikimedia-button.png","//www.mediawiki.org/","//bits.wikimedia.org/static-1.21wmf11/skins/common/images/poweredby_mediawiki_88x31.png","//bits.wikimedia.org/en.wikipedia.org/load.php?debug=false&lang=en&modules=skins.vector&only=scripts&skin=vector&*","/w/index.php?title=MediaWiki:Gadget-ReferenceTooltips.js&action=raw&ctype=text/javascript&508635914","//bits.wikimedia.org/en.wikipedia.org/load.php?debug=false&lang=en&modules=site&only=scripts&skin=vector&*"],"instances":["uk_parliament_constituency","uk_parliament_constituency","district_attorney","disambiguation"],"pdf":[],"categories":[],"headings":["Politicians","Others","See also"],"image":["//upload.wikimedia.org/wikipedia/en/thumb/5/5f/Disambig_gray.svg/30px-Disambig_gray.svg.png","//bits.wikimedia.org/static-1.21wmf11/skins/vector/images/search-ltr.png?303-4","//bits.wikimedia.org/images/wikimedia-button.png","//bits.wikimedia.org/static-1.21wmf11/skins/common/images/poweredby_mediawiki_88x31.png"],"tags":[["thomas_parker","died_1570"],["thomas_parker","died_1558"],["cricklade","uk_parliament_constituency"],["thomas_parker","died_1580"],["east_grinstead","uk_parliament_constituency"],["thomas_parker","minister"],["thomas_parker","deacon"],["thomas_parker","judge"],["thomas_parker","soldier"],["thomas_parker","engineer"],["thomas_parker","district_attorney"],["tom_parker","disambiguation"]],"members":["east_grinstead","cricklade","thomas_parker","tom_parker"],"related":["Thomas_Parker_(died_1570)","Thomas_Parker_(died_1558)","Cricklade_(UK_Parliament_constituency)","Thomas_Parker_(died_1580)","East_Grinstead_(UK_Parliament_constituency)","Thomas_Parker,_1st_Earl_of_Macclesfield","Thomas_Parker,_6th_Earl_of_Macclesfield","Thomas_Sutherland_Parker","Thomas_Parker_(minister)","Thomas_Parker_(deacon)","Thomas_Parker_(judge)","Thomas_Parker_(soldier)","Thomas_Parker_(engineer)","Thomas_Jeffery_Parker","Thomas_Parker_(district_attorney)","List_of_people_from_Charleston,_South_Carolina","Tommy_Parker","Tom_Parker_(disambiguation)"]}