{"cursor":"4237","size":15,"audio":[],"currentlang":"en","article":"n bayonet, with a prominent fuller]] Rifle No. 5 Mk I \"Jungle Carbine\", with\nprominent fuller]]\n\nA 'fuller' is a rounded or beveled groove or slot in the flat side of a blade\n(e.g. a sword, knife, or bayonet). A fuller is often used to lighten the\nblade, much in the way that an I-beam shape allows a given amount of strength\nto be achieved with less material. Longer knives or bayonets intended as\noffensive weapons may employ fullers (also incorrectly known as 'blood\ngrooves' or 'blood letters') to lighten the blade while maintaining its\nstrength. When combined with proper distal tapers, heat treatment and blade\ntempering, a fullered blade can be 20% to 35% lighter than a non-fullered\nblade without any sacrifice of strength or blade integrity. This effect\nlessens as the blade is reduced in length. Short bladed knives may employ\nfullers simply for their aesthetic effect.\n","linknr":125,"url":"Fuller_(weapon)","recorded":1364220121,"links":["/w/index.php?title=Fuller_(weapon)&action=edit","/w/index.php?title=Fuller_(weapon)&action=edit","//en.wikipedia.org/apple-touch-icon.png","//bits.wikimedia.org/favicon/wikipedia.ico","/w/opensearch_desc.php","//en.wikipedia.org/w/api.php?action=rsd","//creativecommons.org/licenses/by-sa/3.0/","/w/index.php?title=Special:RecentChanges&feed=atom","//bits.wikimedia.org/en.wikipedia.org/load.php?debug=false&lang=en&modules=ext.gadget.DRN-wizard%2CReferenceTooltips%2Ccharinsert%2Cteahouse%7Cext.wikihiero%7Cmediawiki.legacy.commonPrint%2Cshared%7Cmw.PopUpMediaTransform%7Cskins.vector&only=styles&skin=vector&*","//bits.wikimedia.org/en.wikipedia.org/load.php?debug=false&lang=en&modules=site&only=styles&skin=vector&*","//bits.wikimedia.org/en.wikipedia.org/load.php?debug=false&lang=en&modules=startup&only=scripts&skin=vector&*","//bits.wikimedia.org/geoiplookup","//meta.wikimedia.org","#mw-head","#p-search","/wiki/File:Prussian_bayonet_clean.jpg","//upload.wikimedia.org/wikipedia/commons/thumb/7/75/Prussian_bayonet_clean.jpg/340px-Prussian_bayonet_clean.jpg","/wiki/File:Prussian_bayonet_clean.jpg","//bits.wikimedia.org/static-1.21wmf10/skins/common/images/magnify-clip.png","/wiki/Prussia","/wiki/Bayonet","/wiki/File:Jungle_carbine_bayonet.jpg","//upload.wikimedia.org/wikipedia/commons/thumb/a/a2/Jungle_carbine_bayonet.jpg/220px-Jungle_carbine_bayonet.jpg","/wiki/File:Jungle_carbine_bayonet.jpg","//bits.wikimedia.org/static-1.21wmf10/skins/common/images/magnify-clip.png","/wiki/Lee-Enfield","/wiki/Jungle_Carbine","/wiki/Sword","/wiki/Knife","/wiki/Bayonet","/wiki/Blade","/wiki/I-beam","/wiki/Misnomer","#Physics","#Japanese_blades","#The_kukri","#References","/w/index.php?title=Fuller_(weapon)&action=edit&section=1","/wiki/File:Internal_Forces_and_Stresses_from_Bending.png","//upload.wikimedia.org/wikipedia/commons/3/3a/Internal_Forces_and_Stresses_from_Bending.png","/wiki/Bending","/wiki/Stress_(physics)","/wiki/Lever","/wiki/Stiffness","/wiki/I-beam","/w/index.php?title=Fuller_(weapon)&action=edit&section=2","/wiki/Japan","/wiki/Bladesmith#Japanese","/wiki/File:KA-BAR.jpg","//upload.wikimedia.org/wikipedia/commons/thumb/9/9c/KA-BAR.jpg/200px-KA-BAR.jpg","/wiki/File:KA-BAR.jpg","//bits.wikimedia.org/static-1.21wmf10/skins/common/images/magnify-clip.png","/wiki/Ka-Bar","/wiki/Katana","/wiki/Tant%C5%8D","/wiki/Leaf","/wiki/Iris_(plant)","/wiki/Naginata","/w/index.php?title=Fuller_(weapon)&action=edit&section=3","/wiki/Nepal","/wiki/Kukri","/wiki/Grind","#cite_note-1","/w/index.php?title=Fuller_(weapon)&action=edit&section=4","#cite_ref-1","http://www.himalayan-imports.com/Construction.html","http://www.agrussell.com/Articles/a/106/","http://www.himalayan-imports.com/Construction.html","http://en.wikipedia.org/w/index.php?title=Fuller_(weapon)&oldid=541144418","/wiki/Help:Categories","/wiki/Category:Blade_weapons","/w/index.php?title=Special:UserLogin&returnto=Fuller+%28weapon%29&type=signup","/w/index.php?title=Special:UserLogin&returnto=Fuller+%28weapon%29","/wiki/Fuller_(weapon)","/wiki/Talk:Fuller_(weapon)","#","/wiki/Fuller_(weapon)","/w/index.php?title=Fuller_(weapon)&action=edit","/w/index.php?title=Fuller_(weapon)&action=history","#","/w/index.php","//bits.wikimedia.org/static-1.21wmf11/skins/vector/images/search-ltr.png?303-4","/wiki/Main_Page","/wiki/Main_Page","/wiki/Portal:Contents","/wiki/Portal:Featured_content","/wiki/Portal:Current_events","/wiki/Special:Random","//donate.wikimedia.org/wiki/Special:FundraiserRedirector?utm_source=donate&utm_medium=sidebar&utm_campaign=C13_en.wikipedia.org&uselang=en","/wiki/Help:Contents","/wiki/Wikipedia:About","/wiki/Wikipedia:Community_portal","/wiki/Special:RecentChanges","/wiki/Wikipedia:Contact_us","/wiki/Special:WhatLinksHere/Fuller_(weapon)","/wiki/Special:RecentChangesLinked/Fuller_(weapon)","/wiki/Wikipedia:File_Upload_Wizard","/wiki/Special:SpecialPages","/w/index.php?title=Fuller_(weapon)&oldid=541144418","/w/index.php?title=Fuller_(weapon)&action=info","/w/index.php?title=Special:Cite&page=Fuller_%28weapon%29&id=541144418","/w/index.php?title=Special:Book&bookcmd=book_creator&referer=Fuller+%28weapon%29","/w/index.php?title=Special:Book&bookcmd=render_article&arttitle=Fuller+%28weapon%29&oldid=541144418&writer=rl","/w/index.php?title=Fuller_(weapon)&printable=yes","//de.wikipedia.org/wiki/Hohlkehle_(Klingenwaffe)","//fr.wikipedia.org/wiki/Goutti%C3%A8re_(coutellerie)","//pl.wikipedia.org/wiki/Zbrocze","//ru.wikipedia.org/wiki/%D0%94%D0%BE%D0%BB","//zh.wikipedia.org/wiki/%E8%A1%80%E6%A7%BD","//www.wikidata.org/wiki/Special:ItemByTitle/enwiki/Fuller (weapon)","//en.wikipedia.org/wiki/Wikipedia:Text_of_Creative_Commons_Attribution-ShareAlike_3.0_Unported_License","//creativecommons.org/licenses/by-sa/3.0/","//wikimediafoundation.org/wiki/Terms_of_Use","//www.wikimediafoundation.org/","//en.wikipedia.org/wiki/Wikipedia:Contact_us","//wikimediafoundation.org/wiki/Privacy_policy","/wiki/Wikipedia:About","/wiki/Wikipedia:General_disclaimer","http://en.m.wikipedia.org/wiki/Fuller_(weapon)","//wikimediafoundation.org/","//bits.wikimedia.org/images/wikimedia-button.png","//www.mediawiki.org/","//bits.wikimedia.org/static-1.21wmf11/skins/common/images/poweredby_mediawiki_88x31.png","//bits.wikimedia.org/en.wikipedia.org/load.php?debug=false&lang=en&modules=skins.vector&only=scripts&skin=vector&*","/w/index.php?title=MediaWiki:Gadget-ReferenceTooltips.js&action=raw&ctype=text/javascript&508635914","//bits.wikimedia.org/en.wikipedia.org/load.php?debug=false&lang=en&modules=site&only=scripts&skin=vector&*"],"instances":["physics","plant"],"pdf":[],"categories":["Blade weapons"],"headings":["Physics","Japanese blades","The kukri","References"],"image":["//upload.wikimedia.org/wikipedia/commons/thumb/7/75/Prussian_bayonet_clean.jpg/340px-Prussian_bayonet_clean.jpg","//bits.wikimedia.org/static-1.21wmf10/skins/common/images/magnify-clip.png","//upload.wikimedia.org/wikipedia/commons/thumb/a/a2/Jungle_carbine_bayonet.jpg/220px-Jungle_carbine_bayonet.jpg","//bits.wikimedia.org/static-1.21wmf10/skins/common/images/magnify-clip.png","//upload.wikimedia.org/wikipedia/commons/3/3a/Internal_Forces_and_Stresses_from_Bending.png","//upload.wikimedia.org/wikipedia/commons/thumb/9/9c/KA-BAR.jpg/200px-KA-BAR.jpg","//bits.wikimedia.org/static-1.21wmf10/skins/common/images/magnify-clip.png","//bits.wikimedia.org/static-1.21wmf11/skins/vector/images/search-ltr.png?303-4","//bits.wikimedia.org/images/wikimedia-button.png","//bits.wikimedia.org/static-1.21wmf11/skins/common/images/poweredby_mediawiki_88x31.png"],"tags":[["stress","physics"],["iris","plant"]],"members":["stress","iris"],"related":["Bayonet","Jungle_Carbine","Sword","Knife","Bayonet","Blade","I-beam","Misnomer","Bending","Stress_(physics)","Lever","Stiffness","I-beam","Japan","Katana","Tantō","Leaf","Iris_(plant)","Naginata","Nepal","Kukri","Grind"]}