{"cursor":"693","size":15,"audio":[],"currentlang":"en","article":"An 'aglycone' is the non-sugar compound remaining after replacement of the\nglycosyl group from a glycoside by a hydrogen atom. The spelling 'aglycon' is\nsometimes encountered . http://www.chem.qmul.ac.uk/iupac/2carb/33.html\n\nFor example, the aglycone of a cardiac glycoside would be a steroid molecule.\n\nClasses of phytochemicals found in the aglycone and glycosides forms :\n* Polyphenols\n","linknr":99,"url":"Aglycone","recorded":1362556571,"links":22,"instances":[],"pdf":[],"categories":["Carbohydrate chemistry","Glycoside aglycones"],"headings":["See also","References"],"image":["//upload.wikimedia.org/wikipedia/commons/thumb/f/ff/AlphaHelixSection.svg/40px-AlphaHelixSection.svg.png","//bits.wikimedia.org/static-1.21wmf10/skins/vector/images/search-ltr.png?303-4","//bits.wikimedia.org/images/wikimedia-button.png","//bits.wikimedia.org/static-1.21wmf10/skins/common/images/poweredby_mediawiki_88x31.png"],"tags":[],"members":[],"related":["Glycosyl","Glycoside","Cardiac_glycoside","Steroid","Polyphenol","Glycone","Glycoside","Glucoside"]}