{"cursor":"33497","size":15,"audio":["//upload.wikimedia.org/wikipedia/commons/e/e4/Hajj.ogg"],"currentlang":"en","article":"{{Infobox mosque\n| name = Kaaba image = Kabaa.jpg latitude = 21.4224945 longitude = 39.8262013\n| location = Mecca (Makkah), al-Hejaz, Saudi Arabia year = length = width = area\n| = totalarea = height = tradition = Islam\n}}\n\n\n\nThe 'Kaaba' (}} {{transl|ar|DIN|al-KaÊ¿bah}} , \"The Cube\"), also known as {{transl|ar|DIN|al-\nKaÊ¿bah l-MuÅ¡arrafah}} (; \"'The Noble Cube'\"), {{transl|ar|DIN|al-Baytu l-Ê¿AtÄ«q}}\n(; \"'The Primordial House'\"), or {{transl|ar|DIN|al-Baytu l-á¸¤arÄm}} (; \"'The\nSacred/Forbidden House'\") is a cuboid building in Mecca, Saudi Arabia, and is\none of the most sacred sites in Islam. Wensinck, A. J; Ka`ba.\nEncyclopaedia of Islam IV p. 317\n\nMasjid al-Haram, the most sacred mosque (masjid) in Islam, is built around the\nKaaba. Muslims are expected to face the Kaaba during prayers, no matter where\nthey are. From any given point in the world, the direction facing the Kaaba is\ncalled the Qiblah.\n\nOne of the Five Pillars of Islam requires every Muslim to perform the Hajj\npilgrimage at least once in his or her lifetime if able to do so. Multiple parts\nof the Hajj require pilgrims to walk seven times around the Kaaba in a counter-\nclockwise direction (as viewed from above). This circumambulation, the Tawaf, is\nalso performed by pilgrims during the Umrah (lesser pilgrimage). However, the most dramatic times are during the Hajj, when about\n6 million pilgrims gather to circle the building on the same\nday.\n","linknr":631,"url":"Kaaba","recorded":1364052322,"links":["/w/index.php?title=Kaaba&action=edit","/w/index.php?title=Kaaba&action=edit","//en.wikipedia.org/apple-touch-icon.png","//bits.wikimedia.org/favicon/wikipedia.ico","/w/opensearch_desc.php","//en.wikipedia.org/w/api.php?action=rsd","//creativecommons.org/licenses/by-sa/3.0/","/w/index.php?title=Special:RecentChanges&feed=atom","//bits.wikimedia.org/en.wikipedia.org/load.php?debug=false&lang=en&modules=ext.gadget.DRN-wizard%2CReferenceTooltips%2Ccharinsert%2Cteahouse%7Cext.wikihiero%7Cmediawiki.legacy.commonPrint%2Cshared%7Cmw.PopUpMediaTransform%7Cskins.vector&only=styles&skin=vector&*","//bits.wikimedia.org/en.wikipedia.org/load.php?debug=false&lang=en&modules=site&only=styles&skin=vector&*","//bits.wikimedia.org/en.wikipedia.org/load.php?debug=false&lang=en&modules=startup&only=scripts&skin=vector&*","//bits.wikimedia.org/geoiplookup","//meta.wikimedia.org","#mw-head","#p-search","/wiki/File:Kabaa.jpg","//upload.wikimedia.org/wikipedia/commons/thumb/e/e2/Kabaa.jpg/265px-Kabaa.jpg","/wiki/Geographic_coordinate_system","http://toolserver.org/~geohack/geohack.php?pagename=Kaaba&params=21.4224945_N_39.8262013_E_type:landmark","/wiki/Geographic_coordinate_system","http://toolserver.org/~geohack/geohack.php?pagename=Kaaba&params=21.4224945_N_39.8262013_E_type:landmark","/wiki/Mecca","/wiki/Al-Hejaz","/wiki/Saudi_Arabia","/wiki/Islamic_schools_and_branches","/wiki/Islam","/wiki/Islam","/wiki/File:Allah-eser-green.png","//upload.wikimedia.org/wikipedia/commons/thumb/c/c2/Allah-eser-green.png/180px-Allah-eser-green.png","/wiki/Iman_(concept)","/wiki/Tawhid","/wiki/God_in_Islam","/wiki/Prophets_in_Islam","/wiki/Islamic_holy_books","/wiki/Angels_in_Islam","/wiki/Predestination_in_Islam","/wiki/Islamic_view_of_the_Last_Judgment","/wiki/Five_Pillars_of_Islam","/wiki/Shahada","/wiki/Salah","/wiki/Sawm","/wiki/Zak%C4%81t","/wiki/Hajj","/wiki/List_of_Islamic_texts","/wiki/Sharia","/wiki/Quran","/wiki/Sunnah","/wiki/Hadith","/wiki/Fiqh","/wiki/Sharia","/wiki/Kalam","/wiki/Muslim_history","/wiki/Islamic_religious_leaders","/wiki/Timeline_of_Muslim_history","/wiki/Muhammad","/wiki/Ahl_al-Bayt","/wiki/Sahaba","/wiki/Rashidun","/wiki/Imamah_(Shia_doctrine)","/wiki/Caliphate","/wiki/Spread_of_Islam","/wiki/Islamic_schools_and_branches","/wiki/Sunni_Islam","/wiki/Shia_Islam","/wiki/Sufism","/wiki/Ibadi","/wiki/Ahmadiyya","/wiki/Quranism","/wiki/Nation_of_Islam","/wiki/Liberal_Islam","/wiki/Islamic_culture","/wiki/Muslim_world","/wiki/Islamic_studies","/wiki/Islam_and_animals","/wiki/Islamic_art","/wiki/Islamic_calendar","/wiki/Islam_and_children","/wiki/Dawah","/wiki/Islam_by_country","/wiki/Muslim_holidays","/wiki/Mosque","/wiki/Islamic_philosophy","/wiki/Political_aspects_of_Islam","/wiki/Islam_and_science","/wiki/Women_in_Islam","/wiki/Category:Islam","/wiki/Islam_and_other_religions","/wiki/Islamism","/wiki/Criticism_of_Islam","/wiki/Islamophobia","/wiki/Glossary_of_Islam","//upload.wikimedia.org/wikipedia/commons/thumb/4/4e/Allah-green.svg/15px-Allah-green.svg.png","/wiki/Portal:Islam","/wiki/Template:Islam","/wiki/Template_talk:Islam","//en.wikipedia.org/w/index.php?title=Template:Islam&action=edit","/wiki/Arabic_language","/wiki/Wikipedia:IPA_for_Arabic","/wiki/Cuboid","/wiki/Mecca","/wiki/Saudi_Arabia","/wiki/List_of_significant_religious_sites#Islam","/wiki/Islam","#cite_note-eoi317-1","/wiki/Masjid_al-Haram","/wiki/Mosque","/wiki/Muslim","/wiki/Salat","/wiki/Qiblah","/wiki/Five_Pillars_of_Islam","/wiki/Hajj","/wiki/Circumambulation","/wiki/Tawaf","/wiki/Umrah","#cite_note-eoi317-1","#cite_note-2","#cite_note-3","#Architecture","#Religious_significance","#Qibla","#Pilgrimage","#History","#Pre-Islamic_era","#Construction_by_Abraham_and_Ishmael","#Muhammad_era","#After_Muhammad","#Cleaning","#Notes","#References","#External_links","/w/index.php?title=Kaaba&action=edit&section=1","/wiki/Masjid_al_Haram","/wiki/Granite","/wiki/Marble","#cite_note-eoi317-1","#cite_note-4","#cite_note-eq76-5","/wiki/Black_Stone","/wiki/Oil_lamp","/wiki/Crucible","/wiki/Censer","/wiki/File:Kaaba.png","//upload.wikimedia.org/wikipedia/commons/thumb/1/1a/Kaaba.png/220px-Kaaba.png","/wiki/File:Kaaba.png","//bits.wikimedia.org/static-1.21wmf11/skins/common/images/magnify-clip.png","/wiki/File:Kaaba-plan.svg","//upload.wikimedia.org/wikipedia/commons/thumb/b/ba/Kaaba-plan.svg/220px-Kaaba-plan.svg.png","/wiki/File:Kaaba-plan.svg","//bits.wikimedia.org/static-1.21wmf11/skins/common/images/magnify-clip.png","/wiki/File:Kaaba_mirror_edit_jj.jpg","//upload.wikimedia.org/wikipedia/commons/thumb/f/f3/Kaaba_mirror_edit_jj.jpg/220px-Kaaba_mirror_edit_jj.jpg","/wiki/File:Kaaba_mirror_edit_jj.jpg","//bits.wikimedia.org/static-1.21wmf11/skins/common/images/magnify-clip.png","#cite_note-eoi317-1","#cite_note-eq76-5","/wiki/Cardinal_direction","/wiki/Compass","#cite_note-eoi317-1","/wiki/Canopus","/wiki/Summer_solstice","/wiki/Winter_solstice","#cite_note-6","#cite_note-7","#cite_note-eoi317-1","/wiki/Ahmad_bin_Ibrahim_Badr","#cite_note-8","/wiki/Zamzam_Well","/wiki/Hagar_(Bible)","#cite_note-eoi317-1","#cite_note-9","/wiki/Yemen","/wiki/Syria","/wiki/Iraq","/wiki/Kiswa","#cite_note-10","#cite_note-11","/wiki/Shahada","/wiki/Gabriel","#cite_note-12","/w/index.php?title=Kaaba&action=edit&section=2","/wiki/File:Al-Haram_mosque_-_Flickr_-_Al_Jazeera_English.jpg","//upload.wikimedia.org/wikipedia/commons/thumb/9/92/Al-Haram_mosque_-_Flickr_-_Al_Jazeera_English.jpg/220px-Al-Haram_mosque_-_Flickr_-_Al_Jazeera_English.jpg","/wiki/File:Al-Haram_mosque_-_Flickr_-_Al_Jazeera_English.jpg","//bits.wikimedia.org/static-1.21wmf11/skins/common/images/magnify-clip.png","/w/index.php?title=Kaaba&action=edit&section=3","/wiki/Qibla","/wiki/Quran","http://www.usc.edu/org/cmje/religious-texts/quran/verses/002-qmt.php#002.143","/w/index.php?title=Kaaba&action=edit&section=4","/wiki/Hajj","/wiki/Umrah","#cite_note-AtoZ-13","/wiki/Dhu_al-Hijjah","/wiki/Islamic_calendar","/wiki/Al-Safa_and_Al-Marwah","/wiki/Al-Safa_and_Al-Marwah","/wiki/Muhammad","/w/index.php?title=Kaaba&action=edit&section=5","/wiki/File:Masjid_al-Haram_1.jpg","//upload.wikimedia.org/wikipedia/commons/thumb/f/f7/Masjid_al-Haram_1.jpg/220px-Masjid_al-Haram_1.jpg","/wiki/File:Masjid_al-Haram_1.jpg","//bits.wikimedia.org/static-1.21wmf11/skins/common/images/magnify-clip.png","/wiki/Ibrahim","/w/index.php?title=Kaaba&action=edit&section=6","/wiki/Pre-Islamic_Arabia","/wiki/Jahiliyyah","/wiki/Pre-Islamic_Arabia","#cite_note-14","/wiki/Encyclopedia_of_Islam","/wiki/Ptolemy","#cite_note-eoi318-15","/wiki/Quraysh_(tribe)","/wiki/Kinanah","/wiki/Bedouin","#cite_note-16","/wiki/Zamzam_Well","/wiki/Karen_Armstrong","/wiki/Hubal","/wiki/Nabatean","#cite_note-armstrong-17","#cite_note-18","/w/index.php?title=Ghaiman&action=edit&redlink=1","/w/index.php?title=Tabala_(Arabia)&action=edit&redlink=1","/wiki/Fetishism","#cite_note-19","#cite_note-20","#cite_note-21","/wiki/Qahtan","/wiki/Hijaz","/wiki/Divination","#cite_note-22","#cite_note-23","/wiki/Edward_Gibbon","/wiki/Diodorus_Siculus","/wiki/The_History_of_the_Decline_and_Fall_of_the_Roman_Empire","/wiki/Stadion_(unit_of_length)","/wiki/Diodorus_Siculus","/wiki/Nabataeans","/wiki/Tabuk_Province","#cite_note-24","/wiki/Patricia_Crone","/wiki/History_of_Yemen","#cite_note-25","#cite_note-26","/wiki/Gustave_E._von_Grunebaum","/wiki/Spice_trade","/wiki/Procopius","/wiki/Nonnosus","#cite_note-27","/wiki/Encyclop%C3%A6dia_Britannica","#cite_note-28","/wiki/Germany","/wiki/Arabian","/wiki/Ethiopia","#cite_note-eoi318-15","/w/index.php?title=Kaaba&action=edit&section=7","/wiki/File:Kaba01.jpg","//upload.wikimedia.org/wikipedia/en/thumb/d/da/Kaba01.jpg/220px-Kaba01.jpg","/wiki/File:Kaba01.jpg","//bits.wikimedia.org/static-1.21wmf11/skins/common/images/magnify-clip.png","/wiki/Ishmael","/wiki/Quran","http://www.usc.edu/org/cmje/religious-texts/quran/verses/002-qmt.php#002.127","/wiki/God","/wiki/Well_of_Zamzam","#cite_note-29","/wiki/Angel","/wiki/Heaven","#cite_note-ReferenceA-30","#cite_note-31","/wiki/Quran","http://www.usc.edu/org/cmje/religious-texts/quran/verses/022-qmt.php#022.027","/wiki/Isaac","#cite_note-ReferenceA-30","/wiki/Solomon%27s_Temple","/wiki/Jerusalem","#cite_note-ReferenceA-30","#cite_note-ReferenceA-30","/wiki/Samaritan","/wiki/Samaritan","/w/index.php?title=%E2%80%9CSecrets_of_Moses%E2%80%9D_(Asatir)&action=edit&redlink=1","/wiki/Ishmael","/wiki/Nebaioth","/wiki/Mecca","#cite_note-32","/w/index.php?title=Kaaba&action=edit&section=8","/wiki/File:Mohammed_kaaba_1315.jpg","//upload.wikimedia.org/wikipedia/commons/thumb/7/70/Mohammed_kaaba_1315.jpg/220px-Mohammed_kaaba_1315.jpg","/wiki/File:Mohammed_kaaba_1315.jpg","//bits.wikimedia.org/static-1.21wmf11/skins/common/images/magnify-clip.png","/wiki/Jami_al-Tawarikh","/wiki/Black_Stone","#cite_note-uscmsa-33","/wiki/Arabian_mythology","/wiki/Wikipedia:Citation_needed","/wiki/Medina","/wiki/Ibn_Ishaq","/wiki/Sirat_Ras%C5%ABl_All%C4%81h","#cite_note-34","#cite_note-35","/wiki/Red_Sea","/wiki/Copt","#cite_note-36","/wiki/Hijra_(Islam)","/wiki/Ummah","/wiki/Treaty_of_Hudaybiyyah","/wiki/Abu_Sufyan_ibn_Harb","/wiki/Mughira_ibn_Shu%27ba","#cite_note-37","#cite_note-38","#cite_note-39","/wiki/Belomancy","/wiki/Sahih_Al-Bukhari","/wiki/Place_of_worship","#cite_note-Grolier_Society_Book_of_History-40","/wiki/Ali","/wiki/Caliph","/wiki/Prophets_of_Islam","#cite_note-Grolier_Society_Book_of_History-40","/w/index.php?title=Kaaba&action=edit&section=9","/wiki/File:Kaba.jpg","//upload.wikimedia.org/wikipedia/commons/thumb/2/24/Kaba.jpg/220px-Kaba.jpg","/wiki/File:Kaba.jpg","//bits.wikimedia.org/static-1.21wmf11/skins/common/images/magnify-clip.png","/wiki/Siege_of_Mecca_(683)","/wiki/Second_Fitna","/wiki/Umayyads","/wiki/Abd-Allah_ibn_al-Zubayr","#cite_note-41","/wiki/Hadith_collection","#cite_note-42","/w/index.php?title=Siege_of_Mecca_(692)&action=edit&redlink=1","/wiki/Al-Hajjaj_ibn_Yusuf","/wiki/%CA%BFAbdu_l-Malik_ibn_Marwan","#cite_note-43","/wiki/Qarmatians","#cite_note-44","/wiki/Murad_IV","#cite_note-45","/wiki/Obverse_and_reverse","/wiki/Saudi_Riyal","/wiki/Iranian_rial","#cite_note-46","/w/index.php?title=Kaaba&action=edit&section=10","//upload.wikimedia.org/wikipedia/commons/e/e4/Hajj.ogg","//www.mediawiki.org/wiki/Extension:TimedMediaHandler/Client_download","/wiki/File:Hajj.ogg","//bits.wikimedia.org/static-1.21wmf11/skins/common/images/magnify-clip.png","/wiki/Ramadan","/wiki/Bani_Shaiba","#cite_note-47","/wiki/Zamzam_Well","#cite_note-48","/wiki/File:Allah-green.svg","//upload.wikimedia.org/wikipedia/commons/thumb/4/4e/Allah-green.svg/26px-Allah-green.svg.png","/wiki/Portal:Islam","/wiki/File:Flag_of_Saudi_Arabia.svg","//upload.wikimedia.org/wikipedia/commons/thumb/0/0d/Flag_of_Saudi_Arabia.svg/32px-Flag_of_Saudi_Arabia.svg.png","/wiki/Portal:Saudi_Arabia","/w/index.php?title=Kaaba&action=edit&section=11","#cite_ref-eoi317_1-0","#cite_ref-eoi317_1-1","#cite_ref-eoi317_1-2","#cite_ref-eoi317_1-3","#cite_ref-eoi317_1-4","#cite_ref-eoi317_1-5","#cite_ref-eoi317_1-6","/wiki/Encyclopaedia_of_Islam","#cite_ref-2","http://news.bbc.co.uk/1/hi/in_pictures/7769689.stm","/wiki/BBC_News","#cite_ref-3","http://www.altmuslim.com/a/a/a/as_hajj_begins_more_changes_and_challenges_in_store/","http://www.altmuslim.com/a/a/a/as_hajj_begins_more_changes_and_challenges_in_store/","#cite_ref-4","http://archnet.org/library/dictionary/","/wiki/Routledge","http://archnet.org/library/dictionary/","#cite_ref-eq76_5-0","#cite_ref-eq76_5-1","#cite_ref-6","http://books.google.ca/books?id=Q9YYqiXm-lkC&pg=PA202&dq=kaaba+canopus&hl=en&ei=9R5MTruPKMnFswaR9aC0AQ&sa=X&oi=book_result&ct=result&resnum=10&ved=0CFQQ6AEwCQ#v=onepage&q=kaaba%20canopus&f=false","/wiki/International_Standard_Book_Number","/wiki/Special:BookSources/1-85109-477-6,_9781851094776","http://books.google.ca/books?id=Q9YYqiXm-lkC&pg=PA202&dq=kaaba+canopus&hl=en&ei=9R5MTruPKMnFswaR9aC0AQ&sa=X&oi=book_result&ct=result&resnum=10&ved=0CFQQ6AEwCQ#v=onepage&q=kaaba%20canopus&f=false","#cite_ref-7","http://books.google.ca/books?id=pheL_ubbXD0C&pg=PA137&dq=kaaba+canopus&hl=en&ei=Ix9MTuyTCsPNsgavp7ioAQ&sa=X&oi=book_result&ct=result&resnum=4&ved=0CDYQ6AEwAzgK#v=onepage&q=kaaba%20canopus&f=false","/wiki/International_Standard_Book_Number","/wiki/Special:BookSources/0-7432-4379-X,_9780743243797","http://books.google.ca/books?id=pheL_ubbXD0C&pg=PA137&dq=kaaba+canopus&hl=en&ei=Ix9MTuyTCsPNsgavp7ioAQ&sa=X&oi=book_result&ct=result&resnum=4&ved=0CDYQ6AEwAzgK#v=onepage&q=kaaba%20canopus&f=false","#cite_ref-8","http://www.khaleejtimes.com/DisplayArticleNew.asp?col=&section=middleeast&xfile=data/middleeast/2009/November/middleeast_November268.xml","#cite_ref-9","/wiki/Muslim","/wiki/Peace_be_upon_him_(Islam)","/wiki/Jannah","/wiki/Foundation_Stone","/wiki/Son_of_man","/wiki/F.E._Peters","#cite_ref-10","http://www.theage.com.au/articles/2003/02/11/1044725746252.html","http://www.theage.com.au/articles/2003/02/11/1044725746252.html","#cite_ref-11","http://members.tripod.com/worldupdates/newupdates10/id43.htm","http://members.tripod.com/worldupdates/newupdates10/id43.htm","#cite_ref-12","#cite_ref-AtoZ_13-0","/wiki/International_Standard_Book_Number","/wiki/Special:BookSources/0-915957-54-X","#cite_ref-14","#cite_ref-eoi318_15-0","#cite_ref-eoi318_15-1","/wiki/Encyclopaedia_of_Islam","#cite_ref-16","#cite_ref-armstrong_17-0","/wiki/International_Standard_Book_Number","/wiki/Special:BookSources/0-8129-6618-X","#cite_ref-18","#cite_ref-19","#cite_ref-20","#cite_ref-21","#cite_ref-22","#cite_ref-23","#cite_ref-24","#cite_ref-25","#cite_ref-26","http://www.sultan.org/books/Patricia_crone_english_reply.pdf","http://www.sultan.org/books/Patricia_crone_english_reply.pdf","#cite_ref-27","#cite_ref-28","/wiki/CD-ROM","#cite_ref-29","#cite_ref-ReferenceA_30-0","#cite_ref-ReferenceA_30-1","#cite_ref-ReferenceA_30-2","#cite_ref-ReferenceA_30-3","#cite_ref-31","#cite_ref-32","#cite_ref-uscmsa_33-0","http://www.usc.edu/dept/MSA/fundamentals/prophet/profbio.html","http://www.usc.edu/dept/MSA/fundamentals/prophet/profbio.html","#cite_ref-34","#cite_ref-35","http://www.witness-pioneer.org/vil/Books/SM_tsn/ch1s6.html","http://www.witness-pioneer.org/vil/Books/SM_tsn/ch1s6.html","#cite_ref-36","/wiki/Special:BookSources/0759101906","#cite_ref-37","/wiki/Sahih_Al-Bukhari","#cite_ref-38","/wiki/Special:BookSources/8126119403","/wiki/Special:BookSources/9788126119400","#cite_ref-39","/wiki/Special:BookSources/8131728870","/wiki/Special:BookSources/9788131728871","#cite_ref-Grolier_Society_Book_of_History_40-0","#cite_ref-Grolier_Society_Book_of_History_40-1","#cite_ref-41","/wiki/Sahih_Muslim","http://www.usc.edu/org/cmje/religious-texts/hadith/muslim/007-smt.php#007.3083","#cite_ref-42","/wiki/Sahih_Bukhari","/wiki/Sahih_Muslim","#cite_ref-43","/wiki/Sahih_Bukhari","/wiki/Sahih_Muslim","#cite_ref-44","/wiki/Javed_Ahmad_Ghamidi","http://www.renaissance.com.pk/JanIslamiShari2y5.htm","/wiki/Mizan","/wiki/Al-Mawrid","#cite_ref-45","http://www.bible.ca/islam/islam-kaba-history.htm","#cite_ref-46","http://www.cbi.ir/default_en.aspx","http://www.cbi.ir/page/1980.aspx","#cite_ref-47","http://enc.slider.com/Enc/Kaaba","http://enc.slider.com/Enc/Kaaba","#cite_ref-48","http://www.islamonline.net/English/News/2005-12/29/article08.shtml","http://www.islamonline.net/English/News/2005-12/29/article08.shtml","/w/index.php?title=Kaaba&action=edit&section=12","/wiki/Hisham_Ibn_Al-Kalbi","/wiki/Special:BookSources/0473015463","/wiki/Special:BookSources/091595754X","/wiki/Special:BookSources/081296618X","/wiki/International_Standard_Book_Number","/wiki/Special:BookSources/202-15016-X","/w/index.php?title=Kaaba&action=edit&section=13","//upload.wikimedia.org/wikipedia/en/thumb/4/4a/Commons-logo.svg/30px-Commons-logo.svg.png","//commons.wikimedia.org/wiki/Special:Search/Kaaba","//upload.wikimedia.org/wikipedia/commons/thumb/4/4c/Wikisource-logo.svg/38px-Wikisource-logo.svg.png","/wiki/Wikisource","/wiki/New_International_Encyclopedia","//en.wikisource.org/wiki/The_New_International_Encyclop%C3%A6dia/Kaaba","http://www.islamfrominside.com/Pages/Articles/AroundtheKabba.html","http://live.gph.gov.sa","http://en.wikipedia.org/w/index.php?title=Kaaba&oldid=545635747","/wiki/Help:Categories","/wiki/Category:Hajj","/wiki/Category:Conversion_of_non-Muslim_places_of_worship_into_mosques","/wiki/Category:Kaaba","/wiki/Category:Wikipedia_indefinitely_move-protected_pages","/wiki/Category:Articles_containing_Arabic_language_text","/wiki/Category:All_articles_with_unsourced_statements","/wiki/Category:Articles_with_unsourced_statements_from_February_2012","/w/index.php?title=Special:UserLogin&returnto=Kaaba&type=signup","/w/index.php?title=Special:UserLogin&returnto=Kaaba","/wiki/Kaaba","/wiki/Talk:Kaaba","#","/wiki/Kaaba","/w/index.php?title=Kaaba&action=edit","/w/index.php?title=Kaaba&action=history","#","/w/index.php","//bits.wikimedia.org/static-1.21wmf11/skins/vector/images/search-ltr.png?303-4","/wiki/Main_Page","/wiki/Main_Page","/wiki/Portal:Contents","/wiki/Portal:Featured_content","/wiki/Portal:Current_events","/wiki/Special:Random","//donate.wikimedia.org/wiki/Special:FundraiserRedirector?utm_source=donate&utm_medium=sidebar&utm_campaign=C13_en.wikipedia.org&uselang=en","/wiki/Help:Contents","/wiki/Wikipedia:About","/wiki/Wikipedia:Community_portal","/wiki/Special:RecentChanges","/wiki/Wikipedia:Contact_us","/wiki/Special:WhatLinksHere/Kaaba","/wiki/Special:RecentChangesLinked/Kaaba","/wiki/Wikipedia:File_Upload_Wizard","/wiki/Special:SpecialPages","/w/index.php?title=Kaaba&oldid=545635747","/w/index.php?title=Kaaba&action=info","/w/index.php?title=Special:Cite&page=Kaaba&id=545635747","/w/index.php?title=Special:Book&bookcmd=book_creator&referer=Kaaba","/w/index.php?title=Special:Book&bookcmd=render_article&arttitle=Kaaba&oldid=545635747&writer=rl","/w/index.php?title=Kaaba&printable=yes","//ace.wikipedia.org/wiki/Ka%27bah","//af.wikipedia.org/wiki/Ka%C3%A4ba","//ar.wikipedia.org/wiki/%D8%A7%D9%84%D9%83%D8%B9%D8%A8%D8%A9","//az.wikipedia.org/wiki/K%C9%99b%C9%99","//bn.wikipedia.org/wiki/%E0%A6%95%E0%A6%BE%E0%A6%AC%E0%A6%BE","//ba.wikipedia.org/wiki/%D2%A0%D3%99%D2%93%D0%B1%D3%99","//be.wikipedia.org/wiki/%D0%9A%D0%B0%D0%B0%D0%B1%D0%B0","//be-x-old.wikipedia.org/wiki/%D0%9A%D0%B0%D0%B0%D0%B1%D0%B0","//bcl.wikipedia.org/wiki/Kaaba","//bg.wikipedia.org/wiki/%D0%9A%D0%B0%D0%B0%D0%B1%D0%B0","//bs.wikipedia.org/wiki/Kaba","//ca.wikipedia.org/wiki/Kaba","//cs.wikipedia.org/wiki/Ka%27ba","//da.wikipedia.org/wiki/Ka%27ba","//de.wikipedia.org/wiki/Al-Ka%CA%BFba","//dv.wikipedia.org/wiki/%DE%86%DE%A6%DE%A2%DE%AA%DE%84%DE%A7","//et.wikipedia.org/wiki/Kaaba","//el.wikipedia.org/wiki/%CE%9A%CE%AC%CE%B1%CE%BC%CF%80%CE%B1","//es.wikipedia.org/wiki/Kaaba","//eo.wikipedia.org/wiki/Kaaba","//eu.wikipedia.org/wiki/Kaaba","//fa.wikipedia.org/wiki/%DA%A9%D8%B9%D8%A8%D9%87","//fr.wikipedia.org/wiki/Kaaba","//gl.wikipedia.org/wiki/Kaaba","//ko.wikipedia.org/wiki/%EC%B9%B4%EB%B0%94","//hi.wikipedia.org/wiki/%E0%A4%95%E0%A4%BE%E0%A4%AC%E0%A4%BE","//hr.wikipedia.org/wiki/%C4%86aba","//id.wikipedia.org/wiki/Kakbah","//ia.wikipedia.org/wiki/Kaaba","//is.wikipedia.org/wiki/Kaba","//it.wikipedia.org/wiki/Kaaba","//he.wikipedia.org/wiki/%D7%9B%D7%A2%D7%91%D7%94","//jv.wikipedia.org/wiki/Ka%27bah","//kn.wikipedia.org/wiki/%E0%B2%95%E0%B2%BE%E0%B2%AC%E0%B2%BE","//ka.wikipedia.org/wiki/%E1%83%A5%E1%83%90%E1%83%90%E1%83%91%E1%83%90","//kk.wikipedia.org/wiki/%D2%9A%D0%B0%D2%93%D0%B1%D0%B0","//sw.wikipedia.org/wiki/Kaaba","//ku.wikipedia.org/wiki/Kabe","//ky.wikipedia.org/wiki/%D0%9A%D0%B0%D0%B0%D0%B1%D0%B0","//lv.wikipedia.org/wiki/Kaaba","//lt.wikipedia.org/wiki/Kaaba","//hu.wikipedia.org/wiki/K%C3%A1ba_szent%C3%A9ly","//mk.wikipedia.org/wiki/%D0%8C%D0%B0%D0%B1%D0%B0","//ml.wikipedia.org/wiki/%E0%B4%95%E0%B4%85%E0%B4%AC","//mr.wikipedia.org/wiki/%E0%A4%95%E0%A4%BE%E0%A4%AC%E0%A4%BE","//ms.wikipedia.org/wiki/Kaabah","//nl.wikipedia.org/wiki/Ka%C3%A4ba","//ja.wikipedia.org/wiki/%E3%82%AB%E3%82%A2%E3%83%90","//no.wikipedia.org/wiki/Kaba","//nn.wikipedia.org/wiki/Kaba","//uz.wikipedia.org/wiki/Ka%CA%BCba","//pnb.wikipedia.org/wiki/%DA%A9%D8%B9%D8%A8%DB%81","//pl.wikipedia.org/wiki/Al-Kaba","//pt.wikipedia.org/wiki/Caaba","//ro.wikipedia.org/wiki/Kaaba","//ru.wikipedia.org/wiki/%D0%9A%D0%B0%D0%B0%D0%B1%D0%B0","//sq.wikipedia.org/wiki/Qabeja","//scn.wikipedia.org/wiki/Ka%E2%80%98ba","//simple.wikipedia.org/wiki/Kaaba","//sk.wikipedia.org/wiki/K%C3%A1ba","//ckb.wikipedia.org/wiki/%DA%A9%DB%95%D8%B9%D8%A8%DB%95","//sr.wikipedia.org/wiki/%D0%9A%D0%B0%D0%B1%D0%B0","//sh.wikipedia.org/wiki/Kaba","//su.wikipedia.org/wiki/Ka%27bah","//fi.wikipedia.org/wiki/Kaaba","//sv.wikipedia.org/wiki/Kaba","//tt.wikipedia.org/wiki/%D0%9A%D0%B0%D0%B3%D1%8A%D0%B1%D3%99","//te.wikipedia.org/wiki/%E0%B0%95%E0%B0%BE%E0%B0%AC%E0%B0%BE","//th.wikipedia.org/wiki/%E0%B8%81%E0%B8%B0%E0%B8%AD%E0%B9%8C%E0%B8%9A%E0%B8%B0%E0%B8%AE%E0%B9%8C","//tr.wikipedia.org/wiki/K%C3%A2be","//uk.wikipedia.org/wiki/%D0%9A%D0%B0%D0%B0%D0%B1%D0%B0","//ur.wikipedia.org/wiki/%D8%AE%D8%A7%D9%86%DB%81_%DA%A9%D8%B9%D8%A8%DB%81","//war.wikipedia.org/wiki/Kaaba","//yo.wikipedia.org/wiki/K%C3%A1%C3%A1b%C3%A0","//zh.wikipedia.org/wiki/%E5%85%8B%E7%88%BE%E7%99%BD","//www.wikidata.org/wiki/Special:ItemByTitle/enwiki/Kaaba","//en.wikipedia.org/wiki/Wikipedia:Text_of_Creative_Commons_Attribution-ShareAlike_3.0_Unported_License","//creativecommons.org/licenses/by-sa/3.0/","//wikimediafoundation.org/wiki/Terms_of_Use","//www.wikimediafoundation.org/","//en.wikipedia.org/wiki/Wikipedia:Contact_us","//wikimediafoundation.org/wiki/Privacy_policy","/wiki/Wikipedia:About","/wiki/Wikipedia:General_disclaimer","http://en.m.wikipedia.org/wiki/Kaaba","//wikimediafoundation.org/","//bits.wikimedia.org/images/wikimedia-button.png","//www.mediawiki.org/","//bits.wikimedia.org/static-1.21wmf11/skins/common/images/poweredby_mediawiki_88x31.png","//bits.wikimedia.org/en.wikipedia.org/load.php?debug=false&lang=en&modules=skins.vector&only=scripts&skin=vector&*","/w/index.php?title=MediaWiki:Gadget-ReferenceTooltips.js&action=raw&ctype=text/javascript&508635914","//bits.wikimedia.org/en.wikipedia.org/load.php?debug=false&lang=en&modules=site&only=scripts&skin=vector&*"],"instances":["tribe","692","arabia","asatir","bible","islam","unit_of_length"],"pdf":["http://www.sultan.org/books/Patricia_crone_english_reply.pdf","http://www.sultan.org/books/Patricia_crone_english_reply.pdf"],"categories":["Hajj","Conversion of non-Muslim places of worship into mosques","Kaaba|"],"headings":["Architecture","Religious significance","History","Cleaning","Notes","References","External links"],"image":["//upload.wikimedia.org/wikipedia/commons/thumb/e/e2/Kabaa.jpg/265px-Kabaa.jpg","//upload.wikimedia.org/wikipedia/commons/thumb/c/c2/Allah-eser-green.png/180px-Allah-eser-green.png","//upload.wikimedia.org/wikipedia/commons/thumb/4/4e/Allah-green.svg/15px-Allah-green.svg.png","//upload.wikimedia.org/wikipedia/commons/thumb/1/1a/Kaaba.png/220px-Kaaba.png","//bits.wikimedia.org/static-1.21wmf11/skins/common/images/magnify-clip.png","//upload.wikimedia.org/wikipedia/commons/thumb/b/ba/Kaaba-plan.svg/220px-Kaaba-plan.svg.png","//bits.wikimedia.org/static-1.21wmf11/skins/common/images/magnify-clip.png","//upload.wikimedia.org/wikipedia/commons/thumb/f/f3/Kaaba_mirror_edit_jj.jpg/220px-Kaaba_mirror_edit_jj.jpg","//bits.wikimedia.org/static-1.21wmf11/skins/common/images/magnify-clip.png","//upload.wikimedia.org/wikipedia/commons/thumb/9/92/Al-Haram_mosque_-_Flickr_-_Al_Jazeera_English.jpg/220px-Al-Haram_mosque_-_Flickr_-_Al_Jazeera_English.jpg","//bits.wikimedia.org/static-1.21wmf11/skins/common/images/magnify-clip.png","//upload.wikimedia.org/wikipedia/commons/thumb/f/f7/Masjid_al-Haram_1.jpg/220px-Masjid_al-Haram_1.jpg","//bits.wikimedia.org/static-1.21wmf11/skins/common/images/magnify-clip.png","//upload.wikimedia.org/wikipedia/en/thumb/d/da/Kaba01.jpg/220px-Kaba01.jpg","//bits.wikimedia.org/static-1.21wmf11/skins/common/images/magnify-clip.png","//upload.wikimedia.org/wikipedia/commons/thumb/7/70/Mohammed_kaaba_1315.jpg/220px-Mohammed_kaaba_1315.jpg","//bits.wikimedia.org/static-1.21wmf11/skins/common/images/magnify-clip.png","//upload.wikimedia.org/wikipedia/commons/thumb/2/24/Kaba.jpg/220px-Kaba.jpg","//bits.wikimedia.org/static-1.21wmf11/skins/common/images/magnify-clip.png","//bits.wikimedia.org/static-1.21wmf11/skins/common/images/magnify-clip.png","//upload.wikimedia.org/wikipedia/commons/thumb/4/4e/Allah-green.svg/26px-Allah-green.svg.png","//upload.wikimedia.org/wikipedia/commons/thumb/0/0d/Flag_of_Saudi_Arabia.svg/32px-Flag_of_Saudi_Arabia.svg.png","//upload.wikimedia.org/wikipedia/en/thumb/4/4a/Commons-logo.svg/30px-Commons-logo.svg.png","//upload.wikimedia.org/wikipedia/commons/thumb/4/4c/Wikisource-logo.svg/38px-Wikisource-logo.svg.png","//bits.wikimedia.org/static-1.21wmf11/skins/vector/images/search-ltr.png?303-4","//bits.wikimedia.org/images/wikimedia-button.png","//bits.wikimedia.org/static-1.21wmf11/skins/common/images/poweredby_mediawiki_88x31.png"],"tags":[["hagar","bible"],["quraysh","tribe"],["tabala","arabia"],["stadion","unit_of_length"],["“secrets_of_moses”_","asatir"],["hijra","islam"],["siege_of_mecca","683"],["siege_of_mecca","692"]],"members":["quraysh","siege_of_mecca","tabala","hagar","hijra","stadion"],"related":["Mecca","Al-Hejaz","Saudi_Arabia","Islam","Cuboid","Mecca","Saudi_Arabia","Islam","Encyclopaedia_of_Islam","Masjid_al-Haram","Mosque","Muslim","Salat","Qiblah","Five_Pillars_of_Islam","Hajj","Circumambulation","Tawaf","Umrah","Masjid_al_Haram","Granite","Marble","Black_Stone","Oil_lamp","Crucible","Censer","Cardinal_direction","Compass","Canopus","Summer_solstice","Winter_solstice","Ahmad_bin_Ibrahim_Badr","Zamzam_Well","Hagar_(Bible)","Muslim","F.E._Peters","Yemen","Syria","Iraq","Kiswa","Shahada","Dhu_al-Hijjah","Islamic_calendar","Al-Safa_and_Al-Marwah","Al-Safa_and_Al-Marwah","Muhammad","Ibrahim","Pre-Islamic_Arabia","Ptolemy","Encyclopaedia_of_Islam","Quraysh_(tribe)","Kinanah","Bedouin","Zamzam_Well","Karen_Armstrong","Hubal","Nabatean","Ghaiman","Tabala_(Arabia)","Fetishism","Qahtan","Hijaz","Divination","Edward_Gibbon","Diodorus_Siculus","Stadion_(unit_of_length)","Diodorus_Siculus","Nabataeans","Tabuk_Province","Patricia_Crone","History_of_Yemen","Gustave_E._von_Grunebaum","Spice_trade","Procopius","Nonnosus","Encyclopædia_Britannica","CD-ROM","Germany","Arabian","Ethiopia","Ishmael","God","Well_of_Zamzam","Angel","Heaven","Isaac","Solomon's_Temple","Jerusalem","Samaritan","Samaritan","“Secrets_of_Moses”__(Asatir)","Ishmael","Nebaioth","Mecca","Black_Stone","Arabian_mythology","Medina","Ibn_Ishaq","Red_Sea","Copt","Hijra_(Islam)","Ummah","Treaty_of_Hudaybiyyah","Abu_Sufyan_ibn_Harb","Mughira_ibn_Shu'ba","Sahih_Al-Bukhari","Place_of_worship","William_Lee-Warner","Ali","Caliph","Prophets_of_Islam","Siege_of_Mecca_(683)","Second_Fitna","Umayyads","Abd-Allah_ibn_al-Zubayr","Hadith_collection","Sahih_Bukhari","Sahih_Muslim","Siege_of_Mecca_(692)","Al-Hajjaj_ibn_Yusuf","ʿAbdu_l-Malik_ibn_Marwan","Sahih_Bukhari","Sahih_Muslim","Qarmatians","Javed_Ahmad_Ghamidi","Mizan","Al-Mawrid","Murad_IV","Obverse_and_reverse","Saudi_Riyal","Iranian_rial","Ramadan","Bani_Shaiba","Zamzam_Well","Hisham_Ibn_Al-Kalbi"]}