{"cursor":"18796","size":15,"audio":[],"currentlang":"en","article":"{{Infobox person\n| name = Jonathan Frakes image = Jonathan Frakes cropped1.jpg imagesize = 225px\n| caption = Frakes at a convention in Germany in 2005 known_for = Commander\n| William T. Riker birth_name = Jonathan Scott Frakes birth_date = birth_place =\n| Bellefonte, Pennsylvania, U.S. death_date = death_place = nationality =\n| American occupation = Actor, author, director spouse = Genie Francis (1988-\n| present)\n}}\n\n'Jonathan Scott Frakes' (born August 19, 1952) is an American actor, author and\ndirector. Frakes is best known for his portrayal of Commander William T. Riker\nin the television series [[Star Trek: The Next Generation]] and subsequent\nfilms. Frakes also hosted the television series [[Beyond Belief: Fact or\nFiction]], challenging viewers to discern his stories of fact-based phenomena\nand fabricated tales. In June 2011, Frakes narrated the History Channel\ndocumentary Lee and Grant.\n\nHaving moved towards directing in recent years, Frakes directed and also starred\nin [[Star Trek: First Contact]] as well as [[Star Trek: Insurrection]]. He is\nalso the author of a book called The Abductors: Conspiracy.\n","linknr":455,"url":"Jonathan_Frakes","recorded":1362534895,"links":37,"instances":["star_trek","dollhouse","tv_series"],"pdf":[],"categories":["1952 births","Actors from Pennsylvania","Actors from Maine","American film actors","American film directors","American television actors","American television directors","American voice actors","Businesspeople from Maine","Film directors from Pennsylvania","Harvard University alumni","Liberty High School (Bethlehem, Pennsylvania) alumni","Living people","Pennsylvania State University alumni","People from Bethlehem, Pennsylvania","People from Belfast, Maine","20th-century American actors"],"headings":["Personal life","Career","Selected acting filmography","Directing filmography","References","External links"],"image":["//upload.wikimedia.org/wikipedia/commons/thumb/6/62/Jonathan_Frakes_cropped1.jpg/225px-Jonathan_Frakes_cropped1.jpg","//upload.wikimedia.org/wikipedia/en/thumb/4/4a/Commons-logo.svg/30px-Commons-logo.svg.png","//bits.wikimedia.org/static-1.21wmf10/skins/vector/images/search-ltr.png?303-4","//bits.wikimedia.org/images/wikimedia-button.png","//bits.wikimedia.org/static-1.21wmf10/skins/common/images/poweredby_mediawiki_88x31.png"],"tags":[["commander","star_trek"],["history","u.s._tv_channel"],["liberty_high_school","bethlehem,_pennsylvania"],["history","u.s._tv_channel"],["leverage","tv_series"],["belonging","dollhouse"]],"members":["history","commander","belonging","liberty_high_school","leverage"],"related":["William_Riker","Bellefonte,_Pennsylvania","Genie_Francis","United_States","Actor","Author","Film_director","Commander_(Star_Trek)","William_Riker","History_(U.S._TV_channel)","Bellefonte,_Pennsylvania","Bethlehem,_Pennsylvania","Lehigh_Valley","Liberty_High_School_(Bethlehem,_Pennsylvania)","Pennsylvania_State_University","Lehigh_University","Pancreatic_cancer","Genie_Francis","Marvel_Comics","Captain_America","New_York_City","Eugene_O'Neill","NBC","Soap_opera","Los_Angeles","California","Charles_Lindbergh","NBC","Soap_opera","Genie_Francis","Miniseries","Animation","Voice_acting","David_Xanatos","Where_No_Fan_Has_Gone_Before","Peter's_Got_Woods","Patrick_Stewart","Michael_Dorn","Jean-Luc_Picard","Worf","Not_All_Dogs_Go_to_Heaven","Denise_Crosby","Wil_Wheaton","Kate_Mulgrew","Michael_Dorn","George_Takei","Avery_Brooks","Majel_Barrett","Majel_Barrett","Phish","Trombone","Brent_Spiner","Fox_television","Gordon_Cooper","History_(U.S._TV_channel)","Belfast,_Maine","Blockbuster_LLC","Saturn_Award_for_Best_Director","But_Can_She_Type?","Charles_Lindbergh","Peter's_Got_Woods","Not_All_Dogs_Go_to_Heaven","High_Evolutionary","Leverage_(TV_series)","Interactive_movie","The_Drumhead","Attached","The_Discarded","Belonging_(Dollhouse)","NNDB","Bellefonte,_Pennsylvania","United_States"]}