{"cursor":"18698","size":15,"audio":[],"currentlang":"en","article":"\n\n Slow-Release (SR) 20 mg tablets.]]\n\n'Stimulants' (also referred to as 'psychostimulants') are psychoactive drugs\nwhich induce temporary improvements in either mental or physical function or\nboth. Examples of these kinds of effects may include enhanced alertness,\nwakefulness, and locomotion, among others. Due to their effects typically having\nan \"up\" quality to them, stimulants are also occasionally referred to as\n\"'uppers'\". Depressants or \"downers\", which decrease mental and/or physical\nfunction, are in stark contrast to stimulants and are considered to be their\nfunctional opposites. Stimulants are widely used throughout the world as\nprescription medicines and as illicit substances of recreational use or abuse.\n","linknr":2073,"url":"Stimulant","recorded":1362890895,"links":63,"instances":["biology","symptom","drugs"],"pdf":[],"categories":["Stimulants|","Attention-deficit hyperactivity disorder"],"headings":["Effects","Indications","Types","Abuse","Testing","See also","References","External links"],"image":["//upload.wikimedia.org/wikipedia/en/thumb/f/f2/Edit-clear.svg/40px-Edit-clear.svg.png","//upload.wikimedia.org/wikipedia/en/thumb/9/99/Question_book-new.svg/50px-Question_book-new.svg.png","//upload.wikimedia.org/wikipedia/commons/thumb/7/7a/Ritalin-SR-20mg-full.jpg/200px-Ritalin-SR-20mg-full.jpg","//bits.wikimedia.org/static-1.21wmf10/skins/common/images/magnify-clip.png","//upload.wikimedia.org/wikipedia/commons/thumb/c/c5/Roasted_coffee_beans.jpg/180px-Roasted_coffee_beans.jpg","//bits.wikimedia.org/static-1.21wmf10/skins/common/images/magnify-clip.png","//upload.wikimedia.org/wikipedia/commons/thumb/1/14/Methamphetamines.PNG/220px-Methamphetamines.PNG","//bits.wikimedia.org/static-1.21wmf10/skins/common/images/magnify-clip.png","//upload.wikimedia.org/wikipedia/commons/thumb/e/e3/Ecstacy_monogram.jpg/220px-Ecstacy_monogram.jpg","//bits.wikimedia.org/static-1.21wmf10/skins/common/images/magnify-clip.png","//upload.wikimedia.org/wikipedia/commons/thumb/f/f8/Wiktionary-logo-en.svg/37px-Wiktionary-logo-en.svg.png","//upload.wikimedia.org/wikipedia/commons/thumb/6/64/Pyschoactive_Drugs.jpg/110px-Pyschoactive_Drugs.jpg","//bits.wikimedia.org/static-1.21wmf10/skins/vector/images/search-ltr.png?303-4","//bits.wikimedia.org/images/wikimedia-button.png","//bits.wikimedia.org/static-1.21wmf10/skins/common/images/poweredby_mediawiki_88x31.png"],"tags":[["prohibition","drugs"],["vesicle","biology"],["anorexia","symptom"]],"members":["vesicle","anorexia","prohibition"],"related":["Psychoactive_drug","Depressant","Prescription_medicine","Prohibition_(drugs)","Recreational_drug_use","Drug_abuse","Central_nervous_system","Peripheral_nervous_system","Alertness","Awareness","Wakefulness","Endurance","Productivity","Motivation","Arousal","Animal_locomotion","Heart_rate","Blood_pressure","Food","Sleep","Euphoria","Norepinephrine","Dopamine","Monoamine_transporter","Adenosine_receptor","Receptor_antagonist","Nicotinic_acetylcholine_receptor","Agonist","Narcolepsy","Obesity","ADHD","Off_label","Clinical_depression","Treatment-resistant_depression","Coffee","Tea","Cocoa_solids","Chocolate","Soft_drink","Energy_drink","Nicotine","Tobacco","Cigarette","Cigar","Chewing_tobacco","Smoking_cessation","Nicotine_patch","Nicotine_gum","Electronic_cigarette","Amphetamines","Phenylethylamine","Norepinephrine-dopamine_reuptake_inhibitor","Catecholamine","Vesicle_(biology)","Euphoria","Clinical_depression","Anxiety","Amphetamine","Amphetamine","Major_depression","Selective_serotonin_reuptake_inhibitor","Adderall","ADHD_predominantly_inattentive","Attention-Deficit_Hyperactivity_Disorder","Amphetamine","Neurotransmitter","Serotonin","Dopamine","Epinephrine","Norepinephrine","Entactogen","Empathogen","Entactogen","Hypertension","Anorexia_(symptom)","Euphoria","Insomnia","Perspiration","Neurotransmitter","Serotonin","Dopamine","Epinephrine","Norepinephrine","Entactogen","Empathogen","ADHD","Antidepressants","Bupropion","Atomoxetine","Reboxetine","Coca","Bolivia","Colombia","Peru","Ophthalmology","Tropane","Troparil","Lometopane","Methylphenidate","Drug","Therapy","Attention-deficit_hyperactivity_disorder","Postural_orthostatic_tachycardia_syndrome","Narcolepsy","Piperidine","Dopamine","Norepinephrine","Reuptake_inhibitor","Monoamine_transporter","Amphetamine","Cocaine","Adrafinil","Armodafinil","Ampakine","Ampalex","CX717","Carphedon","Tryptamine","Diabetes_mellitus_type_2","Drug_abuse","Central_nervous_system","Substance_use_disorder","Medical","Psychiatric","Psychosocial","Drug_tolerance","Drug_dependence","Sensitization","Withdrawal","Methamphetamine","Desoxyn","Depressant","Hallucinogen","Antipsychotic"]}