{"cursor":"4463","size":15,"audio":[],"currentlang":"en","article":"'Rhetorical modes' (also known as 'modes of discourse') describe the variety,\nconventions, and purposes of the major kinds of writing. Four of the most common\nrhetorical modes and their purpose are exposition, argumentation, description,\nand narration.\n","linknr":268,"url":"Rhetorical_modes","recorded":1363372062,"links":["/w/index.php?title=Rhetorical_modes&action=edit","/w/index.php?title=Rhetorical_modes&action=edit","//en.wikipedia.org/apple-touch-icon.png","//bits.wikimedia.org/favicon/wikipedia.ico","/w/opensearch_desc.php","//en.wikipedia.org/w/api.php?action=rsd","//creativecommons.org/licenses/by-sa/3.0/","/w/index.php?title=Special:RecentChanges&feed=atom","//bits.wikimedia.org/en.wikipedia.org/load.php?debug=false&lang=en&modules=ext.gadget.DRN-wizard%2CReferenceTooltips%2Ccharinsert%2Cteahouse%7Cext.wikihiero%7Cmediawiki.legacy.commonPrint%2Cshared%7Cmw.PopUpMediaTransform%7Cskins.vector&only=styles&skin=vector&*","//bits.wikimedia.org/en.wikipedia.org/load.php?debug=false&lang=en&modules=site&only=styles&skin=vector&*","//bits.wikimedia.org/en.wikipedia.org/load.php?debug=false&lang=en&modules=startup&only=scripts&skin=vector&*","//bits.wikimedia.org/geoiplookup","//meta.wikimedia.org","#mw-head","#p-search","/wiki/Expository_writing","/wiki/Argumentation","/wiki/Description","/wiki/Narrative","/wiki/Wikipedia:Citation_needed","#Exposition","#Argumentation","#Description","#Narration","#Fiction-writing_modes","#See_also","#Footnotes","#References","/w/index.php?title=Rhetorical_modes&action=edit&section=1","/wiki/Exposition_(literary_technique)","/wiki/Business_letter","/wiki/How-to","/wiki/Article_(publishing)","/wiki/Personal_letter","/wiki/News_release","/wiki/Report","/wiki/Scientific_report","/wiki/Term_paper","/wiki/Textbook","/wiki/Will_(law)","/wiki/Encyclopedia","/wiki/Cuisines","/w/index.php?title=Rhetorical_modes&action=edit&section=2","/wiki/Persuasive_writing","/wiki/Copywriting","/wiki/Review","/wiki/Editorial","/wiki/Job_evaluation","/wiki/Job_application","/wiki/Letter_of_recommendation","/wiki/Letter_to_the_editor","/wiki/R%C3%A9sum%C3%A9","/wiki/A_Modest_Proposal","/w/index.php?title=Rhetorical_modes&action=edit&section=3","/wiki/Personal_journal","/wiki/Poetry","/w/index.php?title=Rhetorical_modes&action=edit&section=4","/wiki/Narrative_mode","/wiki/Anecdote","/wiki/Autobiography","/wiki/Biography","/wiki/Novel","/wiki/Oral_history","/wiki/Short_story","/w/index.php?title=Rhetorical_modes&action=edit&section=5","/wiki/Fiction-writing_mode","#CITEREFMarshall1988","/wiki/Jessica_Page_Morrell","#CITEREFMorrell2006","/wiki/Peter_Selgin","#CITEREFSelgin2007","/w/index.php?title=Rhetorical_modes&action=edit&section=6","/wiki/Exposition_(literary_technique)","/wiki/Expository_writing","/wiki/Fiction_writing","/wiki/Fiction-writing_modes","/wiki/Literature","/wiki/Writing","/w/index.php?title=Rhetorical_modes&action=edit&section=7","/w/index.php?title=Rhetorical_modes&action=edit&section=8","/wiki/International_Standard_Book_Number","/wiki/Special:BookSources/1-59257-115-8","/wiki/International_Standard_Book_Number","/wiki/Special:BookSources/1-58297-062-9","/wiki/International_Standard_Book_Number","/wiki/Special:BookSources/978-1-58297-393-7","/wiki/International_Standard_Book_Number","/wiki/Special:BookSources/978-1-58297-491-0","/wiki/Template:Narrative","/wiki/Template_talk:Narrative","//en.wikipedia.org/w/index.php?title=Template:Narrative&action=edit","/wiki/Narrative","/wiki/Character_(arts)","/wiki/Antagonist","/wiki/Archenemy","/wiki/Antihero","/wiki/Characterization","/wiki/Deuteragonist","/wiki/False_protagonist","/wiki/Focal_character","/wiki/Foil_(literature)","/wiki/Protagonist","/wiki/Stock_character","/wiki/Supporting_character","/wiki/Tritagonist","/wiki/Narrator","/wiki/Plot_(narrative)","/wiki/Climax_(narrative)","/wiki/Conflict_(narrative)","/wiki/D%C3%A9nouement","/wiki/Dialogue","/wiki/Dramatic_structure","/wiki/Exposition_(literary_technique)","/wiki/Falling_action","/wiki/Plot_device","/wiki/Subplot","/wiki/Trope_(literature)","/wiki/Clich%C3%A9","/wiki/Kish%C5%8Dtenketsu","/wiki/Setting_(fiction)","/wiki/Dystopia","/wiki/Fictional_city","/wiki/Fictional_country","/wiki/Fictional_location","/wiki/Fictional_universe","/wiki/Utopia","/wiki/Theme_(narrative)","/wiki/Leitmotif","/wiki/Moral","/wiki/Motif_(narrative)","/wiki/Style_(fiction)","/wiki/Diction","/wiki/Figure_of_speech","/wiki/Imagery_(literature)","/wiki/Literary_technique","/wiki/Narrative_mode","/wiki/Stylistic_device","/wiki/Suspension_of_disbelief","/wiki/Symbolism_(arts)","/wiki/Tone_(literature)","/wiki/Category:Fiction_forms","/wiki/Fable","/wiki/Parable","/wiki/Fabliau","/wiki/Fairy_tale","/wiki/Folklore","/wiki/Legend","/wiki/Hypertext_fiction","/wiki/Flash_fiction","/wiki/Short_story","/wiki/Novella","/wiki/Novel","/wiki/Epic_(genre)","/wiki/Play_(theatre)","/wiki/Poetry","/wiki/Screenplay","/wiki/List_of_narrative_forms","/wiki/Literary_genre","/wiki/Adventure_novel","/wiki/Comic_novel","/wiki/Crime_fiction","/wiki/Docufiction","/wiki/Epistolary_novel","/wiki/Erotic_literature","/wiki/Non-fiction_novel","/wiki/Fantasy","/wiki/Historical_fiction","/wiki/Horror_fiction","/wiki/Magic_realism","/wiki/Mystery_fiction","/wiki/Paranoid_fiction","/wiki/Philosophical_fiction","/wiki/Political_fiction","/wiki/Romance_novel","/wiki/Saga","/wiki/Satire","/wiki/Science_fiction","/wiki/Speculative_fiction","/wiki/Superhero_fiction","/wiki/Thriller_(genre)","/wiki/Urban_fiction","/wiki/Western_fiction","/wiki/Narrator","/wiki/Narrative_mode#Alternating_person_view","/wiki/First-person_narrative","/wiki/Second-person_narrative","/wiki/Third-person_narrator","/wiki/Narrative_mode#Third-person.2C_subjective","/wiki/Narrative_mode#Third-person.2C_objective","/wiki/Narrative_mode#Third-person.2C_omniscient","/wiki/Narrative_mode#Third-person.2C_subjective","/wiki/Stream_of_consciousness_(narrative_mode)","/wiki/Narrator#The_narrative_types_of_the_narrator","/wiki/Unreliable_narrator","/wiki/Narrative_mode#Narrative_tense","/wiki/Past_tense","/wiki/Present_tense","/wiki/Future_tense","/wiki/Screenwriting","/wiki/Audience","/wiki/Author","/wiki/Fiction_writing","/wiki/Creative_nonfiction","/wiki/Literary_theory","/wiki/Narrative_structure","/wiki/Narratology","/wiki/Narrative_mode#Other_narrative_modes","/wiki/Rhetoric","/wiki/Storytelling","/wiki/Portal:Literature","http://en.wikipedia.org/w/index.php?title=Rhetorical_modes&oldid=544339537","/wiki/Help:Categories","/wiki/Category:Grammar","/wiki/Category:Narratology","/wiki/Category:Writing","/wiki/Category:Rhetoric","/wiki/Category:All_articles_with_unsourced_statements","/wiki/Category:Articles_with_unsourced_statements_from_July_2012","/w/index.php?title=Special:UserLogin&returnto=Rhetorical+modes&type=signup","/w/index.php?title=Special:UserLogin&returnto=Rhetorical+modes","/wiki/Rhetorical_modes","/wiki/Talk:Rhetorical_modes","#","/wiki/Rhetorical_modes","/w/index.php?title=Rhetorical_modes&action=edit","/w/index.php?title=Rhetorical_modes&action=history","#","/w/index.php","//bits.wikimedia.org/static-1.21wmf11/skins/vector/images/search-ltr.png?303-4","/wiki/Main_Page","/wiki/Main_Page","/wiki/Portal:Contents","/wiki/Portal:Featured_content","/wiki/Portal:Current_events","/wiki/Special:Random","//donate.wikimedia.org/wiki/Special:FundraiserRedirector?utm_source=donate&utm_medium=sidebar&utm_campaign=C13_en.wikipedia.org&uselang=en","/wiki/Help:Contents","/wiki/Wikipedia:About","/wiki/Wikipedia:Community_portal","/wiki/Special:RecentChanges","/wiki/Wikipedia:Contact_us","/wiki/Special:WhatLinksHere/Rhetorical_modes","/wiki/Special:RecentChangesLinked/Rhetorical_modes","/wiki/Wikipedia:File_Upload_Wizard","/wiki/Special:SpecialPages","/w/index.php?title=Rhetorical_modes&oldid=544339537","/w/index.php?title=Rhetorical_modes&action=info","/w/index.php?title=Special:Cite&page=Rhetorical_modes&id=544339537","/w/index.php?title=Special:Book&bookcmd=book_creator&referer=Rhetorical+modes","/w/index.php?title=Special:Book&bookcmd=render_article&arttitle=Rhetorical+modes&oldid=544339537&writer=rl","/w/index.php?title=Rhetorical_modes&printable=yes","//id.wikipedia.org/wiki/Karangan","//www.wikidata.org/wiki/Special:ItemByTitle/enwiki/Rhetorical modes","//en.wikipedia.org/wiki/Wikipedia:Text_of_Creative_Commons_Attribution-ShareAlike_3.0_Unported_License","//creativecommons.org/licenses/by-sa/3.0/","//wikimediafoundation.org/wiki/Terms_of_Use","//www.wikimediafoundation.org/","//en.wikipedia.org/wiki/Wikipedia:Contact_us","//wikimediafoundation.org/wiki/Privacy_policy","/wiki/Wikipedia:About","/wiki/Wikipedia:General_disclaimer","http://en.m.wikipedia.org/wiki/Rhetorical_modes","//wikimediafoundation.org/","//bits.wikimedia.org/images/wikimedia-button.png","//www.mediawiki.org/","//bits.wikimedia.org/static-1.21wmf11/skins/common/images/poweredby_mediawiki_88x31.png","//bits.wikimedia.org/en.wikipedia.org/load.php?debug=false&lang=en&modules=skins.vector&only=scripts&skin=vector&*","/w/index.php?title=MediaWiki:Gadget-ReferenceTooltips.js&action=raw&ctype=text/javascript&508635914","//bits.wikimedia.org/en.wikipedia.org/load.php?debug=false&lang=en&modules=site&only=scripts&skin=vector&*"],"instances":["law","publishing","literary_technique"],"pdf":[],"categories":["Grammar","Narratology","Writing","Rhetoric|Modes"],"headings":["Exposition","Argumentation","Description","Narration","See also","Footnotes","References"],"image":["//bits.wikimedia.org/static-1.21wmf11/skins/vector/images/search-ltr.png?303-4","//bits.wikimedia.org/images/wikimedia-button.png","//bits.wikimedia.org/static-1.21wmf11/skins/common/images/poweredby_mediawiki_88x31.png"],"tags":[["exposition","literary_technique"],["article","publishing"],["will","law"],["exposition","literary_technique"]],"members":["will","article","exposition"],"related":["Expository_writing","Argumentation","Description","Narrative","Exposition_(literary_technique)","Business_letter","How-to","Article_(publishing)","Personal_letter","News_release","Report","Scientific_report","Term_paper","Textbook","Will_(law)","Encyclopedia","Cuisines","Copywriting","Review","Editorial","Job_evaluation","Job_application","Letter_of_recommendation","Letter_to_the_editor","Résumé","A_Modest_Proposal","Personal_journal","Poetry","Narrative_mode","Anecdote","Autobiography","Biography","Novel","Oral_history","Short_story","Fiction-writing_mode","Jessica_Page_Morrell","Peter_Selgin","Exposition_(literary_technique)","Expository_writing","Fiction_writing","Fiction-writing_modes","Literature","Writing"]}