{"cursor":"18137","size":15,"audio":[],"currentlang":"en","article":"'Scientific notation' is a way of writing numbers that are too big or too small\nto be conveniently written in decimal form. Scientific notation has a number of\nuseful properties and is commonly used in calculators and by scientists,\nmathematicians and engineers.\n\nIn scientific notation all numbers are written in the form of\n: a \\times 10^b\n(a times ten raised to the power of b), where the exponent b is an integer, and\nthe coefficient a is any real number (however, see normalized notation below),\ncalled the [[significand]] or [[mantissa]]. The term \"mantissa\" may cause\nconfusion, however, because it can also refer to the fractional part of the\ncommon logarithm. If the number is negative then a minus sign precedes a (as in\nordinary decimal notation).\n\n{| class=\"wikitable\" style=\"float:right\"\n|-\n!Standard decimal notation !Normalized scientific notation\n|- 2\n|\n|- 300\n|\n|- 4,321.768\n|\n|- -53,000\n|\n|- 6,720,000,000\n|\n|- .2\n|\n|- .000 000 007 51\n|\n|}\n\nDecimal floating point is a computer arithmetic system closely related to\nscientific notation.\n","linknr":276,"url":"Scientific_notation","recorded":1363433686,"links":["/w/index.php?title=Scientific_notation&action=edit","/w/index.php?title=Scientific_notation&action=edit","//en.wikipedia.org/apple-touch-icon.png","//bits.wikimedia.org/favicon/wikipedia.ico","/w/opensearch_desc.php","//en.wikipedia.org/w/api.php?action=rsd","//creativecommons.org/licenses/by-sa/3.0/","/w/index.php?title=Special:RecentChanges&feed=atom","//bits.wikimedia.org/en.wikipedia.org/load.php?debug=false&lang=en&modules=ext.gadget.DRN-wizard%2CReferenceTooltips%2Ccharinsert%2Cteahouse%7Cext.wikihiero%7Cmediawiki.legacy.commonPrint%2Cshared%7Cmw.PopUpMediaTransform%7Cskins.vector&only=styles&skin=vector&*","//bits.wikimedia.org/en.wikipedia.org/load.php?debug=false&lang=en&modules=site&only=styles&skin=vector&*","//bits.wikimedia.org/en.wikipedia.org/load.php?debug=false&lang=en&modules=startup&only=scripts&skin=vector&*","//bits.wikimedia.org/geoiplookup","//meta.wikimedia.org","#mw-head","#p-search","//upload.wikimedia.org/math/c/2/8/c28d1c9f6e047e3b93030bf39fe60e5b.png","/wiki/Exponentiation","/wiki/Integer","/wiki/Coefficient","/wiki/Real_number","#Normalized_notation","/wiki/Significand","/wiki/Mantissa","/wiki/Fraction_(mathematics)","/wiki/Logarithm","/wiki/Decimal_floating_point","#Normalized_notation","#Engineering_notation","#Significant_figures","#Ambiguity_of_the_last_digit","#E_notation","#Examples_and_other_notations","#Order_of_magnitude","#Use_of_spaces","#Examples","#Converting_numbers","#Decimal_to_scientific","#Scientific_to_decimal","#Exponential","#Basic_operations","#Other_bases","#See_also","#Notes_and_references","#External_links","/w/index.php?title=Scientific_notation&action=edit&section=1","/wiki/Normalized_number","/wiki/Absolute_value","/wiki/Order_of_magnitude","/wiki/Engineering_notation","/wiki/Exponentiation","/wiki/Base_(exponentiation)","/w/index.php?title=Scientific_notation&action=edit&section=2","/wiki/Engineering_notation","/wiki/Multiple_(mathematics)","/wiki/SI_prefixes","/w/index.php?title=Scientific_notation&action=edit&section=3","/wiki/Significant_figures","/wiki/Significant_figures#Identifying_significant_digits","/w/index.php?title=Scientific_notation&action=edit&section=4","/wiki/Wikipedia:Citation_needed","/wiki/Coulomb","#cite_note-cuu-e-1","/w/index.php?title=Scientific_notation&action=edit&section=5","/wiki/File:Avogadro%27s_number_in_e_notation.jpg","//upload.wikimedia.org/wikipedia/commons/thumb/1/1d/Avogadro%27s_number_in_e_notation.jpg/170px-Avogadro%27s_number_in_e_notation.jpg","/wiki/File:Avogadro%27s_number_in_e_notation.jpg","//bits.wikimedia.org/static-1.21wmf10/skins/common/images/magnify-clip.png","/wiki/Avogadro_constant","/wiki/Calculator","/wiki/Computer_program","/wiki/Subscript_and_superscript","/wiki/E_(mathematical_constant)","/wiki/Exponential_function","#cite_note-2","#cite_note-3","/w/index.php?title=Scientific_notation&action=edit&section=6","/wiki/Ada_(programming_language)","/wiki/C%2B%2B","/wiki/Fortran","/wiki/MATLAB","/wiki/Scilab","/wiki/Perl","/wiki/Java_(programming_language)","#cite_note-4","/wiki/Python_(programming_language)","/wiki/Avogadro_constant","#cite_note-5","/wiki/ALGOL","#cite_note-6","/wiki/ALGOL_68","#cite_note-7","http://www.unicode.org/charts/PDF/U2300.pdf","/wiki/Unicode#External_links","/wiki/Mojibake","http://mailcom.com/unicode/DecimalExponent.ttf","http://unicode.org/versions/Unicode6.0.0","/wiki/TI-83_series","/wiki/TI-84_Plus_series","/wiki/Operator_(programming)","http://education.ti.com/downloads/guidebooks/sdk/83p/sdk83pguide.pdf","/wiki/Simula","/wiki/Double_precision","#cite_note-8","/w/index.php?title=Scientific_notation&action=edit&section=7","/wiki/Order_of_magnitude","/wiki/Proton","/wiki/Order_of_magnitude","/wiki/Long_and_short_scales","/w/index.php?title=Scientific_notation&action=edit&section=8","/wiki/Space_(punctuation)","/wiki/Typesetting","/wiki/Thin_space","#cite_note-9","/w/index.php?title=Scientific_notation&action=edit&section=9","/wiki/Electron","/wiki/Earth","/wiki/Mass","/wiki/Earth#Shape","/wiki/International_System_of_Units","/wiki/Inch","/wiki/Micrometre","/wiki/Wikipedia:Please_clarify","/w/index.php?title=Scientific_notation&action=edit&section=10","/w/index.php?title=Scientific_notation&action=edit&section=11","/w/index.php?title=Scientific_notation&action=edit&section=12","/w/index.php?title=Scientific_notation&action=edit&section=13","/w/index.php?title=Scientific_notation&action=edit&section=14","//upload.wikimedia.org/math/9/c/c/9cc43c70dcfc3574220aeddb286643b0.png","//upload.wikimedia.org/math/2/a/5/2a5ac5fdc093e463b86c6f1b63809cbd.png","/wiki/Multiplication","/wiki/Division_(mathematics)","/wiki/Exponential_functions","//upload.wikimedia.org/math/c/d/2/cd24c9e9b25da993ea57ccdbeb9d3ea5.png","//upload.wikimedia.org/math/b/8/b/b8b2224bd6814f0c0e59fd949db159ec.png","//upload.wikimedia.org/math/2/1/f/21f9507f0354d8953dc7dad93acd4580.png","//upload.wikimedia.org/math/1/e/3/1e34d533df722c8cec394bc512b24887.png","/wiki/Addition","/wiki/Subtraction","//upload.wikimedia.org/math/9/6/0/96096a4f9c1525d130adab0099745da8.png","//upload.wikimedia.org/math/7/a/c/7acf38b03aad20563a10eb0a8b3c3712.png","//upload.wikimedia.org/math/4/d/6/4d6f565c8d70a7f02d9d57cccca925d2.png","/w/index.php?title=Scientific_notation&action=edit&section=15","/wiki/Binary_numeral_system","/wiki/Decimal_representation","/wiki/Floating-point","/wiki/Engineering_notation","/w/index.php?title=Scientific_notation&action=edit&section=16","/wiki/Engineering_notation","/wiki/Binary_prefix","/wiki/Floating_point","/wiki/ISO_31-0","/wiki/ISO_31-11","/wiki/Significant_figure","/wiki/Scientific_pitch_notation","/w/index.php?title=Scientific_notation&action=edit&section=17","#cite_ref-cuu-e_1-0","http://physics.nist.gov/cgi-bin/cuu/Value?e","http://physics.nist.gov/cgi-bin/cuu/Value?e","#cite_ref-2","http://hps.org/publicinformation/ate/q930.html","#cite_ref-3","http://hps.org/documents/2010_midyear_author-submission-guidelines.pdf","#cite_ref-4","http://download.oracle.com/javase/tutorial/java/nutsandbolts/datatypes.html","http://download.oracle.com/javase/tutorial/java/nutsandbolts/datatypes.html","#cite_ref-5","http://www.math.hawaii.edu/lab/197/fortran/fort3.htm#double","http://www.math.hawaii.edu/lab/197/fortran/fort3.htm#double","#cite_ref-6","#cite_ref-7","http://www.springerlink.com/content/k902506t443683p5/","http://www.springerlink.com/content/k902506t443683p5/","#cite_ref-8","http://prosjekt.ring.hibu.no/simula/Standard/chap_1.htm","http://prosjekt.ring.hibu.no/simula/Standard/chap_1.htm","#cite_ref-9","https://darchive.mblwhoilibrary.org/bitstream/1912/665/1/WHOI-76-59.pdf","http://www.brookscole.com/physics_d/templates/student_resources/003026961X_serway/review/expnot.html","http://www.brynmawr.edu/nsf/tutorial/ss/ssnot.html","http://www.lasalle.edu/~smithsc/Astronomy/Units/sci_notation.html","http://www.gnsphysics.com/mathreview.pdf","http://www.ttinet.com/doc/language_v44_003.html#heading_3.2.4.2","/w/index.php?title=Scientific_notation&action=edit&section=18","//upload.wikimedia.org/wikipedia/commons/thumb/f/f8/Wiktionary-logo-en.svg/37px-Wiktionary-logo-en.svg.png","//en.wiktionary.org/wiki/scientific_notation","http://www.miniwebtool.com/decimal-to-scientific-notation-converter/","http://www.miniwebtool.com/scientific-notation-to-decimal-converter/","http://www.math.toronto.edu/mathnet/plain/questionCorner/scinot.html","http://science.widener.edu/svb/tutorial/scinot.html","http://en.wikipedia.org/w/index.php?title=Scientific_notation&oldid=542693345","/wiki/Help:Categories","/wiki/Category:Numeral_systems","/wiki/Category:Measurement","/wiki/Category:Notation","/wiki/Category:All_articles_with_unsourced_statements","/wiki/Category:Articles_with_unsourced_statements_from_March_2012","/wiki/Category:Wikipedia_articles_needing_clarification_from_February_2012","/w/index.php?title=Special:UserLogin&returnto=Scientific+notation&type=signup","/w/index.php?title=Special:UserLogin&returnto=Scientific+notation","/wiki/Scientific_notation","/wiki/Talk:Scientific_notation","#","/wiki/Scientific_notation","/w/index.php?title=Scientific_notation&action=edit","/w/index.php?title=Scientific_notation&action=history","#","/w/index.php","//bits.wikimedia.org/static-1.21wmf11/skins/vector/images/search-ltr.png?303-4","/wiki/Main_Page","/wiki/Main_Page","/wiki/Portal:Contents","/wiki/Portal:Featured_content","/wiki/Portal:Current_events","/wiki/Special:Random","//donate.wikimedia.org/wiki/Special:FundraiserRedirector?utm_source=donate&utm_medium=sidebar&utm_campaign=C13_en.wikipedia.org&uselang=en","/wiki/Help:Contents","/wiki/Wikipedia:About","/wiki/Wikipedia:Community_portal","/wiki/Special:RecentChanges","/wiki/Wikipedia:Contact_us","/wiki/Special:WhatLinksHere/Scientific_notation","/wiki/Special:RecentChangesLinked/Scientific_notation","/wiki/Wikipedia:File_Upload_Wizard","/wiki/Special:SpecialPages","/w/index.php?title=Scientific_notation&oldid=542693345","/w/index.php?title=Scientific_notation&action=info","/w/index.php?title=Special:Cite&page=Scientific_notation&id=542693345","/w/index.php?title=Special:Book&bookcmd=book_creator&referer=Scientific+notation","/w/index.php?title=Special:Book&bookcmd=render_article&arttitle=Scientific+notation&oldid=542693345&writer=rl","/w/index.php?title=Scientific_notation&printable=yes","//af.wikipedia.org/wiki/Wetenskaplike_notasie","//ar.wikipedia.org/wiki/%D9%83%D8%AA%D8%A7%D8%A8%D8%A9_%D8%B9%D9%84%D9%85%D9%8A%D8%A9","//ca.wikipedia.org/wiki/Notaci%C3%B3_cient%C3%ADfica","//cs.wikipedia.org/wiki/V%C4%9Bdeck%C3%BD_z%C3%A1pis_%C4%8D%C3%ADsel","//da.wikipedia.org/wiki/Videnskabelige_notation","//de.wikipedia.org/wiki/Wissenschaftliche_Notation","//et.wikipedia.org/wiki/Arvu_standardkuju","//es.wikipedia.org/wiki/Notaci%C3%B3n_cient%C3%ADfica","//eu.wikipedia.org/wiki/Notazio_zientifiko","//fa.wikipedia.org/wiki/%D9%86%D9%85%D8%A7%D8%AF_%D8%B9%D9%84%D9%85%DB%8C","//fr.wikipedia.org/wiki/Notation_scientifique","//id.wikipedia.org/wiki/Notasi_ilmiah","//is.wikipedia.org/wiki/Sta%C3%B0alform","//it.wikipedia.org/wiki/Notazione_scientifica","//ht.wikipedia.org/wiki/Notasyon_syantifik","//lt.wikipedia.org/wiki/Standartin%C4%97_skai%C4%8Diaus_i%C5%A1rai%C5%A1ka","//hu.wikipedia.org/wiki/Norm%C3%A1lalak","//nl.wikipedia.org/wiki/Wetenschappelijke_notatie","//ja.wikipedia.org/wiki/%E6%8C%87%E6%95%B0%E8%A1%A8%E8%A8%98","//no.wikipedia.org/wiki/Vitenskapelig_notasjon","//pl.wikipedia.org/wiki/Notacja_naukowa","//pt.wikipedia.org/wiki/Nota%C3%A7%C3%A3o_cient%C3%ADfica","//ru.wikipedia.org/wiki/%D0%AD%D0%BA%D1%81%D0%BF%D0%BE%D0%BD%D0%B5%D0%BD%D1%86%D0%B8%D0%B0%D0%BB%D1%8C%D0%BD%D0%B0%D1%8F_%D0%B7%D0%B0%D0%BF%D0%B8%D1%81%D1%8C","//simple.wikipedia.org/wiki/Scientific_notation","//sl.wikipedia.org/wiki/Znanstveni_zapis","//fi.wikipedia.org/wiki/Kymmenpotenssimuoto","//sv.wikipedia.org/wiki/Grundpotensform","//ta.wikipedia.org/wiki/%E0%AE%B5%E0%AE%BF%E0%AE%9E%E0%AF%8D%E0%AE%9E%E0%AE%BE%E0%AE%A9%E0%AE%AE%E0%AF%81%E0%AE%B1%E0%AF%88%E0%AE%95%E0%AF%8D_%E0%AE%95%E0%AF%81%E0%AE%B1%E0%AE%BF%E0%AE%AA%E0%AF%8D%E0%AE%AA%E0%AF%80%E0%AE%9F%E0%AF%81","//th.wikipedia.org/wiki/%E0%B8%AA%E0%B8%B1%E0%B8%8D%E0%B8%81%E0%B8%A3%E0%B8%93%E0%B9%8C%E0%B8%A7%E0%B8%B4%E0%B8%97%E0%B8%A2%E0%B8%B2%E0%B8%A8%E0%B8%B2%E0%B8%AA%E0%B8%95%E0%B8%A3%E0%B9%8C","//tr.wikipedia.org/wiki/Bilimsel_g%C3%B6sterim","//zh.wikipedia.org/wiki/%E7%A7%91%E5%AD%A6%E8%AE%B0%E6%95%B0%E6%B3%95","//www.wikidata.org/wiki/Special:ItemByTitle/enwiki/Scientific notation","//en.wikipedia.org/wiki/Wikipedia:Text_of_Creative_Commons_Attribution-ShareAlike_3.0_Unported_License","//creativecommons.org/licenses/by-sa/3.0/","//wikimediafoundation.org/wiki/Terms_of_Use","//www.wikimediafoundation.org/","//wikimediafoundation.org/wiki/Privacy_policy","/wiki/Wikipedia:About","/wiki/Wikipedia:General_disclaimer","http://en.m.wikipedia.org/wiki/Scientific_notation","//wikimediafoundation.org/","//bits.wikimedia.org/images/wikimedia-button.png","//www.mediawiki.org/","//bits.wikimedia.org/static-1.21wmf11/skins/common/images/poweredby_mediawiki_88x31.png","//bits.wikimedia.org/en.wikipedia.org/load.php?debug=false&lang=en&modules=skins.vector&only=scripts&skin=vector&*","/w/index.php?title=MediaWiki:Gadget-ReferenceTooltips.js&action=raw&ctype=text/javascript&508635914","//bits.wikimedia.org/en.wikipedia.org/load.php?debug=false&lang=en&modules=site&only=scripts&skin=vector&*"],"instances":["mathematical_constant","exponentiation","programming_language","mathematics","programming_language","punctuation","mathematics","programming","programming_language","mathematics"],"pdf":["http://www.unicode.org/charts/PDF/U2300.pdf","http://education.ti.com/downloads/guidebooks/sdk/83p/sdk83pguide.pdf","http://hps.org/documents/2010_midyear_author-submission-guidelines.pdf","https://darchive.mblwhoilibrary.org/bitstream/1912/665/1/WHOI-76-59.pdf","http://www.gnsphysics.com/mathreview.pdf"],"categories":["Numeral systems","Measurement","Notation"],"headings":["{{anchor|Normalized notation}}Normalized notation","Engineering notation","Significant figures","{{anchor|E notation}}E notation","Order of magnitude","Use of spaces","Converting numbers","Basic operations","Other bases","See also","Notes and references","External links"],"image":["//upload.wikimedia.org/math/c/2/8/c28d1c9f6e047e3b93030bf39fe60e5b.png","//upload.wikimedia.org/wikipedia/commons/thumb/1/1d/Avogadro%27s_number_in_e_notation.jpg/170px-Avogadro%27s_number_in_e_notation.jpg","//bits.wikimedia.org/static-1.21wmf10/skins/common/images/magnify-clip.png","//upload.wikimedia.org/math/9/c/c/9cc43c70dcfc3574220aeddb286643b0.png","//upload.wikimedia.org/math/2/a/5/2a5ac5fdc093e463b86c6f1b63809cbd.png","//upload.wikimedia.org/math/c/d/2/cd24c9e9b25da993ea57ccdbeb9d3ea5.png","//upload.wikimedia.org/math/b/8/b/b8b2224bd6814f0c0e59fd949db159ec.png","//upload.wikimedia.org/math/2/1/f/21f9507f0354d8953dc7dad93acd4580.png","//upload.wikimedia.org/math/1/e/3/1e34d533df722c8cec394bc512b24887.png","//upload.wikimedia.org/math/9/6/0/96096a4f9c1525d130adab0099745da8.png","//upload.wikimedia.org/math/7/a/c/7acf38b03aad20563a10eb0a8b3c3712.png","//upload.wikimedia.org/math/4/d/6/4d6f565c8d70a7f02d9d57cccca925d2.png","//upload.wikimedia.org/wikipedia/commons/thumb/f/f8/Wiktionary-logo-en.svg/37px-Wiktionary-logo-en.svg.png","//bits.wikimedia.org/static-1.21wmf11/skins/vector/images/search-ltr.png?303-4","//bits.wikimedia.org/images/wikimedia-button.png","//bits.wikimedia.org/static-1.21wmf11/skins/common/images/poweredby_mediawiki_88x31.png"],"tags":[["fraction","mathematics"],["base","exponentiation"],["multiple","mathematics"],["e","mathematical_constant"],["ada","programming_language"],["java","programming_language"],["python","programming_language"],["operator","programming"],["space","punctuation"],["division","mathematics"]],"members":["e","base","python","division","java","space","fraction","operator","ada","multiple"],"related":["Exponentiation","Integer","Coefficient","Real_number","Fraction_(mathematics)","Logarithm","Decimal_floating_point","Normalized_number","Absolute_value","Order_of_magnitude","Engineering_notation","Base_(exponentiation)","Multiple_(mathematics)","SI_prefixes","Calculator","Computer_program","Subscript_and_superscript","E_(mathematical_constant)","Exponential_function","Ada_(programming_language)","C++","Fortran","MATLAB","Scilab","Perl","Java_(programming_language)","Python_(programming_language)","Avogadro_constant","ALGOL","ALGOL_68","TI-83_series","TI-84_Plus_series","Operator_(programming)","Simula","Double_precision","Proton","Order_of_magnitude","Space_(punctuation)","Typesetting","Thin_space","Electron","Earth","Mass","International_System_of_Units","Inch","Micrometre","Addition","Multiplication","Division_(mathematics)","Exponential_functions","Addition","Subtraction","Binary_numeral_system","Decimal_representation","Floating-point","Engineering_notation","Engineering_notation","Binary_prefix","Floating_point","ISO_31-0","ISO_31-11","Significant_figure","Scientific_pitch_notation"]}