{"cursor":"14275","size":15,"audio":[],"currentlang":"en","article":"\n{{Infobox person\n| name = Wataru Takagi image = imagesize = caption = birthname = birth_date =\n| birth_place = Chiba Prefecture, Japan death_date =  death_place = othername = occupation = Voice actor, stage actor\n| yearsactive = 1987-present spouse = domesticpartner = website =\n}} is a Japanese voice and stage actor from Chiba Prefecture. He is currently\naffiliated with Arts Vision.\n\nHe is best known for his roles in [[Case Closed|Detective Conan]] (as Genta\nKojima and Officer Wataru Takagi), [[After War Gundam X]] (as Garrod Ran),\n[[Slayers Try]] (as Valgaav), the [[Beast Wars: Transformers]] series (as\nCheetas), [[Great Teacher Onizuka]] (Eikichi Onizuka), [[Fighting Spirit\n(manga)|Hajime no Ippo]] (as Masaru Aoki), [[Naruto]] (as Tobi during his funny\npersonality), the fifth series of [[GeGeGe no Kitaro]] (as Nezumi Otoko), [[Yes!\nPreCure 5]] (as Bunbee) and the [[Super Robot Wars]] series (as Senshi Roa).\nTakagi is the official Japanese voice of Daffy Duck.\n","linknr":376,"url":"Wataru_Takagi","recorded":1364137245,"links":["/w/index.php?title=Wataru_Takagi&action=edit","/w/index.php?title=Wataru_Takagi&action=edit","//en.wikipedia.org/apple-touch-icon.png","//bits.wikimedia.org/favicon/wikipedia.ico","/w/opensearch_desc.php","//en.wikipedia.org/w/api.php?action=rsd","//creativecommons.org/licenses/by-sa/3.0/","/w/index.php?title=Special:RecentChanges&feed=atom","//bits.wikimedia.org/en.wikipedia.org/load.php?debug=false&lang=en&modules=ext.gadget.DRN-wizard%2CReferenceTooltips%2Ccharinsert%2Cteahouse%7Cext.wikihiero%7Cmediawiki.legacy.commonPrint%2Cshared%7Cmw.PopUpMediaTransform%7Cskins.vector&only=styles&skin=vector&*","//bits.wikimedia.org/en.wikipedia.org/load.php?debug=false&lang=en&modules=site&only=styles&skin=vector&*","//bits.wikimedia.org/en.wikipedia.org/load.php?debug=false&lang=en&modules=startup&only=scripts&skin=vector&*","//bits.wikimedia.org/geoiplookup","//meta.wikimedia.org","#mw-head","#p-search","/wiki/Wataru_Takagi_(Case_Closed)","/wiki/Chiba_Prefecture","/wiki/Japan","/wiki/Voice_actor","/wiki/Stage_(theatre)","/wiki/Actor","/wiki/Help:Installing_Japanese_character_sets","/wiki/Voice_acting_in_Japan","/wiki/Stage_(theatre)","/wiki/Actor","/wiki/Chiba_Prefecture","/wiki/Arts_Vision","/wiki/Case_Closed","/wiki/Genta_Kojima","/wiki/Wataru_Takagi_(Case_Closed)","/wiki/After_War_Gundam_X","/wiki/List_of_After_War_Gundam_X_characters#Freedan_pilots_and_crew","/wiki/Slayers_Try","/wiki/List_of_Slayers_characters#Valgaav","/wiki/Beast_Wars:_Transformers","/wiki/Cheetas","/wiki/Great_Teacher_Onizuka","/wiki/Eikichi_Onizuka","/wiki/Fighting_Spirit_(manga)","/wiki/List_of_Fighting_Spirit_characters#Others","/wiki/Naruto","/wiki/Tobi_(Naruto)","/wiki/GeGeGe_no_Kitaro","/wiki/Nezumi_Otoko","/wiki/Yes!_PreCure_5","/w/index.php?title=Bunbee&action=edit&redlink=1","/wiki/Super_Robot_Wars","/w/index.php?title=Senshi_Roa&action=edit&redlink=1","/wiki/Daffy_Duck","#Roles","#Television_animation","#OVA","#Theater_animation","#Video_games","#Tokusatsu","#Dubbing_roles","#Films","#Animation","#External_links","/w/index.php?title=Wataru_Takagi&action=edit&section=1","/w/index.php?title=Wataru_Takagi&action=edit&section=2","/wiki/After_War_Gundam_X","/wiki/Akagi_(manga)","/wiki/Arc_the_Lad","/w/index.php?title=Ashita_Free_Kick&action=edit&redlink=1","/wiki/Beelzebub_(manga)","/wiki/Black_Lagoon","/wiki/Bleach_(manga)","/wiki/Blue_Dragon","/wiki/Pluster_World","/w/index.php?title=Ch%C5%8Ddend%C5%8D_Robo:_Tetsujin_28_G%C5%8D_FX&action=edit&redlink=1","/w/index.php?title=Ch%C5%8Dja_Raid%C4%ABn&action=edit&redlink=1","/wiki/Cinderella_Boy","/wiki/Cinderella_Monogatari","/wiki/Cyborg_009","/wiki/Case_Closed","/wiki/Genta_Kojima","/wiki/List_of_Case_Closed_characters#Wataru_Takagi","/wiki/Durarara!!","/wiki/GeGeGe_no_Kitaro","/wiki/GeGeGe_no_Kitaro","/wiki/GetBackers","/wiki/Ghost_Sweeper_Mikami","/wiki/Great_Teacher_Onizuka","/wiki/F-Zero_Falcon_Densetsu","/wiki/Golgo_13","/wiki/Fairy_Tail","/wiki/Fighting_Spirit_(manga)","/wiki/Futari_wa_Pretty_Cure","/wiki/Hellsing","/wiki/Strawberry_100%25","/wiki/Initial_D","/wiki/Initial_D#Second_Stage","/wiki/Jungle_King_Tar-chan","/wiki/Jura_Tripper","/wiki/Fighting_Foodons","/wiki/Kinky%C5%AB_Hasshin_Saver_Kids","/wiki/Mushiking:_King_of_the_Beetles","/wiki/Gulliver_Boy","/wiki/Samurai_Pizza_Cats","/wiki/Legendary_Gambler_Tetsuya","/wiki/Mah%C5%8Djin_Guru_Guru","/wiki/Monster_(manga)","/wiki/Pandalian","/wiki/The_Candidate_for_Goddess","/wiki/Mister_Ajikko","/wiki/Mojacko","/wiki/Monster_Rancher_(anime)","/wiki/Naruto","/wiki/Naruto_Shippuden","/wiki/One_Outs","/wiki/One_Piece","/wiki/Pok%C3%A9mon_(anime)","/wiki/PoPoLoCrois","/wiki/Power_Stone","/wiki/Red_Baron_(anime)","/wiki/Sailor_Moon","/wiki/Samurai_Shodown_(series)","/wiki/S-CRY-ed","/wiki/Shaman_King","/wiki/Shiki_(manga)","/wiki/Shin_Megami_Tensei:_Devil_Children","/w/index.php?title=Shin_Tenchi_Muyo!&action=edit&redlink=1","/wiki/Slayers_Try","/wiki/Soreike!_Anpanman","/wiki/Stitch!","/wiki/Tenchi_Muyo!","/wiki/Cheeky_Angel","/wiki/Time_Travel_Tondekeman","/wiki/Tokko_(manga)","/wiki/Toriko","/wiki/Yamato_Takeru_(anime)","/wiki/YAT_Anshin!_Uch%C5%AB_Ryok%C5%8D","/wiki/Yes!_PreCure_5","/wiki/Zoids:_New_Century_Zero","/w/index.php?title=Wataru_Takagi&action=edit&section=3","/wiki/Baldr_Force","/wiki/Locke_the_Superman","/wiki/Dinozaurs","/wiki/Fire_Emblem:_Mystery_of_the_Emblem","/wiki/Legend_of_the_Galactic_Heroes","/wiki/Iria:_Zeiram_the_Animation","/wiki/Hellsing_Ultimate","/wiki/Jing:_King_of_Bandits","/wiki/One_Piece:_Defeat_The_Pirate_Ganzak!","/wiki/Roronoa_Zoro","/wiki/Samurai_X:_Trust_%26_Betrayal","/wiki/Shinsaku_Takasugi","/wiki/Tekkaman_Blade_II","/wiki/Mobile_Suit_Gundam_Unicorn","/w/index.php?title=Wataru_Takagi&action=edit&section=4","/wiki/D%C5%8Dbutsu_no_Mori_(film)","/w/index.php?title=GeGeGe_no_Kitar%C5%8D:_Obake_Nait%C4%81&action=edit&redlink=1","/wiki/Pok%C3%A9mon:_The_First_Movie","/w/index.php?title=Wataru_Takagi&action=edit&section=5","/w/index.php?title=Arunamu_no_Tsubasa:_Sh%C5%8Djin_no_Sora_no_Kanatahe&action=edit&redlink=1","/w/index.php?title=Azito_3&action=edit&redlink=1","/w/index.php?title=Backguiner&action=edit&redlink=1","/wiki/Crash_Team_Racing","/wiki/Characters_of_Crash_Bandicoot#The_Komodo_Brothers","/wiki/Ganbare_Goemon:_Oedo_Daikaiten","/w/index.php?title=GeGeGe_no_Kitar%C5%8D:_Yokai_Daiun_D%C5%8Dkai&action=edit&redlink=1","/wiki/SD_Gundam_G_Generation","/wiki/Gotcha_Force","/wiki/Front_Mission_5:_Scars_of_the_War","/wiki/Fullmetal_Alchemist_3:_Kami_o_Tsugu_Sh%C5%8Djo","/wiki/Fist_of_the_North_Star:_Ken%27s_Rage","/wiki/Jak_II","/wiki/Jojo%27s_Bizarre_Adventure:_All-Star_Battle","/wiki/Okuyasu_Nijimura","/wiki/Kingdom_Hearts_Birth_by_Sleep","/wiki/Nightshade_(2004_video_game)","/wiki/Legend_of_Legaia","/wiki/One_Piece","/wiki/One_Piece:_Pirates%27_Carnival","/wiki/Super_Gem_Fighter_Mini_Mix","/wiki/Power_Stone","/wiki/Ratchet_%26_Clank","/wiki/Ratchet_%26_Clank:_Up_Your_Arsenal","/wiki/Marvel_Super_Heroes_vs._Street_Fighter","/wiki/Marvel_vs._Capcom:_Clash_of_Super_Heroes","/wiki/Marvel_vs._Capcom_2:_New_Age_of_Heroes","/wiki/Mega_Man_8","/wiki/Mega_Man_X6","/wiki/Mega_Man_X7","/wiki/Mega_Man_ZX","/wiki/Project_X_Zone","/w/index.php?title=Sakura_Taisen_3_%7EParihamoe_Teiruka%7E&action=edit&redlink=1","/wiki/Shaman_King:_Soul_Fight","/wiki/Shaman_King:_Spirit_of_Shamans","/wiki/Skylanders:_Spyro%27s_Adventure","/wiki/Skylanders:_Giants","/wiki/SNK_vs._Capcom:_SVC_Chaos","/wiki/Shinobi_(2002_video_game)","/wiki/Sonic_Colors","/wiki/Soulcalibur","/wiki/List_of_Soul_characters#Hwang","/wiki/Soul_Edge","/wiki/List_of_Soul_characters#Mitsurugi","/wiki/Street_Fighter_III","/wiki/Ryu_(Street_Fighter)","/wiki/List_of_Street_Fighter_characters#Yun_and_Yang","/wiki/Street_Fighter_III:_2nd_Impact","/wiki/List_of_Street_Fighter_characters#Hugo","/wiki/Street_Fighter_EX","/wiki/Street_Fighter_EX2","/wiki/List_of_Street_Fighter_characters#D._Dark","/wiki/Street_Fighter_EX3","/wiki/Street_Fighter_Alpha","/wiki/List_of_Street_Fighter_characters#Birdie","/wiki/List_of_Street_Fighter_characters#Sodom","/wiki/List_of_Street_Fighter_characters#Adon","/wiki/Street_Fighter_Alpha_2","/wiki/Zangief","/wiki/List_of_Street_Fighter_characters#Gen","/wiki/Street_Fighter_Alpha_3","/wiki/Street_Fighter_X_Tekken","/wiki/Summon_Night_3","/wiki/Super_Robot_Wars","/wiki/Tekken_2","/wiki/Lei_Wulong","/wiki/Tomb_Raider","/wiki/Tomb_Raider_Chronicles","/wiki/Uncharted:_Drake%27s_Fortune","/wiki/X-Men_vs._Street_Fighter","/wiki/Xenogears","/wiki/Carnage_Heart","/w/index.php?title=Wataru_Takagi&action=edit&section=6","/wiki/Engine_Sentai_Go-onger","/wiki/Tensou_Sentai_Goseiger","/wiki/Kamen_Rider_Den-O","/wiki/Kaizoku_Sentai_Gokaiger","/wiki/Tokumei_Sentai_Go-Busters","/w/index.php?title=Wataru_Takagi&action=edit&section=7","/wiki/Oggy_and_the_Cockroaches","/w/index.php?title=Wataru_Takagi&action=edit&section=8","/wiki/Jack_Black","/wiki/Be_Kind_Rewind","/wiki/Gulliver%27s_Travels_(2010_film)","/wiki/High_Fidelity_(film)","/wiki/King_Kong_(2005_film)","/wiki/Nacho_Libre","/wiki/Shallow_Hal","/wiki/24_(TV_series)","/wiki/8_Simple_Rules","/wiki/Anacondas:_The_Hunt_for_the_Blood_Orchid","/wiki/Bad_Boys_II","/wiki/Collateral_(film)","/wiki/ER_(TV_series)","/wiki/Garfield:_The_Movie","/wiki/Godzilla_(1998_film)","/wiki/Harry_Potter_and_the_Chamber_of_Secrets_(film)","/wiki/Home_Alone_2:_Lost_in_New_York","/wiki/Horrible_Bosses","/wiki/Independence_Day_(film)","/wiki/Iron_Man_(film)","/wiki/War_Machine","/wiki/Joy_Ride_(2001_film)","/wiki/LAX_(TV_series)","/wiki/Lethal_Weapon_4","/wiki/Meet_the_Spartans","/wiki/Men_in_Black_II","/wiki/The_Mummy_Returns","/wiki/Muppets_Tonight","/wiki/Panic_Room_(film)","/wiki/Shall_We_Dance%3F_(2004_film)","/wiki/Sister_Act_2:_Back_in_the_Habit","/wiki/Snakes_on_a_Plane","/wiki/Son_of_the_Mask","/wiki/Supernatural_(U.S._TV_series)","/wiki/S.W.A.T._(film)","/wiki/Transformers_(film)","/wiki/True_Romance","/wiki/Van_Helsing_(film)","/wiki/Ugly_Betty","/wiki/Predators_(film)","/w/index.php?title=Wataru_Takagi&action=edit&section=9","/wiki/Cars_(film)","/wiki/Duck_Dodgers_(TV_series)","/wiki/Ed,_Edd_n_Eddy","/wiki/The_Incredibles","/wiki/Kung_Fu_Panda","/wiki/The_Little_Mermaid_II:_Return_to_the_Sea","/wiki/Looney_Tunes","/wiki/Daffy_Duck","/wiki/The_Looney_Tunes_Show","/wiki/The_New_Adventures_of_Winnie_the_Pooh","/wiki/The_Penguins_of_Madagascar","/wiki/Spider-Man_(1994_TV_series)","/wiki/Prowler_(comics)","/wiki/Spider-Man_and_His_Amazing_Friends","/wiki/Iceman_(comics)","/wiki/Captain_America","/wiki/ThunderCats_(2011_TV_series)","/wiki/The_Tom_and_Jerry_Show_(1975_TV_series)","/wiki/Up_(2009_film)","/wiki/X-Men_(TV_series)","/wiki/Iceman_(comics)","/w/index.php?title=Wataru_Takagi&action=edit&section=10","http://www.artsvision.co.jp/data.php?id=601","/wiki/Arts_Vision","http://www.sannin.net/","http://www.animenewsnetwork.com/encyclopedia/people.php?id=1307","/wiki/Anime_News_Network","/wiki/Wikipedia:Persondata","/wiki/Chiba_Prefecture","/wiki/Japan","http://en.wikipedia.org/w/index.php?title=Wataru_Takagi&oldid=541343650","/wiki/Help:Categories","/wiki/Category:1966_births","/wiki/Category:Japanese_voice_actors","/wiki/Category:Living_people","/wiki/Category:People_from_Chiba_Prefecture","/wiki/Category:Articles_with_hCards","/wiki/Category:Articles_containing_Japanese_language_text","/w/index.php?title=Special:UserLogin&returnto=Wataru+Takagi&type=signup","/w/index.php?title=Special:UserLogin&returnto=Wataru+Takagi","/wiki/Wataru_Takagi","/wiki/Talk:Wataru_Takagi","#","/wiki/Wataru_Takagi","/w/index.php?title=Wataru_Takagi&action=edit","/w/index.php?title=Wataru_Takagi&action=history","#","/w/index.php","//bits.wikimedia.org/static-1.21wmf11/skins/vector/images/search-ltr.png?303-4","/wiki/Main_Page","/wiki/Main_Page","/wiki/Portal:Contents","/wiki/Portal:Featured_content","/wiki/Portal:Current_events","/wiki/Special:Random","//donate.wikimedia.org/wiki/Special:FundraiserRedirector?utm_source=donate&utm_medium=sidebar&utm_campaign=C13_en.wikipedia.org&uselang=en","/wiki/Help:Contents","/wiki/Wikipedia:About","/wiki/Wikipedia:Community_portal","/wiki/Special:RecentChanges","/wiki/Wikipedia:Contact_us","/wiki/Special:WhatLinksHere/Wataru_Takagi","/wiki/Special:RecentChangesLinked/Wataru_Takagi","/wiki/Wikipedia:File_Upload_Wizard","/wiki/Special:SpecialPages","/w/index.php?title=Wataru_Takagi&oldid=541343650","/w/index.php?title=Wataru_Takagi&action=info","/w/index.php?title=Special:Cite&page=Wataru_Takagi&id=541343650","/w/index.php?title=Special:Book&bookcmd=book_creator&referer=Wataru+Takagi","/w/index.php?title=Special:Book&bookcmd=render_article&arttitle=Wataru+Takagi&oldid=541343650&writer=rl","/w/index.php?title=Wataru_Takagi&printable=yes","//ar.wikipedia.org/wiki/%D9%88%D8%A7%D8%AA%D8%A7%D8%B1%D9%88_%D8%AA%D8%A7%D9%83%D8%A7%D8%BA%D9%8A","//es.wikipedia.org/wiki/Wataru_Takagi","//fr.wikipedia.org/wiki/Wataru_Takagi","//ko.wikipedia.org/wiki/%EB%8B%A4%EC%B9%B4%EA%B8%B0_%EC%99%80%ED%83%80%EB%A3%A8","//id.wikipedia.org/wiki/Wataru_Takagi","//it.wikipedia.org/wiki/Wataru_Takagi","//jv.wikipedia.org/wiki/Takagi_Wataru","//hu.wikipedia.org/wiki/Takagi_Vataru","//ja.wikipedia.org/wiki/%E9%AB%98%E6%9C%A8%E6%B8%89","//fi.wikipedia.org/wiki/Wataru_Takagi","//th.wikipedia.org/wiki/%E0%B8%A7%E0%B8%B0%E0%B8%95%E0%B8%B0%E0%B8%A3%E0%B8%B8_%E0%B8%97%E0%B8%B0%E0%B8%81%E0%B8%B0%E0%B8%87%E0%B8%B4","//zh.wikipedia.org/wiki/%E9%AB%98%E6%9C%A8%E6%B6%89","//www.wikidata.org/wiki/Special:ItemByTitle/enwiki/Wataru Takagi","//en.wikipedia.org/wiki/Wikipedia:Text_of_Creative_Commons_Attribution-ShareAlike_3.0_Unported_License","//creativecommons.org/licenses/by-sa/3.0/","//wikimediafoundation.org/wiki/Terms_of_Use","//www.wikimediafoundation.org/","//en.wikipedia.org/wiki/Wikipedia:Contact_us","//wikimediafoundation.org/wiki/Privacy_policy","/wiki/Wikipedia:About","/wiki/Wikipedia:General_disclaimer","http://en.m.wikipedia.org/wiki/Wataru_Takagi","//wikimediafoundation.org/","//bits.wikimedia.org/images/wikimedia-button.png","//www.mediawiki.org/","//bits.wikimedia.org/static-1.21wmf11/skins/common/images/poweredby_mediawiki_88x31.png","//bits.wikimedia.org/en.wikipedia.org/load.php?debug=false&lang=en&modules=skins.vector&only=scripts&skin=vector&*","/w/index.php?title=MediaWiki:Gadget-ReferenceTooltips.js&action=raw&ctype=text/javascript&508635914","//bits.wikimedia.org/en.wikipedia.org/load.php?debug=false&lang=en&modules=site&only=scripts&skin=vector&*"],"instances":["comics","street_fighter","theatre","naruto","case_closed","2004_video_game","2002_video_game","comics"],"pdf":[],"categories":["1966 births","Japanese voice actors","Living people","People from Chiba Prefecture"],"headings":["Roles","External links"],"image":["//bits.wikimedia.org/static-1.21wmf11/skins/vector/images/search-ltr.png?303-4","//bits.wikimedia.org/images/wikimedia-button.png","//bits.wikimedia.org/static-1.21wmf11/skins/common/images/poweredby_mediawiki_88x31.png"],"tags":[["stage","theatre"],["stage","theatre"],["wataru_takagi","case_closed"],["tobi","naruto"],["nightshade","2004_video_game"],["shinobi","2002_video_game"],["ryu","street_fighter"],["prowler","comics"],["iceman","comics"],["iceman","comics"]],"members":["iceman","ryu","stage","tobi","wataru_takagi","nightshade","shinobi","prowler"],"related":["Chiba_Prefecture","Japan","Voice_actor","Stage_(theatre)","Actor","Voice_acting_in_Japan","Stage_(theatre)","Actor","Chiba_Prefecture","Arts_Vision","Genta_Kojima","Wataru_Takagi_(Case_Closed)","Cheetas","Eikichi_Onizuka","Tobi_(Naruto)","Nezumi_Otoko","Bunbee","Senshi_Roa","Daffy_Duck","Roronoa_Zoro","Shinsaku_Takasugi","SD_Gundam_G_Generation","Okuyasu_Nijimura","Nightshade_(2004_video_game)","Shinobi_(2002_video_game)","Ryu_(Street_Fighter)","Zangief","Lei_Wulong","Jack_Black","War_Machine","Daffy_Duck","Prowler_(comics)","Iceman_(comics)","Captain_America","Iceman_(comics)","Arts_Vision","Chiba_Prefecture","Japan"]}