{"cursor":"36523","size":15,"audio":[],"currentlang":"en","article":"A 'chemical bond' is an attraction between atoms that allows the formation of\nchemical substances that contain two or more atoms. The bond is caused by the\nelectrostatic force of attraction between opposite charges, either between\nelectrons and nuclei, or as the result of a dipole attraction. The strength of\nchemical bonds varies considerably; there are \"strong bonds\" such as covalent or\nionic bonds and \"weak bonds\" such as dipoleâdipole interactions, the London\ndispersion force and hydrogen bonding.\n\nSince opposite charges attract via a simple electromagnetic force, the\nnegatively charged electrons that are orbiting the nucleus and the positively\ncharged protons in the nucleus attract each other. Also, an electron positioned\nbetween two nuclei will be attracted to both of them. Thus, the most stable\nconfiguration of nuclei and electrons is one in which the electrons spend more\ntime between nuclei, than anywhere else in space. These electrons cause the\nnuclei to be attracted to each other, and this attraction results in the bond.\nHowever, this assembly cannot collapse to a size dictated by the volumes of\nthese individual particles. Due to the matter wave nature of electrons and their\nsmaller mass, they occupy a much larger amount of volume compared with the\nnuclei, and this volume occupied by the electrons keeps the atomic nuclei\nrelatively far apart, as compared with the size of the nuclei themselves.\n\nIn general, strong chemical bonding is associated with the sharing or transfer\nof electrons between the participating atoms. The atoms in molecules, crystals,\nmetals and diatomic gasesâ indeed most of the physical environment around usâ\nare held together by chemical bonds, which dictate the structure and the bulk\nproperties of matter. -style chemical bonds between carbon C, hydrogen H, and\noxygen O. Lewis dot depictures represent an early attempt to describe chemical\nbonding and are still widely used today.]]\n","linknr":457,"url":"Chemical_bond","recorded":1363406601,"links":["/w/index.php?title=Chemical_bond&action=edit","/w/index.php?title=Chemical_bond&action=edit","//en.wikipedia.org/apple-touch-icon.png","//bits.wikimedia.org/favicon/wikipedia.ico","/w/opensearch_desc.php","//en.wikipedia.org/w/api.php?action=rsd","//creativecommons.org/licenses/by-sa/3.0/","/w/index.php?title=Special:RecentChanges&feed=atom","//bits.wikimedia.org/en.wikipedia.org/load.php?debug=false&lang=en&modules=ext.gadget.DRN-wizard%2CReferenceTooltips%2Ccharinsert%2Cteahouse%7Cext.wikihiero%7Cmediawiki.legacy.commonPrint%2Cshared%7Cmw.PopUpMediaTransform%7Cskins.vector&only=styles&skin=vector&*","//bits.wikimedia.org/en.wikipedia.org/load.php?debug=false&lang=en&modules=site&only=styles&skin=vector&*","//bits.wikimedia.org/en.wikipedia.org/load.php?debug=false&lang=en&modules=startup&only=scripts&skin=vector&*","//bits.wikimedia.org/geoiplookup","//meta.wikimedia.org","#mw-head","#p-search","/wiki/Atom","/wiki/Chemical_substance","/wiki/Electrostatic_force","/wiki/Electrons","/wiki/Atomic_nucleus","/wiki/Dipole","/wiki/Covalent_bond","/wiki/Ionic_bond","/wiki/Intermolecular_force#Dipole-dipole_interactions","/wiki/London_dispersion_force","/wiki/Hydrogen_bonding","/wiki/Electromagnetic_force","/wiki/Electrons","/wiki/Protons","/wiki/Matter_wave","/wiki/Molecule","/wiki/Crystal","/wiki/Metal","/wiki/Structure","/wiki/File:Electron_dot.svg","//upload.wikimedia.org/wikipedia/commons/thumb/0/02/Electron_dot.svg/300px-Electron_dot.svg.png","/wiki/File:Electron_dot.svg","//bits.wikimedia.org/static-1.21wmf11/skins/common/images/magnify-clip.png","/wiki/Lewis_dot","/wiki/Carbon","/wiki/Hydrogen","/wiki/Oxygen","#Overview_of_main_types_of_chemical_bonds","#History","#Valence_bond_theory","#Comparison_of_valence_bond_and_molecular_orbital_theory","#Bonds_in_chemical_formulas","#Strong_chemical_bonds","#Covalent_bond","#Ionic_bond","#One-_and_three-electron_bonds","#Bent_bonds","#3c-2e_and_3c-4e_bonds","#Aromatic_bond","#Metallic_bond","#Intermolecular_bonding","#Summary:_electrons_in_chemical_bonds","#References","#External_links","/w/index.php?title=Chemical_bond&action=edit&section=1","/wiki/Condensed_matter","/wiki/Covalent_bond","/wiki/Polar_covalent_bond","/wiki/Molecules","/wiki/Nylon","/wiki/Diamond","/wiki/Quartz","/wiki/Silicate_minerals","/wiki/Ionic_bond","/wiki/Atomic_orbital","/wiki/Ion","/wiki/Metallic_bond","/wiki/Octet_rule","/wiki/VSEPR_theory","/wiki/Valence_bond_theory","/wiki/Orbital_hybridization","/wiki/Resonance_(chemistry)","/wiki/Linear_combination_of_atomic_orbitals_molecular_orbital_method","/wiki/Ligand_field_theory","/wiki/Electrostatics","/w/index.php?title=Chemical_bond&action=edit&section=2","/wiki/History_of_chemistry","/wiki/History_of_the_molecule","/wiki/Chemical_species","/wiki/Chemical_affinity","/wiki/Isaac_Newton","/wiki/Opticks","/wiki/Atom","/wiki/Force","/wiki/Force","/wiki/Voltaic_pile","/wiki/J%C3%B6ns_Jakob_Berzelius","/wiki/Edward_Frankland","/wiki/Alexander_Butlerov","/wiki/Hermann_Kolbe","/wiki/Radical_(chemistry)","/wiki/Valence_(chemistry)","/wiki/Gilbert_N._Lewis","/wiki/Covalent_bond","/wiki/Single_electron_bond","/wiki/Single_bond","/wiki/Double_bond","/wiki/Triple_bond","#cite_note-1","/wiki/Walther_Kossel","/wiki/Ionic_bond","/wiki/Abegg%27s_rule","/wiki/Dihydrogen_cation","#cite_note-2","/wiki/Walter_Heitler","/wiki/Fritz_London","/wiki/Valence_bond_theory","/wiki/Linear_combination_of_atomic_orbitals_molecular_orbital_method","/wiki/Sir_John_Lennard-Jones","/wiki/Fluorine","/wiki/Oxygen","/wiki/Molecular_orbital","/wiki/Schr%C3%B6dinger_equation","/wiki/Quantum_chemistry","/wiki/Density_Functional_Theory","#cite_note-3","/w/index.php?title=Chemical_bond&action=edit&section=3","/wiki/Valence_bond_theory","/wiki/Valence_electron","/wiki/Atomic_orbital","/wiki/Linus_Pauling","/wiki/Digital_computer","/w/index.php?title=Chemical_bond&action=edit&section=4","/wiki/Bond_energy","/wiki/Friedrich_Hund","/wiki/Robert_Mulliken","/wiki/Gerhard_Herzberg","/wiki/Complex_(chemistry)","/wiki/Electron_deficient","/wiki/Diborane","/wiki/Quantum_chemistry","/w/index.php?title=Chemical_bond&action=edit&section=5","/wiki/Molecular_formula","/wiki/Organic_chemistry","/wiki/Functional_group","/wiki/Conformational_isomerism","/w/index.php?title=Chemical_bond&action=edit&section=6","/wiki/Bond_length","/wiki/Energy","/wiki/%C3%85ngstr%C3%B6m","http://www.science.uwaterloo.ca/~cchieh/cact/c120/bondel.html","/wiki/Hydrogen","/wiki/Carbon","/wiki/Nitrogen","/wiki/Oxygen","/wiki/Halogen","/wiki/Molecules","/wiki/Electrons","/wiki/Electrostatic_attraction","/wiki/Bond_order","/wiki/Benzene","/wiki/Electronegativity","/w/index.php?title=Chemical_bond&action=edit&section=7","/wiki/Covalent_bond","/wiki/Organic_compound","/wiki/Sigma_bond","/wiki/Pi_bond","/wiki/Polar_covalent_bond","/wiki/Dipole-dipole_interactions","/wiki/Coordinate_covalent_bond","/wiki/Lewis_acids_and_bases","/wiki/Ammonium_ion","/wiki/Miscibility","/wiki/Polar_solvent","/wiki/Non-polar_solvent","/wiki/Hexane","/w/index.php?title=Chemical_bond&action=edit&section=8","/wiki/Ionic_bond","#cite_note-4","/wiki/Ions","/wiki/Elementary_charge","/wiki/Elementary_charge","/wiki/Salt_(chemistry)","/wiki/Sodium_chloride","/wiki/X-ray_diffraction","/wiki/Cation","/wiki/Anion","/wiki/Intermolecular_force","/w/index.php?title=Chemical_bond&action=edit&section=9","/wiki/File:Hydrogen_molecular_ion.png","//upload.wikimedia.org/wikipedia/commons/thumb/0/00/Hydrogen_molecular_ion.png/300px-Hydrogen_molecular_ion.png","/wiki/File:Hydrogen_molecular_ion.png","//bits.wikimedia.org/static-1.21wmf11/skins/common/images/magnify-clip.png","/wiki/Dihydrogen_cation","/wiki/Radical_(chemistry)","/wiki/Dihydrogen_cation","/wiki/Dilithium","#cite_note-5","/wiki/File:Graphical_comparison_of_bonds.svg","//upload.wikimedia.org/wikipedia/commons/thumb/3/3b/Graphical_comparison_of_bonds.svg/150px-Graphical_comparison_of_bonds.svg.png","/wiki/File:Graphical_comparison_of_bonds.svg","//bits.wikimedia.org/static-1.21wmf11/skins/common/images/magnify-clip.png","/wiki/Nitric_oxide","/wiki/Paramagnetism","#cite_note-pauling-6","/wiki/Chlorine_dioxide","/wiki/Bromine_dioxide","/w/index.php?title=Iodine_dioxide&action=edit&redlink=1","#cite_note-pauling-6","/w/index.php?title=Chemical_bond&action=edit&section=10","/wiki/Bent_bond","/wiki/Bent_bond","/wiki/Steric_effects","/w/index.php?title=Chemical_bond&action=edit&section=11","/wiki/Three-center_two-electron_bond","/wiki/Diborane","/wiki/Three-center_four-electron_bond","/wiki/Hypervalent_molecule","/wiki/Cluster_chemistry","/wiki/Four-center_two-electron_bond","/wiki/Benzene","/wiki/Aromatic","/wiki/Graphite","/w/index.php?title=Chemical_bond&action=edit&section=12","/wiki/Aromaticity","/wiki/Organic_chemistry","/wiki/Pi_bond","/wiki/Aromatic_compound","/wiki/H%C3%BCckel%27s_rule","/wiki/Benzene","/wiki/Heterocyclic","/wiki/Benzene","/w/index.php?title=Chemical_bond&action=edit&section=13","/wiki/Metallic_bond","/wiki/Electrical_conductivity","/wiki/Thermal_conductivity","/wiki/Ductility","/wiki/Tensile_strength","/w/index.php?title=Chemical_bond&action=edit&section=14","/wiki/Intermolecular_Force","/wiki/Intermolecular_force","/wiki/Melting_point","/wiki/Electronegativity","/wiki/Intermolecular_Force#Dipole-dipole_interactions","/wiki/Partial_charge","/wiki/Electrostatic_force","/wiki/Hydrogen_bond","/wiki/Hydrogen","/wiki/Fluorine","/wiki/Nitrogen","/wiki/Oxygen","/wiki/Water","/wiki/Ammonia","/wiki/London_dispersion_force","/wiki/Electron","/wiki/Electron_cloud","/wiki/Cation%E2%80%93pi_interaction","/wiki/Pi_bond","/w/index.php?title=Chemical_bond&action=edit&section=15","/wiki/Ionic_bond","/wiki/Classical_physics","/wiki/Isotropic","/wiki/Valence_bond_theory","/wiki/Molecular_orbital_theory","/wiki/Oxidation_number","/wiki/Linear_combination_of_atomic_orbitals_molecular_orbital_method","/wiki/Anisotropic","/wiki/Sigma_bond","/wiki/Pi_bond","/wiki/Electronegativity","/wiki/Polar_covalent_bond","/w/index.php?title=Chemical_bond&action=edit&section=16","#cite_ref-1","/wiki/Gilbert_N._Lewis","#cite_ref-2","#cite_ref-3","/wiki/Journal_of_Chemical_Physics","/wiki/American_Institute_of_Physics","/wiki/Digital_object_identifier","http://dx.doi.org/10.1063%2F1.1749252","#cite_ref-4","/wiki/Peter_Atkins","/wiki/International_Standard_Book_Number","/wiki/Special:BookSources/0-7167-3107-X","#cite_ref-5","/wiki/International_Standard_Book_Number","/wiki/Special:BookSources/0-521-83128-8","#cite_ref-pauling_6-0","#cite_ref-pauling_6-1","/w/index.php?title=Chemical_bond&action=edit&section=17","http://www.ch.ic.ac.uk/vchemlib/course/mo_theory/main.html","http://hyperphysics.phy-astr.gsu.edu/hbase/chemical/bond.html","http://osulibrary.oregonstate.edu/specialcollections/coll/pauling/bond/index.html","/wiki/Template:Chemical_bonds","/wiki/Template_talk:Chemical_bonds","//en.wikipedia.org/w/index.php?title=Template:Chemical_bonds&action=edit","/wiki/Intramolecular_force","/wiki/Covalent_bond","/wiki/Sigma_bond","/wiki/Pi_bond","/wiki/Delta_bond","/wiki/Phi_bond","/wiki/Single_bond","/wiki/Double_bond","/wiki/Triple_bond","/wiki/Quadruple_bond","/wiki/Quintuple_bond","/wiki/Sextuple_bond","/wiki/Three-center_two-electron_bond","/wiki/Dihydrogen_complex","/wiki/Three-center_four-electron_bond","/wiki/Four-center_two-electron_bond","/wiki/Agostic_interaction","/wiki/Bent_bond","/wiki/Dipolar_bond","/wiki/Pi_backbonding","/wiki/Hapticity","/wiki/Antibonding","/wiki/Resonance_(chemistry)","/wiki/Conjugated_system","/wiki/Hyperconjugation","/wiki/Aromaticity","/wiki/Metallic_bond","/wiki/Metal_aromaticity","/wiki/Ionic_bond","/wiki/Intermolecular_force","/wiki/Van_der_Waals_force","/wiki/London_dispersion_force","/wiki/Hydrogen_bond","/wiki/Low-barrier_hydrogen_bond","/wiki/Resonance_assisted_hydrogen_bond","/wiki/Symmetric_hydrogen_bond","/wiki/Dihydrogen_bond","/wiki/Noncovalent_bonding","/wiki/Mechanical_bond","/wiki/Halogen_bond","/wiki/Aurophilicity","/wiki/Intercalation_(chemistry)","/wiki/Stacking_(chemistry)","/wiki/Cation%E2%80%93pi_interaction","/wiki/Cation%E2%80%93pi_interaction#Anion.E2.80.93.CF.80_interaction","/wiki/Salt_bridge_(protein_and_supramolecular)","http://en.wikipedia.org/w/index.php?title=Chemical_bond&oldid=543874087","/wiki/Help:Categories","/wiki/Category:Chemical_bonding","/wiki/Category:Quantum_chemistry","/wiki/Category:Wikipedia_indefinitely_move-protected_pages","/w/index.php?title=Special:UserLogin&returnto=Chemical+bond&type=signup","/w/index.php?title=Special:UserLogin&returnto=Chemical+bond","/wiki/Chemical_bond","/wiki/Talk:Chemical_bond","#","/wiki/Chemical_bond","/w/index.php?title=Chemical_bond&action=edit","/w/index.php?title=Chemical_bond&action=history","#","/w/index.php","//bits.wikimedia.org/static-1.21wmf11/skins/vector/images/search-ltr.png?303-4","/wiki/Main_Page","/wiki/Main_Page","/wiki/Portal:Contents","/wiki/Portal:Featured_content","/wiki/Portal:Current_events","/wiki/Special:Random","//donate.wikimedia.org/wiki/Special:FundraiserRedirector?utm_source=donate&utm_medium=sidebar&utm_campaign=C13_en.wikipedia.org&uselang=en","/wiki/Help:Contents","/wiki/Wikipedia:About","/wiki/Wikipedia:Community_portal","/wiki/Special:RecentChanges","/wiki/Wikipedia:Contact_us","/wiki/Special:WhatLinksHere/Chemical_bond","/wiki/Special:RecentChangesLinked/Chemical_bond","/wiki/Wikipedia:File_Upload_Wizard","/wiki/Special:SpecialPages","/w/index.php?title=Chemical_bond&oldid=543874087","/w/index.php?title=Chemical_bond&action=info","/w/index.php?title=Special:Cite&page=Chemical_bond&id=543874087","/w/index.php?title=Special:Book&bookcmd=book_creator&referer=Chemical+bond","/w/index.php?title=Special:Book&bookcmd=render_article&arttitle=Chemical+bond&oldid=543874087&writer=rl","/w/index.php?title=Chemical_bond&printable=yes","//ar.wikipedia.org/wiki/%D8%B1%D8%A7%D8%A8%D8%B7%D8%A9_%D9%83%D9%8A%D9%85%D9%8A%D8%A7%D8%A6%D9%8A%D8%A9","//be.wikipedia.org/wiki/%D0%A5%D1%96%D0%BC%D1%96%D1%87%D0%BD%D0%B0%D1%8F_%D1%81%D1%83%D0%B2%D1%8F%D0%B7%D1%8C","//be-x-old.wikipedia.org/wiki/%D0%A5%D1%96%D0%BC%D1%96%D1%87%D0%BD%D0%B0%D1%8F_%D1%81%D1%83%D0%B2%D1%8F%D0%B7%D1%8C","//bg.wikipedia.org/wiki/%D0%A5%D0%B8%D0%BC%D0%B8%D1%87%D0%BD%D0%B0_%D0%B2%D1%80%D1%8A%D0%B7%D0%BA%D0%B0","//bs.wikipedia.org/wiki/Hemijska_veza","//ca.wikipedia.org/wiki/Enlla%C3%A7_qu%C3%ADmic","//cs.wikipedia.org/wiki/Chemick%C3%A1_vazba","//cy.wikipedia.org/wiki/Bondio_cemegol","//da.wikipedia.org/wiki/Kemisk_binding","//de.wikipedia.org/wiki/Chemische_Bindung","//et.wikipedia.org/wiki/Keemiline_side","//el.wikipedia.org/wiki/%CE%A7%CE%B7%CE%BC%CE%B9%CE%BA%CF%8C%CF%82_%CE%B4%CE%B5%CF%83%CE%BC%CF%8C%CF%82","//es.wikipedia.org/wiki/Enlace_qu%C3%ADmico","//eo.wikipedia.org/wiki/Kemia_ligo","//eu.wikipedia.org/wiki/Lotura_kimiko","//fa.wikipedia.org/wiki/%D9%BE%DB%8C%D9%88%D9%86%D8%AF_%D8%B4%DB%8C%D9%85%DB%8C%D8%A7%DB%8C%DB%8C","//fr.wikipedia.org/wiki/Liaison_chimique","//gl.wikipedia.org/wiki/Enlace_qu%C3%ADmico","//ko.wikipedia.org/wiki/%ED%99%94%ED%95%99_%EA%B2%B0%ED%95%A9","//hi.wikipedia.org/wiki/%E0%A4%B0%E0%A4%BE%E0%A4%B8%E0%A4%BE%E0%A4%AF%E0%A4%A8%E0%A4%BF%E0%A4%95_%E0%A4%AC%E0%A4%A8%E0%A5%8D%E0%A4%A7%E0%A4%A8","//hr.wikipedia.org/wiki/Kemijska_veza","//io.wikipedia.org/wiki/Kemia_ligo","//id.wikipedia.org/wiki/Ikatan_kimia","//is.wikipedia.org/wiki/Efnatengi","//it.wikipedia.org/wiki/Legame_chimico","//he.wikipedia.org/wiki/%D7%A7%D7%A9%D7%A8_%D7%9B%D7%99%D7%9E%D7%99","//kn.wikipedia.org/wiki/%E0%B2%B0%E0%B2%BE%E0%B2%B8%E0%B2%BE%E0%B2%AF%E0%B2%A8%E0%B2%BF%E0%B2%95_%E0%B2%AC%E0%B2%82%E0%B2%A7","//kk.wikipedia.org/wiki/%D0%A5%D0%B8%D0%BC%D0%B8%D1%8F%D0%BB%D1%8B%D2%9B_%D0%B1%D0%B0%D0%B9%D0%BB%D0%B0%D0%BD%D1%8B%D1%81%D1%82%D0%B0%D1%80","//ht.wikipedia.org/wiki/Lyezon_chimik","//la.wikipedia.org/wiki/Vinculum_chemicum","//lv.wikipedia.org/wiki/%C4%B6%C4%ABmisk%C4%81_saite","//lt.wikipedia.org/wiki/Cheminis_ry%C5%A1ys","//lmo.wikipedia.org/wiki/Ligam_chimich","//hu.wikipedia.org/wiki/K%C3%A9miai_k%C3%B6t%C3%A9s","//mk.wikipedia.org/wiki/%D0%A5%D0%B5%D0%BC%D0%B8%D1%81%D0%BA%D0%B0_%D0%B2%D1%80%D1%81%D0%BA%D0%B0","//mr.wikipedia.org/wiki/%E0%A4%B0%E0%A4%BE%E0%A4%B8%E0%A4%BE%E0%A4%AF%E0%A4%A8%E0%A4%BF%E0%A4%95_%E0%A4%AC%E0%A4%82%E0%A4%A7","//ms.wikipedia.org/wiki/Ikatan_kimia","//nl.wikipedia.org/wiki/Chemische_binding","//ja.wikipedia.org/wiki/%E5%8C%96%E5%AD%A6%E7%B5%90%E5%90%88","//no.wikipedia.org/wiki/Kjemisk_binding","//nn.wikipedia.org/wiki/Kjemisk_binding","//nds.wikipedia.org/wiki/Cheemsch_Binnen","//pl.wikipedia.org/wiki/Wi%C4%85zanie_chemiczne","//pt.wikipedia.org/wiki/Liga%C3%A7%C3%A3o_qu%C3%ADmica","//ro.wikipedia.org/wiki/Leg%C4%83tur%C4%83_chimic%C4%83","//ru.wikipedia.org/wiki/%D0%A5%D0%B8%D0%BC%D0%B8%D1%87%D0%B5%D1%81%D0%BA%D0%B0%D1%8F_%D1%81%D0%B2%D1%8F%D0%B7%D1%8C","//sq.wikipedia.org/wiki/Lidhja_kimike","//si.wikipedia.org/wiki/%E0%B6%BB%E0%B7%83%E0%B7%8F%E0%B6%BA%E0%B6%B1%E0%B7%92%E0%B6%9A_%E0%B6%B6%E0%B6%B1%E0%B7%8A%E0%B6%B0%E0%B6%B1","//simple.wikipedia.org/wiki/Chemical_bond","//sk.wikipedia.org/wiki/Chemick%C3%A1_v%C3%A4zba","//sl.wikipedia.org/wiki/Kemijska_vez","//sr.wikipedia.org/wiki/%D0%A5%D0%B5%D0%BC%D0%B8%D1%98%D1%81%D0%BA%D0%B0_%D0%B2%D0%B5%D0%B7%D0%B0","//sh.wikipedia.org/wiki/Hemijska_veza","//su.wikipedia.org/wiki/Beungkeut_kimia","//fi.wikipedia.org/wiki/Kemiallinen_sidos","//sv.wikipedia.org/wiki/Kemisk_bindning","//tl.wikipedia.org/wiki/Kawing_na_kimikal","//ta.wikipedia.org/wiki/%E0%AE%B5%E0%AF%87%E0%AE%A4%E0%AE%BF%E0%AE%AF%E0%AE%BF%E0%AE%AF%E0%AE%B1%E0%AF%8D_%E0%AE%AA%E0%AE%BF%E0%AE%A3%E0%AF%88%E0%AE%AA%E0%AF%8D%E0%AE%AA%E0%AF%81","//te.wikipedia.org/wiki/%E0%B0%B0%E0%B0%B8%E0%B0%BE%E0%B0%AF%E0%B0%A8_%E0%B0%AC%E0%B0%82%E0%B0%A7%E0%B0%82","//th.wikipedia.org/wiki/%E0%B8%9E%E0%B8%B1%E0%B8%99%E0%B8%98%E0%B8%B0%E0%B9%80%E0%B8%84%E0%B8%A1%E0%B8%B5","//tr.wikipedia.org/wiki/Kimyasal_ba%C4%9F","//uk.wikipedia.org/wiki/%D0%A5%D1%96%D0%BC%D1%96%D1%87%D0%BD%D0%B8%D0%B9_%D0%B7%D0%B2%27%D1%8F%D0%B7%D0%BE%D0%BA","//ug.wikipedia.org/wiki/%D8%AE%D9%89%D9%85%D9%89%D9%8A%D9%89%D9%84%D9%89%D9%83_%D8%A8%D8%A7%D8%BA","//vi.wikipedia.org/wiki/Li%C3%AAn_k%E1%BA%BFt_h%C3%B3a_h%E1%BB%8Dc","//yi.wikipedia.org/wiki/%D7%9B%D7%A2%D7%9E%D7%99%D7%A9%D7%A2%D7%A8_%D7%91%D7%95%D7%A0%D7%93","//yo.wikipedia.org/wiki/%C3%8Csop%E1%BB%8D%CC%80_k%E1%BA%B9%CC%81m%C3%ADk%C3%A0","//zh.wikipedia.org/wiki/%E5%8C%96%E5%AD%A6%E9%94%AE","//www.wikidata.org/wiki/Special:ItemByTitle/enwiki/Chemical bond","//en.wikipedia.org/wiki/Wikipedia:Text_of_Creative_Commons_Attribution-ShareAlike_3.0_Unported_License","//creativecommons.org/licenses/by-sa/3.0/","//wikimediafoundation.org/wiki/Terms_of_Use","//www.wikimediafoundation.org/","//wikimediafoundation.org/wiki/Privacy_policy","/wiki/Wikipedia:About","/wiki/Wikipedia:General_disclaimer","http://en.m.wikipedia.org/wiki/Chemical_bond","//wikimediafoundation.org/","//bits.wikimedia.org/images/wikimedia-button.png","//www.mediawiki.org/","//bits.wikimedia.org/static-1.21wmf11/skins/common/images/poweredby_mediawiki_88x31.png","//bits.wikimedia.org/en.wikipedia.org/load.php?debug=false&lang=en&modules=skins.vector&only=scripts&skin=vector&*","/w/index.php?title=MediaWiki:Gadget-ReferenceTooltips.js&action=raw&ctype=text/javascript&508635914","//bits.wikimedia.org/en.wikipedia.org/load.php?debug=false&lang=en&modules=site&only=scripts&skin=vector&*"],"instances":["chemistry","chemistry","chemistry","chemistry","chemistry"],"pdf":[],"categories":["Chemical bonding|","Quantum chemistry"],"headings":["Overview of main types of chemical bonds","History","Valence bond theory","Comparison of valence bond and molecular orbital theory","Bonds in chemical formulas","Strong chemical bonds","Intermolecular bonding","Summary: electrons in chemical bonds","References","External links"],"image":["//upload.wikimedia.org/wikipedia/commons/thumb/0/02/Electron_dot.svg/300px-Electron_dot.svg.png","//bits.wikimedia.org/static-1.21wmf11/skins/common/images/magnify-clip.png","//upload.wikimedia.org/wikipedia/commons/thumb/0/00/Hydrogen_molecular_ion.png/300px-Hydrogen_molecular_ion.png","//bits.wikimedia.org/static-1.21wmf11/skins/common/images/magnify-clip.png","//upload.wikimedia.org/wikipedia/commons/thumb/3/3b/Graphical_comparison_of_bonds.svg/150px-Graphical_comparison_of_bonds.svg.png","//bits.wikimedia.org/static-1.21wmf11/skins/common/images/magnify-clip.png","//bits.wikimedia.org/static-1.21wmf11/skins/vector/images/search-ltr.png?303-4","//bits.wikimedia.org/images/wikimedia-button.png","//bits.wikimedia.org/static-1.21wmf11/skins/common/images/poweredby_mediawiki_88x31.png"],"tags":[["resonance","chemistry"],["radical","chemistry"],["valence","chemistry"],["complex","chemistry"],["salt","chemistry"],["radical","chemistry"]],"members":["salt","valence","complex","radical","resonance"],"related":["Atom","Chemical_substance","Electrostatic_force","Electrons","Atomic_nucleus","Dipole","Covalent_bond","Ionic_bond","London_dispersion_force","Hydrogen_bonding","Electromagnetic_force","Electrons","Protons","Matter_wave","Molecule","Crystal","Metal","Structure","Carbon","Hydrogen","Oxygen","Condensed_matter","Covalent_bond","Polar_covalent_bond","Molecules","Nylon","Diamond","Quartz","Silicate_minerals","Ionic_bond","Atomic_orbital","Ion","Metallic_bond","Octet_rule","VSEPR_theory","Valence_bond_theory","Orbital_hybridization","Resonance_(chemistry)","Linear_combination_of_atomic_orbitals_molecular_orbital_method","Ligand_field_theory","Electrostatics","Chemical_species","Chemical_affinity","Isaac_Newton","Opticks","Atom","Force","Force","Voltaic_pile","Jöns_Jakob_Berzelius","Edward_Frankland","Alexander_Butlerov","Hermann_Kolbe","Radical_(chemistry)","Valence_(chemistry)","Gilbert_N._Lewis","Covalent_bond","Single_electron_bond","Single_bond","Double_bond","Triple_bond","Walther_Kossel","Ionic_bond","Abegg's_rule","Dihydrogen_cation","Walter_Heitler","Fritz_London","Valence_bond_theory","Linear_combination_of_atomic_orbitals_molecular_orbital_method","Sir_John_Lennard-Jones","Fluorine","Oxygen","Molecular_orbital","Schrödinger_equation","Quantum_chemistry","Density_Functional_Theory","Journal_of_Chemical_Physics","American_Institute_of_Physics","Valence_electron","Atomic_orbital","Linus_Pauling","Digital_computer","Bond_energy","Friedrich_Hund","Robert_Mulliken","Gerhard_Herzberg","Complex_(chemistry)","Electron_deficient","Diborane","Quantum_chemistry","Organic_chemistry","Functional_group","Conformational_isomerism","Ångström","Hydrogen","Carbon","Nitrogen","Oxygen","Halogen","Molecules","Electrons","Electrostatic_attraction","Bond_order","Benzene","Electronegativity","Organic_compound","Sigma_bond","Pi_bond","Polar_covalent_bond","Dipole-dipole_interactions","Coordinate_covalent_bond","Lewis_acids_and_bases","Ammonium_ion","Miscibility","Polar_solvent","Non-polar_solvent","Hexane","Ions","Elementary_charge","Elementary_charge","Salt_(chemistry)","Sodium_chloride","X-ray_diffraction","Cation","Anion","Intermolecular_force","Radical_(chemistry)","Dihydrogen_cation","Dilithium","Nitric_oxide","Paramagnetism","Chlorine_dioxide","Bromine_dioxide","Iodine_dioxide","Bent_bond","Steric_effects","Three-center_two-electron_bond","Diborane","Three-center_four-electron_bond","Hypervalent_molecule","Cluster_chemistry","Four-center_two-electron_bond","Benzene","Aromatic","Graphite","Organic_chemistry","Pi_bond","Aromatic_compound","Hückel's_rule","Benzene","Heterocyclic","Benzene","Electrical_conductivity","Thermal_conductivity","Ductility","Tensile_strength","Intermolecular_force","Melting_point","Electronegativity","Partial_charge","Electrostatic_force","Hydrogen","Fluorine","Nitrogen","Oxygen","Water","Ammonia","Electron","Electron_cloud","Pi_bond","Ionic_bond","Classical_physics","Isotropic","Valence_bond_theory","Molecular_orbital_theory","Oxidation_number","Linear_combination_of_atomic_orbitals_molecular_orbital_method","Anisotropic","Sigma_bond","Pi_bond","Electronegativity","Polar_covalent_bond"]}