{"cursor":"6379","size":15,"audio":[],"currentlang":"en","article":"\n'Carl Friedrich Otto Westphal' (March 23, 1833, Berlin â January 27, 1890,\nKreuzlingen) was a German neurologist and psychiatrist from Berlin. He was the\nson of Otto Carl Friedrich Westphal (1800â1879) and Karoline Friederike Heine\nand the father of Alexander Carl Otto Westphal (1863-1941). He was married to\nKlara, daughter of the banker Alexander Mendelssohn.\n","linknr":160,"url":"Carl_Friedrich_Otto_Westphal","recorded":1364156155,"links":["/w/index.php?title=Carl_Friedrich_Otto_Westphal&action=edit","/w/index.php?title=Carl_Friedrich_Otto_Westphal&action=edit","//en.wikipedia.org/apple-touch-icon.png","//bits.wikimedia.org/favicon/wikipedia.ico","/w/opensearch_desc.php","//en.wikipedia.org/w/api.php?action=rsd","//creativecommons.org/licenses/by-sa/3.0/","/w/index.php?title=Special:RecentChanges&feed=atom","//bits.wikimedia.org/en.wikipedia.org/load.php?debug=false&lang=en&modules=ext.gadget.DRN-wizard%2CReferenceTooltips%2Ccharinsert%2Cteahouse%7Cext.wikihiero%7Cmediawiki.legacy.commonPrint%2Cshared%7Cmw.PopUpMediaTransform%7Cskins.vector&only=styles&skin=vector&*","//bits.wikimedia.org/en.wikipedia.org/load.php?debug=false&lang=en&modules=site&only=styles&skin=vector&*","//bits.wikimedia.org/en.wikipedia.org/load.php?debug=false&lang=en&modules=startup&only=scripts&skin=vector&*","//bits.wikimedia.org/geoiplookup","//meta.wikimedia.org","#mw-head","#p-search","/wiki/File:Westphal.jpg","//upload.wikimedia.org/wikipedia/commons/thumb/a/a2/Westphal.jpg/220px-Westphal.jpg","/wiki/File:Westphal.jpg","//bits.wikimedia.org/static-1.21wmf10/skins/common/images/magnify-clip.png","/wiki/Berlin","/wiki/Kreuzlingen","/wiki/Neurology","/wiki/Psychiatry","/wiki/Otto_Carl_Friedrich_Westphal","/wiki/Alexander_Carl_Otto_Westphal","/w/index.php?title=Alexander_Mendelssohn&action=edit&redlink=1","#Academic_career","#Achievements_in_medicine","#Additional_eponyms","#Selected_writings","#See_also","#References","#External_links","/w/index.php?title=Carl_Friedrich_Otto_Westphal&action=edit&section=1","/wiki/Charit%C3%A9","/wiki/Wilhelm_Griesinger","/wiki/Karl_Wilhelm_Ideler","/w/index.php?title=Carl_Friedrich_Otto_Westphal&action=edit&section=2","/wiki/Agoraphobia","#cite_note-1","/wiki/Hepatolenticular_degeneration","/wiki/Tabes_dorsalis","/wiki/Spinal_cord","/wiki/Tabes_dorsalis","/wiki/Wilhelm_Heinrich_Erb","/wiki/Ludwig_Edinger","/wiki/Edinger%E2%80%93Westphal_nucleus","/wiki/Oculomotor_nerve","/wiki/Narcolepsy","/wiki/Cataplexy","/wiki/Jean-Baptiste-%C3%89douard_G%C3%A9lineau","#cite_note-2","/wiki/Spinal_cord_diseases","/wiki/Neuropathology","/wiki/Neuropathologist","/wiki/Arnold_Pick","/wiki/Hermann_Oppenheim","/wiki/Karl_F%C3%BCrstner","/wiki/Carl_Moeli","/wiki/Karl_Wernicke","/wiki/Alexander_Carl_Otto_Westphal","/wiki/Michel_Foucault","#cite_note-3","/w/index.php?title=Carl_Friedrich_Otto_Westphal&action=edit&section=3","/wiki/Ataxia","/wiki/Ernst_Viktor_von_Leyden","/wiki/Patellar","/wiki/Knee_jerk","/wiki/Hypocalcaemia","#cite_note-4","/w/index.php?title=Carl_Friedrich_Otto_Westphal&action=edit&section=4","/wiki/Ataxia","/wiki/Adolph_Str%C3%BCmpell","#cite_note-5","/w/index.php?title=Carl_Friedrich_Otto_Westphal&action=edit&section=5","/wiki/Westphal%27s_sign","/w/index.php?title=Carl_Friedrich_Otto_Westphal&action=edit&section=6","#cite_ref-1","http://books.google.com/books?id=t2xBkUE0ws8C&pg=PA33&lpg=PA33&dq=Westphal+agoraphobia+1871&source=bl&ots=lRApZo9lIc&sig=QBWwOTXb0NDqmVW3caKk08RBTBM&hl=en&ei=4M15SorzMZGCNNnVmKMO&sa=X&oi=book_result&ct=result&resnum=3#v=onepage&q=Westphal%20agoraphobia%201871&f=false","#cite_ref-2","http://www.ncbi.nlm.nih.gov/pmc/articles/PMC2564780/","#cite_ref-3","#cite_ref-4","http://www.whonamedit.com/doctor.cfm/929.html","#cite_ref-5","http://www.whonamedit.com/person_bibliography/929/","/w/index.php?title=Carl_Friedrich_Otto_Westphal&action=edit&section=7","http://www.whonamedit.com/doctor.cfm/929.html","/wiki/Who_Named_It","/wiki/Authority_control","/wiki/Virtual_International_Authority_File","http://viaf.org/viaf/64813842","/wiki/Wikipedia:Persondata","http://en.wikipedia.org/w/index.php?title=Carl_Friedrich_Otto_Westphal&oldid=540546441","/wiki/Help:Categories","/wiki/Category:German_neurologists","/wiki/Category:1833_births","/wiki/Category:1890_deaths","/wiki/Category:People_from_Berlin","/wiki/Category:Mendelssohn_family","/wiki/Category:Humboldt_University_of_Berlin_faculty","/wiki/Category:German_psychiatrists","/wiki/Category:History_of_psychiatry","/wiki/Category:Wikipedia_articles_with_VIAF_identifiers","/w/index.php?title=Special:UserLogin&returnto=Carl+Friedrich+Otto+Westphal&type=signup","/w/index.php?title=Special:UserLogin&returnto=Carl+Friedrich+Otto+Westphal","/wiki/Carl_Friedrich_Otto_Westphal","/wiki/Talk:Carl_Friedrich_Otto_Westphal","#","/wiki/Carl_Friedrich_Otto_Westphal","/w/index.php?title=Carl_Friedrich_Otto_Westphal&action=edit","/w/index.php?title=Carl_Friedrich_Otto_Westphal&action=history","#","/w/index.php","//bits.wikimedia.org/static-1.21wmf11/skins/vector/images/search-ltr.png?303-4","/wiki/Main_Page","/wiki/Main_Page","/wiki/Portal:Contents","/wiki/Portal:Featured_content","/wiki/Portal:Current_events","/wiki/Special:Random","//donate.wikimedia.org/wiki/Special:FundraiserRedirector?utm_source=donate&utm_medium=sidebar&utm_campaign=C13_en.wikipedia.org&uselang=en","/wiki/Help:Contents","/wiki/Wikipedia:About","/wiki/Wikipedia:Community_portal","/wiki/Special:RecentChanges","/wiki/Wikipedia:Contact_us","/wiki/Special:WhatLinksHere/Carl_Friedrich_Otto_Westphal","/wiki/Special:RecentChangesLinked/Carl_Friedrich_Otto_Westphal","/wiki/Wikipedia:File_Upload_Wizard","/wiki/Special:SpecialPages","/w/index.php?title=Carl_Friedrich_Otto_Westphal&oldid=540546441","/w/index.php?title=Carl_Friedrich_Otto_Westphal&action=info","/w/index.php?title=Special:Cite&page=Carl_Friedrich_Otto_Westphal&id=540546441","/w/index.php?title=Special:Book&bookcmd=book_creator&referer=Carl+Friedrich+Otto+Westphal","/w/index.php?title=Special:Book&bookcmd=render_article&arttitle=Carl+Friedrich+Otto+Westphal&oldid=540546441&writer=rl","/w/index.php?title=Carl_Friedrich_Otto_Westphal&printable=yes","//de.wikipedia.org/wiki/Carl_Friedrich_Otto_Westphal","//fr.wikipedia.org/wiki/Carl_Westphal","//it.wikipedia.org/wiki/Carl_Friedrich_Otto_Westphal","//pl.wikipedia.org/wiki/Carl_Friedrich_Otto_Westphal","//pt.wikipedia.org/wiki/Carl_Friedrich_Otto_Westphal","//ru.wikipedia.org/wiki/%D0%92%D0%B5%D1%81%D1%82%D1%84%D0%B0%D0%BB%D1%8C,_%D0%9A%D0%B0%D1%80%D0%BB_%D0%A4%D1%80%D0%B8%D0%B4%D1%80%D0%B8%D1%85_%D0%9E%D1%82%D1%82%D0%BE","//sv.wikipedia.org/wiki/Carl_Friedrich_Otto_Westphal","//www.wikidata.org/wiki/Special:ItemByTitle/enwiki/Carl Friedrich Otto Westphal","//en.wikipedia.org/wiki/Wikipedia:Text_of_Creative_Commons_Attribution-ShareAlike_3.0_Unported_License","//creativecommons.org/licenses/by-sa/3.0/","//wikimediafoundation.org/wiki/Terms_of_Use","//www.wikimediafoundation.org/","//en.wikipedia.org/wiki/Wikipedia:Contact_us","//wikimediafoundation.org/wiki/Privacy_policy","/wiki/Wikipedia:About","/wiki/Wikipedia:General_disclaimer","http://en.m.wikipedia.org/wiki/Carl_Friedrich_Otto_Westphal","//wikimediafoundation.org/","//bits.wikimedia.org/images/wikimedia-button.png","//www.mediawiki.org/","//bits.wikimedia.org/static-1.21wmf11/skins/common/images/poweredby_mediawiki_88x31.png","//bits.wikimedia.org/en.wikipedia.org/load.php?debug=false&lang=en&modules=skins.vector&only=scripts&skin=vector&*","/w/index.php?title=MediaWiki:Gadget-ReferenceTooltips.js&action=raw&ctype=text/javascript&508635914","//bits.wikimedia.org/en.wikipedia.org/load.php?debug=false&lang=en&modules=site&only=scripts&skin=vector&*"],"instances":[],"pdf":[],"categories":["German neurologists","1833 births","1890 deaths","People from Berlin","Mendelssohn family","Humboldt University of Berlin faculty","German psychiatrists","History of psychiatry"],"headings":["Academic career","Achievements in medicine","Additional eponyms","Selected writings","See also","References","External links"],"image":["//upload.wikimedia.org/wikipedia/commons/thumb/a/a2/Westphal.jpg/220px-Westphal.jpg","//bits.wikimedia.org/static-1.21wmf10/skins/common/images/magnify-clip.png","//bits.wikimedia.org/static-1.21wmf11/skins/vector/images/search-ltr.png?303-4","//bits.wikimedia.org/images/wikimedia-button.png","//bits.wikimedia.org/static-1.21wmf11/skins/common/images/poweredby_mediawiki_88x31.png"],"tags":[],"members":[],"related":["Berlin","Kreuzlingen","Neurology","Psychiatry","Otto_Carl_Friedrich_Westphal","Alexander_Carl_Otto_Westphal","Alexander_Mendelssohn","Charité","Wilhelm_Griesinger","Karl_Wilhelm_Ideler","Agoraphobia","Hepatolenticular_degeneration","Tabes_dorsalis","Spinal_cord","Tabes_dorsalis","Wilhelm_Heinrich_Erb","Ludwig_Edinger","Edinger–Westphal_nucleus","Oculomotor_nerve","Narcolepsy","Cataplexy","Jean-Baptiste-Édouard_Gélineau","Spinal_cord_diseases","Neuropathology","Neuropathologist","Arnold_Pick","Hermann_Oppenheim","Karl_Fürstner","Carl_Moeli","Karl_Wernicke","Alexander_Carl_Otto_Westphal","Michel_Foucault","Ataxia","Ernst_Viktor_von_Leyden","Patellar","Knee_jerk","Hypocalcaemia","Ataxia","Adolph_Strümpell","Westphal's_sign","Who_Named_It"]}