{"cursor":"9774","size":15,"audio":[],"currentlang":"en","article":"\n{{Infobox person\n| image = Bram-cohen-codecon-2006.jpg  _image_size = framelessupright name =\n| Bram Cohen caption = birth_date = known_for = BitTorrent occupation = Chief\n| Scientist, BitTorrent, Inc. website =\n}} 'Bram Cohen' (born October 12, 1975) U.S. Public Records Index Vol 2\n(Provo, UT: Ancestry.com Operations, Inc.), 2010. is an American computer\nprogrammer, best known as the author of the peer-to-peer (P2P) BitTorrent\nprotocol, as well as the first file sharing program to use the protocol, also\nknown as BitTorrent. He is also the co-founder of CodeCon, organizer of the San\nFrancisco Bay Area P2P-hackers meeting, and the co-author of Codeville.\n","linknr":321,"url":"Bram_Cohen","recorded":1363907705,"links":["/w/index.php?title=Bram_Cohen&action=edit","/w/index.php?title=Bram_Cohen&action=edit","//en.wikipedia.org/apple-touch-icon.png","//bits.wikimedia.org/favicon/wikipedia.ico","/w/opensearch_desc.php","//en.wikipedia.org/w/api.php?action=rsd","//creativecommons.org/licenses/by-sa/3.0/","/w/index.php?title=Special:RecentChanges&feed=atom","//bits.wikimedia.org/en.wikipedia.org/load.php?debug=false&lang=en&modules=ext.gadget.DRN-wizard%2CReferenceTooltips%2Ccharinsert%2Cteahouse%7Cext.wikihiero%7Cmediawiki.legacy.commonPrint%2Cshared%7Cmw.PopUpMediaTransform%7Cskins.vector&only=styles&skin=vector&*","//bits.wikimedia.org/en.wikipedia.org/load.php?debug=false&lang=en&modules=site&only=styles&skin=vector&*","//bits.wikimedia.org/en.wikipedia.org/load.php?debug=false&lang=en&modules=startup&only=scripts&skin=vector&*","//bits.wikimedia.org/geoiplookup","//meta.wikimedia.org","#mw-head","#p-search","/wiki/File:Bram-cohen-codecon-2006.jpg","//upload.wikimedia.org/wikipedia/commons/thumb/5/5c/Bram-cohen-codecon-2006.jpg/220px-Bram-cohen-codecon-2006.jpg","/wiki/Chief_science_officer","/wiki/BitTorrent,_Inc.","/wiki/BitTorrent_(protocol)","http://bramcohen.com/","#cite_note-1","/wiki/Computer_programmer","/wiki/Peer-to-peer","/wiki/BitTorrent_(protocol)","/wiki/File_sharing","/wiki/BitTorrent_(software)","/wiki/CodeCon","/wiki/San_Francisco_Bay_Area","/wiki/Codeville","#Early_life_and_career","#BitTorrent","#BitTorrent_and_the_MPAA","#Personal_life","#Awards","#References","#External_links","/w/index.php?title=Bram_Cohen&action=edit&section=1","/wiki/Upper_West_Side","/wiki/BASIC_programming_language","/wiki/Timex_Sinclair","/wiki/American_Invitational_Mathematics_Examination","/wiki/United_States_of_America_Mathematical_Olympiad","/wiki/Stuyvesant_High_School","#cite_note-2","/wiki/University_at_Buffalo,_The_State_University_of_New_York","/wiki/Dot-com_company","/wiki/MojoNation","/wiki/Jim_McCoy","/wiki/File_sharing","/wiki/KaZaA","/wiki/Download","/wiki/Upload","/wiki/Asperger_syndrome","#cite_note-wired-3","/wiki/Self_diagnosis","#cite_note-4","/w/index.php?title=Bram_Cohen&action=edit&section=2","/wiki/CodeCon","/wiki/Len_Sassaman","/wiki/Python_(programming_language)","/wiki/BitTorrent_client","/wiki/Beta_test","#cite_note-wired-3","#cite_note-wired-3","/wiki/RIAA","/wiki/Digital_rights_management","/wiki/BitTorrent_tracker","/wiki/Valve_Software","/wiki/Steam_(software)","/wiki/Digital_distribution","/wiki/Half-Life_2","/wiki/BitTorrent,_Inc.","/wiki/Ross_Cohen","/wiki/Ashwin_Navin","#cite_note-btlive-5","/w/index.php?title=Bram_Cohen&action=edit&section=3","/w/index.php?title=David_Chao&action=edit&redlink=1","/w/index.php?title=Doll_Capital_Management&action=edit&redlink=1","/wiki/MPAA","/wiki/Digital_Millennium_Copyright_Act","#cite_note-6","/w/index.php?title=Bram_Cohen&action=edit&section=4","/wiki/San_Francisco_Bay_Area","#cite_note-7","/wiki/Origami","/wiki/Juggling","/wiki/Recreational_mathematics","/wiki/Blog","/wiki/Trust_metric","/wiki/Raph_Levien","/wiki/Mechanical_puzzle","#cite_note-8","#cite_note-9","/w/index.php?title=Bram_Cohen&action=edit&section=5","/w/index.php?title=2004_Wired_Rave_Award&action=edit&redlink=1","#cite_note-10","/wiki/Massachusetts_Institute_of_Technology","/wiki/Technology_Review","/wiki/TR35","#cite_note-11","/wiki/Time_100","#cite_note-12","/w/index.php?title=2006_USENIX_STUG_Award&action=edit&redlink=1","#cite_note-13","/w/index.php?title=2010_Internet_Evolution_100&action=edit&redlink=1","#cite_note-14","/w/index.php?title=Bram_Cohen&action=edit&section=6","#cite_ref-1","#cite_ref-2","http://bitconjurer.org/resume.txt","http://bitconjurer.org/resume.txt","#cite_ref-wired_3-0","#cite_ref-wired_3-1","#cite_ref-wired_3-2","http://www.wired.com/wired/archive/13.01/bittorrent.html","/wiki/Wired_magazine","http://www.wired.com/wired/archive/13.01/bittorrent.html","#cite_ref-4","http://money.cnn.com/magazines/fortune/fortune_archive/2005/10/31/8359146/index.htm","/wiki/Fortune_(magazine)","#cite_ref-btlive_5-0","http://live.bittorrent.com/","http://live.bittorrent.com/","#cite_ref-6","http://www.informationweek.com/story/showArticle.jhtml?articleID=174401655","http://www.informationweek.com/story/showArticle.jhtml?articleID=174401655","#cite_ref-7","http://www.businessweek.com/magazine/content/08_43/b4105046863317.htm","http://www.businessweek.com/magazine/content/08_43/b4105046863317.htm","#cite_ref-8","http://bramcohen.com/","http://bramcohen.com/","#cite_ref-9","http://gameshelf.jmac.org/2009/06/bram-cohens-puzzle-shop/","http://gameshelf.jmac.org/2009/06/bram-cohens-puzzle-shop/","#cite_ref-10","http://www.wired.com/wired/archive/12.04/rave.html?pg=10","http://www.wired.com/wired/archive/12.04/rave.html?pg=10","#cite_ref-11","http://www.technologyreview.com/tr35/profile.aspx?TRID=93","/wiki/Technology_Review","http://www.technologyreview.com/tr35/profile.aspx?TRID=93","#cite_ref-12","http://www.time.com/time/press_releases/article/0,8599,1047355,00.html","#cite_ref-13","http://www.usenix.org/about/stug.html","http://www.usenix.org/about/stug.html","#cite_ref-14","http://www.internetevolution.com/document.asp?doc_id=190304","http://www.internetevolution.com/document.asp?doc_id=190304","/w/index.php?title=Bram_Cohen&action=edit&section=7","//upload.wikimedia.org/wikipedia/commons/thumb/4/4c/Wikisource-logo.svg/38px-Wikisource-logo.svg.png","/wiki/Wikisource","//en.wikisource.org/wiki/Author:Bram_Cohen","//upload.wikimedia.org/wikipedia/commons/thumb/d/d6/Wikiquote-logo-en.svg/40px-Wikiquote-logo-en.svg.png","//en.wikiquote.org/wiki/Special:Search/Bram_Cohen","http://bramcohen.com/","http://seattletimes.nwsource.com/html/businesstechnology/2002146729_bittorrent10.html","http://www.metro.se/se/article/2008/04/22/14/3127-48/index.xml","http://www.npr.org/templates/story/story.php?storyId=89225415","/wiki/Template:BitTorrent","/wiki/Template_talk:BitTorrent","//en.wikipedia.org/w/index.php?title=Template:BitTorrent&action=edit","/wiki/BitTorrent","/wiki/BitTorrent_(company)","/wiki/Vuze,_Inc.","/wiki/Eric_Klinker","/wiki/Ashwin_Navin","/wiki/Ross_Cohen","/wiki/Broadcatching","/wiki/Distributed_hash_table","/wiki/BitTorrent_(software)#BitTorrent_DNA","/wiki/BitTorrent_index","/wiki/Peer_exchange","/wiki/BitTorrent_protocol_encryption","/wiki/Super-seeding","/wiki/BitTorrent_tracker","/wiki/BitTorrent_vocabulary","/wiki/Torrent_file","/wiki/Micro_Transport_Protocol","/wiki/Comparison_of_BitTorrent_clients","/wiki/Usage_share_of_BitTorrent_clients","/wiki/BitTorrent_(software)","/wiki/BitComet","/wiki/BitSpirit","/wiki/BitTornado","/wiki/Deluge_(software)","/wiki/KTorrent","/wiki/LimeWire","/wiki/Miro_(software)","/wiki/MLDonkey","/wiki/QBittorrent","/wiki/RTorrent","/wiki/Shareaza","/wiki/Transmission_(BitTorrent_client)","/wiki/%CE%9CTorrent","/wiki/Vuze","/wiki/Xunlei","/wiki/Comparison_of_BitTorrent_tracker_software","/wiki/Opentracker","/wiki/PeerTracker","/wiki/XBT_Tracker","/wiki/EasyTracker","/wiki/BitTorrent_tracker","/wiki/OpenBitTorrent","/wiki/PublicBitTorrent","/wiki/Comparison_of_BitTorrent_sites","/wiki/BTDigg","/wiki/Burnbit","/wiki/EZTV","/wiki/FlixFlux","/wiki/IsoHunt","/wiki/KickassTorrents","/wiki/Mininova","/wiki/Seedpeer","/wiki/The_Pirate_Bay","/wiki/Torrentz","/wiki/YourBittorrent","/wiki/YouTorrent","/wiki/What.CD","/wiki/BTJunkie","/wiki/LokiTorrent","/wiki/Oink%27s_Pink_Palace","/wiki/TorrentSpy","/wiki/Suprnova.org","/wiki/Demonoid","/wiki/BitGamer","/wiki/AXXo","/wiki/BitTorrent_Open_Source_License","/wiki/Motion_Picture_Association_of_America","/wiki/Peer_Media_Technologies","/wiki/TorrentFreak","/wiki/Slyck.com","/wiki/Wikipedia:Persondata","http://en.wikipedia.org/w/index.php?title=Bram_Cohen&oldid=539661198","/wiki/Help:Categories","/wiki/Category:1975_births","/wiki/Category:American_bloggers","/wiki/Category:American_Jews","/wiki/Category:American_computer_programmers","/wiki/Category:Cypherpunks","/wiki/Category:Living_people","/wiki/Category:Stuyvesant_High_School_alumni","/wiki/Category:University_at_Buffalo_alumni","/wiki/Category:BitTorrent","/wiki/Category:TR35_winners","/wiki/Category:Use_mdy_dates_from_February_2012","/wiki/Category:Articles_with_hCards","/wiki/Category:Persondata_templates_without_short_description_parameter","/wiki/Category:Place_of_birth_missing_(living_people)","/w/index.php?title=Special:UserLogin&returnto=Bram+Cohen&type=signup","/w/index.php?title=Special:UserLogin&returnto=Bram+Cohen","/wiki/Bram_Cohen","/wiki/Talk:Bram_Cohen","#","/wiki/Bram_Cohen","/w/index.php?title=Bram_Cohen&action=edit","/w/index.php?title=Bram_Cohen&action=history","#","/w/index.php","//bits.wikimedia.org/static-1.21wmf11/skins/vector/images/search-ltr.png?303-4","/wiki/Main_Page","/wiki/Main_Page","/wiki/Portal:Contents","/wiki/Portal:Featured_content","/wiki/Portal:Current_events","/wiki/Special:Random","//donate.wikimedia.org/wiki/Special:FundraiserRedirector?utm_source=donate&utm_medium=sidebar&utm_campaign=C13_en.wikipedia.org&uselang=en","/wiki/Help:Contents","/wiki/Wikipedia:About","/wiki/Wikipedia:Community_portal","/wiki/Special:RecentChanges","/wiki/Wikipedia:Contact_us","/wiki/Special:WhatLinksHere/Bram_Cohen","/wiki/Special:RecentChangesLinked/Bram_Cohen","/wiki/Wikipedia:File_Upload_Wizard","/wiki/Special:SpecialPages","/w/index.php?title=Bram_Cohen&oldid=539661198","/w/index.php?title=Bram_Cohen&action=info","/w/index.php?title=Special:Cite&page=Bram_Cohen&id=539661198","/w/index.php?title=Special:Book&bookcmd=book_creator&referer=Bram+Cohen","/w/index.php?title=Special:Book&bookcmd=render_article&arttitle=Bram+Cohen&oldid=539661198&writer=rl","/w/index.php?title=Bram_Cohen&printable=yes","//ar.wikipedia.org/wiki/%D8%A8%D8%B1%D8%A7%D9%85_%D9%83%D9%88%D9%87%D9%8A%D9%86","//de.wikipedia.org/wiki/Bram_Cohen","//es.wikipedia.org/wiki/Bram_Cohen","//fr.wikipedia.org/wiki/Bram_Cohen","//ko.wikipedia.org/wiki/%EB%B8%8C%EB%9E%A8_%EC%BD%94%EC%96%B8","//it.wikipedia.org/wiki/Bram_Cohen","//he.wikipedia.org/wiki/%D7%91%D7%A8%D7%90%D7%9D_%D7%9B%D7%94%D7%9F","//pam.wikipedia.org/wiki/Bram_Cohen","//lv.wikipedia.org/wiki/Brems_Koens","//ml.wikipedia.org/wiki/%E0%B4%AC%E0%B5%8D%E0%B4%B0%E0%B4%BE%E0%B4%82_%E0%B4%95%E0%B5%8B%E0%B4%B9%E0%B5%86%E0%B5%BB","//nl.wikipedia.org/wiki/Bram_Cohen","//ja.wikipedia.org/wiki/%E3%83%96%E3%83%A9%E3%83%A0%E3%83%BB%E3%82%B3%E3%83%BC%E3%82%A8%E3%83%B3","//no.wikipedia.org/wiki/Bram_Cohen","//pt.wikipedia.org/wiki/Bram_Cohen","//ru.wikipedia.org/wiki/%D0%9A%D0%BE%D1%8D%D0%BD,_%D0%91%D1%80%D1%8D%D0%BC","//simple.wikipedia.org/wiki/Bram_Cohen","//sk.wikipedia.org/wiki/Bram_Cohen","//fi.wikipedia.org/wiki/Bram_Cohen","//sv.wikipedia.org/wiki/Bram_Cohen","//tr.wikipedia.org/wiki/Bram_Cohen","//zh.wikipedia.org/wiki/%E5%B8%83%E8%8E%B1%E5%A7%86%C2%B7%E7%A7%91%E4%BA%A8","//www.wikidata.org/wiki/Special:ItemByTitle/enwiki/Bram Cohen","//en.wikipedia.org/wiki/Wikipedia:Text_of_Creative_Commons_Attribution-ShareAlike_3.0_Unported_License","//creativecommons.org/licenses/by-sa/3.0/","//wikimediafoundation.org/wiki/Terms_of_Use","//www.wikimediafoundation.org/","//en.wikipedia.org/wiki/Wikipedia:Contact_us","//wikimediafoundation.org/wiki/Privacy_policy","/wiki/Wikipedia:About","/wiki/Wikipedia:General_disclaimer","http://en.m.wikipedia.org/wiki/Bram_Cohen","//wikimediafoundation.org/","//bits.wikimedia.org/images/wikimedia-button.png","//www.mediawiki.org/","//bits.wikimedia.org/static-1.21wmf11/skins/common/images/poweredby_mediawiki_88x31.png","//bits.wikimedia.org/en.wikipedia.org/load.php?debug=false&lang=en&modules=skins.vector&only=scripts&skin=vector&*","/w/index.php?title=MediaWiki:Gadget-ReferenceTooltips.js&action=raw&ctype=text/javascript&508635914","//bits.wikimedia.org/en.wikipedia.org/load.php?debug=false&lang=en&modules=site&only=scripts&skin=vector&*"],"instances":["programming_language","software","software"],"pdf":[],"categories":["1975 births","American bloggers","American Jews","American computer programmers","Cypherpunks","Living people","Stuyvesant High School alumni","University at Buffalo alumni","BitTorrent","Place of birth missing (living people)","TR35 winners"],"headings":["Early life and career","BitTorrent","Personal life","Awards","References","External links"],"image":["//upload.wikimedia.org/wikipedia/commons/thumb/5/5c/Bram-cohen-codecon-2006.jpg/220px-Bram-cohen-codecon-2006.jpg","//upload.wikimedia.org/wikipedia/commons/thumb/4/4c/Wikisource-logo.svg/38px-Wikisource-logo.svg.png","//upload.wikimedia.org/wikipedia/commons/thumb/d/d6/Wikiquote-logo-en.svg/40px-Wikiquote-logo-en.svg.png","//bits.wikimedia.org/static-1.21wmf11/skins/vector/images/search-ltr.png?303-4","//bits.wikimedia.org/images/wikimedia-button.png","//bits.wikimedia.org/static-1.21wmf11/skins/common/images/poweredby_mediawiki_88x31.png"],"tags":[["bittorrent","protocol"],["bittorrent","protocol"],["bittorrent","software"],["python","programming_language"],["steam","software"]],"members":["python","bittorrent","steam"],"related":["BitTorrent_(protocol)","Chief_science_officer","BitTorrent,_Inc.","Computer_programmer","Peer-to-peer","BitTorrent_(protocol)","File_sharing","BitTorrent_(software)","CodeCon","San_Francisco_Bay_Area","Codeville","Upper_West_Side","BASIC_programming_language","Timex_Sinclair","American_Invitational_Mathematics_Examination","United_States_of_America_Mathematical_Olympiad","Stuyvesant_High_School","University_at_Buffalo,_The_State_University_of_New_York","Dot-com_company","MojoNation","Jim_McCoy","File_sharing","KaZaA","Download","Upload","Asperger_syndrome","Self_diagnosis","CodeCon","Len_Sassaman","Python_(programming_language)","BitTorrent_client","Beta_test","RIAA","Digital_rights_management","BitTorrent_tracker","Valve_Software","Steam_(software)","Digital_distribution","BitTorrent,_Inc.","Ross_Cohen","Ashwin_Navin","David_Chao","Doll_Capital_Management","MPAA","Digital_Millennium_Copyright_Act","San_Francisco_Bay_Area","Origami","Juggling","Recreational_mathematics","Blog","Trust_metric","Raph_Levien","Mechanical_puzzle","2004_Wired_Rave_Award","Massachusetts_Institute_of_Technology","Technology_Review","TR35","Time_100","2006_USENIX_STUG_Award","2010_Internet_Evolution_100"]}