{"cursor":"34969","size":15,"audio":[],"currentlang":"en","article":"\n'Environmental sociology' is typically defined as the sociological study of societal-\nenvironmental interactions, although this definition immediately presents the\nperhaps insolvable problem of separating human cultures from the rest of the\nenvironment. Although the focus of the field is the relationship between society\nand environment in general, environmental sociologists typically place special\nemphasis on studying the social factors that cause environmental problems, the\nsocietal impacts of those problems, and efforts to solve the problems. In\naddition, considerable attention is paid to the social processes by which\ncertain environmental conditions become socially defined as problems.\n\nAlthough there was sometimes acrimonious debate between the constructivist and\nrealist \"camps\" within environmental sociology in the 1990s, the two sides have\nfound considerable common ground as both increasingly accept that while most\nenvironmental problems have a material reality they nonetheless become known\nonly via human processes such as scientific knowledge, activists' efforts, and\nmedia attention. In other words, most environmental problems have a real\nontological status despite our knowledge/awareness of them stemming from social\nprocesses, processes by which various conditions are constructed as problems by\nscientists, activists, media and other social actors. Correspondingly,\nenvironmental problems must all be understood via social processes, despite any\nmaterial basis they may have external to humans. This interactiveness is now\nbroadly accepted, but many aspects of the debate continue in contemporary\nresearch in the field.\n","linknr":521,"url":"Human_Exemptionalism_Paradigm","recorded":1364190857,"links":["/w/index.php?title=Environmental_sociology&action=edit","/w/index.php?title=Environmental_sociology&action=edit","//en.wikipedia.org/apple-touch-icon.png","//bits.wikimedia.org/favicon/wikipedia.ico","/w/opensearch_desc.php","//en.wikipedia.org/w/api.php?action=rsd","//creativecommons.org/licenses/by-sa/3.0/","/w/index.php?title=Special:RecentChanges&feed=atom","/wiki/Environmental_sociology","//bits.wikimedia.org/en.wikipedia.org/load.php?debug=false&lang=en&modules=ext.gadget.DRN-wizard%2CReferenceTooltips%2Ccharinsert%2Cteahouse%7Cext.wikihiero%7Cmediawiki.legacy.commonPrint%2Cshared%7Cmw.PopUpMediaTransform%7Cskins.vector&only=styles&skin=vector&*","//bits.wikimedia.org/en.wikipedia.org/load.php?debug=false&lang=en&modules=site&only=styles&skin=vector&*","//bits.wikimedia.org/en.wikipedia.org/load.php?debug=false&lang=en&modules=startup&only=scripts&skin=vector&*","//bits.wikimedia.org/geoiplookup","//meta.wikimedia.org","/w/index.php?title=Human_Exemptionalism_Paradigm&redirect=no","#mw-head","#p-search","/wiki/Sociology","/wiki/File:SNA_segment.png","//upload.wikimedia.org/wikipedia/commons/thumb/c/c7/SNA_segment.png/180px-SNA_segment.png","/wiki/Outline_of_sociology","/wiki/Sociological_theory","/wiki/History_of_sociology","/wiki/Positivism","/wiki/Antipositivism","/wiki/Structural_functionalism","/wiki/Conflict_theory","/wiki/Middle_range_theory_(sociology)","/wiki/Mathematical_sociology","/wiki/Critical_theory","/wiki/Socialization","/wiki/Structure_and_agency","/wiki/Social_research","/wiki/Quantitative_research","/wiki/Qualitative_research","/wiki/Comparative_historical_research","/wiki/Computational_sociology","/wiki/Ethnography","/wiki/Social_network_analysis","/wiki/Outline_of_sociology","/wiki/Subfields_of_sociology","/wiki/Anomie","/wiki/Urban_sociology","/wiki/Social_class","/wiki/Criminology","/wiki/Sociology_of_culture","/wiki/Deviance_(sociology)","/wiki/Demography","/wiki/Sociology_of_education","/wiki/Economic_sociology","/wiki/Sociology_of_the_family","/wiki/Sociology_of_gender","/wiki/Sociology_of_health_and_illness","/wiki/Industrial_sociology","/wiki/Sociology_of_the_Internet","/wiki/Sociology_of_knowledge","/wiki/Sociology_of_law","/wiki/Sociology_of_literature","/wiki/Medical_sociology","/wiki/Political_sociology","/wiki/Social_mobility","/wiki/Sociology_of_race_and_ethnic_relations","/wiki/Rationalization_(sociology)","/wiki/Sociology_of_religion","/wiki/Sociology_of_scientific_knowledge","/wiki/Secularization","/wiki/Social_network","/wiki/Social_psychology_(sociology)","/wiki/Social_stratification","/wiki/Portal:Sociology","/wiki/Sociology_category_tree","/wiki/Category:Sociology_lists","/wiki/Category:Sociology_journals","/wiki/List_of_sociologists","/wiki/Index_of_sociology_articles","/wiki/Template:Sociology","/wiki/Template_talk:Sociology","//en.wikipedia.org/w/index.php?title=Template:Sociology&action=edit","/wiki/Sociology","/wiki/Natural_environment","/wiki/Sociologists","/wiki/Social_constructivism","/wiki/Philosophical_realism","/wiki/Ontology","#History","#Concepts","#Existential_dualism","#Neo-Malthusianism","#New_Ecological_Paradigm","#Eco-Marxism","#Ecological_Modernization_and_Reflexive_Modernization","#Social_Construction_of_the_Environment","#Events","#Modern_environmentalism","#Historical_studies","#Related_journals","#See_also","#Further_reading","#Notes","#References","#External_links","/w/index.php?title=Environmental_sociology&action=edit&section=1","/wiki/Charles_Darwin","/wiki/Natural_selection","/wiki/Human_ecology","/w/index.php?title=Craig_Humphrey&action=edit&redlink=1","/wiki/Frederick_Buttel","/wiki/Sociology","/wiki/List_of_academic_disciplines","/wiki/Biological_determinism","/wiki/Biophysical_environment","/wiki/Environmental_movement","/wiki/William_R._Catton,_Jr.","/w/index.php?title=Riley_Dunlap&action=edit&redlink=1","/wiki/Anthropocentrism","/wiki/Interdisciplinarity","/wiki/Academia","/w/index.php?title=Environmental_sociology&action=edit&section=2","/w/index.php?title=Environmental_sociology&action=edit&section=3","/wiki/Ecology","/wiki/Environmental_degradation","/w/index.php?title=Environmental_sociology&action=edit&section=4","/wiki/Tragedy_of_the_commons","/wiki/Malthusian","/wiki/Common_pool_resources","/wiki/Elinor_Ostrom","/wiki/Amartya_Sen","/wiki/Ester_Boserup","/wiki/Allan_Schnaiberg","/w/index.php?title=Environmental_sociology&action=edit&section=5","/wiki/Western_world","/wiki/Environmental_determinism","/wiki/Social_determinism","/wiki/Division_of_labor","/w/index.php?title=Environmental_sociology&action=edit&section=6","/wiki/Neo-Marxism","/wiki/New_Social_Movements","/w/index.php?title=Relative_autonomy_of_the_state&action=edit&redlink=1","/wiki/Economic_determinism","/w/index.php?title=Conflict_sociology&action=edit&redlink=1","/wiki/James_O%27Connor_(academic)","/w/index.php?title=The_Fiscal_Crisis_of_the_State&action=edit&redlink=1","/wiki/John_Bellamy_Foster","/wiki/Das_Kapital","/wiki/British_Agricultural_Revolution","/w/index.php?title=Environmental_sociology&action=edit&section=7","/wiki/Ecological_modernization","/w/index.php?title=Arthur_P.J._Mol&action=edit&redlink=1","/w/index.php?title=Gert_Spaargaren&action=edit&redlink=1","/wiki/Cradle_to_cradle_design","/wiki/Industrial_ecology","/wiki/Organic_agriculture","/wiki/Biomimicry","/wiki/Permaculture","/wiki/Agroecology","/wiki/Sustainable_development","/wiki/Ulrich_Beck","/wiki/Risk_society","/w/index.php?title=Organized_irresponsibility&action=edit&redlink=1","/wiki/Reflexive_modernization","/w/index.php?title=Environmental_sociology&action=edit&section=8","/w/index.php?title=John_Hannigan&action=edit&redlink=1","/w/index.php?title=Environmental_sociology&action=edit&section=9","/w/index.php?title=Environmental_sociology&action=edit&section=10","/wiki/United_States_Environmental_Protection_Agency","/wiki/Endangered_Species_Act","/wiki/Clean_Water_Act","/wiki/Clean_Air_Act_(United_States)","/wiki/Earth_Day","/wiki/Love_Canal","/w/index.php?title=Environmental_sociology&action=edit&section=11","/wiki/Easter_Island","/wiki/Mayans","/wiki/Jared_Diamond","/wiki/Collapse_(book)","/wiki/New_Guinea","/wiki/Tikopia","/wiki/John_Dryzek","/w/index.php?title=Green_States_and_Social_Movements:_Environmentalism_in_the_United_States,_United_Kingdom,_Germany,_and_Norway&action=edit&redlink=1","#cite_note-1","/w/index.php?title=Stephen_G._Bunker&action=edit&redlink=1","/w/index.php?title=Paul_S._Ciccantell&action=edit&redlink=1","/wiki/World-systems_theory","#cite_note-2","#cite_note-3","/w/index.php?title=Sing_C._Chew&action=edit&redlink=1","/w/index.php?title=World_Ecological_Degradation&action=edit&redlink=1","#cite_note-4","#cite_note-5","#cite_note-6","/wiki/Dark_Ages_(historiography)","/wiki/Bioregionalism","/w/index.php?title=Mark_D._Whitaker&action=edit&redlink=1","/w/index.php?title=Ecological_Revolution&action=edit&redlink=1","#cite_note-7","/wiki/Ecotheology","/w/index.php?title=Bioregional_state&action=edit&redlink=1","#cite_note-8","/w/index.php?title=Environmental_sociology&action=edit&section=12","/wiki/Human_Ecology_(journal)","/w/index.php?title=Human_Ecology_Review&action=edit&redlink=1","/wiki/Nature_and_Culture_(journal)","/wiki/Organization_%26_Environment","/w/index.php?title=Rural_Sociology_(journal)&action=edit&redlink=1","/w/index.php?title=Society_and_Natural_Resources&action=edit&redlink=1","/w/index.php?title=Environmental_sociology&action=edit&section=13","/wiki/Agroecology","/wiki/Ecological_anthropology","/wiki/Ecological_design","/wiki/Ethnoecology","/wiki/Environmental_design","/wiki/Environmental_design_and_planning","/wiki/Ecological_economics","/wiki/Ecological_modernization","/wiki/Environmental_economics","/wiki/Environmental_policy","/wiki/Environmentalism","/wiki/Human_ecology","/wiki/Permaculture","/wiki/Political_ecology","/wiki/Risk","/wiki/Sociology_of_architecture","/wiki/Sociology_of_disaster","/wiki/United_States_Environmental_Protection_Agency","/w/index.php?title=Environmental_sociology&action=edit&section=14","http://greenillusions.org","http://books.google.com/books/about/The_Ecological_Rift.html?id=VGzJQgAACAAJ","http://books.google.com/books?id=-rX8p9Mx8cYC&pg=PP3&lpg=PP3&dq=Controversies+in+Environmental+Sociology&source=bl&ots=7EejmNvhhV&sig=9cwogn8U6DKkaSoBDkiDMVjL8GY&hl=en&sa=X&ei=Uw7aUM7DKsWEjAKpjoGABw&ved=0CG0Q6AEwBw","/w/index.php?title=Environmental_sociology&action=edit&section=15","#cite_ref-1","#cite_ref-2","#cite_ref-3","#cite_ref-4","#cite_ref-5","#cite_ref-6","#cite_ref-7","/wiki/VDM_Publishing","#cite_ref-8","/w/index.php?title=Environmental_sociology&action=edit&section=16","/wiki/Collapse:_How_Societies_Choose_to_Fail_or_Succeed","/wiki/Special:BookSources/0670033375","/wiki/Special:BookSources/0742501868","/wiki/Special:BookSources/0313268088","/wiki/Special:BookSources/0131113410","/wiki/Special:BookSources/0534009646","/wiki/Special:BookSources/0534579558","/wiki/Michael_Mehta","/w/index.php?title=Michael_R._Redclift&action=edit&redlink=1","/wiki/Special:BookSources/1840642432","http://media.northwestern.edu/sociology/schnaiberg/1543029_environmentsociety/index.html","/w/index.php?title=Environmental_sociology&action=edit&section=17","http://envirosoc.org/","http://www.europeansociology.org/research-networks/rn12-environment-and-society.html","http://www.isa-sociology.org/rc24.htm","http://www.esf.edu/es/sonnenfeld/envsoc_assoc.htm","http://www.esf.edu/es/sonnenfeld/envsoc_journals.htm","/wiki/Template:Environmental_social_science","/wiki/Template_talk:Environmental_social_science","//en.wikipedia.org/w/index.php?title=Template:Environmental_social_science&action=edit","/wiki/Environmental_social_science","/wiki/Ecological_anthropology","/wiki/Ecological_economics","/wiki/Environmental_anthropology","/wiki/Environmental_economics","/wiki/Environmental_communication","/wiki/Environmental_geography","/wiki/Environmental_history","/wiki/Environmental_politics","/wiki/Environmental_psychology","/wiki/Human_ecology","/wiki/Human_geography","/wiki/Political_ecology","/wiki/Regional_science","/wiki/Systems_ecology","/wiki/Agroecology","/wiki/Community_studies","/wiki/Demography","/wiki/Ecological_design","/wiki/Environmental_design","/wiki/Energy_economics","/wiki/Thermoeconomics","/wiki/Environmental_education","/wiki/Environmental_ethics","/wiki/Environmental_law","/wiki/Environmental_science","/wiki/Environmental_studies","/wiki/Industrial_ecology","/wiki/Rural_sociology","/wiki/Sustainability_science","/wiki/Sustainability_studies","/wiki/Landscape_architecture","/wiki/Sustainable_architecture","/wiki/Ecopsychology","/wiki/Ecological_engineering","/wiki/Environmental_engineering","/wiki/Environmental_health","/wiki/Environmental_epidemiology","/wiki/Occupational_safety_and_health","/wiki/Public_health","/wiki/Environmental_resources_management","/wiki/Fisheries_management","/wiki/Sustainable_forest_management","/wiki/Natural_resource_management","/wiki/Waste_management","/wiki/Environmental_planning","/wiki/Land-use_planning","/wiki/Regional_planning","/wiki/Spatial_planning","/wiki/Urban_planning","/wiki/Energy_policy","/wiki/Environmental_policy","/wiki/Environmental_impact_assessment","/wiki/Renewable_energy_commercialization","/wiki/Renewable_energy_policy","/wiki/Common-pool_resource","/wiki/Coupled_human%E2%80%93environment_system","/wiki/Deep_ecology","/wiki/Ecofeminism","/wiki/Ecogovernmentality","/wiki/Ecological_modernization","/wiki/Ecosystem_services","/wiki/Payment_for_ecosystem_services","/wiki/Environmental_governance","/wiki/Environmental_justice","/wiki/Kuznets_curve#Environmental_Kuznets_curve","/wiki/Environmental_movement","/wiki/Environmental_organization","/wiki/Environmental_racism","/wiki/Greenwashing","/wiki/Jevons_paradox","/wiki/Over-consumption","/wiki/Overshoot_(population)","/wiki/Permaculture","/wiki/Pollution_haven_hypothesis","/wiki/Risk","/wiki/Social_ecology","/wiki/Sustainability","/wiki/Sustainable_consumption","/wiki/Sustainable_development","//upload.wikimedia.org/wikipedia/en/thumb/4/48/Folder_Hexagonal_Icon.svg/16px-Folder_Hexagonal_Icon.svg.png","/wiki/Category:Environmental_social_science","/wiki/List_of_environmental_degree-granting_institutions","/wiki/List_of_environmental_social_science_journals","/wiki/List_of_environment_research_institutes","/wiki/Category:Environmental_social_scientists","/wiki/Template:Sustainability","/wiki/Template_talk:Sustainability","//en.wikipedia.org/w/index.php?title=Template:Sustainability&action=edit","/wiki/Sustainability","/wiki/Ecological_modernization","/wiki/Environmentalism","/wiki/Human_impact_on_the_environment","/wiki/Planetary_boundaries","/wiki/Stewardship","/wiki/Sustainable_development","/wiki/Consumption_(economics)","/wiki/Anthropization","/wiki/Anti-consumerism","/wiki/Ecological_footprint","/wiki/Ethical_consumerism","/wiki/Over-consumption","/wiki/Simple_living","/wiki/Sustainability_advertising","/wiki/Sustainability_brand","/wiki/Sustainability_marketing_myopia","/wiki/Sustainable_consumption","/wiki/Sustainability_and_systemic_change_resistance","/wiki/Tragedy_of_the_commons","/wiki/Population","/wiki/Birth_control","/wiki/Family_planning","/wiki/Human_population_control","/wiki/Overpopulation","/wiki/Zero_population_growth","/wiki/Appropriate_technology","/wiki/Environmental_technology","/wiki/Sustainable_design","/wiki/Biodiversity","/wiki/Biosecurity","/wiki/Biosphere","/wiki/Conservation_biology","/wiki/Deep_ecology","/wiki/Endangered_species","/wiki/Holocene_extinction","/wiki/Invasive_species","/wiki/Carbon_footprint","/wiki/Carbon_neutral_fuel","/wiki/Climate_change_mitigation","/wiki/Energy_conservation","/wiki/Energy_descent","/wiki/Efficient_energy_use","/wiki/Emissions_trading","/wiki/Peak_oil","/wiki/Renewable_energy","/wiki/Forest_gardening","/wiki/Local_food","/wiki/Permaculture","/wiki/Food_security","/wiki/Sustainable_agriculture","/wiki/Sustainable_fishery","/wiki/Urban_horticulture","/wiki/Water_conservation","/wiki/Water_crisis","/wiki/Water_efficiency","/wiki/Water_footprint","/wiki/Sustainability_accounting","/wiki/Sustainability_measurement","/wiki/Sustainability_metrics_and_indices","/wiki/Sustainability_reporting","/wiki/Sustainability_science","/wiki/Sustainability_standards_and_certification","/wiki/Sustainable_yield","/wiki/Sustainable_advertising","/wiki/Sustainable_architecture","/wiki/Sustainable_art","/wiki/Sustainable_business","/wiki/Sustainable_city","/wiki/Sustainable_community","/wiki/Sustainable_design","/wiki/Education_for_Sustainable_Development","/wiki/Sustainable_fashion","/wiki/Sustainable_gardening","/wiki/Green_marketing","/wiki/Sustainable_industries","/wiki/Sustainable_landscape_architecture","/wiki/Sustainable_living","/wiki/Low-impact_development_(UK)","/wiki/Sustainability_organizations","/wiki/Sustainable_packaging","/wiki/Sustainability_practices_in_organizations","/wiki/Sustainable_procurement","/wiki/Sustainable_tourism","/wiki/Sustainable_transport","/wiki/Sustainable_urban_drainage_systems","/wiki/Sustainable_urban_infrastructure","/wiki/Sustainability_and_environmental_management","/wiki/Fisheries_management","/wiki/Sustainable_forest_management","/wiki/Natural_resource_management","/wiki/Planetary_management","/wiki/Waste_management","/wiki/United_Nations_Conference_on_the_Human_Environment","/wiki/Brundtland_Commission","/wiki/Our_Common_Future","/wiki/Earth_Summit","/wiki/Rio_Declaration_on_Environment_and_Development","/wiki/Agenda_21","/wiki/Convention_on_Biological_Diversity","/wiki/International_Conference_on_Population_and_Development","/wiki/Earth_Charter","/wiki/Lisbon_Principles","/wiki/United_Nations_Millennium_Declaration","/wiki/Millennium_Ecosystem_Assessment","/wiki/Category:Sustainability","/wiki/Category:Sustainability_lists","/wiki/Outline_of_sustainability","/wiki/Portal:Sustainable_development","/wiki/Sustainability_science","/wiki/Sustainability_studies","http://en.wikipedia.org/w/index.php?title=Environmental_sociology&oldid=542212495#New_Ecological_Paradigm","/wiki/Help:Categories","/wiki/Category:Environmental_sociology","/wiki/Category:Branches_of_sociology_(interdisciplinary)","/wiki/Category:Environment","/wiki/Category:Sociology_index","/w/index.php?title=Special:UserLogin&returnto=Environmental+sociology&type=signup","/w/index.php?title=Special:UserLogin&returnto=Environmental+sociology","/wiki/Environmental_sociology","/wiki/Talk:Environmental_sociology","#","/wiki/Environmental_sociology","/w/index.php?title=Environmental_sociology&action=edit","/w/index.php?title=Environmental_sociology&action=history","#","/w/index.php","//bits.wikimedia.org/static-1.21wmf11/skins/vector/images/search-ltr.png?303-4","/wiki/Main_Page","/wiki/Main_Page","/wiki/Portal:Contents","/wiki/Portal:Featured_content","/wiki/Portal:Current_events","/wiki/Special:Random","//donate.wikimedia.org/wiki/Special:FundraiserRedirector?utm_source=donate&utm_medium=sidebar&utm_campaign=C13_en.wikipedia.org&uselang=en","/wiki/Help:Contents","/wiki/Wikipedia:About","/wiki/Wikipedia:Community_portal","/wiki/Special:RecentChanges","/wiki/Wikipedia:Contact_us","/wiki/Special:WhatLinksHere/Environmental_sociology","/wiki/Special:RecentChangesLinked/Environmental_sociology","/wiki/Wikipedia:File_Upload_Wizard","/wiki/Special:SpecialPages","/w/index.php?title=Environmental_sociology&oldid=542212495","/w/index.php?title=Environmental_sociology&action=info","/w/index.php?title=Special:Cite&page=Environmental_sociology&id=542212495","/w/index.php?title=Special:Book&bookcmd=book_creator&referer=Environmental+sociology","/w/index.php?title=Special:Book&bookcmd=render_article&arttitle=Environmental+sociology&oldid=542212495&writer=rl","/w/index.php?title=Environmental_sociology&printable=yes","//de.wikipedia.org/wiki/Umweltsoziologie","//hy.wikipedia.org/wiki/%D4%B7%D5%AF%D5%B8%D5%BD%D5%B8%D6%81%D5%AB%D5%B8%D5%AC%D5%B8%D5%A3%D5%AB%D5%A1","//id.wikipedia.org/wiki/Sosiologi_lingkungan","//nl.wikipedia.org/wiki/Milieusociologie","//ja.wikipedia.org/wiki/%E7%92%B0%E5%A2%83%E7%A4%BE%E4%BC%9A%E5%AD%A6","//pt.wikipedia.org/wiki/Sociologia_ambiental","//ru.wikipedia.org/wiki/%D0%AD%D0%BA%D0%BE%D1%81%D0%BE%D1%86%D0%B8%D0%BE%D0%BB%D0%BE%D0%B3%D0%B8%D1%8F","//www.wikidata.org/wiki/Special:ItemByTitle/enwiki/Environmental sociology","//en.wikipedia.org/wiki/Wikipedia:Text_of_Creative_Commons_Attribution-ShareAlike_3.0_Unported_License","//creativecommons.org/licenses/by-sa/3.0/","//wikimediafoundation.org/wiki/Terms_of_Use","//www.wikimediafoundation.org/","//en.wikipedia.org/wiki/Wikipedia:Contact_us","//wikimediafoundation.org/wiki/Privacy_policy","/wiki/Wikipedia:About","/wiki/Wikipedia:General_disclaimer","http://en.m.wikipedia.org/wiki/Environmental_sociology#New_Ecological_Paradigm","//wikimediafoundation.org/","//bits.wikimedia.org/images/wikimedia-button.png","//www.mediawiki.org/","//bits.wikimedia.org/static-1.21wmf11/skins/common/images/poweredby_mediawiki_88x31.png","//bits.wikimedia.org/en.wikipedia.org/load.php?debug=false&lang=en&modules=skins.vector&only=scripts&skin=vector&*","/w/index.php?title=MediaWiki:Gadget-ReferenceTooltips.js&action=raw&ctype=text/javascript&508635914","//bits.wikimedia.org/en.wikipedia.org/load.php?debug=false&lang=en&modules=site&only=scripts&skin=vector&*"],"instances":["historiography","academic","united_states"],"pdf":[],"categories":["Environmental sociology|","Branches of sociology (interdisciplinary)","Environment","Sociology index"],"headings":["History","Concepts","Events","Related journals","See also","Further reading","Notes","References","External links"],"image":["//upload.wikimedia.org/wikipedia/commons/thumb/c/c7/SNA_segment.png/180px-SNA_segment.png","//upload.wikimedia.org/wikipedia/en/thumb/4/48/Folder_Hexagonal_Icon.svg/16px-Folder_Hexagonal_Icon.svg.png","//bits.wikimedia.org/static-1.21wmf11/skins/vector/images/search-ltr.png?303-4","//bits.wikimedia.org/images/wikimedia-button.png","//bits.wikimedia.org/static-1.21wmf11/skins/common/images/poweredby_mediawiki_88x31.png"],"tags":[["james_o'connor","academic"],["clean_air_act","united_states"],["dark_ages","historiography"]],"members":["dark_ages","clean_air_act"],"related":["Sociology","Natural_environment","Sociologists","Social_constructivism","Philosophical_realism","Ontology","Charles_Darwin","Natural_selection","Human_ecology","Craig_Humphrey","Frederick_Buttel","Sociology","List_of_academic_disciplines","Biological_determinism","Biophysical_environment","Environmental_movement","William_R._Catton,_Jr.","Riley_Dunlap","Anthropocentrism","Interdisciplinarity","Academia","Ecology","Environmental_degradation","Tragedy_of_the_commons","Malthusian","Common_pool_resources","Elinor_Ostrom","Amartya_Sen","Ester_Boserup","Allan_Schnaiberg","Western_world","Environmental_determinism","Social_determinism","Division_of_labor","Neo-Marxism","New_Social_Movements","Relative_autonomy_of_the_state","Economic_determinism","Conflict_sociology","James_O'Connor_(academic)","The_Fiscal_Crisis_of_the_State","John_Bellamy_Foster","British_Agricultural_Revolution","Arthur_P.J._Mol","Gert_Spaargaren","Cradle_to_cradle_design","Industrial_ecology","Organic_agriculture","Biomimicry","Permaculture","Agroecology","Sustainable_development","Ulrich_Beck","Risk_society","Organized_irresponsibility","Reflexive_modernization","John_Hannigan","United_States_Environmental_Protection_Agency","Endangered_Species_Act","Clean_Water_Act","Clean_Air_Act_(United_States)","Earth_Day","Love_Canal","Easter_Island","Mayans","Jared_Diamond","New_Guinea","Tikopia","John_Dryzek","Stephen_G._Bunker","Paul_S._Ciccantell","World-systems_theory","Sing_C._Chew","Dark_Ages_(historiography)","Bioregionalism","Mark_D._Whitaker","VDM_Publishing","Ecotheology","Bioregional_state","Agroecology","Ecological_anthropology","Ecological_design","Ethnoecology","Environmental_design","Environmental_design_and_planning","Ecological_economics","Ecological_modernization","Environmental_economics","Environmental_policy","Environmentalism","Human_ecology","Permaculture","Political_ecology","Risk","Sociology_of_architecture","Sociology_of_disaster","United_States_Environmental_Protection_Agency","Michael_Mehta","Michael_R._Redclift"]}