{"cursor":"9313","size":15,"audio":[],"currentlang":"en","article":"\nIn mathematics, and in particular the theory of group representations, the\n'regular representation' of a group G is the linear representation afforded by\nthe group action of G on itself by translation.\n\nOne distinguishes the 'left regular representation' Î» given by left translation\nand the 'right regular representation' Ï given by the inverse of right\ntranslation.\n","linknr":164,"url":"Regular_representation","recorded":1362672082,"links":12,"instances":["group_theory","linear_algebra","group_theory","algebra","mathematics","mathematics"],"pdf":[],"categories":["Representation theory of groups"],"headings":["Finite groups","Significance of the regular representation of a group","Module theory point of view","Structure for finite cyclic groups","Topological group case","Normal bases in Galois theory","More general algebras","See also","References"],"image":["//upload.wikimedia.org/math/7/7/d/77d7ffe06df344be9f83456b8a5f1143.png","//upload.wikimedia.org/math/b/3/1/b310533c91844565f485a0d7740c7334.png","//upload.wikimedia.org/math/8/0/5/8059d3e1be0d290e02dee604876f83cf.png","//upload.wikimedia.org/math/6/8/b/68b65335ce1a27ac8c9e52b9ddce8842.png","//bits.wikimedia.org/static-1.21wmf10/skins/vector/images/search-ltr.png?303-4","//bits.wikimedia.org/images/wikimedia-button.png","//bits.wikimedia.org/static-1.21wmf10/skins/common/images/poweredby_mediawiki_88x31.png"],"tags":[["translation","group_theory"],["field","mathematics"],["basis","linear_algebra"],["orbit","group_theory"],["module","mathematics"],["characteristic","algebra"]],"members":["orbit","basis","translation","characteristic","module","field"],"related":["Mathematics","Group_representation","Linear_representation","Group_action","Translation_(group_theory)","Finite_group","Field_(mathematics)","Vector_space","Basis_(linear_algebra)","Topological_group","Lie_group","Group_action","Orbit_(group_theory)","Group_action","Basis_vector","Vector_space","Group_action","Complex_number","Direct_sum_of_representations","Irreducible_representation","Conjugacy_class","Group_algebra","Finite_group","Module_(mathematics)","Group_ring","Characteristic_(algebra)","Semisimple_ring","Ring_ideal","Cyclic_group","Cyclic_order","Primitive_n-th_root_of_unity","Diagonalizable_matrix","Eigenvector","Algebraically_closed_field","Complex_number","Completely_reducible","Determinant","Ferdinand_Georg_Frobenius","Group_representation","Abelian_group","Irreducible_representation","Peter-Weyl_theorem","Compact_space","Abelian_group","Harmonic_analysis","Locally_compact","Pontryagin_duality","Galois_theory","Automorphism","Normal_basis_theorem","Vector_space","Algebraic_number_theory","Algebraic_integer","Gaussian_integer","Galois_module","Algebra_over_a_field","Frobenius_algebra","Ferdinand_Georg_Frobenius","Topological_quantum_field_theory","Fundamental_representation","Permutation_representation"]}