{"cursor":"40641","size":15,"audio":["//upload.wikimedia.org/wikipedia/en/6/66/Finally_%2812%27%27_Choice_Mix%29.ogg","//upload.wikimedia.org/wikipedia/en/6/6e/Finally_%28Classic_Funk_Mix%29.ogg","//upload.wikimedia.org/wikipedia/en/6/67/Finally_%28Vandalism_Remix%29.ogg","//upload.wikimedia.org/wikipedia/en/7/75/Finally_2011.ogg"],"currentlang":"en","article":"{{Infobox single \n| Name = Finally Cover = CCP F single.jpg Border = Caption = Artist = CeCe\n| Peniston Album = Finally B-side = Remix \"We Got a Love Thang\" Released =\n| August 11, 1991 Format = CD single CD maxi  7\" single 12\" maxi\n| Recorded = 1991 Genre = House, dance-pop Length = 4:10 Label = A&M Writer =\n| CeCe Peniston Felipe Delgado E.L. Linnear Producer = Felipe Delgado\n| Certification = Gold (RIAA) Silver (BPI)\n\n}}\n| This single = \"'Finally'\" (1991) Next single = \"I Like It\"\n| (1991) Misc =\n{{Extra album cover\n| Upper caption = Compact disc Type=single Cover = CCP F single2.jpg Lower\n| caption =\n}}}}\n\n\"'Finally'\" is a 1991 song by the musician CeCe Peniston. A dance mix of this\nsong was made, and this remixed version was used in many dance music\ncompilations. \"Finally\" became Peniston's first (and biggest) hit song, peaking\nat number five on the US Hot 100 in January 1992 and becoming her only U.S. top-\nten hit to date. Prior to that, it was also successful on the US Dance chart,\nwhere it spent two weeks at number one in late 1991. In addition, the song\npeaked at number two on the UK Singles Chart in a remixed version.\n\nThe song features in the 1998 film [[:fr:Bimboland|Bimboland]] produced by Ariel\nZeitoun. The 7-inch Choice Mix was used in the 1993 film [[The Adventures of\nPriscilla, Queen of the Desert]] and featured on its soundtrack album. The song\nis also featured in the stage musical based on the film.\n\nFor her ninth tour [[Showgirl: The Homecoming Tour]] that resumed on November\n11, 2006 at Sydney Entertainment Centre (ended on January 23, 2007), Kylie\nMinogue used elements of Peniston's song when performing her 2000 comeback\nsingle \"Spinning Around\", co-written by Paula Abdul. In November 2009, pop\nmusician Lady Gaga used excerpts of \"Finally\" for the opening of [[The Monster\nBall Tour]] in her song \"Dance in the Dark\".\n","linknr":765,"url":"Finally_(CeCe_Peniston_song)","recorded":1363406806,"links":["/w/index.php?title=Finally_(CeCe_Peniston_song)&action=edit","/w/index.php?title=Finally_(CeCe_Peniston_song)&action=edit","//en.wikipedia.org/apple-touch-icon.png","//bits.wikimedia.org/favicon/wikipedia.ico","/w/opensearch_desc.php","//en.wikipedia.org/w/api.php?action=rsd","//creativecommons.org/licenses/by-sa/3.0/","/w/index.php?title=Special:RecentChanges&feed=atom","//bits.wikimedia.org/en.wikipedia.org/load.php?debug=false&lang=en&modules=ext.gadget.DRN-wizard%2CReferenceTooltips%2Ccharinsert%2Cteahouse%7Cext.wikihiero%7Cmediawiki.legacy.commonPrint%2Cshared%7Cmw.PopUpMediaTransform%7Cskins.vector&only=styles&skin=vector&*","//bits.wikimedia.org/en.wikipedia.org/load.php?debug=false&lang=en&modules=site&only=styles&skin=vector&*","//bits.wikimedia.org/en.wikipedia.org/load.php?debug=false&lang=en&modules=startup&only=scripts&skin=vector&*","//bits.wikimedia.org/geoiplookup","//meta.wikimedia.org","#mw-head","#p-search","/wiki/File:CCP_F_single.jpg","//upload.wikimedia.org/wikipedia/en/thumb/d/d1/CCP_F_single.jpg/220px-CCP_F_single.jpg","/wiki/Single_(music)","/wiki/CeCe_Peniston","/wiki/Finally_(CeCe_Peniston_album)","/wiki/A-side_and_B-side","/wiki/We_Got_a_Love_Thang","/wiki/CD_single","/wiki/CD_maxi","/wiki/7%22_single","/wiki/Gramophone_record","/wiki/Music_genre","/wiki/House_music","/wiki/Dance-pop","/wiki/Record_label","/wiki/A%26M_Records","/wiki/Songwriter","/wiki/CeCe_Peniston","/wiki/Felipe_Delgado_(record_producer)","/wiki/Record_producer","/wiki/Felipe_Delgado_(record_producer)","/wiki/Music_recording_sales_certification","/wiki/RIAA","/wiki/British_Phonographic_Industry","/wiki/File:Finally_(12%27%27_Choice_Mix).ogg","//upload.wikimedia.org/wikipedia/en/6/66/Finally_%2812%27%27_Choice_Mix%29.ogg","//www.mediawiki.org/wiki/Extension:TimedMediaHandler/Client_download","https://www.youtube.com/watch?v=xk8mm1Qmt-Y","/wiki/YouTube","/wiki/CeCe_Peniston","/wiki/I_Like_It_(Overweight_Pooch_song)","/wiki/File:CCP_F_single2.jpg","//upload.wikimedia.org/wikipedia/en/thumb/1/1f/CCP_F_single2.jpg/220px-CCP_F_single2.jpg","/wiki/CeCe_Peniston","/wiki/Dance_music","/wiki/Billboard_Hot_100","/wiki/Hot_Dance_Club_Play","/wiki/UK_Singles_Chart","//fr.wikipedia.org/wiki/Bimboland","/wiki/The_Adventures_of_Priscilla,_Queen_of_the_Desert","/wiki/Priscilla_Queen_of_the_Desert_(musical)","/wiki/Showgirl:_The_Homecoming_Tour","/wiki/Sydney_Entertainment_Centre","/wiki/Kylie_Minogue","/wiki/Spinning_Around","/wiki/Paula_Abdul","/wiki/Lady_Gaga","/wiki/The_Monster_Ball_Tour","/wiki/Dance_in_the_Dark","#Credits_and_personnel","#Track_listings","#Charts_and_certifications","#Peak_positions","#Year-end_charts","#Certifications","#Chart_successions","#Music_awards_and_nominations","#ASCAP_Awards","#Billboard_Music_Video_Awards","#BMI_Awards","#VH1_Awards","#Winter_Music_Conference_Awards","#Finally_1997","#Credits_and_personnel_2","#Track_listings_2","#Charts","#Peak_positions_2","#Finally_2008","#Credits_and_personnel_3","#Charts_2","#Peak_positions_3","#Year-end_charts_2","#Finally_2011","#Credits_and_personnel_4","#Track_listings_3","#See_also","#References","#External_links","/w/index.php?title=Finally_(CeCe_Peniston_song)&action=edit&section=1","/wiki/CeCe_Peniston","/wiki/Singing","/wiki/Songwriter","/wiki/Felipe_Delgado_(record_producer)","/wiki/Record_producer","/wiki/Rodney_K._Jackson","/wiki/David_Morales","/wiki/Remix","/wiki/Percussion","/wiki/Engineer","/wiki/Eric_Kupper","/wiki/Acoustic_piano","/wiki/Solo_(music)","/wiki/Record_producer","/wiki/Manny_Lehman_(disc_jockey)","/wiki/Executive_producer","/wiki/Simon_Fowler","/wiki/Photography","/wiki/Design","/wiki/Phoenix,_Arizona","/wiki/Recording_studio","/wiki/Broadcast_Music_Incorporated","/wiki/Publisher","/w/index.php?title=Finally_(CeCe_Peniston_song)&action=edit&section=2","#cite_note-discogs-1","#cite_note-discogs-1","#cite_note-discogs-1","#cite_note-discogs-1","#cite_note-discogs-1","#cite_note-discogs-1","#cite_note-discogs-1","#cite_note-discogs-1","#cite_note-discogs-1","#cite_note-discogs-1","#cite_note-discogs-1","#cite_note-discogs-1","#cite_note-discogs-1","#cite_note-discogs-1","#cite_note-discogs-1","#cite_note-discogs-1","/wiki/We_Got_a_Love_Thang","#cite_note-discogs-1","#cite_note-discogs-1","/wiki/We_Got_a_Love_Thang","#cite_note-discogs-1","#cite_note-discogs-1","#cite_note-discogs-1","#cite_note-discogs-1","#cite_note-discogs-1","#cite_note-discogs-1","/wiki/We_Got_a_Love_Thang","/w/index.php?title=Finally_(CeCe_Peniston_song)&action=edit&section=3","/w/index.php?title=Finally_(CeCe_Peniston_song)&action=edit&section=4","/wiki/Canadian_Singles_Chart","#cite_note-CAN-2","/wiki/UK_Singles_Chart","#cite_note-UK-3","/wiki/Hot_Dance_Club_Songs","#cite_note-US-4","/wiki/ARIA_Charts","#cite_note-aus-5","/wiki/Kent_Music_Report","#cite_note-aus-5","/wiki/%C3%963_Austria_Top_40","#cite_note-6","/wiki/VRT_Top_30","#cite_note-7","/wiki/RPM_(magazine)","#cite_note-CAN-2","/wiki/Dutch_Top_40","#cite_note-NL-8","/wiki/Single_Top_100","#cite_note-NL-8","/wiki/Syndicat_National_de_l%27%C3%89dition_Phonographique","#cite_note-9","/wiki/Media_Control_Charts","#cite_note-GER-10","/wiki/Irish_Singles_Chart","#cite_note-11","/wiki/Recording_Industry_Association_of_New_Zealand","#cite_note-12","/wiki/Swiss_Music_Charts","#cite_note-13","#cite_note-UK-3","/wiki/Cashbox_(magazine)","#cite_note-14","/wiki/Billboard_Hot_100","#cite_note-US-4","/wiki/Hot_R%26B/Hip-Hop_Songs","#cite_note-US-4","/w/index.php?title=Finally_(CeCe_Peniston_song)&action=edit&section=5","#cite_note-yearend-15","#cite_note-yearend-15","#cite_note-yearend-15","/wiki/American_Top_40","#cite_note-16","#cite_note-aus-5","#cite_note-aus-5","#cite_note-yearend-15","#cite_note-yearend-15","#cite_note-yearend-15","#cite_note-yearend-15","/w/index.php?title=Finally_(CeCe_Peniston_song)&action=edit&section=6","#cite_note-MRSC-17","/wiki/Silver","#cite_note-MRSC-17","/wiki/Gold","/w/index.php?title=Finally_(CeCe_Peniston_song)&action=edit&section=7","/wiki/Lost_in_Music","/wiki/Stereo_MC%27s","/wiki/Hot_Dance_Club_Play","/wiki/Number-one_dance_hits_of_1991_(USA)","/wiki/Sounds_of_Blackness","/wiki/Running_Back_to_You","/wiki/Vanessa_L._Williams","/wiki/RPM_(magazine)","/wiki/Set_Adrift_on_Memory_Bliss","/wiki/P.M._Dawn","/w/index.php?title=Finally_(CeCe_Peniston_song)&action=edit&section=8","/w/index.php?title=Finally_(CeCe_Peniston_song)&action=edit&section=9","#cite_note-firstclassent-18","#cite_note-firstclassent-18","#cite_note-firstclassent-18","/w/index.php?title=Finally_(CeCe_Peniston_song)&action=edit&section=10","#cite_note-nominees-19","#cite_note-nominees-19","#cite_note-nominees-19","/w/index.php?title=Finally_(CeCe_Peniston_song)&action=edit&section=11","#cite_note-firstclassent-18","/w/index.php?title=Finally_(CeCe_Peniston_song)&action=edit&section=12","#cite_note-20","/w/index.php?title=Finally_(CeCe_Peniston_song)&action=edit&section=13","#cite_note-firstclassent-18","#cite_note-firstclassent-18","#cite_note-firstclassent-18","/w/index.php?title=Finally_(CeCe_Peniston_song)&action=edit&section=14","/wiki/File:CCP_F97_single.jpg","//upload.wikimedia.org/wikipedia/en/thumb/a/a6/CCP_F97_single.jpg/220px-CCP_F97_single.jpg","/wiki/Single_(music)","/wiki/CeCe_Peniston","/wiki/Finally_(CeCe_Peniston_album)","/wiki/A-side_and_B-side","/wiki/We_Got_a_Love_Thang","/wiki/Hit_by_Love","/wiki/CD_single","/wiki/CD_maxi","/wiki/Gramophone_record","/wiki/Music_genre","/wiki/House_music","/wiki/Dance-Pop","/wiki/Record_label","/wiki/A%26M_Records","/wiki/AM_PM_Records","/wiki/Songwriter","/wiki/Felipe_Delgado_(record_producer)","/wiki/Record_producer","/wiki/Felipe_Delgado_(record_producer)","/wiki/Rodney_K._Jackson","/wiki/David_Morales","/wiki/Manny_Lehman_(disc_jockey)","/wiki/Mark_Mazzetti","/wiki/File:Finally_(Classic_Funk_Mix).ogg","//upload.wikimedia.org/wikipedia/en/6/6e/Finally_%28Classic_Funk_Mix%29.ogg","//www.mediawiki.org/wiki/Extension:TimedMediaHandler/Client_download","https://www.youtube.com/watch?v=_Lf0cCCwmis","/wiki/YouTube","/wiki/CeCe_Peniston","/wiki/Before_I_Lay","/wiki/Somebody_Else%27s_Guy","/wiki/File:CCP_F97_single2.jpg","//upload.wikimedia.org/wikipedia/en/thumb/5/58/CCP_F97_single2.jpg/220px-CCP_F97_single2.jpg","/wiki/Eric_Kupper","/wiki/Finally_(CeCe_Peniston_album)","/wiki/The_Best_Of_CeCe_Peniston","/wiki/UK_Singles_Chart","#cite_note-UK-3","/w/index.php?title=Finally_(CeCe_Peniston_song)&action=edit&section=15","/wiki/CeCe_Peniston","/wiki/Singing","/wiki/Songwriter","/wiki/Felipe_Delgado_(record_producer)","/wiki/Record_producer","/wiki/Rodney_K._Jackson","/wiki/Eric_Kupper","/wiki/Engineer","/wiki/Remix","/wiki/Record_producer","/wiki/Keyboard_instrument","/wiki/Programming","/wiki/Bass_guitar","/wiki/Guitar","/wiki/Acoustic_piano","/wiki/Solo_(music)","/wiki/Remix","/wiki/Manny_Lehman_(disc_jockey)","/wiki/Executive_producer","/wiki/Recording_studio","/w/index.php?title=Finally_(CeCe_Peniston_song)&action=edit&section=16","#cite_note-discogs-1","#cite_note-discogs-1","#cite_note-discogs-1","/wiki/We_Got_a_Love_Thang","/wiki/Hit_by_Love","#cite_note-discogs-1","#cite_note-discogs-1","#cite_note-discogs-1","/w/index.php?title=Finally_(CeCe_Peniston_song)&action=edit&section=17","/w/index.php?title=Finally_(CeCe_Peniston_song)&action=edit&section=18","#cite_note-UK-3","/w/index.php?title=Finally_(CeCe_Peniston_song)&action=edit&section=19","/wiki/Single_(music)","/wiki/CeCe_Peniston","/wiki/Remix_service","/wiki/A-side_and_B-side","/wiki/Music_download","/wiki/Music_genre","/wiki/House_music","/wiki/Dance-Pop","/wiki/Record_label","/wiki/Songwriter","/wiki/Felipe_Delgado_(record_producer)","/wiki/Record_producer","/wiki/Felipe_Delgado_(record_producer)","/wiki/Rodney_K._Jackson","/wiki/David_Morales","/wiki/File:Finally_(Vandalism_Remix).ogg","//upload.wikimedia.org/wikipedia/en/6/67/Finally_%28Vandalism_Remix%29.ogg","//www.mediawiki.org/wiki/Extension:TimedMediaHandler/Client_download","/wiki/CeCe_Peniston","/wiki/Still_I","/wiki/Above_Horizons","/wiki/ARIA_Charts","/wiki/Beatport","#cite_note-21","/w/index.php?title=Finally_(CeCe_Peniston_song)&action=edit&section=20","/w/index.php?title=Finally_(CeCe_Peniston_song)&action=edit&section=21","/w/index.php?title=Finally_(CeCe_Peniston_song)&action=edit&section=22","/wiki/Global_Dance_Tracks","#cite_note-22","/w/index.php?title=Finally_(CeCe_Peniston_song)&action=edit&section=23","/wiki/ARIA_charts","#cite_note-23","/w/index.php?title=Finally_(CeCe_Peniston_song)&action=edit&section=24","/wiki/File:CCP_Joyriders_Finally.JPG","//upload.wikimedia.org/wikipedia/en/thumb/7/70/CCP_Joyriders_Finally.JPG/220px-CCP_Joyriders_Finally.JPG","/wiki/Single_(music)","/wiki/CeCe_Peniston","/w/index.php?title=CeCe_(album)&action=edit&redlink=1","/wiki/A-side_and_B-side","/wiki/Music_download","/wiki/Music_genre","/wiki/House_music","/wiki/Dance-Pop","/wiki/Record_label","/wiki/Perfecto_Records","/wiki/Songwriter","/wiki/Felipe_Delgado_(record_producer)","/wiki/Record_producer","/wiki/Paul_Oakenfold","/wiki/File:Finally_2011.ogg","//upload.wikimedia.org/wikipedia/en/7/75/Finally_2011.ogg","//www.mediawiki.org/wiki/Extension:TimedMediaHandler/Client_download","https://www.youtube.com/watch?v=gdt5j1Ni1gw","/wiki/YouTube","/wiki/CeCe_Peniston","/wiki/Keep_On_Walkin%27_(song)#Keep_On_Flossing","/w/index.php?title=Celebrate_(CeCe_Peniston_song)&action=edit&redlink=1","/wiki/Paul_Oakenfold","#cite_note-24","/w/index.php?title=CeCe_(album)&action=edit&redlink=1","#cite_note-25","/w/index.php?title=Finally_(CeCe_Peniston_song)&action=edit&section=25","/wiki/Paul_Oakenfold","/w/index.php?title=Finally_(CeCe_Peniston_song)&action=edit&section=26","#cite_note-discogs-1","/w/index.php?title=Finally_(CeCe_Peniston_song)&action=edit&section=27","/wiki/The_Best_Dance_Album_in_the_World..._Ever!","/wiki/List_of_number-one_dance_singles_of_1991_(U.S.)","/wiki/List_of_top_10_singles_in_1992_(UK)","/wiki/List_of_Dance_Dance_Revolution_songs","/wiki/Australian_Recording_Industry_Association#Songs_that_made_the_biggest_jump_in_the_top_fifty","/w/index.php?title=Finally_(CeCe_Peniston_song)&action=edit&section=28","http://www.billboard.com/artist/298830/ce+ce+peniston/chart","/wiki/Billboard_(magazine)","/wiki/Nielsen_Company","http://www.billboard.com/artist/298830/ce+ce+peniston/chart","http://www.allmusic.com/artist/ce-ce-peniston-p13924/discography/charts-awards","/wiki/Allmusic","/wiki/Rovi_Corporation","http://www.allmusic.com/artist/ce-ce-peniston-p13924/discography/charts-awards","#cite_ref-discogs_1-0","#cite_ref-discogs_1-1","#cite_ref-discogs_1-2","#cite_ref-discogs_1-3","#cite_ref-discogs_1-4","#cite_ref-discogs_1-5","#cite_ref-discogs_1-6","#cite_ref-discogs_1-7","#cite_ref-discogs_1-8","#cite_ref-discogs_1-9","#cite_ref-discogs_1-10","#cite_ref-discogs_1-11","#cite_ref-discogs_1-12","#cite_ref-discogs_1-13","#cite_ref-discogs_1-14","#cite_ref-discogs_1-15","#cite_ref-discogs_1-16","#cite_ref-discogs_1-17","#cite_ref-discogs_1-18","#cite_ref-discogs_1-19","#cite_ref-discogs_1-20","#cite_ref-discogs_1-21","#cite_ref-discogs_1-22","#cite_ref-discogs_1-23","#cite_ref-discogs_1-24","#cite_ref-discogs_1-25","#cite_ref-discogs_1-26","#cite_ref-discogs_1-27","#cite_ref-discogs_1-28","#cite_ref-discogs_1-29","#cite_ref-discogs_1-30","http://www.discogs.com/Ce-Ce-Peniston-Finally/master/98938","/wiki/Discogs","http://www.discogs.com/Ce-Ce-Peniston-Finally/master/98938","#cite_ref-CAN_2-0","#cite_ref-CAN_2-1","http://www.collectionscanada.gc.ca/rpm/028020-119.01-e.php?&file_num=nlc008388.2054&type=1&interval=50&PHPSESSID=0rtahbkkaef93u0obmeuhrvor6","/wiki/RPM_(magazine)","/wiki/Library_and_Archives_Canada","http://www.collectionscanada.gc.ca/rpm/028020-119.01-e.php?&file_num=nlc008388.2054&type=1&interval=50&PHPSESSID=0rtahbkkaef93u0obmeuhrvor6","http://www.collectionscanada.gc.ca/rpm/028020-119.01-e.php?&file_num=nlc008388.1680&type=1&interval=50&PHPSESSID=0rtahbkkaef93u0obmeuhrvor6","http://www.collectionscanada.gc.ca/rpm/028020-119.01-e.php?&file_num=nlc008388.1680&type=1&interval=50&PHPSESSID=0rtahbkkaef93u0obmeuhrvor6","#cite_ref-UK_3-0","#cite_ref-UK_3-1","#cite_ref-UK_3-2","#cite_ref-UK_3-3","http://www.theofficialcharts.com/artist/_/ce%20ce%20peniston","/wiki/The_Official_Charts_Company","/wiki/Music_Week","http://www.theofficialcharts.com/artist/_/ce%20ce%20peniston","http://www.chartstats.com/release.php?release=19008","http://www.chartstats.com/release.php?release=19008","http://www.chartstats.com/release.php?release=19410","http://www.chartstats.com/release.php?release=19410","http://www.chartstats.com/release.php?release=25353","http://www.chartstats.com/release.php?release=25353","#cite_ref-US_4-0","#cite_ref-US_4-1","#cite_ref-US_4-2","http://www.billboard.biz/bbbiz/charts/chart-search-results/singles/3011100","http://www.billboard.biz/bbbiz/charts/chart-search-results/singles/3011100","http://www.billboard.biz/bbbiz/charts/chart-search-results/singles/3011219","http://www.billboard.biz/bbbiz/charts/chart-search-results/singles/3011219","http://www.billboard.biz/bbbiz/charts/chart-search-results/singles/3011547","http://www.billboard.biz/bbbiz/charts/chart-search-results/singles/3011547","http://www.billboard.biz/bbbiz/charts/chart-search-results/singles/3011571","http://www.billboard.biz/bbbiz/charts/chart-search-results/singles/3011571","#cite_ref-aus_5-0","#cite_ref-aus_5-1","#cite_ref-aus_5-2","#cite_ref-aus_5-3","http://www.australian-charts.com/search.asp?search=peniston&cat=s","/wiki/Australian_Recording_Industry_Association","http://www.australian-charts.com/search.asp?search=peniston&cat=s","http://www.austchartbook.com.au/images/Sample%20of%20The%20Australian%20Top%2020%20Book%201940-2006.pdf","/wiki/David_Kent_(historian)","/wiki/Kent_Music_Report","http://www.austchartbook.com.au/images/Sample%20of%20The%20Australian%20Top%2020%20Book%201940-2006.pdf","http://hitsofalldecades.com/chart_hits/index.php?option=com_content&task=view&id=339&Itemid=53","http://hitsofalldecades.com/chart_hits/index.php?option=com_content&task=view&id=339&Itemid=53","http://www.fortunecity.com/tinpan/pettruciani/232/singles-1992.html","http://www.fortunecity.com/tinpan/pettruciani/232/singles-1992.html","#cite_ref-6","http://www.austriancharts.at/search.asp?search=peniston&cat=s","/wiki/Musikmarkt","http://www.austriancharts.at/search.asp?search=peniston&cat=s","#cite_ref-7","http://top30-2.radio2.be/#/search/peniston","/wiki/Radio_2_(Belgium)","/wiki/Vlaamse_Radio-_en_Televisieomroep","http://top30-2.radio2.be/#/search/peniston","#cite_ref-NL_8-0","#cite_ref-NL_8-1","http://www.top40.nl/search.aspx?keyword=peniston&jaar=2011&maand=3&week=11","http://www.top40.nl/search.aspx?keyword=peniston&jaar=2011&maand=3&week=11","http://www.dutchcharts.nl/search.asp?search=peniston&cat=s","http://www.dutchcharts.nl/search.asp?search=peniston&cat=s","#cite_ref-9","http://lescharts.com/search.asp?search=peniston&cat=s","http://lescharts.com/search.asp?search=peniston&cat=s","#cite_ref-GER_10-0","http://www.musicline.de/de/chartverfolgung_summary/artist/Peniston,Ce%20Ce/?type=single","/wiki/Bundesverband_Musikindustrie","http://www.musicline.de/de/chartverfolgung_summary/artist/Peniston,Ce%20Ce/?type=single","http://charts.de/song.asp?artist=Ce+Ce+Peniston&title=Finally","http://charts.de/song.asp?artist=Ce+Ce+Peniston&title=Finally","#cite_ref-11","http://www.irishcharts.ie/search/placement","/wiki/International_Federation_of_the_Phonographic_Industry","/wiki/Irish_Recorded_Music_Association","http://www.irishcharts.ie/search/placement","#cite_ref-12","http://charts.org.nz/search.asp?search=peniston&cat=s","http://charts.org.nz/search.asp?search=peniston&cat=s","#cite_ref-13","http://hitparade.ch/search.asp?search=peniston&cat=s","http://hitparade.ch/search.asp?search=peniston&cat=s","#cite_ref-14","http://cashboxmagazine.com/archives/90s_files/19920201.html","/wiki/Cashbox_(magazine)","/wiki/Cashbox_(magazine)","http://cashboxmagazine.com/archives/90s_files/19920201.html","http://hitsofalldecades.com/chart_hits/index2.php?option=com_content&do_pdf=1&id=948","http://hitsofalldecades.com/chart_hits/index2.php?option=com_content&do_pdf=1&id=948","#cite_ref-yearend_15-0","#cite_ref-yearend_15-1","#cite_ref-yearend_15-2","#cite_ref-yearend_15-3","#cite_ref-yearend_15-4","#cite_ref-yearend_15-5","#cite_ref-yearend_15-6","http://www.collectionscanada.gc.ca/rpm/028020-119.01-e.php?&file_num=nlc008388.1704&type=1&interval=50&PHPSESSID=0rtahbkkaef93u0obmeuhrvor6","http://www.collectionscanada.gc.ca/rpm/028020-119.01-e.php?&file_num=nlc008388.1704&type=1&interval=50&PHPSESSID=0rtahbkkaef93u0obmeuhrvor6","http://hitsofalldecades.com/chart_hits/index2.php?option=com_content&do_pdf=1&id=1359","/wiki/MuchMusic","http://hitsofalldecades.com/chart_hits/index2.php?option=com_content&do_pdf=1&id=1359","http://www.j-wave.co.jp/original/tokiohot100/","/wiki/J-Wave","http://www.j-wave.co.jp/original/tokiohot100/","http://www.top40.nl/pdf/Top%20100/top%20100%20-%201992.pdf","http://www.top40.nl/pdf/Top%20100/top%20100%20-%201992.pdf","http://hitsofalldecades.com/chart_hits/index2.php?option=com_content&do_pdf=1&id=340","/wiki/Music_Week","http://hitsofalldecades.com/chart_hits/index2.php?option=com_content&do_pdf=1&id=340","http://www.billboard.biz/bbbiz/charts/archivesearch/article_display/854600","http://www.billboard.biz/bbbiz/charts/archivesearch/article_display/854600","http://www.billboard.biz/bbbiz/charts/archivesearch/article_display/854599","http://www.billboard.biz/bbbiz/charts/archivesearch/article_display/854599","http://www.billboard.biz/bbbiz/charts/archivesearch/article_display/854555","http://www.billboard.biz/bbbiz/charts/archivesearch/article_display/854555","http://www.billboard.biz/bbbiz/charts/archivesearch/article_display/854559","http://www.billboard.biz/bbbiz/charts/archivesearch/article_display/854559","http://hitsofalldecades.com/chart_hits/index2.php?option=com_content&do_pdf=1&id=336","http://hitsofalldecades.com/chart_hits/index2.php?option=com_content&do_pdf=1&id=336","#cite_ref-16","http://www.at40.com/feature/american-top-40-turns-40-remembering-1992/6221","/wiki/American_Top_40","/wiki/KIIS-FM","http://www.at40.com/feature/american-top-40-turns-40-remembering-1992/6221","#cite_ref-MRSC_17-0","#cite_ref-MRSC_17-1","http://www.bpi.co.uk/certifiedawards/search.aspx","/wiki/British_Phonographic_Industry","http://www.bpi.co.uk/certifiedawards/search.aspx","http://www.riaa.com/goldandplatinumdata.php?table=SEARCH","/wiki/Recording_Industry_Association_of_America","http://www.riaa.com/goldandplatinumdata.php?table=SEARCH","#cite_ref-firstclassent_18-0","#cite_ref-firstclassent_18-1","#cite_ref-firstclassent_18-2","#cite_ref-firstclassent_18-3","#cite_ref-firstclassent_18-4","#cite_ref-firstclassent_18-5","#cite_ref-firstclassent_18-6","http://www.gotofirstclass.com/cece_peniston.htm","http://www.gotofirstclass.com/cece_peniston.htm","#cite_ref-nominees_19-0","#cite_ref-nominees_19-1","#cite_ref-nominees_19-2","http://books.google.com/books?id=EBIEAAAAMBAJ&pg=RA1-PA79&dq=%22Peniston+Leads+Nominees+for+Billboard+Music+Video+Awards%22&hl=cs&ei=qY9_TfaXAtGKswaYyoT2Bg&sa=X&oi=book_result&ct=result&resnum=1&ved=0CDIQ6AEwAA#v=onepage&q=%22Peniston%20Leads%20Nominees%20for%20Billboard%20Music%20Video%20Awards%22&f=true","http://books.google.com/books?id=EBIEAAAAMBAJ&pg=RA1-PA79&dq=%22Peniston+Leads+Nominees+for+Billboard+Music+Video+Awards%22&hl=cs&ei=qY9_TfaXAtGKswaYyoT2Bg&sa=X&oi=book_result&ct=result&resnum=1&ved=0CDIQ6AEwAA#v=onepage&q=%22Peniston%20Leads%20Nominees%20for%20Billboard%20Music%20Video%20Awards%22&f=true","#cite_ref-20","http://www.billboard.com/news/gaynor-survives-to-become-vh1-s-greatest-876178.story#/news/gaynor-survives-to-become-vh1-s-greatest-876178.story","http://www.billboard.com/news/gaynor-survives-to-become-vh1-s-greatest-876178.story#/news/gaynor-survives-to-become-vh1-s-greatest-876178.story","#cite_ref-21","http://www.grooveisinthepark.com.au/artists/paulzala.html","http://www.grooveisinthepark.com.au/artists/paulzala.html","#cite_ref-22","/wiki/Global_Dance_Tracks","http://www.billboard.biz/bbbiz/charts/chart-search-results/singles/3101634","http://www.billboard.biz/bbbiz/charts/chart-search-results/singles/3101634","#cite_ref-23","http://www.aria.com.au/pages/aria-charts-end-of-year-charts-club-chart-2008.htm","http://www.aria.com.au/pages/aria-charts-end-of-year-charts-club-chart-2008.htm","#cite_ref-24","http://www.youtube.com/watch?v=k4GKRHWObkA","/wiki/Perfecto_Records","http://www.youtube.com/watch?v=k4GKRHWObkA","#cite_ref-25","http://boyculture.typepad.com/boy_culture/2011/06/we-got-a-love-that-dare-not-speak-its-name-thang-an-interview-with-cece-peniston.html","/wiki/TypePad","http://boyculture.typepad.com/boy_culture/2011/06/we-got-a-love-that-dare-not-speak-its-name-thang-an-interview-with-cece-peniston.html","/w/index.php?title=Finally_(CeCe_Peniston_song)&action=edit&section=29","http://www.allmusic.com/artist/p13924","/wiki/Allmusic","http://www.metrolyrics.com/finally-lyrics-cece-peniston.html","/wiki/MetroLyrics","/wiki/Template:CeCe_Peniston","/wiki/Template_talk:CeCe_Peniston","//en.wikipedia.org/w/index.php?title=Template:CeCe_Peniston&action=edit","/wiki/CeCe_Peniston","/wiki/CeCe_Peniston_discography","/wiki/CeCe_Peniston_filmography","/wiki/List_of_awards_and_nominations_received_by_CeCe_Peniston","/wiki/Category:CeCe_Peniston_albums","/wiki/Finally_(CeCe_Peniston_album)","/wiki/Thought_%27Ya_Knew","/wiki/Good_News_in_Hard_Times","/wiki/I%27m_Movin%27_On_(CeCe_Peniston_album)","/wiki/Category:CeCe_Peniston_remix_albums","/wiki/Finally/We_Got_a_Love_Thang:_Remix_Collection","/wiki/Remix_Collection_(CeCe_Peniston_album)","/wiki/Category:CeCe_Peniston_compilation_albums","/wiki/The_Best_of_CeCe_Peniston","/wiki/Essential_(CeCe_Peniston_album)","/w/index.php?title=Winning_Combinations&action=edit&redlink=1","/wiki/20th_Century_Masters_%E2%80%93_The_Millennium_Collection:_The_Best_of_CeCe_Peniston","/wiki/Category:CeCe_Peniston_live_albums","/wiki/Divas_of_Disco:_Live","/wiki/Category:CeCe_Peniston_albums","/wiki/Female_Preacher","/wiki/West_Side_Stories","/wiki/The_Associate_(soundtrack)","/wiki/Merry_Arizona_II:_Desert_Stars_Shine_at_Christmas","/wiki/Merry_Arizona_97:_Desert_Stars_Shine_at_Christmas","/wiki/Desert_Funk:_Soundtrack","/wiki/Young,_Black,_Rich_and_Famous","/wiki/Colour_of_My_Soul","/wiki/Tribute_to_the_Disco_Funk","/wiki/Music_Is_Our_Way_of_Life","/wiki/Category:CeCe_Peniston_EPs","/wiki/Finally_(CeCe_Peniston_album)#Promo_EP","/wiki/CeCe_Peniston_(EP_Live)","/wiki/Category:CeCe_Peniston_video_albums","/wiki/Divas_of_Disco:_Live#DVD_release","/wiki/Musicals","/wiki/The_Wiz","//upload.wikimedia.org/wikipedia/commons/thumb/8/89/Symbol_book_class2.svg/16px-Symbol_book_class2.svg.png","/wiki/Book:CeCe_Peniston","//upload.wikimedia.org/wikipedia/en/thumb/4/48/Folder_Hexagonal_Icon.svg/16px-Folder_Hexagonal_Icon.svg.png","/wiki/Category:CeCe_Peniston","//upload.wikimedia.org/wikipedia/en/thumb/5/5c/Symbol_template_class.svg/16px-Symbol_template_class.svg.png","/wiki/Template:CeCe_Peniston_singles","//upload.wikimedia.org/wikipedia/en/thumb/f/fd/Portal-puzzle.svg/16px-Portal-puzzle.svg.png","/wiki/Portal:Music","/wiki/Template:CeCe_Peniston_singles","/wiki/Template_talk:CeCe_Peniston_singles","//en.wikipedia.org/w/index.php?title=Template:CeCe_Peniston_singles&action=edit","/wiki/CeCe_Peniston_discography","/wiki/1990s_in_music","/wiki/I_Like_It_(Overweight_Pooch_song)","/wiki/We_Got_a_Love_Thang","/wiki/Keep_On_Walkin%27_(song)","/wiki/Inside_That_I_Cried","/wiki/Crazy_Love_(CeCe_Peniston_song)","/wiki/Searchin%27_(CeCe_Peniston_song)","/wiki/I%27m_in_the_Mood","/wiki/I_Will_Be_Received","/wiki/I%27m_Not_Over_You","/wiki/Hit_by_Love","/wiki/Keep_Givin%27_Me_Your_Love","/wiki/Movin%27_On_(CeCe_Peniston_song)","/wiki/Before_I_Lay","/wiki/Finally_(CeCe_Peniston_song)#Finally_1997","/wiki/Somebody_Else%27s_Guy","/wiki/I_Know_You_Want_Me_(Nastyboy_Klick_song)","/wiki/Nobody_Else_(CeCe_Peniston_song)","/wiki/He_Loves_Me_2","/wiki/Category:CeCe_Peniston_songs","/wiki/Goody_Goody","/wiki/How_I_Got_Over","/wiki/He%27s_Got_the_Whole_World_in_His_Hands","/wiki/Precious_Memories_(hymn)","/wiki/Oh_Happy_Day","/wiki/The_Christmas_Song","/wiki/What_a_Wonderful_World","/wiki/2000s_in_music","/wiki/Lifetime_to_Love","/wiki/My_Boo_(CeCe_Peniston_song)","/wiki/Reminiscin","/wiki/For_My_Baby","/wiki/Eternal_Lover","/wiki/Deeper_Love","/wiki/You_Are_the_Universe#Full_Flava_version","/wiki/I%27m_Feelin%27_U","/wiki/Shame_Shame_Shame_(Soulshaker_and_CeCe_Peniston_song)","/wiki/Still_I","/wiki/Finally_(CeCe_Peniston_song)#Finally_2008","/wiki/Above_Horizons","/wiki/Category:CeCe_Peniston_songs","/wiki/I_Can%27t_Go_for_That_(No_Can_Do)","/wiki/Runnin%27_Away","/wiki/There_You%27ll_Be","/wiki/Last_Dance_(song)","/wiki/2010s_in_music","/wiki/In_Love_with_a_DJ","/wiki/Stoopid!","/wiki/Keep_On_Walkin%27_(song)#Keep_On_Flossing","/wiki/Finally_(CeCe_Peniston_song)#Finally_2011","/wiki/Category:CeCe_Peniston_songs","/wiki/Category:CeCe_Peniston","/wiki/CeCe_Peniston_discography","/wiki/List_of_awards_and_nominations_received_by_CeCe_Peniston","//upload.wikimedia.org/wikipedia/commons/thumb/8/89/Symbol_book_class2.svg/16px-Symbol_book_class2.svg.png","/wiki/Book:CeCe_Peniston","//upload.wikimedia.org/wikipedia/en/thumb/4/48/Folder_Hexagonal_Icon.svg/16px-Folder_Hexagonal_Icon.svg.png","/wiki/Category:CeCe_Peniston","//upload.wikimedia.org/wikipedia/en/thumb/5/5c/Symbol_template_class.svg/16px-Symbol_template_class.svg.png","/wiki/Template:CeCe_Peniston","//upload.wikimedia.org/wikipedia/en/thumb/f/fd/Portal-puzzle.svg/16px-Portal-puzzle.svg.png","/wiki/Portal:Music","http://en.wikipedia.org/w/index.php?title=Finally_(CeCe_Peniston_song)&oldid=544108544","/wiki/Help:Categories","/wiki/Category:1991_singles","/wiki/Category:1992_singles","/wiki/Category:1997_singles","/wiki/Category:2008_singles","/wiki/Category:2011_singles","/wiki/Category:CeCe_Peniston_songs","/wiki/Category:Billboard_Hot_Dance_Club_Songs_number-one_singles","/wiki/Category:Songs_written_by_CeCe_Peniston","/wiki/Category:House_music_songs","/wiki/Category:Articles_with_hAudio_microformats","/w/index.php?title=Special:UserLogin&returnto=Finally+%28CeCe+Peniston+song%29&type=signup","/w/index.php?title=Special:UserLogin&returnto=Finally+%28CeCe+Peniston+song%29","/wiki/Finally_(CeCe_Peniston_song)","/wiki/Talk:Finally_(CeCe_Peniston_song)","#","/wiki/Finally_(CeCe_Peniston_song)","/w/index.php?title=Finally_(CeCe_Peniston_song)&action=edit","/w/index.php?title=Finally_(CeCe_Peniston_song)&action=history","#","/w/index.php","//bits.wikimedia.org/static-1.21wmf11/skins/vector/images/search-ltr.png?303-4","/wiki/Main_Page","/wiki/Main_Page","/wiki/Portal:Contents","/wiki/Portal:Featured_content","/wiki/Portal:Current_events","/wiki/Special:Random","//donate.wikimedia.org/wiki/Special:FundraiserRedirector?utm_source=donate&utm_medium=sidebar&utm_campaign=C13_en.wikipedia.org&uselang=en","/wiki/Help:Contents","/wiki/Wikipedia:About","/wiki/Wikipedia:Community_portal","/wiki/Special:RecentChanges","/wiki/Wikipedia:Contact_us","/wiki/Special:WhatLinksHere/Finally_(CeCe_Peniston_song)","/wiki/Special:RecentChangesLinked/Finally_(CeCe_Peniston_song)","/wiki/Wikipedia:File_Upload_Wizard","/wiki/Special:SpecialPages","/w/index.php?title=Finally_(CeCe_Peniston_song)&oldid=544108544","/w/index.php?title=Finally_(CeCe_Peniston_song)&action=info","/w/index.php?title=Special:Cite&page=Finally_%28CeCe_Peniston_song%29&id=544108544","/w/index.php?title=Special:Book&bookcmd=book_creator&referer=Finally+%28CeCe+Peniston+song%29","/w/index.php?title=Special:Book&bookcmd=render_article&arttitle=Finally+%28CeCe+Peniston+song%29&oldid=544108544&writer=rl","/w/index.php?title=Finally_(CeCe_Peniston_song)&printable=yes","//en.wikipedia.org/wiki/Wikipedia:Text_of_Creative_Commons_Attribution-ShareAlike_3.0_Unported_License","//creativecommons.org/licenses/by-sa/3.0/","//wikimediafoundation.org/wiki/Terms_of_Use","//www.wikimediafoundation.org/","//en.wikipedia.org/wiki/Wikipedia:Contact_us","//wikimediafoundation.org/wiki/Privacy_policy","/wiki/Wikipedia:About","/wiki/Wikipedia:General_disclaimer","http://en.m.wikipedia.org/wiki/Finally_(CeCe_Peniston_song)","//wikimediafoundation.org/","//bits.wikimedia.org/images/wikimedia-button.png","//www.mediawiki.org/","//bits.wikimedia.org/static-1.21wmf11/skins/common/images/poweredby_mediawiki_88x31.png","//bits.wikimedia.org/en.wikipedia.org/load.php?debug=false&lang=en&modules=skins.vector&only=scripts&skin=vector&*","/w/index.php?title=MediaWiki:Gadget-ReferenceTooltips.js&action=raw&ctype=text/javascript&508635914","//bits.wikimedia.org/en.wikipedia.org/load.php?debug=false&lang=en&modules=site&only=scripts&skin=vector&*"],"instances":["magazine","cece_peniston_song","uk","cece_peniston_album","musical","disc_jockey","magazine","overweight_pooch_song","album","record_producer","music"],"pdf":["http://www.austchartbook.com.au/images/Sample%20of%20The%20Australian%20Top%2020%20Book%201940-2006.pdf","http://www.austchartbook.com.au/images/Sample%20of%20The%20Australian%20Top%2020%20Book%201940-2006.pdf","http://www.top40.nl/pdf/Top%20100/top%20100%20-%201992.pdf","http://www.top40.nl/pdf/Top%20100/top%20100%20-%201992.pdf"],"categories":["1991 singles","1992 singles","1997 singles","2008 singles","2011 singles","CeCe Peniston songs","Billboard Hot Dance Club Songs number-one singles","Songs written by CeCe Peniston","House music songs"],"headings":["Credits and personnel","Track listings","Charts and certifications","Music awards and nominations","Finally 1997","Finally 2008","Finally 2011","See also","References","External links"],"image":["//upload.wikimedia.org/wikipedia/en/thumb/d/d1/CCP_F_single.jpg/220px-CCP_F_single.jpg","//upload.wikimedia.org/wikipedia/en/thumb/1/1f/CCP_F_single2.jpg/220px-CCP_F_single2.jpg","//upload.wikimedia.org/wikipedia/en/thumb/a/a6/CCP_F97_single.jpg/220px-CCP_F97_single.jpg","//upload.wikimedia.org/wikipedia/en/thumb/5/58/CCP_F97_single2.jpg/220px-CCP_F97_single2.jpg","//upload.wikimedia.org/wikipedia/en/thumb/7/70/CCP_Joyriders_Finally.JPG/220px-CCP_Joyriders_Finally.JPG","//upload.wikimedia.org/wikipedia/commons/thumb/8/89/Symbol_book_class2.svg/16px-Symbol_book_class2.svg.png","//upload.wikimedia.org/wikipedia/en/thumb/4/48/Folder_Hexagonal_Icon.svg/16px-Folder_Hexagonal_Icon.svg.png","//upload.wikimedia.org/wikipedia/en/thumb/5/5c/Symbol_template_class.svg/16px-Symbol_template_class.svg.png","//upload.wikimedia.org/wikipedia/en/thumb/f/fd/Portal-puzzle.svg/16px-Portal-puzzle.svg.png","//upload.wikimedia.org/wikipedia/commons/thumb/8/89/Symbol_book_class2.svg/16px-Symbol_book_class2.svg.png","//upload.wikimedia.org/wikipedia/en/thumb/4/48/Folder_Hexagonal_Icon.svg/16px-Folder_Hexagonal_Icon.svg.png","//upload.wikimedia.org/wikipedia/en/thumb/5/5c/Symbol_template_class.svg/16px-Symbol_template_class.svg.png","//upload.wikimedia.org/wikipedia/en/thumb/f/fd/Portal-puzzle.svg/16px-Portal-puzzle.svg.png","//bits.wikimedia.org/static-1.21wmf11/skins/vector/images/search-ltr.png?303-4","//bits.wikimedia.org/images/wikimedia-button.png","//bits.wikimedia.org/static-1.21wmf11/skins/common/images/poweredby_mediawiki_88x31.png"],"tags":[["finally","cece_peniston_album"],["felipe_delgado","record_producer"],["felipe_delgado","record_producer"],["i_like_it","overweight_pooch_song"],["priscilla_queen_of_the_desert","musical"],["felipe_delgado","record_producer"],["solo","music"],["manny_lehman","disc_jockey"],["rpm","magazine"],["rpm","magazine"],["rpm","magazine"],["finally","cece_peniston_album"],["felipe_delgado","record_producer"],["felipe_delgado","record_producer"],["manny_lehman","disc_jockey"],["felipe_delgado","record_producer"],["solo","music"],["manny_lehman","disc_jockey"],["felipe_delgado","record_producer"],["felipe_delgado","record_producer"],["cece","album"],["felipe_delgado","record_producer"],["keep_on_walkin'","song#keep_on_flossing"],["celebrate","cece_peniston_song"],["list_of_number-one_dance_singles_of_1991","u.s."],["list_of_top_10_singles_in_1992","uk"],["billboard","magazine"]],"members":["billboard","celebrate","list_of_top_10_singles_in_1992","finally","priscilla_queen_of_the_desert","manny_lehman","rpm","i_like_it","cece","felipe_delgado","solo"],"related":["CeCe_Peniston","Finally_(CeCe_Peniston_album)","We_Got_a_Love_Thang","CD_single","CD_maxi","7\"_single","Gramophone_record","House_music","Dance-pop","A&M_Records","CeCe_Peniston","Felipe_Delgado_(record_producer)","Felipe_Delgado_(record_producer)","RIAA","British_Phonographic_Industry","I_Like_It_(Overweight_Pooch_song)","CeCe_Peniston","Dance_music","Billboard_Hot_100","Hot_Dance_Club_Play","UK_Singles_Chart","Priscilla_Queen_of_the_Desert_(musical)","Sydney_Entertainment_Centre","Kylie_Minogue","Spinning_Around","Paula_Abdul","Lady_Gaga","Dance_in_the_Dark","CeCe_Peniston","Singing","Songwriter","Felipe_Delgado_(record_producer)","Record_producer","Rodney_K._Jackson","David_Morales","Remix","Percussion","Engineer","Eric_Kupper","Acoustic_piano","Solo_(music)","Record_producer","Manny_Lehman_(disc_jockey)","Executive_producer","Simon_Fowler","Photography","Design","Phoenix,_Arizona","Recording_studio","Broadcast_Music_Incorporated","Publisher","We_Got_a_Love_Thang","We_Got_a_Love_Thang","We_Got_a_Love_Thang","Canadian_Singles_Chart","RPM_(magazine)","Library_and_Archives_Canada","UK_Singles_Chart","Hot_Dance_Club_Songs","ARIA_Charts","Kent_Music_Report","Ö3_Austria_Top_40","VRT_Top_30","RPM_(magazine)","Dutch_Top_40","Single_Top_100","Syndicat_National_de_l'Édition_Phonographique","Media_Control_Charts","Irish_Singles_Chart","Recording_Industry_Association_of_New_Zealand","Swiss_Music_Charts","Billboard_Hot_100","Hot_R&B/Hip-Hop_Songs","American_Top_40","Silver","Gold","RPM_(magazine)","CeCe_Peniston","Finally_(CeCe_Peniston_album)","We_Got_a_Love_Thang","Hit_by_Love","CD_single","CD_maxi","Gramophone_record","House_music","Dance-Pop","A&M_Records","Felipe_Delgado_(record_producer)","Felipe_Delgado_(record_producer)","Rodney_K._Jackson","David_Morales","Manny_Lehman_(disc_jockey)","Mark_Mazzetti","Before_I_Lay","Somebody_Else's_Guy","Eric_Kupper","UK_Singles_Chart","CeCe_Peniston","Singing","Songwriter","Felipe_Delgado_(record_producer)","Record_producer","Rodney_K._Jackson","Eric_Kupper","Engineer","Remix","Record_producer","Keyboard_instrument","Programming","Bass_guitar","Guitar","Acoustic_piano","Solo_(music)","Remix","Manny_Lehman_(disc_jockey)","Executive_producer","Recording_studio","We_Got_a_Love_Thang","Hit_by_Love","CeCe_Peniston","Music_download","House_music","Dance-Pop","Felipe_Delgado_(record_producer)","Felipe_Delgado_(record_producer)","Rodney_K._Jackson","David_Morales","Still_I","Above_Horizons","ARIA_Charts","Beatport","Global_Dance_Tracks","Global_Dance_Tracks","ARIA_charts","CeCe_Peniston","CeCe_(album)","Music_download","House_music","Dance-Pop","Perfecto_Records","Felipe_Delgado_(record_producer)","Paul_Oakenfold","Celebrate_(CeCe_Peniston_song)","Paul_Oakenfold","Paul_Oakenfold","The_Best_Dance_Album_in_the_World..._Ever!","List_of_number-one_dance_singles_of_1991_(U.S.)","List_of_top_10_singles_in_1992_(UK)","List_of_Dance_Dance_Revolution_songs","Billboard_(magazine)","Nielsen_Company","Allmusic","Rovi_Corporation"]}