{"cursor":"23027","size":15,"audio":[],"currentlang":"en","article":"A 'benefit concert' or 'charity concert' is a concert, show or gala featuring\nmusicians, comedians, or other performers that is held for a charitable purpose,\noften directed at a specific and immediate humanitarian crisis. Benefit concerts\ncan have both subjective and concrete objectives. Subjective objectives include\nraising awareness about an issue such as misery in Africa (see Live 8) and\nuplifting a nation after a disaster (see ). Concrete objectives include raising\nfunds (Live Aid) and influencing legislation (Live 8; Farm Aid). The\npopularization of benefit concerts started after the Concert For Bangladesh,\norganized by George Harrison in 1971. UGO. âBest Benefit\nConcertsâ. Last modified: April 24, 2009. http://www.ugo.com/the-goods/best-benefit-\nconcerts However, the format in which most concerts are done nowadays was\nonly created after the occurrence of Bob Geldofâs Live Aid BBC News. âA World Of Charity Concertsâ. Last modified:\nFebruary 16, 2007.\nhttp://news.bbc.co.uk/2/hi/entertainment/6368799.stm (CBC). The two largest\nbenefit concerts of all time, in size, were the Live 8 and the Live Earth, both\nwith billions of spectators. Scholars theorize that\nthe observed increase on concert size since the Live Aid is happening because\norganizers strive to make their events as big as the tragedy at hand, thus\nhoping to gain legitimization that way. name=\"Wells\"\n","linknr":369,"url":"Benefit_concert","recorded":1363123717,"links":["/w/index.php?title=Benefit_concert&action=edit","/w/index.php?title=Benefit_concert&action=edit","//en.wikipedia.org/apple-touch-icon.png","//bits.wikimedia.org/favicon/wikipedia.ico","/w/opensearch_desc.php","//en.wikipedia.org/w/api.php?action=rsd","//creativecommons.org/licenses/by-sa/3.0/","/w/index.php?title=Special:RecentChanges&feed=atom","//bits.wikimedia.org/en.wikipedia.org/load.php?debug=false&lang=en&modules=ext.gadget.DRN-wizard%2CReferenceTooltips%2Ccharinsert%2Cteahouse%7Cext.wikihiero%7Cmediawiki.legacy.commonPrint%2Cshared%7Cmw.PopUpMediaTransform%7Cskins.vector&only=styles&skin=vector&*","//bits.wikimedia.org/en.wikipedia.org/load.php?debug=false&lang=en&modules=site&only=styles&skin=vector&*","//bits.wikimedia.org/en.wikipedia.org/load.php?debug=false&lang=en&modules=startup&only=scripts&skin=vector&*","//bits.wikimedia.org/geoiplookup","//meta.wikimedia.org","#mw-head","#p-search","/wiki/Live_8","/wiki/America:_A_Tribute_to_Heroes","/wiki/Live_Aid","/wiki/Farm_Aid","/wiki/Concert_For_Bangladesh","/wiki/George_Harrison","#cite_note-ugo.com-1","#cite_note-news.bbc.co.uk-2","/wiki/Live_8","/wiki/Live_Earth","#cite_note-news.bbc.co.uk-2","#cite_note-name.3DWells-3","#Celebrity_charity","#Effectiveness","#As_media_events","#Benefit_concerts_and_para-social_interaction","#Criticisms","#Notable_examples","#Bibliography","/w/index.php?title=Benefit_concert&action=edit&section=1","/w/index.php?title=Catalytic_Philanthropy&action=edit&redlink=1","/w/index.php?title=Paul_Schervish&action=edit&redlink=1","#cite_note-4","#cite_note-5","#cite_note-ugo.com-1","#cite_note-6","/wiki/Bob_Geldof","#cite_note-7","/wiki/Public_Sphere","#cite_note-8","#cite_note-9","#cite_note-10","/w/index.php?title=Benefit_concert&action=edit&section=2","#cite_note-11","/w/index.php?title=Megaphone_effect&action=edit&redlink=1","#cite_note-name.3DWells-3","/w/index.php?title=Benefit_concert&action=edit&section=3","#cite_note-katz-12","/wiki/We_Are_the_World","#cite_note-katz-12","#cite_note-katz-12","#cite_note-katz-12","#cite_note-katz-12","#cite_note-katz-12","/w/index.php?title=Benefit_concert&action=edit&section=4","#cite_note-davis-13","#cite_note-katz-12","#cite_note-laugh-14","#cite_note-davis-13","/w/index.php?title=Benefit_concert&action=edit&section=5","#cite_note-15","#cite_note-16","/w/index.php?title=Benefit_concert&action=edit&section=6","/wiki/The_Concert_for_Bangladesh","/wiki/Madison_Square_Garden","/wiki/New_York","/wiki/George_Harrison","/wiki/George_Harrison","/wiki/Ravi_Shankar_(musician)","/wiki/Bob_Dylan","/wiki/Eric_Clapton","/wiki/Ringo_Starr","/wiki/Billy_Preston","/wiki/Leon_Russell","/wiki/Amnesty_International","/wiki/The_Secret_Policeman%27s_Balls","/wiki/Pleasure_At_Her_Majesty%27s","/wiki/London","/wiki/Monty_Python","/wiki/Peter_Cook","/wiki/Beyond_The_Fringe","/wiki/John_Cleese","/wiki/Martin_Lewis_(humorist)","/wiki/Music_for_UNICEF_Concert","/wiki/United_Nations_General_Assembly","/wiki/UNICEF","/wiki/International_Year_of_the_Child","/wiki/ABBA","/wiki/Bee_Gees","/wiki/Andy_Gibb","/wiki/Olivia_Newton-John","/wiki/John_Denver","/wiki/Earth,_Wind_%26_Fire","/wiki/Rita_Coolidge","/wiki/Kris_Kristofferson","/wiki/Rod_Stewart","/wiki/Donna_Summer","/wiki/Robert_Stigwood","/wiki/Bee_Gees","/wiki/David_Frost_(broadcaster)","/wiki/Amnesty_International","/wiki/The_Secret_Policeman%27s_Balls","/wiki/The_Secret_Policeman%27s_Ball_(1979)","/wiki/Monty_Python","/wiki/Martin_Lewis_(humorist)","/wiki/Pete_Townshend","/wiki/Tom_Robinson","/wiki/Musicians_United_for_Safe_Energy","/wiki/Concerts_for_the_People_of_Kampuchea","/wiki/Hammersmith_Odeon","/wiki/Citizen","/wiki/Cambodia","/wiki/Pol_Pot","/wiki/Amnesty_International","/wiki/The_Secret_Policeman%27s_Balls","/wiki/The_Secret_Policeman%27s_Other_Ball","/wiki/Sting_(musician)","/wiki/Eric_Clapton","/wiki/Jeff_Beck","/wiki/Phil_Collins","/wiki/Donovan","/wiki/Bob_Geldof","/wiki/File:Feknukefreezecc.jpg","//upload.wikimedia.org/wikipedia/commons/thumb/9/92/Feknukefreezecc.jpg/240px-Feknukefreezecc.jpg","/wiki/File:Feknukefreezecc.jpg","//bits.wikimedia.org/static-1.21wmf10/skins/common/images/magnify-clip.png","/wiki/John_Fekner","/wiki/Jackson_Browne","/wiki/Linda_Ronstadt","/wiki/Bruce_Springsteen","/wiki/Keith_Haring","/wiki/John_Fekner","/wiki/Live_Aid","/wiki/Bob_Geldof","/wiki/London","/wiki/Philadelphia,_Pennsylvania","/wiki/Sydney","/wiki/Moscow","/wiki/Farm_Aid","/wiki/Willie_Nelson","/wiki/John_Mellencamp","/wiki/Farmer","/wiki/United_States","/wiki/Champaign,_Illinois","/wiki/Self_Aid","/wiki/Dublin","/wiki/Ireland","/wiki/U2","/wiki/Van_Morrison","/wiki/The_Pogues","/wiki/A_Conspiracy_of_Hope_Tour","/wiki/Amnesty_International","/wiki/U2","/wiki/Sting_(musician)","/wiki/Joan_Baez","/wiki/Lou_Reed","/wiki/Jackson_Browne","/wiki/The_Neville_Brothers","/wiki/The_Police","/wiki/Heart_Beat_86","/wiki/Birmingham","/wiki/England","/wiki/Birmingham_Children%27s_Hospital","/wiki/Human_Rights_Now!_Tour","/wiki/Amnesty_International","/wiki/The_Freddie_Mercury_Tribute_Concert","/wiki/Wembley_Stadium_(1923)","/wiki/London","/wiki/Queen_(band)","/wiki/David_Bowie","/wiki/Elton_John","/wiki/Guns_N%27_Roses","/wiki/Metallica","/wiki/Robert_Plant","/wiki/Liza_Minnelli","/wiki/Roger_Daltrey","/wiki/George_Michael","/wiki/America:_A_Tribute_to_Heroes","/wiki/September_11,_2001_attacks","/wiki/World_Trade_Center","/wiki/The_Pentagon","/wiki/United_States","/wiki/Television","/wiki/The_Concert_for_New_York_City","/wiki/September_11,_2001_attacks","/wiki/New_York","/wiki/Paul_McCartney","/wiki/Harvey_Weinstein","/wiki/Jann_Wenner","/wiki/The_Rolling_Stones","/wiki/AC/DC","/wiki/Rush_(band)","/wiki/The_Guess_Who","/wiki/Molson_Canadian_Rocks_for_Toronto","/wiki/Toronto,_Ontario","/wiki/Canada","/wiki/Severe_acute_respiratory_syndrome","/wiki/Bob_Geldof","/wiki/Bono","/wiki/Live_8","/wiki/Al_Gore","/wiki/Live_Earth","/wiki/Anoushka_Shankar","/wiki/Jethro_Tull_(band)","/wiki/A_Billion_Hands_Concert","/wiki/Mumbai","/wiki/India","/wiki/November_2008_Mumbai_attacks","#cite_note-17","/wiki/12-12-12:_The_Concert_for_Sandy_Relief","/wiki/Madison_Square_Garden","/wiki/New_York_City","/wiki/Robin_Hood_Foundation","/wiki/Hurricane_Sandy","#cite_note-18","/wiki/MDA_Show_of_Strength","/wiki/Jerry_Lewis","/wiki/Muscular_Dystrophy_Association","/wiki/Telethon","/wiki/Labor_Day","/wiki/Max_Lugavere","/wiki/Los_Angeles","/wiki/California","/wiki/The_Troubadour_(Los_Angeles)","/wiki/Los_Angeles_Unified_School_District","#cite_note-19","/wiki/Nashville","/wiki/Miami","/w/index.php?title=Benefit_concert&action=edit&section=7","#cite_ref-ugo.com_1-0","#cite_ref-ugo.com_1-1","http://www.ugo.com/the-goods/best-benefit-concerts","#cite_ref-news.bbc.co.uk_2-0","#cite_ref-news.bbc.co.uk_2-1","http://news.bbc.co.uk/2/hi/entertainment/6368799.stm","#cite_ref-name.3DWells_3-0","#cite_ref-name.3DWells_3-1","#cite_ref-4","http://www.forbes.com/2010/01/26/haiti-clooney-wyclef-business-entertainment-charitable-celebs.html","#cite_ref-5","#cite_ref-6","#cite_ref-7","#cite_ref-8","#cite_ref-9","#cite_ref-10","#cite_ref-11","http://www.peopleandplanet.net/?lid=28053&topic=23&section=51","#cite_ref-katz_12-0","#cite_ref-katz_12-1","#cite_ref-katz_12-2","#cite_ref-katz_12-3","#cite_ref-katz_12-4","#cite_ref-katz_12-5","#cite_ref-katz_12-6","#cite_ref-davis_13-0","#cite_ref-davis_13-1","#cite_ref-laugh_14-0","#cite_ref-15","#cite_ref-16","#cite_ref-17","http://www.abillionhands.com/abh_concert.html","#cite_ref-18","http://www.huffingtonpost.com/2012/12/12/12-12-12-concert-hurricane-sandy_n_2286723.html","/wiki/Huffington_Post","http://www.huffingtonpost.com/2012/12/12/12-12-12-concert-hurricane-sandy_n_2286723.html","#cite_ref-19","http://www.tonic.com/post/at-rockdrive-2010-local-community-take-center-stage/","/wiki/Template:Charity","/wiki/Template_talk:Charity","//en.wikipedia.org/w/index.php?title=Template:Charity&action=edit","/wiki/Charity_(practice)","/wiki/Philanthropy","/wiki/Alms","/wiki/Tzedakah","/wiki/Zakat","/wiki/Sadaqah","/wiki/Tithe","/wiki/Altruism","/wiki/Gift","/wiki/Donation","/wiki/Alternative_giving","/wiki/Youth_philanthropy","/wiki/Volunteering","/wiki/Noblesse_oblige","/wiki/Voluntary_association","/wiki/Nonprofit_organization","/wiki/Non-governmental_organization","/wiki/Charitable_trust","/wiki/Foundation_(non-profit)","/wiki/Private_foundation","/wiki/Charitable_organization","/wiki/Public-benefit_nonprofit_corporation","/wiki/Mutual-benefit_nonprofit_corporation","/wiki/Religious_corporation","/wiki/Charity_Navigator","/wiki/Charity_badge","/wiki/Donor_intent","/wiki/List_of_charitable_foundations","/wiki/List_of_wealthiest_charitable_foundations","/wiki/Click-to-donate_site","/wiki/Halukka","/wiki/Meshulach","/wiki/Master_of_Nonprofit_Organizations","/wiki/Charity_shop","/wiki/Telethon","/wiki/Warm-glow_giving","http://en.wikipedia.org/w/index.php?title=Benefit_concert&oldid=542916997","/wiki/Help:Categories","/wiki/Category:Benefit_concerts","/w/index.php?title=Special:UserLogin&returnto=Benefit+concert&type=signup","/w/index.php?title=Special:UserLogin&returnto=Benefit+concert","/wiki/Benefit_concert","/wiki/Talk:Benefit_concert","#","/wiki/Benefit_concert","/w/index.php?title=Benefit_concert&action=edit","/w/index.php?title=Benefit_concert&action=history","#","/w/index.php","//bits.wikimedia.org/static-1.21wmf10/skins/vector/images/search-ltr.png?303-4","/wiki/Main_Page","/wiki/Main_Page","/wiki/Portal:Contents","/wiki/Portal:Featured_content","/wiki/Portal:Current_events","/wiki/Special:Random","//donate.wikimedia.org/wiki/Special:FundraiserRedirector?utm_source=donate&utm_medium=sidebar&utm_campaign=C13_en.wikipedia.org&uselang=en","/wiki/Help:Contents","/wiki/Wikipedia:About","/wiki/Wikipedia:Community_portal","/wiki/Special:RecentChanges","/wiki/Wikipedia:Contact_us","/wiki/Special:WhatLinksHere/Benefit_concert","/wiki/Special:RecentChangesLinked/Benefit_concert","/wiki/Wikipedia:File_Upload_Wizard","/wiki/Special:SpecialPages","/w/index.php?title=Benefit_concert&oldid=542916997","/w/index.php?title=Benefit_concert&action=info","/w/index.php?title=Special:Cite&page=Benefit_concert&id=542916997","/w/index.php?title=Special:Book&bookcmd=book_creator&referer=Benefit+concert","/w/index.php?title=Special:Book&bookcmd=render_article&arttitle=Benefit+concert&oldid=542916997&writer=rl","/w/index.php?title=Benefit_concert&printable=yes","//fr.wikipedia.org/wiki/Gala_de_bienfaisance","//he.wikipedia.org/wiki/%D7%9E%D7%95%D7%A4%D7%A2_%D7%A6%D7%93%D7%A7%D7%94","//nl.wikipedia.org/wiki/Benefietconcert","//pl.wikipedia.org/wiki/Benefis","//ru.wikipedia.org/wiki/%D0%91%D0%B5%D0%BD%D0%B5%D1%84%D0%B8%D1%81","//uk.wikipedia.org/wiki/%D0%91%D0%B5%D0%BD%D0%B5%D1%84%D1%96%D1%81","//www.wikidata.org/wiki/Special:ItemByTitle/enwiki/Benefit concert","//en.wikipedia.org/wiki/Wikipedia:Text_of_Creative_Commons_Attribution-ShareAlike_3.0_Unported_License","//creativecommons.org/licenses/by-sa/3.0/","//wikimediafoundation.org/wiki/Terms_of_Use","//www.wikimediafoundation.org/","//en.wikipedia.org/wiki/Wikipedia:Contact_us","//wikimediafoundation.org/wiki/Privacy_policy","/wiki/Wikipedia:About","/wiki/Wikipedia:General_disclaimer","http://en.m.wikipedia.org/wiki/Benefit_concert","//wikimediafoundation.org/","//bits.wikimedia.org/images/wikimedia-button.png","//www.mediawiki.org/","//bits.wikimedia.org/static-1.21wmf10/skins/common/images/poweredby_mediawiki_88x31.png","//bits.wikimedia.org/en.wikipedia.org/load.php?debug=false&lang=en&modules=skins.vector&only=scripts&skin=vector&*","/w/index.php?title=MediaWiki:Gadget-ReferenceTooltips.js&action=raw&ctype=text/javascript&508635914","//bits.wikimedia.org/en.wikipedia.org/load.php?debug=false&lang=en&modules=site&only=scripts&skin=vector&*"],"instances":["band","band","broadcaster","musician","musician","band","los_angeles","humorist","1923"],"pdf":[],"categories":["Benefit concerts|"],"headings":["Celebrity charity","Effectiveness","As media events","Benefit concerts and para-social interaction","Criticisms","Notable examples","Bibliography"],"image":["//upload.wikimedia.org/wikipedia/commons/thumb/9/92/Feknukefreezecc.jpg/240px-Feknukefreezecc.jpg","//bits.wikimedia.org/static-1.21wmf10/skins/common/images/magnify-clip.png","//bits.wikimedia.org/static-1.21wmf10/skins/vector/images/search-ltr.png?303-4","//bits.wikimedia.org/images/wikimedia-button.png","//bits.wikimedia.org/static-1.21wmf10/skins/common/images/poweredby_mediawiki_88x31.png"],"tags":[["ravi_shankar","musician"],["martin_lewis","humorist"],["david_frost","broadcaster"],["martin_lewis","humorist"],["sting","musician"],["sting","musician"],["wembley_stadium","1923"],["queen","band"],["rush","band"],["jethro_tull","band"],["the_troubadour","los_angeles"]],"members":["jethro_tull","queen","david_frost","ravi_shankar","sting","rush","the_troubadour","martin_lewis","wembley_stadium"],"related":["Live_8","Live_Aid","Farm_Aid","Concert_For_Bangladesh","George_Harrison","Live_8","Live_Earth","Catalytic_Philanthropy","Paul_Schervish","Bob_Geldof","Public_Sphere","Megaphone_effect","We_Are_the_World","The_Concert_for_Bangladesh","Madison_Square_Garden","New_York","George_Harrison","George_Harrison","Ravi_Shankar_(musician)","Bob_Dylan","Eric_Clapton","Ringo_Starr","Billy_Preston","Leon_Russell","Amnesty_International","London","Monty_Python","Peter_Cook","Beyond_The_Fringe","John_Cleese","Martin_Lewis_(humorist)","Music_for_UNICEF_Concert","United_Nations_General_Assembly","UNICEF","International_Year_of_the_Child","ABBA","Bee_Gees","Andy_Gibb","Olivia_Newton-John","John_Denver","Earth,_Wind_&_Fire","Rita_Coolidge","Kris_Kristofferson","Rod_Stewart","Donna_Summer","Robert_Stigwood","Bee_Gees","David_Frost_(broadcaster)","Amnesty_International","Monty_Python","Martin_Lewis_(humorist)","Pete_Townshend","Tom_Robinson","Musicians_United_for_Safe_Energy","Concerts_for_the_People_of_Kampuchea","Hammersmith_Odeon","Citizen","Cambodia","Pol_Pot","Amnesty_International","Sting_(musician)","Eric_Clapton","Jeff_Beck","Phil_Collins","Donovan","Bob_Geldof","Jackson_Browne","Linda_Ronstadt","Bruce_Springsteen","Keith_Haring","John_Fekner","Live_Aid","Bob_Geldof","London","Philadelphia,_Pennsylvania","Sydney","Moscow","Farm_Aid","Willie_Nelson","John_Mellencamp","Farmer","United_States","Champaign,_Illinois","Self_Aid","Dublin","Ireland","U2","Van_Morrison","The_Pogues","A_Conspiracy_of_Hope_Tour","Amnesty_International","U2","Sting_(musician)","Joan_Baez","Lou_Reed","Jackson_Browne","The_Neville_Brothers","The_Police","Heart_Beat_86","Birmingham","England","Birmingham_Children's_Hospital","Human_Rights_Now!_Tour","Amnesty_International","The_Freddie_Mercury_Tribute_Concert","Wembley_Stadium_(1923)","London","Queen_(band)","David_Bowie","Elton_John","Guns_N'_Roses","Metallica","Robert_Plant","Liza_Minnelli","Roger_Daltrey","George_Michael","September_11,_2001_attacks","World_Trade_Center","The_Pentagon","United_States","Television","The_Concert_for_New_York_City","September_11,_2001_attacks","New_York","Paul_McCartney","Harvey_Weinstein","Jann_Wenner","The_Rolling_Stones","AC/DC","Rush_(band)","The_Guess_Who","Molson_Canadian_Rocks_for_Toronto","Toronto,_Ontario","Canada","Severe_acute_respiratory_syndrome","Bob_Geldof","Bono","Live_8","Al_Gore","Live_Earth","Anoushka_Shankar","Jethro_Tull_(band)","A_Billion_Hands_Concert","Mumbai","India","November_2008_Mumbai_attacks","Madison_Square_Garden","New_York_City","Robin_Hood_Foundation","Hurricane_Sandy","Labor_Day","Max_Lugavere","Los_Angeles","California","The_Troubadour_(Los_Angeles)","Los_Angeles_Unified_School_District","Nashville","Miami"]}