{"cursor":"22232","size":15,"audio":[],"currentlang":"en","article":"{{Infobox university |name = Lipscomb University |image_name = Lipscomb Seal.svg\n|motto = \"The Truth Shall Make You Free\" â John 8:32 |established = 1891 |type =\nPrivate |calendar = Semester |chairman = Hilton Dean |president = L. Randolph\nLowry III |provost = W. Craig Bledsoe |endowment = US$59 million (2011) |faculty = 115 |students = 4,278\n|undergrad = 2,757 |postgrad = 1,521 |city = Nashville |state = TN |country =\nUSA |campus = Urban, |nickname = Bisons |mascot = Lu the Bison |colors = Purple\nand Gold |affiliations = Churches of Christ |website = [http://www.lipscomb.edu/\nwww.lipscomb.edu] |logo = }}\n\n'Lipscomb University' is a private, coeducational, liberal arts university in\nNashville, Tennessee, United States. It is affiliated with the Churches of\nChrist. The campus is located in the Green Hills neighborhood of Nashville\nbetween Belmont Boulevard to the west and Granny White Pike on the east. Student\nenrollment for the fall 2012 semester is 4,278 which includes 2,757\nundergraduate students and 1,521 graduate students.\n","linknr":523,"url":"Lipscomb_University","recorded":1363396498,"links":["/w/index.php?title=Lipscomb_University&action=edit","/w/index.php?title=Lipscomb_University&action=edit","//en.wikipedia.org/apple-touch-icon.png","//bits.wikimedia.org/favicon/wikipedia.ico","/w/opensearch_desc.php","//en.wikipedia.org/w/api.php?action=rsd","//creativecommons.org/licenses/by-sa/3.0/","/w/index.php?title=Special:RecentChanges&feed=atom","//bits.wikimedia.org/en.wikipedia.org/load.php?debug=false&lang=en&modules=ext.gadget.DRN-wizard%2CReferenceTooltips%2Ccharinsert%2Cteahouse%7Cext.wikihiero%7Cmediawiki.legacy.commonPrint%2Cshared%7Cmw.PopUpMediaTransform%7Cskins.vector&only=styles&skin=vector&*","//bits.wikimedia.org/en.wikipedia.org/load.php?debug=false&lang=en&modules=site&only=styles&skin=vector&*","//bits.wikimedia.org/en.wikipedia.org/load.php?debug=false&lang=en&modules=startup&only=scripts&skin=vector&*","//bits.wikimedia.org/geoiplookup","//meta.wikimedia.org","#mw-head","#p-search","/wiki/File:Lipscomb_Seal.svg","//upload.wikimedia.org/wikipedia/en/thumb/b/b0/Lipscomb_Seal.svg/220px-Lipscomb_Seal.svg.png","/wiki/Private_school","/wiki/Financial_endowment","#cite_note-endowment-1","/wiki/Chair_(official)","/wiki/University_president","/wiki/L._Randolph_Lowry_III","/wiki/Provost_(education)","#cite_note-2","#cite_note-3","/wiki/Undergraduate_education","/wiki/Postgraduate_education","/wiki/Nashville,_Tennessee","/wiki/Tennessee","/wiki/United_States","/wiki/Urban_area","/wiki/School_colors","/wiki/Purple","/wiki/Gold_(color)","/wiki/Athletic_nickname","/wiki/Churches_of_Christ","http://www.lipscomb.edu/","/wiki/File:Lipscomb_Logo.svg","//upload.wikimedia.org/wikipedia/en/thumb/9/99/Lipscomb_Logo.svg/190px-Lipscomb_Logo.svg.png","/wiki/Private_university","/wiki/Coeducation","/wiki/Liberal_arts","/wiki/University","/wiki/Nashville,_Tennessee","/wiki/United_States","/wiki/Churches_of_Christ","/wiki/Green_Hills,_Tennessee","#History","#Presidents","#Academics","#Colleges_and_institutes","#Campus_information","#Tax_exempt_bonds","#Campus_life","#Global_learning","#Athletics","#Notable_alumni","#References","#External_links","/w/index.php?title=Lipscomb_University&action=edit&section=1","/wiki/David_Lipscomb","/wiki/James_A._Harding","/wiki/Seminary","/wiki/Christian_(word)","/wiki/Liberal_arts","/wiki/James_A._Harding","/wiki/Churches_of_Christ","/wiki/Minister_(Christianity)","/wiki/Higher_education","#cite_note-University_Faculty-4","/wiki/Junior_college","/wiki/Southern_Association_of_Colleges_and_Schools","/wiki/Bible","/wiki/Sport","/wiki/Allen_Arena","#cite_note-Brief_History-5","/wiki/High_school","/wiki/Middle_school","/wiki/Elementary_school","/wiki/Public_school_(government_funded)","/wiki/Lipscomb_Academy","/w/index.php?title=Lipscomb_University&action=edit&section=2","/wiki/File:DavidLipscomb.jpg","//upload.wikimedia.org/wikipedia/commons/5/5d/DavidLipscomb.jpg","/wiki/File:DavidLipscomb.jpg","//bits.wikimedia.org/static-1.21wmf11/skins/common/images/magnify-clip.png","/wiki/David_Lipscomb","/wiki/L._Randolph_Lowry_III","/w/index.php?title=Harold_Hazelip&action=edit&redlink=1","/wiki/Batsell_Baxter","/wiki/Batsell_Baxter","/wiki/James_A._Harding","/wiki/David_Lipscomb","/wiki/James_A._Harding","/wiki/David_Lipscomb","/wiki/James_A._Harding","/w/index.php?title=Lipscomb_University&action=edit&section=3","/wiki/U.S._News_%26_World_Report","#cite_note-6","/wiki/Liberal_arts","/wiki/Southern_Association_of_Colleges_and_Schools","/w/index.php?title=Lipscomb_University&action=edit&section=4","http://www.lipscomb.edu/arts-sciences","http://www.lipscomb.edu/bible","http://www.lipscomb.edu/business","http://www.lipscomb.edu/education","http://www.lipscomb.edu/engineering","http://www.lipscomb.edu/cphs","http://www.lipscomb.edu/professionalstudies","http://www.lipscomb.edu/technology","http://www.lipscomb.edu/nursing","http://www.lipscomb.edu/hst","http://www.lipscomb.edu/transformaging","http://www.lipscomb.edu/ayers","http://www.lipscomb.edu/deaninstitute","http://www.lipscomb.edu/ics","http://www.lipscomb.edu/icm","http://www.lipscomb.edu/ljs","http://www.lipscomb.edu/sustainability","http://www.lipscomb.edu/civicleadership","/w/index.php?title=Lipscomb_University&action=edit&section=5","/wiki/File:WTN_EVula_152.jpg","//upload.wikimedia.org/wikipedia/commons/thumb/3/31/WTN_EVula_152.jpg/220px-WTN_EVula_152.jpg","/wiki/File:WTN_EVula_152.jpg","//bits.wikimedia.org/static-1.21wmf11/skins/common/images/magnify-clip.png","/wiki/File:WTN_EVula_153.jpg","//upload.wikimedia.org/wikipedia/commons/thumb/5/58/WTN_EVula_153.jpg/220px-WTN_EVula_153.jpg","/wiki/File:WTN_EVula_153.jpg","//bits.wikimedia.org/static-1.21wmf11/skins/common/images/magnify-clip.png","/wiki/Starbucks","/wiki/Leadership_in_Energy_and_Environmental_Design","/wiki/Allen_Arena","/w/index.php?title=Lipscomb_University&action=edit&section=6","/wiki/Supreme_Court_of_the_United_States","#cite_note-7","/w/index.php?title=Lipscomb_University&action=edit&section=7","/wiki/Fraternities_and_sororities","/wiki/Alpha_Kappa_Psi","/wiki/Sigma_Alpha_Iota","/wiki/Alpha_Chi","/wiki/Sigma_Tau_Delta","/wiki/Honor_society","/wiki/Circle_K_International","/wiki/College_Republicans","/wiki/College_Democrats_of_America","/wiki/Acts_of_the_Apostles","#cite_note-babbler-8","#cite_note-lumination-9","/w/index.php?title=Lipscomb_University&action=edit&section=8","/wiki/Vienna","/wiki/Austria","/wiki/Council_for_Christian_Colleges_and_Universities","#cite_note-urlCenter_for_International_Peace_and_Justice_-_Lipscomb_University_-_Nashville.2C_Tennessee-10","/w/index.php?title=Lipscomb_University&action=edit&section=9","/wiki/Lipscomb_Bisons","/wiki/Lipscomb_Bisons_men%27s_basketball","/wiki/File:LipscombBisons.png","//upload.wikimedia.org/wikipedia/en/thumb/8/88/LipscombBisons.png/220px-LipscombBisons.png","/wiki/File:LipscombBisons.png","//bits.wikimedia.org/static-1.21wmf11/skins/common/images/magnify-clip.png","/wiki/Nickname","/wiki/American_Bison","/wiki/Baseball","/wiki/Basketball","/wiki/National_Association_of_Intercollegiate_Athletics","/wiki/National_Collegiate_Athletic_Association","/wiki/Division_I_(NCAA)","/wiki/Atlantic_Sun_Conference","/wiki/Belmont_University","/wiki/ETSU/Mountain_States_Health_Alliance_Athletic_Center","/wiki/Johnson_City,_Tennessee","/wiki/NCAA_Men%27s_Division_I_Basketball_Championship","/wiki/National_Invitation_Tournament","/wiki/Oxford_English_Dictionary","/wiki/Latin","/wiki/Mascot","/wiki/Fisk_University","#cite_note-11","/w/index.php?title=Lipscomb_University&action=edit&section=10","/wiki/Michael_F._Adams","/wiki/University_of_Georgia","/wiki/LaMar_Baker","/wiki/Richard_Batey","/wiki/New_Testament","/wiki/Casey_Bond","/wiki/Pat_Boone","/wiki/Charles_R._Brewer","/wiki/G._C._Brewer","/wiki/Benton_Cordell_Goodpasture","/wiki/Judy_Hample","/wiki/Pennsylvania_State_System_of_Higher_Education","/wiki/David_Edwin_Harrell","/wiki/Auburn_University","/wiki/Beth_Halteman_Harwell","/wiki/Jim_Jinkins","/wiki/Doug","/wiki/Caleb_Joseph","/wiki/W._Mark_Lanier","/wiki/Dustin_Lynch","/wiki/Michael_Shane_Neal","/wiki/Ira_North","/wiki/Kerry_Roberts","/wiki/Marty_Roe","/wiki/Diamond_Rio","/wiki/David_A._Sampson","/wiki/Prudential_plc#Management","/wiki/Edwin_Trevathan","/wiki/Centers_for_Disease_Control_and_Prevention","/wiki/Ray_Walker_(singer)","/w/index.php?title=Lipscomb_University&action=edit&section=11","#cite_ref-endowment_1-0","http://www.nacubo.org/Documents/research/2011NCSEPublicTablesEndowmentMarketValues319.pdf","http://www.nacubo.org/Documents/research/2011NCSEPublicTablesEndowmentMarketValues319.pdf","#cite_ref-2","http://www.wsmv.com/story/19458416/lipscomb-sees-another-record-enrollment-year","http://www.wsmv.com/story/19458416/lipscomb-sees-another-record-enrollment-year","#cite_ref-3","http://www.lipscomb.edu/news/Archive/Detail/13/24761","http://www.lipscomb.edu/news/Archive/Detail/13/24761","#cite_ref-University_Faculty_4-0","http://www.lipscomb.edu/hr/University-Faculty","http://www.lipscomb.edu/hr/University-Faculty","#cite_ref-Brief_History_5-0","http://www.lipscomb.edu/about/Brief-History","http://www.lipscomb.edu/about/Brief-History","#cite_ref-6","http://colleges.usnews.rankingsandreviews.com/best-colleges/lipscomb-university-3486","http://colleges.usnews.rankingsandreviews.com/best-colleges/lipscomb-university-3486","#cite_ref-7","#cite_ref-babbler_8-0","http://babbler.lipscomb.edu/page.asp?SID=144&Page=468","http://babbler.lipscomb.edu/page.asp?SID=144&Page=468","#cite_ref-lumination_9-0","http://www.luminationnetwork.com","http://www.luminationnetwork.com","#cite_ref-urlCenter_for_International_Peace_and_Justice_-_Lipscomb_University_-_Nashville.2C_Tennessee_10-0","http://cipj.lipscomb.edu","http://cipj.lipscomb.edu","#cite_ref-11","http://www.usatoday.com/sports/college/womensbasketball/2007-11-14-lipscomb-fisk_N.htm","http://www.usatoday.com/sports/college/womensbasketball/2007-11-14-lipscomb-fisk_N.htm","/w/index.php?title=Lipscomb_University&action=edit&section=12","http://www.lipscomb.edu/","http://www.lipscombsports.com/","http://www.luminationnetwork.com/","/wiki/Geographic_coordinate_system","http://toolserver.org/~geohack/geohack.php?pagename=Lipscomb_University&params=36.1058_N_-86.7976_E_","/wiki/Template:Private_colleges_and_universities_in_Tennessee","/wiki/Template_talk:Private_colleges_and_universities_in_Tennessee","//en.wikipedia.org/w/index.php?title=Template:Private_colleges_and_universities_in_Tennessee&action=edit","/wiki/Private_university","/wiki/Tennessee","/wiki/American_Baptist_College","/wiki/Aquinas_College_(Tennessee)","/wiki/The_Art_Institute_of_Tennessee_%E2%80%93_Nashville","/wiki/Baptist_College_of_Health_Sciences","/wiki/Belmont_University","/wiki/Bethel_University_(Tennessee)","/wiki/Bryan_College","/wiki/Carson%E2%80%93Newman_College","/wiki/Christian_Brothers_University","/wiki/Cumberland_University","/wiki/Fisk_University","/wiki/Freed%E2%80%93Hardeman_University","/wiki/Harding_School_of_Theology","/wiki/Hiwassee_College","/wiki/Johnson_University","/wiki/King_University","/wiki/Knoxville_College","/wiki/Lane_College","/wiki/Lee_University","/wiki/LeMoyne%E2%80%93Owen_College","/wiki/Lincoln_Memorial_University","/wiki/Martin_Methodist_College","/wiki/Maryville_College","/wiki/Meharry_Medical_College","/wiki/Memphis_College_of_Art","/wiki/Memphis_School_of_Preaching","/wiki/Memphis_Theological_Seminary","/wiki/Mid-America_Baptist_Theological_Seminary","/wiki/Milligan_College","/wiki/Nashville_School_of_Law","/wiki/O%27More_College_of_Design","/wiki/Rhodes_College","/wiki/Sewanee:_The_University_of_the_South","/wiki/Southern_Adventist_University","/wiki/Southern_College_of_Optometry","/wiki/Tennessee_Temple_University","/wiki/Tennessee_Wesleyan_College","/wiki/Trevecca_Nazarene_University","/wiki/Tusculum_College","/wiki/Union_University","/wiki/Vanderbilt_University","/wiki/Victory_University","/wiki/Watkins_College_of_Art,_Design_%26_Film","/wiki/Welch_College","/wiki/Template:Church_of_Christ_Colleges","/wiki/Template_talk:Church_of_Christ_Colleges","//en.wikipedia.org/w/index.php?title=Template:Church_of_Christ_Colleges&action=edit","/wiki/Universities","/wiki/Colleges","/wiki/Churches_of_Christ","/wiki/Abilene_Christian_University","/wiki/Amberton_University","/wiki/Amridge_University","/wiki/Austin_Graduate_School_of_Theology","/wiki/Cascade_College","/wiki/Crowley%27s_Ridge_College","/wiki/Faulkner_University","/wiki/Florida_College","/wiki/Freed-Hardeman_University","/wiki/Great_Lakes_Bible_College_(Ontario)","/wiki/Harding_University","/wiki/Harding_School_of_Theology","/wiki/Heritage_Christian_University","/wiki/Lubbock_Christian_University","/wiki/Memphis_School_of_Preaching","/wiki/Nations_University","/wiki/Ohio_Valley_University","/wiki/Oklahoma_Christian_University","/wiki/Pepperdine_University","/wiki/Rochester_College","/wiki/Southwestern_Christian_College","/wiki/Tennessee_Bible_College","/wiki/Western_Christian_College","/wiki/York_College_(Nebraska)","/wiki/Template:CCCU","/wiki/Template_talk:CCCU","//en.wikipedia.org/w/index.php?title=Template:CCCU&action=edit","/wiki/Council_for_Christian_Colleges_and_Universities#Members","/wiki/Abilene_Christian_University","/wiki/Anderson_University_(Indiana)","/wiki/Asbury_University","/wiki/Azusa_Pacific_University","/wiki/Belhaven_University","/wiki/Bethel_College_(Indiana)","/wiki/Bethel_University_(Minnesota)","/wiki/Biola_University","/wiki/Bluefield_College","/wiki/Bluffton_University","/wiki/Bryan_College","/wiki/California_Baptist_University","/wiki/Calvin_College","/wiki/Campbellsville_University","/wiki/Carson%E2%80%93Newman_College","/wiki/Cedarville_University","/wiki/Colorado_Christian_University","/wiki/Corban_University","/wiki/Cornerstone_University","/wiki/Covenant_College","/wiki/Crown_College_(Minnesota)","/wiki/Dallas_Baptist_University","/wiki/Dordt_College","/wiki/East_Texas_Baptist_University","/wiki/Eastern_Mennonite_University","/wiki/Eastern_Nazarene_College","/wiki/Eastern_University_(United_States)","/wiki/Erskine_College","/wiki/Evangel_University","/wiki/Fresno_Pacific_University","/wiki/Geneva_College","/wiki/George_Fox_University","/wiki/Gordon_College_(Massachusetts)","/wiki/Goshen_College","/wiki/Grace_College","/wiki/Greenville_College","/wiki/Hardin%E2%80%93Simmons_University","/wiki/Hope_International_University","/wiki/Houghton_College","/wiki/Houston_Baptist_University","/wiki/Howard_Payne_University","/wiki/Huntington_University_(United_States)","/wiki/Indiana_Wesleyan_University","/wiki/John_Brown_University","/wiki/Judson_College_(Alabama)","/wiki/Judson_University","/wiki/Kentucky_Christian_University","/wiki/King_College","/wiki/King%27s_University_College_(Edmonton)","/wiki/Lee_University","/wiki/LeTourneau_University","/wiki/Louisiana_College","/wiki/Malone_University","/wiki/Master%27s_College","/wiki/Messiah_College","/wiki/MidAmerica_Nazarene_University","/wiki/Milligan_College","/wiki/Mississippi_College","/wiki/Missouri_Baptist_University","/wiki/Montreat_College","/wiki/Mount_Vernon_Nazarene_University","/wiki/North_Greenville_University","/wiki/North_Park_University","/wiki/Northwest_Christian_University","/wiki/Northwest_Nazarene_University","/wiki/Northwest_University_(Washington)","/wiki/Northwestern_College_(Iowa)","/wiki/Northwestern_College_(Minnesota)","/wiki/Nyack_College","/wiki/Oklahoma_Baptist_University","/wiki/Oklahoma_Christian_University","/wiki/Oklahoma_Wesleyan_University","/wiki/Olivet_Nazarene_University","/wiki/Oral_Roberts_University","/wiki/College_of_the_Ozarks","/wiki/Palm_Beach_Atlantic_University","/wiki/Point_Loma_Nazarene_University","/wiki/Redeemer_University_College","/wiki/Roberts_Wesleyan_College","/wiki/San_Diego_Christian_College","/wiki/Seattle_Pacific_University","/wiki/Shorter_University","/wiki/Simpson_University","/wiki/Southeastern_University_of_the_Assemblies_of_God","/wiki/Southern_Nazarene_University","/wiki/Southern_Wesleyan_University","/wiki/Southwest_Baptist_University","/wiki/Spring_Arbor_University","/wiki/Sterling_College_(Kansas)","/wiki/Tabor_College_(Kansas)","/wiki/Taylor_University","/wiki/Toccoa_Falls_College","/wiki/Trevecca_Nazarene_University","/wiki/Trinity_Christian_College","/wiki/Trinity_International_University","/wiki/Trinity_Western_University","/wiki/Union_University","/wiki/University_of_Mary_Hardin%E2%80%93Baylor","/wiki/University_of_Sioux_Falls","/wiki/University_of_the_Southwest","/wiki/Vanguard_University_of_Southern_California","/wiki/Warner_University","/wiki/Warner_Pacific_College","/wiki/Waynesburg_University","/wiki/Westmont_College","/wiki/Wheaton_College_(Illinois)","/wiki/Whitworth_University","/wiki/Williams_Baptist_College","/wiki/Template:Atlantic_Sun_Conference_navbox","/wiki/Template_talk:Atlantic_Sun_Conference_navbox","//en.wikipedia.org/w/index.php?title=Template:Atlantic_Sun_Conference_navbox&action=edit","/wiki/Atlantic_Sun_Conference","/wiki/East_Tennessee_State_University","/wiki/East_Tennessee_State_Buccaneers_and_Lady_Buccaneers","/wiki/Florida_Gulf_Coast_University","/wiki/Florida_Gulf_Coast_Eagles","/wiki/Jacksonville_University","/wiki/Jacksonville_Dolphins","/wiki/Kennesaw_State_University","/wiki/Kennesaw_State_Owls","/wiki/Lipscomb_Bisons","/wiki/Mercer_University","/wiki/Mercer_Bears","/wiki/University_of_North_Florida","/wiki/North_Florida_Ospreys","/wiki/Northern_Kentucky_University","/wiki/Northern_Kentucky_Norse","/wiki/University_of_South_Carolina_Upstate","/wiki/South_Carolina_Upstate_Spartans","/wiki/Stetson_University","/wiki/Stetson_Hatters","http://en.wikipedia.org/w/index.php?title=Lipscomb_University&oldid=542872113","/wiki/Help:Categories","/wiki/Category:Universities_and_colleges_affiliated_with_the_Churches_of_Christ","/wiki/Category:Council_for_Christian_Colleges_and_Universities","/wiki/Category:Lipscomb_University","/wiki/Category:Universities_and_colleges_in_Nashville,_Tennessee","/wiki/Category:Educational_institutions_established_in_1891","/wiki/Category:National_Association_of_Independent_Colleges_and_Universities_members","/wiki/Category:Seminaries_and_theological_colleges_in_Tennessee","/wiki/Category:Universities_and_colleges_accredited_by_the_Southern_Association_of_Colleges_and_Schools","/w/index.php?title=Special:UserLogin&returnto=Lipscomb+University&type=signup","/w/index.php?title=Special:UserLogin&returnto=Lipscomb+University","/wiki/Lipscomb_University","/wiki/Talk:Lipscomb_University","#","/wiki/Lipscomb_University","/w/index.php?title=Lipscomb_University&action=edit","/w/index.php?title=Lipscomb_University&action=history","#","/w/index.php","//bits.wikimedia.org/static-1.21wmf11/skins/vector/images/search-ltr.png?303-4","/wiki/Main_Page","/wiki/Main_Page","/wiki/Portal:Contents","/wiki/Portal:Featured_content","/wiki/Portal:Current_events","/wiki/Special:Random","//donate.wikimedia.org/wiki/Special:FundraiserRedirector?utm_source=donate&utm_medium=sidebar&utm_campaign=C13_en.wikipedia.org&uselang=en","/wiki/Help:Contents","/wiki/Wikipedia:About","/wiki/Wikipedia:Community_portal","/wiki/Special:RecentChanges","/wiki/Wikipedia:Contact_us","/wiki/Special:WhatLinksHere/Lipscomb_University","/wiki/Special:RecentChangesLinked/Lipscomb_University","/wiki/Wikipedia:File_Upload_Wizard","/wiki/Special:SpecialPages","/w/index.php?title=Lipscomb_University&oldid=542872113","/w/index.php?title=Lipscomb_University&action=info","/w/index.php?title=Special:Cite&page=Lipscomb_University&id=542872113","/w/index.php?title=Special:Book&bookcmd=book_creator&referer=Lipscomb+University","/w/index.php?title=Special:Book&bookcmd=render_article&arttitle=Lipscomb+University&oldid=542872113&writer=rl","/w/index.php?title=Lipscomb_University&printable=yes","//ja.wikipedia.org/wiki/%E3%83%AA%E3%83%97%E3%82%B9%E3%82%B3%E3%83%A0%E5%A4%A7%E5%AD%A6","//no.wikipedia.org/wiki/Lipscomb_University","//simple.wikipedia.org/wiki/Lipscomb_University","//www.wikidata.org/wiki/Special:ItemByTitle/enwiki/Lipscomb University","//en.wikipedia.org/wiki/Wikipedia:Text_of_Creative_Commons_Attribution-ShareAlike_3.0_Unported_License","//creativecommons.org/licenses/by-sa/3.0/","//wikimediafoundation.org/wiki/Terms_of_Use","//www.wikimediafoundation.org/","//wikimediafoundation.org/wiki/Privacy_policy","/wiki/Wikipedia:About","/wiki/Wikipedia:General_disclaimer","http://en.m.wikipedia.org/wiki/Lipscomb_University","//wikimediafoundation.org/","//bits.wikimedia.org/images/wikimedia-button.png","//www.mediawiki.org/","//bits.wikimedia.org/static-1.21wmf11/skins/common/images/poweredby_mediawiki_88x31.png","//bits.wikimedia.org/en.wikipedia.org/load.php?debug=false&lang=en&modules=skins.vector&only=scripts&skin=vector&*","/w/index.php?title=MediaWiki:Gadget-ReferenceTooltips.js&action=raw&ctype=text/javascript&508635914","//bits.wikimedia.org/en.wikipedia.org/load.php?debug=false&lang=en&modules=site&only=scripts&skin=vector&*"],"instances":["singer","color","ncaa","government_funded","word","christianity"],"pdf":["http://www.nacubo.org/Documents/research/2011NCSEPublicTablesEndowmentMarketValues319.pdf","http://www.nacubo.org/Documents/research/2011NCSEPublicTablesEndowmentMarketValues319.pdf"],"categories":["Lipscomb University|","Universities and colleges in Nashville, Tennessee","Universities and colleges affiliated with the Churches of Christ","Educational institutions established in 1891","National Association of Independent Colleges and Universities members","Seminaries and theological colleges in Tennessee","Universities and colleges accredited by the Southern Association of Colleges and Schools"],"headings":["History","Presidents","Academics","Colleges and institutes","Campus information","Tax exempt bonds","Campus life","Global learning","Athletics","Notable alumni","References","External links"],"image":["//upload.wikimedia.org/wikipedia/en/thumb/b/b0/Lipscomb_Seal.svg/220px-Lipscomb_Seal.svg.png","//upload.wikimedia.org/wikipedia/en/thumb/9/99/Lipscomb_Logo.svg/190px-Lipscomb_Logo.svg.png","//upload.wikimedia.org/wikipedia/commons/5/5d/DavidLipscomb.jpg","//bits.wikimedia.org/static-1.21wmf11/skins/common/images/magnify-clip.png","//upload.wikimedia.org/wikipedia/commons/thumb/3/31/WTN_EVula_152.jpg/220px-WTN_EVula_152.jpg","//bits.wikimedia.org/static-1.21wmf11/skins/common/images/magnify-clip.png","//upload.wikimedia.org/wikipedia/commons/thumb/5/58/WTN_EVula_153.jpg/220px-WTN_EVula_153.jpg","//bits.wikimedia.org/static-1.21wmf11/skins/common/images/magnify-clip.png","//upload.wikimedia.org/wikipedia/en/thumb/8/88/LipscombBisons.png/220px-LipscombBisons.png","//bits.wikimedia.org/static-1.21wmf11/skins/common/images/magnify-clip.png","//bits.wikimedia.org/static-1.21wmf11/skins/vector/images/search-ltr.png?303-4","//bits.wikimedia.org/images/wikimedia-button.png","//bits.wikimedia.org/static-1.21wmf11/skins/common/images/poweredby_mediawiki_88x31.png"],"tags":[["gold","color"],["christian","word"],["minister","christianity"],["public_school","government_funded"],["division_i","ncaa"],["ray_walker","singer"]],"members":["ray_walker","gold","division_i","public_school","christian","minister"],"related":["Private_school","L._Randolph_Lowry_III","Nashville,_Tennessee","Tennessee","United_States","Urban_area","Purple","Gold_(color)","Churches_of_Christ","Private_university","Coeducation","Liberal_arts","University","Nashville,_Tennessee","United_States","Churches_of_Christ","Green_Hills,_Tennessee","David_Lipscomb","James_A._Harding","Seminary","Christian_(word)","Liberal_arts","Churches_of_Christ","Minister_(Christianity)","Higher_education","Junior_college","Southern_Association_of_Colleges_and_Schools","Bible","Sport","Allen_Arena","High_school","Middle_school","Elementary_school","Public_school_(government_funded)","Lipscomb_Academy","L._Randolph_Lowry_III","Harold_Hazelip","Batsell_Baxter","Batsell_Baxter","James_A._Harding","David_Lipscomb","James_A._Harding","David_Lipscomb","James_A._Harding","Liberal_arts","Southern_Association_of_Colleges_and_Schools","Starbucks","Leadership_in_Energy_and_Environmental_Design","Allen_Arena","Supreme_Court_of_the_United_States","Fraternities_and_sororities","Alpha_Kappa_Psi","Sigma_Alpha_Iota","Alpha_Chi","Sigma_Tau_Delta","Honor_society","Circle_K_International","College_Republicans","College_Democrats_of_America","Acts_of_the_Apostles","Vienna","Austria","Council_for_Christian_Colleges_and_Universities","Nickname","American_Bison","Baseball","Basketball","National_Association_of_Intercollegiate_Athletics","National_Collegiate_Athletic_Association","Division_I_(NCAA)","Atlantic_Sun_Conference","Belmont_University","ETSU/Mountain_States_Health_Alliance_Athletic_Center","Johnson_City,_Tennessee","NCAA_Men's_Division_I_Basketball_Championship","National_Invitation_Tournament","Oxford_English_Dictionary","Latin","Mascot","Fisk_University","Michael_F._Adams","University_of_Georgia","LaMar_Baker","Richard_Batey","New_Testament","Casey_Bond","Pat_Boone","Charles_R._Brewer","G._C._Brewer","Benton_Cordell_Goodpasture","Judy_Hample","Pennsylvania_State_System_of_Higher_Education","David_Edwin_Harrell","Auburn_University","Beth_Halteman_Harwell","Jim_Jinkins","Doug","Caleb_Joseph","W._Mark_Lanier","Dustin_Lynch","Michael_Shane_Neal","Ira_North","Kerry_Roberts","Marty_Roe","Diamond_Rio","David_A._Sampson","Edwin_Trevathan","Centers_for_Disease_Control_and_Prevention","Ray_Walker_(singer)"]}