{"cursor":"2226","size":15,"audio":[],"currentlang":"en","article":"{{Infobox album\n| Name = Today Type = Album Artist = Galaxie 500 Cover = Todayalbum.jpg Released\n| = 1988 Recorded = 1988 Genre = Dream pop, slowcore, shoegazing Length = 40:47\n| Label = Aurora Producer = Mark Kramer This album = 'Today' (1988) Next\n| album = [[On Fire (Galaxie 500 album)|On Fire]] (1989)\n}} {{Album ratings\n| rev1 = Allmusic rev1Score = [ link] rev2 = Robert Christgau rev2Score = B+\n| [http://www.robertchristgau.com/get_album.php?id=1322 link] rev3 = Pitchfork\n| Media rev3Score = (9.5/10) [http://pitchfork.com/reviews/albums/14083-today-on-fire-this-is-our-\n| music/ link]\n}} 'Today' is the debut album by American dream pop band Galaxie 500, released\nin 1988 on the independent label Aurora Records.\n","linknr":114,"url":"Today_(Galaxie_500_album)","recorded":1362584369,"links":18,"instances":[],"pdf":[],"categories":["1988 debut albums","Albums produced by Kramer (musician)","Galaxie 500 albums"],"headings":["Track listing","Release history"],"image":["//upload.wikimedia.org/wikipedia/en/thumb/0/01/Todayalbum.jpg/220px-Todayalbum.jpg","//upload.wikimedia.org/wikipedia/commons/thumb/5/51/Star_full.svg/11px-Star_full.svg.png","//upload.wikimedia.org/wikipedia/commons/thumb/5/51/Star_full.svg/11px-Star_full.svg.png","//upload.wikimedia.org/wikipedia/commons/thumb/5/51/Star_full.svg/11px-Star_full.svg.png","//upload.wikimedia.org/wikipedia/commons/thumb/5/51/Star_full.svg/11px-Star_full.svg.png","//upload.wikimedia.org/wikipedia/commons/thumb/4/49/Star_empty.svg/11px-Star_empty.svg.png","//bits.wikimedia.org/static-1.21wmf10/skins/vector/images/search-ltr.png?303-4","//bits.wikimedia.org/images/wikimedia-button.png","//bits.wikimedia.org/static-1.21wmf10/skins/common/images/poweredby_mediawiki_88x31.png"],"tags":[],"members":[],"related":["Galaxie_500","Dream_pop","Slowcore","Shoegazing","Mark_Kramer","Allmusic","Robert_Christgau","Pitchfork_Media","Dream_pop","Galaxie_500","Jonathan_Richman","LP_album","CD","Rough_Trade_Records","CD","Rough_Trade_Records","LP_album","Rockville_Records","Compact_cassette","Rykodisc","Enhanced_CD","LP_album","CD"]}