{"cursor":"14172","size":15,"audio":[],"currentlang":"en","article":"{{chembox\n| Watchedfields = changed verifiedrevid = 443409998 ImageFileL1 = Aziridine.svg\n| ImageSizeL1 = 100px ImageFileR1 = Aziridine3d.png ImageSzieR1 = 100px\n| IUPACName = Aziridine OtherNames = Azacyclopropane, Ethylene imine Section1 =\n| {{Chembox Identifiers ChemSpiderID_Ref = ChemSpiderID = 8682 KEGG_Ref = KEGG\n| = C11687 InChI = 1/C2H5N/c1-2-3-1/h3H,1-2H2 InChIKey = NOWKCMXCCJGMRR-\n| UHFFFAOYAE ChEMBL_Ref = ChEMBL = 540990 StdInChI_Ref = StdInChI = 1S/C2H5N/c1-2-3-1/h3H,1-\n| 2H2 StdInChIKey_Ref = StdInChIKey = NOWKCMXCCJGMRR-UHFFFAOYSA-N CASNo_Ref =\n| CASNo = 151-56-4 EINECS = 205-793-9 PubChem = ChEBI_Ref = ChEBI = 30969\n| SMILES = C1CN1\n}}\n| Section2 = {{Chembox Properties C=2 | H=5 | N=1 MolarMass = Appearance = Clear\n| colorless oily liquid Density = 0.8321 g/mL 20 Â°C }}\n| MeltingPt = -77.9 Â°C, 195.3 K, -108.2 Â°F BoilingPtC = 56 Solubility = miscible\n| all proportions\n  }}\n| Section3 = {{Chembox Hazards MainHazards = FlashPt = -11 Â°C Autoignition =\n  }}\n| Section8 = {{Chembox Related OtherFunctn = Borirane Ethylene oxide Thiirane Function = heterocycles OtherCpds =\n  }} }}\n\n'Aziridines' are organic compounds containing the aziridine functional group, a\nthree-membered heterocycle with one amine group (-NH-) and two methylene bridges\n(--). Epoxides and aziridines - A mini review Albert Padwaa and\nS. Shaun Murphreeb Arkivoc (JC-1522R) pp 6-33 [http://www.arkat-usa.org/ark/journal/2006/I03_Coxon/1522/JC-\n1522R.asp Online article] The parent compound is 'aziridine' (or ethylene\nimine), with molecular formula .\n","linknr":381,"url":"Ethylenimine","recorded":1364131711,"links":["/w/index.php?title=Aziridine&action=edit","/w/index.php?title=Aziridine&action=edit","//en.wikipedia.org/apple-touch-icon.png","//bits.wikimedia.org/favicon/wikipedia.ico","/w/opensearch_desc.php","//en.wikipedia.org/w/api.php?action=rsd","//creativecommons.org/licenses/by-sa/3.0/","/w/index.php?title=Special:RecentChanges&feed=atom","/wiki/Aziridine","//bits.wikimedia.org/en.wikipedia.org/load.php?debug=false&lang=en&modules=ext.gadget.DRN-wizard%2CReferenceTooltips%2Ccharinsert%2Cteahouse%7Cext.wikihiero%7Cmediawiki.legacy.commonPrint%2Cshared%7Cmw.PopUpMediaTransform%7Cskins.vector&only=styles&skin=vector&*","//bits.wikimedia.org/en.wikipedia.org/load.php?debug=false&lang=en&modules=site&only=styles&skin=vector&*","//bits.wikimedia.org/en.wikipedia.org/load.php?debug=false&lang=en&modules=startup&only=scripts&skin=vector&*","//bits.wikimedia.org/geoiplookup","//meta.wikimedia.org","/w/index.php?title=Ethylenimine&redirect=no","#mw-head","#p-search","/wiki/File:Aziridine.svg","//upload.wikimedia.org/wikipedia/commons/thumb/4/41/Aziridine.svg/100px-Aziridine.svg.png","/wiki/File:Aziridine3d.png","//upload.wikimedia.org/wikipedia/commons/thumb/6/68/Aziridine3d.png/100px-Aziridine3d.png","/wiki/International_Union_of_Pure_and_Applied_Chemistry_nomenclature","/wiki/CAS_registry_number","http://www.commonchemistry.org/ChemicalDetail.aspx?ref=151-56-4","//upload.wikimedia.org/wikipedia/en/thumb/f/fb/Yes_check.svg/7px-Yes_check.svg.png","/wiki/ChemSpider","http://www.chemspider.com/8682","//upload.wikimedia.org/wikipedia/en/thumb/f/fb/Yes_check.svg/7px-Yes_check.svg.png","/wiki/EC_number_(chemistry)","http://esis.jrc.ec.europa.eu/lib/einecs_IS_reponse.php?genre=ECNO&entree=205-793-9","/wiki/KEGG","http://www.kegg.jp/entry/C11687","//upload.wikimedia.org/wikipedia/en/thumb/f/fb/Yes_check.svg/7px-Yes_check.svg.png","/wiki/ChEBI","https://www.ebi.ac.uk/chebi/searchId.do?chebiId=30969","//upload.wikimedia.org/wikipedia/en/thumb/f/fb/Yes_check.svg/7px-Yes_check.svg.png","/wiki/ChEMBL","https://www.ebi.ac.uk/chembldb/index.php/compound/inspect/CHEMBL540990","//upload.wikimedia.org/wikipedia/en/thumb/f/fb/Yes_check.svg/7px-Yes_check.svg.png","/wiki/Jmol","http://chemapps.stolaf.edu/jmol/jmol.php?model=C1CN1","/wiki/Simplified_molecular-input_line-entry_system","/wiki/International_Chemical_Identifier","//upload.wikimedia.org/wikipedia/en/thumb/f/fb/Yes_check.svg/7px-Yes_check.svg.png","//upload.wikimedia.org/wikipedia/en/thumb/f/fb/Yes_check.svg/7px-Yes_check.svg.png","/wiki/Molecular_formula","/wiki/Molar_mass","#cite_note-1","/wiki/Density","#cite_note-2","/wiki/Melting_point","/wiki/Boiling_point","/wiki/Solubility","/wiki/Water","/wiki/Flash_point","/wiki/Borirane","/wiki/Ethylene_oxide","/wiki/Thiirane","//upload.wikimedia.org/wikipedia/en/thumb/f/fb/Yes_check.svg/14px-Yes_check.svg.png","//en.wikipedia.org/w/index.php?title=Special:ComparePages&rev1=443409998&page2=Aziridine","/wiki/Wikipedia:WikiProject_Chemicals/Chembox_validation","//upload.wikimedia.org/wikipedia/en/thumb/f/fb/Yes_check.svg/10px-Yes_check.svg.png","//upload.wikimedia.org/wikipedia/commons/thumb/a/a2/X_mark.svg/10px-X_mark.svg.png","/wiki/Standard_state","/wiki/Wikipedia:Chemical_infobox#References","/wiki/Organic_compound","/wiki/Functional_group","/wiki/Heterocycle","/wiki/Amine","/wiki/Methylene_bridge","#cite_note-3","#cite_note-4","/wiki/Molecular_formula","#Structure","#Synthesis","#Cyclization_of_haloamines_and_amino_alcohols","#Nitrene_addition","#Triazoline_decomposition","#From_epoxides","#From_oximes","#Reactions","#Nucleophilic_ring_opening","#1.2C3-dipole_formation","#Other","#Human_toxicology","#Exposure","#Carcinogenicity","#See_also","#References","/w/index.php?title=Aziridine&action=edit&section=1","/wiki/Bond_angle","/wiki/Hydrocarbon","/wiki/Angle_strain","/wiki/Cyclopropane","/wiki/Ethylene_oxide","/wiki/Banana_bond","/wiki/Base_(chemistry)","/wiki/Open_chain_compound","/wiki/Aliphatic","/wiki/PKa","/wiki/Conjugate_acid","/wiki/Orbital_hybridization","/wiki/Nitrogen","/wiki/Free_electron_pair","/wiki/Angle_strain","/wiki/Nitrogen_inversion","/wiki/Cis_isomer","/wiki/Trans_isomer","/w/index.php?title=Aziridine&action=edit&section=2","/wiki/Organic_synthesis","/w/index.php?title=Aziridine&action=edit&section=3","/wiki/Amine","/wiki/Halide","/wiki/Intramolecular","/wiki/Nucleophilic_substitution","/wiki/Hydroxyl","/wiki/Leaving_group","/wiki/Wenker_synthesis","#cite_note-5","/w/index.php?title=Aziridine&action=edit&section=4","/wiki/Nitrene","/wiki/Alkene","/wiki/Photolysis","/wiki/Thermolysis","/wiki/Azide","/wiki/Iodosobenzene_diacetate","/wiki/Sulfonamide_(chemistry)","#cite_note-6","/wiki/File:Nitreneaddition.gif","//upload.wikimedia.org/wikipedia/commons/4/42/Nitreneaddition.gif","/w/index.php?title=Aziridine&action=edit&section=5","/w/index.php?title=Triazoline&action=edit&redlink=1","/wiki/Nitrogen","/wiki/Cycloaddition","/wiki/Alkene","/wiki/Azide","/w/index.php?title=Aziridine&action=edit&section=6","/wiki/Ring-opening_reaction","/wiki/Epoxide","/wiki/Sodium_azide","/wiki/Organic_reduction","/wiki/Azide","/wiki/Triphenylphosphine","#cite_note-7","/wiki/File:AziridineSynthesisFromEpoxide.png","//upload.wikimedia.org/wikipedia/commons/thumb/6/60/AziridineSynthesisFromEpoxide.png/500px-AziridineSynthesisFromEpoxide.png","/wiki/Ring-opening_reaction","/wiki/Epoxide","/wiki/Amine","/wiki/Mitsunobu_reaction","#cite_note-8","/w/index.php?title=Aziridine&action=edit&section=7","/wiki/Oxime","/wiki/Grignard_reagent","#cite_note-9","#cite_note-10","#cite_note-11","#cite_note-12","/wiki/File:Hoch-Campbell_Ethylenimine_Synthesis.svg","//upload.wikimedia.org/wikipedia/commons/thumb/a/ab/Hoch-Campbell_Ethylenimine_Synthesis.svg/399px-Hoch-Campbell_Ethylenimine_Synthesis.svg.png","/w/index.php?title=Aziridine&action=edit&section=8","/w/index.php?title=Aziridine&action=edit&section=9","/wiki/Nucleophile","/wiki/Ring_strain","/wiki/Organolithium_reagent","/wiki/Organocuprate","/wiki/Asymmetric_synthesis","/wiki/Trimethylsilylazide","#cite_note-13","#cite_note-14","/wiki/Organic_synthesis","/wiki/Oseltamivir_total_synthesis","/wiki/File:TamifluSynthesisII.png","//upload.wikimedia.org/wikipedia/commons/thumb/5/56/TamifluSynthesisII.png/600px-TamifluSynthesisII.png","/w/index.php?title=Aziridine&action=edit&section=10","/wiki/Electron_withdrawing_group","/wiki/Azomethine_ylide","/wiki/Electrocyclic_reaction","/wiki/Ring-opening_reaction","#cite_note-15","#cite_note-16","/wiki/Dipolarophile","/wiki/1,3-dipolar_cycloaddition","#cite_note-17","/wiki/File:Aziridine_ring_opening.svg","//upload.wikimedia.org/wikipedia/commons/thumb/7/70/Aziridine_ring_opening.svg/665px-Aziridine_ring_opening.svg.png","/wiki/Electron-withdrawing_group","/wiki/Tosyl","/wiki/Carbon-nitrogen_bond","/wiki/Zwitterion","#cite_note-18","/wiki/File:2-phenyl-N-tosyl-aziridine_cycloadditions.svg","//upload.wikimedia.org/wikipedia/commons/thumb/a/ad/2-phenyl-N-tosyl-aziridine_cycloadditions.svg/566px-2-phenyl-N-tosyl-aziridine_cycloadditions.svg.png","/wiki/Lewis_acid","/wiki/Boron_trifluoride","/wiki/Nitrile","/wiki/Ketone","/wiki/Alkene","/wiki/Azetidine","/w/index.php?title=Aziridine&action=edit&section=11","/wiki/Aziridines","/wiki/Olefins","#cite_note-19","/w/index.php?title=Aziridine&action=edit&section=12","/wiki/Electrophile","#cite_note-20","#cite_note-21","#cite_note-22","/w/index.php?title=Aziridine&action=edit&section=13","/w/index.php?title=Aziridine&action=edit&section=14","/wiki/International_Agency_for_Research_on_Cancer","/wiki/Carcinogenic","/wiki/List_of_IARC_Group_2B_carcinogens","#cite_note-23","/wiki/Alkylating_agent","/wiki/Mutagenic","/wiki/Urticaria","/w/index.php?title=Aziridine&action=edit&section=15","/wiki/Binary_ethylenimine","/w/index.php?title=Aziridine&action=edit&section=16","#cite_ref-1","http://monographs.iarc.fr/ENG/Monographs/vol71/mono71-12.pdf","http://monographs.iarc.fr/ENG/Monographs/vol71/index.php","http://monographs.iarc.fr/ENG/Monographs/vol71/mono71-12.pdf","#cite_ref-2","/wiki/Special:BookSources/0-8493-0549-8","#cite_ref-3","/wiki/International_Standard_Book_Number","/wiki/Special:BookSources/0-582-01421-2","#cite_ref-4","/wiki/Arkivoc","http://www.arkat-usa.org/ark/journal/2006/I03_Coxon/1522/JC-1522R.asp","#cite_ref-5","http://www.drugfuture.com/OrganicNameReactions/ONR153.htm","#cite_ref-6","http://www.sciencedirect.com/science?_ob=ArticleURL&_aset=V-WA-A-W-AV-MsSAYZW-UUW-U-AAWZCZYECB-AAWVAVEDCB-WYWCZUAZV-AV-U&_rdoc=11&_fmt=summary&_udi=B6THS-42H2CKG-1YM&_coverDate=12%2F31%2F1984&_cdi=5290&_orig=search&_st=13&_sort=d&view=c&_acct=C000051225&_version=1&_urlVersion=0&_userid=1065764&md5=781fe50f70e6397001e321945b9fd3db","/wiki/Digital_object_identifier","http://dx.doi.org/10.1016%2FS0040-4039%2801%2981414-3","#cite_ref-7","/wiki/J._Am._Chem._Soc.","/wiki/Digital_object_identifier","http://dx.doi.org/10.1021%2Fja065898s","#cite_ref-8","#cite_ref-9","#cite_ref-10","/wiki/J._Org._Chem.","/wiki/Digital_object_identifier","http://dx.doi.org/10.1021%2Fjo01214a012","#cite_ref-11","/wiki/J._Org._Chem.","/wiki/Digital_object_identifier","http://dx.doi.org/10.1021%2Fjo01189a015","#cite_ref-12","/wiki/J._Org._Chem.","/wiki/Digital_object_identifier","http://dx.doi.org/10.1021%2Fjo01189a016","#cite_ref-13","/wiki/J._Am._Chem._Soc.","/wiki/Digital_object_identifier","http://dx.doi.org/10.1021%2Fja061696k","#cite_ref-14","/wiki/Yttrium","/w/index.php?title=Isopropyloxy&action=edit&redlink=1","/wiki/Substituent","/wiki/Ligand","/wiki/Phosphine_oxide","/wiki/Phenyl","/wiki/Enantiomeric_excess","#cite_ref-15","/wiki/Maleic_anhydride","/wiki/Tetrahedron_Letters","/wiki/Digital_object_identifier","http://dx.doi.org/10.1016%2FS0040-4039%2801%2989232-7","#cite_ref-16","/wiki/Tetrahedron_Letters","/wiki/Digital_object_identifier","http://dx.doi.org/10.1016%2FS0040-4039%2800%2971101-4","#cite_ref-17","/wiki/Angew._Chem._Int._Ed.","/wiki/Digital_object_identifier","http://dx.doi.org/10.1002%2Fanie.200904941","#cite_ref-18","/wiki/Tetrahedron_Letters","/wiki/Digital_object_identifier","http://dx.doi.org/10.1016%2FS0040-4039%2899%2901002-3","#cite_ref-19","/wiki/J._Org._Chem.","/wiki/Digital_object_identifier","http://dx.doi.org/10.1021%2Fjo702444c","#cite_ref-20","/wiki/Digital_object_identifier","http://dx.doi.org/10.1111%2Fj.1365-2222.1995.tb01074.x","/wiki/PubMed_Identifier","//www.ncbi.nlm.nih.gov/pubmed/7553246","#cite_ref-21","/wiki/PubMed_Identifier","//www.ncbi.nlm.nih.gov/pubmed/12918320","#cite_ref-22","http://www.ncbi.nlm.nih.gov/pmc/articles/PMC1740131","/wiki/Digital_object_identifier","http://dx.doi.org/10.1136%2Foem.58.5.354","/wiki/PubMed_Central","//www.ncbi.nlm.nih.gov/pmc/articles/PMC1740131","/wiki/PubMed_Identifier","//www.ncbi.nlm.nih.gov/pubmed/11303086","#cite_ref-23","http://monographs.iarc.fr/ENG/Monographs/vol9/volume9.pdf","/wiki/International_Standard_Book_Number","/wiki/Special:BookSources/92-832-1209-6","http://monographs.iarc.fr/ENG/Monographs/vol9/volume9.pdf","http://en.wikipedia.org/w/index.php?title=Aziridine&oldid=540253894","/wiki/Help:Categories","/wiki/Category:Functional_groups","/wiki/Category:IARC_Group_2B_carcinogens","/wiki/Category:Aziridines","/wiki/Category:Chemboxes_which_contain_changes_to_watched_fields","/w/index.php?title=Special:UserLogin&returnto=Aziridine&type=signup","/w/index.php?title=Special:UserLogin&returnto=Aziridine","/wiki/Aziridine","/wiki/Talk:Aziridine","#","/wiki/Aziridine","/w/index.php?title=Aziridine&action=edit","/w/index.php?title=Aziridine&action=history","#","/w/index.php","//bits.wikimedia.org/static-1.21wmf11/skins/vector/images/search-ltr.png?303-4","/wiki/Main_Page","/wiki/Main_Page","/wiki/Portal:Contents","/wiki/Portal:Featured_content","/wiki/Portal:Current_events","/wiki/Special:Random","//donate.wikimedia.org/wiki/Special:FundraiserRedirector?utm_source=donate&utm_medium=sidebar&utm_campaign=C13_en.wikipedia.org&uselang=en","/wiki/Help:Contents","/wiki/Wikipedia:About","/wiki/Wikipedia:Community_portal","/wiki/Special:RecentChanges","/wiki/Wikipedia:Contact_us","/wiki/Special:WhatLinksHere/Aziridine","/wiki/Special:RecentChangesLinked/Aziridine","/wiki/Wikipedia:File_Upload_Wizard","/wiki/Special:SpecialPages","/w/index.php?title=Aziridine&oldid=540253894","/w/index.php?title=Aziridine&action=info","/w/index.php?title=Special:Cite&page=Aziridine&id=540253894","/w/index.php?title=Special:Book&bookcmd=book_creator&referer=Aziridine","/w/index.php?title=Special:Book&bookcmd=render_article&arttitle=Aziridine&oldid=540253894&writer=rl","/w/index.php?title=Aziridine&printable=yes","//ca.wikipedia.org/wiki/Aziridina","//cs.wikipedia.org/wiki/Aziridin","//de.wikipedia.org/wiki/Aziridin","//el.wikipedia.org/wiki/%CE%95%CF%80%CE%B1%CE%B6%CE%B1%CE%B9%CE%B8%CE%AC%CE%BD%CE%B9%CE%BF","//fa.wikipedia.org/wiki/%D8%A2%D8%B2%DB%8C%D8%B1%DB%8C%D8%AF%DB%8C%D9%86","//fr.wikipedia.org/wiki/Aziridine","//it.wikipedia.org/wiki/Aziridina","//nl.wikipedia.org/wiki/Aziridine","//ja.wikipedia.org/wiki/%E3%82%A2%E3%82%B8%E3%83%AA%E3%82%B8%E3%83%B3","//pl.wikipedia.org/wiki/Azyrydyna","//pt.wikipedia.org/wiki/Aziridina","//ru.wikipedia.org/wiki/%D0%90%D0%B7%D0%B8%D1%80%D0%B8%D0%B4%D0%B8%D0%BD","//sr.wikipedia.org/wiki/Aziridin","//fi.wikipedia.org/wiki/Etyleeni-imiini","//sv.wikipedia.org/wiki/Aziridin","//zh.wikipedia.org/wiki/%E6%B0%AE%E4%B8%99%E7%8E%AF","//www.wikidata.org/wiki/Special:ItemByTitle/enwiki/Aziridine","//en.wikipedia.org/wiki/Wikipedia:Text_of_Creative_Commons_Attribution-ShareAlike_3.0_Unported_License","//creativecommons.org/licenses/by-sa/3.0/","//wikimediafoundation.org/wiki/Terms_of_Use","//www.wikimediafoundation.org/","//en.wikipedia.org/wiki/Wikipedia:Contact_us","//wikimediafoundation.org/wiki/Privacy_policy","/wiki/Wikipedia:About","/wiki/Wikipedia:General_disclaimer","http://en.m.wikipedia.org/wiki/Aziridine","//wikimediafoundation.org/","//bits.wikimedia.org/images/wikimedia-button.png","//www.mediawiki.org/","//bits.wikimedia.org/static-1.21wmf11/skins/common/images/poweredby_mediawiki_88x31.png","//bits.wikimedia.org/en.wikipedia.org/load.php?debug=false&lang=en&modules=skins.vector&only=scripts&skin=vector&*","/w/index.php?title=MediaWiki:Gadget-ReferenceTooltips.js&action=raw&ctype=text/javascript&508635914","//bits.wikimedia.org/en.wikipedia.org/load.php?debug=false&lang=en&modules=site&only=scripts&skin=vector&*"],"instances":["chemistry","chemistry"],"pdf":["http://monographs.iarc.fr/ENG/Monographs/vol71/mono71-12.pdf","http://monographs.iarc.fr/ENG/Monographs/vol71/mono71-12.pdf","http://monographs.iarc.fr/ENG/Monographs/vol9/volume9.pdf","http://monographs.iarc.fr/ENG/Monographs/vol9/volume9.pdf"],"categories":["Functional groups","IARC Group 2B carcinogens","Aziridines"],"headings":["Structure","Synthesis","Reactions","Human toxicology","See also","References"],"image":["//upload.wikimedia.org/wikipedia/commons/thumb/4/41/Aziridine.svg/100px-Aziridine.svg.png","//upload.wikimedia.org/wikipedia/commons/thumb/6/68/Aziridine3d.png/100px-Aziridine3d.png","//upload.wikimedia.org/wikipedia/en/thumb/f/fb/Yes_check.svg/7px-Yes_check.svg.png","//upload.wikimedia.org/wikipedia/en/thumb/f/fb/Yes_check.svg/7px-Yes_check.svg.png","//upload.wikimedia.org/wikipedia/en/thumb/f/fb/Yes_check.svg/7px-Yes_check.svg.png","//upload.wikimedia.org/wikipedia/en/thumb/f/fb/Yes_check.svg/7px-Yes_check.svg.png","//upload.wikimedia.org/wikipedia/en/thumb/f/fb/Yes_check.svg/7px-Yes_check.svg.png","//upload.wikimedia.org/wikipedia/en/thumb/f/fb/Yes_check.svg/7px-Yes_check.svg.png","//upload.wikimedia.org/wikipedia/en/thumb/f/fb/Yes_check.svg/7px-Yes_check.svg.png","//upload.wikimedia.org/wikipedia/en/thumb/f/fb/Yes_check.svg/14px-Yes_check.svg.png","//upload.wikimedia.org/wikipedia/en/thumb/f/fb/Yes_check.svg/10px-Yes_check.svg.png","//upload.wikimedia.org/wikipedia/commons/thumb/a/a2/X_mark.svg/10px-X_mark.svg.png","//upload.wikimedia.org/wikipedia/commons/4/42/Nitreneaddition.gif","//upload.wikimedia.org/wikipedia/commons/thumb/6/60/AziridineSynthesisFromEpoxide.png/500px-AziridineSynthesisFromEpoxide.png","//upload.wikimedia.org/wikipedia/commons/thumb/a/ab/Hoch-Campbell_Ethylenimine_Synthesis.svg/399px-Hoch-Campbell_Ethylenimine_Synthesis.svg.png","//upload.wikimedia.org/wikipedia/commons/thumb/5/56/TamifluSynthesisII.png/600px-TamifluSynthesisII.png","//upload.wikimedia.org/wikipedia/commons/thumb/7/70/Aziridine_ring_opening.svg/665px-Aziridine_ring_opening.svg.png","//upload.wikimedia.org/wikipedia/commons/thumb/a/ad/2-phenyl-N-tosyl-aziridine_cycloadditions.svg/566px-2-phenyl-N-tosyl-aziridine_cycloadditions.svg.png","//bits.wikimedia.org/static-1.21wmf11/skins/vector/images/search-ltr.png?303-4","//bits.wikimedia.org/images/wikimedia-button.png","//bits.wikimedia.org/static-1.21wmf11/skins/common/images/poweredby_mediawiki_88x31.png"],"tags":[["base","chemistry"],["sulfonamide","chemistry"]],"members":["base","sulfonamide"],"related":["Borirane","Ethylene_oxide","Thiirane","Organic_compound","Functional_group","Heterocycle","Amine","Methylene_bridge","Arkivoc","Molecular_formula","Bond_angle","Hydrocarbon","Angle_strain","Cyclopropane","Ethylene_oxide","Banana_bond","Base_(chemistry)","Open_chain_compound","Aliphatic","PKa","Conjugate_acid","Orbital_hybridization","Nitrogen","Free_electron_pair","Angle_strain","Nitrogen_inversion","Cis_isomer","Trans_isomer","Organic_reaction","Organic_synthesis","Amine","Halide","Intramolecular","Nucleophilic_substitution","Hydroxyl","Leaving_group","Wenker_synthesis","Nitrene","Alkene","Photolysis","Thermolysis","Azide","Iodosobenzene_diacetate","Sulfonamide_(chemistry)","Triazoline","Nitrogen","Cycloaddition","Alkene","Azide","Ring-opening_reaction","Epoxide","Sodium_azide","Organic_reduction","Azide","Triphenylphosphine","Ring-opening_reaction","Epoxide","Amine","Mitsunobu_reaction","Oxime","Grignard_reagent","Organic_reaction","Nucleophile","Ring_strain","Organolithium_reagent","Organocuprate","Asymmetric_synthesis","Trimethylsilylazide","Yttrium","Isopropyloxy","Substituent","Ligand","Phosphine_oxide","Phenyl","Enantiomeric_excess","Organic_synthesis","Oseltamivir_total_synthesis","Electron_withdrawing_group","Azomethine_ylide","Electrocyclic_reaction","Ring-opening_reaction","Dipolarophile","1,3-dipolar_cycloaddition","Electron-withdrawing_group","Tosyl","Carbon-nitrogen_bond","Zwitterion","Lewis_acid","Boron_trifluoride","Nitrile","Ketone","Alkene","Azetidine","Aziridines","Olefins","Electrophile","International_Agency_for_Research_on_Cancer","Carcinogenic","List_of_IARC_Group_2B_carcinogens","Alkylating_agent","Mutagenic","Urticaria","Binary_ethylenimine"]}