{"cursor":"1306","size":15,"audio":[],"currentlang":"en","article":"\nA 'Registered Accessibility Specialist' is a professional licensed with a state\nof the United States to determine if a part of the built environment (building,\npark, sidewalk, parking lot) is compliant with Americans with Disabilities Act\nand state laws. An RAS reviews construction documents to determine accessible\ndesign and inspects finished buildings to verify accessible construction.\n\nCurrently, Texas contains the most stringent accessibility laws. The\n[http://www.license.state.tx.us/ab/2012TAS/2012tascomplete.pdf Texas\nAccessibility Standards] go above and beyond (in some cases) the expectations of\nthe ADA. The TDLR (Texas Dept. of Licensing and Regulation), for example,\nrequires that all commercial construction projects in excess of US$50,000 submit\nto an RAS for verification of compliance.\n\nAccessibility specialists are a part of a growing industry in the United States.\nIt is anticipated that all 50 states will soon require building\nowners/architects to submit for accessibility verification.\n","linknr":89,"url":"Registered_Accessibility_Specialist","recorded":1362572660,"links":13,"instances":[],"pdf":["http://www.license.state.tx.us/ab/2012TAS/2012tascomplete.pdf"],"categories":["Disability rights"],"headings":["External links"],"image":["//upload.wikimedia.org/wikipedia/en/thumb/6/6c/Wiki_letter_w.svg/40px-Wiki_letter_w.svg.png","//bits.wikimedia.org/static-1.21wmf10/skins/vector/images/search-ltr.png?303-4","//bits.wikimedia.org/images/wikimedia-button.png","//bits.wikimedia.org/static-1.21wmf10/skins/common/images/poweredby_mediawiki_88x31.png"],"tags":[],"members":[],"related":["U.S._state","United_States","Building","Park","Sidewalk","Parking_lot","Americans_with_Disabilities_Act","Texas","US$"]}