{"cursor":"39981","size":15,"audio":[],"currentlang":"en","article":"\n{{Infobox mineral\n| name = Turquoise category = Phosphate minerals boxwidth = boxbgcolor = image =\n| turquoise.pebble.700pix.jpg caption = Turquoise (tumble finished) one inch\n| (25 mm) long. This pebble is greenish and therefore low grade formula =\n| strunz = 08.DD.15 colour = Blue, blue-green, green habit = Massive, nodular\n| system = Triclinic twinning = cleavage = Good to perfect_usually N/A fracture\n| = Conchoidal mohs = 5â7 lustre = Waxy to subvitreous refractive = nÎ± = 1.610\n| nÎ² = 1.615 nÎ³ = 1.650 opticalprop = Biaxial (+) birefringence = +0.040\n| pleochroism = Weak streak = Bluish white gravity = 2.6â2.9 melt = fusibility =\n| Fusible in heated HCl diagnostic = solubility = Soluble in HCl diaphaneity =\n| melting point = None references = Hurlbut, Cornelius S.;\n| Klein, Cornelis, 1985, Manual of Mineralogy, 20th ed., John Wiley and Sons,\n| New York ISBN 0-471-80580-7 http://rruff.geo.arizona.edu/doclib/hom/turquoise.pdf Handbook of\n| Mineralogy\n}}\n\n'Turquoise' is an opaque, blue-to-green mineral that is a hydrous phosphate of\ncopper and aluminium, with the chemical formula\nCuAl 6({{chem) 4(OH) 8Â·4{{chem. It is rare and\nvaluable in finer grades and has been prized as a gem and ornamental stone for\nthousands of years owing to its unique hue. In recent times, turquoise, like\nmost other opaque gems, has been devalued by the introduction of treatments,\nimitations, and synthetics onto the market.\n\nThe substance has been known by many names, but the word turquoise, which dates\nto the 16th century, is derived from an Old French word for \"Turkish\", because\nthe mineral was first brought to Europe from Turkey, from the mines in\nhistorical Khorasan Province of Iran. Palache, C., H. Berman, and C. Frondel (1951) Danaâs system of\nmineralogy, Wiley, 7th ed., vol. II, pp. 946-951 [http://minerals.usgs.gov/minerals/pubs/commodity/gemstones/sp14-\n95/turquoise.html USGS Turquoise] Pliny the Elder referred to the mineral\nas callais, the Iranians named it \"phirouzeh\" and the Aztecs knew it as\nTeoxihuitl.\n","linknr":785,"url":"Turquoise","recorded":1363120895,"links":["/w/index.php?title=Turquoise&action=edit","/w/index.php?title=Turquoise&action=edit","//en.wikipedia.org/apple-touch-icon.png","//bits.wikimedia.org/favicon/wikipedia.ico","/w/opensearch_desc.php","//en.wikipedia.org/w/api.php?action=rsd","//creativecommons.org/licenses/by-sa/3.0/","/w/index.php?title=Special:RecentChanges&feed=atom","//bits.wikimedia.org/en.wikipedia.org/load.php?debug=false&lang=en&modules=ext.gadget.DRN-wizard%2CReferenceTooltips%2Ccharinsert%2Cteahouse%7Cext.wikihiero%7Cmediawiki.legacy.commonPrint%2Cshared%7Cmw.PopUpMediaTransform%7Cskins.vector&only=styles&skin=vector&*","//bits.wikimedia.org/en.wikipedia.org/load.php?debug=false&lang=en&modules=site&only=styles&skin=vector&*","//bits.wikimedia.org/en.wikipedia.org/load.php?debug=false&lang=en&modules=startup&only=scripts&skin=vector&*","//bits.wikimedia.org/geoiplookup","//meta.wikimedia.org","#mw-head","#p-search","/wiki/Turquoise_(disambiguation)","/wiki/File:Turquoise.pebble.700pix.jpg","//upload.wikimedia.org/wikipedia/commons/thumb/b/b8/Turquoise.pebble.700pix.jpg/240px-Turquoise.pebble.700pix.jpg","/wiki/Tumble_finishing","/wiki/Pebble","/wiki/Phosphate_minerals","/wiki/Chemical_formula","/wiki/Strunz_classification","/wiki/Crystal_habit","/wiki/Crystal_system","/wiki/Triclinic","/wiki/Cleavage_(crystal)","/wiki/Fracture_(mineralogy)","/wiki/Mohs_scale_of_mineral_hardness","/wiki/Lustre_(mineralogy)","/wiki/Streak_(mineralogy)","/wiki/Specific_gravity","/wiki/Refractive_index","/wiki/Birefringence","/wiki/Pleochroism","/wiki/Fusibility","/wiki/Hydrochloric_acid","/wiki/Solubility","#cite_note-Hurlbut-1","#cite_note-mindat-2","#cite_note-rruff-3","/wiki/Mineral","/wiki/Hydrate","/wiki/Phosphate","/wiki/Copper","/wiki/Aluminium","/wiki/Chemical_formula","/wiki/Copper","/wiki/Aluminium","/wiki/Phosphate","/wiki/Hydroxide","/wiki/Water","/wiki/Gemstone","/wiki/Old_French","/wiki/Turkey","/wiki/Khorasan_Province","/wiki/Iran","#cite_note-mindat-2","#cite_note-rruff-3","#cite_note-Dana-4","#cite_note-USGS-5","/wiki/Pliny_the_Elder","/wiki/Aztec","#cite_note-Dana-4","#Properties_of_turquoise","#Formation","#Occurrence","#Iran","#Sinai","#United_States","#Other_sources","#History_of_its_use","#Culture","#Imitations","#Treatments","#Waxing_and_oiling","#Stabilization","#Dyeing","#Reconstitution","#Backing","#Valuation_and_care","#See_also","#Notes","#References","#External_links","/w/index.php?title=Turquoise&action=edit&section=1","/wiki/Mohs_scale_of_mineral_hardness","#cite_note-mindat-2","/wiki/Cryptocrystalline","/wiki/Crystal","/wiki/Crystal_system","/wiki/Triclinic","/wiki/X-ray_diffraction","/wiki/Specific_gravity","/wiki/Porosity","/wiki/Lustre_(mineralogy)","/wiki/Transparency_(optics)","/w/index.php?title=Idiochromatic&action=edit&redlink=1","/wiki/Iron","/wiki/Dehydration","/wiki/Refractive_index","/wiki/Sodium","/wiki/Gemology","/wiki/Refractometer","/wiki/Birefringence","/wiki/Absorption_spectrum","/wiki/Spectroscope","/wiki/Ultraviolet","/wiki/Fluorescence","/wiki/X-ray","/wiki/Hydrochloric_acid","/wiki/Mineral#Streak","/wiki/Fracture","/wiki/Conchoidal_fracture","/wiki/Pyrite","/wiki/Limonite","/w/index.php?title=Turquoise&action=edit&section=2","/wiki/Mineral","/wiki/Weathering","/wiki/Oxidation","/wiki/Chalcopyrite","/wiki/Malachite","/wiki/Azurite","/wiki/Feldspar","/wiki/Apatite","/wiki/Arid","/wiki/Volcanic","/wiki/Limonite","/wiki/Intrusive","/wiki/Alunite","/wiki/Supergene_(geology)","/wiki/Hypogene_(geology)","/wiki/Hydrothermal","/wiki/Fluid_inclusions","/wiki/Crystal_habit","/wiki/Stalactite","/wiki/Pseudomorph","/wiki/Fossil","/wiki/Odontolite","/wiki/Ivory","/wiki/Vivianite","/wiki/Chrysocolla","/w/index.php?title=Turquoise&action=edit&section=3","/wiki/File:Turquoise_with_quartz.jpg","//upload.wikimedia.org/wikipedia/commons/thumb/d/d9/Turquoise_with_quartz.jpg/220px-Turquoise_with_quartz.jpg","/wiki/File:Turquoise_with_quartz.jpg","//bits.wikimedia.org/static-1.21wmf10/skins/common/images/magnify-clip.png","/wiki/Quartz","/w/index.php?title=Mineral_Park&action=edit&redlink=1","/wiki/Arizona","/wiki/File:Cutting_and_grinding_turquoise_in_Meshed,_Iran._1973.jpg","//upload.wikimedia.org/wikipedia/commons/thumb/b/b2/Cutting_and_grinding_turquoise_in_Meshed%2C_Iran._1973.jpg/220px-Cutting_and_grinding_turquoise_in_Meshed%2C_Iran._1973.jpg","/wiki/File:Cutting_and_grinding_turquoise_in_Meshed,_Iran._1973.jpg","//bits.wikimedia.org/static-1.21wmf10/skins/common/images/magnify-clip.png","/wiki/Nishapur","/w/index.php?title=Turquoise&action=edit&section=4","/wiki/Persia","/wiki/Wikipedia:Citation_needed","/wiki/Wikipedia:Citation_needed","/wiki/Nishapur","/w/index.php?title=Ali-mersai&action=edit&redlink=1","/wiki/Mashhad","/wiki/Khorasan_province","/wiki/Iran","/wiki/Trachyte","/wiki/Scree","/wiki/Sinai_Peninsula","#cite_note-USGS-5","/w/index.php?title=Turquoise&action=edit&section=5","/wiki/First_Dynasty","/wiki/Common_Era","/wiki/Egyptians","/wiki/Mining","/wiki/Sinai_Peninsula","/w/index.php?title=Monitu&action=edit&redlink=1","/wiki/Serabit_el-Khadim","/wiki/Wadi_Maghareh","/wiki/Hathor","/wiki/Basalt","/wiki/Bedouin","/wiki/Gunpowder","/wiki/Flash_flooding","/w/index.php?title=Turquoise&action=edit&section=6","/wiki/File:Chacoan_turquoise_with_argillite.jpg","//upload.wikimedia.org/wikipedia/commons/thumb/5/5a/Chacoan_turquoise_with_argillite.jpg/220px-Chacoan_turquoise_with_argillite.jpg","/wiki/File:Chacoan_turquoise_with_argillite.jpg","//bits.wikimedia.org/static-1.21wmf10/skins/common/images/magnify-clip.png","/wiki/Ancient_Pueblo_Peoples","/wiki/Argillite","/wiki/Chaco_Canyon","/wiki/File:Turquoisecollection.jpg","//upload.wikimedia.org/wikipedia/commons/thumb/c/c4/Turquoisecollection.jpg/220px-Turquoisecollection.jpg","/wiki/File:Turquoisecollection.jpg","//bits.wikimedia.org/static-1.21wmf10/skins/common/images/magnify-clip.png","/wiki/Southwest_United_States","/wiki/Arizona","/wiki/California","/wiki/San_Bernardino_County,_California","/wiki/Imperial_County,_California","/wiki/Inyo_County,_California","/wiki/Colorado","/wiki/Conejos_County,_Colorado","/wiki/El_Paso_County,_Colorado","/wiki/Lake_County,_Colorado","/wiki/Saguache_County,_Colorado","/wiki/New_Mexico","/wiki/Eddy_County,_New_Mexico","/wiki/Grant_County,_New_Mexico","/wiki/Otero_County,_New_Mexico","/wiki/Santa_Fe_County,_New_Mexico","/wiki/Nevada","/wiki/Clark_County,_Nevada","/wiki/Elko,_Nevada","/wiki/Esmeralda_County,_Nevada","/wiki/Eureka,_Nevada","/wiki/Lander_County,_Nevada","/wiki/Mineral_County,_Nevada","/wiki/Nye_County,_Nevada","/wiki/Pre-Columbian","/wiki/Native_Americans_in_the_United_States","/wiki/Mexico","/wiki/Cerrillos,_New_Mexico","/wiki/Jewellery","#cite_note-USGS-5","/wiki/Globe,_Arizona","/wiki/Kingman,_Arizona","/wiki/Tectonic","/wiki/Thrust_fault","/wiki/Strike_and_dip","/wiki/Variscite","/w/index.php?title=Faustite&action=edit&redlink=1","#cite_note-6","/wiki/File:Turq_mcGuin_bunker.jpg","//upload.wikimedia.org/wikipedia/commons/thumb/b/bb/Turq_mcGuin_bunker.jpg/220px-Turq_mcGuin_bunker.jpg","/wiki/File:Turq_mcGuin_bunker.jpg","//bits.wikimedia.org/static-1.21wmf10/skins/common/images/magnify-clip.png","/w/index.php?title=Lynch_Station&action=edit&redlink=1","/wiki/Campbell_County,_Virginia","/wiki/Virginia","/wiki/Druse_(geology)","#cite_note-EFO-7","#Treatments","/w/index.php?title=Turquoise&action=edit&section=7","/wiki/China","/wiki/Limestone","/wiki/Yun_County,_Hubei","/wiki/Zhushan_County","/wiki/Hubei","/wiki/Marco_Polo","/wiki/Sichuan","/wiki/Jade","/wiki/Tibet","/wiki/Derge","/w/index.php?title=Nagari-Khorsum&action=edit&redlink=1","#cite_note-dharamsalanet.com-8","/wiki/Afghanistan","/wiki/Australia","/wiki/Victoria_(Australia)","/wiki/Queensland","/wiki/India","/wiki/Chile","/wiki/Chuquicamata","/wiki/Cornwall","/wiki/Saxony","/wiki/Silesia","/wiki/Turkestan","/w/index.php?title=Turquoise&action=edit&section=8","/wiki/File:Chacoan_turquoise_pendant.jpg","//upload.wikimedia.org/wikipedia/commons/thumb/2/2e/Chacoan_turquoise_pendant.jpg/220px-Chacoan_turquoise_pendant.jpg","/wiki/File:Chacoan_turquoise_pendant.jpg","//bits.wikimedia.org/static-1.21wmf10/skins/common/images/magnify-clip.png","/wiki/Common_Era","/wiki/File:Turqoise_nose_ornament.jpg","//upload.wikimedia.org/wikipedia/commons/thumb/6/61/Turqoise_nose_ornament.jpg/220px-Turqoise_nose_ornament.jpg","/wiki/File:Turqoise_nose_ornament.jpg","//bits.wikimedia.org/static-1.21wmf10/skins/common/images/magnify-clip.png","/wiki/Larco_Museum","/wiki/File:Palash_Backswords_94.jpg","//upload.wikimedia.org/wikipedia/commons/thumb/8/8c/Palash_Backswords_94.jpg/220px-Palash_Backswords_94.jpg","/wiki/File:Palash_Backswords_94.jpg","//bits.wikimedia.org/static-1.21wmf10/skins/common/images/magnify-clip.png","/wiki/File:British_Museum_Aztec_or_Mixtec_mask.jpg","//upload.wikimedia.org/wikipedia/commons/thumb/5/53/British_Museum_Aztec_or_Mixtec_mask.jpg/220px-British_Museum_Aztec_or_Mixtec_mask.jpg","/wiki/File:British_Museum_Aztec_or_Mixtec_mask.jpg","//bits.wikimedia.org/static-1.21wmf10/skins/common/images/magnify-clip.png","/wiki/Xiuhtecuhtli","/wiki/File:Tutmask.jpg","//upload.wikimedia.org/wikipedia/commons/thumb/2/2d/Tutmask.jpg/220px-Tutmask.jpg","/wiki/File:Tutmask.jpg","//bits.wikimedia.org/static-1.21wmf10/skins/common/images/magnify-clip.png","/wiki/Tutankhamun","/wiki/Lapis_lazuli","/wiki/Carnelian","/wiki/Glass","/wiki/Ancient_Egypt","/wiki/Aztec","/wiki/Mesoamerica","/wiki/Persian_Empire","/wiki/Mesopotamia","/wiki/Indus_Valley_Civilization","/wiki/China","/wiki/Shang_Dynasty","#cite_note-NGA-9","/wiki/Europe","/wiki/Turkey","/wiki/Silk_Road","/wiki/Roman_Catholic_Church","/wiki/India","/wiki/Mughal_empire","/wiki/Japan","/wiki/Gold","/wiki/Quartz","/wiki/Malachite","/wiki/Jet_(lignite)","/wiki/Jade","/wiki/Coral_(precious)","/wiki/Animal_shell","/wiki/Mosaic","/wiki/Mask","/wiki/Human_skull","/wiki/Knife","/wiki/Shield","/wiki/Resin","/wiki/Bitumen","/wiki/Wax","/wiki/Wood","/wiki/Bone","/wiki/Pueblo_people","/wiki/Navajo_Nation","/wiki/Apache_(tribe)","/wiki/Archery","/wiki/Mosaic","/wiki/Ancient_Pueblo_Peoples","/wiki/Chaco_Canyon","/wiki/Silver","/wiki/Turban","/wiki/Bridle","/wiki/Mosque","/wiki/Isfahan_(city)","/wiki/India","/wiki/Gold","/wiki/Ruby","/wiki/Diamond","/wiki/Taj_Mahal","/wiki/Engraving","/wiki/Arabic_language","/wiki/Cabochon","/wiki/Tibet","/wiki/Mongolia","/wiki/First_Dynasty","/wiki/Tutankhamun","/wiki/Pharaoh","/wiki/Finger_ring","/wiki/Necklace","/wiki/Pectoral_(Ancient_Egypt)","/wiki/Scarab_(artifact)","/wiki/Carnelian","/wiki/Lapis_lazuli","/wiki/Glass","/wiki/Hathor","/wiki/Ceramic","/wiki/Faience","/wiki/France","/wiki/Archaeology","/wiki/Architecture","/wiki/Art","/wiki/Egyptian_Revival","/wiki/Fetishism","/wiki/Zuni_people","/wiki/Artisan","/wiki/Birthstone","/wiki/Kohen_Gadol","/wiki/Breastplate","/wiki/Book_of_Exodus","/w/index.php?title=Turquoise&action=edit&section=9","/wiki/Ancient_Egypt","/wiki/Persian_Empire","/w/index.php?title=Turquoise&action=edit&section=10","/wiki/File:Chrysocolla_USA.jpg","//upload.wikimedia.org/wikipedia/commons/5/5c/Chrysocolla_USA.jpg","/wiki/Chrysocolla","/wiki/Egyptian_faience","/wiki/Vitreous_enamel","/wiki/Porcelain","/wiki/Plastic","/wiki/Sintering","/wiki/Aluminium_phosphate","/w/index.php?title=Copper_oleate&action=edit&redlink=1","/wiki/Bayerite","/wiki/Copper_phosphate","/w/index.php?title=Pierre_Gilson&action=edit&redlink=1","/wiki/Chemical_synthesis","/wiki/Howlite","/wiki/Magnesite","/wiki/Chalcedony","/wiki/Jasper","/wiki/Marble","/wiki/Variscite","/w/index.php?title=Faustite&action=edit&redlink=1","#cite_note-10","/wiki/Chrysocolla","/wiki/Quartz","/wiki/Lazulite","/wiki/Smithsonite","/wiki/Hemimorphite","/wiki/Wardite","/wiki/Fossil","/wiki/Tooth","/wiki/Odontolite","/wiki/Vivianite","/wiki/France","/wiki/Gemology","/wiki/Carbonate","/wiki/Effervescence","/wiki/Specific_gravity","/wiki/Refractive_index","/wiki/Absorption_spectrum","/w/index.php?title=Turquoise&action=edit&section=11","/wiki/File:Madan_Turquoise_Mines.jpg","//upload.wikimedia.org/wikipedia/commons/thumb/6/6a/Madan_Turquoise_Mines.jpg/220px-Madan_Turquoise_Mines.jpg","/wiki/File:Madan_Turquoise_Mines.jpg","//bits.wikimedia.org/static-1.21wmf10/skins/common/images/magnify-clip.png","/wiki/Hardness","/wiki/Porosity","/wiki/Gemology","/w/index.php?title=Turquoise&action=edit&section=12","/w/index.php?title=Turquoise&action=edit&section=13","/wiki/Epoxy","/wiki/Plastic","/wiki/Polystyrene","/wiki/Water_glass","#cite_note-Purists-11","/w/index.php?title=Turquoise&action=edit&section=14","/wiki/Prussian_blue","#cite_note-Purists-11","/w/index.php?title=Turquoise&action=edit&section=15","#Imitations","/w/index.php?title=Turquoise&action=edit&section=16","/wiki/Adhesive","/wiki/Native_Americans_in_the_United_States","/wiki/Indigenous_peoples_of_the_Americas","/wiki/Wikipedia:Citation_needed","/w/index.php?title=Turquoise&action=edit&section=17","/wiki/File:American_Robin_nest_and_eggs.JPG","//upload.wikimedia.org/wikipedia/commons/thumb/a/ac/American_Robin_nest_and_eggs.JPG/220px-American_Robin_nest_and_eggs.JPG","/wiki/File:American_Robin_nest_and_eggs.JPG","//bits.wikimedia.org/static-1.21wmf10/skins/common/images/magnify-clip.png","/wiki/American_Robin","/wiki/File:Turquoise-slab.jpg","//upload.wikimedia.org/wikipedia/commons/thumb/6/68/Turquoise-slab.jpg/220px-Turquoise-slab.jpg","/wiki/File:Turquoise-slab.jpg","//bits.wikimedia.org/static-1.21wmf10/skins/common/images/magnify-clip.png","/wiki/American_Robin","#cite_note-dharamsalanet.com-8","/wiki/Southwest_United_States","/wiki/Far_East","/wiki/Near_East","/wiki/Coral_(precious)","#Treatments","/wiki/Wax","/wiki/Oil","/wiki/Phosphate","/wiki/Perfume","/wiki/Cosmetics","/wiki/Sunscreen","/wiki/Hair_spray","/w/index.php?title=Turquoise&action=edit&section=18","/wiki/File:Apollo_synthetic_diamond.jpg","//upload.wikimedia.org/wikipedia/commons/thumb/8/8f/Apollo_synthetic_diamond.jpg/32px-Apollo_synthetic_diamond.jpg","/wiki/Portal:Gemology_and_Jewelry","/wiki/List_of_minerals","/w/index.php?title=Turquoise&action=edit&section=19","#cite_ref-Hurlbut_1-0","/wiki/Special:BookSources/0471805807","#cite_ref-mindat_2-0","#cite_ref-mindat_2-1","#cite_ref-mindat_2-2","http://www.mindat.org/min-4060.html","http://www.mindat.org/min-4060.html","#cite_ref-rruff_3-0","#cite_ref-rruff_3-1","http://rruff.geo.arizona.edu/doclib/hom/turquoise.pdf","#cite_ref-Dana_4-0","#cite_ref-Dana_4-1","#cite_ref-USGS_5-0","#cite_ref-USGS_5-1","#cite_ref-USGS_5-2","http://minerals.usgs.gov/minerals/pubs/commodity/gemstones/sp14-95/turquoise.html","#cite_ref-6","#cite_ref-EFO_7-0","http://www.element51.com/article1.htm","http://www.element51.com/article1.htm","#cite_ref-dharamsalanet.com_8-0","#cite_ref-dharamsalanet.com_8-1","http://www.dharamsalanet.com/links/articles/turquoise.htm","http://www.dharamsalanet.com/links/articles/turquoise.htm","/wiki/Wikipedia:Link_rot","#cite_ref-NGA_9-0","http://www.nga.gov/exhibitions/china1999/096_053.htm","http://www.nga.gov/exhibitions/china1999/096_053.htm","#cite_ref-10","http://minerals.usgs.gov/minerals/pubs/commodity/gemstones/sp14-95/turquoise.html","http://minerals.usgs.gov/minerals/pubs/commodity/gemstones/sp14-95/turquoise.html","#cite_ref-Purists_11-0","#cite_ref-Purists_11-1","http://web.archive.org/web/20080201025038/http://www.geocities.com/harriss75007/turquois.htm","http://www.geocities.com/harriss75007/turquois.htm","http://web.archive.org/web/20080201025038/http://www.geocities.com/harriss75007/turquois.htm","/w/index.php?title=Turquoise&action=edit&section=20","http://www.thebritishmuseum.ac.uk/compass/ixbin/hixclient.exe?_IXDB_=compass&_IXSR_=wz2&_IXSS_=_IXFPFX_%3dgraphical%252ffull%252f%26_IXsearchterm%3dturquoise%26%257bUPPER%257d%253av2_free_text_tindex%3dturquoise%26_IXDB_%3dcompass%26_IXNOMATCHES_%3dgraphical%252fno_matches%252ehtml%26%2524%2b%2528with%2bv2_searchable_index%2529%2bsort%3d%252e&_IXFIRST_=41&_IXMAXHITS_=1&_IXSPFX_=graphical/full/&_IXsearchterm=turquoise&submit-button=summary","http://www.cst.cmich.edu/users/dietr1rv/turquoise.htm","http://www.Persian-Turquoise.ir","/wiki/Special:BookSources/0471805807","http://www.blackwell-synergy.com/links/doi/10.1046/j.1365-2451.2002.00345.x/full/","/wiki/Special:BookSources/0873800567","/wiki/Special:BookSources/3925369546","/wiki/Special:BookSources/0806994614","http://minerals.usgs.gov/minerals/pubs/commodity/gemstones/sp14-95/turquoise.html","/wiki/Special:BookSources/0750616741","/w/index.php?title=Turquoise&action=edit&section=21","//upload.wikimedia.org/wikipedia/en/thumb/4/4a/Commons-logo.svg/30px-Commons-logo.svg.png","//commons.wikimedia.org/wiki/Category:Turquoise_(mineral)","/wiki/Template:Phosphate_minerals","/wiki/Template_talk:Phosphate_minerals","//en.wikipedia.org/w/index.php?title=Template:Phosphate_minerals&action=edit","/wiki/Phosphate_minerals","/wiki/Crystal_structure","/wiki/Beraunite","/wiki/Brazilianite","/wiki/Eosphorite","/wiki/Fluorapatite","/wiki/Hydroxylapatite","/wiki/Lithiophilite","/wiki/Metatorbernite","/wiki/Monazite","/wiki/Struvite","/wiki/Taranakite","/wiki/Variscite","/wiki/Wavellite","/wiki/Cryptocrystalline","/wiki/Whitlockite","/wiki/Amorphous_solid","/wiki/Santabarbaraite","/wiki/Scorodite","/wiki/Template:Jewellery","/wiki/Template_talk:Jewellery","//en.wikipedia.org/w/index.php?title=Template:Jewellery&action=edit","/wiki/Jewellery","/wiki/List_of_jewellery_types","/wiki/Anklet","/wiki/Belt_buckle","/wiki/Belly_chain","/wiki/Bindi_(decoration)","/wiki/Bracelet","/wiki/Brooch","/wiki/Chatelaine_(chain)","/wiki/Collar_pin","/wiki/Crown_(headgear)","/wiki/Cufflink","/wiki/Earring","/wiki/Lapel_pin","/wiki/Necklace","/wiki/Pendant","/wiki/Ring_(jewellery)","/wiki/Tiara","/wiki/Tie_clip","/wiki/Tie_pin","/wiki/Toe_ring","/wiki/Watch","/wiki/Pocket_watch","/wiki/Bench_jeweler","/wiki/Clockmaker","/wiki/Goldsmith","/wiki/Silversmith","/wiki/Jewelry_designer","/wiki/Lapidary","/wiki/Watchmaker","/wiki/Casting_(metalworking)","/wiki/Centrifugal_casting_(silversmithing)","/wiki/Lost-wax_casting","/wiki/Casting_(metalworking)","/wiki/Vitreous_enamel","/wiki/Engraving","/wiki/Filigree","/wiki/Metal_clay","/wiki/Plating","/wiki/Polishing_(metalworking)","/wiki/Repouss%C3%A9_and_chasing","/wiki/Soldering","/wiki/Stonesetting","/wiki/Wire_sculpture","/wiki/Draw_plate","/wiki/File_(tool)","/wiki/Hammer","/wiki/Mandrel","/wiki/Pliers","/wiki/Precious_metal","/wiki/Gold","/wiki/Palladium","/wiki/Platinum","/wiki/Rhodium","/wiki/Silver","/wiki/Alloy","/wiki/Britannia_silver","/wiki/Colored_gold","/wiki/Crown_gold","/wiki/Electrum","/wiki/Platinum_sterling","/wiki/Shakud%C5%8D","/wiki/Shibuichi","/wiki/Sterling_silver","/wiki/Tumbaga","/wiki/Base_metal","/wiki/Brass","/wiki/Bronze","/wiki/Copper","/wiki/Mokume-gane","/wiki/Pewter","/wiki/Stainless_steel","/wiki/Titanium","/wiki/Tungsten","/wiki/Gemstone","/wiki/Aventurine","/wiki/Agate","/wiki/Amethyst","/wiki/Beryl","/wiki/Carnelian","/wiki/Chrysoberyl","/wiki/Diamond","/wiki/Diopside","/wiki/Emerald","/wiki/Garnet","/wiki/Jade","/wiki/Jasper","/wiki/Lapis_lazuli","/wiki/Larimar","/wiki/Malachite","/wiki/Marcasite_jewellery","/wiki/Moonstone_(gemstone)","/wiki/Obsidian","/wiki/Onyx","/wiki/Opal","/wiki/Peridot","/wiki/Quartz","/wiki/Ruby","/wiki/Sapphire","/wiki/Sodalite","/wiki/Sunstone","/wiki/Tanzanite","/wiki/Tiger%27s_eye","/wiki/Topaz","/wiki/Tourmaline","/wiki/Yogo_sapphire","/wiki/Abalone","/wiki/Amber","/wiki/Ammolite","/wiki/Copal","/wiki/Precious_coral","/wiki/Ivory","/wiki/Jet_(lignite)","/wiki/Pearl","/wiki/Nacre","/wiki/Shell_jewelry","/wiki/Carat_(mass)","/wiki/Carat_(purity)","/wiki/Finding","/wiki/Millesimal_fineness","/wiki/Body_piercing","/wiki/Fashion","/wiki/Gemology","/wiki/Metalworking","/wiki/Wearable_art","http://en.wikipedia.org/w/index.php?title=Turquoise&oldid=542400249","/wiki/Help:Categories","/wiki/Category:Aluminium_minerals","/wiki/Category:Copper_minerals","/wiki/Category:Gemstones","/wiki/Category:Phosphate_minerals","/wiki/Category:Symbols_of_New_Mexico","/wiki/Category:Triclinic_minerals","/wiki/Category:All_articles_with_dead_external_links","/wiki/Category:Articles_with_dead_external_links_from_February_2012","/wiki/Category:All_articles_with_unsourced_statements","/wiki/Category:Articles_with_unsourced_statements_from_September_2011","/wiki/Category:Articles_with_unsourced_statements_from_June_2007","/w/index.php?title=Special:UserLogin&returnto=Turquoise&type=signup","/w/index.php?title=Special:UserLogin&returnto=Turquoise","/wiki/Turquoise","/wiki/Talk:Turquoise","#","/wiki/Turquoise","/w/index.php?title=Turquoise&action=edit","/w/index.php?title=Turquoise&action=history","#","/w/index.php","//bits.wikimedia.org/static-1.21wmf10/skins/vector/images/search-ltr.png?303-4","/wiki/Main_Page","/wiki/Main_Page","/wiki/Portal:Contents","/wiki/Portal:Featured_content","/wiki/Portal:Current_events","/wiki/Special:Random","//donate.wikimedia.org/wiki/Special:FundraiserRedirector?utm_source=donate&utm_medium=sidebar&utm_campaign=C13_en.wikipedia.org&uselang=en","/wiki/Help:Contents","/wiki/Wikipedia:About","/wiki/Wikipedia:Community_portal","/wiki/Special:RecentChanges","/wiki/Wikipedia:Contact_us","/wiki/Special:WhatLinksHere/Turquoise","/wiki/Special:RecentChangesLinked/Turquoise","/wiki/Wikipedia:File_Upload_Wizard","/wiki/Special:SpecialPages","/w/index.php?title=Turquoise&oldid=542400249","/w/index.php?title=Turquoise&action=info","/w/index.php?title=Special:Cite&page=Turquoise&id=542400249","/w/index.php?title=Special:Book&bookcmd=book_creator&referer=Turquoise","/w/index.php?title=Special:Book&bookcmd=render_article&arttitle=Turquoise&oldid=542400249&writer=rl","/w/index.php?title=Turquoise&printable=yes","//ar.wikipedia.org/wiki/%D9%81%D9%8A%D8%B1%D9%88%D8%B2_(%D8%AD%D8%AC%D8%B1_%D9%83%D8%B1%D9%8A%D9%85)","//an.wikipedia.org/wiki/Turquesa_(mineral)","//az.wikipedia.org/wiki/Firuz%C9%99","//bg.wikipedia.org/wiki/%D0%A2%D1%8E%D1%80%D0%BA%D0%BE%D0%B0%D0%B7","//ca.wikipedia.org/wiki/Turquesa_(mineral)","//cs.wikipedia.org/wiki/Tyrkys","//de.wikipedia.org/wiki/T%C3%BCrkis_(Mineral)","//et.wikipedia.org/wiki/T%C3%BCrkiis","//el.wikipedia.org/wiki/%CE%A4%CE%B9%CF%81%CE%BA%CE%BF%CF%85%CE%AC%CE%B6","//es.wikipedia.org/wiki/Turquesa","//eo.wikipedia.org/wiki/Turkiso","//eu.wikipedia.org/wiki/Turkesa","//fa.wikipedia.org/wiki/%D9%81%DB%8C%D8%B1%D9%88%D8%B2%D9%87","//fr.wikipedia.org/wiki/Turquoise_(pierre)","//gl.wikipedia.org/wiki/Turquesa","//gu.wikipedia.org/wiki/%E0%AA%AA%E0%AB%80%E0%AA%B0%E0%AB%8B%E0%AA%9C","//ko.wikipedia.org/wiki/%ED%84%B0%ED%82%A4%EC%98%A5","//hi.wikipedia.org/wiki/%E0%A4%AB%E0%A5%80%E0%A4%B0%E0%A5%8B%E0%A4%9C%E0%A4%BE%E0%A4%BC","//io.wikipedia.org/wiki/Turkezo","//id.wikipedia.org/wiki/Toska","//it.wikipedia.org/wiki/Turchese_(minerale)","//he.wikipedia.org/wiki/%D7%98%D7%95%D7%A8%D7%A7%D7%99%D7%96","//kn.wikipedia.org/wiki/%E0%B2%B5%E0%B3%88%E0%B2%A1%E0%B3%82%E0%B2%B0%E0%B3%8D%E0%B2%AF","//ka.wikipedia.org/wiki/%E1%83%A4%E1%83%98%E1%83%A0%E1%83%A3%E1%83%96%E1%83%98","//kk.wikipedia.org/wiki/%D0%91%D0%B8%D1%80%D1%8E%D0%B7%D0%B0","//la.wikipedia.org/wiki/Turcosa","//lt.wikipedia.org/wiki/Turkis","//hu.wikipedia.org/wiki/T%C3%BCrkiz","//mk.wikipedia.org/wiki/%D0%A2%D0%B8%D1%80%D0%BA%D0%B8%D0%B7","//ml.wikipedia.org/wiki/%E0%B4%9F%E0%B5%BC%E0%B4%95%E0%B5%8D%E0%B4%95%E0%B5%8B%E0%B4%AF%E0%B5%8D%E0%B4%B8%E0%B5%8D","//mn.wikipedia.org/wiki/%D0%9E%D1%8E%D1%83","//nl.wikipedia.org/wiki/Turkoois_(mineraal)","//ja.wikipedia.org/wiki/%E3%83%88%E3%83%AB%E3%82%B3%E7%9F%B3","//no.wikipedia.org/wiki/Turkis_(edelsten)","//pnb.wikipedia.org/wiki/%D9%81%DB%8C%D8%B1%D9%88%D8%B2%DB%81","//pl.wikipedia.org/wiki/Turkus","//pt.wikipedia.org/wiki/Turquesa","//qu.wikipedia.org/wiki/Anqas_umi%C3%B1a","//ru.wikipedia.org/wiki/%D0%91%D0%B8%D1%80%D1%8E%D0%B7%D0%B0","//simple.wikipedia.org/wiki/Turquoise","//sk.wikipedia.org/wiki/Tyrkys","//fi.wikipedia.org/wiki/Turkoosi","//sv.wikipedia.org/wiki/Turkos","//chy.wikipedia.org/wiki/Hoxo%27%C3%B4hts%C3%A9veot%C3%A1%27tavo%27hon%C3%A1%C3%A1%27e","//tr.wikipedia.org/wiki/Turkuaz_(mineral)","//uk.wikipedia.org/wiki/%D0%91%D1%96%D1%80%D1%8E%D0%B7%D0%B0","//ur.wikipedia.org/wiki/%D9%81%DB%8C%D8%B1%D9%88%D8%B2","//ug.wikipedia.org/wiki/%D8%A8%D9%89%D8%B1%D9%8A%DB%87%D8%B2%D8%A7(%D9%8A%D8%A7%D9%82%DB%87%D8%AA)","//vi.wikipedia.org/wiki/Ng%E1%BB%8Dc_lam","//yi.wikipedia.org/wiki/%D7%98%D7%95%D7%A8%D7%A7%D7%99%D7%96_(%D7%A7%D7%90%D7%9C%D7%99%D7%A8)","//zh.wikipedia.org/wiki/%E7%BB%BF%E6%9D%BE%E7%9F%B3","//www.wikidata.org/wiki/Special:ItemByTitle/enwiki/Turquoise","//en.wikipedia.org/wiki/Wikipedia:Text_of_Creative_Commons_Attribution-ShareAlike_3.0_Unported_License","//creativecommons.org/licenses/by-sa/3.0/","//wikimediafoundation.org/wiki/Terms_of_Use","//www.wikimediafoundation.org/","//en.wikipedia.org/wiki/Wikipedia:Contact_us","//wikimediafoundation.org/wiki/Privacy_policy","/wiki/Wikipedia:About","/wiki/Wikipedia:General_disclaimer","http://en.m.wikipedia.org/wiki/Turquoise","//wikimediafoundation.org/","//bits.wikimedia.org/images/wikimedia-button.png","//www.mediawiki.org/","//bits.wikimedia.org/static-1.21wmf10/skins/common/images/poweredby_mediawiki_88x31.png","//bits.wikimedia.org/en.wikipedia.org/load.php?debug=false&lang=en&modules=skins.vector&only=scripts&skin=vector&*","/w/index.php?title=MediaWiki:Gadget-ReferenceTooltips.js&action=raw&ctype=text/javascript&508635914","//bits.wikimedia.org/en.wikipedia.org/load.php?debug=false&lang=en&modules=site&only=scripts&skin=vector&*"],"instances":["tribe","optics","city","geology","lignite","australia","mineralogy","geology_","artifact","geology","precious"],"pdf":["http://rruff.geo.arizona.edu/doclib/hom/turquoise.pdf"],"categories":["Aluminium minerals","Copper minerals","Gemstones","Phosphate minerals","Symbols of New Mexico","Triclinic minerals"],"headings":["Properties of turquoise","Formation","Occurrence","History of its use","Culture","Imitations","Treatments","Valuation and care","See also","Notes","References","External links"],"image":["//upload.wikimedia.org/wikipedia/commons/thumb/b/b8/Turquoise.pebble.700pix.jpg/240px-Turquoise.pebble.700pix.jpg","//upload.wikimedia.org/wikipedia/commons/thumb/d/d9/Turquoise_with_quartz.jpg/220px-Turquoise_with_quartz.jpg","//bits.wikimedia.org/static-1.21wmf10/skins/common/images/magnify-clip.png","//upload.wikimedia.org/wikipedia/commons/thumb/b/b2/Cutting_and_grinding_turquoise_in_Meshed%2C_Iran._1973.jpg/220px-Cutting_and_grinding_turquoise_in_Meshed%2C_Iran._1973.jpg","//bits.wikimedia.org/static-1.21wmf10/skins/common/images/magnify-clip.png","//upload.wikimedia.org/wikipedia/commons/thumb/5/5a/Chacoan_turquoise_with_argillite.jpg/220px-Chacoan_turquoise_with_argillite.jpg","//bits.wikimedia.org/static-1.21wmf10/skins/common/images/magnify-clip.png","//upload.wikimedia.org/wikipedia/commons/thumb/c/c4/Turquoisecollection.jpg/220px-Turquoisecollection.jpg","//bits.wikimedia.org/static-1.21wmf10/skins/common/images/magnify-clip.png","//upload.wikimedia.org/wikipedia/commons/thumb/b/bb/Turq_mcGuin_bunker.jpg/220px-Turq_mcGuin_bunker.jpg","//bits.wikimedia.org/static-1.21wmf10/skins/common/images/magnify-clip.png","//upload.wikimedia.org/wikipedia/commons/thumb/2/2e/Chacoan_turquoise_pendant.jpg/220px-Chacoan_turquoise_pendant.jpg","//bits.wikimedia.org/static-1.21wmf10/skins/common/images/magnify-clip.png","//upload.wikimedia.org/wikipedia/commons/thumb/6/61/Turqoise_nose_ornament.jpg/220px-Turqoise_nose_ornament.jpg","//bits.wikimedia.org/static-1.21wmf10/skins/common/images/magnify-clip.png","//upload.wikimedia.org/wikipedia/commons/thumb/8/8c/Palash_Backswords_94.jpg/220px-Palash_Backswords_94.jpg","//bits.wikimedia.org/static-1.21wmf10/skins/common/images/magnify-clip.png","//upload.wikimedia.org/wikipedia/commons/thumb/5/53/British_Museum_Aztec_or_Mixtec_mask.jpg/220px-British_Museum_Aztec_or_Mixtec_mask.jpg","//bits.wikimedia.org/static-1.21wmf10/skins/common/images/magnify-clip.png","//upload.wikimedia.org/wikipedia/commons/thumb/2/2d/Tutmask.jpg/220px-Tutmask.jpg","//bits.wikimedia.org/static-1.21wmf10/skins/common/images/magnify-clip.png","//upload.wikimedia.org/wikipedia/commons/5/5c/Chrysocolla_USA.jpg","//upload.wikimedia.org/wikipedia/commons/thumb/6/6a/Madan_Turquoise_Mines.jpg/220px-Madan_Turquoise_Mines.jpg","//bits.wikimedia.org/static-1.21wmf10/skins/common/images/magnify-clip.png","//upload.wikimedia.org/wikipedia/commons/thumb/a/ac/American_Robin_nest_and_eggs.JPG/220px-American_Robin_nest_and_eggs.JPG","//bits.wikimedia.org/static-1.21wmf10/skins/common/images/magnify-clip.png","//upload.wikimedia.org/wikipedia/commons/thumb/6/68/Turquoise-slab.jpg/220px-Turquoise-slab.jpg","//bits.wikimedia.org/static-1.21wmf10/skins/common/images/magnify-clip.png","//upload.wikimedia.org/wikipedia/commons/thumb/8/8f/Apollo_synthetic_diamond.jpg/32px-Apollo_synthetic_diamond.jpg","//upload.wikimedia.org/wikipedia/en/thumb/4/4a/Commons-logo.svg/30px-Commons-logo.svg.png","//bits.wikimedia.org/static-1.21wmf10/skins/vector/images/search-ltr.png?303-4","//bits.wikimedia.org/images/wikimedia-button.png","//bits.wikimedia.org/static-1.21wmf10/skins/common/images/poweredby_mediawiki_88x31.png"],"tags":[["lustre","mineralogy"],["transparency","optics"],["supergene","geology"],["hypogene","geology_"],["druse","geology"],["victoria","australia"],["jet","lignite"],["coral","precious"],["apache","tribe"],["isfahan","city"],["scarab","artifact"],["coral","precious"]],"members":["apache","transparency","isfahan","supergene","jet","victoria","lustre","hypogene","scarab","druse","coral"],"related":["Phosphate_minerals","Tumble_finishing","Pebble","Triclinic","Hydrochloric_acid","Mineral","Hydrate","Phosphate","Copper","Aluminium","Chemical_formula","Copper","Aluminium","Phosphate","Hydroxide","Water","Gemstone","Old_French","Turkey","Khorasan_Province","Iran","Pliny_the_Elder","Aztec","Mohs_scale_of_mineral_hardness","Cryptocrystalline","Crystal","Crystal_system","Triclinic","X-ray_diffraction","Specific_gravity","Porosity","Lustre_(mineralogy)","Transparency_(optics)","Idiochromatic","Iron","Dehydration","Refractive_index","Sodium","Gemology","Refractometer","Birefringence","Absorption_spectrum","Spectroscope","Ultraviolet","Fluorescence","X-ray","Hydrochloric_acid","Fracture","Conchoidal_fracture","Pyrite","Limonite","Mineral","Weathering","Oxidation","Chalcopyrite","Malachite","Azurite","Feldspar","Apatite","Arid","Volcanic","Limonite","Intrusive","Alunite","Supergene_(geology)","Hypogene_(geology)_","Hydrothermal","Fluid_inclusions","Crystal_habit","Stalactite","Pseudomorph","Fossil","Odontolite","Ivory","Vivianite","Chrysocolla","Mineral_Park","Arizona","Persia","Nishapur","Ali-mersai","Mashhad","Khorasan_province","Iran","Trachyte","Scree","Sinai_Peninsula","First_Dynasty","Common_Era","Egyptians","Mining","Sinai_Peninsula","Monitu","Serabit_el-Khadim","Wadi_Maghareh","Hathor","Basalt","Bedouin","Gunpowder","Flash_flooding","Argillite","Chaco_Canyon","Southwest_United_States","Arizona","California","San_Bernardino_County,_California","Imperial_County,_California","Inyo_County,_California","Colorado","Conejos_County,_Colorado","El_Paso_County,_Colorado","Lake_County,_Colorado","Saguache_County,_Colorado","New_Mexico","Eddy_County,_New_Mexico","Grant_County,_New_Mexico","Otero_County,_New_Mexico","Santa_Fe_County,_New_Mexico","Nevada","Clark_County,_Nevada","Elko,_Nevada","Esmeralda_County,_Nevada","Eureka,_Nevada","Lander_County,_Nevada","Mineral_County,_Nevada","Nye_County,_Nevada","Pre-Columbian","Native_Americans_in_the_United_States","Mexico","Cerrillos,_New_Mexico","Jewellery","Globe,_Arizona","Kingman,_Arizona","Tectonic","Thrust_fault","Strike_and_dip","Variscite","Faustite","Lynch_Station","Campbell_County,_Virginia","Virginia","Druse_(geology)","China","Limestone","Yun_County,_Hubei","Zhushan_County","Hubei","Marco_Polo","Sichuan","Jade","Tibet","Derge","Nagari-Khorsum","Afghanistan","Australia","Victoria_(Australia)","Queensland","India","Chile","Chuquicamata","Cornwall","Saxony","Silesia","Turkestan","Lapis_lazuli","Carnelian","Glass","Ancient_Egypt","Aztec","Mesoamerica","Persian_Empire","Mesopotamia","Indus_Valley_Civilization","China","Shang_Dynasty","Europe","Turkey","Silk_Road","Roman_Catholic_Church","India","Mughal_empire","Japan","Gold","Quartz","Malachite","Jet_(lignite)","Jade","Coral_(precious)","Animal_shell","Mosaic","Mask","Human_skull","Knife","Shield","Resin","Bitumen","Wax","Wood","Bone","Pueblo_people","Navajo_Nation","Apache_(tribe)","Archery","Mosaic","Ancient_Pueblo_Peoples","Chaco_Canyon","Silver","Turban","Bridle","Mosque","Isfahan_(city)","India","Gold","Ruby","Diamond","Taj_Mahal","Engraving","Arabic_language","Cabochon","Tibet","Mongolia","First_Dynasty","Tutankhamun","Pharaoh","Finger_ring","Necklace","Scarab_(artifact)","Carnelian","Lapis_lazuli","Glass","Hathor","Ceramic","Faience","France","Archaeology","Architecture","Art","Egyptian_Revival","Fetishism","Zuni_people","Artisan","Birthstone","Kohen_Gadol","Breastplate","Book_of_Exodus","Ancient_Egypt","Persian_Empire","Egyptian_faience","Vitreous_enamel","Porcelain","Plastic","Sintering","Aluminium_phosphate","Copper_oleate","Bayerite","Copper_phosphate","Pierre_Gilson","Chemical_synthesis","Howlite","Magnesite","Chalcedony","Jasper","Marble","Variscite","Faustite","Chrysocolla","Quartz","Lazulite","Smithsonite","Hemimorphite","Wardite","Fossil","Tooth","Odontolite","Vivianite","France","Gemology","Carbonate","Effervescence","Specific_gravity","Refractive_index","Absorption_spectrum","Hardness","Porosity","Gemology","Epoxy","Plastic","Polystyrene","Water_glass","Prussian_blue","Adhesive","Native_Americans_in_the_United_States","Indigenous_peoples_of_the_Americas","American_Robin","Southwest_United_States","Far_East","Near_East","Coral_(precious)","Wax","Oil","Phosphate","Perfume","Cosmetics","Sunscreen","Hair_spray","List_of_minerals"]}