{"cursor":"3249","size":15,"audio":[],"currentlang":"en","article":"\n{{Infobox military person |name= Julius A. R. Wilke |birth_date= |death_date=\n|birth_place= Germany |death_place= |placeofburial= Captain Ted Conaway Memorial\nNaval Cemetery Portsmouth, Virginia |placeofburial_label= Place of burial\n|image= |caption= |nickname= |allegiance= |branch= United States Navy\n|serviceyears= |rank= Boatswain's Mate First Class |commands= |unit= U.S.S.\nMarblehead |battles= SpanishâAmerican War |awards= Medal of Honor |laterwork= }}\n'Julius August Robert Wilke' (November 14, 1860 - December 22, 1914) was an\nAmerican sailor serving in the United States Navy during the SpanishâAmerican\nWar who received the Medal of Honor for bravery.\n","linknr":123,"url":"Julius_A._R._Wilke","recorded":1364121977,"links":["/w/index.php?title=Julius_A._R._Wilke&action=edit","/w/index.php?title=Julius_A._R._Wilke&action=edit","//en.wikipedia.org/apple-touch-icon.png","//bits.wikimedia.org/favicon/wikipedia.ico","/w/opensearch_desc.php","//en.wikipedia.org/w/api.php?action=rsd","//creativecommons.org/licenses/by-sa/3.0/","/w/index.php?title=Special:RecentChanges&feed=atom","//bits.wikimedia.org/en.wikipedia.org/load.php?debug=false&lang=en&modules=ext.gadget.DRN-wizard%2CReferenceTooltips%2Ccharinsert%2Cteahouse%7Cext.wikihiero%7Cmediawiki.legacy.commonPrint%2Cshared%7Cmw.PopUpMediaTransform%7Cskins.vector&only=styles&skin=vector&*","//bits.wikimedia.org/en.wikipedia.org/load.php?debug=false&lang=en&modules=site&only=styles&skin=vector&*","//bits.wikimedia.org/en.wikipedia.org/load.php?debug=false&lang=en&modules=startup&only=scripts&skin=vector&*","//bits.wikimedia.org/geoiplookup","//meta.wikimedia.org","#mw-head","#p-search","/wiki/Germany","/wiki/Portsmouth,_Virginia","//upload.wikimedia.org/wikipedia/en/thumb/a/a4/Flag_of_the_United_States.svg/22px-Flag_of_the_United_States.svg.png","/wiki/United_States","/wiki/United_States_Navy","/wiki/Spanish%E2%80%93American_War","/wiki/Medal_of_Honor","/wiki/United_States","/wiki/Sailor","/wiki/United_States_Navy","/wiki/Spanish%E2%80%93American_War","/wiki/Medal_of_Honor","#Biography","#Medal_of_Honor_citation","#See_also","#References","#External_links","/w/index.php?title=Julius_A._R._Wilke&action=edit&section=1","/wiki/Germany","#cite_note-AMOHW-1","/w/index.php?title=Julius_A._R._Wilke&action=edit&section=2","#cite_note-AMOHW-1","/w/index.php?title=Julius_A._R._Wilke&action=edit&section=3","/wiki/File:P_vip.svg","//upload.wikimedia.org/wikipedia/en/thumb/6/69/P_vip.svg/28px-P_vip.svg.png","/wiki/Portal:Biography","/wiki/File:United_States_Department_of_the_Navy_Seal.svg","//upload.wikimedia.org/wikipedia/commons/thumb/c/cb/United_States_Department_of_the_Navy_Seal.svg/28px-United_States_Department_of_the_Navy_Seal.svg.png","/wiki/Portal:United_States_Navy","/wiki/List_of_Medal_of_Honor_recipients_for_the_Spanish%E2%80%93American_War","/w/index.php?title=Julius_A._R._Wilke&action=edit&section=4","#cite_ref-AMOHW_1-0","#cite_ref-AMOHW_1-1","http://www.history.army.mil/html/moh/warspain.html","/wiki/United_States_Army_Center_of_Military_History","http://www.history.army.mil/html/moh/warspain.html","/w/index.php?title=Julius_A._R._Wilke&action=edit&section=5","http://www.findagrave.com/cgi-bin/fg.cgi?page=gr&GRid=63212208","/wiki/Find_a_Grave","http://www.findagrave.com/cgi-bin/fg.cgi?page=gr&GRid=63212208","http://www.militarytimes.com/citations-medals-awards/recipient.php?recipientid=2149","/wiki/Army_Times_Publishing_Company","http://www.militarytimes.com/citations-medals-awards/recipient.php?recipientid=2149","http://www.spanamwar.com/ceinfuegosgen.htm","http://books.google.com/books?id=op_hAAAAMAAJ&pg=PA362&lpg=PA362&dq=%22Julius+A.+R.+Wilke%22+and+%22Medal%22&source=bl&ots=FQKkcJJ-py&sig=PN77SGUkQNtF0EWTNnz3-UX5UIU&hl=en&ei=de2NTa7uJsGR0QHYuPi3Cw&sa=X&oi=book_result&ct=result&resnum=4&ved=0CCUQ6AEwAzgK#v=onepage&q=%22Julius%20A.%20R.%20Wilke%22%20and%20%22Medal%22&f=false","/wiki/Wikipedia:Persondata","/wiki/United_States_Navy","/wiki/Medal_of_Honor","/wiki/Germany","http://en.wikipedia.org/w/index.php?title=Julius_A._R._Wilke&oldid=532764508","/wiki/Help:Categories","/wiki/Category:1860_births","/wiki/Category:1914_deaths","/wiki/Category:Navy_Medal_of_Honor_recipients","/wiki/Category:United_States_Navy_sailors","/wiki/Category:German_emigrants_to_the_United_States","/wiki/Category:American_military_personnel_of_the_Spanish%E2%80%93American_War","/wiki/Category:Foreign-born_Medal_of_Honor_recipients","/wiki/Category:Spanish%E2%80%93American_War_recipients_of_the_Medal_of_Honor","/wiki/Category:Use_mdy_dates_from_November_2011","/w/index.php?title=Special:UserLogin&returnto=Julius+A.+R.+Wilke&type=signup","/w/index.php?title=Special:UserLogin&returnto=Julius+A.+R.+Wilke","/wiki/Julius_A._R._Wilke","/wiki/Talk:Julius_A._R._Wilke","#","/wiki/Julius_A._R._Wilke","/w/index.php?title=Julius_A._R._Wilke&action=edit","/w/index.php?title=Julius_A._R._Wilke&action=history","#","/w/index.php","//bits.wikimedia.org/static-1.21wmf11/skins/vector/images/search-ltr.png?303-4","/wiki/Main_Page","/wiki/Main_Page","/wiki/Portal:Contents","/wiki/Portal:Featured_content","/wiki/Portal:Current_events","/wiki/Special:Random","//donate.wikimedia.org/wiki/Special:FundraiserRedirector?utm_source=donate&utm_medium=sidebar&utm_campaign=C13_en.wikipedia.org&uselang=en","/wiki/Help:Contents","/wiki/Wikipedia:About","/wiki/Wikipedia:Community_portal","/wiki/Special:RecentChanges","/wiki/Wikipedia:Contact_us","/wiki/Special:WhatLinksHere/Julius_A._R._Wilke","/wiki/Special:RecentChangesLinked/Julius_A._R._Wilke","/wiki/Wikipedia:File_Upload_Wizard","/wiki/Special:SpecialPages","/w/index.php?title=Julius_A._R._Wilke&oldid=532764508","/w/index.php?title=Julius_A._R._Wilke&action=info","/w/index.php?title=Special:Cite&page=Julius_A._R._Wilke&id=532764508","/w/index.php?title=Special:Book&bookcmd=book_creator&referer=Julius+A.+R.+Wilke","/w/index.php?title=Special:Book&bookcmd=render_article&arttitle=Julius+A.+R.+Wilke&oldid=532764508&writer=rl","/w/index.php?title=Julius_A._R._Wilke&printable=yes","//en.wikipedia.org/wiki/Wikipedia:Text_of_Creative_Commons_Attribution-ShareAlike_3.0_Unported_License","//creativecommons.org/licenses/by-sa/3.0/","//wikimediafoundation.org/wiki/Terms_of_Use","//www.wikimediafoundation.org/","//en.wikipedia.org/wiki/Wikipedia:Contact_us","//wikimediafoundation.org/wiki/Privacy_policy","/wiki/Wikipedia:About","/wiki/Wikipedia:General_disclaimer","http://en.m.wikipedia.org/wiki/Julius_A._R._Wilke","//wikimediafoundation.org/","//bits.wikimedia.org/images/wikimedia-button.png","//www.mediawiki.org/","//bits.wikimedia.org/static-1.21wmf11/skins/common/images/poweredby_mediawiki_88x31.png","//bits.wikimedia.org/en.wikipedia.org/load.php?debug=false&lang=en&modules=skins.vector&only=scripts&skin=vector&*","/w/index.php?title=MediaWiki:Gadget-ReferenceTooltips.js&action=raw&ctype=text/javascript&508635914","//bits.wikimedia.org/en.wikipedia.org/load.php?debug=false&lang=en&modules=site&only=scripts&skin=vector&*"],"instances":[],"pdf":[],"categories":["1860 births","1914 deaths","Navy Medal of Honor recipients","United States Navy sailors","German emigrants to the United States","American military personnel of the Spanish–American War","Foreign-born Medal of Honor recipients","Spanish–American War recipients of the Medal of Honor"],"headings":["Biography","Medal of Honor citation","See also","References","External links"],"image":["//upload.wikimedia.org/wikipedia/en/thumb/a/a4/Flag_of_the_United_States.svg/22px-Flag_of_the_United_States.svg.png","//upload.wikimedia.org/wikipedia/en/thumb/6/69/P_vip.svg/28px-P_vip.svg.png","//upload.wikimedia.org/wikipedia/commons/thumb/c/cb/United_States_Department_of_the_Navy_Seal.svg/28px-United_States_Department_of_the_Navy_Seal.svg.png","//bits.wikimedia.org/static-1.21wmf11/skins/vector/images/search-ltr.png?303-4","//bits.wikimedia.org/images/wikimedia-button.png","//bits.wikimedia.org/static-1.21wmf11/skins/common/images/poweredby_mediawiki_88x31.png"],"tags":[],"members":[],"related":["Germany","Portsmouth,_Virginia","United_States_Navy","Spanish–American_War","Medal_of_Honor","United_States","Sailor","United_States_Navy","Spanish–American_War","Medal_of_Honor","Germany","United_States_Army_Center_of_Military_History","List_of_Medal_of_Honor_recipients_for_the_Spanish–American_War","United_States_Navy","Medal_of_Honor","Germany"]}