{"cursor":"10445","size":15,"audio":[],"currentlang":"en","article":"{{Infobox mountain range\n| name =Santa Catalina Mountains photo =Catalinas_5750.jpg photo_size =300\n| photo_caption =Santa Catalina Mountains seen from the east side of the city of\n| Tucson, Arizona country =United States\n|country_flag=1\n| state =Arizona region =American Southwest, (northeast)-Sonoran Desert\n| region1 = district_type =Counties district =Pima district1 =Pinal district2 =\n| district3 = district4 = city_type =Communities city =Tucson city1 =Oro Valley\n| city2 =Catalina city3 =Catalina Foothills city4 =Tanque Verde city5\n| =Summerhaven city6 =Oracle unit =Madrean Sky Islands unit1 = border = border1\n| = geology =Intrusive igneous rock (granite) geology1 = period =Laramide\n| Igneous Rock period1 =Precambrian orogeny = orogeny1 = area_km2 = length_mi\n| =18 length_orientation =E-W width_mi =14 width_orientation = highest =Mount\n| Lemmon highest location =N of Summerhaven highest_country = highest_state =\n| highest_region = highest_district = elevation_ft =9157 lat_d =32.443 lat_m =\n| lat_s = lat_NS =N long_d =110.788 long_m = long_s = long_EW =W map = map_size\n| = map_caption = map_first =\n}} The 'Santa Catalina Mountains', commonly referred to as the 'Catalina\nMountains' or the 'Catalinas', are located north, and northeast of Tucson,\nArizona, United States, on Tucson's north perimeter. The mountain range is the\nmost prominent in the Tucson area, with the highest average elevation. The\nhighest point in the Catalinas is Mount Lemmon at an elevation of 9,157 feet\nabove sea level and receives 180 inches of snow annually.\n\nOriginally known by the Tohono O'odham nation as Babad\nDo'ag, [http://www.arizonahandbook.com/catalina.htm Santa Catalina\nMountains, Moon Handbooks: Arizona.] Retrieved 2010-03-12 the Catalinas\nwere later named by Italian Jesuit priest Eusebio Francisco Kino in honor of St.\nCatherine in 1697.\n\nThe Catalinas are part of the Santa Catalina Ranger District located in the\nCoronado National Forest, and also include the Pusch Ridge Wilderness Area. The\nmountain range is considered a prominent range in the Madrean sky islands, and\npartially delimits the mountain ranges in the northwest of the sky island\nregion; lower elevation bajadas associated with the Santa Cruz River Valley\nspread northwestwards towards Phoenix.\n\nThe Catalinas are a significant focus of recreational activity, with areas such\nas Sabino Canyon providing streams and perennial pools for visitors, by road\naccess; Sabino Canyon is also a dayhiking access point. Catalina State Park in\nthe western foothills of the Catalinas attracts visitors for its hiking\nopportunities and permanent pools in Romero Canyon. The village of Summerhaven\non Mount Lemmon serves as a popular summer retreat from the heat of Arizona's\nlower deserts. Mount Lemmon Ski Valley is also notable as it is the southernmost\nski destination in the United States.\n\nOther mountain ranges surrounding the Santa Cruz Valley include the Santa Rita\nMountains, the Rincon Mountains, the Tucson Mountains, and the Tortolita\nMountains.\n","linknr":247,"url":"Santa_Catalina_Mountains","recorded":1364121313,"links":["/w/index.php?title=Santa_Catalina_Mountains&action=edit","/w/index.php?title=Santa_Catalina_Mountains&action=edit","//en.wikipedia.org/apple-touch-icon.png","//bits.wikimedia.org/favicon/wikipedia.ico","/w/opensearch_desc.php","//en.wikipedia.org/w/api.php?action=rsd","//creativecommons.org/licenses/by-sa/3.0/","/w/index.php?title=Special:RecentChanges&feed=atom","//bits.wikimedia.org/en.wikipedia.org/load.php?debug=false&lang=en&modules=ext.gadget.DRN-wizard%2CReferenceTooltips%2Ccharinsert%2Cteahouse%7Cext.wikihiero%7Cmediawiki.legacy.commonPrint%2Cshared%7Cmw.PopUpMediaTransform%7Cskins.vector&only=styles&skin=vector&*","//bits.wikimedia.org/en.wikipedia.org/load.php?debug=false&lang=en&modules=site&only=styles&skin=vector&*","//bits.wikimedia.org/en.wikipedia.org/load.php?debug=false&lang=en&modules=startup&only=scripts&skin=vector&*","//bits.wikimedia.org/geoiplookup","//meta.wikimedia.org","#mw-head","#p-search","/wiki/File:Catalinas_5750.jpg","//upload.wikimedia.org/wikipedia/commons/thumb/d/da/Catalinas_5750.jpg/300px-Catalinas_5750.jpg","/wiki/Mount_Lemmon","/wiki/Summit_(topography)","/wiki/Geographic_coordinate_system","http://toolserver.org/~geohack/geohack.php?pagename=Santa_Catalina_Mountains&params=32.443_N_110.788_W_type:mountain_dim:14km_","/wiki/Geographic_coordinate_system","http://toolserver.org/~geohack/geohack.php?pagename=Santa_Catalina_Mountains&params=32.443_N_110.788_W_type:mountain_dim:14km_","/wiki/Arizona","/wiki/Southwestern_U.S.","/wiki/Sonoran_Desert","/wiki/County_(US)","/wiki/Pima_County,_Arizona","/wiki/Pinal_County,_Arizona","/wiki/Tucson,_Arizona","/wiki/Oro_Valley,_Arizona","/wiki/Catalina,_Arizona","/wiki/Catalina_Foothills,_Arizona","/wiki/Tanque_Verde,_Arizona","/wiki/Summerhaven,_Arizona","/wiki/Oracle,_Arizona","/wiki/Geologic_time_scale","/wiki/Precambrian","/wiki/Intrusive_igneous_rock","/wiki/Tucson","/wiki/Arizona","/wiki/Southwestern_United_States","/wiki/Tucson","/wiki/Mount_Lemmon","/wiki/Snow","/wiki/Tohono_O%27odham","#cite_note-1","/wiki/Italy","/wiki/Jesuit","/wiki/Priest","/wiki/Eusebio_Francisco_Kino","/wiki/Catherine_of_Alexandria","#cite_note-books.google.com-2","/wiki/Santa_Catalina_Ranger_District","/wiki/Coronado_National_Forest","/wiki/Pusch_Ridge_Wilderness_Area","/wiki/Madrean_sky_islands","/wiki/Sky_island","/wiki/Bajada_(geography)","/wiki/Santa_Cruz_River_(Arizona)","/wiki/Phoenix,_Arizona","/wiki/Sabino_Canyon","/wiki/Hiking","/wiki/Catalina_State_Park","/wiki/Romero_Canyon","/wiki/Summerhaven,_Arizona","/wiki/Mount_Lemmon","/wiki/Arizona","/wiki/Mount_Lemmon_Ski_Valley","/wiki/Ski","/wiki/United_States","/wiki/Santa_Rita_Mountains","/wiki/Rincon_Mountains","/wiki/Tucson_Mountains","/wiki/Tortolita_Mountains","#Naming_of_the_Santa_Catalina_Mountains","#Creating_a_National_Forest","#Notable_sites_and_areas","#Mountains_and_ridges","#Canyons","#Other","#Miscellaneous_facts","#Gallery","#References","#External_links","/w/index.php?title=Santa_Catalina_Mountains&action=edit&section=1","#cite_note-3","#cite_note-4","#cite_note-5","#cite_note-6","/wiki/General_Land_Office","/wiki/Santa_Catalina_National_Forest","#cite_note-7","/wiki/Catherine_of_Alexandria","/w/index.php?title=Santa_Catalina_Mountains&action=edit&section=2","/wiki/Gadsden_Purchase","/wiki/Arizona_Territory","#cite_note-books.google.com-2","/wiki/U.S._Congress","/wiki/Forest_Reserve_Act_of_1891","#cite_note-books.google.com-2","/wiki/National_Forest_Service","/wiki/Santa_Catalina_National_Forest","#cite_note-8","/wiki/Coronado_National_Forest","/wiki/File:Catalina-panorama.jpg","//upload.wikimedia.org/wikipedia/commons/thumb/c/c8/Catalina-panorama.jpg/800px-Catalina-panorama.jpg","/wiki/File:Catalina-panorama.jpg","//upload.wikimedia.org/wikipedia/commons/6/6b/Magnify-clip.png","/w/index.php?title=Santa_Catalina_Mountains&action=edit&section=3","/w/index.php?title=Santa_Catalina_Mountains&action=edit&section=4","/wiki/Mount_Lemmon","/wiki/Pusch_Ridge","/wiki/Thimble_Peak","/w/index.php?title=Santa_Catalina_Mountains&action=edit&section=5","/wiki/Bear_Canyon","/wiki/Mount_Lemmon","/wiki/Pima_Canyon","/wiki/Pusch_Ridge","/wiki/Romero_Canyon","/wiki/Catalina_State_Park","/wiki/Sabino_Canyon","/w/index.php?title=Santa_Catalina_Mountains&action=edit&section=6","/wiki/Rose_Canyon_Lake","/wiki/Catalina_Highway","/wiki/Catalina_State_Park","/wiki/Pusch_Ridge_Wilderness_Area","/wiki/Redington_Pass","/wiki/Summerhaven,_Arizona","/wiki/Tanque_Verde_Falls","/wiki/Peppersauce_Cave","/w/index.php?title=Santa_Catalina_Mountains&action=edit&section=7","/wiki/Mount_Wrightson","/wiki/Santa_Rita_Mountains","/wiki/List_of_butterflies_and_moths_of_Arizona","/wiki/Sara_Lemmon","/wiki/Wikipedia:Citation_needed","/wiki/Asa_Gray","/wiki/Harvard","/w/index.php?title=Santa_Catalina_Mountains&action=edit&section=8","/wiki/File:SkyIslands_from_SantaCatalinaMtns.JPG","//upload.wikimedia.org/wikipedia/commons/thumb/a/a0/SkyIslands_from_SantaCatalinaMtns.JPG/120px-SkyIslands_from_SantaCatalinaMtns.JPG","/wiki/File:Catalina_hwy_062005.jpg","//upload.wikimedia.org/wikipedia/en/thumb/6/6a/Catalina_hwy_062005.jpg/120px-Catalina_hwy_062005.jpg","/wiki/Catalina_Highway","/wiki/File:Oracle_AZ_Mt_Lemmon.JPG","//upload.wikimedia.org/wikipedia/en/thumb/0/0c/Oracle_AZ_Mt_Lemmon.JPG/120px-Oracle_AZ_Mt_Lemmon.JPG","/wiki/File:Catalinastateparkbyandruvalpy.jpg","//upload.wikimedia.org/wikipedia/en/thumb/3/31/Catalinastateparkbyandruvalpy.jpg/120px-Catalinastateparkbyandruvalpy.jpg","/wiki/Catalina_State_Park","/wiki/Oro_Valley,_Arizona","/wiki/File:Precarious_pillar,_Catalina_hwy.jpg","//upload.wikimedia.org/wikipedia/commons/thumb/5/5a/Precarious_pillar%2C_Catalina_hwy.jpg/90px-Precarious_pillar%2C_Catalina_hwy.jpg","/wiki/Hoodoo_(geology)","/wiki/File:Rose_Canyon_Lake.jpg","//upload.wikimedia.org/wikipedia/commons/thumb/7/77/Rose_Canyon_Lake.jpg/120px-Rose_Canyon_Lake.jpg","/w/index.php?title=Santa_Catalina_Mountains&action=edit&section=9","#cite_ref-1","http://www.arizonahandbook.com/catalina.htm","#cite_ref-books.google.com_2-0","#cite_ref-books.google.com_2-1","#cite_ref-books.google.com_2-2","http://books.google.com/?id=9dk8xmgrw70C&pg=PA99&lpg=PA99&dq=%22santa+catarina+mountains%22","/wiki/International_Standard_Book_Number","/wiki/Special:BookSources/978-0-87108-935-9","#cite_ref-3","http://www.davidrumsey.com/detail?id=1-1-2475-250030&name=Die+Vereinigten+Staaten+Von+Nord-Amerika+In+6+Blattern","#cite_ref-4","http://www.davidrumsey.com/detail?id=1-1-30595-1140122&name=Arizona,+New+Mexico","#cite_ref-5","http://geography.about.com/gi/dynamic/offsite.htm?site=http://fermi.jhuapl.edu/states/az%5F0.html","#cite_ref-6","http://alabamamaps.ua.edu/historicalmaps/us_states/arizona/index.html","#cite_ref-7","http://www.foresthistory.org/ASPNET/places/National%20Forests%20of%20the%20U.S.pdf","#cite_ref-8","http://www.foresthistory.org/ASPNET/Places/National%20Forests%20of%20the%20U.S.pdf","/w/index.php?title=Santa_Catalina_Mountains&action=edit&section=10","http://www.foresthistory.org/","http://www.foresthistory.org/ASPNET/Places/National%20Forests%20of%20the%20U.S.pdf","/wiki/Forest_History_Society","http://www.fs.fed.us/r3/coronado/","http://en.wikipedia.org/w/index.php?title=Santa_Catalina_Mountains&oldid=541112760","/wiki/Help:Categories","/wiki/Category:Madrean_Sky_Islands_mountain_ranges","/wiki/Category:Mountain_ranges_of_Arizona","/wiki/Category:Mountain_ranges_of_Pima_County,_Arizona","/wiki/Category:Mountain_ranges_of_Pinal_County,_Arizona","/wiki/Category:Santa_Catalina_Mountains","/wiki/Category:Coronado_National_Forest","/wiki/Category:All_articles_with_unsourced_statements","/wiki/Category:Articles_with_unsourced_statements_from_April_2012","/w/index.php?title=Special:UserLogin&returnto=Santa+Catalina+Mountains&type=signup","/w/index.php?title=Special:UserLogin&returnto=Santa+Catalina+Mountains","/wiki/Santa_Catalina_Mountains","/wiki/Talk:Santa_Catalina_Mountains","#","/wiki/Santa_Catalina_Mountains","/w/index.php?title=Santa_Catalina_Mountains&action=edit","/w/index.php?title=Santa_Catalina_Mountains&action=history","#","/w/index.php","//bits.wikimedia.org/static-1.21wmf11/skins/vector/images/search-ltr.png?303-4","/wiki/Main_Page","/wiki/Main_Page","/wiki/Portal:Contents","/wiki/Portal:Featured_content","/wiki/Portal:Current_events","/wiki/Special:Random","//donate.wikimedia.org/wiki/Special:FundraiserRedirector?utm_source=donate&utm_medium=sidebar&utm_campaign=C13_en.wikipedia.org&uselang=en","/wiki/Help:Contents","/wiki/Wikipedia:About","/wiki/Wikipedia:Community_portal","/wiki/Special:RecentChanges","/wiki/Wikipedia:Contact_us","/wiki/Special:WhatLinksHere/Santa_Catalina_Mountains","/wiki/Special:RecentChangesLinked/Santa_Catalina_Mountains","/wiki/Wikipedia:File_Upload_Wizard","/wiki/Special:SpecialPages","/w/index.php?title=Santa_Catalina_Mountains&oldid=541112760","/w/index.php?title=Santa_Catalina_Mountains&action=info","/w/index.php?title=Special:Cite&page=Santa_Catalina_Mountains&id=541112760","/w/index.php?title=Special:Book&bookcmd=book_creator&referer=Santa+Catalina+Mountains","/w/index.php?title=Special:Book&bookcmd=render_article&arttitle=Santa+Catalina+Mountains&oldid=541112760&writer=rl","/w/index.php?title=Santa_Catalina_Mountains&printable=yes","//de.wikipedia.org/wiki/Santa_Catalina_Mountains","//es.wikipedia.org/wiki/Sierra_de_Santa_Catalina","//fr.wikipedia.org/wiki/Monts_Santa_Catalina","//ko.wikipedia.org/wiki/%EC%83%8C%ED%83%80%EC%B9%B4%ED%83%88%EB%A6%AC%EB%82%98_%EC%82%B0%EB%A7%A5","//he.wikipedia.org/wiki/%D7%94%D7%A8%D7%99_%D7%A1%D7%A0%D7%98%D7%94_%D7%A7%D7%98%D7%9C%D7%99%D7%A0%D7%94","//nl.wikipedia.org/wiki/Santa_Catalinagebergte","//www.wikidata.org/wiki/Special:ItemByTitle/enwiki/Santa Catalina Mountains","//en.wikipedia.org/wiki/Wikipedia:Text_of_Creative_Commons_Attribution-ShareAlike_3.0_Unported_License","//creativecommons.org/licenses/by-sa/3.0/","//wikimediafoundation.org/wiki/Terms_of_Use","//www.wikimediafoundation.org/","//en.wikipedia.org/wiki/Wikipedia:Contact_us","//wikimediafoundation.org/wiki/Privacy_policy","/wiki/Wikipedia:About","/wiki/Wikipedia:General_disclaimer","http://en.m.wikipedia.org/wiki/Santa_Catalina_Mountains","//wikimediafoundation.org/","//bits.wikimedia.org/images/wikimedia-button.png","//www.mediawiki.org/","//bits.wikimedia.org/static-1.21wmf11/skins/common/images/poweredby_mediawiki_88x31.png","//bits.wikimedia.org/en.wikipedia.org/load.php?debug=false&lang=en&modules=skins.vector&only=scripts&skin=vector&*","/w/index.php?title=MediaWiki:Gadget-ReferenceTooltips.js&action=raw&ctype=text/javascript&508635914","//bits.wikimedia.org/en.wikipedia.org/load.php?debug=false&lang=en&modules=site&only=scripts&skin=vector&*"],"instances":["arizona","geography","us","geology"],"pdf":["http://www.foresthistory.org/ASPNET/places/National%20Forests%20of%20the%20U.S.pdf","http://www.foresthistory.org/ASPNET/Places/National%20Forests%20of%20the%20U.S.pdf","http://www.foresthistory.org/ASPNET/Places/National%20Forests%20of%20the%20U.S.pdf"],"categories":["Madrean Sky Islands mountain ranges","Mountain ranges of Arizona","Mountain ranges of Pima County, Arizona","Mountain ranges of Pinal County, Arizona","Santa Catalina Mountains|","Coronado National Forest"],"headings":["Naming of the Santa Catalina Mountains","Creating a National Forest","Notable sites and areas","Miscellaneous facts","Gallery","References","External links"],"image":["//upload.wikimedia.org/wikipedia/commons/thumb/d/da/Catalinas_5750.jpg/300px-Catalinas_5750.jpg","//upload.wikimedia.org/wikipedia/commons/thumb/c/c8/Catalina-panorama.jpg/800px-Catalina-panorama.jpg","//upload.wikimedia.org/wikipedia/commons/6/6b/Magnify-clip.png","//upload.wikimedia.org/wikipedia/commons/thumb/a/a0/SkyIslands_from_SantaCatalinaMtns.JPG/120px-SkyIslands_from_SantaCatalinaMtns.JPG","//upload.wikimedia.org/wikipedia/en/thumb/6/6a/Catalina_hwy_062005.jpg/120px-Catalina_hwy_062005.jpg","//upload.wikimedia.org/wikipedia/en/thumb/0/0c/Oracle_AZ_Mt_Lemmon.JPG/120px-Oracle_AZ_Mt_Lemmon.JPG","//upload.wikimedia.org/wikipedia/en/thumb/3/31/Catalinastateparkbyandruvalpy.jpg/120px-Catalinastateparkbyandruvalpy.jpg","//upload.wikimedia.org/wikipedia/commons/thumb/5/5a/Precarious_pillar%2C_Catalina_hwy.jpg/90px-Precarious_pillar%2C_Catalina_hwy.jpg","//upload.wikimedia.org/wikipedia/commons/thumb/7/77/Rose_Canyon_Lake.jpg/120px-Rose_Canyon_Lake.jpg","//bits.wikimedia.org/static-1.21wmf11/skins/vector/images/search-ltr.png?303-4","//bits.wikimedia.org/images/wikimedia-button.png","//bits.wikimedia.org/static-1.21wmf11/skins/common/images/poweredby_mediawiki_88x31.png"],"tags":[["county","us"],["bajada","geography"],["santa_cruz_river","arizona"],["hoodoo","geology"]],"members":["santa_cruz_river","bajada","county","hoodoo"],"related":["Arizona","Southwestern_U.S.","Sonoran_Desert","County_(US)","Pima_County,_Arizona","Pinal_County,_Arizona","Tucson,_Arizona","Oro_Valley,_Arizona","Catalina,_Arizona","Catalina_Foothills,_Arizona","Tanque_Verde,_Arizona","Summerhaven,_Arizona","Oracle,_Arizona","Madrean_Sky_Islands","Intrusive_igneous_rock","Precambrian","Mount_Lemmon","Summerhaven,_Arizona","Tucson","Arizona","Southwestern_United_States","Tucson","Mount_Lemmon","Snow","Tohono_O'odham","Italy","Jesuit","Priest","Eusebio_Francisco_Kino","Catherine_of_Alexandria","Santa_Catalina_Ranger_District","Coronado_National_Forest","Pusch_Ridge_Wilderness_Area","Madrean_sky_islands","Sky_island","Bajada_(geography)","Santa_Cruz_River_(Arizona)","Phoenix,_Arizona","Sabino_Canyon","Hiking","Catalina_State_Park","Romero_Canyon","Summerhaven,_Arizona","Mount_Lemmon","Arizona","Mount_Lemmon_Ski_Valley","Ski","United_States","Santa_Rita_Mountains","Rincon_Mountains","Tucson_Mountains","Tortolita_Mountains","General_Land_Office","Santa_Catalina_National_Forest","Catherine_of_Alexandria","Gadsden_Purchase","Arizona_Territory","U.S._Congress","Forest_Reserve_Act_of_1891","National_Forest_Service","Santa_Catalina_National_Forest","Coronado_National_Forest","Mount_Lemmon","Pusch_Ridge","Thimble_Peak","Bear_Canyon","Mount_Lemmon","Pima_Canyon","Pusch_Ridge","Romero_Canyon","Catalina_State_Park","Sabino_Canyon","Rose_Canyon_Lake","Catalina_Highway","Catalina_State_Park","Pusch_Ridge_Wilderness_Area","Redington_Pass","Summerhaven,_Arizona","Tanque_Verde_Falls","Peppersauce_Cave","Mount_Wrightson","Santa_Rita_Mountains","List_of_butterflies_and_moths_of_Arizona","Sara_Lemmon","Asa_Gray","Harvard","Catalina_Highway","Catalina_State_Park","Oro_Valley,_Arizona","Hoodoo_(geology)","Forest_History_Society"]}