{"cursor":"104347","size":15,"audio":[],"currentlang":"en","article":"\n\n\n\n\n{{Infobox sport\n| image = New Zealand vs South Africa 2006 Tri Nations Line Out.JPG imagesize =\n| 300px caption = South African Victor Matfield takes a line-out against New\n| Zealand in 2006. union = International Rugby Board nickname = Rugby, Rugger,\n| Footy, Football, first = 1845 (first written laws) registered =\n| 4,504,188 clubs = 18,630 contact = Full contact team = 15 mgender = Separate\n| competitions category = Team sport, Outdoor equipment = Rugby ball venue =\n| olympic = Part of the Summer Olympic programme in 1900, 1908, 1920 and 1924 Rugby Sevens reinstated 2016\n}}\n\n'Rugby union', often referred to simply as 'rugby', is a full contact team sport\nwhich originated in England in the early 19th century. One of the two\ncodes of rugby football, it is based on running with the ball in hand. In its\nmost common form a game is contested between two teams of 15 players using an\noval-shaped ball on a field with H-shaped goalposts on each goal line.\n\nWilliam Webb Ellis is often credited with the invention of running with the ball\nin hand in 1823 at Rugby School when he allegedly caught the ball while playing\nfootball and ran towards the opposition goal. However, the evidence for the\nstory is doubtful. In 1845, the first football laws were written by Rugby School\npupils; other significant events in the early development of rugby include the\nBlackheath Club's decision to leave the Football Association in 1863 and the\nsplit between rugby union and rugby league in 1895. Historically an amateur\nsport, in 1995 the International Rugby Board (IRB) removed restrictions on\npayments to players, making the game openly professional at the highest level\nfor the first time.\n\nThe IRB has been the governing body for rugby union since its formation in 1886.\nRugby union spread from the Home Nations of Great Britain and Ireland, and was\nabsorbed by many of the countries associated with the British Empire. Early\nexponents of the sport included Australia, New Zealand and South Africa.\nCountries that have adopted rugby union as their de facto national sport include\nFiji, Georgia, New Zealand, Samoa, Tonga and Wales. Rugby union is played in\nover 100 countries across six continents and as of 27November2012, the IRB has\n100 full members and 18 associate members.\n\nThe Rugby World Cup, first held in 1987, takes place every four years, with the\nwinner of the tournament receiving the Webb Ellis Cup. The Six Nations\nChampionship in Europe and The Rugby Championship in the Southern Hemisphere\n(the latter replacing the Tri Nations) are major international competitions held\nannually. Major domestic competitions include the Top 14 in France, the English\nPremiership in England, the Currie Cup in South Africa, and the ITM Cup in New\nZealand. Other transnational competitions include the Pro 12, involving Irish,\nItalian, Scottish and Welsh teams; and the Heineken Cup, involving the top\nEuropean teams from their respective domestic competitions.\n","linknr":1960,"url":"Rugby_union","recorded":1364051510,"links":["/w/index.php?title=Rugby_union&action=edit","/w/index.php?title=Rugby_union&action=edit","//en.wikipedia.org/apple-touch-icon.png","//bits.wikimedia.org/favicon/wikipedia.ico","/w/opensearch_desc.php","//en.wikipedia.org/w/api.php?action=rsd","//creativecommons.org/licenses/by-sa/3.0/","/w/index.php?title=Special:RecentChanges&feed=atom","//bits.wikimedia.org/en.wikipedia.org/load.php?debug=false&lang=en&modules=ext.gadget.DRN-wizard%2CReferenceTooltips%2Ccharinsert%2Cteahouse%7Cext.wikihiero%7Cmediawiki.legacy.commonPrint%2Cshared%7Cmw.PopUpMediaTransform%7Cskins.vector&only=styles&skin=vector&*","//bits.wikimedia.org/en.wikipedia.org/load.php?debug=false&lang=en&modules=site&only=styles&skin=vector&*","//bits.wikimedia.org/en.wikipedia.org/load.php?debug=false&lang=en&modules=startup&only=scripts&skin=vector&*","//bits.wikimedia.org/geoiplookup","//meta.wikimedia.org","#mw-head","#p-search","/wiki/Rugby_union_gameplay","/wiki/Wikipedia:Good_articles","//upload.wikimedia.org/wikipedia/en/thumb/9/94/Symbol_support_vote.svg/15px-Symbol_support_vote.svg.png","/wiki/File:New_Zealand_vs_South_Africa_2006_Tri_Nations_Line_Out.JPG","//upload.wikimedia.org/wikipedia/commons/thumb/b/b7/New_Zealand_vs_South_Africa_2006_Tri_Nations_Line_Out.JPG/300px-New_Zealand_vs_South_Africa_2006_Tri_Nations_Line_Out.JPG","/wiki/Victor_Matfield","/wiki/Sport_governing_body","/wiki/International_Rugby_Board","#cite_note-1","/wiki/Contact_sport#Full-contact","/wiki/Team_sport","/wiki/Football_(ball)#Rugby_union","/wiki/Olympic_Games","/wiki/Rugby_Sevens","/wiki/2016_Summer_Olympics","/wiki/Contact_sport#Full-contact","#cite_note-2","/wiki/Comparison_of_rugby_league_and_rugby_union","/wiki/Rugby_football","/wiki/Rugby_ball","/wiki/William_Webb_Ellis","/wiki/Rugby_School","/wiki/Blackheath_F.C.","/wiki/The_Football_Association","/wiki/Rugby_league","/wiki/International_Rugby_Board","/wiki/Home_Nations","/wiki/Rugby_World_Cup","/wiki/Webb_Ellis_Cup","/wiki/Six_Nations_Championship","/wiki/The_Rugby_Championship","/wiki/Top_14","/wiki/English_Premiership_(rugby_union)","/wiki/Currie_Cup","/wiki/ITM_Cup","/wiki/Pro_12","/wiki/Heineken_Cup","#History","#Teams_and_positions","#Forwards","#Backs","#Laws","#Scoring","#Playing_field","#Match_structure","#Passing_and_kicking","#Breakdowns","#Set_pieces","#Lineout","#Scrum","#Officials_and_offences","#Replacements_and_substitutions","#Equipment","#Governing_bodies","#Global_reach","#Oceania","#North_America_and_Caribbean","#Europe","#South_America","#Asia","#Africa","#Women.27s_rugby_union","#Major_international_competitions","#Rugby_tours","#Rugby_within_international_tournaments","#Women.27s_international_rugby","#Variants","#Influence_on_other_sports","#Statistics_and_records","#In_culture","#See_also","#Footnotes","#Printed_sources","#Electronic_sources","#External_links","/w/index.php?title=Rugby_union&action=edit&section=1","/wiki/History_of_rugby_union","/wiki/File:Rugby_School_850.jpg","//upload.wikimedia.org/wikipedia/commons/thumb/6/66/Rugby_School_850.jpg/220px-Rugby_School_850.jpg","/wiki/File:Rugby_School_850.jpg","//bits.wikimedia.org/static-1.21wmf11/skins/common/images/magnify-clip.png","/wiki/Rugby_School","/wiki/Rugby,_Warwickshire","/wiki/English_public_school_football_games","/wiki/William_Webb-Ellis","#cite_note-3","#cite_note-4","/wiki/Commemorative_plaque","#cite_note-5","/wiki/Webb_Ellis_Cup","/wiki/English_public_school_football_games","/wiki/Albert_Pell","/wiki/Cambridge_University","#cite_note-Marshall13-6","/wiki/Eton_College","#cite_note-Marshall13-14-7","#cite_note-8","/wiki/Cambridge_Rules","#cite_note-9","#cite_note-Godwin10-10","#cite_note-11","/wiki/Rugby_Football_Union","#cite_note-Godwin10-10","/wiki/History_of_rugby_league#The_schism_in_England","/wiki/Rugby_league","#cite_note-12","#cite_note-13","#cite_note-14","/wiki/1871_England_versus_Scotland_rugby_union_match","#cite_note-Godwin10-10","/wiki/Six_Nations_Championship","/wiki/Rugby_sevens","/wiki/Melrose_Sevens","#cite_note-Godwin12-15","/wiki/1888_British_Lions_tour_to_New_Zealand_and_Australia","/wiki/British_and_Irish_Lions","#cite_note-16","/wiki/1888%E2%80%931889_New_Zealand_Native_football_team","#cite_note-17","/wiki/File:King_George_V_presents_a_cup_to_the_captain_of_the_winning_New_Zealand_Services_Rugby_Team,_London.jpeg","//upload.wikimedia.org/wikipedia/commons/thumb/6/63/King_George_V_presents_a_cup_to_the_captain_of_the_winning_New_Zealand_Services_Rugby_Team%2C_London.jpeg/220px-King_George_V_presents_a_cup_to_the_captain_of_the_winning_New_Zealand_Services_Rugby_Team%2C_London.jpeg","/wiki/File:King_George_V_presents_a_cup_to_the_captain_of_the_winning_New_Zealand_Services_Rugby_Team,_London.jpeg","//bits.wikimedia.org/static-1.21wmf11/skins/common/images/magnify-clip.png","/wiki/James_Ryan_(rugby_union_player_born_1887)","/wiki/The_Original_All_Blacks","/wiki/1906-07_South_Africa_rugby_union_tour","/wiki/1908-09_Australia_rugby_union_tour_of_Britain","#cite_note-Godwin.2C_p18-18","#cite_note-19","/wiki/Ka_Mate","/wiki/Tom_Williams_(Welsh_rugby_player)","/wiki/Teddy_Morgan","/wiki/Hen_Wlad_Fy_Nhadau","#cite_note-20","#cite_note-Godwin.2C_p18-18","/wiki/New_Zealand_Army_rugby_team_of_1919","#cite_note-21","#cite_note-22","#cite_note-23","#cite_note-24","/wiki/Cambridge_University_R.U.F.C.","/wiki/Oxford_University_RFC","/wiki/The_Varsity_Match","#cite_note-25","/wiki/Scottish_Rugby_Union","#cite_note-26","/wiki/Commonwealth_Rugby_Sevens_Championships","#cite_note-I.O.C._Decision-27","#cite_note-Stubbs3-28","#cite_note-29","/wiki/Shamateurism","#cite_note-30","#cite_note-31","#cite_note-32","/wiki/Heineken_Cup","/wiki/Super_Rugby","#cite_note-historymain-33","#cite_note-Gaynor-34","/wiki/Tri_Nations_(rugby_union)","#cite_note-Gaynor-34","/w/index.php?title=Rugby_union&action=edit&section=2","/wiki/Rugby_union_positions","/wiki/File:Rugby_Union_Formation.svg","//upload.wikimedia.org/wikipedia/commons/thumb/0/0b/Rugby_Union_Formation.svg/220px-Rugby_Union_Formation.svg.png","/wiki/File:Rugby_Union_Formation.svg","//bits.wikimedia.org/static-1.21wmf11/skins/common/images/magnify-clip.png","#cite_note-Law3-35","/wiki/Rugby_union_positions#Forwards","/wiki/Rugby_league","/wiki/Rugby_union_positions#Backs","#cite_note-IRB_BGRU_6-36","/w/index.php?title=Rugby_union&action=edit&section=3","#cite_note-talkrugby-37","#cite_note-talkrugby-37","#cite_note-Glossary-38","#cite_note-IRB_BGRU_6-36","#cite_note-39","#cite_note-IRB_BGRU_6-36","#cite_note-IRB_BGRU_6-36","/wiki/File:Chabal_Rugby_Racing_vs_Stade_Toulousain_311009.jpg","//upload.wikimedia.org/wikipedia/commons/thumb/3/3e/Chabal_Rugby_Racing_vs_Stade_Toulousain_311009.jpg/220px-Chabal_Rugby_Racing_vs_Stade_Toulousain_311009.jpg","/wiki/File:Chabal_Rugby_Racing_vs_Stade_Toulousain_311009.jpg","//bits.wikimedia.org/static-1.21wmf11/skins/common/images/magnify-clip.png","/wiki/S%C3%A9bastien_Chabal","#cite_note-Glossary-38","#cite_note-IRB_BGRU_6-36","#cite_note-IRB_BGRU_7-40","/w/index.php?title=Rugby_union&action=edit&section=4","#cite_note-talkrugby-37","#cite_note-talkrugby-37","#cite_note-IRB_BGRU_7-40","#cite_note-IRB_BGRU_7-40","#cite_note-IRB_BGRU_7-40","#cite_note-IRB_BGRU_8-41","#cite_note-42","#cite_note-IRB_BGRU_7-40","#cite_note-43","#cite_note-44","#cite_note-IRB_BGRU_7-40","#cite_note-MacDonald-45","/w/index.php?title=Rugby_union&action=edit&section=5","/wiki/Rugby_union_laws","/wiki/Rugby_union_gameplay","/wiki/File:RugbyPitchMetricDetailed.svg","//upload.wikimedia.org/wikipedia/commons/thumb/a/ac/RugbyPitchMetricDetailed.svg/300px-RugbyPitchMetricDetailed.svg.png","/wiki/File:RugbyPitchMetricDetailed.svg","//bits.wikimedia.org/static-1.21wmf11/skins/common/images/magnify-clip.png","/w/index.php?title=Rugby_union&action=edit&section=6","/wiki/Try","/wiki/Drop_goal","#cite_note-46","#cite_note-47","/w/index.php?title=Rugby_union&action=edit&section=7","#cite_note-pitch_size-48","#cite_note-pitch_size-48","#cite_note-pitch_size-48","#cite_note-49","/wiki/Imperial_units","/wiki/Metric_system","#cite_note-50","#cite_note-51","/w/index.php?title=Rugby_union&action=edit&section=8","/wiki/Playing_rugby_union#Ruck","#cite_note-Midgley-52","/wiki/Half-time","#cite_note-IRBLaw5-53","#cite_note-IRBLaw5-53","#cite_note-IRBLaw5-53","#cite_note-IRBLaw5-53","#cite_note-54","/w/index.php?title=Rugby_union&action=edit&section=9","#cite_note-irblaws12-55","/wiki/Playing_rugby_union#Maul","#cite_note-irblaws12-55","/wiki/Touch_(rugby)","#cite_note-irblaws12-55","#cite_note-56","/w/index.php?title=Rugby_union&action=edit&section=10","/wiki/File:Tackle.JPG","//upload.wikimedia.org/wikipedia/commons/thumb/c/c9/Tackle.JPG/220px-Tackle.JPG","/wiki/File:Tackle.JPG","//bits.wikimedia.org/static-1.21wmf11/skins/common/images/magnify-clip.png","#cite_note-57","/wiki/Ankle_tap","#cite_note-58","#cite_note-59","#cite_note-Glossary-38","#cite_note-Glossary-38","/w/index.php?title=Rugby_union&action=edit&section=11","/wiki/File:Ireland_vs_Georgia,_Rugby_World_Cup_2007_line_up.jpg","//upload.wikimedia.org/wikipedia/commons/thumb/7/72/Ireland_vs_Georgia%2C_Rugby_World_Cup_2007_line_up.jpg/220px-Ireland_vs_Georgia%2C_Rugby_World_Cup_2007_line_up.jpg","/wiki/File:Ireland_vs_Georgia,_Rugby_World_Cup_2007_line_up.jpg","//bits.wikimedia.org/static-1.21wmf11/skins/common/images/magnify-clip.png","/wiki/Ireland_national_rugby_union_team","/wiki/Georgia_national_rugby_union_team","/wiki/2007_Rugby_World_Cup","/w/index.php?title=Rugby_union&action=edit&section=12","/wiki/Line-out_(rugby_union)","/wiki/Line-out_(rugby_union)","#cite_note-irblaws19-60","#cite_note-irblaws19-60","/wiki/Hooker_(rugby_union)","#cite_note-irblaws19-60","#cite_note-irblaws19-60","#cite_note-61","#cite_note-62","/w/index.php?title=Rugby_union&action=edit&section=13","/wiki/Scrum_(rugby_union)","/wiki/File:Scrum-1.JPG","//upload.wikimedia.org/wikipedia/commons/thumb/b/bd/Scrum-1.JPG/220px-Scrum-1.JPG","/wiki/File:Scrum-1.JPG","//bits.wikimedia.org/static-1.21wmf11/skins/common/images/magnify-clip.png","/wiki/Scrum_(rugby)","#cite_note-irblaws20-63","/wiki/Offside_(rugby)#Rugby_union","#cite_note-irblaws20-63","#cite_note-irblaws20-63","#cite_note-irblaws20-63","#cite_note-FormingScrum-64","#cite_note-irblaws20-63","#cite_note-irblaws20-63","#cite_note-irblaws20-63","/w/index.php?title=Rugby_union&action=edit&section=14","#cite_note-IRBLaw6-65","#cite_note-IRBLaw6-65","#cite_note-66","#cite_note-67","#cite_note-Law10-68","#cite_note-Law10-68","/wiki/Penalty_card#Red_card","/wiki/Penalty_card#Yellow_card","#cite_note-Law10-68","/wiki/Citing_commissioner","#cite_note-69","/w/index.php?title=Rugby_union&action=edit&section=15","#cite_note-Law3-35","#cite_note-Law3-35","#cite_note-Uncontested-70","/w/index.php?title=Rugby_union&action=edit&section=16","/wiki/File:Rugbyball2.jpg","//upload.wikimedia.org/wikipedia/commons/thumb/6/6e/Rugbyball2.jpg/220px-Rugbyball2.jpg","/wiki/File:Rugbyball2.jpg","//bits.wikimedia.org/static-1.21wmf11/skins/common/images/magnify-clip.png","/wiki/Rugby_union_equipment","/wiki/Rugby_shorts","/wiki/Prolate_spheroid","#cite_note-IRBLaw2-71","#cite_note-IRBLaw2-71","#cite_note-72","/wiki/Mouthguard","#cite_note-73","/wiki/Scrum_cap","/wiki/Shin_guard","#cite_note-dress-74","#cite_note-dress-74","#cite_note-dress-74","#cite_note-75","/w/index.php?title=Rugby_union&action=edit&section=17","/wiki/International_Rugby_Board","/wiki/Timeline_of_foundation_of_national_rugby_unions","/wiki/File:IRB_member_unions_and_associates.svg","//upload.wikimedia.org/wikipedia/commons/thumb/3/33/IRB_member_unions_and_associates.svg/350px-IRB_member_unions_and_associates.svg.png","/wiki/File:IRB_member_unions_and_associates.svg","//bits.wikimedia.org/static-1.21wmf11/skins/common/images/magnify-clip.png","#cite_note-IRB_Organisation-76","/wiki/Dublin","#cite_note-IRB_Organisation-76","/wiki/IRB_World_Rankings","#cite_note-IRB_Organisation-76","#cite_note-77","#cite_note-IRB_Organisation-76","/wiki/Rugby_World_Cup","#cite_note-IRB_Organisation-76","/wiki/Women%27s_Rugby_World_Cup","#cite_note-78","/wiki/Rugby_World_Cup_Sevens","#cite_note-79","/wiki/IRB_Sevens_World_Series","#cite_note-80","/wiki/IRB_Junior_World_Championship","#cite_note-81","/wiki/IRB_Junior_World_Rugby_Trophy","#cite_note-82","/wiki/IRB_Nations_Cup","#cite_note-83","/wiki/Pacific_Nations_Cup","#cite_note-84","/wiki/Confederation_of_African_Rugby","#cite_note-85","/wiki/Asian_Rugby_Football_Union","#cite_note-86","/wiki/North_American_and_Caribbean_Rugby_Association","#cite_note-87","/wiki/FIRA_-_Association_of_European_Rugby","#cite_note-FIRA-88","/wiki/Federation_of_Oceania_Rugby_Unions","#cite_note-89","/wiki/Confederaci%C3%B3n_Sudamericana_de_Rugby","#cite_note-90","/wiki/SANZAR","/wiki/South_African_Rugby_Union","/wiki/New_Zealand_Rugby_Union","/wiki/Australian_Rugby_Union","/wiki/Super_Rugby","/wiki/The_Rugby_Championship","#cite_note-91","/wiki/Argentine_Rugby_Union","#cite_note-92","/wiki/Scottish_Rugby_Union","/wiki/Irish_Rugby_Union","/wiki/Welsh_Rugby_Union","/wiki/Rugby_Football_Union","/wiki/French_Rugby_Federation","/wiki/Rugby_Canada","/wiki/Italian_Rugby_Federation","/wiki/Japan_Rugby_Football_Union","#cite_note-IRB_Organisation-76","/w/index.php?title=Rugby_union&action=edit&section=18","/wiki/List_of_rugby_union_playing_countries","/wiki/File:Walers_Japan_Rugby_World_Cup_2007_09_20_supporters1.jpg","//upload.wikimedia.org/wikipedia/commons/thumb/f/f3/Walers_Japan_Rugby_World_Cup_2007_09_20_supporters1.jpg/220px-Walers_Japan_Rugby_World_Cup_2007_09_20_supporters1.jpg","/wiki/File:Walers_Japan_Rugby_World_Cup_2007_09_20_supporters1.jpg","//bits.wikimedia.org/static-1.21wmf11/skins/common/images/magnify-clip.png","/wiki/Cardiff","/wiki/Rugby_union_in_England","/wiki/Rugby_union_in_Scotland","/wiki/Rugby_union_in_Ireland","/wiki/Rugby_union_in_Wales","/wiki/Rugby_union_in_France","/wiki/Rugby_union_in_Argentina","#cite_note-Godwin11-93","/wiki/National_sport","#cite_note-94","/wiki/Rugby_union_in_Georgia","#cite_note-95","#cite_note-96","#cite_note-97","/wiki/Rugby_union_in_Tonga","#cite_note-98","#cite_note-99","/w/index.php?title=Rugby_union&action=edit&section=19","/wiki/New_South_Wales","/wiki/Rugby_union_in_Australia","/wiki/Rugby_union_in_New_Zealand","/wiki/Christ%27s_College_(Finchley)","#cite_note-Godwin10-10","/wiki/Rugby_union_in_Fiji","/wiki/Ba_(town)","#cite_note-100","#cite_note-101","/wiki/Rugby_union_in_Samoa","/wiki/Samoa_Rugby_Union","#cite_note-102","/wiki/Rugby_union_in_Tonga","/wiki/Rugby_union_in_the_Cook_Islands","/wiki/Rugby_union_in_Niue","/wiki/Rugby_union_in_Papua_New_Guinea","/wiki/Rugby_union_in_the_Solomon_Islands","#cite_note-103","/w/index.php?title=Rugby_union&action=edit&section=20","/wiki/North_America_Caribbean_Rugby_Association","/wiki/Rugby_union_in_Canada","/wiki/Rugby_union_in_the_United_States","/wiki/McGill_University","/wiki/Harvard_University","#cite_note-Godwin10-10","#cite_note-Godwin11-93","/wiki/Rugby_union_in_Trinidad_and_Tobago","/wiki/British_Guiana","/wiki/Rugby_union_in_Barbados","#cite_note-104","#cite_note-105","/wiki/Rugby_union_in_Jamaica","#cite_note-106","/wiki/Rugby_union_in_Bermuda","#cite_note-107","/w/index.php?title=Rugby_union&action=edit&section=21","/wiki/File:Germany_vs_Belgium_rugby_match_.jpg","//upload.wikimedia.org/wikipedia/commons/thumb/6/6c/Germany_vs_Belgium_rugby_match_.jpg/220px-Germany_vs_Belgium_rugby_match_.jpg","/wiki/File:Germany_vs_Belgium_rugby_match_.jpg","//bits.wikimedia.org/static-1.21wmf11/skins/common/images/magnify-clip.png","/wiki/Belgium_national_rugby_union_team","/wiki/Rugby_union_in_Belgium","/wiki/Rugby_union_in_the_Netherlands","/wiki/Rugby_union_in_Germany","/wiki/Rugby_union_in_Spain","/wiki/Rugby_union_in_Romania","/wiki/Rugby_union_in_Poland","/wiki/Rugby_union_in_Italy","/wiki/Rugby_union_in_Czechoslovakia","#cite_note-FIRA-88","#cite_note-108","/wiki/French_Rugby_Federation","/wiki/FIRA_%E2%80%93_Association_of_European_Rugby","#cite_note-FIRA-88","/wiki/Italian_Rugby_Federation","/wiki/Romanian_Rugby_Federation","/wiki/Dutch_Rugby_Union","/w/index.php?title=Catalan_Rugby_Federation&action=edit&redlink=1","/wiki/Portuguese_Rugby_Federation","/wiki/Czechoslovak_Rugby_Union","/wiki/Swedish_Rugby_Union","/wiki/Rugby_union_in_Russia","#cite_note-109","/wiki/Rugby_union_in_Portugal","#cite_note-110","/w/index.php?title=Rugby_union&action=edit&section=22","/wiki/File:URBA_Finals.jpg","//upload.wikimedia.org/wikipedia/commons/thumb/c/c8/URBA_Finals.jpg/170px-URBA_Finals.jpg","/wiki/File:URBA_Finals.jpg","//bits.wikimedia.org/static-1.21wmf11/skins/common/images/magnify-clip.png","/wiki/Asociaci%C3%B3n_Alumni","/wiki/Hind%C3%BA_Club","/wiki/Torneo_de_la_URBA","/wiki/Argentina","/wiki/South_America","/wiki/Argentine_Rugby_Union","#cite_note-111","/wiki/Rugby_union_in_Brazil","#cite_note-112","/wiki/Rugby_union_in_Uruguay","/wiki/Montevideo_Cricket_Club","#cite_note-113","/wiki/Rugby_union_in_Chile","#cite_note-114","/wiki/Rugby_union_in_Paraguay","#cite_note-115","/w/index.php?title=Rugby_union&action=edit&section=23","/wiki/Rugby_union_in_Asia","/wiki/File:Calcutta_Cup,_Twickenham,_July_07.jpg","//upload.wikimedia.org/wikipedia/commons/thumb/8/85/Calcutta_Cup%2C_Twickenham%2C_July_07.jpg/170px-Calcutta_Cup%2C_Twickenham%2C_July_07.jpg","/wiki/File:Calcutta_Cup,_Twickenham,_July_07.jpg","//bits.wikimedia.org/static-1.21wmf11/skins/common/images/magnify-clip.png","/wiki/Rugby_union_in_India","/wiki/Calcutta_Football_Club","/wiki/Calcutta_Cup","#cite_note-116","/wiki/Rugby_union_in_Sri_Lanka","#cite_note-117","/wiki/Rugby_union_in_Malaysia","/wiki/HMS_Malaya","#cite_note-118","/wiki/Rugby_union_in_Japan","/wiki/Ginnosuke_Tanaka","/wiki/Trinity_Hall,_Cambridge","/wiki/Edward_Bramwell_Clarke","/wiki/Corpus_Christi_College,_Cambridge","#cite_note-119","#cite_note-120","/wiki/2019_Rugby_World_Cup","#cite_note-2015_bid-121","#cite_note-2015_bid-121","/wiki/Rugby_union_in_Singapore","/wiki/Rugby_union_in_South_Korea","/wiki/Rugby_union_in_China","/wiki/Philippine_Rugby_Football_Union","/wiki/Rugby_union_in_Hong_Kong","/wiki/Hong_Kong_Sevens","#cite_note-122","#cite_note-123","/wiki/Rugby_union_in_Oman","/wiki/Qaboos_bin_Said_al_Said","#cite_note-124","/wiki/Rugby_union_in_Bahrain","/wiki/Dubai_Sevens","/wiki/Rugby_union_in_Israel","#cite_note-Full_rankings-125","/wiki/File:F5f4f1d0734f015b98b66d455884a9e0.jpg","//upload.wikimedia.org/wikipedia/commons/thumb/9/9d/F5f4f1d0734f015b98b66d455884a9e0.jpg/220px-F5f4f1d0734f015b98b66d455884a9e0.jpg","/wiki/File:F5f4f1d0734f015b98b66d455884a9e0.jpg","//bits.wikimedia.org/static-1.21wmf11/skins/common/images/magnify-clip.png","/wiki/Ivory_Coast","/wiki/2011_Rugby_World_Cup_%E2%80%93_Africa_qualification","/w/index.php?title=Rugby_union&action=edit&section=24","/wiki/Rugby_union_in_South_Africa","#cite_note-Godwin11-93","#cite_note-126","/wiki/Rugby_union_in_Rhodesia","#cite_note-127","/wiki/Rugby_union_in_Madagascar","#cite_note-128","#cite_note-129","/wiki/Rugby_union_in_C%C3%B4te_d%27Ivoire","/wiki/Rugby_union_in_Kenya","/wiki/Rugby_union_in_Uganda","/wiki/Rugby_union_in_Zambia","#cite_note-Full_rankings-125","#cite_note-130","/w/index.php?title=Rugby_union&action=edit&section=25","/wiki/File:Women%27s_Rugby_Mark.jpg","//upload.wikimedia.org/wikipedia/commons/thumb/e/e5/Women%27s_Rugby_Mark.jpg/220px-Women%27s_Rugby_Mark.jpg","/wiki/File:Women%27s_Rugby_Mark.jpg","//bits.wikimedia.org/static-1.21wmf11/skins/common/images/magnify-clip.png","/wiki/Women%27s_rugby_union","/wiki/Portora_Royal_School","#cite_note-131","/wiki/Cardiff_Arms_Park","#cite_note-132","#cite_note-133","#cite_note-WRFU-134","/wiki/Rugby_Football_Union_for_Women","#cite_note-WRFU-134","/wiki/Women%27s_Rugby_World_Cup","#cite_note-Women.27s_Rugby-135","#cite_note-Women.27s_Rugby-135","/w/index.php?title=Rugby_union&action=edit&section=26","/wiki/List_of_rugby_union_competitions","/wiki/File:Coupe_du_monde_rugby_-_tour_Eiffel.JPG","//upload.wikimedia.org/wikipedia/commons/thumb/b/b4/Coupe_du_monde_rugby_-_tour_Eiffel.JPG/220px-Coupe_du_monde_rugby_-_tour_Eiffel.JPG","/wiki/File:Coupe_du_monde_rugby_-_tour_Eiffel.JPG","//bits.wikimedia.org/static-1.21wmf11/skins/common/images/magnify-clip.png","/wiki/Eiffel_Tower","/wiki/2007_Rugby_World_Cup","/wiki/Rugby_World_Cup","/wiki/New_Zealand_national_rugby_union_team","/wiki/2011_Rugby_World_Cup","#cite_note-136","#cite_note-rugby_world_cup-137","#cite_note-rugby_world_cup-137","/wiki/Six_Nations_Championship","/wiki/The_Rugby_Championship","#cite_note-138","/wiki/England_national_rugby_union_team","/wiki/France_national_rugby_union_team","/wiki/Ireland_national_rugby_union_team","/wiki/Italy_national_rugby_union_team","/wiki/Scotland_national_rugby_union_team","/wiki/Wales_national_rugby_union_team","#cite_note-SixNations-139","#cite_note-SixNations-139","#cite_note-SixNations-139","/wiki/Home_Nations","#cite_note-140","#cite_note-SixNations-139","#cite_note-SixNations-139","/wiki/Stadio_Flaminio","#cite_note-141","#cite_note-142","#cite_note-TriNations_History-143","#cite_note-144","#cite_note-145","#cite_note-TriNations_History-143","#cite_note-146","/wiki/SANZAR","/wiki/Argentine_Rugby_Union","#cite_note-147","/w/index.php?title=Rugby_union&action=edit&section=27","#cite_note-Lions_history-148","#cite_note-149","#cite_note-150","#cite_note-151","#cite_note-Lions_history-148","#cite_note-152","/wiki/Category:National_rugby_union_team_tours","/w/index.php?title=Rugby_union&action=edit&section=28","/wiki/Rugby_union_at_the_Summer_Olympics","/wiki/Rugby_sevens_at_the_Commonwealth_Games","/wiki/Rugby_union_at_the_Asian_Games","/wiki/Rugby_union_at_the_1900_Summer_Olympics","/wiki/Rugby_union_at_the_1908_Summer_Olympics","/wiki/Rugby_union_at_the_1920_Summer_Olympics","/wiki/Rugby_union_at_the_1924_Summer_Olympics","#cite_note-Rugby_in_the_Olympics-153","#cite_note-Rugby_in_the_Olympics-153","#cite_note-Rugby_in_the_Olympics-153","#cite_note-Rugby_in_the_Olympics-153","/wiki/International_Olympic_Committee","/wiki/2016_Summer_Olympics","/wiki/2020_Summer_Olympics","#cite_note-I.O.C._Decision-27","#cite_note-154","/wiki/Bernard_Lapasset","#cite_note-155","/wiki/Commonwealth_Rugby_Sevens_Championships","/wiki/1998_Commonwealth_Games","#cite_note-156","/wiki/New_Zealand_national_rugby_union_team_(sevens)","#cite_note-157","/wiki/Asian_Games","/wiki/1998_Asian_Games","/wiki/2010_Asian_Games","/wiki/Japan_national_rugby_union_team_(sevens)","/wiki/Kazakhstan_women%27s_national_rugby_union_team_(sevens)","#cite_note-158","#cite_note-159","/w/index.php?title=Rugby_union&action=edit&section=29","/wiki/Women%27s_international_rugby_union","/wiki/France_women%27s_national_rugby_union_team","/wiki/Netherlands_women%27s_national_rugby_union_team","/wiki/Utrecht_(city)","#cite_note-160","#cite_note-161","/wiki/Women%27s_Rugby_World_Cup","/wiki/1991_Women%27s_Rugby_World_Cup","/wiki/United_States_women%27s_national_rugby_union_team","#cite_note-Women.27s_Rugby-135","/wiki/1994_Women%27s_Rugby_World_Cup","/wiki/1998_Women%27s_Rugby_World_Cup","/wiki/2002_Women%27s_Rugby_World_Cup","/wiki/2006_Women%27s_Rugby_World_Cup","/wiki/2010_Women%27s_Rugby_World_Cup","#cite_note-162","/wiki/Women%27s_Six_Nations_Championship","/wiki/1996_Women%27s_Home_Nations_Championship","/wiki/England_national_women%27s_rugby_union_team","/wiki/2006_Women%27s_Six_Nations_Championship","/wiki/2012_Women%27s_Six_Nations_Championship","/w/index.php?title=Rugby_union&action=edit&section=30","/wiki/Rugby_sevens","/wiki/File:Spielszene_BK.jpg","//upload.wikimedia.org/wikipedia/commons/thumb/5/58/Spielszene_BK.jpg/220px-Spielszene_BK.jpg","/wiki/File:Spielszene_BK.jpg","//bits.wikimedia.org/static-1.21wmf11/skins/common/images/magnify-clip.png","/wiki/Rugby_sevens","/wiki/Melrose,_Scotland","/wiki/Hong_Kong_Sevens","/wiki/Dubai_Sevens","/wiki/Rugby_tens","#cite_note-Completerugby1-163","#cite_note-IRB_BGRU_14-164","/wiki/Touch_rugby","#cite_note-165","#cite_note-166","/wiki/Tag_Rugby","#cite_note-167","/wiki/Mini_rugby","#cite_note-168","#cite_note-Rutherford1-169","#cite_note-Mini_Rugby-170","/wiki/American_Flag_Rugby","#cite_note-171","#cite_note-Mini_Rugby-170","/wiki/Beach_rugby","/wiki/Snow_rugby","#cite_note-IRB_BGRU_14-164","#cite_note-172","/w/index.php?title=Rugby_union&action=edit&section=31","/wiki/History_of_American_football","/wiki/Comparison_of_American_football_and_rugby_union","/wiki/Origins_of_Australian_rules_football","/wiki/Comparison_of_rugby_league_and_rugby_union","/wiki/History_of_rugby_league","/wiki/File:Fielding_Yost-1902.jpg","//upload.wikimedia.org/wikipedia/commons/thumb/0/09/Fielding_Yost-1902.jpg/220px-Fielding_Yost-1902.jpg","/wiki/File:Fielding_Yost-1902.jpg","//bits.wikimedia.org/static-1.21wmf11/skins/common/images/magnify-clip.png","/wiki/American_football","/wiki/University_of_Michigan","/wiki/University_of_Minnesota","/wiki/Gridiron_football","/wiki/American_football","#cite_note-Completerugby2-173","#cite_note-Stubbs-174","/wiki/Canadian_football","#cite_note-CanFitba1-175","/wiki/Canadian_football","/wiki/Rugby_football","#cite_note-CanFitba1-175","/wiki/Ontario_Rugby_Football_Union","/wiki/Quebec_Rugby_Football_Union","#cite_note-CanFitba1-175","#cite_note-CanFitba1-175","/wiki/Australian_rules_football","/wiki/Rugby_football","/wiki/English_public_school_football_games","#cite_note-176","/wiki/Tom_Wills","#cite_note-177","/wiki/James_Naismith","#cite_note-178","/wiki/Jump_ball","/wiki/McGill_University","#cite_note-179","/wiki/Swedish_football_(code)","/wiki/Laws_of_the_Game_(association_football)","/wiki/Rugby_football","#cite_note-j.C3.B6nsson203-180","#cite_note-181","/wiki/Wheelchair_rugby","/wiki/Wheelchair_basketball","/wiki/Ice_hockey","/wiki/Team_handball","#cite_note-182","/w/index.php?title=Rugby_union&action=edit&section=32","/wiki/List_of_top_rugby_union_players_by_international_caps","/wiki/List_of_top_scoring_international_rugby_union_players","/wiki/Coventry_University","#cite_note-Stripes-183","#cite_note-Global_Rugby-184","#cite_note-Global_Rugby-184","#cite_note-IRB2010-185","#cite_note-IRB2010-185","#cite_note-IRB2010-185","/wiki/2007_Rugby_World_Cup","#cite_note-IRB2010-185","#cite_note-IRB2010-185","/wiki/George_Gregan","#cite_note-186","/wiki/Dan_Carter","#cite_note-187","/wiki/Rugby_union_in_Lithuania","#cite_note-188","/wiki/Rugby_union_in_Serbia","#cite_note-189","#cite_note-record_wins-190","#cite_note-record_wins-190","/w/index.php?title=Rugby_union&action=edit&section=33","/wiki/File:Henri_Rousseau_-_The_Football_Players.jpg","//upload.wikimedia.org/wikipedia/commons/thumb/d/d6/Henri_Rousseau_-_The_Football_Players.jpg/220px-Henri_Rousseau_-_The_Football_Players.jpg","/wiki/File:Henri_Rousseau_-_The_Football_Players.jpg","//bits.wikimedia.org/static-1.21wmf11/skins/common/images/magnify-clip.png","/wiki/Tom_Brown%27s_Schooldays","/wiki/Rugby_School","/wiki/Bective_Rangers","/wiki/A_Portrait_of_the_Artist_as_a_Young_Man","/wiki/James_Magee","#cite_note-191","/wiki/The_Adventure_of_the_Sussex_Vampire","#cite_note-192","/wiki/Henri_Rousseau","#cite_note-193","/wiki/Albert_Gleizes","/wiki/Robert_Delaunay","/wiki/Andr%C3%A9_Lhote","#cite_note-194","/wiki/Art_competitions_at_the_1928_Summer_Olympics","/wiki/Jean_Jacoby","#cite_note-195","/wiki/A_Run_for_Your_Money","/wiki/Grand_Slam_(1978_film)","#cite_note-196","/wiki/Old_Scores","/wiki/Forever_Strong","/wiki/Invictus_(film)","/wiki/John_Carlin","/wiki/1995_Rugby_World_Cup","#cite_note-197","#cite_note-198","/wiki/Gerald_Laing","/wiki/Twickenham_Stadium","#cite_note-199","/wiki/Tasker_Watkins","/wiki/Millennium_Stadium","#cite_note-200","/wiki/Gareth_Edwards","/wiki/Danie_Craven","#cite_note-201","/w/index.php?title=Rugby_union&action=edit&section=34","/wiki/File:Ru_ball.svg","//upload.wikimedia.org/wikipedia/commons/thumb/4/46/Ru_ball.svg/31px-Ru_ball.svg.png","/wiki/Portal:Rugby_union","//upload.wikimedia.org/wikipedia/commons/thumb/2/24/Wikinews-logo.svg/40px-Wikinews-logo.svg.png","//en.wikinews.org/wiki/Category:Rugby","/wiki/International_Rugby_Hall_of_Fame","/wiki/IRB_Hall_of_Fame","/wiki/List_of_international_rugby_union_teams","/wiki/List_of_oldest_rugby_union_competitions","/wiki/List_of_rugby_union_terms","/wiki/Experimental_law_variations","/w/index.php?title=Rugby_union&action=edit&section=35","#cite_ref-176","/wiki/Geoffrey_Blainey","/wiki/Leonie_Sandercock","/wiki/Sean_Fagan","#cite_ref-1","/wiki/Lonely_Planet","/wiki/International_Standard_Book_Number","/wiki/Special:BookSources/1-86450-286-X","#cite_ref-2","http://www.rugbyfootballhistory.com/originsofrugby.htm#2","http://www.rugbyfootballhistory.com/originsofrugby.htm#2","#cite_ref-3","http://www.rugbyfootballhistory.com/webb-ellis.html","http://www.rugbyfootballhistory.com/webb-ellis.html","#cite_ref-4","http://www.comedy.co.uk/guide/tv/qi/episodes/6/3/","/wiki/QI","/wiki/BBC","http://www.comedy.co.uk/guide/tv/qi/episodes/6/3/","#cite_ref-5","http://news.bbc.co.uk/sport1/low/rugby_union/6255164.stm","#cite_ref-Marshall13_6-0","#CITEREFMarshall1951","#cite_ref-Marshall13-14_7-0","#CITEREFMarshall1951","#cite_ref-8","#CITEREFGodwin1981","#cite_ref-9","http://www.rugbyfootballhistory.com/originsofrugby.htm#3","http://www.rugbyfootballhistory.com/originsofrugby.htm#3","#cite_ref-Godwin10_10-0","#cite_ref-Godwin10_10-1","#cite_ref-Godwin10_10-2","#cite_ref-Godwin10_10-3","#cite_ref-Godwin10_10-4","#CITEREFGodwin1981","#cite_ref-11","http://www.fifa.com/classicfootball/history/game/historygame4.html","http://www.fifa.com/classicfootball/history/game/historygame4.html","#cite_ref-12","/wiki/International_Standard_Book_Number","/wiki/Special:BookSources/0-415-39616-6","#cite_ref-13","http://www.warwickshire.gov.uk/Web/corporate/pages.nsf/Links/25612031C7B03F9C80257610004A20CC","http://www.warwickshire.gov.uk/Web/corporate/pages.nsf/Links/25612031C7B03F9C80257610004A20CC","#cite_ref-14","http://worldhistorysite.com/civilization4.html","http://worldhistorysite.com/civilization4.html","#cite_ref-Godwin12_15-0","#CITEREFGodwin1981","#cite_ref-16","http://www.lionsrugby.com/history/5023.php","http://www.lionsrugby.com/history/5023.php","#cite_ref-17","/wiki/International_Standard_Book_Number","/wiki/Special:BookSources/0-908812-30-2","#cite_ref-Godwin.2C_p18_18-0","#cite_ref-Godwin.2C_p18_18-1","#CITEREFGodwin1981","#cite_ref-19","#CITEREFThomas1954","#cite_ref-20","http://www.bbc.co.uk/wales/music/sites/anthem/pages/anthem-today.shtml","/wiki/BBC_Cymru_Wales","/wiki/BBC_Cymru_Wales","http://www.bbc.co.uk/wales/music/sites/anthem/pages/anthem-today.shtml","#cite_ref-21","#CITEREFGodwin1981","#cite_ref-22","http://www.scrum.com/italy/rugby/match/19590.html","#cite_ref-23","http://www.scrum.com/italy/rugby/match/19591.html","#cite_ref-24","http://www.scrum.com/italy/rugby/match/19592.html","#cite_ref-25","#CITEREFGodwin1981","#cite_ref-26","http://www.irb.com/rugbyandtheolympics/future.html","/wiki/International_Rugby_Board","http://www.irb.com/rugbyandtheolympics/future.html","#cite_ref-I.O.C._Decision_27-0","#cite_ref-I.O.C._Decision_27-1","http://www.nytimes.com/2009/08/14/sports/14sports.html","#cite_ref-Stubbs3_28-0","#CITEREFStubbs2009","#cite_ref-29","http://www.rfu.com/AboutTheRFU/History.aspx","/wiki/Rugby_Football_Union","http://www.rfu.com/AboutTheRFU/History.aspx","#cite_ref-30","http://www.time.com/time/magazine/article/0,9171,804253,00.html","#cite_ref-31","http://www.independent.co.uk/sport/amateur-status-attacked-by-mps-1611641.html?CMP=ILC-refresh","/wiki/Independent_News_%26_Media","/wiki/International_Standard_Serial_Number","//www.worldcat.org/issn/0951-9467","/wiki/OCLC","//www.worldcat.org/oclc/185201487","#cite_ref-32","http://www.talkrugbyunion.co.uk/guides/history_of_rugby_union.html","http://www.talkrugbyunion.co.uk/guides/history_of_rugby_union.html","#cite_ref-historymain_33-0","http://web.archive.org/web/20070208134810/http://www.ercrugby.com/eng/37_74.php","http://www.ercrugby.com/eng/37_74.php","http://web.archive.org/web/20070208134810/http://www.ercrugby.com/eng/37_74.php","#cite_ref-Gaynor_34-0","#cite_ref-Gaynor_34-1","http://www.nzherald.co.nz/business/news/article.cfm?c_id=3&objectid=184012","#cite_ref-Law3_35-0","#cite_ref-Law3_35-1","#cite_ref-Law3_35-2","http://www.irb.com/mm/document/lawsregs/0/090729sgsmlaw3_8811.pdf","/wiki/International_Rugby_Board","http://www.irb.com/mm/document/lawsregs/0/090729sgsmlaw3_8811.pdf","#cite_ref-IRB_BGRU_6_36-0","#cite_ref-IRB_BGRU_6_36-1","#cite_ref-IRB_BGRU_6_36-2","#cite_ref-IRB_BGRU_6_36-3","#cite_ref-IRB_BGRU_6_36-4","http://www.irb.com/mm/document/training/0/beginners20guide20en_7391.pdf","/wiki/International_Rugby_Board","http://www.irb.com/mm/document/training/0/beginners20guide20en_7391.pdf","#cite_ref-talkrugby_37-0","#cite_ref-talkrugby_37-1","#cite_ref-talkrugby_37-2","#cite_ref-talkrugby_37-3","http://www.talkrugbyunion.co.uk/guides/rugby_union_positions.html","http://www.talkrugbyunion.co.uk/guides/rugby_union_positions.html","#cite_ref-Glossary_38-0","#cite_ref-Glossary_38-1","#cite_ref-Glossary_38-2","#cite_ref-Glossary_38-3","http://www.espnscrum.com/scrum/rugby/page/97263.html","http://www.espnscrum.com/scrum/rugby/page/97263.html","#cite_ref-39","http://rugbycoaching.net/rugby-coaching/rugby-positions-explained/","http://rugbycoaching.net/rugby-coaching/rugby-positions-explained/","#cite_ref-IRB_BGRU_7_40-0","#cite_ref-IRB_BGRU_7_40-1","#cite_ref-IRB_BGRU_7_40-2","#cite_ref-IRB_BGRU_7_40-3","#cite_ref-IRB_BGRU_7_40-4","#cite_ref-IRB_BGRU_7_40-5","http://www.irb.com/mm/document/training/0/beginners20guide20en_7391.pdf","/wiki/International_Rugby_Board","http://www.irb.com/mm/document/training/0/beginners20guide20en_7391.pdf","#cite_ref-IRB_BGRU_8_41-0","http://www.irb.com/mm/document/training/0/beginners20guide20en_7391.pdf","/wiki/International_Rugby_Board","http://www.irb.com/mm/document/training/0/beginners20guide20en_7391.pdf","#cite_ref-42","#CITEREFBompa.2C_Claro2008","#cite_ref-43","#CITEREFBrown.2C_Guthrie_and_Growden.282010.29","#cite_ref-44","http://sport.scotsman.com/superteams/Scottish-rugby-welcomes-back-Lomu.2740238.jp","#cite_ref-MacDonald_45-0","#cite_ref-46","http://www.irblaws.com/downloads/EN/Law_9_EN.pdf","/wiki/International_Rugby_Board","http://www.irblaws.com/downloads/EN/Law_9_EN.pdf","#cite_ref-47","http://www.rugbyfootballhistory.com/scoring.htm","http://www.rugbyfootballhistory.com/scoring.htm","#cite_ref-pitch_size_48-0","#cite_ref-pitch_size_48-1","#cite_ref-pitch_size_48-2","http://www.irb.com/mm/Document/LawsRegs/0/Law1EN_7709.pdf","/wiki/International_Rugby_Board","http://www.irb.com/mm/Document/LawsRegs/0/Law1EN_7709.pdf","#cite_ref-49","http://www.irblaws.com/downloads/EN/Law_1_EN.pdf","/wiki/International_Rugby_Board","http://www.irblaws.com/downloads/EN/Law_1_EN.pdf","#cite_ref-50","http://news.bbc.co.uk/1/hi/sport/rugby_union/six_nations/618637.stm","#cite_ref-51","#cite_ref-Midgley_52-0","/wiki/International_Standard_Book_Number","/wiki/Special:BookSources/0-7092-0153-2","#cite_ref-IRBLaw5_53-0","#cite_ref-IRBLaw5_53-1","#cite_ref-IRBLaw5_53-2","#cite_ref-IRBLaw5_53-3","http://www.irblaws.com/downloads/EN/Law_5_EN.pdf","/wiki/International_Rugby_Board","http://www.irblaws.com/downloads/EN/Law_5_EN.pdf","#cite_ref-54","http://www.rugby365.com/laws_referees/laws/578937.htm","http://www.rugby365.com/laws_referees/laws/578937.htm","#cite_ref-irblaws12_55-0","#cite_ref-irblaws12_55-1","#cite_ref-irblaws12_55-2","http://www.irblaws.com/downloads/EN/Law_12_EN.pdf","/wiki/International_Rugby_Board","http://www.irblaws.com/downloads/EN/Law_12_EN.pdf","#cite_ref-56","http://www.irblaws.com/downloads/EN/Law_19_EN.pdf","/wiki/International_Rugby_Board","http://www.irblaws.com/downloads/EN/Law_19_EN.pdf","#cite_ref-57","http://www.irblaws.com/downloads/EN/Law_10_EN.pdf","/wiki/International_Rugby_Board","http://www.irblaws.com/downloads/EN/Law_10_EN.pdf","#cite_ref-58","http://www.irblaws.com/downloads/EN/Law_10_EN.pdf","/wiki/International_Rugby_Board","http://www.irblaws.com/downloads/EN/Law_10_EN.pdf","#cite_ref-59","http://www.irblaws.com/downloads/EN/Law_10_EN.pdf","/wiki/International_Rugby_Board","http://www.irblaws.com/downloads/EN/Law_10_EN.pdf","#cite_ref-irblaws19_60-0","#cite_ref-irblaws19_60-1","#cite_ref-irblaws19_60-2","#cite_ref-irblaws19_60-3","http://www.irblaws.com/downloads/EN/Law_19_EN.pdf","/wiki/International_Rugby_Board","http://www.irblaws.com/downloads/EN/Law_19_EN.pdf","#cite_ref-61","http://www.irblaws.com/downloads/EN/Law_19_EN.pdf","/wiki/International_Rugby_Board","http://www.irblaws.com/downloads/EN/Law_19_EN.pdf","#cite_ref-62","http://www.irblaws.com/downloads/EN/Law_19_EN.pdf","/wiki/International_Rugby_Board","http://www.irblaws.com/downloads/EN/Law_19_EN.pdf","#cite_ref-irblaws20_63-0","#cite_ref-irblaws20_63-1","#cite_ref-irblaws20_63-2","#cite_ref-irblaws20_63-3","#cite_ref-irblaws20_63-4","#cite_ref-irblaws20_63-5","#cite_ref-irblaws20_63-6","http://www.irblaws.com/downloads/EN/Law_20_EN.pdf","/wiki/International_Rugby_Board","http://www.irblaws.com/downloads/EN/Law_20_EN.pdf","#cite_ref-FormingScrum_64-0","http://news.bbc.co.uk/sport1/hi/rugby_union/rules_and_equipment/4205334.stm","#cite_ref-IRBLaw6_65-0","#cite_ref-IRBLaw6_65-1","http://www.irblaws.com/downloads/EN/Law_6_EN.pdf","/wiki/International_Rugby_Board","http://www.irblaws.com/downloads/EN/Law_6_EN.pdf","#cite_ref-66","http://www.independent.co.uk/sport/rugby/rugby-union/news-comment/peter-bills-refereeing-protocol-rules-over-common-sense-2242369.html","#cite_ref-67","http://www.coachingrugby.com/OpenPagesContent.do?requestType1=currentIssues/&requestType2=lawsSignals","http://www.coachingrugby.com/OpenPagesContent.do?requestType1=currentIssues/&requestType2=lawsSignals","#cite_ref-Law10_68-0","#cite_ref-Law10_68-1","#cite_ref-Law10_68-2","http://www.irblaws.com/downloads/EN/Law_10_EN.pdf","/wiki/International_Rugby_Board","http://www.irblaws.com/downloads/EN/Law_10_EN.pdf","#cite_ref-69","http://www.ercrugby.com/eng/heinekencup/rules/index.php","http://www.ercrugby.com/eng/heinekencup/rules/index.php","#cite_ref-Uncontested_70-0","http://www.irb.com/newsmedia/mediazone/pressrelease/newsid=2033086.html#irb+acts+uncontested+scrums","/wiki/International_Rugby_Board","http://www.irb.com/newsmedia/mediazone/pressrelease/newsid=2033086.html#irb+acts+uncontested+scrums","#cite_ref-IRBLaw2_71-0","#cite_ref-IRBLaw2_71-1","http://www.irb.com/mm/Document/LawsRegs/0/Law2EN_7708.pdf","/wiki/International_Rugby_Board","http://www.irb.com/mm/Document/LawsRegs/0/Law2EN_7708.pdf","#cite_ref-72","http://www.irblaws.com/downloads/EN/Law_4_EN.pdf","/wiki/International_Rugby_Board","http://www.irblaws.com/downloads/EN/Law_4_EN.pdf","#cite_ref-73","http://www.coachingtoolbox.co.nz/rugbysmart/protective-equipment/","http://www.coachingtoolbox.co.nz/rugbysmart/protective-equipment/","#cite_ref-dress_74-0","#cite_ref-dress_74-1","#cite_ref-dress_74-2","http://www.irb.com/mm/document/lawsregs/0/regulation12090603_8287.pdf","http://www.irb.com/mm/document/lawsregs/0/regulation12090603_8287.pdf","#cite_ref-75","http://www.irblaws.com/EN/laws/2/4/36/before-the-match/players-clothing/inspection-of-players-clothing/#clause_36","/wiki/International_Rugby_Board","http://www.irblaws.com/EN/laws/2/4/36/before-the-match/players-clothing/inspection-of-players-clothing/#clause_36","#cite_ref-IRB_Organisation_76-0","#cite_ref-IRB_Organisation_76-1","#cite_ref-IRB_Organisation_76-2","#cite_ref-IRB_Organisation_76-3","#cite_ref-IRB_Organisation_76-4","#cite_ref-IRB_Organisation_76-5","http://www.irb.com/aboutirb/organisation/index.html","/wiki/International_Rugby_Board","http://www.irb.com/aboutirb/organisation/index.html","#cite_ref-77","http://www.irb.com/newsmedia/mediazone/pressrelease/newsid=2064513.html","/wiki/International_Rugby_Board","http://www.irb.com/newsmedia/mediazone/pressrelease/newsid=2064513.html","#cite_ref-78","http://www.rwcwomens.com/","http://www.rwcwomens.com/","#cite_ref-79","http://www.stuff.co.nz/sport/rugby/international/sevens/5634035/Russia-to-host-2013-Rugby-World-Cup-Sevens","http://www.stuff.co.nz/sport/rugby/international/sevens/5634035/Russia-to-host-2013-Rugby-World-Cup-Sevens","#cite_ref-80","http://www.irbsevens.com/rules/index.html","http://www.irbsevens.com/rules/index.html","#cite_ref-81","http://www.irb.com/newsmedia/mediazone/pressrelease/newsid=2000098.html","http://www.irb.com/newsmedia/mediazone/pressrelease/newsid=2000098.html","#cite_ref-82","http://www.irb.com/jwrt/rules/index.html","http://www.irb.com/jwrt/rules/index.html","#cite_ref-83","http://www.irb.com/nationscup/news/index.html","http://www.irb.com/nationscup/news/index.html","#cite_ref-84","http://www.irb.com/pacificnationscup/index.html","http://www.irb.com/pacificnationscup/index.html","#cite_ref-85","http://www.irb.com/newsmedia/mediazone/pressrelease/newsid=2041287.html","http://www.irb.com/newsmedia/mediazone/pressrelease/newsid=2041287.html","#cite_ref-86","http://www.irb.com/newsmedia/regional/newsid=2041344.html","http://www.irb.com/newsmedia/regional/newsid=2041344.html","#cite_ref-87","http://www.nawira.com/about/","http://www.nawira.com/about/","#cite_ref-FIRA_88-0","#cite_ref-FIRA_88-1","#cite_ref-FIRA_88-2","http://www.fira-aer-rugby.com/article-28.htm","http://www.fira-aer-rugby.com/article-28.htm","#cite_ref-89","http://oceaniarugby.com/home.html","http://oceaniarugby.com/home.html","#cite_ref-90","http://translate.google.co.uk/translate?hl=en&sl=es&u=http://www.consur.org/&ei=O6h9Tv-5IKaR0AWPv9AC&sa=X&oi=translate&ct=result&resnum=1&ved=0CC8Q7gEwAA&prev=/search%3Fq%3Dconsur%26hl%3Den%26biw%3D1366%26bih%3D623%26prmd%3Dimvns","http://translate.google.co.uk/translate?hl=en&sl=es&u=http://www.consur.org/&ei=O6h9Tv-5IKaR0AWPv9AC&sa=X&oi=translate&ct=result&resnum=1&ved=0CC8Q7gEwAA&prev=/search%3Fq%3Dconsur%26hl%3Den%26biw%3D1366%26bih%3D623%26prmd%3Dimvns","#cite_ref-91","http://www.rugbyweek.com/news/article.asp?id=31407","http://www.rugbyweek.com/news/article.asp?id=31407","#cite_ref-92","http://www.allblacks.com/news/18009/SANZAR-remains-intact","/wiki/New_Zealand_Rugby_Union","http://www.allblacks.com/news/18009/SANZAR-remains-intact","#cite_ref-Godwin11_93-0","#cite_ref-Godwin11_93-1","#cite_ref-Godwin11_93-2","#CITEREFGodwin1981","#cite_ref-94","http://news.bbc.co.uk/sport1/hi/rugby_union/international/4272324.stm","#cite_ref-95","http://www.irb.com/jwrt/news/newsid=2042633.html","/wiki/International_Rugby_Board","http://www.irb.com/jwrt/news/newsid=2042633.html","#cite_ref-96","http://bjsm.bmj.com/content/28/4/229.abstract","http://bjsm.bmj.com/content/28/4/229.abstract","#cite_ref-97","http://news.bbc.co.uk/sport1/hi/rugby_union/rugby_world_cup/team_pages/samoa/3079758.stm","#cite_ref-98","http://www.nzte.govt.nz/latest-events/Rugby-World-Cup-2011/Documents/Country%20brief%20-%20Tonga.pdf","http://www.nzte.govt.nz/latest-events/Rugby-World-Cup-2011/Documents/Country%20brief%20-%20Tonga.pdf","#cite_ref-99","/wiki/John_Davies_(historian)","/wiki/Nigel_Jenkins","/wiki/Encyclopaedia_of_Wales","/wiki/International_Standard_Book_Number","/wiki/Special:BookSources/978-0-7083-1953-6","#cite_ref-100","#CITEREFGodwin1981","#cite_ref-101","http://news.bbc.co.uk/sport1/hi/rugby_union/5392022.stm","#cite_ref-102","#CITEREFGodwin1981","#cite_ref-103","http://oceaniarugby.com/member_unions/foru_member_union_american_samoa.html","http://oceaniarugby.com/member_unions/foru_member_union_american_samoa.html","#cite_ref-104","#CITEREFGodwin1981","#cite_ref-105","#CITEREFGodwin1981","#cite_ref-106","http://www.irb.com/unions/union=11000064/index.html","/wiki/International_Rugby_Board","http://www.irb.com/unions/union=11000064/index.html","#cite_ref-107","http://www.irb.com/unions/union=11000040/index.html","/wiki/International_Rugby_Board","http://www.irb.com/unions/union=11000040/index.html","#cite_ref-108","/wiki/International_Standard_Book_Number","/wiki/Special:BookSources/1-85973-327-1","#cite_ref-109","#CITEREFGodwin1981","#cite_ref-110","#CITEREFGodwin1981","#cite_ref-111","http://news.bbc.co.uk/sport1/hi/rugby_union/8362870.stm","#cite_ref-112","#CITEREFGodwin1981","#cite_ref-113","#CITEREFGodwin1981","#cite_ref-114","#CITEREFGodwin1981","#cite_ref-115","#CITEREFGodwin1981","#cite_ref-116","#CITEREFGodwin1981","#cite_ref-117","#CITEREFGodwin1981","#cite_ref-118","#CITEREFGodwin1981","#cite_ref-119","#CITEREFGodwin1981","#cite_ref-120","http://news.bbc.co.uk/sport1/hi/rugby_union/6157863.stm","#cite_ref-2015_bid_121-0","#cite_ref-2015_bid_121-1","http://news.bbc.co.uk/sport1/hi/rugby_union/8170488.stm","#cite_ref-122","http://www.irbsevens.com/news/newsid=2042721.html","/wiki/International_Rugby_Board","http://www.irbsevens.com/news/newsid=2042721.html","#cite_ref-123","#CITEREFGodwin1981","#cite_ref-124","#CITEREFGodwin1981","#cite_ref-Full_rankings_125-0","#cite_ref-Full_rankings_125-1","http://www.irb.com/rankings/full.html","/wiki/International_Rugby_Board","http://www.irb.com/rankings/full.html","#cite_ref-126","http://wesclark.com/rrr/kenya_rugby.html","http://wesclark.com/rrr/kenya_rugby.html","#cite_ref-127","#CITEREFGodwin1981","#cite_ref-128","http://news.bbc.co.uk/1/hi/world/africa/4471650.stm","#cite_ref-129","http://news.bbc.co.uk/sport1/hi/rugby_union/8951401.stm","#cite_ref-130","http://www.irbsevens.com/destination/edition=9/news/newsid=2048923.html#teams+announced+gold+coast+kick","http://www.irbsevens.com/destination/edition=9/news/newsid=2048923.html#teams+announced+gold+coast+kick","#cite_ref-131","http://www.irishrugby.ie/news/13664.php","http://www.irishrugby.ie/news/13664.php","#cite_ref-132","/wiki/International_Standard_Book_Number","/wiki/Special:BookSources/0-9504421-0-0","#cite_ref-133","http://www.irb.com/newsmedia/womensrugby/index.html","/wiki/International_Rugby_Board","http://www.irb.com/newsmedia/womensrugby/index.html","#cite_ref-WRFU_134-0","#cite_ref-WRFU_134-1","http://www.rwcwomens.com/history/index.html","/wiki/Rugby_Football_Union","http://www.rwcwomens.com/history/index.html","#cite_ref-Women.27s_Rugby_135-0","#cite_ref-Women.27s_Rugby_135-1","#cite_ref-Women.27s_Rugby_135-2","http://www.rwcwomens.com/history/index.html","/wiki/International_Rugby_Board","http://www.rwcwomens.com/history/index.html","#cite_ref-136","http://news.bbc.co.uk/sport1/hi/rugby_union/15405316.stm","#cite_ref-rugby_world_cup_137-0","#cite_ref-rugby_world_cup_137-1","http://www.rugby-world-cup.net/history.html","http://www.rugby-world-cup.net/history.html","#cite_ref-138","http://www.rugbyfootballhistory.com/trophys.htm","http://www.rugbyfootballhistory.com/trophys.htm","#cite_ref-SixNations_139-0","#cite_ref-SixNations_139-1","#cite_ref-SixNations_139-2","#cite_ref-SixNations_139-3","#cite_ref-SixNations_139-4","http://www.rbs6nations.com/en/history.php","http://www.rbs6nations.com/en/history.php","#cite_ref-140","http://www.espnscrum.com/six-nations-2012/rugby/page/87742.html","http://www.espnscrum.com/six-nations-2012/rugby/page/87742.html","#cite_ref-141","http://www.rbs6nations.com/en/1633.php","http://www.rbs6nations.com/en/1633.php","#cite_ref-142","http://www.bbc.co.uk/sport/0/rugby-union/17382260","#cite_ref-TriNations_History_143-0","#cite_ref-TriNations_History_143-1","http://www.rugbyweek.com/fournations/history.asp","http://www.rugbyweek.com/fournations/history.asp","#cite_ref-144","http://www.sport24.co.za/Rugby/Boks-face-aerial-bombardment-20100630","http://www.sport24.co.za/Rugby/Boks-face-aerial-bombardment-20100630","#cite_ref-145","http://www.planetrugby.com/story/0,25883,16024_6340553,00.html","http://www.planetrugby.com/story/0,25883,16024_6340553,00.html","#cite_ref-146","http://edition.cnn.com/2009/SPORT/09/14/rugby.argentina.tri.nations/index.html","#cite_ref-147","http://www.irb.com/newsmedia/mediazone/pressrelease/newsid=2033716.html#irb+welcomes+argentina+four+nations+invite","/wiki/International_Rugby_Board","#cite_ref-Lions_history_148-0","#cite_ref-Lions_history_148-1","http://www.lionsrugby.com/history/potted_history.php","#cite_ref-149","http://www.irb.com/history/halloffame/newsid=2027752.html","http://www.irb.com/history/halloffame/newsid=2027752.html","#cite_ref-150","#CITEREFGriffiths1987","#cite_ref-151","http://www.nzhistory.net.nz/culture/the-new-zealand-natives-rugby-tour/nz-natives-rugby-tour","http://www.nzhistory.net.nz/culture/the-new-zealand-natives-rugby-tour/nz-natives-rugby-tour","#cite_ref-152","http://www.espnscrum.com/scrum/rugby/page/78377.html","http://www.espnscrum.com/scrum/rugby/page/78377.html","#cite_ref-Rugby_in_the_Olympics_153-0","#cite_ref-Rugby_in_the_Olympics_153-1","#cite_ref-Rugby_in_the_Olympics_153-2","#cite_ref-Rugby_in_the_Olympics_153-3","http://www.irb.com/rugbyandtheolympics/history.html","/wiki/International_Rugby_Board","#cite_ref-154","http://www.telegraph.co.uk/sport/othersports/olympics/news/6281166/Rugby-sevens-and-golf-ratified-for-2016-Olympics-in-Rio-de-Janeiro.html","#cite_ref-155","http://news.bbc.co.uk/sport2/hi/olympic_games/8292584.stm","#cite_ref-156","http://news.bbc.co.uk/sport1/hi/commonwealth_games/delhi_2010/9031959.stm","#cite_ref-157","http://news.bbc.co.uk/sport1/hi/commonwealth_games/delhi_2010/9084566.stm","#cite_ref-158","http://www.irbsevens.com/regionalsports/newsid=2040867.html","http://www.irbsevens.com/regionalsports/newsid=2040867.html","#cite_ref-159","http://www.irbsevens.com/regionalsports/newsid=2040914.html","http://www.irbsevens.com/regionalsports/newsid=2040914.html","#cite_ref-160","http://rugbyrelics.com/museum/exhibitions/NR125/14.htm","#cite_ref-161","http://bleacherreport.com/articles/119928-womans-rugby-beautiful-side-of-brutal-game","#cite_ref-162","http://www.nz2011.govt.nz/news/february-2011/rugbys-prized-trophies-going-on-tour","#cite_ref-Completerugby1_163-0","#CITEREFBath1997","#cite_ref-IRB_BGRU_14_164-0","#cite_ref-IRB_BGRU_14_164-1","http://www.irb.com/mm/document/training/0/beginners20guide20en_7391.pdf","/wiki/International_Rugby_Board","http://www.irb.com/mm/document/training/0/beginners20guide20en_7391.pdf","#cite_ref-165","http://www.couriermail.com.au/sport/getting-a-kick-out-of-touch/story-e6frep5o-1225699224845","http://www.couriermail.com.au/sport/getting-a-kick-out-of-touch/story-e6frep5o-1225699224845","#cite_ref-166","http://www.rfu.com/TheGame/~/link.aspx?_id=A4A528E2CC22410390D89AE5E46D1EF9&_z=z","/wiki/Rugby_Football_Union","http://www.rfu.com/TheGame/~/link.aspx?_id=A4A528E2CC22410390D89AE5E46D1EF9&_z=z","#cite_ref-167","http://www.rfu.com/TheGame/FormsOfRugby/Tag.aspx","/wiki/Rugby_Football_Union","http://www.rfu.com/TheGame/FormsOfRugby/Tag.aspx","#cite_ref-168","http://www.irishrugby.ie/minis/index.php","http://www.irishrugby.ie/minis/index.php","#cite_ref-Rutherford1_169-0","/wiki/International_Standard_Book_Number","/wiki/Special:BookSources/1-85225-196-4","#cite_ref-Mini_Rugby_170-0","#cite_ref-Mini_Rugby_170-1","http://www.irishrugby.ie/downloads/IRFU_Mini_Rugby_09-10.pdf","http://www.irishrugby.ie/downloads/IRFU_Mini_Rugby_09-10.pdf","#cite_ref-171","http://www.americanflagrugby.com/about-afr.php","#cite_ref-172","http://www.irb.com/newsmedia/news/newsid=2026163.html","/wiki/International_Rugby_Board","http://www.irb.com/newsmedia/news/newsid=2026163.html","#cite_ref-Completerugby2_173-0","#CITEREFBath1997","#cite_ref-Stubbs_174-0","#CITEREFStubbs2009","#cite_ref-CanFitba1_175-0","#cite_ref-CanFitba1_175-1","#cite_ref-CanFitba1_175-2","#cite_ref-CanFitba1_175-3","/wiki/International_Standard_Book_Number","/wiki/Special:BookSources/0-7172-1601-2","#cite_ref-177","http://www.espncricinfo.com/magazine/content/story/395810.html","http://www.espncricinfo.com/magazine/content/story/395810.html","#cite_ref-178","http://sportsillustrated.cnn.com/vault/article/magazine/MAG1027613/index.htm","#cite_ref-179","http://www.mcgilltribune.com/sports/profile-james-naismith-where-athletics-meets-religious-fervor-1.1627628#.TnapQdQdxF4","http://www.mcgilltribune.com/sports/profile-james-naismith-where-athletics-meets-religious-fervor-1.1627628#.TnapQdQdxF4","#cite_ref-j.C3.B6nsson203_180-0","/wiki/International_Standard_Book_Number","/wiki/Special:BookSources/91-85377-48-1","#cite_ref-181","http://translate.google.co.uk/translate?hl=en&sl=sv&u=http://svenskfotboll.se/svensk-fotboll/historia/svff-1904/&ei=p8V9TtHEKKSP0AXUvPUB&sa=X&oi=translate&ct=result&resnum=1&ved=0CB0Q7gEwAA&prev=/search%3Fq%3Dsvff:s%2Btillkomst%2B1904%26hl%3Den%26rls%3Dcom.microsoft:en-gb%26prmd%3Dimvns","http://translate.google.co.uk/translate?hl=en&sl=sv&u=http://svenskfotboll.se/svensk-fotboll/historia/svff-1904/&ei=p8V9TtHEKKSP0AXUvPUB&sa=X&oi=translate&ct=result&resnum=1&ved=0CB0Q7gEwAA&prev=/search%3Fq%3Dsvff:s%2Btillkomst%2B1904%26hl%3Den%26rls%3Dcom.microsoft:en-gb%26prmd%3Dimvns","#cite_ref-182","http://web.archive.org/web/20110718110612/http://www.iwrf.com/history.htm","http://www.iwrf.com/history.htm","http://web.archive.org/web/20110718110612/http://www.iwrf.com/history.htm","#cite_ref-Stripes_183-0","http://www.stripes.com/military-life/they-re-game-rugby-team-willing-to-play-all-takers-1.146065","http://www.stripes.com/military-life/they-re-game-rugby-team-willing-to-play-all-takers-1.146065","#cite_ref-Global_Rugby_184-0","#cite_ref-Global_Rugby_184-1","http://www.irb.com/mm/Document/NewsMedia/MediaZone/02/04/22/88/2042288_PDF.pdf","/wiki/Coventry_University","http://www.irb.com/mm/Document/NewsMedia/MediaZone/02/04/22/88/2042288_PDF.pdf","#cite_ref-IRB2010_185-0","#cite_ref-IRB2010_185-1","#cite_ref-IRB2010_185-2","#cite_ref-IRB2010_185-3","#cite_ref-IRB2010_185-4","http://www.irb.com/mm/document/newsmedia/mediazone/02/04/21/65/2042165_pdf.pdf","/wiki/International_Rugby_Board","http://www.irb.com/mm/document/newsmedia/mediazone/02/04/21/65/2042165_pdf.pdf","#cite_ref-186","http://stats.espnscrum.com/statsguru/rugby/stats/index.html?class=1;filter=advanced;orderby=matches;template=results;type=player","http://stats.espnscrum.com/statsguru/rugby/stats/index.html?class=1;filter=advanced;orderby=matches;template=results;type=player","#cite_ref-187","http://stats.espnscrum.com/statsguru/rugby/stats/index.html?class=1;filter=advanced;orderby=points;template=results;type=player","http://stats.espnscrum.com/statsguru/rugby/stats/index.html?class=1;filter=advanced;orderby=points;template=results;type=player","#cite_ref-188","http://www.irb.com/newsmedia/news/newsid=2036957.html","http://www.irb.com/newsmedia/news/newsid=2036957.html","#cite_ref-189","http://stats.espnscrum.com/statsguru/rugby/stats/index.html?class=1;filter=advanced;orderby=date;spanmax1=08+May+2010;spanmin1=04+Jun+2006;spanval1=span;team=90;template=results;type=team;view=match","http://stats.espnscrum.com/statsguru/rugby/stats/index.html?class=1;filter=advanced;orderby=date;spanmax1=08+May+2010;spanmin1=04+Jun+2006;spanval1=span;team=90;template=results;type=team;view=match","#cite_ref-record_wins_190-0","#cite_ref-record_wins_190-1","http://www.rugbydata.com/centuries","http://www.rugbydata.com/centuries","#cite_ref-191","http://www.bectiverangers.com/content/view/197/5","http://www.bectiverangers.com/content/view/197/5","#cite_ref-192","http://www.bbc.co.uk/cult/vampires/classicstory/sussexvampire_p1.shtml","http://www.bbc.co.uk/cult/vampires/classicstory/sussexvampire_p1.shtml","#cite_ref-193","http://www.guggenheim.org/new-york/collections/collection-online/show-full/piece/?search=The%20Football%20Players&page=&f=Title&object=60.1583","http://www.guggenheim.org/new-york/collections/collection-online/show-full/piece/?search=The%20Football%20Players&page=&f=Title&object=60.1583","#cite_ref-194","/wiki/International_Standard_Book_Number","/wiki/Special:BookSources/1-85973-327-1","#cite_ref-195","http://olympic-museum.de/art/1928.htm","http://olympic-museum.de/art/1928.htm","#cite_ref-196","/wiki/International_Standard_Book_Number","/wiki/Special:BookSources/0-7083-1370-1","#cite_ref-197","http://www.telegraph.co.uk/portal/main.jhtml?view=DETAILS&grid=&xml=/portal/2007/10/19/ftmandela119.xml","#cite_ref-198","http://news.bbc.co.uk/1/hi/8406647.stm","#cite_ref-199","http://www.yourlocalguardian.co.uk/news/local/richmondnews/8196778.Iconic_sculpture_of_rugby_line_out_unveiled/","http://www.yourlocalguardian.co.uk/news/local/richmondnews/8196778.Iconic_sculpture_of_rugby_line_out_unveiled/","#cite_ref-200","http://news.bbc.co.uk/1/hi/wales/south_east/8360513.stm","#cite_ref-201","http://www.rugby365.com/schools/craven/2504760.htm","http://www.rugby365.com/schools/craven/2504760.htm","/w/index.php?title=Rugby_union&action=edit&section=36","/wiki/International_Standard_Book_Number","/wiki/Special:BookSources/0-7172-1601-2","/wiki/International_Standard_Book_Number","/wiki/Special:BookSources/1-86200-013-1","/wiki/International_Standard_Book_Number","/wiki/Special:BookSources/0-85112-214-0","/wiki/International_Standard_Book_Number","/wiki/Special:BookSources/0-460-07003-7","/wiki/International_Standard_Book_Number","/wiki/Special:BookSources/0-7092-0153-2","/wiki/Mainstream_Publishing","/wiki/International_Standard_Book_Number","/wiki/Special:BookSources/978-1-84596-255-5","/wiki/Dorling_Kindersley","/wiki/International_Standard_Book_Number","/wiki/Special:BookSources/978-1-4053-3697-0","/w/index.php?title=Rugby_union&action=edit&section=37","http://www.irb.com/lawregulations/laws/index.html","http://www.irb.com/lawregulations/laws/index.html","http://www.irb.com/lawregulations/regulations/index.html","http://www.irb.com/lawregulations/regulations/index.html","http://www.espnscrum.com/scrum/rugby/story/94071.html","/w/index.php?title=Rugby_union&action=edit&section=38","//upload.wikimedia.org/wikipedia/en/thumb/4/4a/Commons-logo.svg/30px-Commons-logo.svg.png","//commons.wikimedia.org/wiki/Category:Rugby_union","/wiki/Wikipedia:Wikimedia_sister_projects","//en.wiktionary.org/wiki/Special:Search/Rugby_union","//upload.wikimedia.org/wikipedia/commons/thumb/f/f8/Wiktionary-logo-en.svg/23px-Wiktionary-logo-en.svg.png","//en.wiktionary.org/wiki/Special:Search/Rugby_union","//commons.wikimedia.org/wiki/Special:Search/Rugby_union","//upload.wikimedia.org/wikipedia/en/thumb/4/4a/Commons-logo.svg/18px-Commons-logo.svg.png","//commons.wikimedia.org/wiki/Special:Search/Rugby_union","//en.wikiversity.org/wiki/Special:Search/Rugby_union","//upload.wikimedia.org/wikipedia/commons/thumb/1/1b/Wikiversity-logo-en.svg/25px-Wikiversity-logo-en.svg.png","//en.wikiversity.org/wiki/Special:Search/Rugby_union","//en.wikinews.org/wiki/Special:Search/Rugby_union","//upload.wikimedia.org/wikipedia/commons/thumb/2/24/Wikinews-logo.svg/25px-Wikinews-logo.svg.png","//en.wikinews.org/wiki/Special:Search/Rugby_union","//en.wikiquote.org/wiki/Special:Search/Rugby_union","//upload.wikimedia.org/wikipedia/commons/thumb/f/fa/Wikiquote-logo.svg/21px-Wikiquote-logo.svg.png","//en.wikiquote.org/wiki/Special:Search/Rugby_union","//en.wikisource.org/wiki/Special:Search/Rugby_union","//upload.wikimedia.org/wikipedia/commons/thumb/4/4c/Wikisource-logo.svg/24px-Wikisource-logo.svg.png","//en.wikisource.org/wiki/Special:Search/Rugby_union","//en.wikibooks.org/wiki/Special:Search/Rugby_union","//upload.wikimedia.org/wikipedia/commons/thumb/f/fa/Wikibooks-logo.svg/25px-Wikibooks-logo.svg.png","//en.wikibooks.org/wiki/Special:Search/Rugby_union","//en.wikivoyage.org/wiki/Special:Search/Rugby_union","//upload.wikimedia.org/wikipedia/commons/thumb/8/8a/Wikivoyage-logo.svg/25px-Wikivoyage-logo.svg.png","//en.wikivoyage.org/wiki/Special:Search/Rugby_union","http://www.irb.com","http://www.rugbydata.com","http://www.planetrugby.com/","http://www.espnscrum.com/","/wiki/Template:Team_sports","/wiki/Template_talk:Team_sports","//en.wikipedia.org/w/index.php?title=Template:Team_sports&action=edit","/wiki/Team#Independent_and_interdependent_teams","/wiki/Team_sport","/wiki/Sport","/wiki/Sport_governing_body","/wiki/List_of_sportspeople","/wiki/National_sport","/wiki/Basketball","/wiki/Beach_basketball","/wiki/Deaf_basketball","/wiki/3x3_(basketball)","/wiki/Water_basketball","/wiki/Wheelchair_basketball","/wiki/Cestoball","/wiki/Korfball","/wiki/Netball","/wiki/Fast5","/wiki/Indoor_netball","/wiki/Wheelchair_netball","/wiki/Slamball","/wiki/Football","/wiki/Association_football","/wiki/Beach_soccer","/wiki/Futsal","/wiki/Indoor_soccer","/wiki/Paralympic_association_football","/wiki/Amputee_football","/wiki/Powerchair_Football","/wiki/Street_football","/wiki/Australian_rules_football","/wiki/Lightning_football","/wiki/Metro_footy","/wiki/Nine-a-side_footy","/wiki/Rec_footy","/wiki/Circle_rules_football","/wiki/Gaelic_football","/wiki/Ladies%27_Gaelic_football","/wiki/Gridiron_football","/wiki/American_football","/wiki/Eight-man_football","/wiki/Flag_football","/wiki/Nine-man_football","/wiki/Six-man_football","/wiki/Sprint_football","/wiki/Touch_football_(American)","/wiki/Wheelchair_Football_(American)","/wiki/Canadian_football","/wiki/Indoor_American_football","/wiki/Arena_football","/wiki/Hybrid_sport","/wiki/Austus","/wiki/International_rules_football","/wiki/Kronum","/wiki/Samoa_Rules","/wiki/Universal_football","/wiki/Volata","/wiki/Medieval_football","/wiki/Ba_game","/wiki/Caid_(sport)","/wiki/Calcio_Fiorentino","/wiki/Camping_(game)","/wiki/Cnapan","/wiki/Cornish_hurling","/wiki/Cuju","/wiki/Harpastum","/wiki/Kemari","/wiki/Ki-o-rahi","/wiki/La_soule","/wiki/Lelo_burti","/wiki/Marn_Grook","/wiki/Mob_football","/wiki/Royal_Shrovetide_Football","/wiki/Uppies_and_Downies","/wiki/Yubi_lakpi","/wiki/Rugby_football","/wiki/Beach_rugby","/wiki/Rugby_league","/wiki/Masters_Rugby_League","/wiki/Mini_footy","/wiki/Mod_league","/wiki/Rugby_league_nines","/wiki/Rugby_league_sevens","/wiki/Tag_rugby","/wiki/Touch_football_(rugby_league)","/wiki/Wheelchair_rugby_league","/wiki/American_flag_rugby","/wiki/Mini_rugby","/wiki/Rugby_sevens","/wiki/Snow_rugby","/wiki/Tag_rugby","/wiki/Touch_rugby","/wiki/Rugby_tens","/wiki/Czech_handball","/wiki/Goalball","/wiki/Team_handball","/wiki/Beach_handball","/wiki/Field_handball","/wiki/Frisian_handball","/wiki/Torball","/wiki/Bat-and-ball_games","/wiki/Baseball","/wiki/Extreme_Baseball","/wiki/Br%C3%A4nnboll","/wiki/British_baseball","/wiki/Cricket","/wiki/One_Day_International","/wiki/Test_cricket","/wiki/Twenty20_International","/wiki/Danish_longball","/wiki/Kickball","/wiki/Lapta_(game)","/wiki/Matball","/wiki/Oin%C4%83","/wiki/Over-the-line","/wiki/Pes%C3%A4pallo","/wiki/Rounders","/wiki/Softball","/wiki/Stoolball","/wiki/Town_ball","/wiki/Vigoro","/wiki/Cammag","/wiki/Composite_rules_shinty%E2%80%93hurling","/wiki/Hurling","/wiki/Camogie","/wiki/Knotty","/wiki/Lacrosse","/wiki/Box_lacrosse","/wiki/Field_lacrosse","/wiki/Intercrosse","/wiki/Women%27s_lacrosse","/wiki/Polocrosse","/wiki/Shinty","/wiki/Hockey","/wiki/Ball_hockey","/wiki/Bandy","/wiki/Rink_bandy","/wiki/Broomball","/wiki/Moscow_broomball","/wiki/Field_hockey","/wiki/Indoor_field_hockey","/wiki/Floor_hockey","/wiki/Floorball","/wiki/Ice_hockey","/wiki/Power_hockey","/wiki/Inline_hockey","/wiki/Ringette","/wiki/Roller_hockey_(Quad)","/wiki/Rossall_Hockey","/wiki/Skater_hockey","/wiki/Sledge_hockey","/wiki/Street_hockey","/wiki/Underwater_hockey","/wiki/Underwater_ice_hockey","/wiki/Unicycle_hockey","/wiki/Polo","/wiki/Auto_polo","/wiki/Canoe_polo","/wiki/Cowboy_polo","/wiki/Cycle_polo","/wiki/Elephant_polo","/wiki/Horseball","/wiki/Pato","/wiki/Polo","/wiki/Segway_polo","/wiki/Yak_polo","/wiki/Biribol","/wiki/Bossaball","/wiki/Fistball","/wiki/Football_tennis","/wiki/Footvolley","/wiki/Jianzi","/wiki/Footbag_net","/wiki/Peteca","/wiki/Sepak_takraw","/wiki/Throwball","/wiki/Volleyball","/wiki/Beach_volleyball","/wiki/Paralympic_volleyball","/wiki/Ball_badminton","/wiki/Jokgu","/wiki/Airsoft","/wiki/Basque_pelota","/wiki/Frontenis","/wiki/Jai_alai","/wiki/Xare","/wiki/Buzkashi","/wiki/Curling","/wiki/Cycle_ball","/wiki/Dodgeball","/wiki/Gateball","/wiki/Kabaddi","/wiki/Kho_kho","/wiki/Kin-Ball","/wiki/Lagori","/wiki/Paintball","/wiki/P%C3%A9tanque","/wiki/Rollball","/wiki/Roller_derby","/wiki/Tamburello","/wiki/Tchoukball","/wiki/Ulama_(game)","/wiki/Ultimate_(sport)","/wiki/Underwater_rugby","/wiki/Water_polo","/wiki/Inner_tube_water_polo","/wiki/Wheelchair_rugby","/wiki/Underwater_football","/wiki/Whirlyball","/wiki/Yukigassen","/wiki/Template:International_rugby_union","/wiki/Template_talk:International_rugby_union","//en.wikipedia.org/w/index.php?title=Template:International_rugby_union&action=edit","/wiki/International_Rugby_Board","/wiki/Asian_Rugby_Football_Union","/wiki/Confederation_of_African_Rugby","/wiki/Confederaci%C3%B3n_Sudamericana_de_Rugby","/wiki/FIRA_%E2%80%93_Association_of_European_Rugby","/wiki/Federation_of_Oceania_Rugby_Unions","/wiki/North_America_Caribbean_Rugby_Association","/wiki/Rugby_World_Cup","/wiki/Rugby_World_Cup_Sevens","/wiki/IRB_Junior_World_Championship","/wiki/IRB_Junior_World_Rugby_Trophy","/wiki/IRB_Nations_Cup","/wiki/IRB_Sevens_World_Series","/wiki/The_Rugby_Championship","/wiki/Women%27s_Rugby_World_Cup","/wiki/IRB_Women%27s_Sevens_World_Series","/wiki/Nations_Cup_(women%27s_rugby_union)","/wiki/IRB_Women%27s_Sevens_Challenge_Cup","/wiki/Rugby_union_at_the_Asian_Games","/wiki/Rugby_sevens_at_the_Commonwealth_Games","/wiki/Rugby_union_at_the_Summer_Olympics","/wiki/Rugby_union_at_the_World_Games","/wiki/Rugby_sevens_at_the_2011_Pan_American_Games","/wiki/Africa_Cup","/wiki/CAR_Development_Trophy","/wiki/Asian_Five_Nations","/wiki/Asian_Sevens_Series","/wiki/Six_Nations_Championship","/wiki/European_Nations_Cup_(rugby_union)","/wiki/European_Under-18_Rugby_Union_Championship","/wiki/FORU_Oceania_Cup","/wiki/Pacific_Nations_Cup","/wiki/South_American_Rugby_Championship","/wiki/Americas_Rugby_Championship","/wiki/NACRA_Rugby_Championship","/wiki/Churchill_Cup","/wiki/Four_Nations_Tournament_(rugby_union)","/wiki/PARA_Pan_American_Championship","/wiki/Super_Cup_(rugby_union)","/wiki/Under_19_Rugby_World_Championship","/wiki/Under_21_Rugby_World_Championship","/wiki/Women%27s_international_rugby_union","/wiki/IRB_World_Rankings","/wiki/IRB_Awards","/wiki/Template:Rugby_Union_Club_Competitions","/wiki/Template_talk:Rugby_Union_Club_Competitions","//en.wikipedia.org/w/index.php?title=Template:Rugby_Union_Club_Competitions&action=edit","/wiki/Super_Rugby","/wiki/Pacific_Rugby_Cup","/wiki/Anglo-Welsh_Cup","/wiki/British_and_Irish_Cup","/wiki/European_Challenge_Cup","/wiki/Heineken_Cup","/wiki/Rugby_Nordic_Cup","/wiki/Regional_Rugby_Championship","/wiki/Pro_12","/wiki/1._Rugby_Bundesliga_(Austria)","/wiki/Belgian_Elite_League","/wiki/KB_Extraliga","/wiki/DRU_Superliga","/wiki/English_Premiership_(rugby_union)","/wiki/Finnish_Championship_League","/wiki/Top_14","/wiki/Georgia_Championship","/wiki/Rugby-Bundesliga","/wiki/Hungarian_Extraliga","/wiki/All-Ireland_League_(rugby_union)","/wiki/National_Championship_of_Excellence_(Italian_premiership)","/wiki/Ereklasse","/wiki/Norway_Rugby_Championship","/wiki/Rugby_Ekstraliga","/wiki/Campeonato_Portugu%C3%AAs_de_Rugby","/wiki/Divizia_Na%C5%A3ional%C4%83_(Rugby)","/wiki/Professional_Rugby_League","/wiki/Scottish_Premiership","/wiki/Divisi%C3%B3n_de_Honor_de_Rugby","/wiki/Allsvenskan_(rugby)","/w/index.php?title=Liga_A&action=edit&redlink=1","/wiki/Ukraine_Rugby_Superliga","/wiki/Welsh_Premier_Division","/wiki/Nacional_de_Clubes","/wiki/Campeonato_Argentino","/wiki/Australian_Rugby_Championship","/wiki/Campeonato_Brasileiro_de_Rugby","/wiki/Canadian_Rugby_Championship","/wiki/Top_League","/wiki/ITM_Cup","/wiki/Currie_Cup","/wiki/Rugby_Super_League_(United_States)","/wiki/Campeonato_Uruguayo_de_Rugby","http://en.wikipedia.org/w/index.php?title=Rugby_union&oldid=546216650","/wiki/Help:Categories","/wiki/Category:Rugby_union","/wiki/Category:Ball_games","/wiki/Category:Former_Summer_Olympic_sports","/wiki/Category:Sports_originating_in_England","/wiki/Category:Team_sports","/wiki/Category:Football_codes","/wiki/Category:Use_British_English_from_October_2012","/wiki/Category:Good_articles","/wiki/Category:Wikipedia_indefinitely_move-protected_pages","/wiki/Category:Use_dmy_dates_from_October_2012","/wiki/Category:Commons_category_template_with_no_category_set","/w/index.php?title=Special:UserLogin&returnto=Rugby+union&type=signup","/w/index.php?title=Special:UserLogin&returnto=Rugby+union","/wiki/Rugby_union","/wiki/Talk:Rugby_union","#","/wiki/Rugby_union","/w/index.php?title=Rugby_union&action=edit","/w/index.php?title=Rugby_union&action=history","#","/w/index.php","//bits.wikimedia.org/static-1.21wmf11/skins/vector/images/search-ltr.png?303-4","/wiki/Main_Page","/wiki/Main_Page","/wiki/Portal:Contents","/wiki/Portal:Featured_content","/wiki/Portal:Current_events","/wiki/Special:Random","//donate.wikimedia.org/wiki/Special:FundraiserRedirector?utm_source=donate&utm_medium=sidebar&utm_campaign=C13_en.wikipedia.org&uselang=en","/wiki/Help:Contents","/wiki/Wikipedia:About","/wiki/Wikipedia:Community_portal","/wiki/Special:RecentChanges","/wiki/Wikipedia:Contact_us","/wiki/Special:WhatLinksHere/Rugby_union","/wiki/Special:RecentChangesLinked/Rugby_union","/wiki/Wikipedia:File_Upload_Wizard","/wiki/Special:SpecialPages","/w/index.php?title=Rugby_union&oldid=546216650","/w/index.php?title=Rugby_union&action=info","/w/index.php?title=Special:Cite&page=Rugby_union&id=546216650","/w/index.php?title=Special:Book&bookcmd=book_creator&referer=Rugby+union","/w/index.php?title=Special:Book&bookcmd=render_article&arttitle=Rugby+union&oldid=546216650&writer=rl","/w/index.php?title=Rugby_union&printable=yes","//ang.wikipedia.org/wiki/Hr%C5%8Dcburh%C8%9Desamnun%C8%9De_ple%C8%9Da","//ar.wikipedia.org/wiki/%D8%A7%D8%AA%D8%AD%D8%A7%D8%AF_%D8%A7%D9%84%D8%B1%D8%BA%D8%A8%D9%8A","//ca.wikipedia.org/wiki/Rugbi_a_15","//cs.wikipedia.org/wiki/Rugby_union","//cy.wikipedia.org/wiki/Rygbi%27r_undeb","//de.wikipedia.org/wiki/Rugby_Union","//es.wikipedia.org/wiki/Rugby#Rugby_15_o_Rugby_Union","//eo.wikipedia.org/wiki/Rugbeo_15","//fa.wikipedia.org/wiki/%D8%B1%D8%A7%DA%AF%D8%A8%DB%8C_%DB%B1%DB%B5_%D9%86%D9%81%D8%B1%D9%87","//fr.wikipedia.org/wiki/Rugby_%C3%A0_XV","//gd.wikipedia.org/wiki/Rugbaidh","//ko.wikipedia.org/wiki/%EB%9F%AD%EB%B9%84_%EC%9C%A0%EB%8B%88%EC%98%A8","//hy.wikipedia.org/wiki/%D5%8C%D5%A5%D5%A3%D5%A2%D5%AB_15","//hi.wikipedia.org/wiki/%E0%A4%B0%E0%A4%97%E0%A5%8D%E0%A4%AC%E0%A5%80_%E0%A4%AF%E0%A5%82%E0%A4%A8%E0%A4%BF%E0%A4%AF%E0%A4%A8","//hr.wikipedia.org/wiki/Rugby_union","//id.wikipedia.org/wiki/Uni_rugbi","//ia.wikipedia.org/wiki/Rugby_a_15","//it.wikipedia.org/wiki/Rugby_a_15","//la.wikipedia.org/wiki/Harpastum_XV","//lb.wikipedia.org/wiki/Rugby_Union","//mr.wikipedia.org/wiki/%E0%A4%B0%E0%A4%97%E0%A5%8D%E0%A4%AC%E0%A5%80_%E0%A4%AF%E0%A5%81%E0%A4%A8%E0%A4%BF%E0%A4%AF%E0%A4%A8","//arz.wikipedia.org/wiki/%D8%A7%D8%AA%D8%AD%D8%A7%D8%AF_%D8%A7%D9%84%D8%B1%D8%AC%D8%A8%D9%89","//nl.wikipedia.org/wiki/Rugby_union","//ja.wikipedia.org/wiki/%E3%83%A9%E3%82%B0%E3%83%93%E3%83%BC%E3%83%A6%E3%83%8B%E3%82%AA%E3%83%B3","//no.wikipedia.org/wiki/Rugby_union","//oc.wikipedia.org/wiki/Rugbi_de_XV","//pl.wikipedia.org/wiki/Rugby_union","//ru.wikipedia.org/wiki/%D0%A0%D0%B5%D0%B3%D0%B1%D0%B8","//sco.wikipedia.org/wiki/Rugby_union","//simple.wikipedia.org/wiki/Rugby_union","//sk.wikipedia.org/wiki/Ragby","//sh.wikipedia.org/wiki/Rugby_union","//su.wikipedia.org/wiki/Rugbi_union","//fi.wikipedia.org/wiki/Rugby_union","//tr.wikipedia.org/wiki/Ragbi_birli%C4%9Fi","//zh.wikipedia.org/wiki/%E6%A9%84%E6%AC%96%E7%90%83","//www.wikidata.org/wiki/Special:ItemByTitle/enwiki/Rugby union","//en.wikipedia.org/wiki/Wikipedia:Text_of_Creative_Commons_Attribution-ShareAlike_3.0_Unported_License","//creativecommons.org/licenses/by-sa/3.0/","//wikimediafoundation.org/wiki/Terms_of_Use","//www.wikimediafoundation.org/","//en.wikipedia.org/wiki/Wikipedia:Contact_us","//wikimediafoundation.org/wiki/Privacy_policy","/wiki/Wikipedia:About","/wiki/Wikipedia:General_disclaimer","http://en.m.wikipedia.org/wiki/Rugby_union","//wikimediafoundation.org/","//bits.wikimedia.org/images/wikimedia-button.png","//www.mediawiki.org/","//bits.wikimedia.org/static-1.21wmf11/skins/common/images/poweredby_mediawiki_88x31.png","//bits.wikimedia.org/en.wikipedia.org/load.php?debug=false&lang=en&modules=skins.vector&only=scripts&skin=vector&*","/w/index.php?title=MediaWiki:Gadget-ReferenceTooltips.js&action=raw&ctype=text/javascript&508635914","//bits.wikimedia.org/en.wikipedia.org/load.php?debug=false&lang=en&modules=site&only=scripts&skin=vector&*"],"instances":["town","sevens","sevens","welsh_rugby_player","city","rugby_union","rugby_union","rugby_union","code","rugby_union","association_football","sevens","rugby","finchley"],"pdf":["http://www.irb.com/mm/document/lawsregs/0/090729sgsmlaw3_8811.pdf","http://www.irb.com/mm/document/lawsregs/0/090729sgsmlaw3_8811.pdf","http://www.irb.com/mm/document/training/0/beginners20guide20en_7391.pdf","http://www.irb.com/mm/document/training/0/beginners20guide20en_7391.pdf","http://www.irb.com/mm/document/training/0/beginners20guide20en_7391.pdf","http://www.irb.com/mm/document/training/0/beginners20guide20en_7391.pdf","http://www.irb.com/mm/document/training/0/beginners20guide20en_7391.pdf","http://www.irb.com/mm/document/training/0/beginners20guide20en_7391.pdf","http://www.irblaws.com/downloads/EN/Law_9_EN.pdf","http://www.irblaws.com/downloads/EN/Law_9_EN.pdf","http://www.irb.com/mm/Document/LawsRegs/0/Law1EN_7709.pdf","http://www.irb.com/mm/Document/LawsRegs/0/Law1EN_7709.pdf","http://www.irblaws.com/downloads/EN/Law_1_EN.pdf","http://www.irblaws.com/downloads/EN/Law_1_EN.pdf","http://www.irblaws.com/downloads/EN/Law_5_EN.pdf","http://www.irblaws.com/downloads/EN/Law_5_EN.pdf","http://www.irblaws.com/downloads/EN/Law_12_EN.pdf","http://www.irblaws.com/downloads/EN/Law_12_EN.pdf","http://www.irblaws.com/downloads/EN/Law_19_EN.pdf","http://www.irblaws.com/downloads/EN/Law_19_EN.pdf","http://www.irblaws.com/downloads/EN/Law_10_EN.pdf","http://www.irblaws.com/downloads/EN/Law_10_EN.pdf","http://www.irblaws.com/downloads/EN/Law_10_EN.pdf","http://www.irblaws.com/downloads/EN/Law_10_EN.pdf","http://www.irblaws.com/downloads/EN/Law_10_EN.pdf","http://www.irblaws.com/downloads/EN/Law_10_EN.pdf","http://www.irblaws.com/downloads/EN/Law_19_EN.pdf","http://www.irblaws.com/downloads/EN/Law_19_EN.pdf","http://www.irblaws.com/downloads/EN/Law_19_EN.pdf","http://www.irblaws.com/downloads/EN/Law_19_EN.pdf","http://www.irblaws.com/downloads/EN/Law_19_EN.pdf","http://www.irblaws.com/downloads/EN/Law_19_EN.pdf","http://www.irblaws.com/downloads/EN/Law_20_EN.pdf","http://www.irblaws.com/downloads/EN/Law_20_EN.pdf","http://www.irblaws.com/downloads/EN/Law_6_EN.pdf","http://www.irblaws.com/downloads/EN/Law_6_EN.pdf","http://www.irblaws.com/downloads/EN/Law_10_EN.pdf","http://www.irblaws.com/downloads/EN/Law_10_EN.pdf","http://www.irb.com/mm/Document/LawsRegs/0/Law2EN_7708.pdf","http://www.irb.com/mm/Document/LawsRegs/0/Law2EN_7708.pdf","http://www.irblaws.com/downloads/EN/Law_4_EN.pdf","http://www.irblaws.com/downloads/EN/Law_4_EN.pdf","http://www.irb.com/mm/document/lawsregs/0/regulation12090603_8287.pdf","http://www.irb.com/mm/document/lawsregs/0/regulation12090603_8287.pdf","http://www.nzte.govt.nz/latest-events/Rugby-World-Cup-2011/Documents/Country%20brief%20-%20Tonga.pdf","http://www.nzte.govt.nz/latest-events/Rugby-World-Cup-2011/Documents/Country%20brief%20-%20Tonga.pdf","http://www.irb.com/mm/document/training/0/beginners20guide20en_7391.pdf","http://www.irb.com/mm/document/training/0/beginners20guide20en_7391.pdf","http://www.irishrugby.ie/downloads/IRFU_Mini_Rugby_09-10.pdf","http://www.irishrugby.ie/downloads/IRFU_Mini_Rugby_09-10.pdf","http://www.irb.com/mm/Document/NewsMedia/MediaZone/02/04/22/88/2042288_PDF.pdf","http://www.irb.com/mm/Document/NewsMedia/MediaZone/02/04/22/88/2042288_PDF.pdf","http://www.irb.com/mm/document/newsmedia/mediazone/02/04/21/65/2042165_pdf.pdf","http://www.irb.com/mm/document/newsmedia/mediazone/02/04/21/65/2042165_pdf.pdf"],"categories":["Rugby union|*","Ball games","Former Summer Olympic sports","Sports originating in England","Team sports","Football codes"],"headings":["History","Teams and positions","Laws","Equipment","Governing bodies","Global reach","Women's rugby union","Major international competitions","Variants","Influence on other sports","Statistics and records","In culture","See also","Footnotes","External links"],"image":["//upload.wikimedia.org/wikipedia/en/thumb/9/94/Symbol_support_vote.svg/15px-Symbol_support_vote.svg.png","//upload.wikimedia.org/wikipedia/commons/thumb/b/b7/New_Zealand_vs_South_Africa_2006_Tri_Nations_Line_Out.JPG/300px-New_Zealand_vs_South_Africa_2006_Tri_Nations_Line_Out.JPG","//upload.wikimedia.org/wikipedia/commons/thumb/6/66/Rugby_School_850.jpg/220px-Rugby_School_850.jpg","//bits.wikimedia.org/static-1.21wmf11/skins/common/images/magnify-clip.png","//upload.wikimedia.org/wikipedia/commons/thumb/6/63/King_George_V_presents_a_cup_to_the_captain_of_the_winning_New_Zealand_Services_Rugby_Team%2C_London.jpeg/220px-King_George_V_presents_a_cup_to_the_captain_of_the_winning_New_Zealand_Services_Rugby_Team%2C_London.jpeg","//bits.wikimedia.org/static-1.21wmf11/skins/common/images/magnify-clip.png","//upload.wikimedia.org/wikipedia/commons/thumb/0/0b/Rugby_Union_Formation.svg/220px-Rugby_Union_Formation.svg.png","//bits.wikimedia.org/static-1.21wmf11/skins/common/images/magnify-clip.png","//upload.wikimedia.org/wikipedia/commons/thumb/3/3e/Chabal_Rugby_Racing_vs_Stade_Toulousain_311009.jpg/220px-Chabal_Rugby_Racing_vs_Stade_Toulousain_311009.jpg","//bits.wikimedia.org/static-1.21wmf11/skins/common/images/magnify-clip.png","//upload.wikimedia.org/wikipedia/commons/thumb/a/ac/RugbyPitchMetricDetailed.svg/300px-RugbyPitchMetricDetailed.svg.png","//bits.wikimedia.org/static-1.21wmf11/skins/common/images/magnify-clip.png","//upload.wikimedia.org/wikipedia/commons/thumb/c/c9/Tackle.JPG/220px-Tackle.JPG","//bits.wikimedia.org/static-1.21wmf11/skins/common/images/magnify-clip.png","//upload.wikimedia.org/wikipedia/commons/thumb/7/72/Ireland_vs_Georgia%2C_Rugby_World_Cup_2007_line_up.jpg/220px-Ireland_vs_Georgia%2C_Rugby_World_Cup_2007_line_up.jpg","//bits.wikimedia.org/static-1.21wmf11/skins/common/images/magnify-clip.png","//upload.wikimedia.org/wikipedia/commons/thumb/b/bd/Scrum-1.JPG/220px-Scrum-1.JPG","//bits.wikimedia.org/static-1.21wmf11/skins/common/images/magnify-clip.png","//upload.wikimedia.org/wikipedia/commons/thumb/6/6e/Rugbyball2.jpg/220px-Rugbyball2.jpg","//bits.wikimedia.org/static-1.21wmf11/skins/common/images/magnify-clip.png","//upload.wikimedia.org/wikipedia/commons/thumb/3/33/IRB_member_unions_and_associates.svg/350px-IRB_member_unions_and_associates.svg.png","//bits.wikimedia.org/static-1.21wmf11/skins/common/images/magnify-clip.png","//upload.wikimedia.org/wikipedia/commons/thumb/f/f3/Walers_Japan_Rugby_World_Cup_2007_09_20_supporters1.jpg/220px-Walers_Japan_Rugby_World_Cup_2007_09_20_supporters1.jpg","//bits.wikimedia.org/static-1.21wmf11/skins/common/images/magnify-clip.png","//upload.wikimedia.org/wikipedia/commons/thumb/6/6c/Germany_vs_Belgium_rugby_match_.jpg/220px-Germany_vs_Belgium_rugby_match_.jpg","//bits.wikimedia.org/static-1.21wmf11/skins/common/images/magnify-clip.png","//upload.wikimedia.org/wikipedia/commons/thumb/c/c8/URBA_Finals.jpg/170px-URBA_Finals.jpg","//bits.wikimedia.org/static-1.21wmf11/skins/common/images/magnify-clip.png","//upload.wikimedia.org/wikipedia/commons/thumb/8/85/Calcutta_Cup%2C_Twickenham%2C_July_07.jpg/170px-Calcutta_Cup%2C_Twickenham%2C_July_07.jpg","//bits.wikimedia.org/static-1.21wmf11/skins/common/images/magnify-clip.png","//upload.wikimedia.org/wikipedia/commons/thumb/9/9d/F5f4f1d0734f015b98b66d455884a9e0.jpg/220px-F5f4f1d0734f015b98b66d455884a9e0.jpg","//bits.wikimedia.org/static-1.21wmf11/skins/common/images/magnify-clip.png","//upload.wikimedia.org/wikipedia/commons/thumb/e/e5/Women%27s_Rugby_Mark.jpg/220px-Women%27s_Rugby_Mark.jpg","//bits.wikimedia.org/static-1.21wmf11/skins/common/images/magnify-clip.png","//upload.wikimedia.org/wikipedia/commons/thumb/b/b4/Coupe_du_monde_rugby_-_tour_Eiffel.JPG/220px-Coupe_du_monde_rugby_-_tour_Eiffel.JPG","//bits.wikimedia.org/static-1.21wmf11/skins/common/images/magnify-clip.png","//upload.wikimedia.org/wikipedia/commons/thumb/5/58/Spielszene_BK.jpg/220px-Spielszene_BK.jpg","//bits.wikimedia.org/static-1.21wmf11/skins/common/images/magnify-clip.png","//upload.wikimedia.org/wikipedia/commons/thumb/0/09/Fielding_Yost-1902.jpg/220px-Fielding_Yost-1902.jpg","//bits.wikimedia.org/static-1.21wmf11/skins/common/images/magnify-clip.png","//upload.wikimedia.org/wikipedia/commons/thumb/d/d6/Henri_Rousseau_-_The_Football_Players.jpg/220px-Henri_Rousseau_-_The_Football_Players.jpg","//bits.wikimedia.org/static-1.21wmf11/skins/common/images/magnify-clip.png","//upload.wikimedia.org/wikipedia/commons/thumb/4/46/Ru_ball.svg/31px-Ru_ball.svg.png","//upload.wikimedia.org/wikipedia/commons/thumb/2/24/Wikinews-logo.svg/40px-Wikinews-logo.svg.png","//upload.wikimedia.org/wikipedia/en/thumb/4/4a/Commons-logo.svg/30px-Commons-logo.svg.png","//upload.wikimedia.org/wikipedia/commons/thumb/f/f8/Wiktionary-logo-en.svg/23px-Wiktionary-logo-en.svg.png","//upload.wikimedia.org/wikipedia/en/thumb/4/4a/Commons-logo.svg/18px-Commons-logo.svg.png","//upload.wikimedia.org/wikipedia/commons/thumb/1/1b/Wikiversity-logo-en.svg/25px-Wikiversity-logo-en.svg.png","//upload.wikimedia.org/wikipedia/commons/thumb/2/24/Wikinews-logo.svg/25px-Wikinews-logo.svg.png","//upload.wikimedia.org/wikipedia/commons/thumb/f/fa/Wikiquote-logo.svg/21px-Wikiquote-logo.svg.png","//upload.wikimedia.org/wikipedia/commons/thumb/4/4c/Wikisource-logo.svg/24px-Wikisource-logo.svg.png","//upload.wikimedia.org/wikipedia/commons/thumb/f/fa/Wikibooks-logo.svg/25px-Wikibooks-logo.svg.png","//upload.wikimedia.org/wikipedia/commons/thumb/8/8a/Wikivoyage-logo.svg/25px-Wikivoyage-logo.svg.png","//bits.wikimedia.org/static-1.21wmf11/skins/vector/images/search-ltr.png?303-4","//bits.wikimedia.org/images/wikimedia-button.png","//bits.wikimedia.org/static-1.21wmf11/skins/common/images/poweredby_mediawiki_88x31.png"],"tags":[["football","ball#rugby_union"],["english_premiership","rugby_union"],["tom_williams","welsh_rugby_player"],["tri_nations","rugby_union"],["touch","rugby"],["line-out","rugby_union"],["hooker","rugby_union"],["offside","rugby#rugby_union"],["christ's_college","finchley"],["ba","town"],["new_zealand_national_rugby_union_team","sevens"],["japan_national_rugby_union_team","sevens"],["kazakhstan_women's_national_rugby_union_team","sevens"],["utrecht","city"],["swedish_football","code"],["laws_of_the_game","association_football"]],"members":["ba","football","new_zealand_national_rugby_union_team","tom_williams","utrecht","hooker","tri_nations","swedish_football","english_premiership","laws_of_the_game","offside","japan_national_rugby_union_team","touch"],"related":["Victor_Matfield","International_Rugby_Board","Team_sport","Rugby_Sevens","2016_Summer_Olympics","Comparison_of_rugby_league_and_rugby_union","Rugby_football","Rugby_ball","William_Webb_Ellis","Rugby_School","Blackheath_F.C.","The_Football_Association","Rugby_league","International_Rugby_Board","Home_Nations","Rugby_World_Cup","Webb_Ellis_Cup","Six_Nations_Championship","The_Rugby_Championship","Top_14","English_Premiership_(rugby_union)","Currie_Cup","ITM_Cup","Pro_12","Heineken_Cup","Rugby,_Warwickshire","English_public_school_football_games","William_Webb-Ellis","Commemorative_plaque","Webb_Ellis_Cup","English_public_school_football_games","Albert_Pell","Cambridge_University","Eton_College","Cambridge_Rules","Rugby_Football_Union","Rugby_league","1871_England_versus_Scotland_rugby_union_match","Six_Nations_Championship","Rugby_sevens","Melrose_Sevens","1888_British_Lions_tour_to_New_Zealand_and_Australia","British_and_Irish_Lions","1888–1889_New_Zealand_Native_football_team","The_Original_All_Blacks","1906-07_South_Africa_rugby_union_tour","1908-09_Australia_rugby_union_tour_of_Britain","Ka_Mate","Tom_Williams_(Welsh_rugby_player)","Teddy_Morgan","New_Zealand_Army_rugby_team_of_1919","Cambridge_University_R.U.F.C.","Oxford_University_RFC","The_Varsity_Match","Scottish_Rugby_Union","Commonwealth_Rugby_Sevens_Championships","Shamateurism","Independent_News_&_Media","Heineken_Cup","Super_Rugby","Tri_Nations_(rugby_union)","Rugby_league","Try","Drop_goal","Imperial_units","Metric_system","Half-time","Touch_(rugby)","Ankle_tap","Georgia_national_rugby_union_team","2007_Rugby_World_Cup","Line-out_(rugby_union)","Hooker_(rugby_union)","Citing_commissioner","Rugby_shorts","Prolate_spheroid","Mouthguard","Scrum_cap","Shin_guard","Dublin","IRB_World_Rankings","Rugby_World_Cup","Women's_Rugby_World_Cup","Rugby_World_Cup_Sevens","IRB_Sevens_World_Series","IRB_Junior_World_Championship","IRB_Junior_World_Rugby_Trophy","IRB_Nations_Cup","Pacific_Nations_Cup","Confederation_of_African_Rugby","Asian_Rugby_Football_Union","North_American_and_Caribbean_Rugby_Association","FIRA_-_Association_of_European_Rugby","Federation_of_Oceania_Rugby_Unions","Confederación_Sudamericana_de_Rugby","SANZAR","South_African_Rugby_Union","New_Zealand_Rugby_Union","Australian_Rugby_Union","Super_Rugby","The_Rugby_Championship","Argentine_Rugby_Union","Scottish_Rugby_Union","Irish_Rugby_Union","Welsh_Rugby_Union","Rugby_Football_Union","French_Rugby_Federation","Rugby_union_in_England","Rugby_union_in_Scotland","Rugby_union_in_Ireland","Rugby_union_in_Wales","Rugby_union_in_France","Rugby_union_in_Argentina","National_sport","Rugby_union_in_Georgia","Rugby_union_in_Tonga","Encyclopaedia_of_Wales","New_South_Wales","Rugby_union_in_Australia","Rugby_union_in_New_Zealand","Christ's_College_(Finchley)","Rugby_union_in_Fiji","Ba_(town)","Rugby_union_in_Samoa","Samoa_Rugby_Union","Rugby_union_in_Tonga","Rugby_union_in_the_Cook_Islands","Rugby_union_in_Niue","Rugby_union_in_Papua_New_Guinea","Rugby_union_in_the_Solomon_Islands","Rugby_union_in_Canada","Rugby_union_in_the_United_States","McGill_University","Harvard_University","Rugby_union_in_Trinidad_and_Tobago","British_Guiana","Rugby_union_in_Barbados","Rugby_union_in_Jamaica","Rugby_union_in_Bermuda","Rugby_union_in_Belgium","Rugby_union_in_the_Netherlands","Rugby_union_in_Germany","Rugby_union_in_Spain","Rugby_union_in_Romania","Rugby_union_in_Poland","Rugby_union_in_Italy","Rugby_union_in_Czechoslovakia","French_Rugby_Federation","FIRA&nbsp;–_Association_of_European_Rugby","Rugby_union_in_Russia","Rugby_union_in_Portugal","Hindú_Club","Torneo_de_la_URBA","Argentina","South_America","Argentine_Rugby_Union","Rugby_union_in_Brazil","Rugby_union_in_Uruguay","Montevideo_Cricket_Club","Rugby_union_in_Chile","Rugby_union_in_Paraguay","Rugby_union_in_India","Calcutta_Football_Club","Calcutta_Cup","Rugby_union_in_Sri_Lanka","Rugby_union_in_Malaysia","HMS_Malaya","Rugby_union_in_Japan","Ginnosuke_Tanaka","Trinity_Hall,_Cambridge","Edward_Bramwell_Clarke","Corpus_Christi_College,_Cambridge","2019_Rugby_World_Cup","Rugby_union_in_Singapore","Rugby_union_in_South_Korea","Rugby_union_in_China","Philippine_Rugby_Football_Union","Rugby_union_in_Hong_Kong","Hong_Kong_Sevens","Rugby_union_in_Oman","Qaboos_bin_Said_al_Said","Rugby_union_in_Bahrain","Dubai_Sevens","Rugby_union_in_Israel","2011_Rugby_World_Cup&nbsp;–_Africa_qualification","Rugby_union_in_South_Africa","Rugby_union_in_Rhodesia","Rugby_union_in_Madagascar","Rugby_union_in_Côte_d'Ivoire","Rugby_union_in_Kenya","Rugby_union_in_Uganda","Rugby_union_in_Zambia","Portora_Royal_School","Cardiff_Arms_Park","Rugby_Football_Union_for_Women","Women's_Rugby_World_Cup","BBC_Radio_Five_Live","2007_Rugby_World_Cup","Rugby_World_Cup","New_Zealand_national_rugby_union_team","2011_Rugby_World_Cup","Six_Nations_Championship","The_Rugby_Championship","Home_Nations","Stadio_Flaminio","SANZAR","Argentine_Rugby_Union","Rugby_union_at_the_1900_Summer_Olympics","Rugby_union_at_the_1908_Summer_Olympics","Rugby_union_at_the_1920_Summer_Olympics","Rugby_union_at_the_1924_Summer_Olympics","International_Olympic_Committee","2016_Summer_Olympics","2020_Summer_Olympics","Bernard_Lapasset","Commonwealth_Rugby_Sevens_Championships","1998_Commonwealth_Games","New_Zealand_national_rugby_union_team_(sevens)","Asian_Games","1998_Asian_Games","2010_Asian_Games","Japan_national_rugby_union_team_(sevens)","Kazakhstan_women's_national_rugby_union_team_(sevens)","France_women's_national_rugby_union_team","Netherlands_women's_national_rugby_union_team","Utrecht_(city)","Women's_Rugby_World_Cup","1991_Women's_Rugby_World_Cup","United_States_women's_national_rugby_union_team","1994_Women's_Rugby_World_Cup","1998_Women's_Rugby_World_Cup","2002_Women's_Rugby_World_Cup","2006_Women's_Rugby_World_Cup","2010_Women's_Rugby_World_Cup","Women's_Six_Nations_Championship","1996_Women's_Home_Nations_Championship","England_national_women's_rugby_union_team","2006_Women's_Six_Nations_Championship","2012_Women's_Six_Nations_Championship","Rugby_sevens","Melrose,_Scotland","Hong_Kong_Sevens","Dubai_Sevens","Rugby_tens","Touch_rugby","Tag_Rugby","Mini_rugby","American_Flag_Rugby","Beach_rugby","Snow_rugby","University_of_Michigan","University_of_Minnesota","Gridiron_football","American_football","Canadian_football","Canadian_football","Rugby_football","Ontario_Rugby_Football_Union","Quebec_Rugby_Football_Union","Australian_rules_football","Rugby_football","English_public_school_football_games","Geoffrey_Blainey","Leonie_Sandercock","Sean_Fagan","Tom_Wills","James_Naismith","Jump_ball","McGill_University","Swedish_football_(code)","Laws_of_the_Game_(association_football)","Rugby_football","Wheelchair_rugby","Wheelchair_basketball","Ice_hockey","Team_handball","Coventry_University","2007_Rugby_World_Cup","George_Gregan","Dan_Carter","Rugby_union_in_Lithuania","Rugby_union_in_Serbia","Tom_Brown's_Schooldays","Rugby_School","Bective_Rangers","James_Magee","Henri_Rousseau","Albert_Gleizes","Robert_Delaunay","André_Lhote","Art_competitions_at_the_1928_Summer_Olympics","Jean_Jacoby","John_Carlin","1995_Rugby_World_Cup","Gerald_Laing","Twickenham_Stadium","Tasker_Watkins","Millennium_Stadium","Gareth_Edwards","Danie_Craven","International_Rugby_Hall_of_Fame","IRB_Hall_of_Fame","List_of_international_rugby_union_teams","List_of_oldest_rugby_union_competitions","List_of_rugby_union_terms","Experimental_law_variations"]}