{"cursor":"4788","size":15,"audio":[],"currentlang":"en","article":"\n'Maria' may refer to:\n","linknr":193,"url":"maria","recorded":1364147714,"links":["/w/index.php?title=Maria&action=edit","/w/index.php?title=Maria&action=edit","//en.wikipedia.org/apple-touch-icon.png","//bits.wikimedia.org/favicon/wikipedia.ico","/w/opensearch_desc.php","//en.wikipedia.org/w/api.php?action=rsd","//creativecommons.org/licenses/by-sa/3.0/","/w/index.php?title=Special:RecentChanges&feed=atom","//bits.wikimedia.org/en.wikipedia.org/load.php?debug=false&lang=en&modules=ext.gadget.DRN-wizard%2CReferenceTooltips%2Ccharinsert%2Cteahouse%7Cext.wikihiero%7Cmediawiki.legacy.commonPrint%2Cshared%7Cmw.PopUpMediaTransform%7Cskins.vector&only=styles&skin=vector&*","//bits.wikimedia.org/en.wikipedia.org/load.php?debug=false&lang=en&modules=site&only=styles&skin=vector&*","//bits.wikimedia.org/en.wikipedia.org/load.php?debug=false&lang=en&modules=startup&only=scripts&skin=vector&*","//bits.wikimedia.org/geoiplookup","//meta.wikimedia.org","#mw-head","#p-search","//upload.wikimedia.org/wikipedia/commons/thumb/f/f8/Wiktionary-logo-en.svg/37px-Wiktionary-logo-en.svg.png","//en.wiktionary.org/wiki/Maria","//en.wiktionary.org/wiki/Mar%C3%ADa","#People","#Fictional_characters","#Places","#Language_and_literature","#Science_and_technology","#Ships","#Music","#Songs","#Performers","#Other","#Other_uses","#See_also","/w/index.php?title=Maria&action=edit&section=1","/wiki/Maria_(given_name)","/wiki/Maria_Feodorovna_(Dagmar_of_Denmark)","/wiki/Grand_Duchess_Maria_Nikolaevna_of_Russia","/wiki/Maria_(daughter_of_Maurice)","/wiki/Maria_Prophetissa","/wiki/Maria_(gens)","/w/index.php?title=Maria&action=edit&section=2","/wiki/Maria_(Twelfth_Night)","/wiki/Maria_(West_Side_Story)","/wiki/Maria_(Counting_Crows)","/wiki/Maria_Robotnik#Maria_Robotnik","/wiki/Maria_(Silent_Hill)","/w/index.php?title=Maria&action=edit&section=3","/wiki/Madia_Gond","/wiki/Mar%C3%ADa,_Spain","/wiki/Maria,_Siquijor","/wiki/Maria,_Maevatanana","/wiki/Maria,_Quebec","/w/index.php?title=Maria&action=edit&section=4","/wiki/Maria_language_(India)","/wiki/Maria_language_(Papua_New_Guinea)","/wiki/Mar%C3%ADa_(novel)","/wiki/Maria_(play)","/wiki/Maria:_or,_The_Wrongs_of_Woman","/w/index.php?title=Maria&action=edit&section=5","/wiki/170_Maria","/wiki/Lunar_maria","/wiki/Maria_(reachability_analyzer)","/wiki/Maria_reactor","/wiki/Maria_(storage_engine)","/wiki/MariaDB","/wiki/Tropical_Storm_Maria_(disambiguation)","/wiki/MARIA_XML","/w/index.php?title=Maria&action=edit&section=6","/wiki/SS_Maria","/wiki/SS_Maria_Dan","/w/index.php?title=Maria&action=edit&section=7","/w/index.php?title=Maria&action=edit&section=8","/wiki/Mar%C3%ADa_(song)","/wiki/Maria_(1956_song)","/wiki/Maria_(1959_song)","/wiki/Maria_(Blondie_song)","/wiki/Mar%C3%ADa_(Franco_song)","/wiki/Maria_(US5_song)","/wiki/Virgin_Ground","/wiki/Maria_(I_Like_It_Loud)","/wiki/Roses_%26_Clover","/wiki/Caf%C3%A9_Tacuba_(album)","/wiki/Rebirth_(Gackt_album)","/wiki/Secrets_of_the_Beehive","/wiki/International_Superhits!","/wiki/2300_Jackson_Street","/wiki/200_Pounds_Beauty#Soundtrack","/wiki/Two_Hearts_(album)","/wiki/The_Battle_of_Los_Angeles_(album)","/wiki/Believe_(Justin_Bieber_album)","/wiki/West_Textures","/wiki/Wu-Tang_Forever","/wiki/Believe_(Justin_Bieber_album)","/w/index.php?title=Maria&action=edit&section=9","/wiki/Maria_(band)","/wiki/Maria_(Danish_singer)","/wiki/Maria_(Bulgarian_singer)","/wiki/Maria_(Japanese_singer)","/w/index.php?title=Maria&action=edit&section=10","/wiki/They_Call_the_Wind_Maria","/wiki/Maria_(album)","/wiki/Roman_Statkowski","/w/index.php?title=Maria&action=edit&section=11","/wiki/Maria_biscuit","/wiki/Mar%C3%ADa_(film)","/wiki/Maria_(goose)","/w/index.php?title=Maria&action=edit&section=12","/wiki/Marie_(disambiguation)","/wiki/Mariah_(disambiguation)","/wiki/Mary_(given_name)","/wiki/Ave_Maria_(disambiguation)","/wiki/Lunar_mare","/wiki/Santa_Maria_(disambiguation)","/wiki/Black_Maria_(disambiguation)","/wiki/File:Disambig_gray.svg","//upload.wikimedia.org/wikipedia/en/thumb/5/5f/Disambig_gray.svg/30px-Disambig_gray.svg.png","/wiki/Help:Disambiguation","//en.wikipedia.org/w/index.php?title=Special:WhatLinksHere/Maria&namespace=0","http://en.wikipedia.org/w/index.php?title=Maria&oldid=544730691","/wiki/Help:Categories","/wiki/Category:Disambiguation_pages","/wiki/Category:All_article_disambiguation_pages","/wiki/Category:All_disambiguation_pages","/w/index.php?title=Special:UserLogin&returnto=Maria&type=signup","/w/index.php?title=Special:UserLogin&returnto=Maria","/wiki/Maria","/wiki/Talk:Maria","#","/wiki/Maria","/w/index.php?title=Maria&action=edit","/w/index.php?title=Maria&action=history","#","/w/index.php","//bits.wikimedia.org/static-1.21wmf11/skins/vector/images/search-ltr.png?303-4","/wiki/Main_Page","/wiki/Main_Page","/wiki/Portal:Contents","/wiki/Portal:Featured_content","/wiki/Portal:Current_events","/wiki/Special:Random","//donate.wikimedia.org/wiki/Special:FundraiserRedirector?utm_source=donate&utm_medium=sidebar&utm_campaign=C13_en.wikipedia.org&uselang=en","/wiki/Help:Contents","/wiki/Wikipedia:About","/wiki/Wikipedia:Community_portal","/wiki/Special:RecentChanges","/wiki/Wikipedia:Contact_us","/wiki/Special:WhatLinksHere/Maria","/wiki/Special:RecentChangesLinked/Maria","/wiki/Wikipedia:File_Upload_Wizard","/wiki/Special:SpecialPages","/w/index.php?title=Maria&oldid=544730691","/w/index.php?title=Maria&action=info","/w/index.php?title=Special:Cite&page=Maria&id=544730691","/w/index.php?title=Special:Book&bookcmd=book_creator&referer=Maria","/w/index.php?title=Special:Book&bookcmd=render_article&arttitle=Maria&oldid=544730691&writer=rl","/w/index.php?title=Maria&printable=yes","//bg.wikipedia.org/wiki/%D0%9C%D0%B0%D1%80%D0%B8%D1%8F_(%D0%BF%D0%BE%D1%8F%D1%81%D0%BD%D0%B5%D0%BD%D0%B8%D0%B5)","//br.wikipedia.org/wiki/Mar%C3%ADa","//ca.wikipedia.org/wiki/Maria_(desambiguaci%C3%B3)","//ceb.wikipedia.org/wiki/Mar%C3%ADa","//de.wikipedia.org/wiki/Maria_(Begriffskl%C3%A4rung)","//es.wikipedia.org/wiki/Mar%C3%ADa","//fa.wikipedia.org/wiki/%D9%85%D8%A7%D8%B1%DB%8C%D8%A7_(%D8%A7%D8%A8%D9%87%D8%A7%D9%85%E2%80%8C%D8%B2%D8%AF%D8%A7%DB%8C%DB%8C)","//fr.wikipedia.org/wiki/Maria","//ko.wikipedia.org/wiki/%EB%A7%88%EB%A6%AC%EC%95%84","//id.wikipedia.org/wiki/Maria_(disambiguasi)","//it.wikipedia.org/wiki/Maria","//la.wikipedia.org/wiki/Maria","//lv.wikipedia.org/wiki/Marija","//ln.wikipedia.org/wiki/Maria","//ms.wikipedia.org/wiki/Maria","//nl.wikipedia.org/wiki/Maria","//ja.wikipedia.org/wiki/%E3%83%9E%E3%83%AA%E3%82%A2","//pt.wikipedia.org/wiki/Maria","//ro.wikipedia.org/wiki/Maria","//ru.wikipedia.org/wiki/%D0%9C%D0%B0%D1%80%D0%B8%D1%8F","//sk.wikipedia.org/wiki/M%C3%A1ria","//sv.wikipedia.org/wiki/Maria_(olika_betydelser)","//vls.wikipedia.org/wiki/Maria","//zh-yue.wikipedia.org/wiki/%E9%A6%AC%E5%88%A9%E4%BA%9E","//www.wikidata.org/wiki/Special:ItemByTitle/enwiki/Maria","//en.wikipedia.org/wiki/Wikipedia:Text_of_Creative_Commons_Attribution-ShareAlike_3.0_Unported_License","//creativecommons.org/licenses/by-sa/3.0/","//wikimediafoundation.org/wiki/Terms_of_Use","//www.wikimediafoundation.org/","//en.wikipedia.org/wiki/Wikipedia:Contact_us","//wikimediafoundation.org/wiki/Privacy_policy","/wiki/Wikipedia:About","/wiki/Wikipedia:General_disclaimer","http://en.m.wikipedia.org/wiki/Maria","//wikimediafoundation.org/","//bits.wikimedia.org/images/wikimedia-button.png","//www.mediawiki.org/","//bits.wikimedia.org/static-1.21wmf11/skins/common/images/poweredby_mediawiki_88x31.png","//bits.wikimedia.org/en.wikipedia.org/load.php?debug=false&lang=en&modules=skins.vector&only=scripts&skin=vector&*","/w/index.php?title=MediaWiki:Gadget-ReferenceTooltips.js&action=raw&ctype=text/javascript&508635914","//bits.wikimedia.org/en.wikipedia.org/load.php?debug=false&lang=en&modules=site&only=scripts&skin=vector&*"],"instances":["papua_new_guinea","goose","disambiguation","disambiguation","disambiguation","disambiguation","film","dagmar_of_denmark","disambiguation","given_name","disambiguation"],"pdf":[],"categories":[],"headings":["People","Places","Language and literature","Science and technology","Ships","Music","Other uses","See also"],"image":["//upload.wikimedia.org/wikipedia/commons/thumb/f/f8/Wiktionary-logo-en.svg/37px-Wiktionary-logo-en.svg.png","//upload.wikimedia.org/wikipedia/en/thumb/5/5f/Disambig_gray.svg/30px-Disambig_gray.svg.png","//bits.wikimedia.org/static-1.21wmf11/skins/vector/images/search-ltr.png?303-4","//bits.wikimedia.org/images/wikimedia-button.png","//bits.wikimedia.org/static-1.21wmf11/skins/common/images/poweredby_mediawiki_88x31.png"],"tags":[["maria","given_name"],["maria_feodorovna","dagmar_of_denmark"],["maria","daughter_of_maurice"],["maria","gens"],["maria","twelfth_night"],["maria","west_side_story"],["maria","counting_crows"],["maria","silent_hill"],["maria_language","india"],["maria_language","papua_new_guinea"],["maría","novel"],["maria","play"],["maria","reachability_analyzer"],["maria","storage_engine"],["tropical_storm_maria","disambiguation"],["maría","song"],["maria","1956_song"],["maria","1959_song"],["maria","blondie_song"],["maría","franco_song"],["maria","us5_song"],["maria","i_like_it_loud"],["maria","band"],["maria","danish_singer"],["maria","bulgarian_singer"],["maria","japanese_singer"],["maria","album"],["maría","film"],["maria","goose"],["marie","disambiguation"],["mariah","disambiguation"],["mary","given_name"],["ave_maria","disambiguation"],["santa_maria","disambiguation"],["black_maria","disambiguation"]],"members":["maria_language","maria","santa_maria","tropical_storm_maria","black_maria","marie","maría","maria_feodorovna","mariah","mary","ave_maria"],"related":["Maria_(given_name)","Maria_Feodorovna_(Dagmar_of_Denmark)","Grand_Duchess_Maria_Nikolaevna_of_Russia","Maria_(daughter_of_Maurice)","Maria_Prophetissa","Maria_(gens)","Maria_(Twelfth_Night)","Maria_(West_Side_Story)","Maria_(Counting_Crows)","Maria_(Silent_Hill)","Madia_Gond","María,_Spain","Maria,_Siquijor","Maria,_Maevatanana","Maria,_Quebec","Maria_language_(India)","Maria_language_(Papua_New_Guinea)","María_(novel)","Maria_(play)","170_Maria","Lunar_maria","Maria_(reachability_analyzer)","Maria_reactor","Maria_(storage_engine)","MariaDB","Tropical_Storm_Maria_(disambiguation)","MARIA_XML","María_(song)","Maria_(1956_song)","Maria_(1959_song)","Maria_(Blondie_song)","María_(Franco_song)","Maria_(US5_song)","Maria_(I_Like_It_Loud)","Maria_(band)","Maria_(Danish_singer)","Maria_(Bulgarian_singer)","Maria_(Japanese_singer)","They_Call_the_Wind_Maria","Maria_(album)","Roman_Statkowski","Maria_biscuit","María_(film)","Maria_(goose)","Marie_(disambiguation)","Mariah_(disambiguation)","Mary_(given_name)","Ave_Maria_(disambiguation)","Lunar_mare","Santa_Maria_(disambiguation)","Black_Maria_(disambiguation)"]}