{"cursor":"59356","size":15,"audio":[],"currentlang":"en","article":"{{Infobox spacecraft\n| Name = Mars Reconnaissance Orbiter Image = Caption = Conceptual image\n| depicting the Mars Reconnaissance Orbiter in an elliptical low-planet orbit\n| around Mars Organisation = NASA / JPL Major_Contractors = Lockheed Martin\n| Space Systems University of Arizona Applied Physics\n| Laboratory Italian Space Agency Malin Space Science Systems,\n| Mission_Type = Orbiter Satellite_Of = Mars Orbital_Insertion_Date = 2006-03-10\n| 21:24:00 UTC Orbits = 93Â° inclination at 3:00 pm mean local solar time\n| sun-synchronous final primary science orbit Launch = 2005-08-\n| 12 11:43:00 UTC Carrier_Rocket = Atlas V-401 Launch_Site = Space Launch\n| Complex 41 Cape Canaveral Air Force Station Mission_Duration = Primary\n| mission: > 2 years elapsed: ( sols) NSSDC_ID = 2005-029A Webpage =\n| http://marsprogram.jpl.nasa.gov/mro/ Mass = fueled  dry Power = 2,000.0 W\n| Refs =\n}}\n\n'Mars Reconnaissance Orbiter' ('MRO') is a multipurpose spacecraft designed to\nconduct reconnaissance and Exploration of Mars from orbit. The spacecraft was\nbuilt by Lockheed Martin under the supervision of the Jet Propulsion Laboratory.\nThe mission is managed by the JPL, at California Institute of Technology, La\nCanada Flintridge, California, for the NASA Science Mission Directorate,\nWashington, D.C. It was launched August 12, 2005, and attained Martian orbit on\nMarch 10, 2006. In November 2006, after five months of aerobraking, it entered\nits final science orbit and began its primary science phase. As MRO entered\norbit it joined five other active spacecraft which were either in orbit or on\nthe planet surface: [[Mars Global Surveyor]], [[Mars Express Orbiter|Mars\nExpress]], [[Mars Odyssey]], and two [[Mars Exploration Rover]]s; at the time a\nrecord for the most operational spacecraft in the immediate vicinity of Mars.\n\nMRO contains a host of scientific instruments such as cameras, spectrometers,\nand radar, which are used to analyze the landforms, stratigraphy, minerals, and\nice of Mars. It paves the way for future spacecraft by monitoring Mars' daily\nweather and surface conditions, studying potential landing sites, and hosting a\nnew telecommunications system. MRO's telecommunications system will transfer\nmore data back to Earth than all previous interplanetary missions combined, and\nMRO will serve as a highly capable relay satellite for future missions.\n","linknr":1690,"url":"Mars_Reconnaissance_Orbiter","recorded":1362268018,"links":110,"instances":["gaas_multijunction","mars_rover","moon","digital_image","spacecraft","unit","mimu","rocket_stage","mass","geology","radio","mars","moon"],"pdf":["http://grctechlib.grc.nasa.gov/public/Digital/sg/MarsScout/Mars%20Reconnaissance%20Orbiter%20Aerobraking%20Reference%20Trajectory.pdf","http://grctechlib.grc.nasa.gov/public/Digital/sg/MarsScout/Mars%20Reconnaissance%20Orbiter%20Aerobraking%20Reference%20Trajectory.pdf","http://marsoweb.nas.nasa.gov/HiRISE/papers/6th_int_mars_conf/Delamere_HiRISE_InstDev.pdf","http://marsoweb.nas.nasa.gov/HiRISE/papers/6th_int_mars_conf/Delamere_HiRISE_InstDev.pdf","http://www.nasm.si.edu/research/ceps/cepsicons/highlights/fact_sheet_front.pdf","http://www.nasm.si.edu/research/ceps/cepsicons/highlights/fact_sheet_front.pdf","http://www.lpi.usra.edu/meetings/marsconcepts2012/pdf/4337.pdf","http://www.aero.org/conferences/mrqw/2002-papers/A_Burcin.pdf","http://www.aero.org/conferences/mrqw/2002-papers/A_Burcin.pdf","http://www.planetary.brown.edu/pdfs/3733.pdf"],"categories":["Mars Reconnaissance Orbiter|!","Artificial satellites orbiting Mars|Reconnaissance","Missions to Mars|Reconnaissance","Lockheed Martin satellites and probes|Mars Reconnaissance","Spaceflights|Mars Reconnaissance","Active extraterrestrial probes|Mars Reconnaissance","2005 in spaceflight|Mars Reconnaissance"],"headings":["Pre-launch","Mission objectives","Launch and orbital insertion","Events and discoveries","Instruments","Engineering data","Discoveries and photographs","See also","References","Further reading","External links"],"image":["//upload.wikimedia.org/wikipedia/commons/thumb/b/bd/Mars_Reconnaissance_Orbiter.jpg/300px-Mars_Reconnaissance_Orbiter.jpg","//upload.wikimedia.org/wikipedia/commons/thumb/5/50/A_sonda_MOR_e_a_acao_de_seus_instrumentos.jpg/220px-A_sonda_MOR_e_a_acao_de_seus_instrumentos.jpg","//bits.wikimedia.org/static-1.21wmf10/skins/common/images/magnify-clip.png","//upload.wikimedia.org/wikipedia/commons/thumb/7/7d/MRO_Liftoff.jpeg/100px-MRO_Liftoff.jpeg","//bits.wikimedia.org/static-1.21wmf10/skins/common/images/magnify-clip.png","//upload.wikimedia.org/wikipedia/commons/thumb/2/28/MRO_Transfer_Orbit_2.png/220px-MRO_Transfer_Orbit_2.png","//bits.wikimedia.org/static-1.21wmf10/skins/common/images/magnify-clip.png","//upload.wikimedia.org/wikipedia/commons/thumb/e/e9/MRO_Aerobrake.jpg/220px-MRO_Aerobrake.jpg","//bits.wikimedia.org/static-1.21wmf10/skins/common/images/magnify-clip.png","//upload.wikimedia.org/wikipedia/commons/thumb/f/f7/169384main_pia09189-330.jpg/220px-169384main_pia09189-330.jpg","//bits.wikimedia.org/static-1.21wmf10/skins/common/images/magnify-clip.png","//upload.wikimedia.org/wikipedia/commons/thumb/2/2b/HiRISE_Flight_Structure.jpg/220px-HiRISE_Flight_Structure.jpg","//bits.wikimedia.org/static-1.21wmf10/skins/common/images/magnify-clip.png","//upload.wikimedia.org/wikipedia/commons/thumb/7/7b/HiRISE_face.jpg/250px-HiRISE_face.jpg","//bits.wikimedia.org/static-1.21wmf10/skins/common/images/magnify-clip.png","//upload.wikimedia.org/wikipedia/commons/thumb/3/38/MRO_MARCI_experiment.jpg/220px-MRO_MARCI_experiment.jpg","//bits.wikimedia.org/static-1.21wmf10/skins/common/images/magnify-clip.png","//upload.wikimedia.org/wikipedia/commons/thumb/1/15/MRO_CRISM_prelaunch_2.jpg/220px-MRO_CRISM_prelaunch_2.jpg","//bits.wikimedia.org/static-1.21wmf10/skins/common/images/magnify-clip.png","//upload.wikimedia.org/wikipedia/commons/thumb/e/eb/MRO_using_SHARAD.jpg/220px-MRO_using_SHARAD.jpg","//bits.wikimedia.org/static-1.21wmf10/skins/common/images/magnify-clip.png","//upload.wikimedia.org/wikipedia/commons/thumb/a/a9/Mars_orbiters.jpg/220px-Mars_orbiters.jpg","//bits.wikimedia.org/static-1.21wmf10/skins/common/images/magnify-clip.png","//upload.wikimedia.org/wikipedia/commons/thumb/b/b3/Mars_Reconnaissance_Orbiter_solar_panel.jpg/220px-Mars_Reconnaissance_Orbiter_solar_panel.jpg","//bits.wikimedia.org/static-1.21wmf10/skins/common/images/magnify-clip.png","//upload.wikimedia.org/wikipedia/commons/thumb/7/7d/Mars_Reconnaissance_Orbiter_HGA.jpg/220px-Mars_Reconnaissance_Orbiter_HGA.jpg","//bits.wikimedia.org/static-1.21wmf10/skins/common/images/magnify-clip.png","//upload.wikimedia.org/wikipedia/commons/thumb/1/10/MRO_data.jpg/220px-MRO_data.jpg","//bits.wikimedia.org/static-1.21wmf10/skins/common/images/magnify-clip.png","//upload.wikimedia.org/wikipedia/commons/thumb/0/0c/Ice_exposed_by_impact.jpg/220px-Ice_exposed_by_impact.jpg","//bits.wikimedia.org/static-1.21wmf10/skins/common/images/magnify-clip.png","//upload.wikimedia.org/wikipedia/en/thumb/0/04/Lobate_Debris_Apron_in_Phlegra_Montes.JPG/220px-Lobate_Debris_Apron_in_Phlegra_Montes.JPG","//bits.wikimedia.org/static-1.21wmf10/skins/common/images/magnify-clip.png","//upload.wikimedia.org/wikipedia/commons/thumb/3/30/Chloride_deposits_on_Mars.JPG/220px-Chloride_deposits_on_Mars.JPG","//bits.wikimedia.org/static-1.21wmf10/skins/common/images/magnify-clip.png","//upload.wikimedia.org/wikipedia/commons/thumb/c/c8/PIA10245.jpg/120px-PIA10245.jpg","//upload.wikimedia.org/wikipedia/commons/thumb/f/fe/Mars_Avalanche_with_Scale.jpg/120px-Mars_Avalanche_with_Scale.jpg","//upload.wikimedia.org/wikipedia/commons/thumb/d/d2/Descent_of_Phoenix_with_a_crater_in_the_background_taken_by_Mars_Reconnaissance_Orbiter.jpg/120px-Descent_of_Phoenix_with_a_crater_in_the_background_taken_by_Mars_Reconnaissance_Orbiter.jpg","//upload.wikimedia.org/wikipedia/commons/thumb/5/57/Phoenix_Lander_from_HiRISE.JPG/120px-Phoenix_Lander_from_HiRISE.JPG","//upload.wikimedia.org/wikipedia/commons/thumb/3/39/Opportunity_Tracks.jpg/120px-Opportunity_Tracks.jpg","//upload.wikimedia.org/wikipedia/commons/thumb/7/7c/Opportunity_Rover_by_HiRISE.jpg/120px-Opportunity_Rover_by_HiRISE.jpg","//upload.wikimedia.org/wikipedia/commons/thumb/d/d2/MRO_sees_Curiosity_landing.jpg/120px-MRO_sees_Curiosity_landing.jpg","//upload.wikimedia.org/wikipedia/en/thumb/4/4a/Commons-logo.svg/30px-Commons-logo.svg.png","//upload.wikimedia.org/wikipedia/commons/thumb/e/e5/NASA_logo.svg/70px-NASA_logo.svg.png","//upload.wikimedia.org/wikipedia/commons/thumb/9/9d/Mars-express-volcanoes-sm.jpg/100px-Mars-express-volcanoes-sm.jpg","//upload.wikimedia.org/wikipedia/commons/thumb/2/27/Msl20110526_MSL_Artist_Concept_PIA14164-full.jpg/100px-Msl20110526_MSL_Artist_Concept_PIA14164-full.jpg","//upload.wikimedia.org/wikipedia/commons/thumb/7/76/Mars_Hubble.jpg/75px-Mars_Hubble.jpg","//upload.wikimedia.org/wikipedia/en/thumb/4/48/Folder_Hexagonal_Icon.svg/16px-Folder_Hexagonal_Icon.svg.png","//upload.wikimedia.org/wikipedia/en/thumb/f/fd/Portal-puzzle.svg/16px-Portal-puzzle.svg.png","//upload.wikimedia.org/wikipedia/en/thumb/f/fd/Portal-puzzle.svg/16px-Portal-puzzle.svg.png","//upload.wikimedia.org/wikipedia/commons/thumb/7/76/Mars_Hubble.jpg/28px-Mars_Hubble.jpg","//upload.wikimedia.org/wikipedia/en/thumb/9/94/Symbol_support_vote.svg/15px-Symbol_support_vote.svg.png","//bits.wikimedia.org/static-1.21wmf10/skins/vector/images/search-ltr.png?303-4","//bits.wikimedia.org/images/wikimedia-button.png","//bits.wikimedia.org/static-1.21wmf10/skins/common/images/poweredby_mediawiki_88x31.png"],"tags":[["phoenix","spacecraft"],["green_valley","mars"],["centaur","rocket_stage"],["phoenix","spacecraft"],["channel","digital_image"],["rock","geology"],["electra","radio"],["phoenix","spacecraft"],["phobos","moon"],["deimos","moon"],["pound","mass"],["solar_cell#gallium_arsenide","gaas_multijunction"],["miniature_inertial_measurement_unit","mimu"],["newton","unit"],["phoenix","spacecraft"],["opportunity","mars_rover"]],"members":["opportunity","deimos","channel","phoenix","newton","miniature_inertial_measurement_unit","centaur","pound","rock","electra","green_valley","phobos"],"related":["NASA","JPL","Lockheed_Martin_Space_Systems","University_of_Arizona","Applied_Physics_Laboratory","Italian_Space_Agency","Malin_Space_Science_Systems","Orbiter","Mars","Coordinated_Universal_Time","Coordinated_Universal_Time","Atlas_V","Cape_Canaveral_Air_Force_Station_Space_Launch_Complex_41","Cape_Canaveral_Air_Force_Station","Spacecraft","Exploration_of_Mars","Lockheed_Martin","Jet_Propulsion_Laboratory","California_Institute_of_Technology","La_Canada_Flintridge,_California","NASA","Science_Mission_Directorate","Aerobraking","Spectrometer","Radar","Landform","Stratigraphy","Climate_of_Mars","Data_transmission","Launch_window","Mars_Exploration_Rovers","NASA","Lockheed_Martin","John_F._Kennedy_Space_Center","Phoenix_(spacecraft)","Green_Valley_(Mars)","HiRISE","Mars_Odyssey","Climate_of_Mars","Water_on_Mars","Polar_caps","Mars_Polar_Lander","Beagle_2","Atlas_V","Space_Launch_Complex_41","Cape_Canaveral_Air_Force_Station","Centaur_(rocket_stage)","Hohmann_transfer_orbit","Orbital_insertion","Trajectory","Elliptic_orbit","Periapsis","Apoapsis","Aerobraking","Atmosphere_of_Mars","SHARAD","Solar_conjunction","Spirit_rover","Valles_Marineris","Mars","NASA","Victoria_crater","Opportunity_rover","Mars_climate_sounder","Pixels","Charge-coupled_device","High_Resolution_Imaging_Science_Experiment","Carbon_dioxide","Phoenix_(spacecraft)","Vastitas_Borealis","Gale_crater","Mars_Science_Laboratory","Atmospheric_entry","Curiosity_rover","Reflecting_telescope","Outer_space","Angular_resolution","Microradian","Satellite_imagery","Google_Maps","Near_infrared","Pixel","Ground_speed","Gigabit","Megapixel","JPEG_2000","Photogrammetry","Ball_Aerospace_&_Technologies_Corp.","Grayscale","Pixel","Focal_length","Maksutov–Cassegrain","Cassegrain_Reflector","Charge-coupled_device","Malin_Space_Science_Systems","Mars_Science_Laboratory","Curiosity_rover","Visible_light","Ultraviolet","Malin_Space_Science_Systems","Visible_spectrum","Near_infrared","VNIR","Spectrometer","Mineralogy","Channel_(digital_image)","Angular_resolution","Oxides","Phyllosilicates","Carbonates","Mars_climate_sounder","Ice_cap","Ice","Rock_(geology)","High_frequency","Megahertz","Mars_Express","MARSIS","Italian_Space_Agency","Doppler_shift","Electra_(radio)","Ultra_high_frequency","Ultra_Stable_Oscillator","Mars_Exploration_Rover","Phoenix_(spacecraft)","Curiosity_rover","Phobos_(moon)","Deimos_(moon)","Lockheed_Martin_Space_Systems","University_of_Arizona","Lunar_and_Planetary_Laboratory","Tucson,_Arizona","Johns_Hopkins_University","Applied_Physics_Laboratory","Laurel,_Maryland","Italian_Space_Agency","Malin_Space_Science_Systems","Graphite-reinforced_plastic","Titanium","Structural_engineering","Mass","Pound_(mass)","Mass_ratio","Photovoltaic_module","Volts","Nickel-hydrogen","Ampere-hour","Coulomb","Megahertz","Transistor","RAD750","Radiation_hardening","PowerPC","PowerPC_G3","Motherboard","RAD6000","Personal_computer","Solar_flare","VxWorks","Gigabit","Gigabytes","Megabit","Digital_camera","Star","Miniature_Inertial_Measurement_Unit_(MIMU)","Honeywell","Accelerometer","Gyroscope","Turbo-code","Deep_Space_Network","X-band","Gigahertz","Amplifier","Small_deep_space_transponder","Gallon","Hydrazine","Monopropellant","Newton_(unit)","Pound-force","Mars_Surveyor_2001_Lander","Attitude_control","Reaction_wheel","Revolutions_per_minute","Cebrenia_quadrangle","Diacria_quadrangle","Phlegra_Montes","Cebrenia_quadrangle","SHARAD","Lobate_Debris_Apron","Viking","SHARAD","Hellas_Planitia","Glacier","Phoenix_lander","Mars_Odyssey","Clays","Kaolinite","Prehnite","Chlorite_group","Isidis_basin","Carbonates","Valles_Marineris","Silica","Terra_Meridiani","Valles_Marineris","Jarosite","Alunite","Hematite","Opal","Gypsum","PH","Phoenix_(spacecraft)","Phoenix_lander","Opportunity_(Mars_rover)","Endeavour_Crater","Curiosity_rover","Seasonal_flows_on_warm_Martian_slopes","Colonization_of_Mars","ExoMars","Exploration_of_Mars","Geography_of_Mars","InSight","Jet_Propulsion_Laboratory_Science_Division","Lunar_Reconnaissance_Orbiter","Mars_Direct","Planetary_habitability","Planetary_science","Scientific_information_from_the_Mars_Exploration_Rover_mission","Portable_Document_Format","Portable_Document_Format","KOMO-TV"]}