{"cursor":"4271","size":15,"audio":[],"currentlang":"en","article":"\n\n's [[Hamlet]], Prince of Denmark, Hamlet is the protagonist. He is set in a\ntragic situation, where the ghost of his dead father urges him to take revenge\non his uncle, who had murdered the father. Portrait of Hamlet by William Morris\nHunt, oil on canvas, circa 1864.]] A 'protagonist' (from the Greek\nprotagonistes, \"one who plays the first part, chief actor\" [http://www.pers-\neus.tufts.edu/hopper/text?doc=Perseus%3Atext%3A1999.04.0057%3Aentry%3Dprwtagwni-\nsth%2Fs ÏÏÏÏÎ±Î³ÏÎ½Î¹ÏÏÎ®Ï], Henry George Liddell, Robert Scott, A Greek-English\nLexicon, onareee poka Perseus Digital Library, and\n[http://www.etymonline.com/index.php?search=protagonist&searchmode=none Online\nEtymology Dictionary]. ) is the main character (the central or primary\npersonal figure) of a literary, theatrical, cinematic, or musical narrative,\nwhich ends up in conflict because of the antagonist. The audience is intended to\nmost identify with the protagonist. In the theatre of Ancient Greece, three\nactors played all of the main dramatic roles in a tragedy; the leading role was\nplayed by the protagonist, while the other roles were played by deuteragonist\nand the tritagonist.\n\nThe terms protagonist and main character are variously explained and, depending\non the source, may denote different concepts. In fiction, the story of the\nprotagonist can be told from the perspective of a different character (who may\nalso, but not necessarily, be the narrator). An example would be a narrator who\nrelates the fate of several protagonists, perhaps as prominent figures recalled\nin a biographical perspective.\n","linknr":263,"url":"Protagonist","recorded":1363141044,"links":["/w/index.php?title=Protagonist&action=edit","/w/index.php?title=Protagonist&action=edit","//en.wikipedia.org/apple-touch-icon.png","//bits.wikimedia.org/favicon/wikipedia.ico","/w/opensearch_desc.php","//en.wikipedia.org/w/api.php?action=rsd","//creativecommons.org/licenses/by-sa/3.0/","/w/index.php?title=Special:RecentChanges&feed=atom","//bits.wikimedia.org/en.wikipedia.org/load.php?debug=false&lang=en&modules=ext.gadget.DRN-wizard%2CReferenceTooltips%2Ccharinsert%2Cteahouse%7Cext.wikihiero%7Cmediawiki.legacy.commonPrint%2Cshared%7Cmw.PopUpMediaTransform%7Cskins.vector&only=styles&skin=vector&*","//bits.wikimedia.org/en.wikipedia.org/load.php?debug=false&lang=en&modules=site&only=styles&skin=vector&*","//bits.wikimedia.org/en.wikipedia.org/load.php?debug=false&lang=en&modules=startup&only=scripts&skin=vector&*","//bits.wikimedia.org/geoiplookup","//meta.wikimedia.org","#mw-head","#p-search","/wiki/Protagonist_(film)","//upload.wikimedia.org/wikipedia/commons/thumb/f/f8/Wiktionary-logo-en.svg/37px-Wiktionary-logo-en.svg.png","//en.wiktionary.org/wiki/protagonist","/wiki/File:Hamlet_William_Morris_Hunt.jpeg","//upload.wikimedia.org/wikipedia/commons/thumb/4/40/Hamlet_William_Morris_Hunt.jpeg/200px-Hamlet_William_Morris_Hunt.jpeg","/wiki/File:Hamlet_William_Morris_Hunt.jpeg","//bits.wikimedia.org/static-1.21wmf10/skins/common/images/magnify-clip.png","/wiki/William_Shakespeare","/wiki/Hamlet","/wiki/Greek_language","#cite_note-1","/wiki/Character_(arts)","/wiki/Narrative","/wiki/Antagonist","/wiki/Audience","/wiki/Theatre_of_Ancient_Greece","/wiki/Tragedy","/wiki/Deuteragonist","/wiki/Tritagonist","/wiki/Narrator","/w/index.php?title=Protagonist&action=edit&section=1","/wiki/Focal_character","/wiki/Antihero","/wiki/Dramatic_device","/wiki/False_protagonist","/wiki/Alfred_Hitchcock","/wiki/Psycho_(1960_film)","/wiki/Subplot","/wiki/Alexander_Solzhenitsyn","/wiki/The_First_Circle","/wiki/Gulag","/wiki/Leo_Tolstoy","/wiki/War_and_Peace","/wiki/Psychodrama","/w/index.php?title=Protagonist&action=edit&section=2","#cite_ref-1","http://www.perseus.tufts.edu/hopper/text?doc=Perseus%3Atext%3A1999.04.0057%3Aentry%3Dprwtagwnisth%2Fs","http://www.etymonline.com/index.php?search=protagonist&searchmode=none","/wiki/Template:Narrative","/wiki/Template_talk:Narrative","//en.wikipedia.org/w/index.php?title=Template:Narrative&action=edit","/wiki/Narrative","/wiki/Character_(arts)","/wiki/Antagonist","/wiki/Archenemy","/wiki/Antihero","/wiki/Characterization","/wiki/Deuteragonist","/wiki/False_protagonist","/wiki/Focal_character","/wiki/Foil_(literature)","/wiki/Stock_character","/wiki/Supporting_character","/wiki/Tritagonist","/wiki/Narrator","/wiki/Plot_(narrative)","/wiki/Climax_(narrative)","/wiki/Conflict_(narrative)","/wiki/D%C3%A9nouement","/wiki/Dialogue","/wiki/Dramatic_structure","/wiki/Exposition_(literary_technique)","/wiki/Falling_action","/wiki/Plot_device","/wiki/Subplot","/wiki/Trope_(literature)","/wiki/Clich%C3%A9","/wiki/Kish%C5%8Dtenketsu","/wiki/Setting_(fiction)","/wiki/Dystopia","/wiki/Fictional_city","/wiki/Fictional_country","/wiki/Fictional_location","/wiki/Fictional_universe","/wiki/Utopia","/wiki/Theme_(narrative)","/wiki/Leitmotif","/wiki/Moral","/wiki/Motif_(narrative)","/wiki/Style_(fiction)","/wiki/Diction","/wiki/Figure_of_speech","/wiki/Imagery_(literature)","/wiki/Literary_technique","/wiki/Narrative_mode","/wiki/Stylistic_device","/wiki/Suspension_of_disbelief","/wiki/Symbolism_(arts)","/wiki/Tone_(literature)","/wiki/Category:Fiction_forms","/wiki/Fable","/wiki/Parable","/wiki/Fabliau","/wiki/Fairy_tale","/wiki/Folklore","/wiki/Legend","/wiki/Hypertext_fiction","/wiki/Flash_fiction","/wiki/Short_story","/wiki/Novella","/wiki/Novel","/wiki/Epic_(genre)","/wiki/Play_(theatre)","/wiki/Poetry","/wiki/Screenplay","/wiki/List_of_narrative_forms","/wiki/Literary_genre","/wiki/Adventure_novel","/wiki/Comic_novel","/wiki/Crime_fiction","/wiki/Docufiction","/wiki/Epistolary_novel","/wiki/Erotic_literature","/wiki/Non-fiction_novel","/wiki/Fantasy","/wiki/Historical_fiction","/wiki/Horror_fiction","/wiki/Magic_realism","/wiki/Mystery_fiction","/wiki/Paranoid_fiction","/wiki/Philosophical_fiction","/wiki/Political_fiction","/wiki/Romance_novel","/wiki/Saga","/wiki/Satire","/wiki/Science_fiction","/wiki/Speculative_fiction","/wiki/Superhero_fiction","/wiki/Thriller_(genre)","/wiki/Urban_fiction","/wiki/Western_fiction","/wiki/Narrator","/wiki/Narrative_mode#Alternating_person_view","/wiki/First-person_narrative","/wiki/Second-person_narrative","/wiki/Third-person_narrator","/wiki/Narrative_mode#Third-person.2C_subjective","/wiki/Narrative_mode#Third-person.2C_objective","/wiki/Narrative_mode#Third-person.2C_omniscient","/wiki/Narrative_mode#Third-person.2C_subjective","/wiki/Stream_of_consciousness_(narrative_mode)","/wiki/Narrator#The_narrative_types_of_the_narrator","/wiki/Unreliable_narrator","/wiki/Narrative_mode#Narrative_tense","/wiki/Past_tense","/wiki/Present_tense","/wiki/Future_tense","/wiki/Screenwriting","/wiki/Audience","/wiki/Author","/wiki/Fiction_writing","/wiki/Creative_nonfiction","/wiki/Literary_theory","/wiki/Narrative_structure","/wiki/Narratology","/wiki/Narrative_mode#Other_narrative_modes","/wiki/Rhetoric","/wiki/Storytelling","/wiki/Portal:Literature","http://en.wikipedia.org/w/index.php?title=Protagonist&oldid=539783879","/wiki/Help:Categories","/wiki/Category:Ancient_Greek_theatre","/wiki/Category:Fictional_characters_by_role_in_the_narrative_structure","/wiki/Category:Protagonists_by_role","/wiki/Category:Psychotherapy","/wiki/Category:Psychodrama","/wiki/Category:Articles_containing_Ancient_Greek_language_text","/w/index.php?title=Special:UserLogin&returnto=Protagonist&type=signup","/w/index.php?title=Special:UserLogin&returnto=Protagonist","/wiki/Protagonist","/wiki/Talk:Protagonist","#","/wiki/Protagonist","/w/index.php?title=Protagonist&action=edit","/w/index.php?title=Protagonist&action=history","#","/w/index.php","//bits.wikimedia.org/static-1.21wmf11/skins/vector/images/search-ltr.png?303-4","/wiki/Main_Page","/wiki/Main_Page","/wiki/Portal:Contents","/wiki/Portal:Featured_content","/wiki/Portal:Current_events","/wiki/Special:Random","//donate.wikimedia.org/wiki/Special:FundraiserRedirector?utm_source=donate&utm_medium=sidebar&utm_campaign=C13_en.wikipedia.org&uselang=en","/wiki/Help:Contents","/wiki/Wikipedia:About","/wiki/Wikipedia:Community_portal","/wiki/Special:RecentChanges","/wiki/Wikipedia:Contact_us","/wiki/Special:WhatLinksHere/Protagonist","/wiki/Special:RecentChangesLinked/Protagonist","/wiki/Wikipedia:File_Upload_Wizard","/wiki/Special:SpecialPages","/w/index.php?title=Protagonist&oldid=539783879","/w/index.php?title=Protagonist&action=info","/w/index.php?title=Special:Cite&page=Protagonist&id=539783879","/w/index.php?title=Special:Book&bookcmd=book_creator&referer=Protagonist","/w/index.php?title=Special:Book&bookcmd=render_article&arttitle=Protagonist&oldid=539783879&writer=rl","/w/index.php?title=Protagonist&printable=yes","//af.wikipedia.org/wiki/Hoofkarakter","//bg.wikipedia.org/wiki/%D0%9F%D1%80%D0%BE%D1%82%D0%B0%D0%B3%D0%BE%D0%BD%D0%B8%D1%81%D1%82","//cs.wikipedia.org/wiki/Protagonista","//da.wikipedia.org/wiki/Protagonist","//de.wikipedia.org/wiki/Protagonist","//et.wikipedia.org/wiki/Protagonist","//es.wikipedia.org/wiki/Protagonista","//eo.wikipedia.org/wiki/%C4%88efrolulo","//fr.wikipedia.org/wiki/Protagoniste","//ko.wikipedia.org/wiki/%EC%A3%BC%EC%9D%B8%EA%B3%B5","//hr.wikipedia.org/wiki/Protagonist","//io.wikipedia.org/wiki/Protagonisto","//id.wikipedia.org/wiki/Protagonis","//is.wikipedia.org/wiki/A%C3%B0alpers%C3%B3na","//it.wikipedia.org/wiki/Protagonista","//he.wikipedia.org/wiki/%D7%A4%D7%A8%D7%95%D7%98%D7%92%D7%95%D7%A0%D7%99%D7%A1%D7%98","//ka.wikipedia.org/wiki/%E1%83%9E%E1%83%A0%E1%83%9D%E1%83%A2%E1%83%90%E1%83%92%E1%83%9D%E1%83%9C%E1%83%98%E1%83%A1%E1%83%A2%E1%83%98","//ms.wikipedia.org/wiki/Protagonis","//nl.wikipedia.org/wiki/Protagonist","//ja.wikipedia.org/wiki/%E4%B8%BB%E4%BA%BA%E5%85%AC","//no.wikipedia.org/wiki/Protagonist","//pl.wikipedia.org/wiki/Protagonista_(teatr)","//pt.wikipedia.org/wiki/Protagonista","//ru.wikipedia.org/wiki/%D0%9F%D1%80%D0%BE%D1%82%D0%B0%D0%B3%D0%BE%D0%BD%D0%B8%D1%81%D1%82","//sq.wikipedia.org/wiki/Protagonisti","//simple.wikipedia.org/wiki/Protagonist","//sl.wikipedia.org/wiki/Protagonist","//fi.wikipedia.org/wiki/Protagonisti","//sv.wikipedia.org/wiki/Huvudperson","//th.wikipedia.org/wiki/%E0%B8%95%E0%B8%B1%E0%B8%A7%E0%B9%80%E0%B8%AD%E0%B8%81","//tr.wikipedia.org/wiki/Protagonist","//uk.wikipedia.org/wiki/%D0%9F%D1%80%D0%BE%D1%82%D0%B0%D0%B3%D0%BE%D0%BD%D1%96%D1%81%D1%82","//zh.wikipedia.org/wiki/%E4%B8%BB%E8%A7%92","//www.wikidata.org/wiki/Special:ItemByTitle/enwiki/Protagonist","//en.wikipedia.org/wiki/Wikipedia:Text_of_Creative_Commons_Attribution-ShareAlike_3.0_Unported_License","//creativecommons.org/licenses/by-sa/3.0/","//wikimediafoundation.org/wiki/Terms_of_Use","//www.wikimediafoundation.org/","//wikimediafoundation.org/wiki/Privacy_policy","/wiki/Wikipedia:About","/wiki/Wikipedia:General_disclaimer","http://en.m.wikipedia.org/wiki/Protagonist","//wikimediafoundation.org/","//bits.wikimedia.org/images/wikimedia-button.png","//www.mediawiki.org/","//bits.wikimedia.org/static-1.21wmf11/skins/common/images/poweredby_mediawiki_88x31.png","//bits.wikimedia.org/en.wikipedia.org/load.php?debug=false&lang=en&modules=skins.vector&only=scripts&skin=vector&*","/w/index.php?title=MediaWiki:Gadget-ReferenceTooltips.js&action=raw&ctype=text/javascript&508635914","//bits.wikimedia.org/en.wikipedia.org/load.php?debug=false&lang=en&modules=site&only=scripts&skin=vector&*"],"instances":["arts"],"pdf":[],"categories":["Ancient Greek theatre","Fictional characters by role in the narrative structure","Protagonists by role|","Psychotherapy","Psychodrama"],"headings":["Aspects","References"],"image":["//upload.wikimedia.org/wikipedia/commons/thumb/f/f8/Wiktionary-logo-en.svg/37px-Wiktionary-logo-en.svg.png","//upload.wikimedia.org/wikipedia/commons/thumb/4/40/Hamlet_William_Morris_Hunt.jpeg/200px-Hamlet_William_Morris_Hunt.jpeg","//bits.wikimedia.org/static-1.21wmf10/skins/common/images/magnify-clip.png","//bits.wikimedia.org/static-1.21wmf11/skins/vector/images/search-ltr.png?303-4","//bits.wikimedia.org/images/wikimedia-button.png","//bits.wikimedia.org/static-1.21wmf11/skins/common/images/poweredby_mediawiki_88x31.png"],"tags":[["character","arts"]],"members":["character"],"related":["Greek_language","Character_(arts)","Narrative","Antagonist","Audience","Theatre_of_Ancient_Greece","Tragedy","Deuteragonist","Tritagonist","Narrator","Focal_character","Antihero","Dramatic_device","False_protagonist","Alfred_Hitchcock","Subplot","Alexander_Solzhenitsyn","Gulag","Leo_Tolstoy","Psychodrama"]}