{"cursor":"36545","size":15,"audio":[],"currentlang":"en","article":"\n{{Automatic taxobox\n| name = Chordata fossil_range = Early Cambrian â Recent,\n|image = Pristella maxillaris.jpg\n| image_caption = The X-ray tetra ([[Pristella maxillaris]]) is one of the few\n| chordates with a visible backbone. The spinal cord is housed within its\n| backbone. taxon = Chordata authority = Haeckel, 1874\n| subdivision_ranks = Classes subdivision =\nSee below }} 'Chordates', members of the phylum 'Chordata', are deuterostome\nanimals possessing a notochord, a hollow dorsal nerve cord, pharyngeal slits, an\nendostyle, and a post-anal tail for at least some period of their life cycles.\nTaxonomically, the phylum includes the subphyla Vertebrata, including mammals,\nfish, amphibians, reptiles, birds; Tunicata, including salps and sea squirts;\nand Cephalochordata, comprising the lancelets.\n\nThe phylum Hemichordata including the acorn worms has been presented as a fourth\nchordate subphylum, but it now is usually treated as a separate phylum. It,\nalong with the echinoderm phylum, including starfish, sea urchins, and sea\ncucumbers and their kin, are the chordates' closest relatives. Primitive\nchordates are known from at least as early as the Cambrian explosion.\n\nThere are more than 60,000 living species of chordates, about half of which are\nbony fish of the class osteichthyes. The world's largest animal, the blue whale,\nand fastest animal, the peregrine falcon, are chordates. [http://www.accessscience.com/abstract.aspx?id=133700&referURL=http%3a%2-\nf%2fwww.accessscience.com%2fcontent.aspx%3fid%3d133700\nAccessScience.com] . Retrieved 23 December 2012.\n","linknr":939,"url":"Chordata","recorded":1362551992,"links":142,"instances":["typography","biology","geometry","biology","journal"],"pdf":["http://www.environment.gov.au/biodiversity/abrs/publications/electronic-books/pubs/tunicates/05-appendicularia.pdf","http://www.environment.gov.au/biodiversity/abrs/publications/electronic-books/pubs/tunicates/05-appendicularia.pdf","http://www.cosmonova.org/download/18.4e32c81078a8d9249800021554/Bengtson2004ESF.pdf","http://www.cosmonova.org/download/18.4e32c81078a8d9249800021554/Bengtson2004ESF.pdf","http://www.bios.niu.edu/davis/bios458/Shu1.pdf","http://www.bios.niu.edu/davis/bios458/Shu1.pdf","http://www.bioinf.uni-leipzig.de/Publications/PREPRINTS/07-009.pdf"],"categories":["Chordates|"],"headings":["Overview of affinities","Definition","Subdivisions","Closest nonchordate relatives","Origins","Classification","See also","References","External links"],"image":["//upload.wikimedia.org/wikipedia/commons/thumb/c/c4/Pristella_maxillaris.jpg/220px-Pristella_maxillaris.jpg","//upload.wikimedia.org/wikipedia/commons/7/74/Red_Pencil_Icon.png","//upload.wikimedia.org/wikipedia/commons/thumb/d/da/BranchiostomaLanceolatum_PioM.svg/400px-BranchiostomaLanceolatum_PioM.svg.png","//upload.wikimedia.org/wikipedia/commons/thumb/d/da/BranchiostomaLanceolatum_PioM.svg/400px-BranchiostomaLanceolatum_PioM.svg.png","//upload.wikimedia.org/wikipedia/commons/1/12/Pacific_hagfish_Myxine.jpg","//bits.wikimedia.org/static-1.21wmf10/skins/common/images/magnify-clip.png","//upload.wikimedia.org/wikipedia/commons/thumb/c/cc/BU_Bio.jpg/220px-BU_Bio.jpg","//bits.wikimedia.org/static-1.21wmf10/skins/common/images/magnify-clip.png","//upload.wikimedia.org/wikipedia/commons/thumb/4/47/Branchiostoma_lanceolatum.jpg/220px-Branchiostoma_lanceolatum.jpg","//bits.wikimedia.org/static-1.21wmf10/skins/common/images/magnify-clip.png","//upload.wikimedia.org/wikipedia/commons/thumb/3/30/Balanoglossus_01.png/170px-Balanoglossus_01.png","//bits.wikimedia.org/static-1.21wmf10/skins/common/images/magnify-clip.png","//upload.wikimedia.org/wikipedia/commons/thumb/f/fc/Sandstar_300.jpg/200px-Sandstar_300.jpg","//bits.wikimedia.org/static-1.21wmf10/skins/common/images/magnify-clip.png","//upload.wikimedia.org/wikipedia/commons/thumb/5/51/Haikouichthys4.png/220px-Haikouichthys4.png","//bits.wikimedia.org/static-1.21wmf10/skins/common/images/magnify-clip.png","//upload.wikimedia.org/wikipedia/commons/thumb/1/14/BlueWhaleSkeleton.jpg/220px-BlueWhaleSkeleton.jpg","//bits.wikimedia.org/static-1.21wmf10/skins/common/images/magnify-clip.png","//upload.wikimedia.org/wikipedia/commons/thumb/d/dc/Peregrine_Falcon_12.jpg/220px-Peregrine_Falcon_12.jpg","//bits.wikimedia.org/static-1.21wmf10/skins/common/images/magnify-clip.png","//upload.wikimedia.org/wikipedia/commons/thumb/d/df/Wikispecies-logo.svg/34px-Wikispecies-logo.svg.png","//upload.wikimedia.org/wikipedia/commons/thumb/d/df/Wikibooks-logo-en-noslogan.svg/40px-Wikibooks-logo-en-noslogan.svg.png","//bits.wikimedia.org/static-1.21wmf10/skins/vector/images/search-ltr.png?303-4","//bits.wikimedia.org/images/wikimedia-button.png","//bits.wikimedia.org/static-1.21wmf10/skins/common/images/poweredby_mediawiki_88x31.png"],"tags":[["class","biology"],["class","biology"],["cylinder","geometry"],["colony","biology"],["colony","biology"],["dagger","typography"],["nature","journal"]],"members":["dagger","colony","cylinder","class","nature"],"related":["Cambrian","Vertebral_column","Spinal_cord","Ernst_Haeckel","Class_(biology)","Phylum","Deuterostome","Animal","Notochord","Dorsal_nerve_cord","Pharyngeal_slit","Endostyle","Tail","Vertebrate","Mammal","Fish","Amphibian","Reptile","Bird","Tunicate","Salp","Sea_squirt","Cephalochordata","Lancelet","Hemichordata","Acorn_worm","Echinoderm","Starfish","Sea_urchins","Sea_cucumber","Cambrian_explosion","Osteichthyes","Blue_whale","Peregrine_falcon","Brain","Circulatory_system","Skull","Hagfish","Cartilaginous","Phylum","Hemichordata","Echinodermata","Xenoturbellida","Deuterostome","Superphylum","Monophyletic","Fossil","Cambrian","Chengjiang_fauna","Fish","Molecular_phylogenetics","Phylogenetic_tree","Class_(biology)","William_Bateson","Ernst_Haeckel","International_Code_of_Zoological_Nomenclature","Cephalochordate","Spinal_cord","Anus","Alimentary_canal_{{!}}_digestive_canal","Circulatory_system","Atriopore","Pharynx","Gill","Pharynx","Vestibule_of_mouth{{!}}vestibule","Cilium","Gonads","Ovary","Testicle","Nerves","Metapleural_fold","Hepatic_caecum","Liver","Phylum","Body_plan","Notochord","Cartilage","Vertebral_column","Neural_tube","Vertebrate","Spinal_cord","Nervous_system","Pharyngeal_slit","Pharynx","Throat","Fish","Gill","Filter_feeding","Anus","Endostyle","Filter_feeding","Mucus","Esophagus","Iodine","Thyroid","Craniate","Skull","Hagfish","Vertebrae","Michael_J._Benton","Deuterostome","Vertebrate","Notochord","Spinal_column","Cylinder_(geometry)","Neural_arch","Spinal_cord","Hagfish","Braincase","Evolution","Neil_A._Campbell","Jane_Reece","Lamprey","Fish","Molecular_phylogenetics","Biochemistry","Tunicate","Salp","Plankton","Colony_(biology)","BBC","Larva","Tadpole","Appendicularia","Urochordate","Cephalochordate","Hemichordate","Pharynx","Notochord","Enteropneust","Proboscis","Sediment","Pterobranch","Colony_(biology)","Filter_feeding","Graptolite","Hacksaw","Echinoderm","Bilateral_symmetry","Radial_symmetry","Tube_feet","Skeleton","Calcite","Water_vascular_system","Crinoid","Starfish","Sea_urchin","Holothuroidea","Jellyfish","Cnidarians","Protostome","Deuterostome","Ediacaran","Echinoderm","Starfish","Sea_urchin","Crinoid","Cambrian","Pterobranch","Chengjiang_fauna","Fish","Burgess_Shale","Deuterostome","Xenoturbellida","Hemichordate","Echinoderm","Cephalochordate","Tunicate","Urochordate","Craniate","Embryology","Ribosome","RNA","Xenoturbellida","Molecular_phylogenetics","Molecular_clock","Lancelet","Cambrian","Tunicates","University_of_California,_Santa_Cruz","Fishes_of_the_World","Cladistics","Linnaean_taxonomy","Craniata","Incertae_sedis","Agnatha","Paraphyletic","Myxini","Petromyzontida","Conodonta","Jaw","Incertae_sedis","Cladogram","Dagger_(typography)","Nature_(journal)","Lancelet","Amphioxus","Tunicate","Larvacea","Larvacea","Thaliacea","Ascidiacea","Craniata","Hagfish","Vertebrate","Conodont","Cephalaspidomorphi","Hyperoartia","Pteraspidomorphi","Osteostracan","Gnathostomata","Placodermi","Chondrichthyes","Teleostomi","Acanthodii","Osteichthyes","Actinopterygii","Sarcopterygii","Tetrapod","Amphibian","Amniote","Mammal","Sauropsida","Lepidosauromorpha","Lizard","Snake","Tuatara","Mosasaur","Archosauromorpha","Crurotarsi","Bird","Ornithodira","List_of_chordate_orders"]}