{"cursor":"7491","size":15,"audio":[],"currentlang":"en","article":"{| class=\"wikitable float-right\" style=\"text-align:center; font-size:90%\"\n|- class=\"hintergrundfarbe6\" colspan=\"4\" | 'Tetrahydropyrane' -\n|class=\"hintergrundfarbe5\" align=\"left\" | Name Tetrahydropyrane || Î±- D-(+)-\n|Glucopyranose - class=\"hintergrundfarbe5\" align=\"left\" | structural formula\n|  ||\n|- class=\"hintergrundfarbe5\" align=\"left\" | Tetrahydropyrane ring highlighted\n| 'blue' Tetrahydropyrane ring highlighted 'blue' - }\n'Pyranose' is a collective term for carbohydrates that have a chemical structure\nthat includes a six-membered ring consisting of five carbon atoms and one oxygen\natom. The name derives from its similarity to the oxygen heterocycle pyran, but\nthe pyranose ring does not have double bonds. A pyranose in which the anomeric\nOH at C(l) has been converted into an OR group is called a pyranoside.\n","linknr":304,"url":"Pyranose","recorded":1362898609,"links":33,"instances":[],"pdf":[],"categories":["Carbohydrates","Organic chemistry","Carbohydrate chemistry","Tetrahydropyrans"],"headings":["Formation of Pyranose","History","Conformation of the Pyranose Ring","Nomenclature of Pyranose Rings","NMR Spectroscopy of Pyranose Rings","See also","References","External links"],"image":["//upload.wikimedia.org/wikipedia/commons/thumb/f/f6/TetrahydroPYRANE_V.1.svg/70px-TetrahydroPYRANE_V.1.svg.png","//upload.wikimedia.org/wikipedia/commons/thumb/e/ed/TetrahydroPYRANE_V.2.svg/150px-TetrahydroPYRANE_V.2.svg.png","//upload.wikimedia.org/wikipedia/commons/thumb/a/ae/Representations_of_glucopyranose.png/700px-Representations_of_glucopyranose.png","//bits.wikimedia.org/static-1.21wmf9/skins/common/images/magnify-clip.png","//upload.wikimedia.org/wikipedia/commons/2/21/Haworth_Projection.png","//bits.wikimedia.org/static-1.21wmf9/skins/common/images/magnify-clip.png","//upload.wikimedia.org/wikipedia/commons/thumb/a/af/Glucopyranose_Conformations_%28linear_format%29.png/850px-Glucopyranose_Conformations_%28linear_format%29.png","//bits.wikimedia.org/static-1.21wmf9/skins/common/images/magnify-clip.png","//upload.wikimedia.org/wikipedia/commons/thumb/9/9f/Relative_Conformation_Energies.png/300px-Relative_Conformation_Energies.png","//bits.wikimedia.org/static-1.21wmf9/skins/common/images/magnify-clip.png","//upload.wikimedia.org/wikipedia/commons/thumb/0/07/Pyranose_Nomenclature_Example.png/220px-Pyranose_Nomenclature_Example.png","//bits.wikimedia.org/static-1.21wmf9/skins/common/images/magnify-clip.png","//bits.wikimedia.org/static-1.21wmf10/skins/vector/images/search-ltr.png?303-4","//bits.wikimedia.org/images/wikimedia-button.png","//bits.wikimedia.org/static-1.21wmf10/skins/common/images/poweredby_mediawiki_88x31.png"],"tags":[],"members":[],"related":["Structural_formula","Carbohydrate","Pyran","Double_bond","Hydroxyl","Aldehyde","Hemiacetal","Furanose","Hermann_Emil_Fischer","Nobel_Prize_in_Chemistry","Aldohexose","Edmund_Hirst","Walter_Haworth","Haworth_projection","X-ray_crystallography","Cellulose","Conformational_isomerism","Activation_energy","Quantum_mechanics","Glucopyranose","Cyclohexane","Cyclohexane","Anomer","Proton_NMR","Dihedral_angle","Furanose","Mutarotation","Monosaccharide","Carbohydrate_Conformation"]}