{"cursor":"5134","size":15,"audio":[],"currentlang":"en","article":"{{Infobox football biography\n| name = Jean image = fullname = Jean Raphael Vanderlei Moreira height =\n| birth_date = birth_place = Campo Grande, Brazil currentclub = Fluminense\n| clubnumber = 7 position = Defensive midfielder youthyears1 = 2001â2002\n| youthyears2 = 2002â2005 youthclubs1 = OperÃ¡rio-MS youthclubs2 = SÃ£o Paulo\n| years1 = 2005â2012 years2 = 2006 years3 = 2007 years4 = 2008 years5 = 2012\n| years6 = 2013â clubs1 = SÃ£o Paulo clubs2 = â AmÃ©rica (loan) clubs3 = â MarÃ­lia\n| (loan) clubs4 = â Penafiel (loan) clubs5 = â Fluminense (loan) clubs6 =\n| Fluminense caps1 = 114 goals1 = 7 caps5 = 35 caps6 = 0 goals5 = 2 goals6 = 0\n| nationalyears1 = 2012â nationalteam1 = Brazil nationalcaps1 = 3 nationalgoals1\n| = 0 pcupdate = 2 December 2012 ntupdate = 22 November 2012\n}}\n\n'Jean Raphael Vanderlei Moreira' or simply 'Jean' (born June 24, 1986 in Campo\nGrande), is a Brazilian footballer who plays for Fluminense. Mainly a defensive\nmidfielder, he can also play as a right defender.\n\nMade professional debut for SÃ£o Paulo in a 1-2 away defeat to Santos in the\nCampeonato Brasileiro on 17 July 2005.\n\nOn 13 november 2012 Jean was called up, by Mano Menezes, for Brazil that will\nplay SuperclÃ¡sico de las AmÃ©ricas, [http://br.esporteinterativo.yahoo.com/noticias/spt--mano-\nmenezes-convoca-sele%C3%A7%C3%A3o-e-atende-a-pedidos-.html Mano Menezes convoca\nSeleÃ§Ã£o, atende a pedidos e traz novidades na lista] making, then, his\ndÃ©but for ''SeleÃ§Ã£o''.\n\n'Games for Brazilian team' {| class=\"wikitable collapsible\ncollapsed\" style=\"font-size:90%\"\n!\n!Date !Place !Result !Opponent !Goals !Competition\n|-\n| 1. || 21 November 2012 || La Bombonera, Buenos Aires, Argentina\n|    ||align=\"center\"| 1(4)â2(3) || ||align=\"center\"| 0 ||SuperclÃ¡sico de las\n|    AmÃ©ricas -\n| 2. || 06 February 2013 || Wembley Stadium, London, England ||align=\"center\" |\n|    1–2 || ||align=\"center\"| 0 ||Friendly -\n| 3. || 21 March 2013 || Stade de GenÃ¨ve, GenÃ¨ve, Switzerland ||align=\"center\" |\n|    2–2 || ||align=\"center\" | 0 ||Friendly }\n","linknr":215,"url":"Jean_(footballer)","recorded":1364028978,"links":["/w/index.php?title=Jean_(footballer)&action=edit","/w/index.php?title=Jean_(footballer)&action=edit","//en.wikipedia.org/apple-touch-icon.png","//bits.wikimedia.org/favicon/wikipedia.ico","/w/opensearch_desc.php","//en.wikipedia.org/w/api.php?action=rsd","//creativecommons.org/licenses/by-sa/3.0/","/w/index.php?title=Special:RecentChanges&feed=atom","//bits.wikimedia.org/en.wikipedia.org/load.php?debug=false&lang=en&modules=ext.gadget.DRN-wizard%2CReferenceTooltips%2Ccharinsert%2Cteahouse%7Cext.wikihiero%7Cmediawiki.legacy.commonPrint%2Cshared%7Cmw.PopUpMediaTransform%7Cskins.vector&only=styles&skin=vector&*","//bits.wikimedia.org/en.wikipedia.org/load.php?debug=false&lang=en&modules=site&only=styles&skin=vector&*","//bits.wikimedia.org/en.wikipedia.org/load.php?debug=false&lang=en&modules=startup&only=scripts&skin=vector&*","//bits.wikimedia.org/geoiplookup","//meta.wikimedia.org","#mw-head","#p-search","/wiki/Campo_Grande","/wiki/Brazil","/wiki/Midfielder#Defensive_midfielder","/wiki/Fluminense_Football_Club","/wiki/Oper%C3%A1rio_Futebol_Clube_(MS)","/wiki/S%C3%A3o_Paulo_FC","/wiki/S%C3%A3o_Paulo_FC","/wiki/Am%C3%A9rica_Futebol_Clube_(SP)","/wiki/Mar%C3%ADlia_Atl%C3%A9tico_Clube","/wiki/F.C._Penafiel","/wiki/Fluminense_Football_Club","/wiki/Fluminense_Football_Club","/wiki/Brazil_national_football_team","/wiki/Campo_Grande","/wiki/Brazil","/wiki/Association_football","/wiki/Fluminense_Football_Club","/wiki/Midfielder#Defensive_midfielder","/wiki/Defender_(association_football)#Full_back","/wiki/S%C3%A3o_Paulo_FC","/wiki/Santos_FC","/wiki/Campeonato_Brasileiro_S%C3%A9rie_A","#cite_note-1","/wiki/Mano_Menezes","/wiki/Brazilian_national_football_team","/wiki/Supercl%C3%A1sico_de_las_Am%C3%A9ricas","#cite_note-2","/wiki/Brazilian_national_football_team","/wiki/Estadio_Alberto_J._Armando","/wiki/Buenos_Aires","//upload.wikimedia.org/wikipedia/commons/thumb/1/1a/Flag_of_Argentina.svg/22px-Flag_of_Argentina.svg.png","/wiki/Argentina_national_football_team","/wiki/Supercl%C3%A1sico_de_las_Am%C3%A9ricas","/wiki/Wembley_Stadium","/wiki/London","/wiki/England","//upload.wikimedia.org/wikipedia/en/thumb/b/be/Flag_of_England.svg/22px-Flag_of_England.svg.png","/wiki/England_national_football_team","/wiki/Exhibition_game","/wiki/Stade_de_Gen%C3%A8ve","/wiki/Gen%C3%A8ve","//upload.wikimedia.org/wikipedia/en/thumb/0/03/Flag_of_Italy.svg/22px-Flag_of_Italy.svg.png","/wiki/Italy_national_football_team","/wiki/Exhibition_game","#Titles","#Club","#National_team","#References","#External_links","/w/index.php?title=Jean_(footballer)&action=edit&section=1","/w/index.php?title=Jean_(footballer)&action=edit&section=2","/wiki/Campeonato_Brasileiro_S%C3%A9rie_A","/wiki/2008_Campeonato_Brasileiro_S%C3%A9rie_A","/wiki/Campeonato_Carioca","/wiki/2012_Campeonato_Carioca","/wiki/Ta%C3%A7a_Guanabara","/wiki/Ta%C3%A7a_Guanabara","/wiki/Campeonato_Brasileiro_S%C3%A9rie_A","/wiki/2012_Campeonato_Brasileiro_S%C3%A9rie_A","/w/index.php?title=Jean_(footballer)&action=edit&section=3","/wiki/Brazil","//upload.wikimedia.org/wikipedia/en/thumb/0/05/Flag_of_Brazil.svg/22px-Flag_of_Brazil.svg.png","/wiki/Brazil","/wiki/Supercl%C3%A1sico_de_las_Am%C3%A9ricas","/wiki/2012_Supercl%C3%A1sico_de_las_Am%C3%A9ricas","/w/index.php?title=Jean_(footballer)&action=edit&section=4","#cite_ref-1","http://futpedia.globo.com/campeonatos/campeonato-brasileiro/2005/07/17/santos-2-x-1-sao-paulo","http://futpedia.globo.com/campeonatos/campeonato-brasileiro/2005/07/17/santos-2-x-1-sao-paulo","#cite_ref-2","http://br.esporteinterativo.yahoo.com/noticias/spt--mano-menezes-convoca-sele%C3%A7%C3%A3o-e-atende-a-pedidos-.html","/w/index.php?title=Jean_(footballer)&action=edit&section=5","http://www.saopaulofc.net/v4/4novo1.asp?PLC_txt_ukey=39631113009LGNZRLL","http://www.ogol.com.br/jogador/jean/2008_2009/ficha/138/default/55649","/wiki/Template:Fluminense_Football_Club_squad","/wiki/Template_talk:Fluminense_Football_Club_squad","//en.wikipedia.org/w/index.php?title=Template:Fluminense_Football_Club_squad&action=edit","/wiki/Fluminense_Football_Club","/wiki/Ricardo_Berna","/wiki/Bruno_Vieira","/wiki/Gum_(footballer)","/wiki/Leandro_Euz%C3%A9bio","/wiki/Edimo_Ferreira_Campos","/wiki/Carlos_Andrade_Souza","/wiki/Rodrigo_Oliveira_de_Bittencourt","/wiki/Frederico_Chaves_Guedes","/wiki/Thiago_Neves","/wiki/Wellington_Nem","/wiki/Diego_Cavalieri","/wiki/Rodrigo_Junior_Paula_Silva","/wiki/Elivelton_Viana_dos_Santos","/wiki/Anderson_Grasiane_De_Matos_Silva","/wiki/Luciano_Fabi%C3%A1n_Monz%C3%B3n","/wiki/Edwin_Valencia","/wiki/Felipe_Jorge_Loureiro","/wiki/W%C3%A1gner","/wiki/Deco","/wiki/Marcos_J%C3%BAnior","/wiki/Rhayner","/wiki/Rafael_S%C3%B3bis","/wiki/Wellington_Silva_(footballer_born_1988)","/wiki/Wallace_Oliveira_dos_Santos","/wiki/Wellington_Carvalho","/wiki/Matheus_Carvalho","/wiki/Abel_Braga","/wiki/Template:2012_Campeonato_Brasileiro_S%C3%A9rie_A_Team_of_the_Year","/w/index.php?title=Template_talk:2012_Campeonato_Brasileiro_S%C3%A9rie_A_Team_of_the_Year&action=edit&redlink=1","//en.wikipedia.org/w/index.php?title=Template:2012_Campeonato_Brasileiro_S%C3%A9rie_A_Team_of_the_Year&action=edit","/wiki/Pr%C3%AAmio_Craque_do_Brasileir%C3%A3o","/wiki/Diego_Cavalieri","/wiki/Marcos_Rocha","/wiki/Leonardo_Silva_(footballer)","/wiki/R%C3%A9ver","/wiki/Carlos_Andrade_Souza","/wiki/Jos%C3%A9_Paulo_Bezerra_Maciel_J%C3%BAnior","/wiki/Lucas_Moura","/wiki/Ronaldinho","/wiki/Neymar","/wiki/Frederico_Chaves_Guedes","/wiki/Wikipedia:Persondata","/wiki/Campo_Grande","/wiki/Brazil","/wiki/File:Flag_of_Brazil.svg","//upload.wikimedia.org/wikipedia/en/thumb/0/05/Flag_of_Brazil.svg/50px-Flag_of_Brazil.svg.png","/wiki/File:Soccerball_mask.svg","//upload.wikimedia.org/wikipedia/en/thumb/4/4e/Soccerball_mask.svg/50px-Soccerball_mask.svg.png","/wiki/Wikipedia:Stub","//en.wikipedia.org/w/index.php?title=Jean_(footballer)&action=edit","/wiki/Template:Brazil-footy-midfielder-1980s-stub","/wiki/Template_talk:Brazil-footy-midfielder-1980s-stub","//en.wikipedia.org/w/index.php?title=Template:Brazil-footy-midfielder-1980s-stub&action=edit","http://en.wikipedia.org/w/index.php?title=Jean_(footballer)&oldid=546092569","/wiki/Help:Categories","/wiki/Category:1986_births","/wiki/Category:Living_people","/wiki/Category:People_from_Campo_Grande","/wiki/Category:Brazilian_footballers","/wiki/Category:Brazil_international_footballers","/wiki/Category:Brazilian_expatriate_footballers","/wiki/Category:Am%C3%A9rica_Futebol_Clube_(SP)_players","/wiki/Category:Mar%C3%ADlia_Atl%C3%A9tico_Clube_players","/wiki/Category:S%C3%A3o_Paulo_FC_players","/wiki/Category:Expatriate_footballers_in_Portugal","/wiki/Category:Fluminense_Football_Club_players","/wiki/Category:Campeonato_Brasileiro_S%C3%A9rie_A_footballers","/wiki/Category:Brazilian_football_midfielder,_1980s_birth_stubs","/wiki/Category:Articles_with_Portuguese_language_external_links","/w/index.php?title=Special:UserLogin&returnto=Jean+%28footballer%29&type=signup","/w/index.php?title=Special:UserLogin&returnto=Jean+%28footballer%29","/wiki/Jean_(footballer)","/wiki/Talk:Jean_(footballer)","#","/wiki/Jean_(footballer)","/w/index.php?title=Jean_(footballer)&action=edit","/w/index.php?title=Jean_(footballer)&action=history","#","/w/index.php","//bits.wikimedia.org/static-1.21wmf11/skins/vector/images/search-ltr.png?303-4","/wiki/Main_Page","/wiki/Main_Page","/wiki/Portal:Contents","/wiki/Portal:Featured_content","/wiki/Portal:Current_events","/wiki/Special:Random","//donate.wikimedia.org/wiki/Special:FundraiserRedirector?utm_source=donate&utm_medium=sidebar&utm_campaign=C13_en.wikipedia.org&uselang=en","/wiki/Help:Contents","/wiki/Wikipedia:About","/wiki/Wikipedia:Community_portal","/wiki/Special:RecentChanges","/wiki/Wikipedia:Contact_us","/wiki/Special:WhatLinksHere/Jean_(footballer)","/wiki/Special:RecentChangesLinked/Jean_(footballer)","/wiki/Wikipedia:File_Upload_Wizard","/wiki/Special:SpecialPages","/w/index.php?title=Jean_(footballer)&oldid=546092569","/w/index.php?title=Jean_(footballer)&action=info","/w/index.php?title=Special:Cite&page=Jean_%28footballer%29&id=546092569","/w/index.php?title=Special:Book&bookcmd=book_creator&referer=Jean+%28footballer%29","/w/index.php?title=Special:Book&bookcmd=render_article&arttitle=Jean+%28footballer%29&oldid=546092569&writer=rl","/w/index.php?title=Jean_(footballer)&printable=yes","//de.wikipedia.org/wiki/Jean_Raphael_Vanderlei_Moreira","//it.wikipedia.org/wiki/Jean_Raphael_Vanderlei_Moreira","//pl.wikipedia.org/wiki/Jean_Raphael_Vanderlei_Moreira","//pt.wikipedia.org/wiki/Jean_Raphael_Vanderlei_Moreira","//www.wikidata.org/wiki/Special:ItemByTitle/enwiki/Jean (footballer)","//en.wikipedia.org/wiki/Wikipedia:Text_of_Creative_Commons_Attribution-ShareAlike_3.0_Unported_License","//creativecommons.org/licenses/by-sa/3.0/","//wikimediafoundation.org/wiki/Terms_of_Use","//www.wikimediafoundation.org/","//en.wikipedia.org/wiki/Wikipedia:Contact_us","//wikimediafoundation.org/wiki/Privacy_policy","/wiki/Wikipedia:About","/wiki/Wikipedia:General_disclaimer","http://en.m.wikipedia.org/wiki/Jean_(footballer)","//wikimediafoundation.org/","//bits.wikimedia.org/images/wikimedia-button.png","//www.mediawiki.org/","//bits.wikimedia.org/static-1.21wmf11/skins/common/images/poweredby_mediawiki_88x31.png","//bits.wikimedia.org/en.wikipedia.org/load.php?debug=false&lang=en&modules=skins.vector&only=scripts&skin=vector&*","/w/index.php?title=MediaWiki:Gadget-ReferenceTooltips.js&action=raw&ctype=text/javascript&508635914","//bits.wikimedia.org/en.wikipedia.org/load.php?debug=false&lang=en&modules=site&only=scripts&skin=vector&*"],"instances":["sp","ms"],"pdf":[],"categories":["1986 births","Living people","People from Campo Grande","Brazilian footballers","Brazil international footballers","Brazilian expatriate footballers","América Futebol Clube (SP) players","Marília Atlético Clube players","São Paulo FC players","Expatriate footballers in Portugal","Fluminense Football Club players","Campeonato Brasileiro Série A footballers"],"headings":["Titles","References","External links"],"image":["//upload.wikimedia.org/wikipedia/commons/thumb/1/1a/Flag_of_Argentina.svg/22px-Flag_of_Argentina.svg.png","//upload.wikimedia.org/wikipedia/en/thumb/b/be/Flag_of_England.svg/22px-Flag_of_England.svg.png","//upload.wikimedia.org/wikipedia/en/thumb/0/03/Flag_of_Italy.svg/22px-Flag_of_Italy.svg.png","//upload.wikimedia.org/wikipedia/en/thumb/0/05/Flag_of_Brazil.svg/22px-Flag_of_Brazil.svg.png","//upload.wikimedia.org/wikipedia/en/thumb/0/05/Flag_of_Brazil.svg/50px-Flag_of_Brazil.svg.png","//upload.wikimedia.org/wikipedia/en/thumb/4/4e/Soccerball_mask.svg/50px-Soccerball_mask.svg.png","//bits.wikimedia.org/static-1.21wmf11/skins/vector/images/search-ltr.png?303-4","//bits.wikimedia.org/images/wikimedia-button.png","//bits.wikimedia.org/static-1.21wmf11/skins/common/images/poweredby_mediawiki_88x31.png"],"tags":[["operário_futebol_clube","ms"],["américa_futebol_clube","sp"],["defender","association_football#full_back"]],"members":["américa_futebol_clube","defender","operário_futebol_clube"],"related":["Campo_Grande","Brazil","Fluminense_Football_Club","Operário_Futebol_Clube_(MS)","São_Paulo_FC","São_Paulo_FC","América_Futebol_Clube_(SP)","Marília_Atlético_Clube","F.C._Penafiel","Fluminense_Football_Club","Fluminense_Football_Club","Brazil_national_football_team","Campo_Grande","Brazil","Association_football","Fluminense_Football_Club","São_Paulo_FC","Santos_FC","Campeonato_Brasileiro_Série_A","Mano_Menezes","Brazilian_national_football_team","Superclásico_de_las_Américas","Brazilian_national_football_team","Estadio_Alberto_J._Armando","Buenos_Aires","Superclásico_de_las_Américas","Wembley_Stadium","London","England","Exhibition_game","Stade_de_Genève","Genève","Exhibition_game","Campeonato_Brasileiro_Série_A","2008_Campeonato_Brasileiro_Série_A","Campeonato_Carioca","2012_Campeonato_Carioca","Taça_Guanabara","Taça_Guanabara","Campeonato_Brasileiro_Série_A","2012_Campeonato_Brasileiro_Série_A","Brazil","Superclásico_de_las_Américas","2012_Superclásico_de_las_Américas","Campo_Grande","Brazil"]}