{"cursor":"619","size":15,"audio":[],"currentlang":"en","article":"\n'Ultimo' may refer to:\n\n* Ultimo, New South Wales\n* Ulten, commune in Italy, Italian name Ultimo\n* Ultimo (comics), a fictional giant robot in the Marvel Comics universe\n* Ultimo (brand), Scottish designer lingerie brand\n* [[KarakuridÃ´ji Ultimo]], a Japanese manga\n* ult., a Latin abbreviation, previously used especially in business\n  correspondence for ultimo mense (\"last month\")\n","linknr":88,"url":"Ultimo_(disambiguation)","recorded":1363411925,"links":["/w/index.php?title=Ultimo&action=edit","/w/index.php?title=Ultimo&action=edit","//en.wikipedia.org/apple-touch-icon.png","//bits.wikimedia.org/favicon/wikipedia.ico","/w/opensearch_desc.php","//en.wikipedia.org/w/api.php?action=rsd","//creativecommons.org/licenses/by-sa/3.0/","/w/index.php?title=Special:RecentChanges&feed=atom","/wiki/Ultimo","//bits.wikimedia.org/en.wikipedia.org/load.php?debug=false&lang=en&modules=ext.gadget.DRN-wizard%2CReferenceTooltips%2Ccharinsert%2Cteahouse%7Cext.wikihiero%7Cmediawiki.legacy.commonPrint%2Cshared%7Cmw.PopUpMediaTransform%7Cskins.vector&only=styles&skin=vector&*","//bits.wikimedia.org/en.wikipedia.org/load.php?debug=false&lang=en&modules=site&only=styles&skin=vector&*","//bits.wikimedia.org/en.wikipedia.org/load.php?debug=false&lang=en&modules=startup&only=scripts&skin=vector&*","//bits.wikimedia.org/geoiplookup","//meta.wikimedia.org","/w/index.php?title=Ultimo_(disambiguation)&redirect=no","#mw-head","#p-search","//upload.wikimedia.org/wikipedia/commons/thumb/f/f8/Wiktionary-logo-en.svg/37px-Wiktionary-logo-en.svg.png","//en.wiktionary.org/wiki/Special:Search/ultimo","/wiki/Ultimo,_New_South_Wales","/wiki/Ulten","/wiki/Ultimo_(comics)","/wiki/Ultimo_(brand)","/wiki/Karakurid%C3%B4ji_Ultimo","/wiki/List_of_Latin_abbreviations#Less_common_abbreviations_and_usages","/w/index.php?title=Ultimo&action=edit&section=1","/wiki/Ultimate_(disambiguation)","/wiki/Final_(disambiguation)","/wiki/Last_(disambiguation)","/wiki/File:Disambig_gray.svg","//upload.wikimedia.org/wikipedia/en/thumb/5/5f/Disambig_gray.svg/30px-Disambig_gray.svg.png","/wiki/Help:Disambiguation","//en.wikipedia.org/w/index.php?title=Special:WhatLinksHere/Ultimo&namespace=0","http://en.wikipedia.org/w/index.php?title=Ultimo&oldid=544097059","/wiki/Help:Categories","/wiki/Category:Disambiguation_pages","/wiki/Category:All_article_disambiguation_pages","/wiki/Category:All_disambiguation_pages","/w/index.php?title=Special:UserLogin&returnto=Ultimo&type=signup","/w/index.php?title=Special:UserLogin&returnto=Ultimo","/wiki/Ultimo","/wiki/Talk:Ultimo","#","/wiki/Ultimo","/w/index.php?title=Ultimo&action=edit","/w/index.php?title=Ultimo&action=history","#","/w/index.php","//bits.wikimedia.org/static-1.21wmf11/skins/vector/images/search-ltr.png?303-4","/wiki/Main_Page","/wiki/Main_Page","/wiki/Portal:Contents","/wiki/Portal:Featured_content","/wiki/Portal:Current_events","/wiki/Special:Random","//donate.wikimedia.org/wiki/Special:FundraiserRedirector?utm_source=donate&utm_medium=sidebar&utm_campaign=C13_en.wikipedia.org&uselang=en","/wiki/Help:Contents","/wiki/Wikipedia:About","/wiki/Wikipedia:Community_portal","/wiki/Special:RecentChanges","/wiki/Wikipedia:Contact_us","/wiki/Special:WhatLinksHere/Ultimo","/wiki/Special:RecentChangesLinked/Ultimo","/wiki/Wikipedia:File_Upload_Wizard","/wiki/Special:SpecialPages","/w/index.php?title=Ultimo&oldid=544097059","/w/index.php?title=Ultimo&action=info","/w/index.php?title=Special:Cite&page=Ultimo&id=544097059","/w/index.php?title=Special:Book&bookcmd=book_creator&referer=Ultimo","/w/index.php?title=Special:Book&bookcmd=render_article&arttitle=Ultimo&oldid=544097059&writer=rl","/w/index.php?title=Ultimo&printable=yes","//fr.wikipedia.org/wiki/Ultimo_(homonymie)","//it.wikipedia.org/wiki/Ultimo","//www.wikidata.org/wiki/Special:ItemByTitle/enwiki/Ultimo","//en.wikipedia.org/wiki/Wikipedia:Text_of_Creative_Commons_Attribution-ShareAlike_3.0_Unported_License","//creativecommons.org/licenses/by-sa/3.0/","//wikimediafoundation.org/wiki/Terms_of_Use","//www.wikimediafoundation.org/","//wikimediafoundation.org/wiki/Privacy_policy","/wiki/Wikipedia:About","/wiki/Wikipedia:General_disclaimer","http://en.m.wikipedia.org/wiki/Ultimo","//wikimediafoundation.org/","//bits.wikimedia.org/images/wikimedia-button.png","//www.mediawiki.org/","//bits.wikimedia.org/static-1.21wmf11/skins/common/images/poweredby_mediawiki_88x31.png","//bits.wikimedia.org/en.wikipedia.org/load.php?debug=false&lang=en&modules=skins.vector&only=scripts&skin=vector&*","/w/index.php?title=MediaWiki:Gadget-ReferenceTooltips.js&action=raw&ctype=text/javascript&508635914","//bits.wikimedia.org/en.wikipedia.org/load.php?debug=false&lang=en&modules=site&only=scripts&skin=vector&*"],"instances":["disambiguation","disambiguation","disambiguation","brand"],"pdf":[],"categories":[],"headings":["See also"],"image":["//upload.wikimedia.org/wikipedia/commons/thumb/f/f8/Wiktionary-logo-en.svg/37px-Wiktionary-logo-en.svg.png","//upload.wikimedia.org/wikipedia/en/thumb/5/5f/Disambig_gray.svg/30px-Disambig_gray.svg.png","//bits.wikimedia.org/static-1.21wmf11/skins/vector/images/search-ltr.png?303-4","//bits.wikimedia.org/images/wikimedia-button.png","//bits.wikimedia.org/static-1.21wmf11/skins/common/images/poweredby_mediawiki_88x31.png"],"tags":[["ultimo","comics"],["ultimo","brand"],["ultimate","disambiguation"],["final","disambiguation"],["last","disambiguation"]],"members":["final","ultimate","last","ultimo"],"related":["Ultimo,_New_South_Wales","Ulten","Ultimo_(comics)","Ultimo_(brand)","Ultimate_(disambiguation)","Final_(disambiguation)","Last_(disambiguation)"]}