{"cursor":"33847","size":15,"audio":[],"currentlang":"en","article":".]] In science, 'buoyancy' () is an upward force exerted by a fluid, that\nopposes the weight of an immersed object. In a column of fluid, pressure\nincreases with depth as a result of the weight of the overlying fluid. Thus a\ncolumn of fluid, or an object submerged in the fluid, experiences greater\npressure at the bottom of the column than at the top. This difference in\npressure results in a net force that tends to accelerate an object upwards. The\nmagnitude of that force is proportional to the difference in the pressure\nbetween the top and the bottom of the column, and (as explained by Archimedes'\nprinciple) is also equivalent to the weight of the fluid that would otherwise\noccupy the column, i.e. the displaced fluid. For this reason, an object whose\ndensity is greater than that of the fluid in which it is submerged tends to\nsink. If the object is either less dense than the liquid or is shaped\nappropriately (as in a boat), the force can keep the object afloat. This can\noccur only in a reference frame which either has a gravitational field or is\naccelerating due to a force other than gravity defining a \"downward\" direction\n(that is, a non-inertial reference frame). In a situation of fluid statics, the\nnet upward buoyancy force is equal to the magnitude of the weight of fluid\ndisplaced by the body. Note: In the absence of surface tension, the mass of\nfluid displaced is equal to the submerged volume multiplied by the fluid\ndensity. High repulsive surface tension will cause the body to float higher than\nexpected, though the same total volume will be displaced, but at a greater\ndistance from the object. Where there is doubt about the meaning of \"volume of\nfluid displaced\", this should be interpreted as the overflow from a full\ncontainer when the object is floated in it, or as the volume of the object below\nthe average level of the fluid. \n","linknr":336,"url":"Buoyancy","recorded":1362559358,"links":57,"instances":["aviation","ship","fluid","element","boat","physics","force","unit","physics","physics"],"pdf":["http://www.weizmann.ac.il/home/fnfal/papers/Natfloat.pdf","http://www.weizmann.ac.il/home/fnfal/papers/Natfloat.pdf"],"categories":["Force","Fluid mechanics"],"headings":["Archimedes' principle","Forces and equilibrium","Compressible fluids and objects","Buoyancy of air","Density","Beyond Archimedes' principle","See also","References","External links"],"image":["//upload.wikimedia.org/wikipedia/commons/thumb/7/74/Buoyancy.svg/250px-Buoyancy.svg.png","//bits.wikimedia.org/static-1.21wmf10/skins/common/images/magnify-clip.png","//upload.wikimedia.org/math/4/e/c/4ecc7fb6cd8f6295aa090bcec2010d8c.png","//upload.wikimedia.org/math/5/3/7/537607672169dc91ec354af5e7e39e57.png","//upload.wikimedia.org/math/a/6/c/a6c467bcf9dc275758c6af0167f71e83.png","//upload.wikimedia.org/math/5/c/e/5cee36bc025e9d48052e8f0c86d9998b.png","//upload.wikimedia.org/math/2/6/8/26852268b60dcde67f444aefdf325690.png","//upload.wikimedia.org/math/5/6/4/564fde0add2a412d52c57d7feedd6ebe.png","//upload.wikimedia.org/math/5/2/d/52d0e64f09f862c633d963913a776bb3.png","//upload.wikimedia.org/math/8/d/4/8d47a1bf525348bc41230a95e539a8ce.png","//upload.wikimedia.org/math/4/f/4/4f4c247179f202c9116d0be84953709f.png","//upload.wikimedia.org/math/0/d/7/0d78c41b40659471a8532b03d4054b79.png","//upload.wikimedia.org/math/f/6/3/f631008d79065107465e06503a3eec2e.png","//upload.wikimedia.org/math/3/5/d/35d17a301b7839705f184cca869d2bcf.png","//upload.wikimedia.org/math/a/5/2/a52b944c661af5c0bea9fe5f2d1bf491.png","//upload.wikimedia.org/math/c/6/f/c6f251d5db36e2d452a5e9132da5ab45.png","//upload.wikimedia.org/math/c/b/8/cb8a5631c35649416a009b36f8298639.png","//upload.wikimedia.org/math/9/3/8/9382e28167d1f3aad7336bfaeaa7505a.png","//upload.wikimedia.org/math/c/1/d/c1d93e15a71b746fee00d2b88441c10b.png","//upload.wikimedia.org/math/b/9/e/b9ece18c950afbfa6b0fdbfa4ff731d3.png","//upload.wikimedia.org/math/8/d/9/8d9c307cb7f3c4a32822a51922d1ceaa.png","//upload.wikimedia.org/math/b/1/1/b11c8c60f58cba6d0f455c6c136fa26b.png","//upload.wikimedia.org/math/3/c/9/3c90c6854b51f0b7f39ef25e239449f4.png","//upload.wikimedia.org/math/f/e/0/fe0af3b99d83b5585330f9e53349e076.png","//upload.wikimedia.org/math/e/7/5/e7500c1409ff5f5b67f954504bb85193.png","//upload.wikimedia.org/wikipedia/commons/thumb/3/3c/Pressure_distribution_on_an_immersed_cube.png/220px-Pressure_distribution_on_an_immersed_cube.png","//bits.wikimedia.org/static-1.21wmf10/skins/common/images/magnify-clip.png","//upload.wikimedia.org/wikipedia/commons/thumb/a/a5/Forces_on_an_immersed_cube.png/220px-Forces_on_an_immersed_cube.png","//bits.wikimedia.org/static-1.21wmf10/skins/common/images/magnify-clip.png","//upload.wikimedia.org/wikipedia/commons/thumb/2/26/Approximation_of_an_arbitrary_volume_as_a_group_of_cubes.png/220px-Approximation_of_an_arbitrary_volume_as_a_group_of_cubes.png","//bits.wikimedia.org/static-1.21wmf10/skins/common/images/magnify-clip.png","//upload.wikimedia.org/wikipedia/en/thumb/5/55/Pound-coin-floating-in-mercury.jpg/220px-Pound-coin-floating-in-mercury.jpg","//bits.wikimedia.org/static-1.21wmf10/skins/common/images/magnify-clip.png","//upload.wikimedia.org/wikipedia/commons/thumb/2/25/Density_column.JPG/150px-Density_column.JPG","//bits.wikimedia.org/static-1.21wmf10/skins/common/images/magnify-clip.png","//upload.wikimedia.org/wikipedia/commons/thumb/f/f1/BuoyancyAtwoodAnalogy.svg/250px-BuoyancyAtwoodAnalogy.svg.png","//bits.wikimedia.org/static-1.21wmf10/skins/common/images/magnify-clip.png","//upload.wikimedia.org/math/1/6/f/16f45d8a6a3f6e0409f4ca190f5b94ca.png","//upload.wikimedia.org/math/2/7/0/2706ffb001fcc300df82538bcb87e1ed.png","//upload.wikimedia.org/wikipedia/commons/thumb/5/5e/Helmet_logo_for_Underwater_Diving_portal.png/20px-Helmet_logo_for_Underwater_Diving_portal.png","//upload.wikimedia.org/wikipedia/commons/thumb/f/f8/Wiktionary-logo-en.svg/37px-Wiktionary-logo-en.svg.png","//bits.wikimedia.org/static-1.21wmf10/skins/vector/images/search-ltr.png?303-4","//bits.wikimedia.org/images/wikimedia-button.png","//bits.wikimedia.org/static-1.21wmf10/skins/common/images/poweredby_mediawiki_88x31.png"],"tags":[["displacement","fluid"],["newton","unit"],["tension","physics"],["moment","physics"],["buoyancy_compensator","diving"],["drag","physics"],["drag","physics"],["lift","force"],["mercury","element"],["buoyancy_compensator","diving"],["buoyancy_compensator","aviation"],["hull","ship"],["pontoon","boat"]],"members":["buoyancy_compensator","hull","displacement","mercury","pontoon","tension","lift","newton","moment","drag"],"related":["Science","Weight","Archimedes'_principle","Displacement_(fluid)","Gravity","Acceleration","Non-inertial_reference_frame","Archimedes","Syracuse,_Sicily","Fluid","Surface_tension","Newton_(unit)","Vacuum","Dasymeter","Hydrostatic_weighing","Cauchy_stress_tensor","Kronecker_delta","Divergence_theorem","Force","Density","Gravitational_acceleration","Net_force","Acceleration","Gravitational_field","Tension_(physics)","Normal_force","Normal_force","Mass","Metacentric_height","Centroid","Center_of_mass","Moment_(physics)","Metacentric_height","Airship","Submarine","Compressibility","Unstable","Buoyancy_compensator_(diving)","Balloon","Archimedes'_principle","Atmospheric_pressure","Hot_air_balloon","Helium","Density","Hydrogen","Flammability","Life_preserver","Acceleration","Fluid_statics","Gravity","Inertia","Newton's_third_law","Net_force","Newton's_second_law","Frame_of_reference","Fluid_dynamics","Euclidean_vector","Sign_convention","Analogy","Atwood's_machine","Solid","Pulley","Drag_(physics)","Viscosity","Mass","Volume","Density","Gravity","Simultaneous_equations","Newton's_second_law","Net_force","Force","Hooke's_law","Muscle","Thrust","Drag_(physics)","Lift_(force)","Turbulence","Osmium","Styrofoam","Mercury_(element)","Air","Archimedes_paradox","Buoy","Brunt–Väisälä_frequency","Buoyancy_compensator_(diving)","Buoyancy_compensator_(aviation)","Cartesian_diver","Dasymeter","Diving_weighting_system","Fluid","Fluid_statics","Galileo_thermometer","Hull_(ship)","Hydrometer","Hydrostatic_weighing","Lighter_than_air","Naval_architecture","Plimsoll_line","Pontoon_(boat)","Quicksand","Salt_fingering","Submarine","Swim_bladder","Thrust"]}