{"cursor":"28280","size":15,"audio":[],"currentlang":"en","article":"\nA 'solvent' (from the Latin [[wikt:solvo#Latin|solvÅ]], \"I loosen, untie, I\nsolve\") is a substance that dissolves a solute (a chemically different liquid,\nsolid or gas), resulting in a solution. A solvent is usually a liquid but can\nalso be a solid or a gas. The maximum quantity of solute that can dissolve in a\nspecific volume of solvent varies with temperature. Common uses for organic\nsolvents are in dry cleaning (e.g., tetrachloroethylene), as paint thinners\n(e.g., toluene, turpentine), as nail polish removers and glue solvents (acetone,\nmethyl acetate, ethyl acetate), in spot removers (e.g., hexane, petrol ether),\nin detergents (citrus terpenes), in perfumes (ethanol), nail polish and in\nchemical synthesis. The use of inorganic solvents (other than water) is\ntypically limited to research chemistry and some technological processes.\n\nThe global solvent market is expected to earn revenues of about US$33 billion in\n2019. The dynamic economic development in emerging markets like China, India,\nBrazil, or Russia will especially continue to boost demand for solvents.\nSpecialists expect the worldwide solvent consumption to increase at an average\nannual rate of 2.5% over the next years. Accordingly, the growth rate seen\nduring the past eight years will be surpassed. [http://www.ceresana.com/en/market-\nstudies/chemicals/solvents Market Study on Solvents]. Ceresana Research\n","linknr":551,"url":"solvent","recorded":1363370025,"links":["/w/index.php?title=Solvent&action=edit","/w/index.php?title=Solvent&action=edit","//en.wikipedia.org/apple-touch-icon.png","//bits.wikimedia.org/favicon/wikipedia.ico","/w/opensearch_desc.php","//en.wikipedia.org/w/api.php?action=rsd","//creativecommons.org/licenses/by-sa/3.0/","/w/index.php?title=Special:RecentChanges&feed=atom","//bits.wikimedia.org/en.wikipedia.org/load.php?debug=false&lang=en&modules=ext.gadget.DRN-wizard%2CReferenceTooltips%2Ccharinsert%2Cteahouse%7Cext.wikihiero%7Cmediawiki.legacy.commonPrint%2Cshared%7Cmw.PopUpMediaTransform%7Cskins.vector&only=styles&skin=vector&*","//bits.wikimedia.org/en.wikipedia.org/load.php?debug=false&lang=en&modules=site&only=styles&skin=vector&*","//bits.wikimedia.org/en.wikipedia.org/load.php?debug=false&lang=en&modules=startup&only=scripts&skin=vector&*","//bits.wikimedia.org/geoiplookup","//meta.wikimedia.org","#mw-head","#p-search","/wiki/Solvent_(disambiguation)","/wiki/Latin_language","//en.wiktionary.org/wiki/solvo#Latin","/wiki/Solute","/wiki/Solution","/wiki/Temperature","/wiki/Organic_compound","/wiki/Dry_cleaning","/wiki/Tetrachloroethylene","/wiki/Paint_thinner","/wiki/Toluene","/wiki/Turpentine","/wiki/Acetone","/wiki/Methyl_acetate","/wiki/Ethyl_acetate","/wiki/Hexane","/wiki/D-limonene","/wiki/Perfume","/wiki/Ethanol","/wiki/Nail_polish","/wiki/Inorganic_chemistry","/wiki/Chemistry","/wiki/Emerging_markets","/wiki/China","/wiki/India","/wiki/Brazil","/wiki/Russia","#cite_note-1","#Solutions_and_solvation","#Solvent_classifications","#Other_polarity_scales","#Polar_protic_and_polar_aprotic","#Physical_properties_of_common_solvents","#Properties_table_of_common_solvents","#Hansen_solubility_parameter_values_.28HSPiP.29","#Boiling_point","#Density","#Health_and_safety","#Fire","#Explosive_peroxide_formation","#Health_effects","#General_precautions","#Environmental_contamination","#See_also","#References","#Bibliography","#External_links","/w/index.php?title=Solvent&action=edit&section=1","/wiki/Dissolution_(chemistry)","/wiki/Solution","#cite_note-2","/wiki/Solubility","/wiki/Miscibility","/wiki/Solubility","/wiki/Molecules","/wiki/Heat","/wiki/Entropy","/wiki/Thermodynamics","/wiki/Hydrogen_bonding","/wiki/Bond_dipole_moment","/wiki/Polarizability","#cite_note-3","/w/index.php?title=Solvent&action=edit&section=2","/wiki/Dielectric_constant","/wiki/Wikipedia:Citation_needed","#cite_note-p177-4","/wiki/Ion","/wiki/Field_strength","#cite_note-p177-4","/wiki/Chemical_polarity","/w/index.php?title=Solvent&action=edit&section=3","/wiki/Saul_Winstein","/wiki/Ultraviolet","/wiki/Pyridinium","/wiki/Iodide","/wiki/Zwitterion","#cite_note-5","/wiki/Lewis_acid","#cite_note-6","/wiki/Hydrogen_bonding","/wiki/Chemical_compound","/wiki/Miscible","/wiki/Sugars","/wiki/Inorganic_chemistry","/wiki/Salt","/wiki/Table_salt","/wiki/Oil","/wiki/Wax","/wiki/Hexane","/wiki/Hexane","/wiki/Vinegar","/wiki/Miscible","/w/index.php?title=Solvent&action=edit&section=4","/wiki/Relative_static_permittivity","/wiki/Protic","/wiki/Anion","/wiki/Hydrogen_bonding","/wiki/Acetone","/wiki/Dichloromethane","/wiki/Molecular_dipole_moment","#cite_note-7","/wiki/Chemical_reaction","/wiki/SN1_reaction","/wiki/Reaction_mechanism","/wiki/SN2_reaction","/w/index.php?title=Solvent&action=edit&section=5","/w/index.php?title=Solvent&action=edit&section=6","/wiki/Dielectric_constant","/wiki/Properties","/wiki/Chemical_formula","/wiki/Boiling_point","#cite_note-boil-8","/wiki/Dielectric_constant","#cite_note-9","/wiki/Density","/wiki/Molecular_dipole_moment","/wiki/Nonpolar","/wiki/Pentane","/wiki/Cyclopentane","/wiki/Hexane","/wiki/Cyclohexane","/wiki/Benzene","/wiki/Toluene","/wiki/1,4-Dioxane","/wiki/Chloroform","/wiki/Diethyl_ether","/wiki/Chemical_polarity","/wiki/Aprotic","/wiki/Dichloromethane","/wiki/Tetrahydrofuran","/wiki/Ethyl_acetate","/wiki/Acetone","/wiki/Dimethylformamide","/wiki/Acetonitrile","/wiki/Dimethyl_sulfoxide","/wiki/Propylene_carbonate","/wiki/Protic","/wiki/Formic_acid","/wiki/N-Butanol","/wiki/Isopropanol","/wiki/1-Propanol","/wiki/Ethanol","/wiki/Methanol","/wiki/Acetic_acid","/wiki/Nitromethane","/wiki/Water_(molecule)","/w/index.php?title=Solvent&action=edit&section=7","/wiki/Hansen_solubility_parameter","#cite_note-hansen-10","#cite_note-hansen2-11","/wiki/Van_der_Waals_forces","/wiki/Polar_bonds","/wiki/Hydrogen_bonds","/wiki/Chemical_formula","/wiki/Hexane","/wiki/Benzene","/wiki/Toluene","/wiki/Diethyl_ether","/wiki/Chloroform","/wiki/1,4-Dioxane","/wiki/Ethyl_acetate","/wiki/Tetrahydrofuran","/wiki/Dichloromethane","/wiki/Acetone","/wiki/Acetonitrile","/wiki/Dimethylformamide","/wiki/Dimethyl_sulfoxide","/wiki/Acetic_acid","/wiki/N-Butanol","/wiki/Isopropanol","/wiki/1-Propanol","/wiki/Ethanol","/wiki/Methanol","/wiki/Formic_acid","/wiki/Water_(molecule)","#cite_note-hansen-10","#cite_note-hansen2-11","/wiki/Hansen_solubility_parameter","/w/index.php?title=Solvent&action=edit&section=8","#cite_note-boil-8","/wiki/Diethyl_ether","/wiki/Dichloromethane","/wiki/Dimethyl_sulfoxide","/wiki/Vacuum","/w/index.php?title=Solvent&action=edit&section=9","/wiki/Density","/wiki/Halogen","/wiki/Dichloromethane","/wiki/Chloroform","/wiki/Partition_coefficient","/wiki/Separatory_funnel","#cite_note-12","/w/index.php?title=Solvent&action=edit&section=10","/w/index.php?title=Solvent&action=edit&section=11","/wiki/Dichloromethane","/wiki/Chloroform","/wiki/Explosion","/wiki/Flash_fire","/wiki/Diethyl_ether","/wiki/Carbon_disulfide","/wiki/Autoignition_temperature","/wiki/Steam","/wiki/Light_bulb","/wiki/Hotplate","/wiki/Bunsen_burner","/w/index.php?title=Solvent&action=edit&section=12","/wiki/Ether","/wiki/Diethyl_ether","/wiki/Tetrahydrofuran","/wiki/Organic_peroxide","/wiki/Peroxide","/wiki/Diisopropyl_ether","/wiki/Oxygen","/wiki/Free_radical","/wiki/Hydrogen","/wiki/Iron_sulfate","/wiki/Potassium_thiocyanate","/wiki/Oxidize","/wiki/Coordination_complex","/wiki/Thiocyanate","/wiki/Crystalline","/wiki/Desiccant","/wiki/Boiling_point","/wiki/Precipitate","/wiki/Butylated_hydroxytoluene","/wiki/Sodium_hydroxide","/wiki/Alumina","/wiki/Distillation","/wiki/Sodium","/wiki/Benzophenone","/wiki/Moisture","/wiki/Oxygen","/w/index.php?title=Solvent&action=edit&section=13","/wiki/Dermatitis","#cite_note-13","/wiki/Inhalation","/wiki/Diethyl_ether","/wiki/Chloroform","/wiki/Anesthetics","/wiki/Sedatives","/wiki/Hypnotics","/wiki/Ethanol","/wiki/Psychoactive_drug","/wiki/Gasoline","/wiki/Volatile_substance_abuse","/wiki/Neurotoxicity","/wiki/Cancer","/wiki/Methanol","/wiki/Toluene","/wiki/Benzene","/wiki/Nausea","/wiki/Vomiting","/wiki/Benzene","/wiki/Gasoline","/wiki/Carcinogen","/wiki/Liver","/wiki/Kidney","/wiki/Human_brain","/wiki/Organic_solvents","/wiki/Alcoholism","#cite_note-pmid1606027-14","/w/index.php?title=Solvent&action=edit&section=14","/wiki/Fume_hood","/wiki/Central_heating","/w/index.php?title=Solvent&action=edit&section=15","/wiki/Soil_contamination","/wiki/Aquifer","/w/index.php?title=Solvent&action=edit&section=16","//upload.wikimedia.org/wikipedia/en/thumb/4/4a/Commons-logo.svg/30px-Commons-logo.svg.png","//commons.wikimedia.org/wiki/Category:Solvents","/wiki/Partition_coefficient","/wiki/Supercritical_fluid","/wiki/Ionic_liquid","/wiki/Deep_eutectic_solvent","/wiki/Water_model","/wiki/Water_pollution","/wiki/Desiccant","/wiki/Occupational_health","/wiki/Lyoluminescence","/wiki/Solvation","/wiki/Solution","/wiki/Free_energy_of_solvation","/w/index.php?title=Solvent&action=edit&section=17","#cite_ref-1","http://www.ceresana.com/en/market-studies/chemicals/solvents","#cite_ref-2","/wiki/Special:BookSources/0130266078","#cite_ref-3","#cite_ref-p177_4-0","#cite_ref-p177_4-1","#cite_ref-5","#cite_ref-6","/w/index.php?title=Coord._Chem._Rev.&action=edit&redlink=1","/wiki/Digital_object_identifier","http://dx.doi.org/10.1016%2FS0010-8545%2800%2982045-7","#cite_ref-7","#cite_ref-boil_8-0","#cite_ref-boil_8-1","http://www.xydatasource.com/xy-showdatasetpage.php?datasetcode=9724855&dsid=1138&searchtext=solvent","#cite_ref-9","http://macro.lsu.edu/HowTo/solvents/Dielectric%20Constant%20.htm","#cite_ref-hansen_10-0","#cite_ref-hansen_10-1","http://books.google.com/books?id=efMbTvlfc8wC&printsec=frontcover#v=onepage&q=&f=false","/wiki/Special:BookSources/0955122023","#cite_ref-hansen2_11-0","#cite_ref-hansen2_11-1","http://books.google.com/books?id=gprF31cvT2oC&printsec=frontcover","/wiki/Special:BookSources/0849372488","#cite_ref-12","http://www.xydatasource.com/xy-showdatasetpage.php?datasetcode=831841&dsid=97&searchtext=solvent","#cite_ref-13","http://www.osha.gov/SLTC/solvents/index.html","#cite_ref-pmid1606027_14-0","//www.ncbi.nlm.nih.gov/pmc/articles/PMC1012122/","/wiki/PubMed_Central","//www.ncbi.nlm.nih.gov/pmc/articles/PMC1012122","/wiki/PubMed_Identifier","//www.ncbi.nlm.nih.gov/pubmed/1606027","/w/index.php?title=Solvent&action=edit&section=18","/wiki/Special:BookSources/0063640449","/w/index.php?title=Solvent&action=edit&section=19","//upload.wikimedia.org/wikipedia/commons/thumb/f/f8/Wiktionary-logo-en.svg/37px-Wiktionary-logo-en.svg.png","//en.wiktionary.org/wiki/solvent","http://www.esig.org","http://www.usm.maine.edu/~newton/Chy251_253/Lectures/Solvents/Solvents.html","http://virtual.yosemite.cc.ca.us/smurov/orgsoltab.htm","http://www.cdc.gov/niosh/topics/organsolv/","/wiki/Template:Reaction_mechanisms","/wiki/Template_talk:Reaction_mechanisms","//en.wikipedia.org/w/index.php?title=Template:Reaction_mechanisms&action=edit","/wiki/Reaction_mechanism","/wiki/Nucleophilic_substitution","/wiki/SN1_reaction","/wiki/SN2_reaction","/wiki/Nucleophilic_aromatic_substitution","/wiki/SNi","/wiki/Nucleophilic_acyl_substitution","/wiki/Elimination_reaction","/wiki/E1_elimination","/wiki/E1cB_elimination_reaction","/wiki/E2_elimination","/wiki/Addition_reaction","/wiki/Electrophilic_addition","/wiki/Nucleophilic_addition","/wiki/Free-radical_addition","/wiki/Cycloaddition","/wiki/Elementary_reaction","/wiki/Molecularity","/wiki/Stereochemistry","/wiki/Catalysis","/wiki/Collision_theory","/wiki/Solvent_effects","/wiki/Arrow_pushing","/wiki/Chemical_kinetics","/wiki/Rate_equation","/wiki/Rate-determining_step","/wiki/Template:Chemical_solutions","/wiki/Template_talk:Chemical_solutions","//en.wikipedia.org/w/index.php?title=Template:Chemical_solutions&action=edit","/wiki/Solution","/wiki/Solution","/wiki/Ideal_solution","/wiki/Aqueous_solution","/wiki/Solid_solution","/wiki/Buffer_solution","/wiki/Flory%E2%80%93Huggins_solution_theory","/wiki/Mixture","/wiki/Suspension_(chemistry)","/wiki/Colloid","/wiki/Phase_diagram","/wiki/Eutectic_system","/wiki/Alloy","/wiki/Saturation_(chemistry)","/wiki/Supersaturation","/wiki/Serial_dilution","/wiki/Dilution_(equation)","/wiki/Apparent_molar_property","/wiki/Concentration","/wiki/Molar_concentration","/wiki/Mass_concentration_(chemistry)","/wiki/Number_density","/wiki/Volume_fraction","/wiki/Normal_concentration","/wiki/Percentage_solution_(disambiguation)","/wiki/Molality","/wiki/Mole_fraction","/wiki/Mass_fraction_(chemistry)","/wiki/Isotopic_abundance","/wiki/Mixing_ratio","/wiki/Solubility","/wiki/Solubility_equilibrium","/wiki/Total_dissolved_solids","/wiki/Solvation","/wiki/Solvation_shell","/wiki/Enthalpy_change_of_solution","/wiki/Lattice_energy","/wiki/Raoult%27s_law","/wiki/Henry%27s_law","/wiki/Solubility_table","/wiki/Solubility_chart","/wiki/Category:Solvents","/wiki/Acid_dissociation_constant","/wiki/Protic_solvent","/wiki/Inorganic_nonaqueous_solvent","/wiki/Solvation","/wiki/List_of_boiling_and_freezing_information_of_solvents","/wiki/Partition_coefficient","/wiki/Chemical_polarity","/wiki/Hydrophobe","/wiki/Hydrophile","/wiki/Lipophilicity","/wiki/Amphiphile","http://en.wikipedia.org/w/index.php?title=Solvent&oldid=542909599","/wiki/Help:Categories","/wiki/Category:Chemical_reactions","/wiki/Category:Soil_contamination","/wiki/Category:Solvents","/wiki/Category:Solutions","/wiki/Category:Chemical_compounds","/wiki/Category:All_articles_with_unsourced_statements","/wiki/Category:Articles_with_unsourced_statements_from_February_2011","/wiki/Category:Use_dmy_dates_from_September_2010","/w/index.php?title=Special:UserLogin&returnto=Solvent&type=signup","/w/index.php?title=Special:UserLogin&returnto=Solvent","/wiki/Solvent","/wiki/Talk:Solvent","#","/wiki/Solvent","/w/index.php?title=Solvent&action=edit","/w/index.php?title=Solvent&action=history","#","/w/index.php","//bits.wikimedia.org/static-1.21wmf10/skins/vector/images/search-ltr.png?303-4","/wiki/Main_Page","/wiki/Main_Page","/wiki/Portal:Contents","/wiki/Portal:Featured_content","/wiki/Portal:Current_events","/wiki/Special:Random","//donate.wikimedia.org/wiki/Special:FundraiserRedirector?utm_source=donate&utm_medium=sidebar&utm_campaign=C13_en.wikipedia.org&uselang=en","/wiki/Help:Contents","/wiki/Wikipedia:About","/wiki/Wikipedia:Community_portal","/wiki/Special:RecentChanges","/wiki/Wikipedia:Contact_us","/wiki/Special:WhatLinksHere/Solvent","/wiki/Special:RecentChangesLinked/Solvent","/wiki/Wikipedia:File_Upload_Wizard","/wiki/Special:SpecialPages","/w/index.php?title=Solvent&oldid=542909599","/w/index.php?title=Solvent&action=info","/w/index.php?title=Special:Cite&page=Solvent&id=542909599","/w/index.php?title=Special:Book&bookcmd=book_creator&referer=Solvent","/w/index.php?title=Special:Book&bookcmd=render_article&arttitle=Solvent&oldid=542909599&writer=rl","/w/index.php?title=Solvent&printable=yes","//af.wikipedia.org/wiki/Oplosmiddel","//ar.wikipedia.org/wiki/%D9%85%D8%B0%D9%8A%D8%A8","//bn.wikipedia.org/wiki/%E0%A6%A6%E0%A7%8D%E0%A6%B0%E0%A6%AC%E0%A6%A3","//be.wikipedia.org/wiki/%D0%A0%D0%B0%D1%81%D1%82%D0%B2%D0%BE%D1%80","//bg.wikipedia.org/wiki/%D0%A0%D0%B0%D0%B7%D1%82%D0%B2%D0%BE%D1%80%D0%B8%D1%82%D0%B5%D0%BB","//bs.wikipedia.org/wiki/Otapalo","//ca.wikipedia.org/wiki/Dissolvent","//cs.wikipedia.org/wiki/Rozpou%C5%A1t%C4%9Bdlo","//sn.wikipedia.org/wiki/Munyungu","//da.wikipedia.org/wiki/Opl%C3%B8sningsmiddel","//de.wikipedia.org/wiki/L%C3%B6sungsmittel","//et.wikipedia.org/wiki/Lahusti","//el.wikipedia.org/wiki/%CE%94%CE%B9%CE%AC%CE%BB%CF%85%CE%BC%CE%B1","//es.wikipedia.org/wiki/Disolvente","//eo.wikipedia.org/wiki/Solva%C4%B5o","//eu.wikipedia.org/wiki/Disolbatzaile","//fa.wikipedia.org/wiki/%D8%AD%D9%84%D8%A7%D9%84_(%D8%B4%DB%8C%D9%85%DB%8C)","//fr.wikipedia.org/wiki/Solvant","//gl.wikipedia.org/wiki/Disolvente","//ko.wikipedia.org/wiki/%EC%9A%A9%EB%A7%A4","//hi.wikipedia.org/wiki/%E0%A4%B5%E0%A4%BF%E0%A4%B2%E0%A4%AF%E0%A4%A8","//hr.wikipedia.org/wiki/Otapalo","//io.wikipedia.org/wiki/Dissolvuro","//id.wikipedia.org/wiki/Pelarut","//is.wikipedia.org/wiki/Upplausn","//it.wikipedia.org/wiki/Solvente","//he.wikipedia.org/wiki/%D7%AA%D7%9E%D7%99%D7%A1%D7%94#.D7.94.D7.9E.D7.9E.D7.A1","//ka.wikipedia.org/wiki/%E1%83%AE%E1%83%A1%E1%83%9C%E1%83%90%E1%83%A0%E1%83%94%E1%83%91%E1%83%98","//kk.wikipedia.org/wiki/%D0%95%D1%80%D1%96%D1%82%D0%BA%D1%96%D1%88%D1%82%D0%B5%D1%80","//ht.wikipedia.org/wiki/S%C3%B2lvan","//la.wikipedia.org/wiki/Solutio","//lv.wikipedia.org/wiki/%C5%A0%C4%B7%C4%ABdums","//lt.wikipedia.org/wiki/Tirpiklis","//hu.wikipedia.org/wiki/Oldat","//mk.wikipedia.org/wiki/%D0%A0%D0%B0%D1%81%D1%82%D0%B2%D0%BE%D1%80","//mr.wikipedia.org/wiki/%E0%A4%A6%E0%A5%8D%E0%A4%B0%E0%A4%BE%E0%A4%B5%E0%A4%95","//nl.wikipedia.org/wiki/Oplosmiddel","//ja.wikipedia.org/wiki/%E6%BA%B6%E5%AA%92","//no.wikipedia.org/wiki/L%C3%B8semiddel","//nn.wikipedia.org/wiki/L%C3%B8ysemiddel","//uz.wikipedia.org/wiki/Eritma","//pl.wikipedia.org/wiki/Rozpuszczalnik","//pt.wikipedia.org/wiki/Solvente","//ro.wikipedia.org/wiki/Diluan%C8%9Bi","//qu.wikipedia.org/wiki/Chullusqa","//ru.wikipedia.org/wiki/%D0%A0%D0%B0%D1%81%D1%82%D0%B2%D0%BE%D1%80%D0%B8%D1%82%D0%B5%D0%BB%D1%8C","//scn.wikipedia.org/wiki/Sciugghimentu","//simple.wikipedia.org/wiki/Solvent","//sk.wikipedia.org/wiki/Rozp%C3%BA%C5%A1%C5%A5adlo","//sl.wikipedia.org/wiki/Topilo","//sr.wikipedia.org/wiki/%D0%A0%D0%B0%D1%81%D1%82%D0%B2%D0%B0%D1%80%D0%B0%D1%87","//sh.wikipedia.org/wiki/Otapalo","//fi.wikipedia.org/wiki/Liuotin","//sv.wikipedia.org/wiki/L%C3%B6sningsmedel","//ta.wikipedia.org/wiki/%E0%AE%95%E0%AE%B0%E0%AF%88%E0%AE%AA%E0%AF%8D%E0%AE%AA%E0%AE%BE%E0%AE%A9%E0%AF%8D","//te.wikipedia.org/wiki/%E0%B0%A6%E0%B1%8D%E0%B0%B0%E0%B0%BE%E0%B0%B5%E0%B0%A3%E0%B0%82","//th.wikipedia.org/wiki/%E0%B8%95%E0%B8%B1%E0%B8%A7%E0%B8%97%E0%B8%B3%E0%B8%A5%E0%B8%B0%E0%B8%A5%E0%B8%B2%E0%B8%A2","//tg.wikipedia.org/wiki/%D0%A0%D0%BE%D2%B3%D0%B8_%D2%B3%D0%B0%D0%BB","//tr.wikipedia.org/wiki/Solvent","//uk.wikipedia.org/wiki/%D0%A0%D0%BE%D0%B7%D1%87%D0%B8%D0%BD%D0%BD%D0%B8%D0%BA","//ur.wikipedia.org/wiki/%D9%85%D8%AD%D9%84%D9%91%D9%84","//vec.wikipedia.org/wiki/So%C5%82usion","//vi.wikipedia.org/wiki/Dung_m%C3%B4i","//zh.wikipedia.org/wiki/%E6%BA%B6%E5%89%82","//www.wikidata.org/wiki/Special:ItemByTitle/enwiki/Solvent","//en.wikipedia.org/wiki/Wikipedia:Text_of_Creative_Commons_Attribution-ShareAlike_3.0_Unported_License","//creativecommons.org/licenses/by-sa/3.0/","//wikimediafoundation.org/wiki/Terms_of_Use","//www.wikimediafoundation.org/","//en.wikipedia.org/wiki/Wikipedia:Contact_us","//wikimediafoundation.org/wiki/Privacy_policy","/wiki/Wikipedia:About","/wiki/Wikipedia:General_disclaimer","http://en.m.wikipedia.org/wiki/Solvent","//wikimediafoundation.org/","//bits.wikimedia.org/images/wikimedia-button.png","//www.mediawiki.org/","//bits.wikimedia.org/static-1.21wmf10/skins/common/images/poweredby_mediawiki_88x31.png","//bits.wikimedia.org/en.wikipedia.org/load.php?debug=false&lang=en&modules=skins.vector&only=scripts&skin=vector&*","/w/index.php?title=MediaWiki:Gadget-ReferenceTooltips.js&action=raw&ctype=text/javascript&508635914","//bits.wikimedia.org/en.wikipedia.org/load.php?debug=false&lang=en&modules=site&only=scripts&skin=vector&*"],"instances":["chemistry","molecule"],"pdf":[],"categories":["Soil contamination","Solvents|","Solutions","Chemical compounds"],"headings":["Solutions and solvation","Solvent classifications","Physical properties of common solvents","Health and safety","See also","References","Bibliography","External links"],"image":["//upload.wikimedia.org/wikipedia/en/thumb/4/4a/Commons-logo.svg/30px-Commons-logo.svg.png","//upload.wikimedia.org/wikipedia/commons/thumb/f/f8/Wiktionary-logo-en.svg/37px-Wiktionary-logo-en.svg.png","//bits.wikimedia.org/static-1.21wmf10/skins/vector/images/search-ltr.png?303-4","//bits.wikimedia.org/images/wikimedia-button.png","//bits.wikimedia.org/static-1.21wmf10/skins/common/images/poweredby_mediawiki_88x31.png"],"tags":[["dissolution","chemistry"],["water","molecule"],["water","molecule"]],"members":["dissolution","water"],"related":["Latin_language","Solute","Solution","Temperature","Organic_compound","Dry_cleaning","Tetrachloroethylene","Paint_thinner","Toluene","Turpentine","Acetone","Methyl_acetate","Ethyl_acetate","Hexane","D-limonene","Perfume","Ethanol","Nail_polish","Inorganic_chemistry","Chemistry","Emerging_markets","China","India","Brazil","Russia","Dissolution_(chemistry)","Solution","Solubility","Miscibility","Solubility","Molecules","Heat","Entropy","Thermodynamics","Hydrogen_bonding","Bond_dipole_moment","Polarizability","Dielectric_constant","Ion","Field_strength","Chemical_polarity","Ultraviolet","Pyridinium","Iodide","Zwitterion","Lewis_acid","Hydrogen_bonding","Chemical_compound","Miscible","Sugars","Inorganic_chemistry","Salt","Table_salt","Oil","Wax","Hexane","Hexane","Vinegar","Miscible","Relative_static_permittivity","Protic","Anion","Hydrogen_bonding","Acetone","Dichloromethane","Molecular_dipole_moment","Chemical_reaction","SN1_reaction","Reaction_mechanism","SN2_reaction","Dielectric_constant","Properties","Chemical_formula","Boiling_point","Dielectric_constant","Density","Molecular_dipole_moment","Pentane","Cyclopentane","Hexane","Cyclohexane","Benzene","Toluene","1,4-Dioxane","Chloroform","Diethyl_ether","Dichloromethane","Tetrahydrofuran","Ethyl_acetate","Acetone","Dimethylformamide","Acetonitrile","Dimethyl_sulfoxide","Propylene_carbonate","Formic_acid","N-Butanol","Isopropanol","1-Propanol","Ethanol","Methanol","Acetic_acid","Nitromethane","Water_(molecule)","Hansen_solubility_parameter","Van_der_Waals_forces","Polar_bonds","Hydrogen_bonds","Chemical_formula","Hexane","Benzene","Toluene","Diethyl_ether","Chloroform","1,4-Dioxane","Ethyl_acetate","Tetrahydrofuran","Dichloromethane","Acetone","Acetonitrile","Dimethylformamide","Dimethyl_sulfoxide","Acetic_acid","N-Butanol","Isopropanol","1-Propanol","Ethanol","Methanol","Formic_acid","Water_(molecule)","Hansen_solubility_parameter","Diethyl_ether","Dichloromethane","Dimethyl_sulfoxide","Vacuum","Density","Halogen","Dichloromethane","Chloroform","Partition_coefficient","Separatory_funnel","Dichloromethane","Chloroform","Explosion","Flash_fire","Diethyl_ether","Carbon_disulfide","Autoignition_temperature","Steam","Light_bulb","Hotplate","Bunsen_burner","Ether","Diethyl_ether","Tetrahydrofuran","Organic_peroxide","Peroxide","Diisopropyl_ether","Oxygen","Free_radical","Hydrogen","Iron_sulfate","Potassium_thiocyanate","Oxidize","Coordination_complex","Thiocyanate","Crystalline","Desiccant","Boiling_point","Precipitate","Butylated_hydroxytoluene","Sodium_hydroxide","Alumina","Distillation","Sodium","Benzophenone","Moisture","Oxygen","Dermatitis","Inhalation","Diethyl_ether","Chloroform","Anesthetics","Sedatives","Hypnotics","Ethanol","Psychoactive_drug","Gasoline","Volatile_substance_abuse","Neurotoxicity","Cancer","Methanol","Toluene","Benzene","Nausea","Vomiting","Benzene","Gasoline","Carcinogen","Liver","Kidney","Human_brain","Organic_solvents","Alcoholism","Fume_hood","Central_heating","Soil_contamination","Aquifer","Partition_coefficient","Supercritical_fluid","Ionic_liquid","Deep_eutectic_solvent","Water_model","Water_pollution","Desiccant","Occupational_health","Lyoluminescence","Solvation","Solution","Free_energy_of_solvation"]}