{"cursor":"2237","size":15,"audio":[],"currentlang":"en","article":"\n\n'Sir Richard Hoare' (1648â1719) was the founder of C. Hoare & Co, one of the\nUnited Kingdom's oldest private banks.\n","linknr":137,"url":"Richard_Hoare","recorded":1364222171,"links":["/w/index.php?title=Richard_Hoare&action=edit","/w/index.php?title=Richard_Hoare&action=edit","//en.wikipedia.org/apple-touch-icon.png","//bits.wikimedia.org/favicon/wikipedia.ico","/w/opensearch_desc.php","//en.wikipedia.org/w/api.php?action=rsd","//creativecommons.org/licenses/by-sa/3.0/","/w/index.php?title=Special:RecentChanges&feed=atom","//bits.wikimedia.org/en.wikipedia.org/load.php?debug=false&lang=en&modules=ext.gadget.DRN-wizard%2CReferenceTooltips%2Ccharinsert%2Cteahouse%7Cext.wikihiero%7Cmediawiki.legacy.commonPrint%2Cshared%7Cmw.PopUpMediaTransform%7Cskins.vector&only=styles&skin=vector&*","//bits.wikimedia.org/en.wikipedia.org/load.php?debug=false&lang=en&modules=site&only=styles&skin=vector&*","//bits.wikimedia.org/en.wikipedia.org/load.php?debug=false&lang=en&modules=startup&only=scripts&skin=vector&*","//bits.wikimedia.org/geoiplookup","//meta.wikimedia.org","#mw-head","#p-search","/wiki/Richard_Hoare_(disambiguation)","/wiki/File:Sir_richard_hoare.jpg","//upload.wikimedia.org/wikipedia/en/e/e3/Sir_richard_hoare.jpg","/wiki/File:Sir_richard_hoare.jpg","//bits.wikimedia.org/static-1.21wmf11/skins/common/images/magnify-clip.png","/wiki/C._Hoare_%26_Co","/wiki/United_Kingdom","/w/index.php?title=Richard_Hoare&action=edit&section=1","/wiki/Smithfield_Market","/wiki/London","#cite_note-1","#cite_note-2","/wiki/Goldsmiths%27_Company","#cite_note-3","/wiki/C._Hoare_%26_Co","/wiki/Cheapside","/wiki/London","#cite_note-4","/wiki/Anne,_Queen_of_Great_Britain","/wiki/Sheriff_of_London","/wiki/Lord_Mayor_of_London","#cite_note-5","/wiki/Henry_Hoare_(banker)","#cite_note-6","/wiki/Hendon","#cite_note-7","/w/index.php?title=Richard_Hoare&action=edit&section=2","#cite_ref-1","#cite_ref-2","#cite_ref-3","#cite_ref-4","#cite_ref-5","#cite_ref-6","#cite_ref-7","/w/index.php?title=Richard_Hoare&action=edit&section=3","/wiki/International_Standard_Book_Number","/wiki/Special:BookSources/1841199656","/wiki/Lord_Mayor_of_London","/wiki/Authority_control","/wiki/Virtual_International_Authority_File","http://viaf.org/viaf/72943078","/wiki/Wikipedia:Persondata","/wiki/File:Crystal_kchart.png","//upload.wikimedia.org/wikipedia/commons/thumb/2/28/Crystal_kchart.png/40px-Crystal_kchart.png","/wiki/Wikipedia:Stub","//en.wikipedia.org/w/index.php?title=Richard_Hoare&action=edit","/wiki/Template:UK-business-bio-1640s-stub","/wiki/Template_talk:UK-business-bio-1640s-stub","//en.wikipedia.org/w/index.php?title=Template:UK-business-bio-1640s-stub&action=edit","/wiki/File:Flag_of_England.svg","//upload.wikimedia.org/wikipedia/en/thumb/b/be/Flag_of_England.svg/30px-Flag_of_England.svg.png","/wiki/File:Crystal_personal.svg","//upload.wikimedia.org/wikipedia/en/thumb/2/24/Crystal_personal.svg/30px-Crystal_personal.svg.png","/wiki/England","/wiki/Wikipedia:Stub","//en.wikipedia.org/w/index.php?title=Richard_Hoare&action=edit","/wiki/Template:England-mayor-stub","/w/index.php?title=Template_talk:England-mayor-stub&action=edit&redlink=1","//en.wikipedia.org/w/index.php?title=Template:England-mayor-stub&action=edit","http://en.wikipedia.org/w/index.php?title=Richard_Hoare&oldid=543850607","/wiki/Help:Categories","/wiki/Category:1648_births","/wiki/Category:1719_deaths","/wiki/Category:English_businesspeople","/wiki/Category:Sheriffs_of_the_City_of_London","/wiki/Category:Lord_Mayors_of_London","/wiki/Category:English_bankers","/wiki/Category:17th-century_English_people","/wiki/Category:18th-century_English_people","/wiki/Category:British_business_biography_stubs","/wiki/Category:English_mayor_stubs","/wiki/Category:Wikipedia_articles_with_VIAF_identifiers","/w/index.php?title=Special:UserLogin&returnto=Richard+Hoare&type=signup","/w/index.php?title=Special:UserLogin&returnto=Richard+Hoare","/wiki/Richard_Hoare","/wiki/Talk:Richard_Hoare","#","/wiki/Richard_Hoare","/w/index.php?title=Richard_Hoare&action=edit","/w/index.php?title=Richard_Hoare&action=history","#","/w/index.php","//bits.wikimedia.org/static-1.21wmf11/skins/vector/images/search-ltr.png?303-4","/wiki/Main_Page","/wiki/Main_Page","/wiki/Portal:Contents","/wiki/Portal:Featured_content","/wiki/Portal:Current_events","/wiki/Special:Random","//donate.wikimedia.org/wiki/Special:FundraiserRedirector?utm_source=donate&utm_medium=sidebar&utm_campaign=C13_en.wikipedia.org&uselang=en","/wiki/Help:Contents","/wiki/Wikipedia:About","/wiki/Wikipedia:Community_portal","/wiki/Special:RecentChanges","/wiki/Wikipedia:Contact_us","/wiki/Special:WhatLinksHere/Richard_Hoare","/wiki/Special:RecentChangesLinked/Richard_Hoare","/wiki/Wikipedia:File_Upload_Wizard","/wiki/Special:SpecialPages","/w/index.php?title=Richard_Hoare&oldid=543850607","/w/index.php?title=Richard_Hoare&action=info","/w/index.php?title=Special:Cite&page=Richard_Hoare&id=543850607","/w/index.php?title=Special:Book&bookcmd=book_creator&referer=Richard+Hoare","/w/index.php?title=Special:Book&bookcmd=render_article&arttitle=Richard+Hoare&oldid=543850607&writer=rl","/w/index.php?title=Richard_Hoare&printable=yes","//fr.wikipedia.org/wiki/Richard_Hoare","//www.wikidata.org/wiki/Special:ItemByTitle/enwiki/Richard Hoare","//en.wikipedia.org/wiki/Wikipedia:Text_of_Creative_Commons_Attribution-ShareAlike_3.0_Unported_License","//creativecommons.org/licenses/by-sa/3.0/","//wikimediafoundation.org/wiki/Terms_of_Use","//www.wikimediafoundation.org/","//en.wikipedia.org/wiki/Wikipedia:Contact_us","//wikimediafoundation.org/wiki/Privacy_policy","/wiki/Wikipedia:About","/wiki/Wikipedia:General_disclaimer","http://en.m.wikipedia.org/wiki/Richard_Hoare","//wikimediafoundation.org/","//bits.wikimedia.org/images/wikimedia-button.png","//www.mediawiki.org/","//bits.wikimedia.org/static-1.21wmf11/skins/common/images/poweredby_mediawiki_88x31.png","//bits.wikimedia.org/en.wikipedia.org/load.php?debug=false&lang=en&modules=skins.vector&only=scripts&skin=vector&*","/w/index.php?title=MediaWiki:Gadget-ReferenceTooltips.js&action=raw&ctype=text/javascript&508635914","//bits.wikimedia.org/en.wikipedia.org/load.php?debug=false&lang=en&modules=site&only=scripts&skin=vector&*"],"instances":["banker"],"pdf":[],"categories":["1648 births","1719 deaths","English businesspeople","Sheriffs of the City of London","Lord Mayors of London","English bankers","17th-century English people","18th-century English people"],"headings":["Career","References","Further reading"],"image":["//upload.wikimedia.org/wikipedia/en/e/e3/Sir_richard_hoare.jpg","//bits.wikimedia.org/static-1.21wmf11/skins/common/images/magnify-clip.png","//upload.wikimedia.org/wikipedia/commons/thumb/2/28/Crystal_kchart.png/40px-Crystal_kchart.png","//upload.wikimedia.org/wikipedia/en/thumb/b/be/Flag_of_England.svg/30px-Flag_of_England.svg.png","//upload.wikimedia.org/wikipedia/en/thumb/2/24/Crystal_personal.svg/30px-Crystal_personal.svg.png","//bits.wikimedia.org/static-1.21wmf11/skins/vector/images/search-ltr.png?303-4","//bits.wikimedia.org/images/wikimedia-button.png","//bits.wikimedia.org/static-1.21wmf11/skins/common/images/poweredby_mediawiki_88x31.png"],"tags":[["henry_hoare","banker"]],"members":["henry_hoare"],"related":["C._Hoare_&_Co","United_Kingdom","Smithfield_Market","London","Goldsmiths'_Company","C._Hoare_&_Co","Cheapside","London","Anne,_Queen_of_Great_Britain","Sheriff_of_London","Lord_Mayor_of_London","Henry_Hoare_(banker)","Hendon"]}