{"cursor":"9692","size":15,"audio":[],"currentlang":"en","article":"\n\nA 'morphogen' is a substance governing the pattern of tissue development in the\nprocess of morphogenesis, and the positions of the various specialized cell\ntypes within a tissue. More precisely, a morphogen is a signaling molecule that\nacts directly on cells to produce specific cellular responses depending on its\nlocal concentration.\n\nSince morphogens diffuse through the tissues of an embryo during early\ndevelopment, concentration gradients are set up. These gradients drive the\nprocess of differentiation of unspecialised (stem) cells into different cell\ntypes, ultimately forming all the tissues and organs of the body.\n","linknr":192,"url":"morphogens","recorded":1364132000,"links":["/w/index.php?title=Morphogen&action=edit","/w/index.php?title=Morphogen&action=edit","//en.wikipedia.org/apple-touch-icon.png","//bits.wikimedia.org/favicon/wikipedia.ico","/w/opensearch_desc.php","//en.wikipedia.org/w/api.php?action=rsd","//creativecommons.org/licenses/by-sa/3.0/","/w/index.php?title=Special:RecentChanges&feed=atom","/wiki/Morphogen","//bits.wikimedia.org/en.wikipedia.org/load.php?debug=false&lang=en&modules=ext.gadget.DRN-wizard%2CReferenceTooltips%2Ccharinsert%2Cteahouse%7Cext.wikihiero%7Cmediawiki.legacy.commonPrint%2Cshared%7Cmw.PopUpMediaTransform%7Cskins.vector&only=styles&skin=vector&*","//bits.wikimedia.org/en.wikipedia.org/load.php?debug=false&lang=en&modules=site&only=styles&skin=vector&*","//bits.wikimedia.org/en.wikipedia.org/load.php?debug=false&lang=en&modules=startup&only=scripts&skin=vector&*","//bits.wikimedia.org/geoiplookup","//meta.wikimedia.org","/w/index.php?title=Morphogens&redirect=no","#mw-head","#p-search","//upload.wikimedia.org/wikipedia/en/thumb/9/99/Question_book-new.svg/50px-Question_book-new.svg.png","//en.wikipedia.org/w/index.php?title=Morphogen&action=edit","/wiki/Help:Introduction_to_referencing/1","/wiki/Template:Citation_needed","/wiki/Wikipedia:Verifiability#Burden_of_evidence","/wiki/Natural_patterns","/wiki/Morphogenesis","#History","#Mechanism","#Genes_and_signals","#Fruit_fly","#References","#External_links","/w/index.php?title=Morphogen&action=edit&section=1","/wiki/File:Alan_Turing.jpg","//upload.wikimedia.org/wikipedia/commons/thumb/5/57/Alan_Turing.jpg/120px-Alan_Turing.jpg","/wiki/File:Thomas_Hunt_Morgan.jpg","//upload.wikimedia.org/wikipedia/commons/thumb/8/8f/Thomas_Hunt_Morgan.jpg/85px-Thomas_Hunt_Morgan.jpg","/wiki/File:Lewis_Wolpert.jpg","//upload.wikimedia.org/wikipedia/commons/thumb/9/96/Lewis_Wolpert.jpg/120px-Lewis_Wolpert.jpg","/wiki/Alan_Turing","/wiki/Cryptography","/wiki/Computer_science","/wiki/Pattern_formation","#cite_note-1","/wiki/Thomas_Hunt_Morgan","/wiki/Wikipedia:Citation_needed","/wiki/Lewis_Wolpert","/wiki/French_flag_model","/wiki/Wikipedia:Citation_needed","/wiki/Peter_Lawrence","/wiki/Wikipedia:Citation_needed","/wiki/Christiane_Nusslein-Volhard","/wiki/Bicoid","/wiki/Wikipedia:Citation_needed","/wiki/Nobel_Prize_in_Physiology_and_Medicine","/wiki/Transforming_growth_factor_beta","/wiki/Wikipedia:Citation_needed","/w/index.php?title=Morphogen&action=edit&section=2","/wiki/File:Drosophila_melanogaster_laboratory_culture-vial.jpg","//upload.wikimedia.org/wikipedia/commons/thumb/1/16/Drosophila_melanogaster_laboratory_culture-vial.jpg/170px-Drosophila_melanogaster_laboratory_culture-vial.jpg","/wiki/File:Drosophila_melanogaster_laboratory_culture-vial.jpg","//bits.wikimedia.org/static-1.21wmf11/skins/common/images/magnify-clip.png","/wiki/Drosophila","/wiki/Gene_expression","/wiki/Genes","/wiki/Wikipedia:Citation_needed","/wiki/Transcription_factor","/wiki/Drosophila_melanogaster","/wiki/Wikipedia:Citation_needed","/w/index.php?title=Morphogen&action=edit&section=3","#cite_note-2","/w/index.php?title=Serial_induction&action=edit&redlink=1","/wiki/Wikipedia:Citation_needed","/wiki/Decapentaplegic","/wiki/Transforming_growth_factor_beta","/wiki/Hedgehog_(cell_signaling)","/wiki/Sonic_Hedgehog","/wiki/Wingless","/wiki/Wnt_signaling_pathway","/wiki/Epidermal_growth_factor","/wiki/Fibroblast_growth_factor","/wiki/Retinoic_acid","#cite_note-3","/wiki/Wikipedia:Citation_needed","/wiki/Retinoic_acid","/wiki/Retinol","/wiki/Vitamin_A","/wiki/Wikipedia:Citation_needed","/w/index.php?title=Morphogen&action=edit&section=4","/wiki/Drosophila_melanogaster","/wiki/Syncytium","http://flymove.uni-muenster.de/Stages/Stage05/Stg5page.html?http&&&flymove.uni-muenster.de/Stages/Stage05/Stg5txt.html","/wiki/Transcription_factor","/wiki/Bicoid","/wiki/Hunchback","/wiki/Homeobox","/wiki/Transcription_factor","#cite_note-4","/wiki/Wikipedia:Please_clarify","/wiki/Receptor_(biochemistry)","/wiki/Signal_transduction","/wiki/Wikipedia:Citation_needed","/wiki/Enhancer_(genetics)","/wiki/Transcription_factor","/wiki/Wikipedia:Citation_needed","/wiki/Wikipedia:Citation_needed","/w/index.php?title=Morphogen&action=edit&section=5","#cite_ref-1","#cite_ref-2","/wiki/International_Standard_Book_Number","/wiki/Special:BookSources/0-321-56976-8_/_978-0-321-56976-9","#cite_ref-3","http://www.ncbi.nlm.nih.gov/pmc/articles/PMC3325842/","/wiki/PubMed_Identifier","//www.ncbi.nlm.nih.gov/pubmed/22439772","http://www.ncbi.nlm.nih.gov/pmc/articles/PMC3325842/","#cite_ref-4","http://www.jbc.org/cgi/pmidlookup?view=long&pmid=8144628","/wiki/PubMed_Identifier","//www.ncbi.nlm.nih.gov/pubmed/8144628","http://www.jbc.org/cgi/pmidlookup?view=long&pmid=8144628","/w/index.php?title=Morphogen&action=edit&section=6","http://www.flybase.org/allied-data/lk/interactive-fly/aimain/1aahome.htm","http://www.flybase.org","http://www.sciencedirect.com/science/article/pii/S0092867412004667","http://en.wikipedia.org/w/index.php?title=Morphogen&oldid=542633894","/wiki/Help:Categories","/wiki/Category:Morphogens","/wiki/Category:Articles_needing_additional_references_from_May_2008","/wiki/Category:All_articles_needing_additional_references","/wiki/Category:All_articles_with_unsourced_statements","/wiki/Category:Articles_with_unsourced_statements_from_November_2012","/wiki/Category:Articles_with_unsourced_statements_from_October_2010","/wiki/Category:Wikipedia_articles_needing_clarification_from_November_2012","/w/index.php?title=Special:UserLogin&returnto=Morphogen&type=signup","/w/index.php?title=Special:UserLogin&returnto=Morphogen","/wiki/Morphogen","/wiki/Talk:Morphogen","#","/wiki/Morphogen","/w/index.php?title=Morphogen&action=edit","/w/index.php?title=Morphogen&action=history","#","/w/index.php","//bits.wikimedia.org/static-1.21wmf11/skins/vector/images/search-ltr.png?303-4","/wiki/Main_Page","/wiki/Main_Page","/wiki/Portal:Contents","/wiki/Portal:Featured_content","/wiki/Portal:Current_events","/wiki/Special:Random","//donate.wikimedia.org/wiki/Special:FundraiserRedirector?utm_source=donate&utm_medium=sidebar&utm_campaign=C13_en.wikipedia.org&uselang=en","/wiki/Help:Contents","/wiki/Wikipedia:About","/wiki/Wikipedia:Community_portal","/wiki/Special:RecentChanges","/wiki/Wikipedia:Contact_us","/wiki/Special:WhatLinksHere/Morphogen","/wiki/Special:RecentChangesLinked/Morphogen","/wiki/Wikipedia:File_Upload_Wizard","/wiki/Special:SpecialPages","/w/index.php?title=Morphogen&oldid=542633894","/w/index.php?title=Morphogen&action=info","/w/index.php?title=Special:Cite&page=Morphogen&id=542633894","/w/index.php?title=Special:Book&bookcmd=book_creator&referer=Morphogen","/w/index.php?title=Special:Book&bookcmd=render_article&arttitle=Morphogen&oldid=542633894&writer=rl","/w/index.php?title=Morphogen&printable=yes","//cs.wikipedia.org/wiki/Morfick%C3%A1_rezonance","//de.wikipedia.org/wiki/Morphogen","//es.wikipedia.org/wiki/Morf%C3%B3geno","//fr.wikipedia.org/wiki/Morphog%C3%A8ne","//he.wikipedia.org/wiki/%D7%9E%D7%95%D7%A8%D7%A4%D7%95%D7%92%D7%9F","//nl.wikipedia.org/wiki/Morfogenetisch_veld","//ja.wikipedia.org/wiki/%E3%83%A2%E3%83%AB%E3%83%95%E3%82%A9%E3%82%B2%E3%83%B3","//no.wikipedia.org/wiki/Morfogen","//pl.wikipedia.org/wiki/Morfogen","//fi.wikipedia.org/wiki/Morfogeeni","//sv.wikipedia.org/wiki/Morfogen","//www.wikidata.org/wiki/Special:ItemByTitle/enwiki/Morphogen","//en.wikipedia.org/wiki/Wikipedia:Text_of_Creative_Commons_Attribution-ShareAlike_3.0_Unported_License","//creativecommons.org/licenses/by-sa/3.0/","//wikimediafoundation.org/wiki/Terms_of_Use","//www.wikimediafoundation.org/","//en.wikipedia.org/wiki/Wikipedia:Contact_us","//wikimediafoundation.org/wiki/Privacy_policy","/wiki/Wikipedia:About","/wiki/Wikipedia:General_disclaimer","http://en.m.wikipedia.org/wiki/Morphogen","//wikimediafoundation.org/","//bits.wikimedia.org/images/wikimedia-button.png","//www.mediawiki.org/","//bits.wikimedia.org/static-1.21wmf11/skins/common/images/poweredby_mediawiki_88x31.png","//bits.wikimedia.org/en.wikipedia.org/load.php?debug=false&lang=en&modules=skins.vector&only=scripts&skin=vector&*","/w/index.php?title=MediaWiki:Gadget-ReferenceTooltips.js&action=raw&ctype=text/javascript&508635914","//bits.wikimedia.org/en.wikipedia.org/load.php?debug=false&lang=en&modules=site&only=scripts&skin=vector&*"],"instances":["biochemistry","cell_signaling","genetics"],"pdf":[],"categories":["Morphogens"],"headings":["History","Mechanism","Genes and signals","Fruit fly","References","External links"],"image":["//upload.wikimedia.org/wikipedia/en/thumb/9/99/Question_book-new.svg/50px-Question_book-new.svg.png","//upload.wikimedia.org/wikipedia/commons/thumb/5/57/Alan_Turing.jpg/120px-Alan_Turing.jpg","//upload.wikimedia.org/wikipedia/commons/thumb/8/8f/Thomas_Hunt_Morgan.jpg/85px-Thomas_Hunt_Morgan.jpg","//upload.wikimedia.org/wikipedia/commons/thumb/9/96/Lewis_Wolpert.jpg/120px-Lewis_Wolpert.jpg","//upload.wikimedia.org/wikipedia/commons/thumb/1/16/Drosophila_melanogaster_laboratory_culture-vial.jpg/170px-Drosophila_melanogaster_laboratory_culture-vial.jpg","//bits.wikimedia.org/static-1.21wmf11/skins/common/images/magnify-clip.png","//bits.wikimedia.org/static-1.21wmf11/skins/vector/images/search-ltr.png?303-4","//bits.wikimedia.org/images/wikimedia-button.png","//bits.wikimedia.org/static-1.21wmf11/skins/common/images/poweredby_mediawiki_88x31.png"],"tags":[["hedgehog","cell_signaling"],["receptor","biochemistry"],["enhancer","genetics"]],"members":["receptor","hedgehog","enhancer"],"related":["Natural_patterns","Morphogenesis","Alan_Turing","Cryptography","Computer_science","Pattern_formation","Thomas_Hunt_Morgan","Lewis_Wolpert","French_flag_model","Peter_Lawrence","Christiane_Nusslein-Volhard","Bicoid","Nobel_Prize_in_Physiology_and_Medicine","Transforming_growth_factor_beta","Gene_expression","Genes","Transcription_factor","Serial_induction","Decapentaplegic","Transforming_growth_factor_beta","Hedgehog_(cell_signaling)","Sonic_Hedgehog","Wingless","Wnt_signaling_pathway","Epidermal_growth_factor","Fibroblast_growth_factor","Retinoic_acid","Retinoic_acid","Retinol","Vitamin_A","Syncytium","Transcription_factor","Bicoid","Hunchback","Homeobox","Transcription_factor","Receptor_(biochemistry)","Signal_transduction","Enhancer_(genetics)","Transcription_factor"]}