{"cursor":"3056","size":15,"audio":[],"currentlang":"en","article":"{{Infobox album \n| Name = Naturally Type = studio Artist = John Pizzarelli Cover = Naturally\n| Pizzarelli.jpg Alt = Released = Recorded = Genre = Swing Big band Jazz Length = Label = Producer = Ken Greengrass Bucky Pizzarelli Last\n| album = [[All Of Me (Pizzarelli)|All Of Me]] (1992) This album =\n| 'Naturally' (1993) Next album = [[Dear Mr. Cole]] (1994)\n}}\n\n{{Album ratings |rev1 = AllMusic |rev1score = John\nPizzarelli |first=Scott |last=Yanow |accessdate=2007-07-07}} }}\n\n'Naturally' is a studio album by jazz singer and guitarist John Pizzarelli\naccompanied by his trio of Martin Pizzarelli and Ray Kennedy. Also on the album\nis a large horn section which included Clark Terry, and his father on rhythm\nguitar, Bucky Pizzarelli.\n","linknr":146,"url":"Naturally_(John_Pizzarelli_album)","recorded":1362482881,"links":16,"instances":["jazz_musician","musician","saxophonist","pianist","trombonist","trombonist"],"pdf":[],"categories":["1993 albums","John Pizzarelli albums","Big band albums","Novus Records albums"],"headings":["Track listing","Personnel","References"],"image":["//upload.wikimedia.org/wikipedia/en/3/39/Naturally_Pizzarelli.jpg","//upload.wikimedia.org/wikipedia/commons/thumb/5/51/Star_full.svg/11px-Star_full.svg.png","//upload.wikimedia.org/wikipedia/commons/thumb/5/51/Star_full.svg/11px-Star_full.svg.png","//upload.wikimedia.org/wikipedia/commons/thumb/5/51/Star_full.svg/11px-Star_full.svg.png","//upload.wikimedia.org/wikipedia/commons/thumb/5/51/Star_full.svg/11px-Star_full.svg.png","//upload.wikimedia.org/wikipedia/commons/thumb/4/49/Star_empty.svg/11px-Star_empty.svg.png","//bits.wikimedia.org/static-1.21wmf10/skins/vector/images/search-ltr.png?303-4","//bits.wikimedia.org/images/wikimedia-button.png","//bits.wikimedia.org/static-1.21wmf10/skins/common/images/poweredby_mediawiki_88x31.png"],"tags":[["ray_kennedy","pianist"],["ray_kennedy","pianist"],["frank_griffith","saxophonist"],["harry_allen","musician"],["bob_alexander","trombonist"],["scott_robinson","jazz_musician"],["mark_patterson","trombonist"]],"members":["scott_robinson","harry_allen","frank_griffith","ray_kennedy","mark_patterson","bob_alexander"],"related":["John_Pizzarelli","Swing_music","Big_band_music","Jazz","Ken_Greengrass","Bucky_Pizzarelli","AllMusic","Jazz","Singer","Guitarist","John_Pizzarelli","Martin_Pizzarelli","Ray_Kennedy_(pianist)","Horn_section","Clark_Terry","Rhythm_guitar","Bucky_Pizzarelli","John_Pizzarelli","Guitar","Martin_Pizzarelli","Double-bass","Ray_Kennedy_(pianist)","Piano","Bucky_Pizzarelli","Musical_arrangement","Dick_Lieb","Composer","Musical_arrangement","Don_Sebesky_New_York_All_Star_Band","Ken_Levinsky","Piano","Alto_saxophone","Frank_Griffith_(saxophonist)","John_Frosk","Trumpet","Paul_Faulise","Bass_trombone","Tony_Kadleck","Joe_Cocuzzo","Drum_kit","Tony_Corbiscello","Clark_Terry","Flugelhorn","Wayne_Andre","Trombone","Harry_Allen_(musician)","Tenor_saxophone","Bob_Alexander_(trombonist)","Dom_Cortese","Accordion","Scott_Robinson_(jazz_musician)","Mark_Patterson_(trombonist)","Trombone","Jack_Stuckey","Baritone_saxophone","Mike_Ponella"]}