{"cursor":"8464","size":15,"audio":[],"currentlang":"en","article":"'Peptide mass fingerprinting' (PMF) (also known as 'protein fingerprinting') is\nan analytical technique for protein identification that was developed in 1993 by\nseveral groups independently. In this method, the\nunknown protein of interest is first cleaved into smaller peptides, whose\nabsolute masses can be accurately measured with a mass spectrometer such as MALDI-\nTOF or ESI-TOF. These masses are then compared to\neither a database containing known protein sequences or even the genome. This is\nachieved by using computer programs that translate the known genome of the\norganism into proteins, then theoretically cut the proteins into peptides, and\ncalculate the absolute masses of the peptides from each protein. They then\ncompare the masses of the peptides of the unknown protein to the theoretical\npeptide masses of each protein encoded in the genome. The results are\nstatistically analyzed to find the best match.  The advantage of this\nmethod is that only the masses of the peptides have to be known. Time-consuming\n''de novo'' peptide sequencing is then unnecessary. A disadvantage is that the\nprotein sequence has to be present in the database of interest. Additionally\nmost PMF algorithms assume that the peptides come from a single protein. The presence of a mixture can significantly complicate\nthe analysis and potentially compromise the results. Typical for the PMF based\nprotein identification is the requirement for an isolated protein. Mixtures\nexceeding a number of 2-3 proteins typically require the additional use of MS/MS\nbased protein identification to achieve sufficient specificity of identification\n(6). Therefore, the typical PMF samples are isolated proteins from Two-\ndimensional gel electrophoresis (2D gels) or isolated SDS-PAGE bands. Additional\nanalyses by MS/MS can either be direct, e.g., MALDI-TOF/TOF analysis or\ndownstream nanoLC-ESI-MS/MS analysis of gel spot eluates.\n","linknr":222,"url":"Peptide_mass_fingerprinting","recorded":1363835836,"links":["/w/index.php?title=Peptide_mass_fingerprinting&action=edit","/w/index.php?title=Peptide_mass_fingerprinting&action=edit","//en.wikipedia.org/apple-touch-icon.png","//bits.wikimedia.org/favicon/wikipedia.ico","/w/opensearch_desc.php","//en.wikipedia.org/w/api.php?action=rsd","//creativecommons.org/licenses/by-sa/3.0/","/w/index.php?title=Special:RecentChanges&feed=atom","//bits.wikimedia.org/en.wikipedia.org/load.php?debug=false&lang=en&modules=ext.gadget.DRN-wizard%2CReferenceTooltips%2Ccharinsert%2Cteahouse%7Cext.wikihiero%7Cmediawiki.legacy.commonPrint%2Cshared%7Cmw.PopUpMediaTransform%7Cskins.vector&only=styles&skin=vector&*","//bits.wikimedia.org/en.wikipedia.org/load.php?debug=false&lang=en&modules=site&only=styles&skin=vector&*","//bits.wikimedia.org/en.wikipedia.org/load.php?debug=false&lang=en&modules=startup&only=scripts&skin=vector&*","//bits.wikimedia.org/geoiplookup","//meta.wikimedia.org","#mw-head","#p-search","/wiki/Protein","#cite_note-pmid15335725-1","#cite_note-pmid8506346-2","#cite_note-pmid8329463-3","#cite_note-pmid8363627-4","#cite_note-pmid8109726-5","/wiki/Peptides","/wiki/Mass_spectrometer","/wiki/MALDI-TOF","/wiki/Electrospray","#cite_note-pmid10424174-6","/wiki/Edman_degradation","#cite_note-pmid8962070-7","/wiki/MS/MS","/wiki/Two-dimensional_gel_electrophoresis","/wiki/SDS-PAGE","/wiki/MS/MS","#cite_note-pmid8962070-7","#cite_note-pmid14653859-8","#cite_note-pmid16825790-9","#Sample_preparation","#Mass_spectrometric_analysis","#Computational_analysis","#See_also","#References","#External_links","/w/index.php?title=Peptide_mass_fingerprinting&action=edit&section=1","/wiki/SDS-PAGE","#cite_note-pmid8962070-7","/wiki/Trypsin","/wiki/Chymotrypsin","/wiki/Ratio","/wiki/Acetonitrile","/w/index.php?title=Peptide_mass_fingerprinting&action=edit&section=2","/wiki/MALDI-TOF","/wiki/MS/MS","/wiki/Wikipedia:Citation_needed","/wiki/Pipette","/wiki/MALDI_matrix","/wiki/Desorption","/wiki/Time-of-flight","/w/index.php?title=Peptide_mass_fingerprinting&action=edit&section=3","/wiki/Swissprot","/wiki/Genbank","#cite_note-pmid16825790-9","/w/index.php?title=Peptide_mass_fingerprinting&action=edit&section=4","/wiki/Protein_mass_spectrometry","/wiki/Shotgun_proteomics","/wiki/Top-down_proteomics","/wiki/Bottom-up_proteomics","/w/index.php?title=Peptide_mass_fingerprinting&action=edit&section=5","#cite_ref-pmid15335725_1-0","/wiki/Digital_object_identifier","http://dx.doi.org/10.1016%2F0960-9822%2893%2990195-T","/wiki/PubMed_Identifier","//www.ncbi.nlm.nih.gov/pubmed/15335725","#cite_ref-pmid8506346_2-0","//www.ncbi.nlm.nih.gov/pmc/articles/PMC46643/","/wiki/Bibcode","http://adsabs.harvard.edu/abs/1993PNAS...90.5011H","/wiki/Digital_object_identifier","http://dx.doi.org/10.1073%2Fpnas.90.11.5011","/wiki/PubMed_Central","//www.ncbi.nlm.nih.gov/pmc/articles/PMC46643","/wiki/PubMed_Identifier","//www.ncbi.nlm.nih.gov/pubmed/8506346","#cite_ref-pmid8329463_3-0","/wiki/Digital_object_identifier","http://dx.doi.org/10.1002%2Fbms.1200220605","/wiki/PubMed_Identifier","//www.ncbi.nlm.nih.gov/pubmed/8329463","#cite_ref-pmid8363627_4-0","/wiki/Digital_object_identifier","http://dx.doi.org/10.1006%2Fbbrc.1993.2009","/wiki/PubMed_Identifier","//www.ncbi.nlm.nih.gov/pubmed/8363627","#cite_ref-pmid8109726_5-0","/wiki/Digital_object_identifier","http://dx.doi.org/10.1006%2Fabio.1993.1514","/wiki/PubMed_Identifier","//www.ncbi.nlm.nih.gov/pubmed/8109726","#cite_ref-pmid10424174_6-0","/wiki/Digital_object_identifier","http://dx.doi.org/10.1021%2Fac9810516","/wiki/PubMed_Identifier","//www.ncbi.nlm.nih.gov/pubmed/10424174","#cite_ref-pmid8962070_7-0","#cite_ref-pmid8962070_7-1","#cite_ref-pmid8962070_7-2","//www.ncbi.nlm.nih.gov/pmc/articles/PMC26151/","/wiki/Bibcode","http://adsabs.harvard.edu/abs/1996PNAS...9314440S","/wiki/Digital_object_identifier","http://dx.doi.org/10.1073%2Fpnas.93.25.14440","/wiki/PubMed_Central","//www.ncbi.nlm.nih.gov/pmc/articles/PMC26151","/wiki/PubMed_Identifier","//www.ncbi.nlm.nih.gov/pubmed/8962070","#cite_ref-pmid14653859_8-0","//www.ncbi.nlm.nih.gov/pmc/articles/PMC317362/","/wiki/Digital_object_identifier","http://dx.doi.org/10.1186%2F1477-5956-1-6","/wiki/PubMed_Central","//www.ncbi.nlm.nih.gov/pmc/articles/PMC317362","/wiki/PubMed_Identifier","//www.ncbi.nlm.nih.gov/pubmed/14653859","#cite_ref-pmid16825790_9-0","#cite_ref-pmid16825790_9-1","/wiki/Digital_object_identifier","http://dx.doi.org/10.1159%2F000092819","/wiki/PubMed_Identifier","//www.ncbi.nlm.nih.gov/pubmed/16825790","/w/index.php?title=Peptide_mass_fingerprinting&action=edit&section=6","http://www.aber.ac.uk/parasitology/Proteome/MS_Tut.html","/wiki/Template:Protein_methods","/wiki/Template_talk:Protein_methods","//en.wikipedia.org/w/index.php?title=Template:Protein_methods&action=edit","/wiki/Protein","/wiki/Protein_methods","/wiki/Experiment","/wiki/Protein_purification","/wiki/Green_fluorescent_protein","/wiki/Western_blot","/wiki/Immunostaining","/wiki/Protein_sequencing","/wiki/Gel_electrophoresis","/wiki/Protein_electrophoresis","/wiki/Immunoprecipitation","/wiki/Dual_polarization_interferometry","/wiki/Microscale_thermophoresis","/wiki/Chromatin_immunoprecipitation","/wiki/Surface_Plasmon_Resonance","/wiki/Bioinformatics","/wiki/Protein_structure_prediction","/wiki/Macromolecular_docking","/wiki/Structural_alignment","/wiki/Gene_Ontology","/wiki/Protein%E2%80%93protein_interaction_prediction","/wiki/Assay","/wiki/Enzyme_assay","/wiki/Bradford_protein_assay","/wiki/Secretion_assay","/wiki/Bacterial_display","/wiki/MRNA_display","/wiki/Phage_display","/wiki/Ribosome_display","/wiki/Yeast_display","/wiki/Microscopy","/wiki/Vertico_SMI","http://en.wikipedia.org/w/index.php?title=Peptide_mass_fingerprinting&oldid=544033291","/wiki/Help:Categories","/wiki/Category:Protein_methods","/wiki/Category:Laboratory_techniques","/wiki/Category:Mass_spectrometry","/wiki/Category:All_articles_with_unsourced_statements","/wiki/Category:Articles_with_unsourced_statements_from_April_2011","/w/index.php?title=Special:UserLogin&returnto=Peptide+mass+fingerprinting&type=signup","/w/index.php?title=Special:UserLogin&returnto=Peptide+mass+fingerprinting","/wiki/Peptide_mass_fingerprinting","/wiki/Talk:Peptide_mass_fingerprinting","#","/wiki/Peptide_mass_fingerprinting","/w/index.php?title=Peptide_mass_fingerprinting&action=edit","/w/index.php?title=Peptide_mass_fingerprinting&action=history","#","/w/index.php","//bits.wikimedia.org/static-1.21wmf11/skins/vector/images/search-ltr.png?303-4","/wiki/Main_Page","/wiki/Main_Page","/wiki/Portal:Contents","/wiki/Portal:Featured_content","/wiki/Portal:Current_events","/wiki/Special:Random","//donate.wikimedia.org/wiki/Special:FundraiserRedirector?utm_source=donate&utm_medium=sidebar&utm_campaign=C13_en.wikipedia.org&uselang=en","/wiki/Help:Contents","/wiki/Wikipedia:About","/wiki/Wikipedia:Community_portal","/wiki/Special:RecentChanges","/wiki/Wikipedia:Contact_us","/wiki/Special:WhatLinksHere/Peptide_mass_fingerprinting","/wiki/Special:RecentChangesLinked/Peptide_mass_fingerprinting","/wiki/Wikipedia:File_Upload_Wizard","/wiki/Special:SpecialPages","/w/index.php?title=Peptide_mass_fingerprinting&oldid=544033291","/w/index.php?title=Peptide_mass_fingerprinting&action=info","/w/index.php?title=Special:Cite&page=Peptide_mass_fingerprinting&id=544033291","/w/index.php?title=Special:Book&bookcmd=book_creator&referer=Peptide+mass+fingerprinting","/w/index.php?title=Special:Book&bookcmd=render_article&arttitle=Peptide+mass+fingerprinting&oldid=544033291&writer=rl","/w/index.php?title=Peptide_mass_fingerprinting&printable=yes","//es.wikipedia.org/wiki/Huella_pept%C3%ADdica","//ja.wikipedia.org/wiki/%E3%83%9A%E3%83%97%E3%83%81%E3%83%89%E3%83%9E%E3%82%B9%E3%83%95%E3%82%A3%E3%83%B3%E3%82%AC%E3%83%BC%E3%83%97%E3%83%AA%E3%83%B3%E3%83%86%E3%82%A3%E3%83%B3%E3%82%B0","//www.wikidata.org/wiki/Special:ItemByTitle/enwiki/Peptide mass fingerprinting","//en.wikipedia.org/wiki/Wikipedia:Text_of_Creative_Commons_Attribution-ShareAlike_3.0_Unported_License","//creativecommons.org/licenses/by-sa/3.0/","//wikimediafoundation.org/wiki/Terms_of_Use","//www.wikimediafoundation.org/","//en.wikipedia.org/wiki/Wikipedia:Contact_us","//wikimediafoundation.org/wiki/Privacy_policy","/wiki/Wikipedia:About","/wiki/Wikipedia:General_disclaimer","http://en.m.wikipedia.org/wiki/Peptide_mass_fingerprinting","//wikimediafoundation.org/","//bits.wikimedia.org/images/wikimedia-button.png","//www.mediawiki.org/","//bits.wikimedia.org/static-1.21wmf11/skins/common/images/poweredby_mediawiki_88x31.png","//bits.wikimedia.org/en.wikipedia.org/load.php?debug=false&lang=en&modules=skins.vector&only=scripts&skin=vector&*","/w/index.php?title=MediaWiki:Gadget-ReferenceTooltips.js&action=raw&ctype=text/javascript&508635914","//bits.wikimedia.org/en.wikipedia.org/load.php?debug=false&lang=en&modules=site&only=scripts&skin=vector&*"],"instances":[],"pdf":[],"categories":["Protein methods","Laboratory techniques","Mass spectrometry"],"headings":["Sample preparation","Mass spectrometric analysis","Computational analysis","See also","References","External links"],"image":["//bits.wikimedia.org/static-1.21wmf11/skins/vector/images/search-ltr.png?303-4","//bits.wikimedia.org/images/wikimedia-button.png","//bits.wikimedia.org/static-1.21wmf11/skins/common/images/poweredby_mediawiki_88x31.png"],"tags":[],"members":[],"related":["Protein","Peptides","Mass_spectrometer","MALDI-TOF","Electrospray","Edman_degradation","MS/MS","Two-dimensional_gel_electrophoresis","SDS-PAGE","MS/MS","SDS-PAGE","Trypsin","Chymotrypsin","Ratio","Acetonitrile","MALDI-TOF","MS/MS","Pipette","MALDI_matrix","Desorption","Time-of-flight","Swissprot","Genbank","Protein_mass_spectrometry","Shotgun_proteomics","Top-down_proteomics","Bottom-up_proteomics"]}