{"cursor":"5491","size":15,"audio":[],"currentlang":"en","article":"{{infobox color\n| title= Gamboge hex= E49B0F r=228|g=155|b= 15 c= 0|m= 35|y= 94|k= 6 h= 38|s=\n| 94|v= 94 source=Maerz and Paul The color displayed in the color box above\n| matches the color called gamboge in the 1930 book by Maerz and Paul A\n| Dictionary of Color New York:1930 McGraw-Hill; the color gamboge is displayed\n| on page 43, Plate 10, Color Sample K6. }}\n\n'Gamboge' (, , or ) Oxford English Dictionary, 2nd Ed. (1989) is a\npartially transparent deep saffron to mustard yellow pigment. Other forms and spellings are: cambodia, cambogium, camboge,\ncambugium, gambaugium, gambogia, gambozia, gamboidea, gambogium, gumbouge,\ngambouge, gamboge, gambooge, gambugia. (Oxford English Dictionary) It is\nused to dye Buddhist monks' robes because the color is a\ndeep tone of saffron, the traditional color used for the robes of Theravada\nBuddhist monks.\n","linknr":299,"url":"Gamboge","recorded":1362481519,"links":22,"instances":["paranormal","clothing","color"],"pdf":[],"categories":["Pigments","Organic pigments","Resins","Shades of yellow","Shades of orange"],"headings":["Production","Etymology","New gamboge","Gamboge in human culture","Notes","References","External links"],"image":["//upload.wikimedia.org/wikipedia/commons/thumb/b/b4/Gtk-dialog-info.svg/16px-Gtk-dialog-info.svg.png","//bits.wikimedia.org/static-1.21wmf10/skins/vector/images/search-ltr.png?303-4","//bits.wikimedia.org/images/wikimedia-button.png","//bits.wikimedia.org/static-1.21wmf10/skins/common/images/poweredby_mediawiki_88x31.png"],"tags":[["kasaya","clothing"],["saffron","color"],["aura","paranormal"]],"members":["aura","kasaya","saffron"],"related":["Pigment","Kasaya_(clothing)","Saffron_(color)","Theravada_Buddhism","Resin","Sap","Cambodia","Thailand","India","Sri_Lanka","Myanmar","Bamboo","Latin_language","Cambodia","English_language","Pigment","New_York_City","Brooklyn","Psychic","Aura_(paranormal)","Third_eye"]}