{"cursor":"43189","size":15,"audio":[],"currentlang":"en","article":"\n\n\n\n at Catoctin Mountain in 2005]]\n\n'Physical exercise' is any bodily activity that enhances or maintains physical\nfitness and overall health and wellness. It is performed for various reasons\nincluding strengthening muscles and the cardiovascular system, honing athletic\nskills, weight loss or maintenance, as well as for the purpose of enjoyment.\nFrequent and regular physical exercise boosts the immune system, and helps\nprevent the \"diseases of affluence\" such as heart disease, cardiovascular\ndisease, Type 2 diabetes and obesity. Hu., F., Manson, J.,\nStampfer, M., Graham, C., et al. (2001). Diet, lifestyle, and the risk of type 2\ndiabetes mellitus in women. The New England Journal of Medicine, 345(11),\n790â797. Retrieved October 5, 2006, from ProQuest database. It also\nimproves mental health, helps prevent [[Depression (mood)|depression]], helps to\npromote or maintain positive self-esteem, and can even augment an individual's\nsex appeal or body image, which is also found to be linked with higher levels of\nself-esteem. {{cite web |url=http://medical-\ndictionary.thefreedictionary.com/physical+exercise |title=Exercise|publisher=medical-\ndictionary.thefreedictionary.com }} In turn citing: Gale Encyclopedia of\nMedicine. Copyright 2008. Citation:\"Strengthening exercise increases muscle\nstrength and mass, bone strength, and the body's metabolism. It can help attain\nand maintain proper weight and improve body image and self-esteem\"''\nChildhood obesity is a growing global concern and physical exercise\nmay help decrease some of the effects of childhood and adult obesity. Health\ncare providers often call exercise the \"miracle\" or \"wonder\" drugâalluding to\nthe wide variety of proven benefits that it provides. [http://www.aakp.org/aakp-library/Physical-Activity-and-\nExercise/ American Association of Kidney Patients, \"Physical Activity and\nExercise: The Wonder\nDrug\"] [http://www.ncbi.nlm.nih.gov/pmc/articles/PMC2868602/ National\nCenter for Biotechnology Information, \"The miracle drug\"]\n","linknr":660,"url":"exercise","recorded":1363414175,"links":["//en.wikipedia.org/apple-touch-icon.png","//bits.wikimedia.org/favicon/wikipedia.ico","/w/opensearch_desc.php","//en.wikipedia.org/w/api.php?action=rsd","//creativecommons.org/licenses/by-sa/3.0/","/w/index.php?title=Special:RecentChanges&feed=atom","/wiki/Physical_exercise","//bits.wikimedia.org/en.wikipedia.org/load.php?debug=false&lang=en&modules=ext.gadget.DRN-wizard%2CReferenceTooltips%2Ccharinsert%2Cteahouse%7Cext.wikihiero%7Cmediawiki.legacy.commonPrint%2Cshared%7Cmw.PopUpMediaTransform%7Cskins.vector&only=styles&skin=vector&*","//bits.wikimedia.org/en.wikipedia.org/load.php?debug=false&lang=en&modules=site&only=styles&skin=vector&*","//bits.wikimedia.org/en.wikipedia.org/load.php?debug=false&lang=en&modules=startup&only=scripts&skin=vector&*","//bits.wikimedia.org/geoiplookup","//meta.wikimedia.org","/w/index.php?title=Exercise&redirect=no","#mw-head","#p-search","/wiki/Workout_(disambiguation)","/wiki/Exercise_(disambiguation)","/wiki/Wikipedia:Protection_policy#semi","//upload.wikimedia.org/wikipedia/commons/thumb/f/fc/Padlock-silver.svg/20px-Padlock-silver.svg.png","/wiki/File:Soldier_running_in_water.jpg","//upload.wikimedia.org/wikipedia/commons/thumb/1/1c/Soldier_running_in_water.jpg/200px-Soldier_running_in_water.jpg","/wiki/File:Soldier_running_in_water.jpg","//bits.wikimedia.org/static-1.21wmf11/skins/common/images/magnify-clip.png","/wiki/Triathlon","/wiki/Catoctin_Mountain","/wiki/Physical_fitness","/wiki/Health","/wiki/Muscle","/wiki/Cardiovascular_system","/wiki/Sport","/wiki/Weight_loss","/wiki/Immune_system","/wiki/Diseases_of_affluence","/wiki/Heart_disease","/wiki/Cardiovascular_disease","/wiki/Type_2_diabetes","/wiki/Obesity","#cite_note-1","#cite_note-2","/wiki/Depression_(mood)","#cite_note-MD-3","/wiki/Childhood_obesity","#cite_note-4","#cite_note-5","#cite_note-6","#Classification","#Types_of_exercise","#Categories_of_physical_exercise","#Categories","#Metabolic_equivalent_of_task","#Health_effects","#Cardiovascular_system","#Immune_system","#Brain_function","#Depression","#Sleep","#Excessive_exercise","#Public_health_measures","#Metabolic_equivalent_of_task_2","#Exercise_trends","#Nutrition_and_recovery","#History","#In_other_animals","#See_also","#References","#Sources","#External_links","#cite_note-7","/wiki/Flexibility_(anatomy)","/wiki/Stretching","/wiki/Muscle","/wiki/Joint","#cite_note-8","/wiki/Aerobic_exercise","/wiki/Cycling","/wiki/Human_swimming","/wiki/Walking","/wiki/Skipping_rope","/wiki/Rowing_(sports)","/wiki/Long_slow_distance","/wiki/Hiking","/wiki/Tennis","/wiki/Cardiovascular","#cite_note-9","/wiki/Anaerobic_exercise","/wiki/Weight_training","/wiki/Functional_training","/wiki/Eccentric_Training","/wiki/Sprint_(running)","/wiki/High-intensity_interval_training","#cite_note-10","/wiki/Strength_training","/wiki/Sport_agility","/wiki/Eccentric_training","/wiki/Interval_training","/wiki/Continuous_training","/wiki/Diastole","/wiki/Systole_(medicine)","/wiki/Endurance","/wiki/Endurance","/wiki/Physical_strength","/wiki/Flexibility_(anatomy)","/wiki/Human_power","/wiki/Speed","/wiki/Motor_coordination","/wiki/Agility","/wiki/Balance_(ability)","/wiki/Accuracy","#cite_note-11","/wiki/Metabolic_equivalent_of_task","#cite_note-bare_url-12","/wiki/File:Stride-q210c.jpg","//upload.wikimedia.org/wikipedia/commons/thumb/6/6b/Stride-q210c.jpg/200px-Stride-q210c.jpg","/wiki/File:Stride-q210c.jpg","//bits.wikimedia.org/static-1.21wmf11/skins/common/images/magnify-clip.png","/wiki/Elliptical_trainer","/wiki/File:US_Navy_010924-N-0063S-501_USS_Bataan_(LHD_5).jpg","//upload.wikimedia.org/wikipedia/commons/thumb/2/28/US_Navy_010924-N-0063S-501_USS_Bataan_%28LHD_5%29.jpg/200px-US_Navy_010924-N-0063S-501_USS_Bataan_%28LHD_5%29.jpg","/wiki/File:US_Navy_010924-N-0063S-501_USS_Bataan_(LHD_5).jpg","//bits.wikimedia.org/static-1.21wmf11/skins/common/images/magnify-clip.png","/wiki/United_States_Marine_Corps","/wiki/USS_Bataan_(LHD-5)","/wiki/Physical_fitness","/wiki/Cortisol","#cite_note-13","#cite_note-14","/wiki/High_blood_pressure","/wiki/Obesity","/wiki/Heart_disease","/wiki/Type_2_diabetes","/wiki/Insomnia","/wiki/Clinical_depression","#cite_note-15","/wiki/Wikipedia:Link_rot","#cite_note-16","#cite_note-17","/wiki/VO2_max","/wiki/Cardiac_hypertrophy","/wiki/VO2_max","#cite_note-18","/wiki/File:Daniel_Tani_iss016e027910.jpg","//upload.wikimedia.org/wikipedia/commons/thumb/7/75/Daniel_Tani_iss016e027910.jpg/200px-Daniel_Tani_iss016e027910.jpg","/wiki/File:Daniel_Tani_iss016e027910.jpg","//bits.wikimedia.org/static-1.21wmf11/skins/common/images/magnify-clip.png","/wiki/Daniel_Tani","/wiki/Expedition_16","/wiki/Unity_node","/wiki/International_Space_Station","/wiki/Microgravity","/wiki/Opioid_peptides","/wiki/Endorphin","/wiki/Opioid","/wiki/Neurotransmitter","/wiki/Euphoria_(emotion)","#cite_note-19","#cite_note-pmid14625449-20","#cite_note-burfoot-21","/wiki/Anandamide","/wiki/Runner%27s_high","/wiki/Wikipedia:Avoid_weasel_words","/wiki/Overtraining","/wiki/Wikipedia:Citation_needed","/wiki/Ventricular_hypertrophy","/wiki/Aerobic_exercise","#cite_note-bouchard_fam-22","#cite_note-kolata-23","#cite_note-24","#cite_note-25","#cite_note-newsci_geddes-26","#cite_note-27","#cite_note-28","/wiki/Immune_system","/wiki/Epidemiology","/wiki/Immune_system","/wiki/J_curve","/wiki/Upper_respiratory_tract_infection","/wiki/Natural_killer_cell","#cite_note-Gleeson2007-29","#cite_note-Gleeson2007-29","/wiki/Biomarker","/wiki/Inflammation","/wiki/C-reactive_protein","#cite_note-Gleeson2007-29","#cite_note-30","/wiki/Hippocampus","/wiki/Synaptic_plasticity","/wiki/Neurogenesis","#cite_note-31","#cite_note-32","/wiki/Dementia","#cite_note-wvdhhr-33","#cite_note-34","/wiki/Neurogenesis","#cite_note-pmid10195220-35","/wiki/Synaptic_plasticity","#cite_note-pmid18059283-36","/wiki/Cognition","/wiki/Dopamine","/wiki/Glutamate","/wiki/Norepinephrine","/wiki/Serotonin","#cite_note-37","#cite_note-38","/wiki/Depression_(mood)","/wiki/Overweight","#cite_note-39","/wiki/Endorphins","/wiki/Antidepressant","#cite_note-40","/wiki/Runner%27s_high","#cite_note-fox-41","#cite_note-pmid14625449-20","#cite_note-burfoot-21","/wiki/Anandamide","#cite_note-42","#cite_note-fox-41","#cite_note-43","#cite_note-44","#cite_note-45","#cite_note-ysd-46","/wiki/Stroke","/wiki/Circulatory_system","#cite_note-47","#cite_note-48","#cite_note-49","#cite_note-50","/wiki/Running","/wiki/Cycling","#cite_note-51","#cite_note-Int_Panis-52","#cite_note-Jacobs-53","/wiki/Rhabdomyolysis","#cite_note-54","/wiki/Overtraining","#cite_note-uusitalo-55","/wiki/Wikipedia:Citation_needed","/wiki/Marathons","/wiki/Amenorrhea","#cite_note-56","#cite_note-57","#cite_note-58","/wiki/Bogot%C3%A1","/wiki/Colombia","/wiki/Pedestrian_zone","#cite_note-59","/wiki/Metabolic_equivalent_of_task","#cite_note-bare_url-12","/wiki/Exercise_trends","#cite_note-WHO2009-60","/wiki/Recreational_pursuits","#cite_note-WHO2009-60","/wiki/Exercise_trends#Solutions_to_adress_the_lack_of_exercise","/wiki/Nutrition","/wiki/Macronutrient_(nutrition)","/wiki/Micronutrient","#cite_note-61","/wiki/Marcus_Cicero","#cite_note-62","/wiki/Jerry_Morris","#cite_note-63","#cite_note-Morris1953-64","#cite_note-Morris1953-64","#cite_note-Owerk_Baud_2008-65","#cite_note-Gleeson1979-66","#cite_note-Garland_et_al_1987-67","#cite_note-Garland_et_al_2011-68","#cite_note-Kelly_and_Pomp_2013-69","/wiki/File:Nuvola_apps_package_favorite.svg","//upload.wikimedia.org/wikipedia/commons/thumb/d/d8/Nuvola_apps_package_favorite.svg/28px-Nuvola_apps_package_favorite.svg.png","/wiki/Portal:Health_and_fitness","/wiki/File:Rod_of_Asclepius2.svg","//upload.wikimedia.org/wikipedia/commons/thumb/e/e3/Rod_of_Asclepius2.svg/8px-Rod_of_Asclepius2.svg.png","/wiki/Portal:Medicine","/wiki/File:Social_sciences.svg","//upload.wikimedia.org/wikipedia/commons/thumb/4/42/Social_sciences.svg/32px-Social_sciences.svg.png","/wiki/Portal:Society","/wiki/File:Sports_and_games.png","//upload.wikimedia.org/wikipedia/en/thumb/3/34/Sports_and_games.png/31px-Sports_and_games.png","/wiki/Portal:Sports_and_games","/wiki/Outline_of_exercise","/wiki/Active_living","/wiki/Behavioural_change_theories","/wiki/Central_governor","/wiki/Exercise_hypertension","/wiki/Exercise_induced_nausea","/wiki/Exercise_intensity","/wiki/Exercise_intolerance","/wiki/Exercise-induced_anaphylaxis","/wiki/Exercise-induced_asthma","/wiki/Exergaming","/wiki/Girls_on_the_Run","/wiki/Green_exercise","/wiki/Health_club","/wiki/Kinesiology","/wiki/Metabolic_equivalent","/wiki/Outdoor_gym","/wiki/Pyri","/wiki/Supercompensation","#cite_ref-1","/wiki/Digital_object_identifier","http://dx.doi.org/10.1056%2FNEJM200007063430103","/wiki/PubMed_Identifier","//www.ncbi.nlm.nih.gov/pubmed/10882764","//en.wikipedia.org/w/index.php?title=Template:Cite_doi/10.1056.2FNEJM200007063430103&action=edit&editintro=Template:Cite_doi/editintro2","#cite_ref-2","#cite_ref-MD_3-0","http://medical-dictionary.thefreedictionary.com/physical+exercise","http://medical-dictionary.thefreedictionary.com/physical+exercise","#cite_ref-4","http://www.who.int/dietphysicalactivity/publications/facts/obesity/en/","http://www.who.int/dietphysicalactivity/publications/facts/obesity/en/","#cite_ref-5","http://www.aakp.org/aakp-library/Physical-Activity-and-Exercise/","#cite_ref-6","http://www.ncbi.nlm.nih.gov/pmc/articles/PMC2868602/","#cite_ref-7","http://www.nhlbi.nih.gov/health/public/heart/obesity/phy_active.pdf","http://www.nhlbi.nih.gov/health/public/heart/obesity/phy_active.pdf","#cite_ref-8","#cite_ref-9","#cite_ref-10","#cite_ref-11","http://library.crossfit.com/free/pdf/CFJ-trial.pdf","http://library.crossfit.com/free/pdf/CFJ-trial.pdf","#cite_ref-bare_url_12-0","#cite_ref-bare_url_12-1","https://sites.google.com/site/compendiumofphysicalactivities/","#cite_ref-13","http://www.eje-online.org/content/48/1/163.abstract","http://www.eje-online.org/content/48/1/163.abstract","#cite_ref-14","/wiki/Digital_object_identifier","http://dx.doi.org/10.1037%2F0033-2909.109.1.5","/wiki/PubMed_Identifier","//www.ncbi.nlm.nih.gov/pubmed/2006229","#cite_ref-15","http://www.nasm.org/nasmpro/library/showarticle.aspx?id=14220#one","http://www.nasm.org/nasmpro/library/showarticle.aspx?id=14220#one","#cite_ref-16","/wiki/Digital_object_identifier","http://dx.doi.org/10.1249%2FMSS.0b013e31819dfe14","/wiki/PubMed_Identifier","//www.ncbi.nlm.nih.gov/pubmed/19568199","#cite_ref-17","http://www.npr.org/templates/story/story.php?storyId=127525702","http://www.npr.org/templates/story/story.php?storyId=127525702","#cite_ref-18","/wiki/Digital_object_identifier","http://dx.doi.org/10.1097%2FJES.0b013e3181aa65fc","/wiki/PubMed_Identifier","//www.ncbi.nlm.nih.gov/pubmed/19550205","#cite_ref-19","#cite_ref-pmid14625449_20-0","#cite_ref-pmid14625449_20-1","http://journals.lww.com/neuroreport/Abstract/2003/12020/Exercise_activates_the_endocannabinoid_system.15.aspx","/wiki/Digital_object_identifier","http://dx.doi.org/10.1097%2F01.wnr.0000097048.56589.47","/wiki/PubMed_Identifier","//www.ncbi.nlm.nih.gov/pubmed/14625449","http://journals.lww.com/neuroreport/Abstract/2003/12020/Exercise_activates_the_endocannabinoid_system.15.aspx","#cite_ref-burfoot_21-0","#cite_ref-burfoot_21-1","http://www.runnersworld.com/article/0,7120,s6-243-297--1102-0,00.html","http://www.runnersworld.com/article/0,7120,s6-243-297--1102-0,00.html","#cite_ref-bouchard_fam_22-0","http://jap.physiology.org/cgi/content/abstract/87/3/1003?ijkey=189eebcbc5a461258da582b4aef41ebcf7bec51f&keytype2=tf_ipsecsha","/wiki/PubMed_Identifier","//www.ncbi.nlm.nih.gov/pubmed/10484570","http://jap.physiology.org/cgi/content/abstract/87/3/1003?ijkey=189eebcbc5a461258da582b4aef41ebcf7bec51f&keytype2=tf_ipsecsha","#cite_ref-kolata_23-0","http://query.nytimes.com/gst/fullpage.html?res=9406EEDE113CF931A25751C0A9649C8B63&sec=health","http://query.nytimes.com/gst/fullpage.html?res=9406EEDE113CF931A25751C0A9649C8B63&sec=health","#cite_ref-24","/wiki/PubMed_Identifier","//www.ncbi.nlm.nih.gov/pubmed/15947721","#cite_ref-25","http://web.archive.org/web/20070810081848/http://www.erin.utoronto.ca/~eparra/profile/PDF+files/Brutsaert+and+Parra,+2006.pdf","/wiki/Digital_object_identifier","http://dx.doi.org/10.1016%2Fj.resp.2005.12.013","/wiki/PubMed_Identifier","//www.ncbi.nlm.nih.gov/pubmed/16448865","http://www.erin.utoronto.ca/~eparra/profile/PDF%20files/Brutsaert%20and%20Parra,%202006.pdf","http://web.archive.org/web/20070810081848/http://www.erin.utoronto.ca/~eparra/profile/PDF+files/Brutsaert+and+Parra,+2006.pdf","#cite_ref-newsci_geddes_26-0","#cite_ref-27","http://www.nlm.nih.gov/medlineplus/news/fullstory_58065.html","http://www.nlm.nih.gov/medlineplus/news/fullstory_58065.html","#cite_ref-28","http://circ.ahajournals.org/cgi/content/full/94/4/857","#cite_ref-Gleeson2007_29-0","#cite_ref-Gleeson2007_29-1","#cite_ref-Gleeson2007_29-2","http://jap.physiology.org/cgi/content/full/103/2/693","/wiki/Digital_object_identifier","http://dx.doi.org/10.1152%2Fjapplphysiol.00008.2007","/wiki/PubMed_Identifier","//www.ncbi.nlm.nih.gov/pubmed/17303714","http://jap.physiology.org/cgi/content/full/103/2/693","#cite_ref-30","http://www.psychologicalscience.org/journals/pspi/pdf/PSPI_9_1%20main_text.pdf","/wiki/Digital_object_identifier","http://dx.doi.org/10.1111%2Fj.1539-6053.2009.01034.x","http://www.psychologicalscience.org/journals/pspi/pdf/PSPI_9_1%20main_text.pdf","#cite_ref-31","/wiki/Digital_object_identifier","http://dx.doi.org/10.1038%2F6368","/wiki/PubMed_Identifier","//www.ncbi.nlm.nih.gov/pubmed/10195220","#cite_ref-32","/wiki/Digital_object_identifier","http://dx.doi.org/10.1523%2FJNEUROSCI.1245-05.2005","/wiki/PubMed_Identifier","//www.ncbi.nlm.nih.gov/pubmed/16107648","#cite_ref-wvdhhr_33-0","http://www.wvdhhr.org/bph/oehp/hsc/dementia/prevent.htm","#cite_ref-34","http://pn.psychiatryonline.org/cgi/content/full/41/23/20","#cite_ref-pmid10195220_35-0","/wiki/Digital_object_identifier","http://dx.doi.org/10.1038%2F6368","/wiki/PubMed_Identifier","//www.ncbi.nlm.nih.gov/pubmed/10195220","#cite_ref-pmid18059283_36-0","/wiki/Digital_object_identifier","http://dx.doi.org/10.1038%2Fnm1669","/wiki/PubMed_Identifier","//www.ncbi.nlm.nih.gov/pubmed/18059283","#cite_ref-37","#cite_ref-38","http://web.archive.org/web/20070616225929/http://www.kch.uiuc.edu/labs/exercise-psychology/Library/pubs/McAuley_Brain_Behavior_Immunity_2004.pdf","/wiki/Digital_object_identifier","http://dx.doi.org/10.1016%2Fj.bbi.2003.12.007","http://www.kch.uiuc.edu/labs/exercise-psychology/Library/pubs/McAuley_Brain_Behavior_Immunity_2004.pdf","http://web.archive.org/web/20070616225929/http://www.kch.uiuc.edu/labs/exercise-psychology/Library/pubs/McAuley_Brain_Behavior_Immunity_2004.pdf","#cite_ref-39","http://books.google.com/books?id=A6oIAAAACAAJ","/wiki/International_Standard_Book_Number","/wiki/Special:BookSources/978-1-59102-192-6","http://books.google.com/books?id=A6oIAAAACAAJ","#cite_ref-40","http://www.everydayhealth.com/depression/specialists/endorphin-power-fight-depression-with-exercise.aspx","http://www.everydayhealth.com/depression/specialists/endorphin-power-fight-depression-with-exercise.aspx","#cite_ref-fox_41-0","#cite_ref-fox_41-1","#cite_ref-42","http://serendip.brynmawr.edu/bb/neuro/neuro99/web1/Byrd.html","http://serendip.brynmawr.edu/bb/neuro/neuro99/web1/Byrd.html","#cite_ref-43","/wiki/Digital_object_identifier","http://dx.doi.org/10.1017%2FS1368980099000567","#cite_ref-44","http://www.esf.edu/for/schuster/FOR%20475/exercise%20with%20another.pdf","http://www.esf.edu/for/schuster/FOR%20475/exercise%20with%20another.pdf","#cite_ref-45","/wiki/American_Journal_of_Lifestyle_Medicine","#cite_ref-ysd_46-0","http://www.svl.ch/Sport+Schlaf/3.pdf","http://www.svl.ch/Sport+Schlaf/3.pdf","#cite_ref-47","#cite_ref-48","/wiki/Digital_object_identifier","http://dx.doi.org/10.1093%2Feurheartj%2Fehn163","#cite_ref-49","/wiki/Digital_object_identifier","http://dx.doi.org/10.1161%2FCIRCULATIONAHA.110.938282","#cite_ref-50","//www.ncbi.nlm.nih.gov/pmc/articles/PMC3119133/","/wiki/Digital_object_identifier","http://dx.doi.org/10.1152%2Fjapplphysiol.01280.2010","/wiki/PubMed_Central","//www.ncbi.nlm.nih.gov/pmc/articles/PMC3119133","/wiki/PubMed_Identifier","//www.ncbi.nlm.nih.gov/pubmed/21330616","#cite_ref-51","/wiki/Digital_object_identifier","http://dx.doi.org/10.1016%2Fj.aap.2010.07.008","/wiki/PubMed_Identifier","//www.ncbi.nlm.nih.gov/pubmed/20728675","#cite_ref-Int_Panis_52-0","/wiki/Digital_object_identifier","http://dx.doi.org/10.1016%2Fj.atmosenv.2010.04.028","#cite_ref-Jacobs_53-0","http://www.ehjournal.net/content/9/1/64","/wiki/Digital_object_identifier","http://dx.doi.org/10.1186%2F1476-069X-9-64","http://www.ehjournal.net/content/9/1/64","#cite_ref-54","#cite_ref-uusitalo_55-0","http://www.physsportsmed.com/issues/2001/05_01/uusitalo.htm","/wiki/Wikipedia:Link_rot","#cite_ref-56","http://www.uoregon.edu/~hphy/AT/FATriad/links/amenorrhea.htm","http://www.uoregon.edu/~hphy/AT/FATriad/links/amenorrhea.htm","/wiki/Wikipedia:Link_rot","#cite_ref-57","/wiki/Digital_object_identifier","http://dx.doi.org/10.1002%2F14651858.CD008366.pub2","/wiki/PubMed_Identifier","//www.ncbi.nlm.nih.gov/pubmed/21491409","#cite_ref-58","/wiki/Digital_object_identifier","http://dx.doi.org/10.1016%2FS0749-3797%2802%2900434-8","/wiki/PubMed_Identifier","//www.ncbi.nlm.nih.gov/pubmed/11985936","#cite_ref-59","http://www.paho.org/English/DD/PIN/ePersp001_article01.htm","http://www.paho.org/English/DD/PIN/ePersp001_article01.htm","#cite_ref-WHO2009_60-0","#cite_ref-WHO2009_60-1","http://web.archive.org/web/20081218104805/http://www.who.int/dietphysicalactivity/publications/facts/obesity/en/","http://www.who.int/dietphysicalactivity/publications/facts/obesity/en/","http://web.archive.org/web/20081218104805/http://www.who.int/dietphysicalactivity/publications/facts/obesity/en/","#cite_ref-61","#cite_ref-62","http://www.inspirational-quotes-and-quotations.com/quotes-about-exercise.html","http://www.inspirational-quotes-and-quotations.com/quotes-about-exercise.html","#cite_ref-63","http://www.ft.com/cms/s/2/e6ff90ea-9da2-11de-9f4a-00144feabdc0.html","http://www.ft.com/cms/s/2/e6ff90ea-9da2-11de-9f4a-00144feabdc0.html","#cite_ref-Morris1953_64-0","#cite_ref-Morris1953_64-1","/wiki/Digital_object_identifier","http://dx.doi.org/10.1016%2FS0140-6736%2853%2990665-5","/wiki/PubMed_Identifier","//www.ncbi.nlm.nih.gov/pubmed/13110049","#cite_ref-Owerk_Baud_2008_65-0","#cite_ref-Gleeson1979_66-0","#cite_ref-Garland_et_al_1987_67-0","/wiki/Theodore_Garland,_Jr.","#cite_ref-Garland_et_al_2011_68-0","/wiki/Theodore_Garland,_Jr.","#cite_ref-Kelly_and_Pomp_2013_69-0","/wiki/International_Standard_Book_Number","/wiki/Special:BookSources/0-8053-2852-1","/wiki/Special:BookSources/9780415421980","https://sites.google.com/site/compendiumofphysicalactivities/","//upload.wikimedia.org/wikipedia/en/thumb/4/4a/Commons-logo.svg/30px-Commons-logo.svg.png","//commons.wikimedia.org/wiki/Category:Fitness_training","//upload.wikimedia.org/wikipedia/commons/thumb/d/d6/Wikiquote-logo-en.svg/40px-Wikiquote-logo-en.svg.png","//en.wikiquote.org/wiki/Exercise","//upload.wikimedia.org/wikipedia/commons/thumb/f/f8/Wiktionary-logo-en.svg/37px-Wiktionary-logo-en.svg.png","//en.wiktionary.org/wiki/exercise","http://www.nlm.nih.gov/medlineplus/exerciseandphysicalfitness.html","http://www.sciencedaily.com/articles/p/physical_exercise.htm","http://www.nice.org.uk/Guidance/PH8","http://www.nice.org.uk/Guidance/PH8","/wiki/Template:Physical_exercise","/wiki/Template_talk:Physical_exercise","//en.wikipedia.org/w/index.php?title=Template:Physical_exercise&action=edit","/wiki/Aerobic_exercise","/wiki/Anaerobic_exercise","/wiki/Bodyweight_exercise","/wiki/Stretching","/wiki/Walking","/wiki/Jogging","/wiki/Asana_(yoga)","/wiki/Human_swimming","/wiki/Resistance_training","/wiki/Weight_training","/wiki/Strength_training","/wiki/Category:Physical_exercise","/wiki/Exercise_equipment","/wiki/Exercise_physiology","http://en.wikipedia.org/w/index.php?title=Physical_exercise&oldid=543857201","/wiki/Help:Categories","/wiki/Category:Physical_exercise","/wiki/Category:Self_care","/wiki/Category:All_articles_with_dead_external_links","/wiki/Category:Articles_with_dead_external_links_from_May_2011","/wiki/Category:Articles_with_dead_external_links_from_September_2010","/wiki/Category:Wikipedia_indefinitely_semi-protected_pages","/wiki/Category:Articles_with_dead_external_links_from_July_2012","/wiki/Category:All_articles_with_specifically_marked_weasel-worded_phrases","/wiki/Category:Articles_with_specifically_marked_weasel-worded_phrases_from_November_2010","/wiki/Category:All_articles_with_unsourced_statements","/wiki/Category:Articles_with_unsourced_statements_from_November_2010","/wiki/Category:Articles_with_unsourced_statements_from_November_2011","/w/index.php?title=Special:UserLogin&returnto=Physical+exercise&type=signup","/w/index.php?title=Special:UserLogin&returnto=Physical+exercise","/wiki/Physical_exercise","/wiki/Talk:Physical_exercise","#","/wiki/Physical_exercise","/w/index.php?title=Physical_exercise&action=edit","/w/index.php?title=Physical_exercise&action=history","#","/w/index.php","//bits.wikimedia.org/static-1.21wmf11/skins/vector/images/search-ltr.png?303-4","/wiki/Main_Page","/wiki/Main_Page","/wiki/Portal:Contents","/wiki/Portal:Featured_content","/wiki/Portal:Current_events","/wiki/Special:Random","//donate.wikimedia.org/wiki/Special:FundraiserRedirector?utm_source=donate&utm_medium=sidebar&utm_campaign=C13_en.wikipedia.org&uselang=en","/wiki/Help:Contents","/wiki/Wikipedia:About","/wiki/Wikipedia:Community_portal","/wiki/Special:RecentChanges","/wiki/Wikipedia:Contact_us","/wiki/Special:WhatLinksHere/Physical_exercise","/wiki/Special:RecentChangesLinked/Physical_exercise","/wiki/Wikipedia:File_Upload_Wizard","/wiki/Special:SpecialPages","/w/index.php?title=Physical_exercise&oldid=543857201","/w/index.php?title=Physical_exercise&action=info","/w/index.php?title=Special:Cite&page=Physical_exercise&id=543857201","/w/index.php?title=Special:Book&bookcmd=book_creator&referer=Physical+exercise","/w/index.php?title=Special:Book&bookcmd=render_article&arttitle=Physical+exercise&oldid=543857201&writer=rl","/w/index.php?title=Physical_exercise&printable=yes","//ang.wikipedia.org/wiki/%C8%9Cear%C6%BFung_(indryhtu)","//ar.wikipedia.org/wiki/%D8%AA%D9%85%D8%A7%D8%B1%D9%8A%D9%86_%D8%B1%D9%8A%D8%A7%D8%B6%D9%8A%D8%A9","//ca.wikipedia.org/wiki/Activitat_f%C3%ADsica","//cy.wikipedia.org/wiki/Ymarfer_corfforol","//da.wikipedia.org/wiki/Motion","//de.wikipedia.org/wiki/Training_(Sport)","//es.wikipedia.org/wiki/Ejercicio_f%C3%ADsico","//eo.wikipedia.org/wiki/Korpekzercado","//fa.wikipedia.org/wiki/%D9%81%D8%B9%D8%A7%D9%84%DB%8C%D8%AA_%D8%A8%D8%AF%D9%86%DB%8C","//fr.wikipedia.org/wiki/Exercice_physique","//gl.wikipedia.org/wiki/Exercicio_f%C3%ADsico","//gu.wikipedia.org/wiki/%E0%AA%B5%E0%AB%8D%E0%AA%AF%E0%AA%BE%E0%AA%AF%E0%AA%BE%E0%AA%AE","//hi.wikipedia.org/wiki/%E0%A4%B5%E0%A5%8D%E0%A4%AF%E0%A4%BE%E0%A4%AF%E0%A4%BE%E0%A4%AE","//id.wikipedia.org/wiki/Latihan_fisik","//he.wikipedia.org/wiki/%D7%A4%D7%A2%D7%99%D7%9C%D7%95%D7%AA_%D7%92%D7%95%D7%A4%D7%A0%D7%99%D7%AA","//ml.wikipedia.org/wiki/%E0%B4%B6%E0%B4%BE%E0%B4%B0%E0%B5%80%E0%B4%B0%E0%B4%BF%E0%B4%95_%E0%B4%B5%E0%B5%8D%E0%B4%AF%E0%B4%BE%E0%B4%AF%E0%B4%BE%E0%B4%AE%E0%B4%82","//mr.wikipedia.org/wiki/%E0%A4%B5%E0%A5%8D%E0%A4%AF%E0%A4%BE%E0%A4%AF%E0%A4%BE%E0%A4%AE","//new.wikipedia.org/wiki/%E0%A4%85%E0%A4%AD%E0%A5%8D%E0%A4%AF%E0%A4%BE%E0%A4%B8","//ja.wikipedia.org/wiki/%E3%83%95%E3%82%A3%E3%82%B8%E3%82%AB%E3%83%AB%E3%83%88%E3%83%AC%E3%83%BC%E3%83%8B%E3%83%B3%E3%82%B0","//no.wikipedia.org/wiki/Fysisk_aktivitet","//pt.wikipedia.org/wiki/Exerc%C3%ADcio_f%C3%ADsico","//ro.wikipedia.org/wiki/Exerci%C8%9Biu_fizic","//ru.wikipedia.org/wiki/%D0%A4%D0%B8%D0%B7%D0%B8%D1%87%D0%B5%D1%81%D0%BA%D0%B8%D0%B5_%D1%83%D0%BF%D1%80%D0%B0%D0%B6%D0%BD%D0%B5%D0%BD%D0%B8%D1%8F","//si.wikipedia.org/wiki/%E0%B7%81%E0%B7%8F%E0%B6%BB%E0%B7%93%E0%B6%BB%E0%B7%92%E0%B6%9A_%E0%B7%80%E0%B7%8A%E2%80%8D%E0%B6%BA%E0%B7%8F%E0%B6%BA%E0%B7%8F%E0%B6%B8","//simple.wikipedia.org/wiki/Exercise","//sk.wikipedia.org/wiki/Telesn%C3%A9_cvi%C4%8Denie","//sl.wikipedia.org/wiki/Telovadba","//fi.wikipedia.org/wiki/Kuntoilu","//sv.wikipedia.org/wiki/Tr%C3%A4ning","//ta.wikipedia.org/wiki/%E0%AE%89%E0%AE%9F%E0%AE%B1%E0%AF%8D_%E0%AE%AA%E0%AE%AF%E0%AE%BF%E0%AE%B1%E0%AF%8D%E0%AE%9A%E0%AE%BF","//te.wikipedia.org/wiki/%E0%B0%B5%E0%B1%8D%E0%B0%AF%E0%B0%BE%E0%B0%AF%E0%B0%BE%E0%B0%AE%E0%B0%82","//th.wikipedia.org/wiki/%E0%B8%81%E0%B8%B2%E0%B8%A3%E0%B8%AD%E0%B8%AD%E0%B8%81%E0%B8%81%E0%B8%B3%E0%B8%A5%E0%B8%B1%E0%B8%87%E0%B8%81%E0%B8%B2%E0%B8%A2","//tr.wikipedia.org/wiki/Fiziksel_egzersiz","//vi.wikipedia.org/wiki/Th%E1%BB%83_d%E1%BB%A5c","//yi.wikipedia.org/wiki/%D7%90%D7%99%D7%91%D7%95%D7%A0%D7%92%D7%A2%D7%9F","//www.wikidata.org/wiki/Special:ItemByTitle/enwiki/Physical exercise","//en.wikipedia.org/wiki/Wikipedia:Text_of_Creative_Commons_Attribution-ShareAlike_3.0_Unported_License","//creativecommons.org/licenses/by-sa/3.0/","//wikimediafoundation.org/wiki/Terms_of_Use","//www.wikimediafoundation.org/","//wikimediafoundation.org/wiki/Privacy_policy","/wiki/Wikipedia:About","/wiki/Wikipedia:General_disclaimer","http://en.m.wikipedia.org/wiki/Physical_exercise","//wikimediafoundation.org/","//bits.wikimedia.org/images/wikimedia-button.png","//www.mediawiki.org/","//bits.wikimedia.org/static-1.21wmf11/skins/common/images/poweredby_mediawiki_88x31.png","//bits.wikimedia.org/en.wikipedia.org/load.php?debug=false&lang=en&modules=skins.vector&only=scripts&skin=vector&*","/w/index.php?title=MediaWiki:Gadget-ReferenceTooltips.js&action=raw&ctype=text/javascript&508635914","//bits.wikimedia.org/en.wikipedia.org/load.php?debug=false&lang=en&modules=site&only=scripts&skin=vector&*"],"instances":["emotion","mood","medicine","sports","running","nutrition","anatomy","ability"],"pdf":["http://www.nhlbi.nih.gov/health/public/heart/obesity/phy_active.pdf","http://www.nhlbi.nih.gov/health/public/heart/obesity/phy_active.pdf","http://library.crossfit.com/free/pdf/CFJ-trial.pdf","http://library.crossfit.com/free/pdf/CFJ-trial.pdf","http://web.archive.org/web/20070810081848/http://www.erin.utoronto.ca/~eparra/profile/PDF+files/Brutsaert+and+Parra,+2006.pdf","http://www.erin.utoronto.ca/~eparra/profile/PDF%20files/Brutsaert%20and%20Parra,%202006.pdf","http://web.archive.org/web/20070810081848/http://www.erin.utoronto.ca/~eparra/profile/PDF+files/Brutsaert+and+Parra,+2006.pdf","http://www.psychologicalscience.org/journals/pspi/pdf/PSPI_9_1%20main_text.pdf","http://www.psychologicalscience.org/journals/pspi/pdf/PSPI_9_1%20main_text.pdf","http://web.archive.org/web/20070616225929/http://www.kch.uiuc.edu/labs/exercise-psychology/Library/pubs/McAuley_Brain_Behavior_Immunity_2004.pdf","http://www.kch.uiuc.edu/labs/exercise-psychology/Library/pubs/McAuley_Brain_Behavior_Immunity_2004.pdf","http://web.archive.org/web/20070616225929/http://www.kch.uiuc.edu/labs/exercise-psychology/Library/pubs/McAuley_Brain_Behavior_Immunity_2004.pdf","http://www.esf.edu/for/schuster/FOR%20475/exercise%20with%20another.pdf","http://www.esf.edu/for/schuster/FOR%20475/exercise%20with%20another.pdf","http://www.svl.ch/Sport+Schlaf/3.pdf","http://www.svl.ch/Sport+Schlaf/3.pdf"],"categories":["Physical exercise|","Self care"],"headings":["Classification","Health effects","Public health measures","Metabolic equivalent of task","Exercise trends","Nutrition and recovery","History","In other animals","See also","References","Sources","External links"],"image":["//upload.wikimedia.org/wikipedia/commons/thumb/f/fc/Padlock-silver.svg/20px-Padlock-silver.svg.png","//upload.wikimedia.org/wikipedia/commons/thumb/1/1c/Soldier_running_in_water.jpg/200px-Soldier_running_in_water.jpg","//bits.wikimedia.org/static-1.21wmf11/skins/common/images/magnify-clip.png","//upload.wikimedia.org/wikipedia/commons/thumb/6/6b/Stride-q210c.jpg/200px-Stride-q210c.jpg","//bits.wikimedia.org/static-1.21wmf11/skins/common/images/magnify-clip.png","//upload.wikimedia.org/wikipedia/commons/thumb/2/28/US_Navy_010924-N-0063S-501_USS_Bataan_%28LHD_5%29.jpg/200px-US_Navy_010924-N-0063S-501_USS_Bataan_%28LHD_5%29.jpg","//bits.wikimedia.org/static-1.21wmf11/skins/common/images/magnify-clip.png","//upload.wikimedia.org/wikipedia/commons/thumb/7/75/Daniel_Tani_iss016e027910.jpg/200px-Daniel_Tani_iss016e027910.jpg","//bits.wikimedia.org/static-1.21wmf11/skins/common/images/magnify-clip.png","//upload.wikimedia.org/wikipedia/commons/thumb/d/d8/Nuvola_apps_package_favorite.svg/28px-Nuvola_apps_package_favorite.svg.png","//upload.wikimedia.org/wikipedia/commons/thumb/e/e3/Rod_of_Asclepius2.svg/8px-Rod_of_Asclepius2.svg.png","//upload.wikimedia.org/wikipedia/commons/thumb/4/42/Social_sciences.svg/32px-Social_sciences.svg.png","//upload.wikimedia.org/wikipedia/en/thumb/3/34/Sports_and_games.png/31px-Sports_and_games.png","//upload.wikimedia.org/wikipedia/en/thumb/4/4a/Commons-logo.svg/30px-Commons-logo.svg.png","//upload.wikimedia.org/wikipedia/commons/thumb/d/d6/Wikiquote-logo-en.svg/40px-Wikiquote-logo-en.svg.png","//upload.wikimedia.org/wikipedia/commons/thumb/f/f8/Wiktionary-logo-en.svg/37px-Wiktionary-logo-en.svg.png","//bits.wikimedia.org/static-1.21wmf11/skins/vector/images/search-ltr.png?303-4","//bits.wikimedia.org/images/wikimedia-button.png","//bits.wikimedia.org/static-1.21wmf11/skins/common/images/poweredby_mediawiki_88x31.png"],"tags":[["flexibility","anatomy"],["rowing","sports"],["sprint","running"],["systole","medicine"],["flexibility","anatomy"],["balance","ability"],["euphoria","emotion"],["depression","mood"],["macronutrient","nutrition"]],"members":["euphoria","depression","systole","rowing","sprint","macronutrient","flexibility","balance"],"related":["Catoctin_Mountain","Physical_fitness","Health","Muscle","Cardiovascular_system","Sport","Weight_loss","Immune_system","Diseases_of_affluence","Heart_disease","Cardiovascular_disease","Type_2_diabetes","Obesity","Childhood_obesity","Flexibility_(anatomy)","Stretching","Muscle","Joint","Aerobic_exercise","Cycling","Human_swimming","Walking","Skipping_rope","Rowing_(sports)","Long_slow_distance","Hiking","Tennis","Cardiovascular","Anaerobic_exercise","Weight_training","Functional_training","Eccentric_Training","Sprint_(running)","High-intensity_interval_training","Strength_training","Sport_agility","Eccentric_training","Interval_training","Continuous_training","Diastole","Systole_(medicine)","Endurance","Endurance","Physical_strength","Flexibility_(anatomy)","Human_power","Speed","Motor_coordination","Agility","Balance_(ability)","Accuracy","Metabolic_equivalent_of_task","Physical_fitness","Cortisol","High_blood_pressure","Obesity","Heart_disease","Type_2_diabetes","Insomnia","Clinical_depression","VO2_max","Cardiac_hypertrophy","VO2_max","Expedition_16","Unity_node","International_Space_Station","Microgravity","Opioid_peptides","Endorphin","Opioid","Neurotransmitter","Euphoria_(emotion)","Anandamide","Runner's_high","Overtraining","Ventricular_hypertrophy","Aerobic_exercise","Immune_system","Epidemiology","Immune_system","J_curve","Upper_respiratory_tract_infection","Natural_killer_cell","Biomarker","Inflammation","C-reactive_protein","Hippocampus","Synaptic_plasticity","Neurogenesis","Dementia","Neurogenesis","Synaptic_plasticity","Cognition","Dopamine","Glutamate","Norepinephrine","Serotonin","Depression_(mood)","Overweight","Endorphins","Antidepressant","Runner's_high","Anandamide","Stroke","Circulatory_system","Running","Cycling","Rhabdomyolysis","Overtraining","Marathons","Amenorrhea","Bogotá","Colombia","Pedestrian_zone","Metabolic_equivalent_of_task","Recreational_pursuits","Nutrition","Macronutrient_(nutrition)","Micronutrient","Marcus_Cicero","Jerry_Morris","Active_living","Behavioural_change_theories","Central_governor","Exercise_hypertension","Exercise_induced_nausea","Exercise_intensity","Exercise_intolerance","Exercise-induced_anaphylaxis","Exercise-induced_asthma","Exergaming","Girls_on_the_Run","Green_exercise","Health_club","Kinesiology","Metabolic_equivalent","Outdoor_gym","Pyri","Supercompensation"]}