{"cursor":"1633","size":15,"audio":[],"currentlang":"en","article":"{{Infobox Airport\n| name = Coromandel Aerodrome nativename = nativename-a = nativename-r = image =\n| image-width = caption = IATA = CMV ICAO = NZCX type = Private owner = operator\n| = Coromandel Flying Club city-served = location = Coromandel, New Zealand elevation-\n| f = 13 elevation-m = 4 coordinates = website = metric-elev = metric-rwy = r1-\n| number = 12/30 r1-length-f = 2,043 r1-length-m = 623 r1-surface = Grass stat-\n| year = stat1-header = stat1-data = stat2-header = stat2-data = footnotes =\n}}\n\n'Coromandel Aerodrome' is a small aerodrome\nlocated 2 Nautical Miles (3.7 km) south of Coromandel Township on the Coromandel\nPeninsula of the North Island of New Zealand.\n","linknr":210,"url":"Coromandel_Aerodrome","recorded":1364142214,"links":["/w/index.php?title=Coromandel_Aerodrome&action=edit","/w/index.php?title=Coromandel_Aerodrome&action=edit","//en.wikipedia.org/apple-touch-icon.png","//bits.wikimedia.org/favicon/wikipedia.ico","/w/opensearch_desc.php","//en.wikipedia.org/w/api.php?action=rsd","//creativecommons.org/licenses/by-sa/3.0/","/w/index.php?title=Special:RecentChanges&feed=atom","//bits.wikimedia.org/en.wikipedia.org/load.php?debug=false&lang=en&modules=ext.gadget.DRN-wizard%2CReferenceTooltips%2Ccharinsert%2Cteahouse%7Cext.wikihiero%7Cmediawiki.legacy.commonPrint%2Cshared%7Cmw.PopUpMediaTransform%7Cskins.vector&only=styles&skin=vector&*","//bits.wikimedia.org/en.wikipedia.org/load.php?debug=false&lang=en&modules=site&only=styles&skin=vector&*","//bits.wikimedia.org/en.wikipedia.org/load.php?debug=false&lang=en&modules=startup&only=scripts&skin=vector&*","//bits.wikimedia.org/geoiplookup","//meta.wikimedia.org","#mw-head","#p-search","/wiki/International_Air_Transport_Association_airport_code","/wiki/International_Civil_Aviation_Organization_airport_code","/wiki/Above_mean_sea_level","/wiki/Geographic_coordinate_system","http://toolserver.org/~geohack/geohack.php?pagename=Coromandel_Aerodrome&params=36_47_30_S_175_30_31_E_type:airport","/wiki/Geographic_coordinate_system","http://toolserver.org/~geohack/geohack.php?pagename=Coromandel_Aerodrome&params=36_47_30_S_175_30_31_E_type:airport","/wiki/Runway","/wiki/Runway#Orientation_and_dimensions","/wiki/Grass","/wiki/International_Air_Transport_Association_airport_code","/wiki/International_Civil_Aviation_Organization_airport_code","/wiki/Coromandel,_New_Zealand","/wiki/Coromandel_Peninsula","/wiki/North_Island","/wiki/New_Zealand","/w/index.php?title=Coromandel_Aerodrome&action=edit&section=1","/wiki/Microsoft_Flight_Simulator_X","/w/index.php?title=Coromandel_Aerodrome&action=edit&section=2","http://www.aip.net.nz/pdf/NZCX.pdf","/wiki/Template:Airports_in_New_Zealand","/wiki/Template_talk:Airports_in_New_Zealand","//en.wikipedia.org/w/index.php?title=Template:Airports_in_New_Zealand&action=edit","/wiki/List_of_airports_in_New_Zealand","/wiki/Auckland_Airport","/wiki/Christchurch_International_Airport","/wiki/Dunedin_International_Airport","/wiki/Queenstown_Airport","/wiki/Rotorua_International_Airport","/wiki/Wellington_International_Airport","/wiki/File:Civil_Air_Ensign_of_New_Zealand.svg","//upload.wikimedia.org/wikipedia/commons/thumb/3/3c/Civil_Air_Ensign_of_New_Zealand.svg/75px-Civil_Air_Ensign_of_New_Zealand.svg.png","/wiki/Woodbourne_Airport","/wiki/Chatham_Islands_/_Tuuta_Airport","/wiki/Gisborne_Airport","/wiki/Great_Barrier_Aerodrome","/wiki/Hamilton_International_Airport","/wiki/Hawke%27s_Bay_Airport","/wiki/Hokitika_Airport","/wiki/Invercargill_Airport","/wiki/Kaitaia_Airport","/wiki/Kapiti_Coast_Airport","/wiki/Kerikeri_Airport","/wiki/Hood_Aerodrome","/wiki/Mount_Cook_Aerodrome","/wiki/Nelson_Airport,_New_Zealand","/wiki/New_Plymouth_Airport","/wiki/North_Shore_Aerodrome","/wiki/Oamaru_Airport","/wiki/Palmerston_North_International_Airport","/wiki/Picton_Airport,_New_Zealand","/wiki/Ryan%27s_Creek_Aerodrome","/wiki/Takaka_Aerodrome","/wiki/Taupo_Airport","/wiki/Tauranga_Airport","/wiki/Richard_Pearse_Airport","/wiki/Waiheke_Island_Aerodrome","/wiki/Wairoa_Aerodrome","/wiki/Wanaka_Airport","/wiki/Wanganui_Airport","/wiki/Westport_Airport_(New_Zealand)","/wiki/Whakatane_Airport","/wiki/Whangarei_Airport","/wiki/Whitianga_aerodrome","/wiki/Alexandra_Airport","/wiki/Ashburton_Airport","/wiki/Ardmore_Airport_(New_Zealand)","/wiki/Fox_Glacier_Airport","/w/index.php?title=Foxpine_Airport_(Foxton)&action=edit&redlink=1","/w/index.php?title=Glenorchy_Airport&action=edit&redlink=1","/wiki/Greymouth_Airport","/wiki/Kaikoura_Airport","/wiki/Manapouri_Aerodrome","/w/index.php?title=Waharoa_Airport&action=edit&redlink=1","/wiki/Milford_Sound_Airport","/w/index.php?title=Opotiki_Airport&action=edit&redlink=1","/wiki/Parakai_Aerodrome","/wiki/Pauanui_Aerodrome","/wiki/Rangiora_Airport","/wiki/Thames_Aerodrome","/w/index.php?title=Tokoroa_Aerodrome&action=edit&redlink=1","/wiki/Balclutha_Aerodrome","/wiki/Cromwell_Racecourse_Aerodrome","/wiki/Dannevirke_Aerodrome","/wiki/Dargaville_Aerodrome","/wiki/Feilding_Aerodrome","/wiki/Forest_Field_Aerodrome","/w/index.php?title=Franz_Josef_Aerodrome&action=edit&redlink=1","/wiki/Galatea_Aerodrome","/wiki/Glentanner_Aerodrome","/wiki/Gore_Aerodrome","/wiki/Haast_Aerodrome","/w/index.php?title=Hanmer_Springs_Aerodrome&action=edit&redlink=1","/wiki/Hastings_Aerodrome","/w/index.php?title=Jacks_Point_(Queenstown)_Aerodrome&action=edit&redlink=1","/wiki/Kaikohe_Aerodrome","/w/index.php?title=Karamea_Aerodrome&action=edit&redlink=1","/w/index.php?title=Five_Rivers_Aerodrome&action=edit&redlink=1","/wiki/Mandeville_Aerodrome","/w/index.php?title=Martinborough_aerodrome&action=edit&redlink=1","/w/index.php?title=Motueka_(aerodrome)&action=edit&redlink=1","/w/index.php?title=Okiwi_Airport_(Great_Barrier_Island)&action=edit&redlink=1","/w/index.php?title=Omaka_Aerodrome_(Blenhiem)&action=edit&redlink=1","/w/index.php?title=Omarama_(aerodrome)&action=edit&redlink=1","/w/index.php?title=Roxburgh_Aerodrome&action=edit&redlink=1","/w/index.php?title=Taieri_Aerodrome&action=edit&redlink=1","/w/index.php?title=Tauramunui_Aerodrome&action=edit&redlink=1","/w/index.php?title=Te_Awamutu_Aerodrome&action=edit&redlink=1","/wiki/Tekapo_Aerodrome","/w/index.php?title=Te_Kowhai_Airpark&action=edit&redlink=1","/w/index.php?title=Te_Kuiti_Aerodrome&action=edit&redlink=1","/w/index.php?title=Tongariro_Aerodrome&action=edit&redlink=1","/w/index.php?title=Turangi_Aerodrome&action=edit&redlink=1","/w/index.php?title=Twizel/Pukaki_(aerodrome)&action=edit&redlink=1","/w/index.php?title=Waimate_Aerodrome&action=edit&redlink=1","/w/index.php?title=Waipukurau_Aerodrome&action=edit&redlink=1","/wiki/West_Melton_Aerodrome","/wiki/RNZAF_Base_Ohakea","/wiki/Waiouru_Army_Camp","/wiki/RNZAF_Base_Auckland","/wiki/RNZAF_Base_Woodbourne","/wiki/Bell_Block_(aerodrome)","/wiki/Dawson_Farm_(aerodrome)","/wiki/Evans_Bay_(New_Zealand)","/w/index.php?title=RNZAF_Base_Hobsonville&action=edit&redlink=1","/wiki/Walsh_Brothers_Flying_School","/wiki/Mangere_Aerodrome","/wiki/Mechanics_Bay","/wiki/Mt_Iron_Aerodrome","/w/index.php?title=RNZAF_Base_Norwood&action=edit&redlink=1","/wiki/Ocean_Beach_(Bluff_Harbour)","/wiki/Rongotai_Aerodrome","/wiki/Seagrove_(aerodrome)","/wiki/Shelly_Bay","/wiki/Te_Anau_(aerodrome)","/wiki/RNZAF_Base_Te_Pirita","/w/index.php?title=Waihi_Beach_(aerodrome)&action=edit&redlink=1","/w/index.php?title=Waimakariri_(airfield)&action=edit&redlink=1","/wiki/RNZAF_Station_Waipapakauri","/wiki/Wigram_Aerodrome","/w/index.php?title=Whataroa_Airport&action=edit&redlink=1","/wiki/List_of_airports_in_New_Zealand","http://en.wikipedia.org/w/index.php?title=Coromandel_Aerodrome&oldid=544249654","/wiki/Help:Categories","/wiki/Category:Airports_in_New_Zealand","/w/index.php?title=Special:UserLogin&returnto=Coromandel+Aerodrome&type=signup","/w/index.php?title=Special:UserLogin&returnto=Coromandel+Aerodrome","/wiki/Coromandel_Aerodrome","/wiki/Talk:Coromandel_Aerodrome","#","/wiki/Coromandel_Aerodrome","/w/index.php?title=Coromandel_Aerodrome&action=edit","/w/index.php?title=Coromandel_Aerodrome&action=history","#","/w/index.php","//bits.wikimedia.org/static-1.21wmf11/skins/vector/images/search-ltr.png?303-4","/wiki/Main_Page","/wiki/Main_Page","/wiki/Portal:Contents","/wiki/Portal:Featured_content","/wiki/Portal:Current_events","/wiki/Special:Random","//donate.wikimedia.org/wiki/Special:FundraiserRedirector?utm_source=donate&utm_medium=sidebar&utm_campaign=C13_en.wikipedia.org&uselang=en","/wiki/Help:Contents","/wiki/Wikipedia:About","/wiki/Wikipedia:Community_portal","/wiki/Special:RecentChanges","/wiki/Wikipedia:Contact_us","/wiki/Special:WhatLinksHere/Coromandel_Aerodrome","/wiki/Special:RecentChangesLinked/Coromandel_Aerodrome","/wiki/Wikipedia:File_Upload_Wizard","/wiki/Special:SpecialPages","/w/index.php?title=Coromandel_Aerodrome&oldid=544249654","/w/index.php?title=Coromandel_Aerodrome&action=info","/w/index.php?title=Special:Cite&page=Coromandel_Aerodrome&id=544249654","/w/index.php?title=Special:Book&bookcmd=book_creator&referer=Coromandel+Aerodrome","/w/index.php?title=Special:Book&bookcmd=render_article&arttitle=Coromandel+Aerodrome&oldid=544249654&writer=rl","/w/index.php?title=Coromandel_Aerodrome&printable=yes","//fa.wikipedia.org/wiki/%D9%81%D8%B1%D9%88%D8%AF%DA%AF%D8%A7%D9%87_%DA%A9%D9%88%D8%B1%D9%88%D9%85%D9%86%D8%AF%D9%84","//www.wikidata.org/wiki/Special:ItemByTitle/enwiki/Coromandel Aerodrome","//en.wikipedia.org/wiki/Wikipedia:Text_of_Creative_Commons_Attribution-ShareAlike_3.0_Unported_License","//creativecommons.org/licenses/by-sa/3.0/","//wikimediafoundation.org/wiki/Terms_of_Use","//www.wikimediafoundation.org/","//en.wikipedia.org/wiki/Wikipedia:Contact_us","//wikimediafoundation.org/wiki/Privacy_policy","/wiki/Wikipedia:About","/wiki/Wikipedia:General_disclaimer","http://en.m.wikipedia.org/wiki/Coromandel_Aerodrome","//wikimediafoundation.org/","//bits.wikimedia.org/images/wikimedia-button.png","//www.mediawiki.org/","//bits.wikimedia.org/static-1.21wmf11/skins/common/images/poweredby_mediawiki_88x31.png","//bits.wikimedia.org/en.wikipedia.org/load.php?debug=false&lang=en&modules=skins.vector&only=scripts&skin=vector&*","/w/index.php?title=MediaWiki:Gadget-ReferenceTooltips.js&action=raw&ctype=text/javascript&508635914","//bits.wikimedia.org/en.wikipedia.org/load.php?debug=false&lang=en&modules=site&only=scripts&skin=vector&*"],"instances":[],"pdf":["http://www.aip.net.nz/pdf/NZCX.pdf"],"categories":["Airports in New Zealand"],"headings":["Operational Information","References"],"image":["//upload.wikimedia.org/wikipedia/commons/thumb/3/3c/Civil_Air_Ensign_of_New_Zealand.svg/75px-Civil_Air_Ensign_of_New_Zealand.svg.png","//bits.wikimedia.org/static-1.21wmf11/skins/vector/images/search-ltr.png?303-4","//bits.wikimedia.org/images/wikimedia-button.png","//bits.wikimedia.org/static-1.21wmf11/skins/common/images/poweredby_mediawiki_88x31.png"],"tags":[],"members":[],"related":["Grass","Coromandel,_New_Zealand","Coromandel_Peninsula","North_Island","New_Zealand","Microsoft_Flight_Simulator_X"]}